Date,Forecast_GARCH_h1,Forecast_EGARCH_h1,Forecast_GARCH_h5,Forecast_EGARCH_h5,Forecast_GARCH_h21,Forecast_EGARCH_h21,RealizedVolatility_YZ,RealizedVolatility_20d,Error_GARCH_h1,Error_EGARCH_h1
2016-07-01,1.526445108390536,1.2611533551426892,1.3732575212631293,1.1375943671199005,1.08458917618724,0.9324839185916652,1.2835579446524568,1.2344301458717504,0.24288716373807917,-0.022404589509767536
2016-07-05,1.31902924676614,1.1601148834028479,1.2220094254309273,1.0704400484420868,1.0485855061618954,0.9166284733226747,1.2804024001701357,1.239338160939559,0.03862684659600424,-0.12028751676728788
2016-07-06,1.1982248069782717,1.2458674521615722,1.1362475791274906,1.1275312182395885,1.0295434428464416,0.9301515573155421,1.2880289640107883,1.2470105891032577,-0.08980415703251654,-0.042161511849216016
2016-07-07,1.0809272384193418,1.1048938801421926,1.055109549324685,1.033069861741899,1.0125072581386123,0.9074936449942534,1.2941798303093885,1.2443351563624216,-0.21325259189004675,-0.18928595016719596
2016-07-08,0.9592184909126175,1.0589564415321617,0.973711391665102,1.0015946323504181,0.9964232373842796,0.8996138361037859,1.3107187422646933,1.289394518471172,-0.35150025135207585,-0.2517623007325316
2016-07-11,1.0764774667081582,0.8521074195848292,1.0520795596411572,0.8549118452833603,1.0118901658365949,0.8603454463511911,1.3103551477973336,1.2694320409505186,-0.2338776810891754,-0.4582477282125045
2016-07-12,0.9648313399376496,0.7838773307230638,0.9773926353026001,0.8044726865948052,0.9971281719222452,0.8457248661726414,1.3079220876922313,1.2590031475326433,-0.3430907477545817,-0.5240447569691675
2016-07-13,0.9193103460417591,0.6827159099680411,0.9477624142289686,0.7274241715580899,0.9915158211857832,0.8220636582500427,1.3016663403055562,1.256787511282298,-0.38235599426379707,-0.6189504303375151
2016-07-14,0.8315813977077066,0.6732770298933914,0.8922412135705461,0.7200825356560874,0.9813843231172346,0.8197166509637309,1.3039076607330984,1.256864606669145,-0.4723262630253918,-0.6306306308397069
2016-07-15,0.797967390403914,0.5999905148607352,0.8715870952978939,0.6620867066263327,0.977746003208313,0.8005441410334165,1.300953965742258,1.2592290921276572,-0.502986575338344,-0.7009634508815228
2016-07-18,0.7420476186435773,0.6231172583978427,0.8380865058724939,0.6805857835283836,0.9719983676754435,0.80678629020259,1.2796903094967753,1.2519634076212562,-0.537642690853198,-0.6565730510989326
2016-07-19,0.703277613902707,0.5856310622410659,0.815549467829411,0.6505032875516646,0.9682401418622375,0.7965715108911036,1.2775593021747804,1.2502488053202696,-0.5742816882720734,-0.6919282399337146
2016-07-20,0.6698699289401331,0.6030026774769173,0.7966248597132323,0.6645069526471865,0.9651525487331218,0.8013678701326953,1.2488808307840373,1.2510790458821879,-0.5790109018439042,-0.6458781533071201
2016-07-21,0.6639756044826015,0.5508426392661152,0.7933361282048565,0.6221147510176354,0.9646223856679812,0.786615914113933,1.2495115111505628,1.2553162196193983,-0.5855359066679613,-0.6986688718844476
2016-07-22,0.6648456794445786,0.6337655667771773,0.7938206114246602,0.6890404934048956,0.9647003677656395,0.8095986456654939,1.245723503852854,1.230252446386025,-0.5808778244082754,-0.6119579370756767
2016-07-25,0.6642268490822307,0.5756078499577235,0.793475993773316,0.642372118151097,0.9646448940961263,0.7937524081322206,1.2323354094462513,0.8543185034931021,-0.5681085603640206,-0.6567275594885278
2016-07-26,0.6532021053134157,0.6313789531090013,0.7873654097910614,0.6871489062241128,0.9636647374461778,0.8089715935090911,0.6816336763945265,0.6976463704555567,-0.02843157108111083,-0.05025472328552527
2016-07-27,0.6300956478429487,0.6187091007678964,0.774740577582209,0.6770742722662773,0.9616605735534355,0.8056108524217346,0.6511901942522291,0.6259781663992454,-0.021094546409280435,-0.0324810934843327
2016-07-28,0.6167963024395932,0.6341984883155415,0.7675897385513054,0.6893834119578556,0.9605379415939255,0.8097121891258063,0.6008488350680364,0.5371799902769746,0.015947467371556723,0.03334965324750505
2016-07-29,0.6047239583436363,0.6132278013918193,0.761174288382304,0.6726984168232153,0.9595385163608968,0.8041399424632633,0.5611085634806708,0.4685260873858302,0.043615394862965506,0.052119237911148475
2016-08-01,0.5719598282036998,0.5834575817166533,0.7385321785158571,0.6454035103767168,0.9351966338139217,0.7741563505025046,0.5369156789574369,0.47207615917967594,0.03504414924626298,0.046541902759216436
2016-08-02,0.5681784415074953,0.6006990466899275,0.7366436619327846,0.6588030558130956,0.934936907537857,0.7781098095990485,0.552948074545966,0.46452574977133276,0.015230366961529351,0.04775097214396151
2016-08-03,0.6498298602795235,0.7483813551712284,0.7790431383800903,0.7693379449039965,0.9409099622629845,0.8086096407619466,0.5423224900595629,0.45456403211976515,0.1075073702199606,0.2060588651116655
2016-08-04,0.6291651720230096,0.6958837634866349,0.7680036167437223,0.7308523547733595,0.9393262904518977,0.7983882596049477,0.5539102307946884,0.4519218848071274,0.07525494122832121,0.14197353269194657
2016-08-05,0.6049250633742033,0.671543866635328,0.755314044594363,0.7127206175749327,0.9375306052211669,0.7934318279177128,0.5400230437541437,0.36646694474241487,0.06490201962005959,0.13152082288118427
2016-08-08,0.6879736525544444,0.5658196962621121,0.7999264046660883,0.6315746766031468,0.9439600665219239,0.7700109604502535,0.4990339715241871,0.3647974530508717,0.18893968103025732,0.06678572473792505
2016-08-09,0.6483728518299388,0.5795913665879544,0.7782582861797523,0.6423828915860451,0.9407967137392031,0.7732566207141106,0.4923878069986645,0.3347711874103397,0.15598504483127423,0.08720355958928988
2016-08-10,0.6179667868370033,0.5717036136628141,0.7621056633058145,0.6362018328675738,0.938488385080991,0.7714055497103882,0.46611352868574185,0.3420305425797236,0.1518532581512615,0.10559008497707223
2016-08-11,0.6128848790492005,0.6264639646686245,0.759449218143407,0.6786178664289922,0.9381128587524651,0.7838466609946305,0.46400643318721974,0.3354799943029227,0.1488784458619808,0.1624575314814048
2016-08-12,0.6235999773707135,0.5648854997082258,0.7650649901099827,0.6308387173418678,0.9389080942074362,0.7697884402676336,0.4425043704867843,0.33421558650151856,0.18109560688392917,0.12238112922144145
2016-08-15,0.6039944351064487,0.5845921956451752,0.7548326397375525,0.6462888485237216,0.9374630041273021,0.7744194594732438,0.43157615921525844,0.33488550873916445,0.17241827589119024,0.15301603642991674
2016-08-16,0.5971497286842704,0.5475739308537276,0.7513053496608454,0.6171349951703392,0.9369688525372957,0.7656089499489626,0.43230844418442815,0.3576519702782166,0.16484128449984226,0.11526548666929948
2016-08-17,0.640388907214342,0.6697931640805362,0.7739748808154918,0.7114090599692954,0.9401804217353604,0.7930696420823622,0.43860814301326345,0.3486112901315017,0.2017807642010786,0.2311850210672728
2016-08-18,0.6156277100944803,0.6376951406927476,0.7608813948497672,0.6871799389782899,0.9383151730839872,0.7862866473252672,0.43617292376291317,0.337366054220625,0.17945478633156708,0.2015222169298344
2016-08-19,0.6003604765680578,0.6040147820580356,0.7529569988991831,0.6613668881237483,0.9371999826915435,0.7788593470393641,0.43382963754820164,0.3274064727107001,0.16653083901985616,0.17018514450983396
2016-08-22,0.5915997790635724,0.6331055033277843,0.7484627791306103,0.6836864427464068,0.936572121581719,0.7852938611902691,0.43443380584768704,0.3198049243091875,0.15716597321588538,0.19867169748009722
2016-08-23,0.5787695756871325,0.6294084843819572,0.7419524163299264,0.6808669570523072,0.9356685247374611,0.784489830203343,0.4346874953608002,0.3217521909506291,0.1440820803263323,0.19472098902115698
2016-08-24,0.5736167388994624,0.5993195146094903,0.7393620977585473,0.6577351310529771,0.9353109594536588,0.7777969540318858,0.4325845735406006,0.34426341408453937,0.14103216535886182,0.1667349410688897
2016-08-25,0.6248120256853494,0.7142059009167215,0.765703730334878,0.7443782133218961,0.9389988728506179,0.8020257490259655,0.4222761711323444,0.3443404539421229,0.20253585455300505,0.29192972978437715
2016-08-26,0.6039856384701475,0.7160306654400006,0.754828091396453,0.7457196714666228,0.9374623656105234,0.8023837883327539,0.45019507955166044,0.345741895200568,0.15379055891848709,0.26583558588834016
2016-08-29,0.5975136887139689,0.7430797636871124,0.7514923122547227,0.7654883261176074,0.9369949932811679,0.807604767330595,0.44501791842820854,0.36162297239605573,0.1524957702857604,0.29806184525890383
2016-08-30,0.6177319327942008,0.6672754722468974,0.7619826204248372,0.7095211332695228,0.9384709655818805,0.7925474094962578,0.44519224586065415,0.3289617414409223,0.17253968693354665,0.22208322638624328
2016-08-31,0.6049812585298266,0.6942817943621585,0.7553431276936432,0.7296647891123448,0.9375346904286737,0.7980664783759001,0.43000830177189414,0.3325032454231942,0.1749729567579325,0.2642734925902644
2016-09-01,0.5511179531084142,0.6439632951153976,0.6857363702235396,0.6809597489617896,0.9003401216081134,0.7629224728831869,0.4432546390962337,0.33201404255507033,0.10786331401218047,0.20070865601916393
2016-09-02,0.5309524911953828,0.6233064595025887,0.6737159957189245,0.6645704970261251,0.8974811580882893,0.7571499567250237,0.4149721462356716,0.2940704589419532,0.11598034495971121,0.2083343132669171
2016-09-06,0.5505431779064165,0.563986098996643,0.6853905210953469,0.6167177840824293,0.9002572852779707,0.7397142191913789,0.419605287401701,0.3009555096420209,0.1309378905047155,0.14438081159494198
2016-09-07,0.5440293525342382,0.5233249386671484,0.6814841793450702,0.583181557945234,0.8993240296832461,0.7269318125720919,0.4218483592188088,0.3009008842396455,0.12218099331542942,0.10147657944833954
2016-09-08,0.5260508990195508,0.5159844581273606,0.6708302630906972,0.5770582718452195,0.896800993153686,0.724543638749861,0.42197285022990677,0.30003293596875885,0.10407804878964405,0.09401160789745383
2016-09-09,0.5285408621208582,0.5590926146466144,0.6722943917727086,0.6127149467008398,0.8971457867185464,0.7382140724566616,0.46978669680367635,0.6097407684827374,0.058754165317181806,0.08930591784293807
2016-09-12,1.279079559145729,1.4146659928121839,1.2116068761940346,1.2260807456734724,1.060398411484878,0.9164364074246983,0.517937833293837,0.7014027248133797,0.7611417258518919,0.8967281595183468
2016-09-13,1.284382385844247,1.1754669145376857,1.2158006971982414,1.067601857438504,1.0619071633328958,0.8777335834018734,0.5544825800770267,0.7623050207292897,0.7298998057672202,0.620984334460659
2016-09-14,1.316224394904588,1.4300588766338178,1.24104224844398,1.2360358119792925,1.0710521694019928,0.9187497162704075,0.5725964158298648,0.7571965101339564,0.7436279790747232,0.857462460803953
2016-09-15,1.1359039677990135,1.317209183965953,1.0995680296558243,1.162399958489466,1.0212726801769765,0.9013240545285498,0.5903761344221155,0.7945340125424212,0.545527833376898,0.7268330495438375
2016-09-16,1.0863360525697756,1.1273641078227048,1.0613944689047796,1.0347845652292704,1.0084895304352426,0.8692315637114997,0.5883555696318086,0.7943334449131796,0.49798048293796704,0.5390085381908962
2016-09-19,0.970290924412221,1.1319400242777313,0.9735640056362508,1.0379214264798071,0.9802210622991521,0.8700521876138764,0.607488629080469,0.7947043511953543,0.362802295331752,0.5244513951972624
2016-09-20,0.855150666642976,1.0522573329748512,0.8890577718976552,0.982825051359192,0.9546329434716183,0.8553824376908972,0.6155561798212202,0.7947616228510974,0.23959448682175577,0.436701153153631
2016-09-21,0.7637544798505371,0.9843615032386911,0.8243886079721866,0.9350416782311587,0.9362002978905271,0.8421942611893258,0.6382398095169088,0.8379204586860719,0.1255146703336283,0.34612169372178225
2016-09-22,0.8592017389440821,0.8284749682291384,0.8919779930275219,0.8220192652129023,0.9554893901592543,0.8090396560310456,0.6470154502494488,0.8433772633616976,0.2121862886946333,0.1814595179796895
2016-09-23,0.8151636777037138,0.7322402986496325,0.860467721407426,0.7495683626175211,0.946356789474867,0.7860994361378278,0.6437243408498443,0.8525307497032657,0.17143933685386947,0.08851595779978816
2016-09-26,0.7844941531654177,0.8283871649981164,0.8388465752476131,0.8219541664292369,0.9402311914023098,0.8090196809596403,0.6494214341720067,0.8705211275513967,0.135072718993411,0.17896573082610967
2016-09-27,0.8168809285277647,0.9776290836259384,0.8616864640605228,0.9302589269660076,0.9467055218516733,0.840848893813522,0.6323400378140486,0.8751199513621224,0.18454089071371615,0.3452890458118898
2016-09-28,0.7823551296020897,0.8646002613455278,0.8373491803825789,0.8486578228822756,0.9398112714073154,0.8171237512751541,0.6459692829566119,0.8825385832514799,0.13638584664547782,0.21863097838891588
2016-09-29,0.7379639680925023,0.7758029882735515,0.8066052225242197,0.7826454740741596,0.9313151728033023,0.7967537520179935,0.6615179130519223,0.9036885607817873,0.07644605504058,0.11428507522162923
2016-09-30,0.8101019264026877,0.9587981595947037,0.8568802774658716,0.9168368457537642,0.9453323960375036,0.8370477144557096,0.6715371878472643,0.9207955759595058,0.1385647385554234,0.28726097174743936
2016-10-03,0.8112997580920096,0.8314656985470072,0.8598068970116447,0.8251492255628913,0.9248216578969738,0.8125846769946944,0.6646405434839328,0.9159783844244908,0.14665921460807685,0.1668251550630745
2016-10-04,0.7495542522134241,0.8467249442731726,0.8237831376552414,0.8363800479466936,0.9196648510769256,0.8159461628450815,0.6663742003758528,0.9183052310934445,0.08318005183757127,0.18035074389731975
2016-10-05,0.736788766754555,0.9209065571371177,0.816503759032892,0.8902599632603438,0.9186461984882507,0.8316508654516338,0.6671680538132779,0.9255109200900379,0.06962071294127703,0.25373850332383974
2016-10-06,0.7070586074990521,0.8320166928630781,0.799790706481716,0.8255556733779921,0.9163374584728611,0.8127068829533651,0.6696604562252604,0.9249277448267264,0.03739815127379176,0.16235623663781773
2016-10-07,0.6613911535335365,0.7894735027749563,0.7748147781517765,0.793965401858812,0.9129658382615549,0.8030813036526938,0.6809151005120115,0.7413993909398732,-0.019523946978475037,0.10855840226294478
2016-10-10,0.652156545843469,0.8324461709355121,0.7698730218652097,0.8258724353202865,0.9123099580754233,0.8128020942420026,0.656121917804466,0.6791385032227152,-0.0039653719609969995,0.17632425313104605
2016-10-11,0.6587162894687599,0.746067883356683,0.7733794761643749,0.7612809045135766,0.912774958192331,0.7928380647195022,0.6420090850429618,0.6598773031732016,0.016707204425798095,0.10405879831372111
2016-10-12,0.8659311507825123,1.0356575752970443,0.8927095389280733,0.9714697835526209,0.9296979801732502,0.8541189415440181,0.6139507919664066,0.6600480957458662,0.2519803588161057,0.4217067833306377
2016-10-13,0.7807777455772543,0.9630715872439158,0.8418361282718593,0.9203864921125029,0.9222251587984095,0.8401458184677548,0.6372542225469032,0.6245177784121655,0.1435235230303511,0.3258173646970126
2016-10-14,0.7351602968770357,0.9811739784740555,0.8155795122671005,0.9332161037057757,0.9185174288781803,0.8437048553154393,0.6339496116120071,0.6189056048644638,0.10121068526502852,0.3472243668620484
2016-10-17,0.6818857488687381,0.9231145914023412,0.7859150827613257,0.8918462438941112,0.9144526486556546,0.8321030975531835,0.6305279501246478,0.6235485686596692,0.0513577987440903,0.2925866412776934
2016-10-18,0.6669267261793854,0.950621864371819,0.7777950781038541,0.9115271497155263,0.9133631892147182,0.8376680023784253,0.6376928215672583,0.6402272354687768,0.02923390461212716,0.3129290428045607
2016-10-19,0.6858003168890304,0.8410437316802998,0.7880556622110082,0.8322047874159716,0.9147415164774394,0.814700152568253,0.6277595192523315,0.5886470263350227,0.05804079763669889,0.21328421242796824
2016-10-20,0.6539168993898267,0.778051321177767,0.7708121207961152,0.7854102064404231,0.912434310483209,0.8004288621299919,0.6112177237136555,0.5681181200823583,0.04269917567617121,0.16683359746411153
2016-10-21,0.631395016487917,0.7877520697146632,0.758903533062078,0.7926780946602404,0.9108674028445467,0.8026834616856183,0.6059495922466164,0.557545087219143,0.025445424241300585,0.18180247746804679
2016-10-24,0.606727311601107,0.7523190451373422,0.7461331787265185,0.766017521079294,0.9092112865015185,0.7943411973735743,0.6112000914038659,0.5362474876880425,-0.004472779802758842,0.14111895373347627
2016-10-25,0.6146619386922226,0.6834601259027724,0.7502089279889489,0.7132607811023703,0.9097371208372336,0.777219297482299,0.6046322515034668,0.5219723066612503,0.010029687188755854,0.07882787439930561
2016-10-26,0.6191403355906392,0.7368658074486039,0.7525228271282031,0.7542897452645012,0.9100367881826017,0.7906075520463094,0.6139890874608731,0.5079539048248768,0.005151248129766084,0.12287671998773075
2016-10-27,0.608115775984419,0.7541868298148685,0.7468441621181213,0.7674308123006758,0.9093028298853818,0.794788444639915,0.6023612343419983,0.4709187955820652,0.00575454164242073,0.15182559547287022
2016-10-28,0.6067221873745556,0.7841366308888038,0.7461305565484195,0.7899720750965823,0.9092109490246553,0.8018457014488031,0.597077522933858,0.43571311606576385,0.00964466444069767,0.18705910795494585
2016-10-31,0.6089644548882973,0.8170895589761811,0.7472792068341373,0.8145198843781414,0.909358882954766,0.8093738187911519,0.5789199930267824,0.4346313914409452,0.030044461861514882,0.23816956594939864
2016-11-01,0.5687080034673219,0.71658738929418,0.7092811923450014,0.7359711400536327,0.8819057796896254,0.7764372927398894,0.6126642394694025,0.4484947572265888,-0.04395623600208065,0.10392314982477746
2016-11-02,0.6539271228888794,0.856508060659167,0.75556512260156,0.8401437342884974,0.8887707173721499,0.8082631928206111,0.6109475409799663,0.444640574755714,0.042979581908913156,0.24556051967920067
2016-11-03,0.6812921524245689,0.9438154802869851,0.771138477007485,0.9029041937433788,0.89116560951137,0.8261279018875091,0.6095102003347564,0.44731691838371446,0.07178195208981242,0.3343052799522287
2016-11-04,0.6751204378299482,0.9840351824594732,0.7675983268174836,0.9313073337264943,0.8906174780566116,0.8339291511935771,0.6136829780039742,0.44545066754494383,0.06143745982597404,0.370352204455499
2016-11-07,0.6360990605675451,0.9416168823386775,0.7455958427370095,0.9013426502840801,0.8872599621088929,0.8256940773150669,0.6340565274134987,0.6740054000912892,0.0020425331540463443,0.30756035492517875
2016-11-08,1.1494358448555202,0.7277941300383712,1.0734722427551244,0.7444967109253108,0.9456021676694769,0.7791557187528959,0.6419214701361803,0.6203136035643844,0.5075143747193399,0.08587265990219095
2016-11-09,1.0174630733030245,0.6597741945305654,0.9829840556225743,0.6922055662646258,0.9277933360656586,0.7621258908042704,0.6842229858494207,0.6622938886642818,0.3332400874536039,-0.024448791318855245
2016-11-10,1.0089099986883134,0.5552297338427482,0.9772306312385093,0.6090139518285451,0.9267030069842719,0.7330815670259611,0.7146275768111991,0.6569536307974745,0.2942824218771143,-0.15939784296845094
2016-11-11,0.8939400272301817,0.5203913383346346,0.9014561473149761,0.5804163738881425,0.9128283035035752,0.7224601226826625,0.6895516799677484,0.6608663667091044,0.20438834726243338,-0.16916034163311378
2016-11-14,0.8075096383553356,0.5606441807846015,0.8467181083233358,0.6134163344020976,0.9033820119519854,0.7346856072030131,0.6854897213311112,0.6532807177079036,0.12201991702422443,-0.12484554054650965
2016-11-15,0.732624755910139,0.5387340634912526,0.8011761379136122,0.595532749773207,0.8959038560688929,0.7281187998725671,0.6861549433961756,0.6606177580762064,0.04646981251396343,-0.14742087990492292
2016-11-16,0.756098575491298,0.4659646206602323,0.8152441215382049,0.5347254540316254,0.8981763242935531,0.7047064603488294,0.6667955336115158,0.6626149944181112,0.08930304187978222,-0.20083091295128347
2016-11-17,0.7003886549143618,0.5014743242362745,0.7821916299903209,0.5646820868499208,0.8928910295263197,0.7164600234204828,0.6653988590690633,0.666072997335039,0.03498979584529849,-0.1639245348327888
2016-11-18,0.6874575338256671,0.4514303769697412,0.7746907868418282,0.5222957931563215,0.8917178178282534,0.6996948459319546,0.658942339870082,0.6703361608779441,0.028515193955585105,-0.2075119629003408
2016-11-21,0.6523341172942507,0.4970180255725149,0.754668537375781,0.5609534352552739,0.8886341324084794,0.7150211129472557,0.6548095997141493,0.6824715648329576,-0.002475482419898589,-0.15779157414163442
2016-11-22,0.6980146385882289,0.4298252919834203,0.7808095116616104,0.5036263773410146,0.8926741181401048,0.6920088647463377,0.6519968249657697,0.6740518625179047,0.04601781362245916,-0.22217153298234943
2016-11-23,0.6541094669561974,0.4101082689093888,0.755667822141973,0.4863762711425479,0.8887863715363049,0.6847287338792997,0.6524770235603287,0.6695076903016813,0.0016324433958687656,-0.24236875465093988
2016-11-25,0.6175181880153302,0.4032177285137124,0.7353610980314309,0.4802977697087829,0.8857272260421697,0.6821205693328217,0.6352880798116659,0.6632478581446407,-0.0177698917963357,-0.2320703512979535
2016-11-28,0.6107034028342904,0.3718229901827551,0.7316484451950109,0.4522540741944008,0.8851758142808765,0.6697804673248167,0.6338259303813657,0.6711127921730626,-0.023122527547075333,-0.2620029401986106
2016-11-29,0.6286004852668666,0.492074021590424,0.7414460031252176,0.5568066124260604,0.8866362562517158,0.713412981288039,0.6220975338658968,0.6697940921294959,0.006502951400969792,-0.13002351227547282
2016-11-30,0.6034542849371153,0.4672409153488804,0.7277239616842744,0.5358121270067626,0.8845956045733769,0.7051407323353153,0.6298174557395146,0.6428970944228491,-0.02636317080239936,-0.16257654039063424
2016-12-01,0.6012969446769602,0.5046547881400854,0.7302357223425989,0.5619379345289868,0.8788220013065071,0.6992674471028327,0.6000337559140696,0.6290831255940981,0.0012631887628905547,-0.09537896777398425
2016-12-02,0.6110657266003481,0.5823092919066878,0.7352500953662265,0.6253527043656336,0.879441464428547,0.7229479950848479,0.5905345034493444,0.6097968037819601,0.02053122315100364,-0.008225211542656652
2016-12-05,0.5887532703212583,0.5619399175155656,0.7238659991886195,0.6089373791689042,0.878040591781772,0.7169829098325861,0.5933616014511831,0.6080952319942209,-0.004608331129924759,-0.031421683935617506
2016-12-06,0.6254227614077807,0.4968967135334529,0.7427028958926444,0.5554716945210314,0.8803691810308394,0.6967511922033018,0.5868672366542739,0.4150803080176279,0.038555524753506876,-0.08997052312082099
2016-12-07,0.611407390414738,0.46107787473917344,0.7354263118231326,0.5252772724150726,0.8794633029089411,0.6847266785160877,0.5623969262545572,0.48067706536990173,0.049010464160180844,-0.10131905151538373
2016-12-08,0.8177771354244374,0.3520763236615645,0.8507969527694862,0.42941777177119295,0.89475144067539,0.6430736772976039,0.5466483029951089,0.44082320030542116,0.2711288324293285,-0.19457197933354442
2016-12-09,0.7460260680116202,0.33306022085210896,0.8088480555396289,0.4119698107847507,0.8889663421295647,0.6348186465297063,0.4567880476858421,0.449925549072588,0.2892380203257781,-0.12372782683373312
2016-12-12,0.7316135712445853,0.28560791425971516,0.8006380051264356,0.36728002949149796,0.8878640715519209,0.6125155842496691,0.40625565026582944,0.44457715561794703,0.3253579209787558,-0.12064773600611428
2016-12-13,0.6799982321806076,0.3199191010211715,0.7718891064863155,0.39976508619815726,0.8840825212964092,0.6289001229199396,0.3950598647107662,0.45386232562095546,0.2849383674698414,-0.07514076368959471
2016-12-14,0.6972115420280549,0.26837162821023886,0.7813590832676436,0.35059166979905554,0.88531467698371,0.6037077237088758,0.4150170043545298,0.4960564138738013,0.2821945376735251,-0.14664537614429096
2016-12-15,0.7613154636559272,0.5428123355213276,0.8176398280043091,0.5933852348455235,0.890157645054137,0.7112284673703215,0.42560767488815404,0.49128842653561206,0.33570778876777313,0.11720466063317353
2016-12-16,0.7175513464340472,0.4950196567133554,0.7927022435854799,0.5539033701266649,0.8868080320478586,0.6961378626199948,0.4263945888409183,0.4931710379581644,0.29115675759312887,0.0686250678724371
2016-12-19,0.6746065190560179,0.5317442727730265,0.7689480191238826,0.5843228673345521,0.8837025626386656,0.7078272778482888,0.4270624393169643,0.4846192060856022,0.24754407973905357,0.10468183345606219
2016-12-20,0.6391648801613496,0.5013891888255941,0.7499268640322256,0.5592191925439058,0.8812763966760653,0.6982119250412177,0.4262517728675652,0.46879932858843565,0.21291310729378443,0.07513741595802892
2016-12-21,0.6279232321351109,0.4593743594238256,0.7440108445134616,0.5238267699445476,0.8805328566507246,0.6841371836205643,0.4213082590607599,0.47928129733176417,0.206614973074351,0.03806610036306568
2016-12-22,0.6182790002420283,0.5195448649390817,0.7389822998301748,0.574278693873695,0.8799049979611987,0.7040149020800526,0.4174840083673746,0.48422766118783156,0.20079499187465372,0.1020608565717071
2016-12-23,0.601965078596095,0.5485722646758502,0.7305771938074944,0.5980828607285382,0.8788640651408776,0.7129774699962363,0.41181906908955246,0.48104652934658787,0.1901460095065426,0.13675319558629773
2016-12-27,0.5841152785331256,0.5228979583619917,0.7215308345546957,0.5770452948927693,0.8777556660741781,0.7050695472890066,0.4129192450050097,0.4607788411892999,0.1711960335281159,0.109978713356982
2016-12-28,0.5771049615337633,0.4907073660665295,0.7180221049533866,0.5502946396001063,0.8773291056158612,0.694722030040206,0.41770725149664034,0.5108356996595856,0.159397710037123,0.07300011456988914
2016-12-29,0.6895072820099523,0.6998384811630151,0.7771055711598338,0.7174196792481775,0.8847595986310101,0.7545462147013902,0.4158514269796289,0.5053197072438352,0.27365585503032336,0.28398705418338616
2016-12-30,0.6459369588273861,0.6772287000124166,0.753518540136553,0.7000327899432682,0.8817303717399351,0.7488022423800964,0.4204034917556503,0.5052131811399226,0.22553346707173583,0.25682520825676636
2017-01-03,0.6325267148998832,0.7180619412159628,0.7370097346560369,0.7322605958362725,0.8646364954913631,0.7618650664823207,0.44428600898987414,0.5248244734438289,0.18824070591000908,0.27377593222608865
2017-01-04,0.681850719529239,0.6379518160753852,0.7641594760955981,0.6704551308251797,0.868309977237592,0.7414013614112507,0.44230686713036227,0.5245606355430816,0.23954385239887677,0.19564494894502293
2017-01-05,0.6831891135343916,0.576952977126361,0.7649106125444503,0.6220616402493166,0.8684132731887977,0.7244478216157799,0.4385252172578379,0.5255832848686421,0.24466389627655372,0.13842775986852307
2017-01-06,0.641126431089266,0.5787114154640157,0.741666444057865,0.623474376246474,0.8652582232084162,0.7249554323114332,0.4463168569901902,0.4528206152010675,0.19480957409907584,0.13239455847382553
2017-01-09,0.6236236214555032,0.5387975367402854,0.7322244425828455,0.5911299831127317,0.8640012184255756,0.7131283424063787,0.4314126434471599,0.46049734172074047,0.1922109780083433,0.1073848932931255
2017-01-10,0.6186471205587106,0.5980760370824091,0.7295657248681011,0.6389606380677574,0.8636498449924271,0.7304683739081022,0.43401855945719764,0.44240141749802203,0.184628561101513,0.16405747762521145
2017-01-11,0.5919184273859164,0.5818521793411654,0.7154890968534603,0.625994962591434,0.8618084533045856,0.7258591339276782,0.4447946652411076,0.44454471210824087,0.14712376214480877,0.1370575141000578
2017-01-12,0.5820926467258153,0.546564145178662,0.7104031775535802,0.5974702155288291,0.8611510243829917,0.7154813500683876,0.46539255656524214,0.4243696810674198,0.11670009016057314,0.08117158861341989
2017-01-13,0.5809060467466779,0.5874894696293945,0.7097923025435962,0.6305104433684092,0.8610723417840885,0.7274717927095866,0.45769601739675747,0.378810199253178,0.12321002934992042,0.12979345223263705
2017-01-17,0.5704973747964047,0.5551611254191222,0.7044649511495613,0.6044616378994156,0.8603887288970868,0.7180561044946407,0.4356408801427589,0.37957152556640295,0.1348564946536458,0.11952024527636329
2017-01-18,0.5852036257817508,0.6175993796070758,0.7120081585821701,0.6544451344859035,0.8613580391282846,0.7358891012461355,0.4235559266320967,0.378708146641718,0.1616476991496541,0.1940434529749791
2017-01-19,0.5729832612712724,0.5828507485966112,0.7057321571138291,0.6267956273511476,0.8605509207650888,0.7261456684673344,0.4240995548716116,0.386799182128174,0.1488837063996608,0.15875119372499963
2017-01-20,0.5894127391631451,0.6461543756287595,0.7141874960474319,0.6768706655874461,0.8616398038058154,0.74358470572146,0.4331093494009792,0.3858836575552517,0.15630338976216585,0.21304502622778032
2017-01-23,0.5884265685366027,0.5988947117006285,0.7136760871125815,0.6396125104156785,0.8615736151366412,0.7306983980629931,0.4420612522608254,0.3851982995612046,0.1463653162757773,0.1568334594398031
2017-01-24,0.5862473490069036,0.6361196924060679,0.7125477274655875,0.6690192952762573,0.8614277278985311,0.7409107397454112,0.45022376594721664,0.4072472998841565,0.13602358305968693,0.18589592645885128
2017-01-25,0.6274466910400285,0.5723904872333738,0.7342747972973942,0.6183909947370093,0.8642729661329207,0.7231251850506428,0.4574222078021624,0.44584320582379267,0.17002448323786606,0.1149682794312114
2017-01-26,0.7008579026430865,0.5010321470315185,0.7748947082762611,0.559960104267278,0.8697947401187911,0.7012995796436913,0.4594048833195777,0.4460247992872499,0.24145301932350877,0.041627263711940865
2017-01-27,0.6552092317906889,0.5153070823130803,0.7493637189189344,0.5718100275327719,0.8662934980112804,0.7058489180304107,0.4587777165555071,0.39754563727351855,0.19643151523518182,0.056529365757573224
2017-01-30,0.6247813665689889,0.5392272356125916,0.7328446361703721,0.5914813709203395,0.8640833458250312,0.7132592059985982,0.47366103998936077,0.42872060982694793,0.1511203265796281,0.0655661956232308
2017-01-31,0.6670194596918767,0.6675139218714418,0.7558856069091986,0.6934804628707602,0.8671780691039939,0.7491716880119955,0.4803512082458174,0.4168316630406431,0.1866682514460593,0.18716271362562437
2017-02-01,0.6124676448060766,0.6133484719228752,0.7137682611056637,0.643692521010277,0.8473007700870935,0.7156229150234084,0.4746938922506949,0.38553223032134404,0.1377737525553817,0.1386545796721803
2017-02-02,0.5818966106467488,0.5892917533291369,0.6967997655469388,0.6240710323849282,0.8446885995211918,0.707728586732475,0.44820494582069337,0.3640487866376821,0.13369166482605543,0.1410868075084435
2017-02-03,0.5596017777224437,0.5659232327044497,0.6847240858684899,0.6048365202810051,0.8428631296716325,0.6998338140047295,0.4605438213401483,0.39163036992346756,0.09905795638229536,0.10537941136430135
2017-02-06,0.6144027643648854,0.50811422703082,0.7148576386577354,0.5564575588056196,0.8474703395623009,0.6792370427052357,0.4558960132079317,0.3888826176911271,0.15850675115695367,0.05221821382288827
2017-02-07,0.592167363628626,0.533535891610604,0.7024489995027523,0.5778779820168836,0.8455521698404846,0.6884927779650936,0.44772367761417725,0.37927812275583905,0.14444368601444874,0.08581221399642674
2017-02-08,0.5673657317227261,0.5203314645799985,0.6888996677413579,0.5667814113587,0.8434911847835997,0.6837259792208208,0.44926746598782225,0.37941889488098096,0.11809826573490384,0.07106399859217621
2017-02-09,0.5502775181037156,0.49923213867366706,0.679752275706526,0.5489167155974427,0.8421196880620613,0.6759243089138561,0.44622115256558675,0.394896630896893,0.10405636553812886,0.053010986108080305
2017-02-10,0.5895276744043817,0.4526691075878472,0.7009920164725926,0.5088709360441295,0.8453288653830965,0.6578237450409762,0.4397038548597585,0.39305867262919636,0.1498238195446232,0.012965252728088683
2017-02-13,0.5859919161838943,0.42135552210094085,0.6990459257953375,0.4814163611107467,0.8450312294009449,0.6448795473166197,0.4156405221252404,0.4042111299239964,0.17035139405865396,0.005714999975700463
2017-02-14,0.6047212971763043,0.38371188789447674,0.709425344961926,0.4477908592434027,0.84662699906739,0.6283632817485071,0.42107171334249777,0.39225894628105284,0.18364958383380653,-0.03735982544802102
2017-02-15,0.5972767950414296,0.3571370838213076,0.7052790118212343,0.4236028903806506,0.845987067218388,0.6159837892893627,0.41591422323879024,0.40027458505091046,0.18136257180263937,-0.05877713941748264
2017-02-16,0.6088572048177477,0.3251983827233267,0.7117405229505497,0.39398521034829875,0.8469857366105289,0.600191057411963,0.4199049673412694,0.38445737498487564,0.18895223747647832,-0.09470658461794274
2017-02-17,0.5823268148188412,0.34599285204257246,0.6970353192879414,0.4133394150765104,0.8447244857094841,0.6105937490892406,0.4191821135007451,0.3822724619781335,0.1631447013180961,-0.07318926145817262
2017-02-21,0.5619972847413369,0.3364183401355686,0.6860089956575907,0.40446173614198144,0.8430560378192834,0.6058617797335016,0.4097131285383651,0.37806424813511685,0.1522841562029718,-0.07329478840279652
2017-02-22,0.5976121339965642,0.30159205240992204,0.705465200690129,0.37167046886674554,0.8460157329282244,0.587781647603122,0.40103894131285744,0.3709218528161726,0.19657319268370677,-0.0994468889029354
2017-02-23,0.5743102828029043,0.32467480322266473,0.69266156873135,0.3934943441623445,0.8440598836509563,0.5999230014310837,0.40345037116828064,0.3357344476866547,0.17085991163462366,-0.07877556794561591
2017-02-24,0.5541144845504106,0.3219940062566723,0.6817924618111955,0.3909782288143477,0.842424183760775,0.5985456021813629,0.40235917010666267,0.3305389086327526,0.1517553144437479,-0.08036516384999037
2017-02-27,0.5406417821825791,0.3157748003195903,0.6746646448761974,0.3851227127737732,0.8413638637269955,0.5953179410088469,0.401826054621141,0.32208523376982795,0.13881572756143806,-0.0860512543015507
2017-02-28,0.5320678920491806,0.3080944867801912,0.6701815498993741,0.37785536430043437,0.8407019988298394,0.5912679537641765,0.4051205576105792,0.2835868276773731,0.1269473344386014,-0.097026070830388
2017-03-01,0.5195310960646472,0.21862411135763063,0.6477871347995436,0.2207295368378382,0.8229338675595986,0.22856719522211347,0.42315019183655644,0.38555798053797735,0.09638090422809076,-0.20452608047892581
2017-03-02,0.7882707547117787,0.09732712505954824,0.8136852445963556,0.10127669610224409,0.8556470748422728,0.11705837460242795,0.4168854324567337,0.4323428735237769,0.37138532225504495,-0.3195583073971855
2017-03-03,0.7768801671040121,0.18396334847226956,0.8060923863164285,0.18693504770092695,0.8540178423797798,0.19816499647946356,0.40719664989925547,0.432401839816501,0.3696835172047566,-0.22323330142698591
2017-03-06,0.7018101128208917,0.18678497094679367,0.7571045109123593,0.18969448815251613,0.8438027131433632,0.2006748741032439,0.41345969246634984,0.4335410045193488,0.28835042035454184,-0.22667472151955617
2017-03-07,0.6637749833165342,0.2247520282806486,0.7330593334553173,0.22668254678244432,0.838980268388497,0.23385185002357545,0.4023618543016927,0.4395582864667737,0.2614131290148415,-0.17760982602104408
2017-03-08,0.6356753964795442,0.26274980545010307,0.7156721159223388,0.263466729815497,0.835573424274047,0.26609329946263494,0.40449288117561344,0.445421903219011,0.23118251530393075,-0.14174307572551037
2017-03-09,0.6035117786270366,0.2897732201256503,0.6961976522715413,0.2895045179487237,0.83183876887367,0.2885283946059346,0.41031244771248304,0.44543931196872316,0.1931993309145536,-0.12053922758683272
2017-03-10,0.5697468999136235,0.28511941799563695,0.676285868303683,0.28502715644613236,0.8281100815331646,0.284691524875454,0.43015389777981755,0.43640309472143596,0.13959300213380593,-0.1450344797841806
2017-03-13,0.5595089690337434,0.25216753263383934,0.670363322666671,0.253243703714122,0.8270187305213486,0.25720051040677394,0.42430386558851096,0.43310432961591816,0.1352051034452324,-0.17213633295467162
2017-03-14,0.5362838729385899,0.25740543381763575,0.6571379052423014,0.25830574855123706,0.824611238097929,0.2616100800373642,0.42858777249787583,0.43662561417487367,0.1076961004407141,-0.17118233868024008
2017-03-15,0.5568258336925658,0.30390660952450277,0.6688203606472873,0.3030858046396129,0.8267357492357588,0.30011629706260745,0.44089051504952764,0.4652928874543693,0.11593531864303813,-0.13698390552502487
2017-03-16,0.6463724229305249,0.21559985623477607,0.7222515690551966,0.21778931742098928,0.8368546084333638,0.2259496844093563,0.43816546065817763,0.4596780599058418,0.20820696227234725,-0.22256560442340156
2017-03-17,0.612407174876245,0.2434154588423265,0.7015359631048185,0.24477666946976312,0.8328539126617468,0.24979685535905388,0.4340511154137366,0.46178426465542033,0.17835605946250838,-0.1906356565714101
2017-03-20,0.5854423352448492,0.26936146905208,0.6854709974373063,0.26984610705316464,0.8298187284428732,0.27161783793761846,0.4292048284853348,0.46300443664542545,0.15623750675951442,-0.15984335943325478
2017-03-21,0.5607560950337959,0.28927394263952116,0.6710818057619039,0.2890242989126246,0.8271506906841093,0.28811727449053154,0.45516034340458744,0.5345341621811788,0.10559575162920842,-0.16588640076506628
2017-03-22,0.8153669195337333,0.4404455728215031,0.8319011900986275,0.43321657593569685,0.8596050931965347,0.40788684055767005,0.4613512610405031,0.5377769281286525,0.3540156584932302,-0.020905688219000018
2017-03-23,0.7362691555797809,0.4224733714799507,0.7793541765054007,0.41618575273246594,0.8483781331222355,0.3940754721736158,0.4703551003735315,0.5376811186793973,0.2659140552062494,-0.04788172889358083
2017-03-24,0.674454975143352,0.4430555108019246,0.7397537445374066,0.4356876252523966,0.8403100110402896,0.4098843411437812,0.4743202959427299,0.5364775804057177,0.20013467920062206,-0.031264785140805273
2017-03-27,0.6255120226912687,0.4606517179162501,0.7094674490115549,0.45233343460889724,0.8343741834974827,0.42329903858384016,0.5149892784517007,0.534628292523635,0.11052274423956798,-0.054337560535450635
2017-03-28,0.590084153598396,0.4810270367939915,0.6882112627440831,0.47157868618758814,0.8303322570932009,0.43872217314306494,0.5307340006451411,0.5590508772923427,0.059350152953254964,-0.04970696385114959
2017-03-29,0.6351959082701177,0.403381559411608,0.7153783625277939,0.39806429355099865,0.8355164509704166,0.3792917018595918,0.5307329421904495,0.45443724763138177,0.1044629660796682,-0.1273513827788415
2017-03-30,0.5929695854147842,0.40405001439676463,0.689920030480081,0.39869930602023074,0.8306533576970557,0.37981133735945727,0.49675779150370225,0.4418155220577271,0.09621179391108192,-0.09270777710693762
2017-03-31,0.5731519832751945,0.37532303063312694,0.6782678410028223,0.3713732458349361,0.8284771211641572,0.3573416955235872,0.4954740969140395,0.44384314608341935,0.07767788636115497,-0.12015106628091254
2017-04-03,0.5662132280029809,0.6024012678207983,0.6702758066485804,0.6278215346773548,0.8109575745400359,0.691815427462766,0.5132633374999589,0.4408229993445732,0.05294989050302201,0.08913793032083939
2017-04-04,0.5530854787625799,0.6168044118292744,0.6628950488122762,0.6397713221140334,0.8097366532885908,0.6971248298782126,0.5057115372959761,0.4365499938596797,0.047373941466603786,0.1110928745332983
2017-04-05,0.5338529716672021,0.5925866667547965,0.6522507404476167,0.619645654044899,0.8079965043113865,0.6881481045988473,0.5318059000474216,0.4396210931589623,0.0020470716197805716,0.06078076670737498
2017-04-06,0.5429104369095146,0.6309097490460678,0.6572381569386652,0.6514195069831646,0.8088088141243855,0.7022437779464847,0.534372288759067,0.44358439776905867,0.008538148150447622,0.09653746028700083
2017-04-07,0.5354526018085374,0.5939297647782714,0.6531282165441641,0.6207661044226179,0.8081390309667672,0.6886523811709007,0.5327282471452497,0.43582149818236215,0.002724354663287687,0.06120151763302173
2017-04-10,0.5256830689635865,0.59609629893927,0.6477918630956803,0.622572410576996,0.8072748327425894,0.6894641999959013,0.5207426896146315,0.43591462848247786,0.004940379348954971,0.07535360932463842
2017-04-11,0.5138079411153753,0.5739214811495653,0.6413797853630459,0.6040208775342426,0.8062445953781071,0.6810586890914329,0.5389926276747773,0.42859711017366653,-0.02518468655940198,0.034928853474788024
2017-04-12,0.5112051237278432,0.5809320654343959,0.6399855033076144,0.6099013583762292,0.8060217576234974,0.683739487609892,0.5349990741008879,0.38464857880248043,-0.02379395037304466,0.04593299133350803
2017-04-13,0.548994669368876,0.6478750658462555,0.6606139398981682,0.6653600459654926,0.8093616788507491,0.7082991003569787,0.5342179576103058,0.4046945919317715,0.014776711758570205,0.11365710823594977
2017-04-17,0.6161984934364237,0.7503059575298848,0.6991768941537271,0.7480415774197662,0.8158500313319819,0.7427508044020817,0.5399141448343615,0.46028035866528844,0.07628434860206224,0.21039181269552332
2017-04-18,0.6851311141778066,0.6714650836974639,0.740890690751479,0.6846223908111384,0.8232200238863895,0.7165432030900943,0.5479442470592542,0.46345746543694094,0.13718686711855244,0.12352083663820979
2017-04-19,0.6525963568892853,0.7021761531545512,0.7209534693093235,0.7094960868794835,0.8196525253144009,0.7269874248404842,0.5571251858634186,0.3641964286038698,0.09547117102586666,0.14505096729113254
2017-04-20,0.6177346619585852,0.7087911360521338,0.700084050776715,0.7148246912697329,0.8160064544712764,0.7291964186532981,0.5458106897228465,0.4047455516772454,0.07192397223573865,0.16298044632928732
2017-04-21,0.6699538723162337,0.637503279626771,0.7315371539406537,0.6568463529152341,0.8215361470288998,0.7046100980124972,0.5419800360919172,0.41105612500403516,0.12797383622431646,0.09552324353485375
2017-04-24,0.6435643238680794,0.6754528751984034,0.7154958335257076,0.6878649868836423,0.8186902661651703,0.7179173865572088,0.6250062324332513,0.47603470420704186,0.018558091434828117,0.050446642765152094
2017-04-25,0.7552623154917686,0.5932344237779807,0.7852166181130568,0.6201860952600363,0.831441234521431,0.6883914064104467,0.6188758345676655,0.48732962599883783,0.1363864809241031,-0.025641410789684738
2017-04-26,0.7251497178345218,0.5440162532399819,0.7659716673411914,0.5787704919060342,0.8278232419008655,0.6693675506276118,0.5842537200819916,0.46589355986784764,0.14089599775253014,-0.040237466842009684
2017-04-27,0.6663643783312007,0.5435539197698162,0.7293383808844308,0.578377955569069,0.8211429204446609,0.6691834324576652,0.5715389901264954,0.4658677426660132,0.09482538820470521,-0.027985070356679298
2017-04-28,0.6190557855572596,0.524513278455901,0.7008650807464982,0.5621524106085382,0.816141267719666,0.6615069041478133,0.5691638082911026,0.4659446082814827,0.04989197726615702,-0.04465052983520157
2017-05-01,0.5882529205652138,0.5015661281347075,0.6766195108402119,0.4902896970416682,0.8031687131444968,0.4515686498203222,0.5693948507244415,0.46371999908792094,0.018858069840772318,-0.06782872258973405
2017-05-02,0.5638385703007378,0.4860839686117735,0.6623144319521986,0.475748218310707,0.8006008225128132,0.44015598509950726,0.5672974322185075,0.4604530960390052,-0.0034588619177696733,-0.08121346360673398
2017-05-03,0.5390540450522864,0.5008787483495833,0.648110157077088,0.4896444643559176,0.7980974027128199,0.4510633338775439,0.5546124323520139,0.46249914718267937,-0.015558387299727472,-0.053733684002430504
2017-05-04,0.5265703475006519,0.5260933525940159,0.6410835367550927,0.513290385384635,0.7968762211793176,0.46951776545456425,0.5571740870206131,0.4546942563065866,-0.030603739519961204,-0.0310807344265972
2017-05-05,0.512072006180354,0.5308658850334386,0.6330354690288466,0.5177608672272912,0.7954916117191625,0.47299227592211235,0.5317644010187911,0.4579291592141826,-0.0196923948384371,-0.0008985159853525104
2017-05-08,0.522240518153866,0.49578120265361064,0.6386671867448407,0.48485837584972113,0.7964589223514356,0.4473119700015612,0.5257059667268642,0.45644443285615915,-0.003465448572998242,-0.029924764073253562
2017-05-09,0.5092752001008477,0.5141973306212677,0.6314972330552112,0.5021402031212986,0.7952286889006405,0.4608318509897143,0.5222120661229678,0.4582959053407071,-0.012936866022120075,-0.008014735501700065
2017-05-10,0.5030980943114828,0.5377331683718614,0.6281165412038315,0.5241907253591626,0.7946527885907746,0.47798177383208185,0.5158525733749105,0.45610899003776995,-0.012754479063427748,0.02188059499695083
2017-05-11,0.49717351506943697,0.5334367779252032,0.6248959372074725,0.5201683869529033,0.7941066490080738,0.47486156511366734,0.5113109989128243,0.44434138801242795,-0.01413748384338731,0.022125779012378888
2017-05-12,0.5034610876271417,0.5645591229030491,0.6283145646122298,0.5492770659950014,0.7946864480922963,0.4973620859406877,0.5114047380992112,0.4125336920103398,-0.007943650472069463,0.05315438480383794
2017-05-15,0.5044010711560265,0.5937769812245192,0.6288277262884613,0.5765463955090966,0.7947737167060911,0.5182791552731915,0.49922549819446504,0.38690845571177357,0.005175572961561459,0.09455148303005412
2017-05-16,0.5410410145197846,0.5377659718152413,0.649236613424764,0.5242214314560192,0.7982942366914781,0.4780055793435956,0.4923162071991938,0.3777471240791319,0.04872480732059081,0.04544976461604755
2017-05-17,0.5262015097620328,0.5616864315688124,0.640877278121898,0.5465929690316622,0.7968405477535091,0.4952949386954801,0.5066811161993259,0.5700641824069881,0.01952039356270696,0.055005315369486496
2017-05-18,0.9633538614186171,0.7053647116330245,0.9241942263622679,0.6802233424184654,0.8545729955371071,0.5965192048593206,0.5128914220533144,0.5483051246976455,0.4504624393653027,0.1924732895797101
2017-05-19,0.8653179316050812,0.671275072147838,0.855603129228446,0.64862476339184,0.8390746867823324,0.5728758577724993,0.5073670725388015,0.5584346490540911,0.35795085906627966,0.16390799960903646
2017-05-22,0.8160235927217506,0.6028315196060117,0.8219603954329203,0.5849861430820951,0.8318120837376499,0.5247225989580687,0.5052147123795284,0.5160791058366802,0.3108088803422222,0.09761680722648325
2017-05-23,0.7602619395871762,0.55295350532519,0.7847073551504306,0.5384300024433444,0.8240400384327439,0.48899887784443363,0.38535539110521927,0.5027118363723638,0.374906548481957,0.16759811421997078
2017-05-24,0.6936807379171893,0.5427754086407977,0.7415158713875055,0.528909709921778,0.8153945174073701,0.4816378183848013,0.3778252308989426,0.5041443978338364,0.3158555070182467,0.16495017774185505
2017-05-25,0.6426104213548337,0.53068439724846,0.7094887340081795,0.5175908950027951,0.8092441764147791,0.47286025393494396,0.37313424678633555,0.5132658615691248,0.26947617456849815,0.1575501504621244
2017-05-26,0.6265650463052904,0.48404364252779447,0.6996478133271016,0.4738304994497801,0.807399825782687,0.438647022524629,0.37035992629862885,0.5094002724411504,0.25620512000666157,0.11368371622916562
2017-05-30,0.5873228041825734,0.5025022145498477,0.6760690741855573,0.4911683302433359,0.8030690431542838,0.45225659396931545,0.37274492555903094,0.5088693694316686,0.2145778786235425,0.12975728899081673
2017-05-31,0.5602348405274175,0.525523439096434,0.6602287200944934,0.5127564338818028,0.8002303229412803,0.46910246982411147,0.37620068416199365,0.5091974932145714,0.1840341563654238,0.1493227549344403
2017-06-01,0.5339149222335212,0.49280005458527193,0.6462591364844885,0.48401537664981814,0.7916006432313247,0.4533253481713845,0.3835187240439813,0.5329006140650434,0.15039619818953992,0.10928133054129063
2017-06-02,0.6119383974297028,0.41543090988261544,0.6904489819747399,0.4106234473890252,0.7986785477294785,0.39358055085901644,0.380353723495527,0.5354028384698349,0.2315846739341758,0.035077186387088455
2017-06-05,0.5871407396118412,0.3912111162962205,0.6760726949212116,0.3875481295816651,0.7963315166581232,0.3744953610631851,0.3733260088615397,0.532678468263888,0.2138147307503015,0.017885107434680803
2017-06-06,0.5586516897242632,0.40901072257244087,0.6599298008817572,0.40451163062275247,0.7937469417880784,0.3885406014852529,0.3785647636292586,0.5401110604149223,0.18008692609500454,0.03044595894318225
2017-06-07,0.5603859652934284,0.44019713137441924,0.6609005801843436,0.43416771986050645,0.7939008395851175,0.41289880316562727,0.3822813899403672,0.5391954661127083,0.17810457535306123,0.05791574143405204
2017-06-08,0.5389069404784507,0.43511212256386134,0.6489909741752159,0.42933771088748285,0.7920264128058012,0.40894801088537486,0.38293845324582015,0.5388113862858502,0.15596848723263051,0.05217366931804118
2017-06-09,0.5201602307204731,0.44732514017162855,0.6388049130191089,0.44093479341934594,0.7904468534983345,0.41842368546505215,0.4196281483886046,0.5374725910112635,0.1005320823318685,0.027696991783023928
2017-06-12,0.5150283103651552,0.4702027017416288,0.6360516811973996,0.4626271787382964,0.7900236622063301,0.4360548752787007,0.40781605968227164,0.534865617820141,0.10721225068288354,0.06238664205935718
2017-06-13,0.5040419018327649,0.48661486624123584,0.6302099555944277,0.4781648444057554,0.7891310580063599,0.4486120380846278,0.4078643198696415,0.5321899964238024,0.09617758196312337,0.07875054637159434
2017-06-14,0.5310562001603799,0.4443542969352468,0.6447010136881672,0.4381148731246831,0.791358504748486,0.41612286015998023,0.4182483876171183,0.5328725044798265,0.11280781254326161,0.026105909318128506
2017-06-15,0.5209112310418884,0.46586761754487555,0.6392091069589925,0.4585197455038845,0.7905091157248403,0.4327255085311485,0.44683317485705004,0.3099128833047593,0.07407805618483837,0.019034442687825504
2017-06-16,0.5191465177654734,0.4911948114809537,0.6382598451583574,0.4824972505074043,0.790362945592547,0.452103087543833,0.4262240279636017,0.306298624434767,0.09292248980187168,0.06497078351735197
2017-06-19,0.5060703526808521,0.5057658073391343,0.6312830897542269,0.496270790856072,0.7892944887604177,0.46317275491697113,0.4111539522428798,0.32403110302377564,0.09491640043797228,0.09461185509625453
2017-06-20,0.6043355193828538,0.42430605703016216,0.6860103331108324,0.41906654164917234,0.7979493766181045,0.4005256357455575,0.40231892072458664,0.3623762423533551,0.20201659865826715,0.021987136305575528
2017-06-21,0.6558240628073939,0.4752935675277762,0.7165744451039238,0.4674489092207145,0.8030517035729869,0.4399579350199054,0.4063794352913039,0.36210287994584156,0.24944462751609003,0.0689141322364723
2017-06-22,0.6082815232221285,0.49200560511863134,0.6883107032869906,0.4832640651705019,0.7983267722801035,0.45272052621401876,0.4073042199850169,0.3614369612481955,0.20097730323711155,0.08470138513361442
2017-06-23,0.5731782620531689,0.5100566708061093,0.6681095155100517,0.5003239904663579,0.7950498077797974,0.46642200357426133,0.4086388792549851,0.3489067071515905,0.1645393827981838,0.10141779155112418
2017-06-26,0.5460011645250469,0.5147438097224231,0.6528969451178052,0.5047500689233801,0.7926378957311625,0.46996594770672,0.41443743515740167,0.34848711475416183,0.1315637293676452,0.1003063745650214
2017-06-27,0.5253382772060615,0.5266706103857377,0.6415984043189097,0.5160058590790468,0.7908778681752843,0.478958847317489,0.4233298701583263,0.39803751614437427,0.10200840704773523,0.10334074022741141
2017-06-28,0.639898197719723,0.5862651115987515,0.7069972050486325,0.572109856484109,0.8014324932432697,0.5233857155770436,0.4357814480127056,0.44269149825734916,0.20411674970701743,0.15048366358604592
2017-06-29,0.7019880682108882,0.49792603214445136,0.7449114081115571,0.4888619387284021,0.8079502908122397,0.45722377416736826,0.47521362485837026,0.4564263310381635,0.22677444335251795,0.022712407286081093
2017-06-30,0.767018130392941,0.561345459015764,0.7861357731216063,0.5486768658655924,0.8153593011376604,0.504908022569529,0.4767218254376513,0.45168662526582704,0.2902963049552897,0.08462363357811276
2017-07-03,0.6897947851403899,0.6637521766902754,0.732681597499465,0.6714402765896763,0.7977301887636973,0.6927685712856817,0.48347752449188425,0.45355863062898055,0.2063172606485057,0.18027465219839117
2017-07-05,0.6339452107104611,0.6323289358667268,0.6979456797001847,0.6442946586139439,0.7913462107264326,0.677940741789366,0.48943935027973373,0.4505980074077116,0.14450586043072733,0.14288958558699305
2017-07-06,0.5941888171947008,0.6002069219571847,0.674024040304709,0.6163365716198467,0.7871016171137055,0.662354985972757,0.4966864709802579,0.4941910994804888,0.09750234621444293,0.1035204509769268
2017-07-07,0.7073277751758914,0.7460358890711583,0.7438331522857317,0.7416428461721613,0.7998341887191948,0.7298441132104261,0.502791910559109,0.5173573751789345,0.20453586461678241,0.24324397851204926
2017-07-10,0.6968158758206222,0.6853705783176465,0.737133842270567,0.690004268820613,0.7985670606039763,0.7027451412295501,0.5024938764588048,0.5168635151327919,0.19432199936181738,0.18287670185884164
2017-07-11,0.6377769594979007,0.6553732026271512,0.7002882474278733,0.6642210316384157,0.7917685782020629,0.6888534614341606,0.4850633574051881,0.5171313104062802,0.15271360209271262,0.17030984522196307
2017-07-12,0.5948424789728891,0.6473444692569609,0.6744114753612275,0.6572906316715561,0.7871693626195414,0.6850759064418183,0.48661637315897494,0.5331190876822296,0.10822610581391418,0.16072809609798594
2017-07-13,0.6385983128604558,0.5893569857272611,0.7007912015582056,0.6068431655287639,0.7918594164718865,0.6569865036572146,0.4843568389049859,0.533115259087664,0.1542414739554699,0.10500014682227526
2017-07-14,0.5947112622025394,0.5633931987798043,0.6743336849203838,0.5840185491259676,0.7871557578061572,0.6439133373645319,0.4812250851410155,0.5390513510824184,0.11348617706152397,0.08216811363878884
2017-07-17,0.588214498662326,0.5247712883533121,0.6704924476793577,0.54977241267935,0.7864856226758925,0.6238333659777776,0.4536997040262587,0.5392349478508668,0.1345147946360673,0.0710715843270534
2017-07-18,0.5553299438889723,0.5163186484438577,0.651370089885842,0.5422281178421392,0.7831982691192995,0.6193305374600862,0.45362676488843134,0.5079332485695289,0.10170317900054093,0.06269188355542632
2017-07-19,0.5299551101313144,0.5010072869627817,0.6370023545024982,0.5285149726709526,0.7807820888351202,0.6110688016323876,0.44711427346977617,0.49267878450606767,0.08284083666153819,0.05389301349300557
2017-07-20,0.5546306392805864,0.46294031516286005,0.6509694700632405,0.4941451266303435,0.7831302697807025,0.5899020810859718,0.44539939864483225,0.4921381114418028,0.10923124063575418,0.017540916518027805
2017-07-21,0.5294598522034057,0.45144241585766437,0.6367254668277673,0.48368232293346497,0.7807359821258517,0.5833204359298733,0.4476528837696619,0.4928437980176817,0.08180696843374385,0.0037895320880024785
2017-07-24,0.5149354021041768,0.45999817375909857,0.6286675668930651,0.4914715767219334,0.779401799634296,0.5882266369249105,0.44723269676426547,0.4933249056494256,0.0677027053399113,0.012765476994833103
2017-07-25,0.5015286213501489,0.45762914907747854,0.6213395450398647,0.48931697029125504,0.7782012687750729,0.5868732435155292,0.4479501390488083,0.494730619053511,0.053578482301340546,0.00967901002867022
2017-07-26,0.49748223749063386,0.4366120934346776,0.6191491259955807,0.4701281430708773,0.7778447942966726,0.5746925973537426,0.4387182690523816,0.44875575379987437,0.05876396843825227,-0.002106175617703987
2017-07-27,0.48814056749709434,0.4311925211849232,0.6141308295559788,0.4651578944349274,0.7770322392000315,0.571499220780115,0.45497984865163577,0.4128316961243936,0.03316071884545857,-0.023787327466712582
2017-07-28,0.4854153136094127,0.4416538474241855,0.612677132244568,0.4747436441643163,0.7767979361704708,0.5776436973459104,0.4473628907850217,0.35001374390595524,0.038052422824390975,-0.005709043360836219
2017-07-31,0.4850797584942305,0.45544448103471585,0.6124984663821273,0.4873285604594303,0.7767691727332525,0.585621727069077,0.39994613605313,0.35158276300301433,0.08513362244110051,0.055498344981585845
2017-09-01,0.579587647927792,0.4811192972535442,0.6561963593862142,0.495677032500229,0.7659988699528453,0.547365065127285,0.4863336752393441,0.6314598053389998,0.09325397268844793,-0.005214377985799934
2017-09-05,0.547478509449523,0.47471356524154307,0.6372901662177104,0.48955157112194486,0.7626630215174021,0.5423465847089312,0.5070273098824014,0.6503355992043939,0.04045119956712162,-0.032313744640858344
2017-09-06,0.6234389622148291,0.5502586224256781,0.6828195468006377,0.5614325407807026,0.7708358064274471,0.6002737265530149,0.5145219642616555,0.653614585562086,0.10891699795317356,0.035736658164022606
2017-09-07,0.5930617569887868,0.5144470551621064,0.6642821935748161,0.5274533496638187,0.7674507756622223,0.5731465730027513,0.4989528409322587,0.6536149937632838,0.0941089160565281,0.015494214229847703
2017-09-08,0.557162708134207,0.5334821527269182,0.6429367518402267,0.5455350355049237,0.7636506209591893,0.587636623112185,0.492181501630856,0.5640531126651206,0.06498120650335099,0.041300651096062235
2017-09-11,0.53463928603363,0.5611000007972136,0.6298810581322992,0.5716872202829147,0.7613784561908592,0.6083760283932801,0.48728604022416505,0.6070652417660699,0.04735324580946493,0.07381396057304851
2017-09-12,0.6768092093082679,0.42808382126081274,0.7163351973188359,0.44477612817257584,0.7771526110598869,0.5051502735671307,0.48390104560745867,0.5737776745280014,0.19290816370080927,-0.05581722434664593
2017-09-13,0.6330584755027091,0.3910804683638244,0.6887744822438514,0.40899399078125925,0.7719397621122329,0.4747227725407842,0.46625515538749795,0.5734781114052311,0.16680332011521115,-0.07517468702367358
2017-09-14,0.5869944620771108,0.39766151261025706,0.6606304649904797,0.4153751127363228,0.7667932040410427,0.4801980094910004,0.46651586949430374,0.5734284163120777,0.12047859258280708,-0.06885435688404667
2017-09-15,0.5530916316249308,0.41596872044339395,0.6405570315607977,0.4330864561570881,0.7632334967917915,0.49528222036161645,0.4621778523315143,0.4251764150585114,0.09091377929341649,-0.04620913188812037
2017-09-18,0.5273529064416412,0.4092977213514124,0.625716484002851,0.42663924338022124,0.7606620710211022,0.48981018293494816,0.4379044221562013,0.41920336475596753,0.08944848428543994,-0.028606700804788887
2017-09-19,0.5116945891950023,0.3904278646480871,0.6168685411345627,0.4083607911823683,0.7591536268240591,0.4741782607322156,0.4207592707828337,0.41898838575365227,0.09093531841216862,-0.030331406134746608
2017-09-20,0.49580082653283064,0.3886291994034695,0.6080345694670268,0.40661520988228217,0.7576660632635642,0.47267603555978777,0.42174719870630895,0.36577500518401285,0.0740536278265217,-0.03311799930283943
2017-09-21,0.4838051006704872,0.39710025606819904,0.6014692079562032,0.41483120583016536,0.7565725518857488,0.4797321718969955,0.41165963544597994,0.36005432390988334,0.07214546522450727,-0.014559379377780901
2017-09-22,0.49576695990466874,0.43393952637266775,0.608015908647911,0.450417597219731,0.7576629405861682,0.5098885100471471,0.3970777031106688,0.3512234229194937,0.09868925679399992,0.03686182326199894
2017-09-25,0.4839509395433764,0.44604859245607215,0.6015484863991878,0.46206628330672084,0.7565856948863423,0.5196238308344618,0.4015859598078842,0.3583672489417932,0.08236497973549223,0.04446263264818795
2017-09-26,0.4885970046674181,0.4788379278959111,0.6040811082553963,0.4934961601094359,0.7570063509593232,0.545580168967722,0.3922884093784788,0.35768576230604004,0.09630859528893931,0.08654951851743231
2017-09-27,0.47848146072370296,0.485331288326049,0.5985845100019318,0.4997015195132922,0.7560953422618621,0.5506535005954467,0.40202169050098424,0.36283782420643884,0.07645977022271871,0.08330959782506475
2017-09-28,0.4934414655481184,0.4415727473344226,0.6067362228083923,0.4577633037446678,0.7574489975951043,0.5160351368326704,0.3649465698399415,0.35375723903545636,0.1284948957081769,0.07662617749448108
2017-09-29,0.482856618585745,0.4377565566116422,0.6009539386628129,0.45409201181845205,0.7564871657675452,0.5129663525013481,0.3591932504651258,0.33980298828833455,0.12366336812061923,0.07856330614651641
2017-10-02,0.4788604698977655,0.34532686897384396,0.590260948626753,0.37948049663874617,0.7442830751453551,0.4954817135660275,0.34386374520372864,0.3478409120977522,0.13499672469403684,0.0014631237701153155
2017-10-03,0.4960523279754489,0.32356496429824294,0.5999897484985569,0.3586802988079365,0.7460533874543261,0.4800159986314219,0.3410908623971134,0.2872432457648169,0.1549614655783355,-0.01752589809887045
2017-10-04,0.4851930886458026,0.3095549614561109,0.5938230896019681,0.3451906644309881,0.7449283931163496,0.4697755159906084,0.30814147136005665,0.2842063636166564,0.17705161728574592,0.0014134900960542374
2017-10-05,0.47302517424373586,0.29921593739132246,0.58700120394551,0.3351832719008036,0.743695455097072,0.4620649738546883,0.30218148426475594,0.2977590136507476,0.17084368997897992,-0.0029655468734334778
2017-10-06,0.5196245921654353,0.275710134280183,0.6136194749834308,0.3122556211406581,0.7485749474143446,0.44400996504885737,0.3045216659850203,0.2975719121685788,0.21510292618041504,-0.0288115317048373
2017-10-09,0.5035696138040935,0.2971134475906368,0.6043007157322406,0.3331425981655705,0.7468457282376677,0.46048036308217266,0.303752498066262,0.22372769100732792,0.1998171157378315,-0.006639050475625186
2017-10-10,0.4957336036717502,0.3270435358346543,0.5998077221287194,0.3620174244328857,0.7460200380135036,0.48252319651010145,0.2889618089609064,0.22056557362689463,0.20677179471084378,0.03808172687374789
2017-10-11,0.4885572983972825,0.3113559911323701,0.5957257337178559,0.3469293073629731,0.7452744368204192,0.4711050909294734,0.2883486114891718,0.22016032135363633,0.20020868690811072,0.023007379643198322
2017-10-12,0.4767571608295484,0.29976546803181897,0.5890834627138982,0.3357163284714956,0.7440704930114345,0.462478203708375,0.2886870170658922,0.22592102697495986,0.18807014376365616,0.011078450965926745
2017-10-13,0.474930222978105,0.32636537162053664,0.5880630010147546,0.36136721045365455,0.7438865542242958,0.48203548341454444,0.28782385314598524,0.22588053450895146,0.18710636983211976,0.038541518474551395
2017-10-16,0.4655798750223683,0.3149186557583534,0.5828742031112147,0.35036460460429136,0.7429555063250006,0.473723590931341,0.28821305360743316,0.2247594902673712,0.17736682141493515,0.02670560215092027
2017-10-17,0.4591022330853488,0.3038204045492599,0.5793134467254463,0.33964567576489074,0.7423206904209487,0.4655154556006744,0.284737800344631,0.22492789440106015,0.17436443274071783,0.019082604204628928
2017-10-18,0.4532134293667344,0.29526183028156333,0.576100943569435,0.3313438186507158,0.7417508372044839,0.4590800618087973,0.28549835109906735,0.22429842097778085,0.16771507826766707,0.009763479182495982
2017-10-19,0.4492567953567745,0.2863828674800972,0.5739558383286403,0.3226970282085178,0.7413718475879215,0.45230183003815616,0.2909341505066184,0.20699620670894436,0.15832264485015607,-0.004551283026521191
2017-10-20,0.4462512855557498,0.2812259631170394,0.5723336455079034,0.31765852814320944,0.7410860550300358,0.4483154824441601,0.3081782680654481,0.22255003462462003,0.13807301749030165,-0.026952304948408723
2017-10-23,0.487542160580048,0.26092116004919574,0.5951508745793102,0.2976969158796015,0.7451697844719259,0.4322430856348281,0.3109828584849293,0.24119342993437942,0.17655930209511872,-0.05006169843573355
2017-10-24,0.5135004797295364,0.34201099280960967,0.6100472233695913,0.37632276799734266,0.7479094145576214,0.4931581500479467,0.30018461010879016,0.24050932610041825,0.21331586962074622,0.04182638270081951
2017-10-25,0.4959850831772945,0.32799408557725707,0.5999513392380625,0.3629284938218385,0.7460463496932649,0.48320592809119567,0.32819405542274405,0.27308006519054645,0.16779102775455046,-0.00019996984548698027
2017-10-26,0.5389077269658662,0.42586165771760476,0.6250049523555923,0.4550216005434909,0.7507180397213585,0.5487559422051265,0.314819187672995,0.27311687490727365,0.2240885392928712,0.11104247004460976
2017-10-27,0.513284547194351,0.40764191805970623,0.6099216614397844,0.43811306079780005,0.7478860815342164,0.5371899873652626,0.33640905912628416,0.31203407857068355,0.17687548806806686,0.07123285893342207
2017-10-30,0.5955069509798586,0.37091594586506704,0.6595386118076901,0.40371579291247567,0.7574197695126901,0.5130409991311503,0.3605325607743864,0.3223755384571038,0.23497439020547223,0.010383385090680652
2017-10-31,0.587100207913884,0.43711041039975623,0.6543106565766414,0.46541227013641795,0.7563859522902634,0.5557703055155048,0.3604836463974356,0.3214331926785817,0.22661656151644838,0.07662676400232066
2017-11-01,0.5384856728862375,0.411949444929888,0.6157034884833644,0.4431872206066826,0.7396636095547602,0.5417372900663672,0.371887667754185,0.32152403402899515,0.16659800513205247,0.04006177717570297
2017-11-02,0.5091890048184142,0.39476221367431164,0.5974654603769333,0.42732520362218757,0.735613717435925,0.531277183192425,0.38320785545367453,0.29868676432537467,0.1259811493647397,0.011554358220637106
2017-11-03,0.4859531942697961,0.3817395752791645,0.5833493295533779,0.41524013159061973,0.7325479335391016,0.523186016745941,0.38246471498731704,0.3019252637551648,0.10348847928247906,-0.0007251397081525224
2017-11-06,0.48335590427089226,0.3604640917498723,0.5817917195834245,0.39536652608131806,0.7322133625182051,0.5096382456988487,0.37886769504036344,0.2967018020002416,0.10448820923052882,-0.018403603290491122
2017-11-07,0.4680828154111576,0.34613454846967107,0.5727184371250098,0.38188572408393184,0.7302792289159032,0.5002674077951172,0.38045867820962487,0.2961251044219471,0.08762413720153273,-0.0343241297399538
2017-11-08,0.4585703734843809,0.3559289608144159,0.5671438675485164,0.3911085503186319,0.7291034856772477,0.5066947049884905,0.3767020112192953,0.2963191007269385,0.08186836226508559,-0.020773050404879423
2017-11-09,0.45028390609256275,0.3414250694578934,0.5623372541273215,0.377437677664285,0.7280974423427689,0.4971418161074229,0.4153347813045344,0.3086414112458334,0.03494912478802836,-0.07390971184664097
2017-11-10,0.48008654736878054,0.41052171740133714,0.5798370414958093,0.4418732794162176,0.7317945524322438,0.5408775049059236,0.4170061153703256,0.3091533882209287,0.06308043199845492,-0.006484397968988476
2017-11-13,0.4656717821412372,0.408713660968774,0.5712998452093885,0.44020837058419177,0.7299791201345355,0.5397863523975824,0.4229560562045774,0.3087899445210188,0.04271572593665984,-0.014242395235803396
2017-11-14,0.4532511670124733,0.39297530685095955,0.56405305283638,0.42567040341048307,0.7284557423773401,0.5301756118277503,0.4354808771878052,0.31556634759169433,0.017770289824668106,-0.042505570336845655
2017-11-15,0.4625759461977354,0.43042901316221477,0.569483940803518,0.46013545225208635,0.7295958651017928,0.5527230647322823,0.45183102692855015,0.33787971335482103,0.010744919269185249,-0.02140201376633538
2017-11-16,0.5151858204768606,0.520186487157092,0.6011599173773271,0.5410458077979138,0.7364260474476889,0.6027544116844991,0.4665231069438637,0.38581990342028966,0.04866271353299689,0.05366338021322836
2017-11-17,0.6006795272811304,0.4732716315344545,0.6558684841224525,0.4990320401175554,0.7489283012614485,0.5772456529783438,0.457150430789872,0.3774054863931733,0.1435290964912584,0.01612120074458251
2017-11-20,0.5784607002888218,0.515921502168927,0.6413091463532445,0.5372497818725239,0.7455157485526338,0.6004884180020595,0.44543683109101573,0.3664528981942835,0.13302386919780607,0.07048467107791123
2017-11-21,0.5413088573201054,0.4896912612274702,0.6174854783597881,0.5138020787979458,0.7400646340082322,0.5863232349316211,0.4599567145076083,0.39027717222977,0.08135214281249709,0.02973454671986192
2017-11-22,0.5732409655494668,0.4509227658099827,0.6379215313205673,0.4788083197155505,0.7447305077945847,0.5646110471256175,0.4586136111649322,0.3694342967173403,0.11462735438453459,-0.007690845354949516
2017-11-24,0.5392697366727398,0.4564626415802687,0.6161979700727646,0.48383467446475276,0.7397747948013563,0.5677740357514713,0.4380657055571471,0.37074262828795296,0.10120403111559273,0.018396936023121646
2017-11-27,0.5142774566045029,0.43297287956197533,0.600598988431148,0.4624601753461802,0.7363024468794329,0.554215160401077,0.434938126828065,0.3302636790788776,0.07933932977643787,-0.0019652472660896536
2017-11-28,0.4922252830151708,0.432894482673514,0.5871278505122275,0.46238856160504016,0.7333626289468816,0.5541692481217765,0.4247767757510074,0.37849052685034495,0.0674485072641634,0.008117706922506573
2017-11-29,0.6318262742999441,0.3878794067425737,0.6766361377860021,0.42094524021297447,0.7539006839962052,0.5270191427931691,0.40859044183612203,0.38044244015972156,0.22323583246382206,-0.020711035093548325
2017-11-30,0.5835842565148595,0.39312814712766775,0.6446466587111138,0.42581198669416376,0.7462926283720055,0.5302699391439356,0.4334002091248245,0.4171863399670661,0.15018404739003494,-0.04027206199715677
2017-12-01,0.6445776279162632,0.332199530868118,0.6820139426974858,0.36497834726890654,0.7493211445800747,0.47621515471409726,0.5175410766280787,0.42404357174768986,0.12703655128818447,-0.1853415457599607
2017-12-04,0.6025244229249166,0.3688702409655968,0.6533156807842623,0.39961639251162895,0.741995494761557,0.5011167256153223,0.5428077929770048,0.42483882508808246,0.059716629947911826,-0.17393755201140798
2017-12-05,0.5630201441939658,0.38664188127890886,0.6270380605891893,0.4162345064588446,0.7355037613796711,0.5127269947664352,0.5650200932045985,0.43734027061995095,-0.0019999490106326068,-0.1783782119256896
2017-12-06,0.5585104701522934,0.4490114553154363,0.6240841350655385,0.473779898264328,0.7347871760224428,0.5514437208546857,0.5660222221013032,0.4361601021830522,-0.007511751949009771,-0.11701076678586686
2017-12-07,0.5228113515433229,0.43662391363975867,0.6010608138759073,0.4624407536891877,0.7292947780512945,0.5439850747272225,0.5729034585575367,0.43879468093096874,-0.05009210701421374,-0.136279544917778
2017-12-08,0.5067786061911171,0.41195836705393346,0.5909418052071806,0.439732580647241,0.726933442671871,0.5288031028676561,0.5841498479823383,0.435815391848726,-0.07737124179122112,-0.1721914809284048
2017-12-11,0.5265185732379769,0.38140261082924454,0.6034207673328851,0.4113461679049662,0.7298501412701197,0.509333164654814,0.5621128954850952,0.4352720511525371,-0.03559432224711834,-0.1807102846558507
2017-12-12,0.5082792121017464,0.36089542418123166,0.5918827845158641,0.3921245347836617,0.7271516566334816,0.4958135097140938,0.563273138152223,0.43502801784298206,-0.054993926050476594,-0.20237771397099136
2017-12-13,0.48599016098722425,0.34588605492811614,0.5780413556652438,0.377963377758138,0.7239703418717067,0.4856666260437388,0.5587506542479219,0.42723813225945756,-0.07276049326069767,-0.21286459931980578
2017-12-14,0.4677371799987225,0.3456063803224882,0.5669315668603603,0.3776987361860044,0.7214614881254484,0.48547543284339745,0.5510829103945023,0.4200133067266333,-0.0833457303957798,-0.2054765300720141
2017-12-15,0.49887750041013623,0.42203906470243685,0.5860086797084307,0.44903474612594246,0.725794063867369,0.5350627948530862,0.5453800877598926,0.4185853667132926,-0.04650258734975632,-0.1233410230574557
2017-12-18,0.5834877412812731,0.3815706630911384,0.6405651253142779,0.4115031030233634,0.7388193920157817,0.509442393569851,0.5399189975226905,0.41507796402755487,0.04356874375858266,-0.15834833443155205
2017-12-19,0.5968453731528757,0.35013985493788374,0.649495443760121,0.3819850059996471,0.7410387578592466,0.4885649173536882,0.5401622414265139,0.4367174151107014,0.056683131726361746,-0.19002238648863018
2017-12-20,0.5871509812495019,0.4209314524327495,0.6430063692405338,0.44801414425399894,0.7394236985934585,0.5343787939219738,0.5442810379578311,0.4261296921269389,0.04286994329167082,-0.12334958552508163
2017-12-21,0.5473281148879726,0.4228038284982164,0.6168023820523605,0.4497392229209236,0.7330322155924698,0.5355345337328232,0.5313165093416407,0.4221926705382433,0.016011605546331964,-0.10851268084342425
2017-12-22,0.5174017416563249,0.40274101535742773,0.597630578976742,0.43120034327742157,0.7284906789544453,0.523010340810397,0.5345914254601696,0.42427189173124075,-0.01718968380384467,-0.13185041010274184
2017-12-26,0.4922092200907742,0.4013063249023131,0.5818737382053896,0.4298699497506785,0.7248450314395288,0.522102595059195,0.5391070723415482,0.4263784404025807,-0.046897852250773975,-0.1378007474392351
2017-12-27,0.4782836640822818,0.41652995400590004,0.5733252149395704,0.4439548426897108,0.7229004434092445,0.5316514971026666,0.5394375511680195,0.37655816016091614,-0.06115388708573771,-0.12290759716211946
2017-12-28,0.46071657443997766,0.4022193738176018,0.5627152313750741,0.43071669688526243,0.720519836763185,0.5226804842980596,0.5327161946150892,0.3749248790314914,-0.07199962017511158,-0.13049682079748742
2017-12-29,0.4516374828341393,0.3835481523171707,0.5573111667753606,0.41334908062219144,0.7193214248563727,0.5107258521088055,0.531205165147875,0.34658713876397507,-0.07956768231373568,-0.14765701283070426
2018-01-02,0.47527283037039897,0.432207639257526,0.5658751752741351,0.45823344889673284,0.7109416634642816,0.5405468107811267,0.5156213414958059,0.36952018329204295,-0.04034851112540688,-0.08341370223827987
2018-01-03,0.5381245763036706,0.3946777383165695,0.60582439907985,0.42358109363997604,0.7204798761290814,0.5171969880819057,0.42755688000701436,0.38314453711965857,0.11056769629665625,-0.03287914169044487
2018-01-04,0.5627508744890708,0.3623703099645269,0.622050371297217,0.39339526126840535,0.7245016019101013,0.49616463070592726,0.390019718552245,0.3685695446358364,0.1727311559368258,-0.027649408587718083
2018-01-05,0.5468358662113478,0.33912045315467715,0.6115300710462281,0.3714490356280208,0.7218844959721818,0.48042569677825187,0.3609225292339614,0.38147605447066374,0.18591333697738643,-0.02180207607928425
2018-01-08,0.57551129682657,0.309184493895798,0.6305718453179837,0.342889955319536,0.7266471232641657,0.4593198343936992,0.36542142422815577,0.3808042828358854,0.21008987259841422,-0.05623693033235777
2018-01-09,0.5365762578542542,0.2972192614506543,0.6048143073795879,0.3313726449400437,0.7202323004023886,0.4505912396380453,0.353609014844275,0.3726224844938479,0.18296724300997924,-0.05638975339362068
2018-01-10,0.5085049260019713,0.2844256087225835,0.586720337820129,0.31898874100954416,0.7158533490648982,0.4410561154804923,0.3567695424848723,0.3794512694023298,0.15173538351709898,-0.07234393376228881
2018-01-11,0.4915457153823833,0.3134263578861791,0.5760007132874465,0.34695854672975546,0.7133095470413989,0.4623724647431721,0.35275842822905096,0.39938340902426417,0.13878728715333233,-0.03933207034287184
2018-01-12,0.5518866313748018,0.2829610549517438,0.614855484502317,0.31756637597439236,0.7227079460402159,0.4399506396638656,0.3549810954804543,0.40844508507833754,0.19690553589434745,-0.07202004052871053
2018-01-16,0.5761581715087821,0.25672557295498555,0.6310058171079647,0.29191321051675934,0.7267569983011641,0.41962537330845767,0.3993246261706864,0.40315615627786533,0.1768335453380957,-0.14259905321570088
2018-01-17,0.5643296980528193,0.32633179140424046,0.623100624527874,0.3592918339777712,0.724764796982901,0.4715314430839606,0.4220484065469418,0.4131906903570868,0.14228129150587748,-0.09571661514270136
2018-01-18,0.6536866751333219,0.2879779047345149,0.6842802683135849,0.32243463292706154,0.7406849805049145,0.44372537140843854,0.4198317909492943,0.4119595366129921,0.2338548841840276,-0.1318538862147794
2018-01-19,0.6052580495474483,0.31961067667662607,0.6507176605742839,0.35287703577161067,0.7318094862093829,0.466785178731526,0.41446632693061813,0.39148654152876633,0.1907917226168302,-0.09485565025399206
2018-01-22,0.5832139190620685,0.29780530171387853,0.6357515132973101,0.33193817838580264,0.7279623785365777,0.4510229142052104,0.4207387270671487,0.4046333269769819,0.16247519199491983,-0.12293342535327018
2018-01-23,0.631866445406976,0.2655599383335298,0.6690476774133547,0.300589148905583,0.7366147581150172,0.42658394151765283,0.4173724105601753,0.40457074494163137,0.21449403484680069,-0.1518124722266455
2018-01-24,0.5823745343218343,0.25494989644555344,0.635185782704357,0.290164574861819,0.7278183170922832,0.4182119463871338,0.4386592015633554,0.40509420714798594,0.14371533275847886,-0.18370930511780198
2018-01-25,0.5415689492790636,0.26472041602626495,0.6080758120627499,0.2997663685491072,0.7210328818119325,0.425927840904942,0.4467028011327827,0.3981432773688543,0.09486614814628092,-0.18198238510651776
2018-01-26,0.5076416880124155,0.2600875968797133,0.5861707251641128,0.29521959783554336,0.7157220051005561,0.4222878284502722,0.4481233009105893,0.43699637943633224,0.05951838710182622,-0.188035704030876
2018-01-29,0.6784998275765165,0.21930924903079513,0.7018063202520505,0.25470172469813585,0.7454528602686513,0.3886916772719618,0.4628908092072409,0.4918547818135409,0.2156090183692756,-0.24358156017644578
2018-01-30,0.6957657405055624,0.3770220699840923,0.7141216637525436,0.40712782265940833,0.7488566057579827,0.5058176092747223,0.5348935120557543,0.5569202690114999,0.16087222844980809,-0.15787144207166198
2018-01-31,0.7948274740027454,0.5960125148938163,0.7864384547795745,0.6052031699056184,0.7697001443747574,0.6319425247683343,0.5495642394055684,0.5489399883549785,0.24526323459717703,0.046448275488247925
2018-02-01,0.7108873585345177,0.6822433411929318,0.7239922223774913,0.6862430374358097,0.7490197809452469,0.6957768132673948,0.5651606719235821,0.5461787054153572,0.14572668661093557,0.11708266926934974
2018-02-02,0.6486784857855482,0.6616795505605998,0.6797456009136337,0.6696490854600944,0.7368625164118231,0.6888424317505161,0.5990874027106119,0.7625199139389344,0.049591083074936315,0.0625921478499879
2018-02-05,1.158616305897366,1.2498754034536286,1.0671706339928295,1.1137004393185173,0.8601201211016923,0.8482436193079608,0.813591951165384,1.221145507359628,0.345024354731982,0.4362834522882446
2018-02-06,2.1546169358377516,2.3075428904868276,1.8873933061524906,1.818623041429885,1.2019269574956115,1.0367391129717143,0.9819683188987856,1.309366739122981,1.172648616938966,1.325574571588042
2018-02-07,2.0311726535782104,2.0117988737204904,1.7840395359950425,1.6296794065810394,1.1551048863534583,0.9912313542924405,1.0290810816639497,1.3109592690447425,1.0020915719142607,0.9827177920565406
2018-02-08,1.773801039681628,1.8611210928524426,1.5695975712567356,1.5313020204249068,1.0607104407105563,0.9662950338471801,1.0872374565597285,1.549914123122434,0.6865635831218995,0.7738836362927142
2018-02-09,2.2932974677439404,2.517009556299513,2.003806427973923,1.949500562633827,1.2555377622032544,1.0666437365240165,1.2978900114112613,1.5858247798935687,0.9954074563326791,1.2191195448882517
2018-02-12,2.071019846869481,2.1772171651011836,1.817371022221613,1.7359979497688358,1.1701195838252616,1.017199949536391,1.3415250412756268,1.6204567623936854,0.7294948055938542,0.8356921238255568
2018-02-13,1.886478304254438,1.899952262349991,1.6632834939083523,1.5568025903495968,1.1014512872253164,0.9728475858682668,1.3536250791518236,1.6237125385738564,0.5328532251026143,0.5463271831981673
2018-02-14,1.6317183625919751,1.6589939151954942,1.451999139313415,1.3967759980856171,1.0108219388561497,0.9306122280670436,1.3635682817361183,1.6406115037764373,0.2681500808558568,0.2954256334593759
2018-02-15,1.518130458647799,1.4716775869591072,1.3585124111347664,1.2691450491466159,0.9722880634684845,0.8948283396003452,1.3911486211786066,1.6723883468567167,0.12698183746919245,0.08052896578050062
2018-02-16,1.4169467193973682,1.3148507150997346,1.2757201632901165,1.1597699737457805,0.939102553292663,0.8624301379429098,1.4022396359987932,1.6675323054564744,0.01470708339857496,-0.08738892089905859
2018-02-20,1.2320267264980074,1.1738056453110062,1.1259366313171997,1.0591496075105091,0.8816405862507299,0.8309894832840432,1.4120379253494015,1.6557498219713367,-0.18001119885139416,-0.23823228003839536
2018-02-21,1.1190235219144418,1.1866375982910384,1.0356781744737482,1.0684000840724532,0.8488498502004753,0.8339517229927826,1.4362631177419467,1.6539813950336277,-0.31723959582750494,-0.24962551945090827
2018-02-22,1.0126571286730448,1.1701753755595143,0.951903020108144,1.0565289017588606,0.8198282259989497,0.830147489585976,1.4502011435412843,1.6554834015190343,-0.43754401486823946,-0.2800257679817699
2018-02-23,0.8925150410537159,1.048542681753303,0.8590861117281129,0.9677403372609339,0.7894497464031723,0.8008580627051359,1.4553051924549147,1.7039120726880481,-0.5627901514011988,-0.40676251070161173
2018-02-26,1.0304270345782056,0.9618139286921544,0.9658058194627076,0.9031713357293083,0.8245438480615975,0.7785458702276368,1.460514359472299,1.7040499225752033,-0.4300873248940933,-0.4987004307801445
2018-02-27,1.0225155491406694,0.8829442889717836,0.9596110721154688,0.843434214906172,0.8224375790772682,0.7570477042217486,1.4684635067971223,1.7184600963636707,-0.4459479576564529,-0.5855192178253388
2018-02-28,1.0722709885626391,1.0959089726435964,0.9986963328833702,1.0025493992551386,0.8358616776432486,0.81252270291381,1.4784697236198134,1.7181280756254116,-0.4061987350571743,-0.382560750976217
2018-03-01,1.0811916717708976,1.200574759867349,1.026446369989525,1.0803344436863624,0.9018985472096148,0.8509640273450712,1.4923175743299442,1.7405721059219315,-0.4111259025590466,-0.2917428144625951
2018-03-02,1.1877322889800899,1.4226043682754612,1.1118221250098228,1.2341607393034437,0.9342384193842201,0.8949706176238834,1.5106998440136676,1.7489612792550926,-0.32296755503357777,-0.08809547573820642
2018-03-05,1.0422515983600342,1.2562343138327103,0.9955636336548673,1.1194334241446353,0.8905668523559258,0.8625004085428087,1.5218814067690982,1.7099474201152935,-0.479629808409064,-0.2656470929363879
2018-03-06,1.0363509433352096,1.126665131734323,0.9909007719394312,1.0278044984047896,0.8888736985196839,0.8350488181782537,1.5162364637115882,1.3932431091626736,-0.47988552037637855,-0.3895713319772651
2018-03-07,0.9013585875630058,1.0064706143980682,0.8856310276239523,0.9407517294989294,0.8519633666367437,0.8075212349582656,1.4286956839382083,1.3286594338874016,-0.5273370963752025,-0.42222506954014016
2018-03-08,0.7897826667285481,0.9202018426799106,0.8011512055564477,0.8768876274849219,0.8243122185855308,0.7863029921611618,1.3210928746329786,1.3236210381833873,-0.5313102079044305,-0.4008910319530681
2018-03-09,0.7244142142328048,0.8355007969880712,0.7530558294470912,0.8129148655592686,0.8094297384380492,0.7640628322230594,1.2926709248159343,0.9945161543373316,-0.5682567105831294,-0.45717012782786304
2018-03-12,1.0159807067218771,0.7806028356804776,0.9748395301831579,0.7707068999116967,0.8830780780017062,0.7487873915679936,1.2463898585308226,0.9661352594786056,-0.2304091518089455,-0.465787022850345
2018-03-13,0.88616239553603,0.7478033658087555,0.8739727962834796,0.7451849657542352,0.8480383202606082,0.7392972021627563,1.0386553516332842,0.9496933177704225,-0.1524929560972541,-0.29085198582452865
2018-03-14,0.8490297454329617,0.8449574126744267,0.8456767860799023,0.8201242479175433,0.8386545855254298,0.7666223403388149,0.993989856051212,0.9632911520786507,-0.14496011061825032,-0.14903244337678534
2018-03-15,0.7971469125570544,0.8918951937507182,0.8066405159551161,0.8556553637266061,0.8260516785658087,0.7790368100435625,0.980253148563549,0.9244732225214953,-0.18310623600649456,-0.08835795481283071
2018-03-16,0.7097390189870716,0.8387700761162011,0.7424276354379064,0.8154092249469665,0.8062298280868282,0.7649499807602441,0.9507646612184889,0.8827492920514568,-0.24102564223141731,-0.11199458510228777
2018-03-19,0.6348994543348381,0.7611675347613964,0.6893485671820055,0.7556124421873947,0.7907507397913847,0.7431986280272914,0.9435917509620081,0.9369286192266593,-0.30869229662717,-0.18242421620061167
2018-03-20,0.8949377533620834,1.0613608854172718,0.8806997546023769,0.9807698244996855,0.850298991695329,0.8203639086281086,0.9265055123406413,0.9269762543117623,-0.0315677589785579,0.13485537307663054
2018-03-21,0.7839652971416652,0.9505174562167641,0.7968245402747826,0.8994713104606643,0.8229469813681682,0.793912686261413,0.9296253150710877,0.9206061102386446,-0.14566001792942251,0.02089214114567639
2018-03-22,0.7054030844055427,0.9063338581387812,0.7393002892972469,0.8665033835396964,0.8052945212153949,0.7827630802339355,0.9428204633840271,1.0829838602276474,-0.23741737897848447,-0.03648660524524594
2018-03-23,1.392440779993555,1.5708897643584372,1.2786837699240812,1.3339926348685467,1.0012727439353022,0.9217306173415724,0.9504269501235656,1.098690221745979,0.4420138298699894,0.6204628142348716
2018-03-26,1.594773622501666,1.8928508146520804,1.4461962023988266,1.5440975822214944,1.0728550188036563,0.9742344704834556,1.0422525388644859,1.2496933945495163,0.5525210836371801,0.8505982757875945
2018-03-27,1.843375165886819,1.6701489425080738,1.6543803577798168,1.3996792309767925,1.166609601552905,0.938665183717239,1.0884058348208812,1.2738131247112714,0.7549693310659378,0.5817431076871926
2018-03-28,1.7814997826848242,1.8522468435502597,1.6023702112430604,1.518052242301517,1.1427519760057792,0.9679773300908572,1.0951779898456926,1.2607198680672151,0.6863217928391316,0.7570688537045671
2018-03-29,1.5229047515107124,1.6722681632028746,1.3864596768088817,1.4010723295154126,1.046889510233627,0.9390189338078868,1.1158664714333155,1.2648883873848604,0.40703828007739684,0.5564016917695591
2018-04-02,1.4386888549493146,1.442255504230013,1.3375345354637758,1.2497220027503968,1.073023420459465,0.9056062975504358,1.145255313155861,1.3412119860658425,0.2934335417934537,0.297000191074152
2018-04-03,1.6301058110112965,1.8155174403627596,1.5002198282314636,1.4962805944274702,1.1521739779165532,0.9687940358817227,1.1433268631959421,1.348070317552075,0.48677894781535436,0.6721905771668175
2018-04-04,1.5093321155168382,1.5851362194828764,1.397380156388529,1.3455744771248601,1.1017354882748984,0.931024969419165,1.2222930499891074,1.3741864178557568,0.28703906552773084,0.36284316949376905
2018-04-05,1.379823247622274,1.3947130386964364,1.2878683936042448,1.2173763744704804,1.0495873140102159,0.8967543893659976,1.2253984181296766,1.3901006229320931,0.1544248294925974,0.16931462056675972
2018-04-06,1.236968648150038,1.2350820693991609,1.1682526035438618,1.1069468761930819,0.99476180977471,0.8653744512658523,1.2697588613559523,1.4612707795700508,-0.032790213205914354,-0.03467679195679141
2018-04-09,1.5295458224873502,1.6892958473726924,1.4145485543956837,1.414263938009298,1.1100624784539281,0.9485511857778989,1.3028705010518509,1.3982011108382428,0.2266753214354993,0.3864253463208416
2018-04-10,1.3311802606377496,1.474790690165835,1.2469825708239166,1.2717235251526442,1.0305797534138685,0.9115457795495,1.3257283735019483,1.460568144296908,0.005451887135801359,0.1490623166638867
2018-04-11,1.3485434021313158,1.3087095727564444,1.261559691545746,1.158244430160594,1.037325994547424,0.8801837543185702,1.342702021853421,1.4589566158561935,0.005841380277894936,-0.03399244909697652
2018-04-12,1.1988416391421002,1.2804976723574883,1.136585330904158,1.1386649021652921,0.980666023249273,0.8745806217844166,1.3339889058903505,1.475173923974104,-0.13514726674825028,-0.053491233532862115
2018-04-13,1.0970730206654487,1.1406089797037229,1.0527088192131162,1.0401367719351307,0.9442722489195736,0.8454283344300227,1.3364303201269774,1.4754612309334008,-0.23935729946152873,-0.1958213404232545
2018-04-16,0.9714060032254763,1.0894252829815245,0.9507395934590257,1.0034400855437908,0.9020601623205554,0.8341299650096157,1.3420220861036949,1.4907961363363664,-0.37061608287821857,-0.25259680312217037
2018-04-17,0.9202655691644713,0.980889710016341,0.9098767895478191,0.9243475464692402,0.8858367593492024,0.8088679696475208,1.3502037557989084,1.4836825296866245,-0.42993818663443706,-0.36931404578256743
2018-04-18,0.9327957711722118,0.8918121739332592,0.9198500341453806,0.8580028865212567,0.8897575928330311,0.7866132674331894,1.3204244668819243,1.483240512448075,-0.3876286957097125,-0.4286122929486651
2018-04-19,0.820243890183994,0.8067500662541122,0.8312984395181711,0.7932878292341655,0.8558678939406645,0.7638425281079049,1.3274028711339567,1.4878179889077527,-0.5071589809499627,-0.5206528048798446
2018-04-20,0.7860848218529222,0.8731441143738959,0.8049431452146316,0.8439198110416402,0.8462021050068307,0.7817519042805521,1.322985999083575,1.3827868171537177,-0.5369011772306529,-0.4498418847096791
2018-04-23,0.8241677221337468,1.004169048261653,0.8343429277019752,0.9414657959805179,0.8569973569714051,0.8144468759990556,1.2906562753988742,1.2819031200507343,-0.4664885532651274,-0.2864872271372212
2018-04-24,0.7326369294692684,0.9145610726495444,0.7642898048918041,0.8750781269085717,0.8316971225361514,0.7924410291209704,1.3038423148144513,1.1758617068862989,-0.571205385345183,-0.3892812421649069
2018-04-25,0.9388860187750546,1.1796120281495146,0.9247068291536308,1.0678598307135567,0.8916761360159352,0.853799560523732,1.2334035848374008,1.1086519141464075,-0.29451756606234614,-0.053791556687886155
2018-04-26,0.8291173284417074,1.0510322177834595,0.8381881288342458,0.9756672787630878,0.8584276365798689,0.8254061526989456,1.1922027614670347,1.1251158975660531,-0.36308543302532736,-0.1411705436835753
2018-04-27,0.8559719584320037,0.9504560706656776,0.8591413498277785,0.90183430685129,0.8662944211610412,0.8014315442548781,1.1767975351238646,1.0922938601741512,-0.32082557669186096,-0.22634146445818704
2018-04-30,0.7573697541696379,0.8567197628973213,0.7830079537373476,0.8314751026250841,0.8383134501305357,0.7774136868170775,1.146064683790143,0.9793264786628062,-0.388694929620505,-0.2893449208928216
2018-05-01,0.7833551287074588,0.9356866065833708,0.8002093304796228,0.8901051413092506,0.8368407827292917,0.7946360481449735,1.083482155286566,0.9422191762986534,-0.3001270265791073,-0.14779554870319533
2018-05-02,0.7014517760348208,0.8458771631829574,0.7383856842005038,0.8222261825539827,0.8152899709288215,0.770924707286252,1.0608289169494671,0.926702534872495,-0.35937714091464634,-0.21495175376650977
2018-05-03,0.721838741367215,0.9333859409727481,0.7535977923796318,0.8883842050294406,0.8204834619065017,0.7940489701216575,0.9850055521112837,0.9085276617873486,-0.26316681074406867,-0.05161961113853564
2018-05-04,0.6641142107230323,0.8996818961157876,0.7108673754789813,0.8630675421629916,0.8060830985645565,0.785330006673126,1.0062159509702377,0.7959197387623564,-0.3421017402472054,-0.10653405485445011
2018-05-07,0.823704971129371,0.8251174792702316,0.8312973027604013,0.8063209274960524,0.8481081798815164,0.7651951430451484,0.9276270569693373,0.7928742012092875,-0.10392208583996632,-0.10250957769910574
2018-05-08,0.7427781088081863,0.7529837764200517,0.7693488663164489,0.750369977791569,0.8259370609495813,0.7444656511325001,0.885177781200721,0.7139650159014995,-0.1423996723925347,-0.13219400478066934
2018-05-09,0.6677784959838726,0.698109149152929,0.7135473418384756,0.7070366235679288,0.806968920712994,0.727744539970439,0.8452411939964042,0.7299897576813263,-0.17746269801253156,-0.1471320448434752
2018-05-10,0.7324063281182651,0.6493825182409438,0.7615314057560008,0.6679439566025612,0.8232207854698714,0.7121072711107154,0.8179620775486509,0.7361030790642213,-0.0855557494303858,-0.16857955930770707
2018-05-11,0.7684278721768555,0.6069119253444842,0.788807098373214,0.6333560995891327,0.8327788771102008,0.6977930937140907,0.8078375210994984,0.730834435053403,-0.03940964892264287,-0.20092559575501412
2018-05-14,0.6959029896166815,0.5642777484087539,0.734267445623958,0.5981098852246737,0.8138965887174976,0.6827002839841226,0.7911906518123448,0.7134448556392818,-0.09528766219566331,-0.22691290340359094
2018-05-15,0.6292059351956886,0.5246990624618464,0.685579206273061,0.5648763537793174,0.7978419687658996,0.6679570590526273,0.7906097067940411,0.6969582204214245,-0.1614037715983525,-0.2659106443321947
2018-05-16,0.6758062021492262,0.6757726261176971,0.7194347349688546,0.6891913480479084,0.8089231726564702,0.7206744373843268,0.7765043377572292,0.7027113998879879,-0.100698135608003,-0.1007317116395321
2018-05-17,0.6334286819277468,0.6251436429458227,0.6886140211266712,0.6482653310617761,0.7988196476447417,0.7040210715818269,0.7814934257035151,0.6896462642503655,-0.14806474377576828,-0.1563497827576924
2018-05-18,0.5837670527749584,0.6060557729818146,0.6533820102688113,0.6326536341008117,0.787664326267511,0.697497430689123,0.7684975737148744,0.6604129924708538,-0.18473052093991593,-0.1624418007330598
2018-05-21,0.56034752302339,0.6276141395888494,0.6371419023422775,0.6502784065102171,0.7826686725887839,0.7048551771111725,0.764512812234565,0.6760715959995893,-0.20416528921117505,-0.13689867264571565
2018-05-22,0.6077829159071665,0.586347367852516,0.6702917444194406,0.6164236208074715,0.7929648265653744,0.6906090424263546,0.7590149597270576,0.5891127367793381,-0.15123204381989108,-0.17266759187454161
2018-05-23,0.5821077176857389,0.6174058986722293,0.6522230155246713,0.6419492044044545,0.787304700853028,0.7013935836709874,0.7101863452526559,0.5893125070426445,-0.128078627566917,-0.09278044658042661
2018-05-24,0.546511694625828,0.5731477757270771,0.6276712815527888,0.6054884693409485,0.7797990625256714,0.6859044759400199,0.6993700969024037,0.5612246795063963,-0.15285840227657566,-0.1262223211753266
2018-05-25,0.5268268352188805,0.5885659948082578,0.6143654545091498,0.6182564380822643,0.7758225582117364,0.6913925044002166,0.6860921008991604,0.5669452095031905,-0.15926526568027988,-0.09752610609090262
2018-05-29,0.5161746638296745,0.6097817116349439,0.607251759975215,0.6357091904098439,0.7737233523935471,0.6987820197999807,0.7137788093862651,0.6035702235607658,-0.19760414555659067,-0.10399709775132127
2018-05-30,0.7492571112870893,0.886566118484563,0.7742473401983252,0.8531611271895734,0.8276486397730082,0.7818752636183344,0.72014438330688,0.6644122218241837,0.029112727980209252,0.166421735177683
2018-05-31,0.886919585312688,0.8143010582345948,0.8807028454567521,0.7979999665076161,0.8665721639184274,0.7621698128658139,0.7007705860416875,0.6606895358908055,0.18614899927100048,0.11353047219290724
2018-06-01,0.8444218986135152,0.8684755624349707,0.845413210148539,0.8369541403141508,0.8475977697249006,0.7703000368051318,0.6983524340088708,0.6798127805310162,0.14606946460464443,0.1701231284260999
2018-06-04,0.8570781836214653,0.7930106631049696,0.8552389115979931,0.7795343844646857,0.8511640041223375,0.750111523441141,0.6367189716122946,0.6345527802275875,0.22035921200917064,0.15629169149267497
2018-06-05,0.7824670601541909,0.7255502141711206,0.7978166404841612,0.7271881175041046,0.8307024021229424,0.7308782968714304,0.576725438828125,0.6335044285855729,0.20574162132606588,0.14882477534299565
2018-06-06,0.6998073994599053,0.6652018572423405,0.7358240997978284,0.6794539178073608,0.809689856153634,0.712568332102814,0.5786710279445899,0.6501999676605039,0.12113637151531542,0.08653082929775058
2018-06-07,0.7221841778298379,0.6175807216449268,0.752414726162203,0.6411175904217605,0.815198885661346,0.6972708349074086,0.5706485314689967,0.6255275397084015,0.15153564636084116,0.04693219017593009
2018-06-08,0.6521529783247871,0.5836855218758306,0.7010308444541677,0.613438106429874,0.7984190273025095,0.6858659464357383,0.5595427960360433,0.5990390022461961,0.09261018228874385,0.02414272583978727
2018-06-11,0.603240781177732,0.5434928437894719,0.6661808921359107,0.58015629509382,0.7875268950361592,0.6717174336860939,0.5548076222664243,0.5973622034718878,0.04843315891130773,-0.011314778476952392
2018-06-12,0.5565355424849607,0.5073539917170161,0.6338492898325563,0.5497701241271474,0.7777917772059131,0.6583488186888498,0.5532157779478644,0.5972385758372587,0.00331976453709637,-0.045861786230848245
2018-06-13,0.519839741550584,0.4755790193530674,0.6091925779664575,0.5226611026780004,0.7706155029594878,0.646025618506356,0.5515466739617707,0.5765112939119271,-0.03170693241118672,-0.0759676546087033
2018-06-14,0.5232680700590235,0.5330606231752439,0.6114658860161778,0.5714312494212952,0.771267978470013,0.6679245991760178,0.5350801618546887,0.573224311723986,-0.011812091795665114,-0.00201953867944471
2018-06-15,0.5000279597096088,0.49891525854947333,0.5961853434179697,0.5426076318662904,0.7669185256709683,0.6551305880228673,0.548057554959062,0.5741060601732494,-0.04802959524945327,-0.049142296409588726
2018-06-18,0.4846459525279925,0.5064020451559949,0.5862457082422915,0.5489634541942822,0.7641354880755514,0.6579876852585641,0.5587709702023753,0.5726996453770633,-0.07412501767438284,-0.052368925046380466
2018-06-19,0.48151789214670165,0.5314178194804742,0.5842421599204985,0.5700539019760057,0.7635789589889624,0.6673225495232443,0.5983332962073296,0.5629331145110028,-0.1168154040606279,-0.06691547672685538
2018-06-20,0.5074457775652368,0.5972212123206637,0.6010290607880515,0.6245325845405676,0.7682879790147938,0.6904751919066963,0.5882085643668628,0.557602768152682,-0.08076278680162596,0.009012647953800967
2018-06-21,0.48324826612795185,0.5545556081728209,0.5853497231280872,0.5893688853277084,0.7638864233653929,0.6756836282969644,0.5897102716131766,0.5775550542444989,-0.10646200548522472,-0.03515466344035567
2018-06-22,0.5646452054336172,0.682471446583324,0.6393905564107697,0.69320681328437,0.7794343737009103,0.7179241554704918,0.5857920670808715,0.5754482703463338,-0.021146861647254322,0.09667937950245253
2018-06-25,0.5278658211866866,0.6286538002936258,0.6145247289813784,0.6500875940338414,0.7721488739964507,0.7009004533728023,0.6182005273789518,0.6561541696086735,-0.09033470619226525,0.010453272914674017
2018-06-26,0.8295628105330786,0.973593657580904,0.833919833505347,0.9151604451370793,0.8434597800772514,0.7964471505496729,0.6214086140153062,0.5979226390372497,0.20815419651777234,0.35218504356559777
2018-06-27,0.7412473809577146,0.877896736308214,0.7666651736890338,0.8440443889231943,0.8199984549252652,0.7727320646072006,0.623887914825417,0.552376225426678,0.11735946613229764,0.254008821482797
2018-06-28,0.7859438742625084,1.0002621257146893,0.800464098585097,0.9347018886094179,0.8316252473021841,0.8027601116363368,0.6212558454072166,0.5507874610725377,0.16468802885529188,0.37900628030747274
2018-06-29,0.7384689254066289,0.9024881717673915,0.7645817504090289,0.8624739923414789,0.8192929014944416,0.7789943365617461,0.633347747987132,0.5042539518510031,0.10512117741949689,0.2691404237802595
2018-07-02,0.6623039347555116,0.7944011363493944,0.706340717734532,0.7787689650207922,0.7919368006099473,0.7450396973684279,0.6450217713128046,0.4940804993640704,0.017282163442707055,0.14937936503658977
2018-07-03,0.6060599234270021,0.7251801433072607,0.6667020373853725,0.7253679568898089,0.7802082853302792,0.7257865557186419,0.6532450955941657,0.49845255591053367,-0.04718517216716356,0.071935047713095
2018-07-05,0.5913943833435601,0.7544579767637828,0.6565771868562162,0.7480860767011978,0.7772939209104751,0.7340831532136826,0.6683593926303413,0.49658743186694265,-0.07696500928678118,0.08609858413344151
2018-07-06,0.6430648160335424,0.6925189474134571,0.6926448913352736,0.6997838975289653,0.787827749553193,0.7162444632009637,0.671893346323913,0.5357277876381306,-0.02882853029037058,0.020625601089544143
2018-07-09,0.684975354907964,0.6392203987554145,0.7226483368738801,0.6574515276338715,0.7969058234420353,0.6999595535650424,0.6703181553794582,0.5697115889395266,0.01465719952850586,-0.031097756624043682
2018-07-10,0.7263643087696935,0.5932057782543514,0.7528520114909614,0.6202738822493181,0.8063233295385257,0.6851022553950405,0.668591335965541,0.5743599050197198,0.0577729728041525,-0.0753855577111896
2018-07-11,0.666944310744173,0.551684161934508,0.7096640796976301,0.586176204079128,0.792942755528487,0.6709729899374303,0.6852854723375237,0.5983379913325573,-0.01834116159335064,-0.1336013104030157
2018-07-12,0.7102790796300714,0.7109373400600585,0.7410505152692946,0.7142433049343928,0.8026109408277875,0.7216639407541835,0.6959228945347925,0.6272594467318247,0.014356185095278917,0.015014445525265985
2018-07-13,0.745188708617634,0.6552867625168193,0.7667594641766945,0.6702915578444159,0.8107510741678325,0.7049672475580094,0.6946585165775012,0.6254744642955116,0.05053019204013276,-0.03937175406068194
2018-07-16,0.6691097020138385,0.604904996861421,0.7112174879923367,0.6297848745336028,0.7934141397177327,0.6889555128247236,0.6902134859158389,0.6250011307414859,-0.021103783902000406,-0.0853084890544179
2018-07-17,0.6126067989312902,0.5902709019123883,0.671251510492091,0.617881471806513,0.7815287495584062,0.6841271363970806,0.6860712443446424,0.6272538079660724,-0.07346444541335218,-0.0958003424322541
2018-07-18,0.5832703340624905,0.549246274718536,0.6510091873223709,0.5841569377151652,0.7757056277741164,0.6701201573018233,0.6697868752905383,0.6186192528625937,-0.08651654122804775,-0.12054060057200222
2018-07-19,0.5438540409721564,0.5128376585837326,0.6244344205386889,0.5537584306018467,0.7682681924270738,0.6570500662567745,0.6384273078234481,0.6274159853440868,-0.09457326685129175,-0.1255896492397155
2018-07-20,0.549872781968125,0.5802002161297346,0.6284429865804145,0.609652112314788,0.7693747513214191,0.6807546229340918,0.6350103515421442,0.6073736721401735,-0.0851375695740193,-0.054810135412409644
2018-07-23,0.5213398957430531,0.5744347377494898,0.6096079706762877,0.6049266116158291,0.7642233502807435,0.6788050355141693,0.629732367997041,0.6074003063889278,-0.10839247225398796,-0.05529763024755119
2018-07-24,0.4949021174405373,0.5348156895089885,0.5925573174814335,0.5721633761657291,0.7596662970843919,0.6650159371591718,0.6351641527120828,0.5046789750781807,-0.14026203527154552,-0.10034846320309432
2018-07-25,0.5112853539117702,0.5009894307046339,0.6030760564797591,0.5437643940479846,0.7624655481238215,0.6526543320910609,0.5924782167035263,0.5256526307371258,-0.08119286279175608,-0.09148878599889243
2018-07-26,0.6008454291544136,0.4722079424717983,0.6630913962385563,0.519265986663265,0.7791651256356839,0.6416587466097329,0.5907529256100581,0.4773695979134661,0.010092503544355536,-0.11854498313825979
2018-07-27,0.5718450651576265,0.5094533204732211,0.6432295290675643,0.5509089777369378,0.7735037297202951,0.6558019158543135,0.5688879036614332,0.5141121918894299,0.0029571614961932946,-0.05943458318821204
2018-07-30,0.6335373429920528,0.6612944595016412,0.6859137118153311,0.6750749087642721,0.7858300115546805,0.7068172914642452,0.5567254700845186,0.5384081030128774,0.07681187290753422,0.10456898941712267
2018-07-31,0.6410618987108592,0.7427549948631442,0.6912269504211118,0.7390289366650417,0.7874057213375893,0.7307948412839707,0.5399206455276533,0.5435068295784401,0.10114125318320588,0.20283434933549094
2018-08-01,0.6148852783792529,0.6578942834190368,0.6710829290020767,0.6703061449288975,0.7759754573828528,0.698908590487504,0.5167873887791804,0.5355667447441039,0.09809788960007249,0.14110689463985637
2018-08-02,0.5754293338949605,0.6531959116630017,0.6440002947571172,0.6665673785970918,0.768347897322411,0.6974600556917815,0.5264592804005175,0.5220614794385499,0.048970053494443055,0.12673663126248425
2018-08-03,0.5750291669453598,0.6044753977257852,0.643729177306499,0.6274392876384407,0.7682727531725682,0.6819839995261316,0.503793618426168,0.5016673237077247,0.07123554851919178,0.10068177929961719
2018-08-06,0.5571515618631335,0.5617720631320164,0.6316943291773168,0.5925708181953746,0.7649616996991173,0.6676725180631595,0.4913590349168202,0.47314195233724105,0.06579252694631332,0.07041302821519624
2018-08-07,0.5361855229668476,0.5242886931557692,0.6177815943524279,0.5614822866705025,0.7611944782189641,0.6544586655412672,0.4864235275106574,0.47239993391281376,0.0497619954561902,0.037865165645111776
2018-08-08,0.5164799796577587,0.4912970629630272,0.6049160052214456,0.533713235185485,0.7577693167627908,0.6422607520080822,0.4858926833858855,0.4301196841063295,0.030587296271873232,0.005404379577141738
2018-08-09,0.49103077567269426,0.480477549922158,0.5886246729346039,0.5245182228579733,0.7535140414859356,0.638133938865327,0.46070193626051703,0.3962431217412401,0.030328839412177233,0.01977561366164099
2018-08-10,0.4786640934459643,0.4923508487627108,0.5808484629007614,0.5346064098873733,0.7515155932021321,0.6426592271503285,0.4626511754606632,0.43240236157920175,0.01601291798530108,0.02969967330204759
2018-08-13,0.5730210357185703,0.6424568509547264,0.6423697733846169,0.6579994095606134,0.7678963410408993,0.6941211230107349,0.4724284397802976,0.44231899877768754,0.10059259593827274,0.1700284111744288
2018-08-14,0.5704227986174774,0.6883066077744202,0.6406137006986607,0.6943674897585747,0.7674109989495291,0.7081113917537368,0.4802662812282289,0.4549917951996879,0.09015651738924846,0.2080403265461913
2018-08-15,0.5886578928580775,0.6351567544312635,0.6530041093580544,0.652157207099767,0.7708571895289353,0.6918287079810673,0.4983852186469152,0.4878283146490617,0.09027267421116225,0.1367715357843483
2018-08-16,0.6623880818381085,0.7790692825873516,0.7045314050831515,0.7648404193098078,0.7857198875139957,0.7339621869648367,0.5198989160959319,0.5092726439621043,0.14248916574217663,0.2591703664914198
2018-08-17,0.6888432033175733,0.7138425846017562,0.7235145085350619,0.7143908045877967,0.7914047909347354,0.7156179700944093,0.5198844778459121,0.5109496815319232,0.16895872547166124,0.19395810675584413
2018-08-20,0.6359603625021628,0.6563972558483869,0.6858160734336918,0.6691155118527157,0.7802241703832319,0.698447848499687,0.5193701094540777,0.5112499759658254,0.11659025304808512,0.13702714639430924
2018-08-21,0.5846532903936194,0.6062990530903094,0.6502700573799115,0.6289160635821609,0.7700924142319205,0.6825789567350505,0.5228344312884581,0.503525180182845,0.06181885910516127,0.08346462180185132
2018-08-22,0.5456987011158173,0.5627995659388745,0.6240666312240633,0.5934164833711811,0.7628882213652074,0.6680257961624616,0.5047431966723579,0.4707553747288228,0.04095550444345941,0.05805636926651658
2018-08-23,0.5142779843494261,0.546915660611338,0.6034916130863357,0.5803052080170668,0.7573935975333849,0.6625124834409672,0.4990423031690735,0.46815009115136624,0.015235681180352567,0.04787335744226451
2018-08-24,0.49566873239687487,0.5494489593802803,0.5915652302051241,0.5824018509645593,0.7542752797443684,0.66339935165048,0.4943488726656422,0.45129602552930626,0.0013198597312326643,0.055100086714638064
2018-08-27,0.5297765029961633,0.5141771903382663,0.6135741366792606,0.553013334639477,0.7600681140183712,0.6507795944714694,0.4778829930180047,0.4500034154669182,0.051893509978158614,0.03629419732026157
2018-08-28,0.5951997739169391,0.4837453724713934,0.6574857641247618,0.5273001444189311,0.7721160957925803,0.6393872617957784,0.4695954934158965,0.4443371519713181,0.1256042805010426,0.014149879055496861
2018-08-29,0.5492426661461419,0.45473921899150227,0.6264198982379667,0.502458798990009,0.763525835008867,0.6280442967270335,0.46391239324433337,0.445726899017623,0.08533027290180856,-0.009173174252831096
2018-08-30,0.5550172265560104,0.43050863466738093,0.6302678779203159,0.48143969592650365,0.764572453985155,0.6181678050522479,0.46341583034835354,0.45603253691671847,0.09160139620765684,-0.03290719568097261
2018-08-31,0.5627429609994135,0.5163492774844058,0.6354418517488262,0.5548356409258381,0.7659875558958414,0.6515742154042613,0.4401397503480058,0.45170630769249476,0.12260321065140767,0.07620952713640006
2018-09-04,0.5213545006401307,0.47099263790502693,0.6044808374902725,0.5134782436784426,0.7491339977771576,0.6235673519844663,0.44779697622570647,0.45211941378291154,0.0735575244144242,0.023195661679320467
2018-09-05,0.504112755671565,0.49223852447191857,0.5933065722810233,0.5315165978365893,0.7461946913238559,0.6316937560101366,0.4530616962900632,0.455244313035609,0.051051059381501784,0.03917682818185536
2018-09-06,0.5034161283450734,0.5337067089345336,0.5928586439506959,0.5662463971730609,0.7460777714316791,0.6468672009838228,0.46405619947932814,0.46195330892588915,0.0393599288657453,0.06965050945520551
2018-09-07,0.5076995329866284,0.5771255950202355,0.5956172853781954,0.6019865596744354,0.7467989528237985,0.6618863709581831,0.48125734165429335,0.4633429940723736,0.026442191332335052,0.09586825336594218
2018-09-10,0.496354771451991,0.5896076576006093,0.5883342173829057,0.6121513953837207,0.7449007190383202,0.6660556856387458,0.48852178554870207,0.43205026074421155,0.007832985903288903,0.10108587205190722
2018-09-11,0.4738662074791838,0.5479553626671662,0.5741256556484737,0.5780425062695667,0.7412510983697649,0.6518881773322723,0.48209178929755625,0.4210148675928994,-0.008225581818372463,0.0658635733696099
2018-09-12,0.4690281878099702,0.5116946813395535,0.5711103496315558,0.5478873427781648,0.740485787095822,0.6389209789316408,0.47436429095716653,0.4035375673473185,-0.005336103147196347,0.037330390382387
2018-09-13,0.45181078264423735,0.4845567978145639,0.5605044262733287,0.5250145199602151,0.7378197529653938,0.6287846837511467,0.47371779576817197,0.366078100041244,-0.021907013123934616,0.010839002046391932
2018-09-14,0.49657430049511453,0.45621751274428646,0.5884744341863889,0.5008294794219039,0.7449370895774496,0.6177619909096852,0.4440791263217011,0.3336674667267415,0.05249517417341343,0.012138386422585357
2018-09-17,0.4728298914742307,0.4370274226002814,0.5734785035208902,0.4842671164437155,0.7410865725108648,0.6100201460797319,0.4217977151554595,0.358656916418028,0.051032176318771216,0.015229707444821883
2018-09-18,0.5323131298038836,0.5550307230511939,0.6116681872104119,0.5838751752104832,0.7510473486874358,0.6543471915602116,0.4199291198642736,0.37254760637289747,0.11238400993960995,0.13510160318692033
2018-09-19,0.5423354254756414,0.5181927871633039,0.6182970121549481,0.5533246176042265,0.7528276784068252,0.6412914788718657,0.4180569558487014,0.3710528206849544,0.12427846962694,0.10013583131460246
2018-09-20,0.507353731070029,0.48522496419306893,0.5953941872189306,0.525580964360677,0.7467405306060396,0.6290390070019327,0.44091170646942063,0.40261185826006807,0.06644202460060838,0.0443132577236483
2018-09-21,0.5842851864546639,0.45710960918435545,0.6465818664836149,0.5015956907942836,0.76059062716982,0.618116246644698,0.4421350651840016,0.40130209757438023,0.1421501212706623,0.014974544000353862
2018-09-24,0.5453925745116038,0.4615622858341205,0.6203293331793602,0.505415198039331,0.7533765005055977,0.6198771592171542,0.44304029245909193,0.3979776917977874,0.1023522820525119,0.018521993375028578
2018-09-25,0.5429558878963882,0.5228675040285683,0.6187090960762764,0.5572270055219185,0.7529388471487627,0.6429838510023668,0.44190830559800504,0.3632643180601304,0.10104758229838312,0.08095919843056326
2018-09-26,0.5136194274952909,0.5196045797739296,0.5994471176617379,0.55450396604065,0.7478045588868772,0.6418037184027208,0.45077908583156984,0.371060787247647,0.06284034166372104,0.06882549394235976
2018-09-27,0.5147774034156554,0.5645743918722755,0.6001985726364231,0.5917170952747577,0.7480024668224761,0.6576292155543146,0.4581693530466698,0.3564398543878354,0.056608050368985585,0.10640503882560576
2018-09-28,0.4945270003831758,0.5261976117593549,0.5871679022106423,0.5600023049697487,0.7445984581951111,0.6441829295147004,0.4610250372638623,0.3428457968287194,0.03350196311931353,0.06517257449549257
2018-10-01,0.46611758024484373,0.4778947117367886,0.563962528088614,0.5176975418707621,0.7300090422664202,0.6217427802478583,0.4699290163139518,0.34997844829892577,-0.003811436069108054,0.007965695422836816
2018-10-02,0.46397944509165423,0.4501469660294317,0.5626146308025343,0.4938372064693044,0.7296553854428097,0.6104863121878911,0.4672830465778658,0.3471342285314913,-0.0033036014862115604,-0.017136080548434074
2018-10-03,0.44998728725344633,0.4471335173770105,0.5538684739931643,0.4912275245531238,0.7273770507644218,0.6092351005395511,0.4705057970995728,0.33876428057935076,-0.020518509846126465,-0.023372279722562284
2018-10-04,0.43533889731329856,0.42213327129428474,0.5448556922092469,0.4694307623204783,0.725059294569362,0.5986218508239465,0.49726137953282284,0.38114151648027766,-0.06192248221952429,-0.0751281082385381
2018-10-05,0.5772000578362981,0.6162529603606225,0.6376113749423733,0.6326808824967963,0.7503313108318972,0.6719548103104731,0.5178973059660616,0.40153542964024347,0.05930275187023648,0.09835565439456084
2018-10-08,0.6071278504847554,0.7093356215070077,0.658492844368485,0.7069307311960875,0.75643752002752,0.701456178811092,0.525853418705811,0.40005745396146,0.08127443177894433,0.18348220280119665
2018-10-09,0.5582110774113106,0.6615943731070157,0.6245680585826193,0.669124167376146,0.7465925581328064,0.6866853597730288,0.5300281794463558,0.3946585692978184,0.028182897964954767,0.1315661936606599
2018-10-10,0.5283113616858126,0.6510147764175825,0.6043832131919167,0.6606692758554814,0.7409234365398667,0.6833125240845094,0.5957284608051159,0.8190655291162495,-0.06741709911930327,0.05528631561246666
2018-10-11,1.5769165988685994,1.8093414468110267,1.4321039103430373,1.4796934175441157,1.0592472465794156,0.9337175053101517,0.7123945546860505,0.9181127735113647,0.8645220441825489,1.096946892124976
2018-10-12,1.7173199750664614,2.0771046699760576,1.55051408805093,1.6498819236317235,1.1144802790404331,0.9739198557834801,0.8406699380468589,0.9911910629854895,0.8766500370196025,1.2364347319291986
2018-10-15,1.5938051181529977,1.7978574764773585,1.4463092265227548,1.472279946881399,1.0657884120621008,0.93190332788441,0.8520022090197285,0.9917167833610919,0.7418029091332693,0.94585526745763
2018-10-16,1.4058232205394747,1.6878046336770987,1.2888934346832777,1.4007163455846656,0.9947531892286123,0.9140954826561156,0.885820903110331,1.117501970937561,0.5200023174291437,0.8019837305667676
2018-10-17,1.542887256176475,1.4807607004473362,1.4035156838956389,1.2633244549266958,1.0461579345587233,0.8782757524514853,0.9073662593000256,1.1165589053101042,0.6355209968764495,0.5733944411473106
2018-10-18,1.3327383221621074,1.3103783235446247,1.228176591142914,1.1471944741045514,0.9682869255440707,0.8460876810868672,0.9399251930920554,1.127317581383042,0.39281312907005206,0.37045313045256933
2018-10-19,1.3489667301998016,1.4955702867172271,1.2416314165325446,1.2732808602261767,0.9741028960098211,0.8809494943089451,0.9476243001584311,1.127672982635411,0.4013424300413705,0.547945986558796
2018-10-22,1.1707427407899937,1.3367540574945964,1.0948725178850192,1.1653711727520348,0.9123080905828455,0.8512535593105761,0.9524857479802264,1.1282813847678395,0.2182569928097673,0.38426830951436997
2018-10-23,1.047531777876683,1.285588157999349,0.9950113067511522,1.1300399102425245,0.8725586985538484,0.8411660869159135,1.0585867428345648,1.12844173132405,-0.011054964957881719,0.22700141516478411
2018-10-24,0.9550945492270643,1.2561125656790952,0.9212468492438814,1.1095518445437689,0.8445743928125388,0.835227748914707,1.1040191978890026,1.2875426674417783,-0.14892464866193833,0.15209336779009264
2018-10-25,1.6613701125857203,1.9293316498194604,1.5032461368633707,1.5565730206307997,1.0922435422774683,0.9522111233888665,1.1435123031561536,1.3725931370704478,0.5178578094295667,0.7858193466633068
2018-10-26,1.627912889895114,1.6781535853414682,1.4750311186906224,1.394394384007897,1.0790871500165709,0.9124957725103078,1.2796259669012602,1.4043694795519748,0.3482869229938539,0.398527618440208
2018-10-29,1.6369128005849467,1.8632782271438657,1.4826169997169203,1.5143806791930587,1.0826155182011876,0.9421327863858331,1.4073122449072084,1.391626222511085,0.2296005556777383,0.4559659822366573
2018-10-30,1.4407411415493652,1.739484480940849,1.3180072571992891,1.434440936168257,1.0076384148492574,0.9225552805396036,1.4206555229822413,1.4577358376614844,0.020085618567123875,0.31882895795860766
2018-10-31,1.398304158806742,1.5217686883477417,1.2826327075494306,1.2908431222170647,0.9919983930123003,0.8856346928959986,1.449795712199149,1.49221569349569,-0.051491553392406963,0.07197297614859277
2018-11-01,1.3032440482556158,1.3190115724071008,1.2141935781158055,1.158343111465148,0.9928489130723434,0.8630068156567103,1.4583141724122073,1.5222137625623706,-0.1550701241565915,-0.13930260000510652
2018-11-02,1.219741372845016,1.1699313407385734,1.1453233757128323,1.054236426606216,0.9634468869126822,0.8326612028117741,1.4738664708646054,1.5225464468013972,-0.2541250980195895,-0.303935130126032
2018-11-05,1.1086148221377634,1.1835806551141146,1.0546043948995771,1.063881859597471,0.9260603406152182,0.835548727545443,1.4688756328332033,1.5328958522468585,-0.3602608106954399,-0.28529497771908874
2018-11-06,0.9965414492178398,1.057669758572723,0.9644736399825389,0.973954302771692,0.8906027650408479,0.8079658618184087,1.4636592420002568,1.5456494932398157,-0.46711779278241694,-0.4059894834275337
2018-11-07,0.9146696265701173,0.9510193101387489,0.8997312388383987,0.8959702316807122,0.8662865848494666,0.7827375885519626,1.4774469623173592,1.4587846460186495,-0.5627773357472419,-0.5264276521786103
2018-11-08,1.2265636840418324,0.8559534486422637,1.1509294875595313,0.8248587537761459,0.9658087190006616,0.7585167669233335,1.4546817746384182,1.3591340909033194,-0.22811809059658583,-0.5987283259961544
2018-11-09,1.0786746400194511,0.8281603243073785,1.0303775008388643,0.8037542957121154,0.916355920461382,0.7510807701028868,1.4168578582210294,1.3493078463046426,-0.33818321820157826,-0.5886975339136509
2018-11-12,1.0615506877966656,0.9983100603795859,1.0165674052966367,0.930769945080028,0.9108798937413951,0.7941570981271837,1.3583562765516717,1.4110730566505392,-0.29680558875500607,-0.36004621617208576
2018-11-13,1.2861688931431448,1.3903112544529297,1.2000675174884916,1.2072282184606422,0.9867509441217994,0.8766735200137736,1.3670846669111492,1.3129796198335015,-0.0809157737680044,0.02322658754178053
2018-11-14,1.128772102661452,1.27923863057332,1.0709701491473769,1.130827876966197,0.9326847908572226,0.855156659683248,1.3799205244678052,1.3176413168773984,-0.25114842180635333,-0.10068189389448512
2018-11-15,1.0482765582038092,1.2946931579382346,1.0058863619558454,1.14154096695077,0.9066729902962257,0.8582270545972969,1.4043128609293511,1.3092148185659624,-0.356036302725542,-0.10961970299111656
2018-11-16,1.0195485081669782,1.1496203902525761,0.9828463415830195,1.0398385680331486,0.8976843491085812,0.8283203280671493,1.3973384947402416,1.311187614586012,-0.37778998657326346,-0.2477181044876655
2018-11-19,0.902922649482716,1.0298782516857445,0.8905321462329187,0.9538025443661785,0.8629154703939096,0.8015703412297275,1.4013179340527566,1.3607029238280524,-0.49839528457004056,-0.3714396823670121
2018-11-20,1.1350887656171802,1.3585899540138633,1.0761073795083205,1.1855473615867715,0.934775447555099,0.8706554084529923,1.4423645897543034,1.4145940160399348,-0.3072758241371232,-0.08377463574044008
2018-11-21,1.3260526486176416,1.6519286544504532,1.2330949094233514,1.3822413441887964,1.001060544517396,0.922966282317626,1.375885849756456,1.2416570999445562,-0.04983320113881429,0.27604280469399733
2018-11-23,1.1621151643676262,1.4487655535636832,1.0981325658030059,1.2469049795874956,0.9437985538571069,0.8875156983254131,1.3538496742127493,1.1754607736050509,-0.19173450984512308,0.09491587935093393
2018-11-26,1.0724354794365214,1.4305114240970422,1.0253417488321568,1.2345522781974896,0.9143543732695971,0.8841633881468992,1.3340225652369722,1.1689843624721343,-0.26158708580045076,0.09648885886007008
2018-11-27,1.166641038877623,1.261496532348912,1.1018278767711729,1.1184946915710816,0.9453217771124685,0.8515995303721983,1.2119276671467831,1.162025369872761,-0.04528662826916019,0.04956886520212889
2018-11-28,1.0287080201068743,1.123802249980501,0.9901807142022276,1.0214576342988373,0.9005328161098493,0.8227240833938593,1.092021991307716,1.224839773301574,-0.0633139712008417,0.03178025867278489
2018-11-29,1.3428366029020589,1.0022380806639468,1.247026197802931,0.9336443144484248,1.0071504723492906,0.7950884040596766,1.081350364470114,1.2066322651661898,0.26148623843194496,-0.07911228380616708
2018-11-30,1.177757198393785,0.9604374296683627,1.1109122522121158,0.902929816572231,0.9490776531741317,0.785043084627328,1.0470426779789057,1.1911379675832885,0.1307145204148792,-0.08660524831054306
2018-12-03,1.0679217347944705,0.8529731005345793,1.026694869348409,0.8258648380120409,0.9259394260927091,0.7655787579330776,1.10362093228175,1.2140366875063475,-0.035699197487279566,-0.25064783174717076
2018-12-04,1.0928014065468539,0.7767835036305504,1.0470993315183899,0.7664637012994472,0.9346696188406713,0.7427789529949896,1.11734760684759,1.429864066172262,-0.024546200300736176,-0.34056410321703967
2018-12-06,1.7785898722786413,1.823963692818444,1.6267788699098518,1.5143817455970388,1.211861527890518,0.9786945641157473,1.229396724239399,1.420708230008801,0.5491931480392422,0.5945669685790449
2018-12-07,1.5529324453936342,1.638880512781333,1.4334078106738923,1.3904782014462127,1.1142040286770143,0.9454355402524723,1.2829850602216044,1.4053442168586254,0.26994738517202976,0.35589545255972865
2018-12-10,1.7314160023316352,1.9900337511232544,1.5862143275419087,1.6234021694082823,1.1910401948590874,1.0066432641769685,1.3248569575851414,1.4097159390650573,0.40655904474649374,0.665176793538113
2018-12-11,1.5100907044579406,1.7378353005015332,1.3969132001949203,1.4570561696442357,1.0962662816720126,0.9635163938957066,1.3760095510110215,1.4020908261476386,0.13408115344691907,0.3618257494905117
2018-12-12,1.3204278963731957,1.5335069716844894,1.236446452529194,1.3186802758727347,1.0196016920759843,0.9253500367342447,1.396781499667208,1.3565130947033772,-0.07635360329401242,0.13672547201728125
2018-12-13,1.1739757539199163,1.3574775100644512,1.1141150717081998,1.1964524998772053,0.9639531961308611,0.88960165936553,1.3925707276731534,1.3566185807874485,-0.2185949737532371,-0.03509321760870221
2018-12-14,1.0357135253235656,1.2262704466066483,1.0003853369815987,1.1032580340674087,0.9148176090792058,0.8608565630384252,1.4041958171289832,1.4069041823882156,-0.3684822918054176,-0.17792537052233492
2018-12-17,1.257655233458838,1.5444271788497106,1.1838141491853125,1.3261662227096676,0.9953332650228414,0.927474149912611,1.4136904185614996,1.4307268594361169,-0.15603518510266157,0.13073676028821102
2018-12-18,1.4330076532949714,1.820941666228831,1.331463697977991,1.5123797444946077,1.0645426797443138,0.9781703083585981,1.4024963590693094,1.4250266116586163,0.03051129422566201,0.41844530715952155
2018-12-19,1.2572311343748555,1.6281381918241646,1.1834595119984934,1.3832024545750394,0.9951713609773437,0.9434286718278743,1.4878621810062513,1.4158344652781965,-0.2306310466313959,0.1402760108179133
2018-12-20,1.3095069655707947,1.7704961758050273,1.2272702939565545,1.478860843156019,1.0153369918390545,0.9693308114540332,1.5221544233949673,1.4038354923096799,-0.2126474578241726,0.24834175241005996
2018-12-21,1.378629616117524,1.9156119421988995,1.285476595932318,1.5747833735517653,1.04261865820279,0.994321746285139,1.5586079426476742,1.4459602064585695,-0.17997832653015022,0.3570039995512253
2018-12-24,1.5377537601126754,2.133151091168632,1.4204688046417973,1.715882720529463,1.1078247057075077,1.0294882990412595,1.5883334943578094,1.5291864594092048,-0.050579734245133956,0.5448175968108226
2018-12-26,1.815306623886905,2.451788640923322,1.6583957055703231,1.9174387298818538,1.2282019728637366,1.0768568987638458,1.693228828890831,1.9095772838933618,0.12207779499607385,0.758559812032491
2018-12-27,2.6686095819043874,2.1035789887900673,2.4004060180581894,1.6968792022429413,1.632354585685371,1.0248548864530802,1.790754949140246,1.9204913723757195,0.8778546327641414,0.3128240396498214
2018-12-28,2.3335538964674143,1.829805651531074,2.1077748511118632,1.518249966020376,1.469068551610898,0.9797063521703235,1.8062947403859826,1.8190184821506479,0.5272591560814317,0.023510911145091518
2018-12-31,2.027612732197466,1.6392613620117438,1.8418678160026685,1.390735972307682,1.3247656175898048,0.9455065264346036,1.8022060170986134,1.8436100583907444,0.2254067150988528,-0.16294465508686962
2019-01-02,1.841326966673852,1.4617632055693688,1.7151802344365994,1.2942605637747784,1.3466973246139076,0.9578927323021342,1.8473834635740476,1.8320854378034024,-0.006056496900195496,-0.3856202580046788
2019-01-03,1.6039349120985347,1.307358547983351,1.5062984861709654,1.181488158169998,1.2268891746603614,0.9198316796770634,1.8606034656735728,1.8321885883940936,-0.25666855357503815,-0.5532449176902219
2019-01-04,1.7993450666212503,1.755094457815644,1.6781216787857356,1.5027325246033056,1.3251312165588933,1.0236772544298054,1.867571775375628,1.920503414814829,-0.06822670875437775,-0.11247731755998402
2019-01-07,2.142668472821487,1.5547444929666052,1.9823190702223956,1.3611087702274587,1.5053882001995835,0.9795891282527955,1.8523588487295808,1.9360076598955618,0.2903096240919061,-0.29761435576297557
2019-01-08,1.8901401334949717,1.3861081936958868,1.7583238099906962,1.239292647289251,1.3719553610572957,0.9395813435828866,1.7982310083773083,1.888598384780499,0.09190912511766336,-0.41212281468142153
2019-01-09,1.6913370763651843,1.2427268130275477,1.5830029278321052,1.1335687304207192,1.2703688949878593,0.9030486872639033,1.764192428866234,1.891854911462597,-0.0728553525010498,-0.5214656158386863
2019-01-10,1.4860345440541514,1.1203032092350202,1.403282102685882,1.0415174578854989,1.169578639969548,0.8696667148107968,1.734380006369578,1.894299378429554,-0.24834546231542665,-0.6140767971345578
2019-01-11,1.305963804602634,1.0151449515093112,1.2472199844746474,0.9609669314976511,1.0855306313015216,0.8390838993681164,1.6937796195621067,1.8897425915554475,-0.3878158149594726,-0.6786346680527955
2019-01-14,1.146575780262734,0.9255659245521025,1.1108288102566992,0.8911370128760321,1.0153851359538448,0.8113976869759095,1.6728757152165115,1.8931855022502142,-0.5262999349537774,-0.747309790664409
2019-01-15,1.0581148394852418,0.9847488502874772,1.0360891531545788,0.9374039078117362,0.97851000193638,0.8298704168075327,1.667558649853794,1.8668008316073748,-0.6094438103685522,-0.6828097995663168
2019-01-16,1.0535737733339408,0.8977885247256926,1.032274736744773,0.8692359969900159,0.9766609901696958,0.8024675869687122,1.6462828699568142,1.8061356548726464,-0.5927090966228734,-0.7484943452311216
2019-01-17,0.935640236507429,0.8224740063068467,0.9341189986199266,0.8092136933976652,0.9302823778100802,0.7773332880841813,1.618057794567171,1.8102540917673833,-0.682417558059742,-0.7955837882603243
2019-01-18,0.888763980821939,0.7565973196245879,0.8956650006428795,0.7558823123556746,0.9127892088191037,0.7541170852126365,1.6168198592623921,1.7815973192504944,-0.7280558784404532,-0.8602225396378043
2019-01-22,0.9750250660316281,0.6986986484379057,0.9666908361103206,0.7083030642684435,0.9454071674410998,0.7326243765682359,1.5461768241791805,1.7663403889222953,-0.5711517581475524,-0.8474781757412747
2019-01-23,1.0837836252580908,0.9944268805891457,1.0576934413736083,0.9449205892633101,0.9890445072304562,0.8328233749390361,1.5190903845676484,1.6739773452535096,-0.43530675930955764,-0.5246635039785027
2019-01-24,0.9600080079049177,0.9064329182167249,0.9542448944123814,0.8760647901256581,0.939595536995415,0.8052652850986836,1.4415340660148155,1.508548211168214,-0.4815260581098978,-0.5351011477980906
2019-01-25,0.853896510630783,0.8300529842180698,0.8673083575588475,0.8152980382863078,0.9001539029208772,0.7799272607371622,1.4183799046525312,1.114945947586086,-0.5644833940217482,-0.5883269204344613
2019-01-28,0.8405521687106648,0.7632012379804863,0.8565164104723121,0.761265908430185,0.8954064322375652,0.756501117552645,1.296288804578175,1.1394778478898966,-0.45573663586751023,-0.5330875665976887
2019-01-29,0.8443495354978969,0.882958106003908,0.859583890843401,0.8574922550601369,0.8967523463500496,0.7976275887405891,1.1400865405664862,1.1395530120212731,-0.29573700506858924,-0.25712843456257817
2019-01-30,0.7629616456765769,0.8449818744173117,0.7945162129375442,0.8272531682114482,0.8688197692120839,0.784993028394723,1.1272746186862959,1.1681514059582547,-0.364312973009719,-0.2822927442689842
2019-01-31,0.9673475151022626,0.7760464784806267,0.9603237961543675,0.7717131389358303,0.9424291473558556,0.7611009261992776,1.1070490243052895,1.1726044977387045,-0.13970150920302693,-0.3310025458246628
2019-02-01,0.9299284299408035,0.6984578065953295,0.9269687547444388,0.7081463695689163,0.9196389596346219,0.733726845426861,1.020101779326761,0.9765409717336611,-0.09017334938595756,-0.3216439727314315
2019-02-04,0.8282942007083433,0.6492940491261718,0.8447520693056706,0.666446060048172,0.8839793839152137,0.7127441715788134,0.994328729725171,0.7265156481311231,-0.1660345290168277,-0.3450346805989991
2019-02-05,0.7953592838722495,0.6062944406942465,0.8185448141767191,0.6295364496301419,0.8730250997728797,0.693592652382091,0.9005317990334127,0.7201692871414297,-0.10517251516116322,-0.2942373583391662
2019-02-06,0.7326494965755458,0.5676310691265181,0.7693544987910399,0.5959708587957411,0.8530444392650443,0.6756606438882434,0.8731837315687975,0.7144358269409083,-0.14053423499325168,-0.3055526624422794
2019-02-07,0.6711923559798899,0.5681043481968355,0.7222034008901225,0.596384017024271,0.8346449842860778,0.6758845285810834,0.8535173395949928,0.7662568183127234,-0.18232498361510285,-0.28541299139815723
2019-02-08,0.7726653033521342,0.7663041523952239,0.8006300463535416,0.7648930432954644,0.865658791883813,0.7612700918240338,0.8530494198612798,0.7660615073457522,-0.08038411650914556,-0.08674526746605593
2019-02-11,0.6977217901496512,0.7094740415420641,0.7424159377466462,0.7174213474039457,0.8424389117852664,0.7383054172627326,0.8244378931625089,0.7658626070725425,-0.12671610301285774,-0.11496385162044487
2019-02-12,0.6359231475888247,0.6590776848019085,0.695699824730764,0.6747856783873976,0.8246451153576136,0.7169941446248259,0.8284444534763329,0.7743643824740771,-0.19252130588750815,-0.16936676867442435
2019-02-13,0.7990865997006491,0.6156355748815784,0.8214986884037496,0.6375911049498112,0.8742492981948619,0.6978209967017791,0.8118168290708794,0.7496991781001702,-0.012730229370230273,-0.196181254189301
2019-02-14,0.727908118832301,0.5758699122346823,0.7656770440503806,0.6031548777784861,0.851582259007915,0.679542093687992,0.8204660073606895,0.7578635996954307,-0.09255788852838853,-0.24459609512600722
2019-02-15,0.6743450975195541,0.5942409272499811,0.7245935113749624,0.6191119765554854,0.8355591429065553,0.6880781130532178,0.8287721607553542,0.7727768727239686,-0.15442706323580013,-0.23453123350537308
2019-02-19,0.7669572357609306,0.5575895538706473,0.7961436111639073,0.5871911506366052,0.8638298807784377,0.670883749525803,0.8176336043441942,0.7318093104757599,-0.05067636858326363,-0.26004405047354684
2019-02-20,0.6940705883442014,0.5237692074181836,0.7396208677230127,0.5574209990780273,0.8413526639833014,0.6544024712747595,0.7719800701604903,0.6320407179701354,-0.07790948181628887,-0.24821086274230675
2019-02-21,0.6353529185975075,0.49342977763383206,0.6952749985379166,0.5304383411220124,0.8244869028943042,0.6390627171431955,0.7377737759046701,0.6481603521947183,-0.10242085730716255,-0.24434399827083803
2019-02-22,0.6171679981414643,0.5509068079313506,0.6817921183476642,0.5813333999917906,0.8195002985358554,0.6676758813235265,0.6935053522837223,0.6510161409063616,-0.07633735414225806,-0.14259854435237174
2019-02-25,0.6207960415165846,0.5182654085908325,0.6844718251779845,0.5525461350366677,0.8204860041517962,0.6516602561243445,0.6990286725899897,0.6383474324051367,-0.07823263107340506,-0.1807632639991572
2019-02-26,0.5739681741010051,0.48840699989380876,0.6503038136246381,0.5259447040547007,0.8081214884698827,0.6364688200607349,0.6599879058877736,0.5979312934952782,-0.08601973178676847,-0.1715809059939648
2019-02-27,0.5399893045148635,0.48484876339352545,0.6261313922501677,0.5227566111193938,0.799648030082774,0.6346215110212529,0.6312193103909718,0.5949447054424707,-0.0912300058761083,-0.14637054699744634
2019-02-28,0.5116717571551487,0.47584769400013255,0.6064361146972447,0.5146741855246424,0.7929176276171147,0.6299117101124482,0.6240795417700621,0.5212080337471395,-0.11240778461491341,-0.14823184776992954
2019-03-01,0.4995873613439866,0.47439153168986803,0.5954293337117469,0.5120969149564032,0.7801311069092507,0.6238846592064741,0.6040838216800732,0.5069817966126207,-0.10449646033608662,-0.1296922899902052
2019-03-04,0.5358178642904446,0.44784372417079676,0.6203885742576581,0.48812946010118313,0.7884155479207817,0.6096955783104987,0.6551887797587673,0.5212785793582586,-0.11937091546832268,-0.20734505558797056
2019-03-05,0.5434059763580028,0.5132379342694399,0.6257048786576856,0.5467678795840482,0.7902125202181256,0.6438124743638942,0.6496835845717303,0.5098733146647269,-0.10627760821372745,-0.1364456503022904
2019-03-06,0.5204526604847602,0.5210959051325408,0.6097155673005857,0.5537267700023625,0.7848420825756494,0.6477322863612198,0.6464119328858231,0.5303342546480264,-0.12595927240106286,-0.12531602775328232
2019-03-07,0.5821417320965534,0.6354681503065905,0.6532805150524827,0.6531654459111698,0.7997114683243495,0.7011670585608171,0.657690672270021,0.5673524076483617,-0.07554894017346758,-0.02222252196343044
2019-03-08,0.6821407172366054,0.7903266028461869,0.7273561667297199,0.7831704466895971,0.8266393020721581,0.7649934731999057,0.6815538445127551,0.5204783848705021,0.0005868727238502736,0.10877275833343181
2019-03-11,0.6356945313898271,0.7799407738988671,0.6924833437715452,0.7745947126459126,0.8137137296611162,0.7609615367139085,0.6534449911345105,0.6030241501477626,-0.017750459744683367,0.12649578276435658
2019-03-12,0.8470591961669424,0.7190060433575768,0.8561867394092892,0.7238836749888836,0.8778906032237538,0.7366298474042435,0.638136756976439,0.6047776510755487,0.20892243919050335,0.08086928638113777
2019-03-13,0.7708299086720759,0.6675145377644602,0.795794564520216,0.6804680229145371,0.8532118177627905,0.7150843095550258,0.6401386377816948,0.5587640036026844,0.13069127089038113,0.02737589998276546
2019-03-14,0.7433446756004913,0.6210491965139039,0.7743533192328786,0.6408060951581791,0.8447213676377501,0.6947675675085437,0.6208036569012993,0.5584183732826611,0.12254101869919198,0.0002455396126045395
2019-03-15,0.6763745902596178,0.6028104627730089,0.722987055153823,0.6251033566633697,0.8249964047935167,0.6865436132577261,0.6209980320289534,0.5588592031690938,0.05537655823066434,-0.018187569255944558
2019-03-18,0.6457682008214557,0.5636762488897568,0.6999827045664194,0.5911372169430561,0.816456797663497,0.6683789495962621,0.5984872035467772,0.5168877102697305,0.04728099727467849,-0.03481095465702044
2019-03-19,0.6069540136094463,0.5289158477715955,0.671299098512483,0.5606345375194286,0.8060760721685818,0.6515980456242304,0.6004913355907402,0.5170086976215186,0.006462678018706147,-0.07157548781914469
2019-03-20,0.5626511376237507,0.5028571895648077,0.6393167037559357,0.5375473859595024,0.7948643596116123,0.6385785626941505,0.6090136563439991,0.5241598204805552,-0.046362518720248325,-0.10615646677919133
2019-03-21,0.5538391841104908,0.5474057292353939,0.6330617219529097,0.5769001214287811,0.792717681549404,0.6606039588487531,0.6316702429725646,0.5626227298637952,-0.07783105886207375,-0.0842645137371707
2019-03-22,0.7004941922988427,0.5124781620584798,0.7413330744441636,0.5460940945067987,0.8319391783722554,0.6434315697222697,0.6579048570046838,0.7203765600753816,0.04258933529415887,-0.14542669494620397
2019-03-25,1.1119340794254131,1.0704524578789705,1.0736871046335963,1.008151546231889,0.9749020197603246,0.8635629794171502,0.6638959241890962,0.720195539636677,0.44803815523631696,0.4065565336898743
2019-03-26,0.9839353174295894,1.00058237463042,0.9673630588146961,0.9530731039082943,0.926016247903549,0.8405882921612783,0.6765332615309758,0.7379349723324762,0.3074020558986136,0.3240491130994443
2019-03-27,0.9232125376974982,0.9147066419105079,0.9176657110295715,0.8844823063904615,0.9040965744687209,0.8109891629022901,0.6978595390852008,0.7490307733975097,0.2253529986122974,0.21684710282530706
2019-03-28,0.866442002661109,0.955789219176521,0.8717353683163335,0.9174246553667716,0.8844188241553524,0.8253484078660386,0.6961581079578458,0.7510835417567884,0.17028389470326322,0.2596311112186752
2019-03-29,0.7868801650838715,0.876334387565084,0.808401984281094,0.8534885300107887,0.8582720648686495,0.7972230897299968,0.7078331154306107,0.7513274942082182,0.07904704965326081,0.1685012721344733
2019-04-01,0.7516229462854265,0.784313558212415,0.7820756021547847,0.7798208823585141,0.8506559712107611,0.7683115114457739,0.7050926201502777,0.7841359054226438,0.046530326135148736,0.07922093806213726
2019-04-02,0.8418423491957618,0.7253522899807404,0.8528959097472149,0.7306558535474899,0.8788302402475465,0.7445639938377913,0.6502123196005332,0.7818488199567319,0.19163002959522868,0.07513997038020725
2019-04-03,0.754786646031733,0.675068358479493,0.7845258231422231,0.6881983638762849,0.8516049126581756,0.7233813120593623,0.6579238697782303,0.7615463458535181,0.0968627762535027,0.017144488701262728
2019-04-04,0.6836422675439124,0.6300590392305466,0.7301072696924098,0.6497454887356522,0.8309902341889789,0.7036044502106812,0.6559238001955991,0.7224818564397297,0.02771846734831329,-0.025864760965052525
2019-04-05,0.6301031950141576,0.5896548934751286,0.6902214383903789,0.614835327700986,0.8165198119243217,0.6851177101863168,0.641417192152619,0.7167734030859017,-0.011313997138461485,-0.05176229867749049
2019-04-08,0.6089624179799357,0.5530558764460969,0.6747648946231258,0.5828672704340695,0.8110647599939521,0.6677059520540636,0.6190986598626191,0.6627307343431015,-0.010136241882683472,-0.06604278341652225
2019-04-09,0.5641063458633288,0.5209003085928029,0.6425937793098963,0.5544884485517307,0.7999944338001995,0.6518298667121464,0.6208660305555849,0.6802388781238907,-0.05675968469225612,-0.09996572196278197
2019-04-10,0.5921920873930371,0.6114467395690186,0.6626336575386889,0.6337118744452357,0.8068447500528084,0.6951793915247892,0.6193451241102637,0.6715852522558058,-0.027153036717226575,-0.00789838454124503
2019-04-11,0.5631307689649351,0.5728537511728542,0.6419042244964781,0.600202428357237,0.7997614368275342,0.6772074185401898,0.6110943160106298,0.6710434257058042,-0.04796354704569472,-0.038240564837775604
2019-04-12,0.5297086453199399,0.5534866452553245,0.6185651552713219,0.583245543541051,0.791983865223524,0.6679148350462412,0.6299985562086302,0.6771837112774908,-0.10028991088869033,-0.07651191095330567
2019-04-15,0.5684636874470173,0.5202044795328683,0.6456791279112981,0.5538711751201685,0.80103918631429,0.6514799218840278,0.6266000481085833,0.6770507293707786,-0.05813636066156602,-0.10639556857571497
2019-04-16,0.53574263340368,0.513622510001068,0.6227365963691768,0.5480254365012174,0.7933583572354785,0.6481557895197809,0.6292491207847216,0.6767676631125703,-0.09350648738104161,-0.11562661078365366
2019-04-17,0.5058769865128716,0.485373208777682,0.6022832969061566,0.5227915881321253,0.7866850786553724,0.6335915649093664,0.618141267869966,0.6749654917089577,-0.11226428135709443,-0.13276805909228406
2019-04-18,0.5041339851066282,0.519488161970183,0.6011050305557226,0.5532355824185469,0.7863057419707382,0.6511193803704324,0.6046280053509703,0.6343947581462605,-0.10049402024434206,-0.08513984338078728
2019-04-22,0.48397443101191173,0.4904296434969178,0.5876081349697689,0.5273258870308604,0.7820006561899201,0.6362350310369483,0.587855845924691,0.4166065741498523,-0.10388141491277925,-0.09742620242777317
2019-04-23,0.4654228188224674,0.4643725029442786,0.5754107054614194,0.5038739924279313,0.7781743164977852,0.6224325044469619,0.5552108913992394,0.43952998497826135,-0.08978807257677202,-0.09083838845496078
2019-04-24,0.582203548148671,0.43929166306336404,0.6554657285900333,0.4810926465686206,0.8043770732604156,0.6087022713955332,0.5436409647773554,0.43461340948787347,0.038562583371315684,-0.10434930171399132
2019-04-25,0.5594729397727298,0.4733589864823804,0.6393228606461326,0.5119861808760503,0.7988908279517634,0.6272438186995678,0.5194162591295537,0.4057356478799584,0.040056680643176135,-0.0460572726471733
2019-04-26,0.5284373285249926,0.4706079070849332,0.6176887254609829,0.5095055032904309,0.79169595360618,0.6257767537420799,0.494566651703138,0.40799347826984256,0.03387067682185457,-0.023958744618204797
2019-04-29,0.5294333503998665,0.4457307907670659,0.6183752972134731,0.48696163905052453,0.7919214701403808,0.6122711282396094,0.4834336786915183,0.39668547113227554,0.04599967170834818,-0.03770288792445242
2019-04-30,0.5020864902845467,0.4237150490110757,0.5997231817720597,0.4668353429351709,0.7858615769007002,0.5999375305002367,0.4824674583728018,0.32320626781900996,0.019619031911744855,-0.0587524093617261
2019-05-01,0.47452945161013255,0.37845598825308485,0.5785788286701274,0.42240249539068847,0.7722111101838633,0.5625388365957633,0.46563583027431293,0.38019464689416355,0.008893621335819613,-0.08717984202122808
2019-05-02,0.5937750397917594,0.5560455914373033,0.6611781680381157,0.582672373712171,0.7994172148256076,0.6582661018029562,0.4877912121476361,0.3864080388251542,0.10598382764412329,0.06825437928966716
2019-05-03,0.56711916607572,0.576738713463512,0.6420916371338579,0.6007465444001674,0.792894380540089,0.668163841494001,0.5058791348857987,0.43368096408883194,0.061240031189921273,0.0708595785777133
2019-05-06,0.6654468406607598,0.5388565318512163,0.7139360759098622,0.5675748648886934,0.8181442328286939,0.649877403049622,0.6447398005156619,0.44018190568409776,0.020707040145097833,-0.10588326866444564
2019-05-07,0.6485168476741794,0.6040403402162108,0.7013007400199364,0.6244312969615268,0.8135683455509372,0.6809062509151921,0.714769511191384,0.5900080828416528,-0.0662526635172046,-0.11072917097517321
2019-05-08,0.9968544080927187,1.0093566668958875,0.9759845383623046,0.9591876087397798,0.9242651024061792,0.8397725366611895,0.7208829711607377,0.5791803479637289,0.275971436931981,0.2884736957351498
2019-05-09,0.8883174385944652,0.9615517833299866,0.8877325675383739,0.9210571203383873,0.8863349181117138,0.8232939837680456,0.7555317059672866,0.5773654377830926,0.13278573262717863,0.2060200773627
2019-05-10,0.8110191842639394,0.9517717342670506,0.8261226334924399,0.9132184054942692,0.8611044195596,0.8198634033893053,0.8280742158725574,0.5893801220949583,-0.017055031608617988,0.12369751839449328
2019-05-13,0.7519554777438261,0.8735223994618931,0.7799173050751825,0.8500116582983367,0.8429210066222488,0.7916320712636904,0.935048362422366,0.7977743636077392,-0.1830928846785399,-0.06152596296047286
2019-05-14,1.3699416717416983,1.4650755327136267,1.2893269012206299,1.30974729315904,1.072682061025808,0.9778093858559161,0.9451896155373134,0.8324539995962704,0.42475205620438494,0.5198859171763133
2019-05-15,1.2533507332293152,1.318957220895793,1.1901698212474388,1.199608766712054,1.0237135272898032,0.9367359320353649,0.9616025116304947,0.846317543052081,0.2917482215988205,0.3573547092652982
2019-05-16,1.1218673072877556,1.1936459134254092,1.0795647099135819,1.1035524976336775,0.9711679417634539,0.8993091348959722,0.978390711645547,0.874717018873933,0.1434765956422086,0.21525520177986213
2019-05-17,1.0580864437668642,1.0836941308099757,1.0264954953436667,1.0179007858446514,0.9468365533752909,0.8645041793125374,1.0048571789433012,0.8835472693315303,0.05322926482356305,0.0788369518666745
2019-05-20,0.9910189560310725,1.1281750018000511,0.9711956706429946,1.0527150764174538,0.922156419858505,0.8788252258757109,1.0137045604498467,0.8923120727683669,-0.022685604418774208,0.11447044135020445
2019-05-21,0.9405438579661364,1.1694937642307541,0.9299725147612373,1.0848531992498025,0.9042392264737653,0.8918318929708481,1.0300851091190433,0.8924563401255595,-0.0895412511529069,0.13940865511171086
2019-05-22,0.9131389021684496,1.0627396795175237,0.9077517016892287,1.0014193646969063,0.8947613279020158,0.8576371053259656,1.0286359540286667,0.8932265032880098,-0.11549705186021708,0.034103725488856984
2019-05-23,0.8316617267344467,1.0408507249140433,0.8424585990875525,0.9841459078755015,0.8676878525855174,0.8503776975846351,1.0437133273238144,0.9271299915646415,-0.21205160058936767,-0.002862602409771098
2019-05-24,0.9528538893843184,1.2207668031469967,0.9399919543301304,1.124476525895775,0.908554729346863,0.9075995544495534,1.0611672161965469,0.9200215150485389,-0.1083133268122285,0.15959958695044985
2019-05-28,0.8482455068703046,1.109578913008652,0.8556466312999418,1.0381881824432309,0.8730595545840684,0.8728794141097405,1.0747297775142002,0.9310096330840902,-0.22648427064389554,0.03484913549445179
2019-05-29,0.8875586398052512,1.211534905320879,0.8871222551031303,1.1173626683858606,0.8860797344929546,0.904789857636516,1.0830300291752881,0.9332156634190942,-0.19547138937003694,0.12850487614559092
2019-05-30,0.8622408626715982,1.2430969915943226,0.8668185783919108,1.141647282721909,0.8776490878615637,0.914344107949381,1.0884702514718676,0.9337177664507846,-0.22622938880026944,0.15462674012245503
2019-05-31,0.7749981534593372,1.1288378027836106,0.7978437141422616,1.053232115216094,0.8498973401749494,0.8790360723759792,1.0972693196003125,0.9674355957226654,-0.3222711661409753,0.03156848318329808
2019-06-03,0.9548035208097111,1.293405429638062,0.9452266602662932,1.1807633112252904,0.9216631293229707,0.9355877786650222,1.1033546971592072,0.9214640499205686,-0.1485511763494961,0.19005073247885473
2019-06-04,0.8626691616571406,1.2310783858073804,0.8706772466869168,1.1334276642469339,0.8897394869544564,0.9177304598824844,1.135206065490876,1.0760406422596527,-0.2725369038337354,0.09587232031650439
2019-06-05,1.2107815188183693,1.1084848280408175,1.1582769825495314,1.0390913851797803,1.0202428531759213,0.8809255459002496,1.0908019393186217,1.0431483056627473,0.11997957949974758,0.01768288872219581
2019-06-06,1.1224616057241916,1.0090879624473847,1.0839782925342312,0.9612869941364873,0.9847497668297601,0.8492171418330975,1.055770007858445,1.0558569434544152,0.06669159786574652,-0.04668204541106036
2019-06-07,1.0234156145001894,0.923395602863314,1.0015901110973346,0.8931496602324178,0.9467496343655329,0.820313688978319,1.0634346882384471,1.0790117647844515,-0.04001907373825775,-0.1400390853751331
2019-06-10,0.99695627353513,0.8461250507185819,0.9797782512233894,0.8307732525836181,0.936949393665851,0.7928126908898391,1.0489540683426546,1.078034151742861,-0.05199779480752453,-0.20282901762407268
2019-06-11,0.9013463384625195,0.7811094325925865,0.901796201906178,0.7775298879868466,0.9028828431229344,0.768460944613443,1.0151578243049608,0.894725743018491,-0.11381148584244127,-0.23404839171237435
2019-06-12,0.8061883729002781,0.7395790635685399,0.8257582285768412,0.7431228758287066,0.8712553210636935,0.7522521076732626,0.9183805193979098,0.8789005740277263,-0.11219214649763165,-0.1788014558293699
2019-06-13,0.7347460646112549,0.7324634424529526,0.7699852093592872,0.7371949060672603,0.8491577354300547,0.7494196864135256,0.8983040396200336,0.8746098704070161,-0.16355797500877867,-0.165840597167081
2019-06-14,0.6835973149372593,0.6806271322735281,0.7309088631663689,0.6937046603338027,0.8342758368667339,0.7282605823616821,0.8813374609476959,0.8524084774142019,-0.19774014601043666,-0.20071032867416783
2019-06-17,0.630700601548245,0.6670903666541769,0.6913923598625757,0.6822552295538881,0.819760895876636,0.7225742285182738,0.8605857608993677,0.8374600681642587,-0.22988515935112264,-0.1934953942451908
2019-06-18,0.5823162612189563,0.6263794334939394,0.6561823294261094,0.6475772180529704,0.8073041483016222,0.7050364866439396,0.8412788245519639,0.8465327532516747,-0.2589625633330076,-0.21489939105802447
2019-06-19,0.6953511364622011,0.5822321907921061,0.739818143803256,0.6095313315159404,0.8376236012742708,0.6852138623706634,0.83186438519012,0.8282996087140965,-0.1365132487279188,-0.24963219439801387
2019-06-20,0.6380457047180036,0.547428816097238,0.6968194189424777,0.5791886883697764,0.8217214299584413,0.6689305697575672,0.8463159499165086,0.8423454683352412,-0.208270245198505,-0.29888713381927057
2019-06-21,0.7073789075881034,0.5118031909056582,0.7489797389246192,0.5477840572000457,0.8410943201976944,0.6515947449897013,0.8502181359980874,0.7797103102898608,-0.14283922840998398,-0.3384149450924292
2019-06-24,0.6521918440789612,0.5232711807105694,0.7073279617567807,0.5579330476346392,0.825547747008385,0.6572533259646606,0.8304940916423612,0.7836922568932086,-0.17830224756339996,-0.30722291093179177
2019-06-25,0.6061846281929124,0.5288859799446158,0.6734305613733479,0.5628881054565704,0.8133487837607197,0.6599962429681697,0.8068408055743106,0.7877103910689603,-0.20065617738139818,-0.27795482562969476
2019-06-26,0.7386170262676649,0.7411089023859313,0.7729734938197077,0.7443960921239863,0.8503166514019402,0.7528588974870989,0.7860861889816786,0.7639382839863903,-0.04746916271401369,-0.04497728659574729
2019-06-27,0.674763426442498,0.7186661778652904,0.7242422304751516,0.7256722321135884,0.8317886228845508,0.7438794005979145,0.7743380912322004,0.7643439670556814,-0.09957466478970245,-0.05567191336691002
2019-06-28,0.6301784096367936,0.6686898519474067,0.6910073095166374,0.6836101403416709,0.8196222008081668,0.7232497642673942,0.7572766339111475,0.6664950385100921,-0.1270982242743539,-0.08858678196374081
2019-07-01,0.6127726623315249,0.597048555249377,0.6767994465329896,0.6201536109388492,0.8093674255420342,0.6835491075918821,0.7732896070937701,0.6627561917350145,-0.1605169447622452,-0.1762410518443931
2019-07-02,0.676983669643238,0.5552885799890251,0.7243059422833286,0.5839423390002769,0.8263476232874643,0.6643311781526133,0.757911540707551,0.5187058738416949,-0.08092787106431298,-0.2026229607185258
2019-07-03,0.6249679944535224,0.5229664686257413,0.6857035963018822,0.5555964151193875,0.8124887878455164,0.6488456776812657,0.6886403084359645,0.5151259282510423,-0.06367231398244211,-0.1656738398102232
2019-07-05,0.6605879683646549,0.4893486631496841,0.7120344800856464,0.5257955226760551,0.8218852930578666,0.6321102567803158,0.6727781137081036,0.5159356921475958,-0.012190145343448644,-0.18342945055841947
2019-07-08,0.6127563136211388,0.4973560272654732,0.6767875498042515,0.5329245331978412,0.8093632744178841,0.6361582095951684,0.6837392595483586,0.5155346549224996,-0.07098294592721976,-0.1863832322828854
2019-07-09,0.6346198716637727,0.6006905184049736,0.6927918876047304,0.6232908158619028,0.8149940724768117,0.6851859529699639,0.6767803983296644,0.5114903657463814,-0.04216052666589176,-0.07608987992469085
2019-07-10,0.5857462569912849,0.5649602563942634,0.6572849877370632,0.592369002711321,0.8026283157619771,0.6688580894974304,0.655779976748763,0.5140181472777194,-0.07003371975747807,-0.09081972035449959
2019-07-11,0.5741363780870413,0.529900193774035,0.6489996433021603,0.5617017155041699,0.7998099739489881,0.6522155239122555,0.6231379287873395,0.5067693871662886,-0.04900155070029821,-0.09323773501330457
2019-07-12,0.5411860382463975,0.5002575975304445,0.6258302458205156,0.5355029844617794,0.7920674251105198,0.637615270685648,0.620419941690936,0.5075604109981823,-0.0792339034445384,-0.12016234416049143
2019-07-15,0.5362855551542539,0.4716668051053808,0.6224305030569218,0.5099822364460982,0.7909487792883949,0.6230269504532869,0.6146165106072649,0.5037578495284601,-0.07833095545301094,-0.14294970550188407
2019-07-16,0.5072557268369845,0.45252496761358607,0.6025544570541519,0.49274894797688806,0.7844999173767047,0.6129576133207618,0.6138302121284794,0.5168841655683831,-0.10657448529149494,-0.16130524451489336
2019-07-17,0.516829334107345,0.5086740058839254,0.6090580676926172,0.5429678047762226,0.7865927912996588,0.6418128923995327,0.616901896547648,0.5130865454877079,-0.10007256244030305,-0.10822789066372263
2019-07-18,0.5990942975365524,0.6426592350632668,0.6668843097860052,0.6592149120499782,0.8059257413875234,0.703628887276388,0.6042166218924417,0.5156232689282562,-0.0051223243558893294,0.03844261317082509
2019-07-19,0.5711772737448993,0.6006372572015295,0.6468977011236742,0.6232449597778575,0.7990990973937582,0.6851620586797732,0.6048037946826613,0.49794621309709897,-0.03362652093776197,-0.004166537481131827
2019-07-22,0.6062727206021468,0.6914666452422356,0.6720781263736785,0.7004947790069493,0.8077240834407904,0.7241800655405637,0.5463121772275644,0.4976903625950997,0.05996054337458234,0.14515446801467113
2019-07-23,0.5673517936134942,0.6452779888131617,0.6441863722559303,0.6614430047359174,0.7981846025628663,0.7047551387344827,0.5444079691352844,0.5157461826928763,0.02294382447820975,0.10087001967787723
2019-07-24,0.6020341317348352,0.600143266107984,0.6690087633082138,0.6228196172555422,0.8066601244910566,0.6849403808061522,0.5535856202923696,0.4520942257615722,0.04844851144246565,0.04655764581561439
2019-07-25,0.5855267208455797,0.5616327438484492,0.6571277564222531,0.5894726257103619,0.8025745918705711,0.6673059623080551,0.5545970912082138,0.47196908219465655,0.030929629637365896,0.007035652640235424
2019-07-26,0.6009340011777345,0.6397594008264862,0.6682133342466781,0.6567458654375413,0.8063849646280792,0.7023784975899332,0.5513801659910695,0.48377621617922517,0.04955383518666501,0.08837923483541665
2019-07-29,0.617071824643395,0.5955625907207072,0.6799316280078718,0.6188726587398756,0.8104621327109404,0.6828795151819421,0.5523407789723446,0.4833389605698913,0.06473104567105048,0.04322181174836259
2019-07-30,0.5833617839370551,0.6064387538338668,0.6555783781348112,0.6282357969827967,0.8020456848917538,0.6877572361587149,0.5659454308643371,0.4555758991409387,0.01741635307271794,0.04049332296952968
2019-07-31,0.5636144392282846,0.6290660077994786,0.6415441422750383,0.6476244855276009,0.797296106305335,0.6977376189465833,0.5821250116898132,0.5243691605311421,-0.01851057246152865,0.0469409961096654
2019-08-01,0.7457237997818557,0.8265924137277094,0.7750100003299463,0.8108701872299514,0.8405015398496468,0.7720916832748649,0.6582636250936931,0.5267428415434336,0.08746017468816258,0.16832878863401635
2019-08-02,0.7995452041642878,0.9567807145004195,0.8169165169413468,0.9152753630175451,0.8567732893829939,0.8173384321066999,0.6785771626458734,0.5488650466243522,0.12096804151841434,0.27820355185454604
2019-08-05,0.8118432267633484,1.0416216461343388,0.8265883766174363,0.9819873806849655,0.8606050366173039,0.8448287018655938,0.7799867445652914,0.856428580956632,0.031856482198057035,0.26163490156904745
2019-08-06,1.5777735130783261,1.7217593750466558,1.4667559705329818,1.4888281996314894,1.1612143551994694,1.027431992677406,0.7969895800362751,0.9275604005805552,0.7807839330420511,0.9247697950103807
2019-08-07,1.4982051118580584,1.5330338844723628,1.3982313399851811,1.3523597413795956,1.125675286759614,0.9820212263703747,0.8797645472817744,0.9171041880321344,0.6184405645762839,0.6532693371905883
2019-08-08,1.3113558435697035,1.3824772331838784,1.238531589930645,1.241413958024511,1.0453807245562867,0.9432801115464144,0.9012730554887317,1.030454920013847,0.41008278808097176,0.4812041776951467
2019-08-09,1.4201567893503209,1.2364842924759396,1.3312951691872579,1.1318271781250013,1.091562455994942,0.9031673908409432,0.9180984044645601,1.0301178385325254,0.5020583848857607,0.31838588801137946
2019-08-12,1.2905988085620834,1.2664178936098063,1.2209169912027953,1.1544697781284197,1.0367672026559196,0.9116185906053534,0.9465268118020148,1.0562599850527445,0.3440719967600686,0.31989108180779147
2019-08-13,1.275211661861324,1.4057252695191025,1.2078782029368988,1.258676026110328,1.0304251611853306,0.9494249964127839,0.9864806377746551,1.1263569485815772,0.28873102408666895,0.41924463174444737
2019-08-14,1.2971480115911662,1.2599940923355184,1.2264715909296922,1.1496184641315983,1.039477762171882,0.9098153136671812,1.04489585299929,1.2939533090828386,0.2522521585918762,0.2150982393362284
2019-08-15,1.7860443542918347,1.8493478514114283,1.6472201953975862,1.5796223448959206,1.2574024196509022,1.0564317949861786,1.0631827495496349,1.2916580221877405,0.7228616047421998,0.7861651018617934
2019-08-16,1.5597292222101147,1.6516453995531564,1.4511930286439991,1.4384443881261304,1.153091091399318,1.0109339790935932,1.0921309085300768,1.3438498931855185,0.4675983136800379,0.5595144910230796
2019-08-19,1.496995129000784,1.4723469596482437,1.397191412530097,1.3078754916070847,1.1251406086449043,0.9666978231941397,1.1249491450804516,1.3748071245771913,0.3720459839203323,0.34739781456779206
2019-08-20,1.4017199886859455,1.3204514135622933,1.315528350218287,1.1951114101928928,1.083619992677478,0.9265703676654791,1.127405572982671,1.368950143050582,0.2743144157032744,0.19304584057962226
2019-08-21,1.2861970569100123,1.3555538693243285,1.2171853568833149,1.2213603731754337,1.034949166334078,0.9360843935723744,1.142365703719302,1.3794026826539292,0.14383135319071028,0.21318816560502651
2019-08-22,1.1764773213455246,1.2228917368855878,1.1246337730302403,1.1215143766764202,0.9906531301034419,0.8992885239255742,1.1527705698713304,1.377441188376458,0.02370675147419421,0.07012116701425741
2019-08-23,1.0386939303912601,1.1293825704496558,1.0099403831800606,1.0500191977871491,0.93810544263871,0.8718616625641704,1.214353719750768,1.4689295759802226,-0.17565978935950777,-0.08497114930111205
2019-08-26,1.510279864458037,1.642177612837559,1.408612676528828,1.431612964513431,1.1310206883209593,1.0086736248230248,1.2382594847791684,1.5016027368277636,0.2720203796788687,0.40391812805839056
2019-08-27,1.3975466707493565,1.4673308059939607,1.3119619499612467,1.304184641009706,1.081828540664344,0.9654141217171599,1.25296279625356,1.5020541525000042,0.14458387449579635,0.2143680097404006
2019-08-28,1.243568046595788,1.407745916132408,1.1811169481001413,1.2601740622778095,1.0175013915933357,0.9499561503144552,1.2569195878846142,1.5015188403636905,-0.013351541288826319,0.15082632824779374
2019-08-29,1.128873598801811,1.2689505139610127,1.0847915005658713,1.1563812727286076,0.97208609068151,0.9123280075433879,1.251739191791399,1.5231084412816622,-0.12286559298958788,0.01721132216961374
2019-08-30,1.129234507183177,1.143882305922636,1.0850927668889423,1.061170128796034,0.9722252791268116,0.8762030929837342,1.2191791806168417,1.513751280599837,-0.08994467343366463,-0.07529687469420576
2019-09-03,1.007822242499578,1.0303659955490143,0.9953894340486696,0.9751832613103537,0.9635221607302205,0.8480405696749713,1.2209305301359858,1.342973853801485,-0.21310828763640788,-0.19056453458697153
2019-09-04,0.9438858784991954,1.0712527640284462,0.9424882743692353,1.007041597425155,0.9389760708298878,0.8608315756374159,1.1527507627320415,1.3310631923245169,-0.2088648842328461,-0.08149799870359531
2019-09-05,0.9657307661439959,0.9714600831113667,0.9604972609807135,0.9288939377506326,0.9472525467425168,0.8290509730355371,1.1636824488630837,1.3563768888204266,-0.1979516827190878,-0.19222236575171703
2019-09-06,1.016309102628662,0.8827327199978721,1.0024534741222757,0.8582317559554159,0.966852495611673,0.7990601078769414,1.0922470443488672,1.2904425584585777,-0.0759379417202053,-0.20951432435099515
2019-09-09,0.900502645397758,0.8156605544042396,0.9069444175282557,0.8039954497007489,0.922893000305515,0.7751338717955478,1.0750870919145217,1.2781189386651284,-0.17458444651676364,-0.2594265375102821
2019-09-10,0.8036592380234788,0.7569040260468176,0.8288327907130021,0.7558433228345063,0.8888020114689839,0.7531580149069388,1.0704367881821941,1.2396587785835833,-0.2667775501587153,-0.3135327621353765
2019-09-11,0.7246509242060237,0.7188395730015555,0.7666573421572958,0.7243028782166281,0.8630066629518649,0.7383554311180565,1.0503054697879697,1.2046096780093714,-0.32565454558194595,-0.33146589678641414
2019-09-12,0.7172224243901844,0.6647245847210773,0.7608968397352637,0.6789557015480165,0.8606811787611078,0.7164559736972286,1.0164952384538635,0.9528987102619336,-0.2992728140636791,-0.35177065373278615
2019-09-13,0.6628526620689904,0.6198370513918136,0.7192497975081585,0.6408524809159278,0.8442106669384868,0.697442594122479,0.9561202692786763,0.9563633909671817,-0.2932676072096859,-0.3362832178868628
2019-09-16,0.6112854226804746,0.6052039701132158,0.6806922796631013,0.6283285916790972,0.8295197586689098,0.6910618750519987,0.9494607941824542,0.9224419088094364,-0.3381753715019796,-0.3442568240692384
2019-09-17,0.5932913925693262,0.6420493192466473,0.6674840380554734,0.6597654871665296,0.8246159265909162,0.7069534601352387,0.9117568793590978,0.891924437931927,-0.3184654867897716,-0.26970756011245045
2019-09-18,0.5568617095523981,0.6004347060675906,0.6411806668710206,0.6242354312523407,0.8150528264106524,0.6889617640939384,0.8841269995115346,0.8661014585896056,-0.3272652899591365,-0.283692293443944
2019-09-19,0.5224517856954053,0.5649607017063489,0.6169290010668484,0.593609078332193,0.80648148181739,0.6730089030948515,0.8834545065970395,0.8543079965066162,-0.3610027209016342,-0.31849380489069057
2019-09-20,0.4968332537114002,0.5443461067075916,0.5992902936525886,0.5756585656504001,0.8003999942435647,0.6634536517989532,0.8673238148445355,0.8647877034505189,-0.3704905611331353,-0.3229777081369438
2019-09-23,0.5384139263894225,0.6251127812006074,0.6281027746632126,0.6453551134741323,0.8104008576309092,0.6997203099770755,0.8545590886471166,0.5835290492014714,-0.31614516225769407,-0.22944630744650918
2019-09-24,0.5100277114675372,0.6015296066543891,0.6083280391894234,0.6251756142914753,0.8034997509694422,0.6894448008061563,0.7842067367844097,0.5918163249279893,-0.27417902531687244,-0.18267713013002052
2019-09-25,0.6267287451277566,0.7499621257771972,0.6921336916244081,0.7501121866577937,0.8338213466721339,0.7504931634949324,0.7647745017194371,0.5844175601255881,-0.1380457565916805,-0.01481237594223983
2019-09-26,0.6228250298864716,0.6934909451556381,0.6892326566476117,0.7031380385650795,0.8327259807941245,0.7282283493631073,0.7494721588279774,0.5792821813322682,-0.12664712894150576,-0.055981213672339214
2019-09-27,0.5901874184753197,0.6991520826004228,0.6652195305224857,0.7078763106746041,0.8237819376152018,0.7305095463153315,0.7548770321155753,0.5369185699655858,-0.16468961364025558,-0.0557249495151525
2019-09-30,0.6178358891201651,0.774859268550584,0.6855337044542156,0.7706247915641348,0.8313339344992524,0.7599816401546614,0.717768593571507,0.54311904009343,-0.09993270445134195,0.05709067497907694
2019-10-01,0.595507173166178,0.6899266702871888,0.6687831082892928,0.6997897344011662,0.8203370248089418,0.724617956796498,0.7257496627900498,0.5978684985010669,-0.13024248962387186,-0.03582299250286103
2019-10-02,0.8057534840935615,0.9365303489668135,0.8284068327540123,0.8974793528422703,0.8811577820817712,0.8083348871245173,0.7478506378443807,0.6748773869156177,0.05790284624918085,0.18867971112243287
2019-10-03,1.1200585518301618,1.2915119052821666,1.0850207871420583,1.1659091358368754,0.9945135633740971,0.906832295730303,0.787410493464537,0.632609652726269,0.33264805836562483,0.5041014118176297
2019-10-04,1.0406295494393578,1.1602634263635174,1.018847978247754,1.068492212428528,0.9637285072362468,0.872722014947078,0.7410905645975155,0.7102476548429638,0.29953898484184227,0.4191728617660019
2019-10-07,1.0855370602861147,1.0418929503962202,1.056174751309992,0.9788630735617553,0.9809748908593966,0.8397621644224829,0.754515016292495,0.7152215871111631,0.3310220439936198,0.28737793410372525
2019-10-08,0.9842912980929629,1.0483053446269714,0.9723730232185253,0.9837652722108012,0.9427089291040703,0.8416075852328884,0.773806176631623,0.7898113477327537,0.2104851214613399,0.27449916799534846
2019-10-09,1.1530605208611344,1.3185904195465874,1.112710249590418,1.185773326992007,1.0076746659138118,0.9135892522435544,0.7818287254088898,0.8048269408193826,0.3712317954522446,0.5367616941376976
2019-10-10,1.0871063057666557,1.1822304008675986,1.0574832450252605,1.0849338740691372,0.9815851180058428,0.8785978098306702,0.7871409429320545,0.8182522038218835,0.2999653628346012,0.39508945793554406
2019-10-11,0.9947700222096135,1.0675747486275793,0.9809851971131183,0.9984631499443383,0.9465646708680415,0.8471098687213182,0.8272645717296795,0.8573799197949183,0.16750545047993404,0.2403101768978998
2019-10-14,0.9816807395671242,0.9647690494835734,0.9702298673015463,0.9194510143850971,0.9417522666936825,0.8169717420145404,0.8265698480223417,0.8554605465358579,0.15511089154478253,0.13819920146123177
2019-10-15,0.873201814174185,0.9164552319942966,0.8821112121835892,0.8817846957774661,0.9034474354586283,0.8020926491628276,0.8181577257444873,0.8841873543907802,0.05504408842969766,0.09829750624980926
2019-10-16,0.882047316563656,0.833619142112977,0.8892215158914082,0.8163273361330176,0.9064607181192819,0.7753624958953824,0.8170853733197156,0.8846334330895042,0.06496194324394033,0.016533768793261405
2019-10-17,0.7936670133614231,0.8119486964945188,0.8188872469605454,0.7990075414519763,0.8772961908902204,0.7680903000356707,0.8021480875057395,0.8874658652731696,-0.008481074144316425,0.009800608988779325
2019-10-18,0.7195107764700759,0.7490198987118856,0.7612821348029464,0.7482141944820075,0.8545364741476482,0.7462389067922538,0.806241053207357,0.8865323643786703,-0.08673027673728106,-0.05722115449547138
2019-10-21,0.694531499136266,0.7968587472958675,0.7422247248079664,0.7868964149365284,0.8472457035962061,0.7629524620167012,0.8019143359073092,0.8994619390137789,-0.10738283677104321,-0.00505558861144173
2019-10-22,0.6881438033138139,0.7318399165161379,0.7373824992321666,0.7342116180351158,0.8454128397135497,0.7400696478348907,0.7953619359578615,0.8831780502506795,-0.10721813264404767,-0.06352201944172364
2019-10-23,0.6541870914588731,0.757650816128837,0.71186909224026,0.7552262622144157,0.8358898250673391,0.7493039732599065,0.7712084640186668,0.8761095792120994,-0.11702137255979372,-0.013557647889829827
2019-10-24,0.6068310161412271,0.7012294189445345,0.6769899428815415,0.7091096302279946,0.8232468289137623,0.7288428734430401,0.7556809311268501,0.874550620741293,-0.14884991498562294,-0.05445151218231559
2019-10-25,0.5624689388966807,0.652660602394471,0.6451638850492859,0.668856905310904,0.8121048641662837,0.7103647277577213,0.7540417840977262,0.8661790331414553,-0.19157284520104545,-0.10138118170325516
2019-10-28,0.5469741474299793,0.6070190613416651,0.6342645046961894,0.6305198269633066,0.8083785341394144,0.6921769334922304,0.7329234931172491,0.8686262639819516,-0.18594934568726984,-0.12590443177558408
2019-10-29,0.5590841573791501,0.5647730247710242,0.6427728663577225,0.5945547457587489,0.8112834480813735,0.6745418705056816,0.7335167248892167,0.8137863303567752,-0.17443256751006664,-0.1687437001181925
2019-10-30,0.5258177028672262,0.5480198357780751,0.6195806091755292,0.5801553399689454,0.803432248054911,0.6673139081322719,0.7161053761786229,0.6721402940162762,-0.19028767331139673,-0.1680855404005478
2019-10-31,0.507777393294693,0.5146448269223426,0.6072513674746305,0.5512218790342374,0.7993457038166949,0.6524800498879735,0.6806687412985241,0.6695836096250144,-0.1728913480038311,-0.16602391437618147
2019-11-01,0.5069994518256303,0.5220035919793449,0.6100260336220398,0.5578185694080395,0.8060884599337041,0.6541530780128111,0.617308596924413,0.6381189512845311,-0.11030914509878265,-0.0953050049450681
2019-11-04,0.6208197991610631,0.4826556825367716,0.6897931599311016,0.5236762737511955,0.8330095046527523,0.6369542287867217,0.6104538296319995,0.621904960791377,0.010365969529063657,-0.12779814709522785
2019-11-05,0.5897670340097724,0.45379322711013037,0.6674216594391797,0.49828871438324107,0.8252167708195465,0.6237407085102706,0.5929048749359257,0.46536685700130626,-0.0031378409261533236,-0.13911164782579533
2019-11-06,0.5537404079316165,0.46602561548968596,0.6420103457307168,0.5090855457264342,0.8165914037950676,0.6294066412260175,0.5635985594924425,0.4444155859535364,-0.009858151560826034,-0.09757294400275657
2019-11-07,0.5187835480289069,0.44883651443283573,0.6179766344274386,0.493897684034887,0.8086617209770418,0.621416100751602,0.5398388977925823,0.4345106836232565,-0.0210553497636754,-0.09100238335974659
2019-11-08,0.5065242608867947,0.4239290487244183,0.6097071114440357,0.4716875377725805,0.8059857637177662,0.6094709367530249,0.5315058238245961,0.39359923073919023,-0.024981562937801405,-0.10757677510017782
2019-11-11,0.48740750727822235,0.40272089805976435,0.5969890693411449,0.4525759015649286,0.801923701855675,0.5989291586122051,0.47804285380175393,0.3974036352323832,0.00936465347646842,-0.07532195574198958
2019-11-12,0.4841045884317841,0.4383756967340787,0.5948144214694737,0.48459962399481743,0.8012356727243638,0.6164539648728922,0.4809484266902258,0.35261218852598375,0.0031561617415583054,-0.04257272995614708
2019-11-13,0.4680751946007689,0.41624957523724726,0.5843598668309439,0.4647891348978566,0.7979549219569031,0.6056948348081463,0.47712708672764104,0.3457569314621412,-0.00905189212687213,-0.060877511490393776
2019-11-14,0.45276917121177324,0.40193368704440346,0.5745367024240304,0.4518628049175885,0.7949132934347577,0.5985308859525014,0.47707691237189903,0.3446774058702434,-0.024307741160125795,-0.07514322532749557
2019-11-15,0.4415635701594287,0.38405022320328963,0.56744874337059,0.435588725396882,0.7927435166069492,0.5893409699332254,0.4777165520424649,0.33452375261873973,-0.03615298188303617,-0.09366632883917525
2019-11-18,0.5247937601534228,0.36050356676998674,0.6220619603259433,0.4139343021668741,0.809993700142547,0.5767994609229204,0.4658945689648179,0.31871052604531197,0.05889919118860493,-0.10539100219483116
2019-11-19,0.4955435922088721,0.34723273441368463,0.6023747910641484,0.40160951672206896,0.8036359171022018,0.5694913656645362,0.4604420368552931,0.29929063427228836,0.035101555353579006,-0.11320930244160848
2019-11-20,0.47592238424869865,0.3520322427207679,0.5894570722797814,0.40607725645645654,0.7995488933961467,0.5721553422253862,0.4793748874024852,0.325645474287963,-0.0034525031537865347,-0.1273426446817173
2019-11-21,0.5051441680474744,0.43847374199219014,0.6087816198795407,0.4846869696498591,0.8056879760005404,0.6165008339488217,0.48099543363816805,0.33439142825307183,0.02414873440930637,-0.04252169164597791
2019-11-22,0.49375686530023805,0.46344371762041225,0.6011885719687096,0.5068112783494931,0.8032577910084555,0.6282189760424179,0.4796679238513383,0.3297237001728823,0.014088941448899772,-0.01622420623092602
2019-11-25,0.47608084764447417,0.4387391611212507,0.589560418504259,0.48492340477722606,0.7995813214557387,0.6166276789124934,0.46731233740651323,0.3463626164001867,0.008768510237960936,-0.028573176285262514
2019-11-26,0.5597067769518076,0.4095240884751993,0.6461756682569852,0.45872738155370624,0.8179884507431694,0.6023498676289694,0.46161814887579505,0.3435749206413971,0.09808862807601254,-0.052094060400595776
2019-11-27,0.5269072855769641,0.38991306190338737,0.6235033478560281,0.4409398381863119,0.8104652191094519,0.5923843004762378,0.45508305978107094,0.3477082502032993,0.07182422579589315,-0.06516999787768357
2019-11-29,0.5249917007416014,0.3693195896379566,0.6221968479696816,0.42207309752369443,0.8100377910831529,0.5815566841199242,0.44443808246594496,0.35555087012330755,0.08055361827565644,-0.07511849282798838
2019-12-02,0.5346634371633701,0.4363598940402051,0.6253721630905632,0.48145776288642705,0.8059209702857639,0.6094588473621744,0.44063613722724854,0.380662504167612,0.09402729993612152,-0.004276243187043449
2019-12-03,0.6669089397603712,0.6474287699957864,0.7214273977611172,0.6615388743829298,0.8404410110497902,0.6966263143072036,0.4991040850231984,0.4090234083359268,0.16780485473717283,0.14832468497258794
2019-12-04,0.7030258164731802,0.7678879491189582,0.748824924104442,0.7589928864928359,0.8509037097747917,0.7380882089566347,0.501451034691315,0.4271798571720606,0.20157478178186516,0.26643691442764317
2019-12-05,0.6819993457110766,0.7033675556021792,0.7328230007389823,0.707197574828402,0.8447611440837667,0.7164634605679953,0.5106072581035411,0.42767568173844084,0.17139208760753544,0.1927602974986381
2019-12-06,0.6204730825196475,0.6526528714834808,0.686868478213382,0.6658345173850967,0.8276231982466307,0.6985257778691278,0.5250307776744161,0.46307999562140256,0.09544230484523142,0.12762209380906475
2019-12-09,0.6867705279145494,0.5977189690440557,0.736441675559228,0.6203163574877338,0.8461424929091924,0.6780232757683826,0.518137702583959,0.4711500661270988,0.16863282533059043,0.07958126646009678
2019-12-10,0.6505408613610548,0.6393727657090116,0.7091554951055277,0.6549013743475354,0.8358400270636348,0.6936772168156318,0.512318839138012,0.46907657904698385,0.1382220222230428,0.12705392657099956
2019-12-11,0.6009093173166882,0.6315611937094553,0.672558420119529,0.6484497055222528,0.82244393163466,0.690794044459803,0.49549717493085155,0.4703984966881857,0.10541214238583663,0.13606401877860375
2019-12-12,0.561570892924511,0.5877205980295972,0.6442861176003745,0.6119458871231631,0.8124397526948247,0.6741590671081193,0.5084444899735973,0.5006333989909265,0.053126402950913754,0.07927610805599994
2019-12-13,0.6348155332313772,0.5407584051184859,0.6974566749558977,0.5722487323403037,0.8315042816973954,0.6554025667707956,0.5081268715291344,0.5008441204577947,0.1266886617022428,0.03263153358935156
2019-12-16,0.5812281377717003,0.510049159282662,0.6583262265334175,0.5459282859430726,0.8173694644026896,0.6425473400966567,0.5328697006541107,0.4986259990758425,0.04835843711758969,-0.02282054137144862
2019-12-17,0.6063742360793634,0.4737485247938446,0.676539881938759,0.5144133244396805,0.8238772550932545,0.6266733359644249,0.5226577173861192,0.4990251794756808,0.08371651869324415,-0.04890919259227461
2019-12-18,0.559248502120265,0.45643576570705013,0.6426394320528346,0.49921875054172404,0.8118666020589376,0.6188182877113074,0.5192305498514891,0.49853848196675027,0.040017952268775914,-0.06279478414443895
2019-12-19,0.5225467753903589,0.44408928960042887,0.6169776873375037,0.48831435197913553,0.8030735238834631,0.6130953642104869,0.5160019877280261,0.4883167571830672,0.006544787662332796,-0.07191269812759721
2019-12-20,0.5148688922271243,0.4182430676351839,0.6116999288663845,0.4652929930288786,0.8012978828623173,0.600765091670332,0.5091797729864017,0.4859178489746749,0.005689119240722573,-0.09093670535121784
2019-12-23,0.5132474942763251,0.3944491507594182,0.6105896017012459,0.4438536889520516,0.8009257701186677,0.588960179153881,0.5045059184688427,0.4859267737351104,0.00874157580748236,-0.11005676770942452
2019-12-24,0.4862395869621849,0.37692126123763553,0.5923200339567368,0.4278993194037905,0.7948757750647674,0.5799593234537597,0.4977348807216113,0.4672499617151784,-0.011495293759426428,-0.12081361948397579
2019-12-26,0.4661510928083187,0.37280549849091665,0.5790224797401246,0.4241323001722095,0.7905597922765436,0.577805857405202,0.4951329157377746,0.47482509690882374,-0.028981822929455947,-0.12232741724685797
2019-12-27,0.4945585379387661,0.35180901810473175,0.5979010556021004,0.4047864671376474,0.7967092885915931,0.5665680544680298,0.49784470232165534,0.47178962902211735,-0.003286164382889256,-0.1460356842169236
2019-12-30,0.4737761725488564,0.3558852649534751,0.5840393053815126,0.40855945181071496,0.7921793449497192,0.5687837795266265,0.5053308881667169,0.48372836045578466,-0.031554715617860496,-0.14944562321324178
2019-12-31,0.5443814427342123,0.49293382129335195,0.6321609220398063,0.5311257039081617,0.8082444260069503,0.6351593421588144,0.5084221721078693,0.42485884715615757,0.035959270626342965,-0.015488350814517382
2020-01-02,0.5124384198206028,0.4487443835117936,0.6079264744803733,0.4915433098183344,0.795024345412577,0.6108120874312628,0.5108020579546076,0.40513570363089013,0.0016363618659951396,-0.06205767444281407
2020-01-03,0.6231280385816366,0.41427190650355533,0.6869242312100099,0.460966397818791,0.822755946997171,0.5946771912247308,0.5379623426484131,0.45624894104446145,0.08516569593322343,-0.12369043614485781
2020-01-06,0.6952120573912351,0.601575498326324,0.7410808700183478,0.6220723418724013,0.8431169716172849,0.6738143583763945,0.5546217970549416,0.4580522629626401,0.14059026033629352,0.04695370127138232
2020-01-07,0.6437682431531988,0.5594372770873427,0.7022427096063419,0.5868124841505666,0.8284084368538832,0.6576233619169212,0.5489457369396165,0.4390125870430736,0.09482250621358235,0.010491540147726242
2020-01-08,0.612755629174696,0.5986874381060379,0.6792884417903797,0.6196715693580767,0.8199706789819269,0.6727291950120655,0.5445240394052628,0.43281565305420955,0.06823158976943311,0.05416339870077502
2020-01-09,0.599583835645603,0.5545959059868993,0.6696548000949645,0.5827285802375657,0.8164877933532655,0.6557117824161648,0.5521279569557282,0.43968433536191937,0.047455878689874775,0.0024679490311710905
2020-01-10,0.6165030721241781,0.5131442563452655,0.6820422247115248,0.5474674527370014,0.820972660660619,0.6388716984971949,0.554808336029471,0.45432825165206375,0.0616947360947071,-0.04166407968420549
2020-01-13,0.5927745605225857,0.5595977175789719,0.6647031453129847,0.5869477033987014,0.8147112501114278,0.6576865219759561,0.556383659779306,0.44265805853683393,0.036390900743279664,0.0032140577996658815
2020-01-14,0.6136642560462926,0.5174653989749519,0.6799556207232972,0.5511686992171926,0.8202131764855665,0.6406685191051622,0.5458396501105073,0.44851262576005607,0.06782460593578532,-0.02837425113555536
2020-01-15,0.5749356680386642,0.532991861636618,0.6518269609469456,0.5644181400994787,0.8101354650028617,0.6470435915233851,0.537485722837046,0.43288924728665984,0.03744994520161826,-0.00449386120042794
2020-01-16,0.5367890655891433,0.5006603533356754,0.6247932017545923,0.5367397919250302,0.8007389569452756,0.6336234321362412,0.516086690585028,0.4564026996699171,0.020702375004115314,-0.015426337249352606
2020-01-17,0.60975552100451,0.4625617870349377,0.6770879257573537,0.5036682092101871,0.8191720445736339,0.617047778759418,0.5199850328308785,0.4547087607769256,0.08977048817363154,-0.05742324579594077
2020-01-21,0.5700592905312222,0.43614251729734976,0.6483321846005643,0.4804209580101837,0.8089045775382899,0.6050126180979338,0.5289796489339004,0.46114885323480936,0.0410796415973218,-0.09283713163655061
2020-01-22,0.5456498019599398,0.4704252075717586,0.631008573511152,0.510536584875749,0.8028737154823425,0.6205413181319192,0.5349127192089813,0.4586452733774304,0.010737082750958526,-0.06448751163722272
2020-01-23,0.5112455676069855,0.4561138581297575,0.6071086149107727,0.498019079429146,0.794750193008438,0.6141535186537933,0.5349076115992198,0.45876806006114473,-0.02366204399223437,-0.07879375346946232
2020-01-24,0.483300622985413,0.4333485601436158,0.5881865708139875,0.47794652309105895,0.7884846615581068,0.60371176771794,0.5706288430393399,0.5152924931241638,-0.08732822005392693,-0.13728028289572414
2020-01-27,0.6504586984361296,0.6577826685206979,0.7072421420569871,0.6683603938584356,0.8302717184942868,0.6942768188938243,0.6940917726694666,0.6341994092083609,-0.043633074233337066,-0.036309104148768756
2020-01-28,0.9921150157261416,1.0518168766968945,0.9782073820023587,0.9745665149774165,0.9432152510106256,0.8124734293230172,0.7244279732796066,0.6748366995423227,0.26768704244653496,0.3273889034172879
2020-01-29,0.9799897077458493,0.9433562797664361,0.9682096413566147,0.8929646990315291,0.9386799893063985,0.7833922422827893,0.7339868420361989,0.6603236723807944,0.24600286570965035,0.2093694377302372
2020-01-30,0.8670580103995579,0.8914148439846595,0.8761736263072553,0.8532403094616493,0.898147751094238,0.7686728745634132,0.755176152861397,0.6615926305402346,0.11188185753816082,0.13623869112326248
2020-01-31,0.7775326230885989,0.8149642052451793,0.8048994105192602,0.7939292374955206,0.8684000316478581,0.7459319937326355,0.782886505045558,0.758156087340347,-0.005353881956959072,0.032077700199621306
2020-02-03,1.1376973235676888,1.2325749822728105,1.1013860198981351,1.1033824451110281,1.0065264214406053,0.8542909850710513,0.7965393679675454,0.7582667852127462,0.3411579556001434,0.43603561430526505
2020-02-04,1.0402244143587596,1.0997151835121877,1.0198585174153987,1.0080590261399092,0.9679503900353483,0.8244244465709664,0.7875702637037756,0.82536905159023,0.252654150654984,0.3121449198084121
2020-02-05,1.130115870039886,0.9755411454316248,1.095008996912911,0.9167779656270385,1.003457324575251,0.7941735135346113,0.800218756019499,0.8535637743951283,0.3298971140203869,0.17532238941212586
2020-02-06,1.105472193696074,0.8741124097662646,1.0743199471130616,0.8404143276680218,0.9935590604882264,0.7674306930006499,0.800350816446,0.8501307232426626,0.30512137725007404,0.07376159332026455
2020-02-07,0.9746158534054106,0.798170335696643,0.9656204097010189,0.7820310440364412,0.9431324918870735,0.7459736619414918,0.8028127928147383,0.8534051856801267,0.1718030605906723,-0.0046424571180953
2020-02-10,0.9069230545986655,0.8645033754120169,0.910309901267757,0.8330871232631649,0.918586251143909,0.7647884473063318,0.8040143880471945,0.8608668194572283,0.10290866655147102,0.060488987364822444
2020-02-11,0.8590767013021318,0.7839539711369095,0.871681879936212,0.7709760078320692,0.9019334426809309,0.7418023923366491,0.807996956921047,0.8512234549986079,0.05107974438108476,-0.02404298578413755
2020-02-12,0.7642445044199346,0.722222309874441,0.7965050086456985,0.7224752784740648,0.8707756862057878,0.7230601781696433,0.8102194236944196,0.8568424008151188,-0.04597491927448494,-0.08799711381997855
2020-02-13,0.7326680239239761,0.6614576240830544,0.7719547861832279,0.6738847639323949,0.8609826752960261,0.7035018967365696,0.8206025947926394,0.8585188731105179,-0.0879345708686633,-0.159144970709585
2020-02-14,0.6661528994685775,0.6505531499527304,0.7211916067093287,0.6650687758107681,0.8413727620704045,0.6998625869158482,0.8210020466392316,0.8429049491369519,-0.15484914717065412,-0.1704488966865012
2020-02-18,0.6069698499683467,0.6055826103214832,0.6773005267284113,0.6283790883347007,0.8251509446872677,0.6843940971623191,0.8257773973133862,0.8450094432460085,-0.2188075473450395,-0.22019478699190298
2020-02-19,0.5818644022446295,0.6350355613695883,0.6591069086309089,0.6524700133574783,0.8186363553257416,0.694610600586755,0.8271856178663337,0.8471937979221943,-0.24532121562170417,-0.19215005649674544
2020-02-20,0.5685574806311858,0.5872394872087144,0.649577444050818,0.6132526183884729,0.8152747269534675,0.6778574054761797,0.8541150141262336,0.8549077692322238,-0.28555753349504776,-0.26687552691751915
2020-02-21,0.5779578664315733,0.6552030718146755,0.6563008837341767,0.6688318445245276,0.8176428522234971,0.701419566778568,0.8640831995545692,0.8906487105782745,-0.28612533312299593,-0.20888012773989373
2020-02-24,0.750647987856375,0.8772312380341826,0.7859012421208125,0.8427889320459236,0.866521870732079,0.7682839959356608,1.27725227718738,1.1578870926583709,-0.526604289331005,-0.4000210391531974
2020-02-25,1.7536877540746472,1.8794442396937294,1.6321728582628465,1.5412380724702306,1.2853514844691443,0.9744769314424089,1.333631527423603,1.296531404303362,0.42005622665104414,0.5458127122701264
2020-02-26,2.1175694188358536,2.3714938583725393,1.9523223854697866,1.8530023083456972,1.468860822154075,1.047809949892743,1.3237156188612365,1.2650565540234395,0.7938537999746171,1.047778239511303
2020-02-27,1.835262610763679,2.138469604143975,1.7036697073887601,1.70722681113795,1.3255834370612158,1.0145354954393437,1.5119503925187134,1.594753519618379,0.3233122182449655,0.6265192116252616
2020-02-28,2.7026050367192123,2.99076541526833,2.471607106942905,2.2268872710649013,1.7802633550613178,1.1264736055042044,1.7126025095077255,1.5839751106592552,0.9900025272114867,1.2781629057606045
2020-03-02,2.4021118681156386,2.6763003287783755,2.2336948439362083,2.023892141838687,1.7199157224281312,1.077191092482038,1.8127056510252344,1.8717204975405775,0.5894062170904042,0.8635946777531411
2020-03-03,2.88677508512266,2.2307250778212264,2.6702432408226464,1.7546770637400484,1.9999086518316003,1.0206952242672742,1.92194839941856,1.9511075449586441,0.9648266857041001,0.3087766784026664
2020-03-04,2.8583095730466326,2.6093532487316544,2.644545053242201,1.9841018812602662,1.9832263658983431,1.0691485812040984,2.0068682160140727,2.1600247144301217,0.8514413570325599,0.6024850327175817
2020-03-05,3.1310367838555577,2.178445745390674,2.8909907647884903,1.7223624918487737,2.1440356127822318,1.0135595320457595,2.0853140490378372,2.2413240838316586,1.0457227348177205,0.0931316963528368
2020-03-06,3.1567472242462955,2.700196120714238,2.9142481061317165,2.0380423850439313,2.159299568997261,1.0800274299619401,2.189261068757304,2.2477367404481585,0.9674861554889915,0.5109350519569342
2020-03-09,2.8116809947489863,2.6726210279365183,2.6024631084991197,2.021710968372473,1.9559558347507773,1.0767527913187935,2.756770751500574,2.8110986294075686,0.054910243248412094,-0.08414972356405581
2020-03-10,4.6997844511834925,4.578937621364502,4.314799948091918,3.0831455033478883,3.0965021065621117,1.2626664829748986,3.0684029257212364,3.098103005761621,1.6313815254622561,1.5105346956432655
2020-03-11,4.66401601015208,3.7291851560962375,4.282263129935606,2.6249269853201795,3.0744492325847093,1.1882706405175778,3.138125943022903,3.2304858658731037,1.5258900671291773,0.5910592130733345
2020-03-12,4.674255021563439,4.258509168474072,4.291576828116666,2.9127189321196854,3.080760938715772,1.2358562609392965,3.5721800613488384,3.7825196470169353,1.1020749602146003,0.6863291071252338
2020-03-13,6.373077766122931,6.075183982528581,5.83879991739364,3.848053307787621,4.137224786382245,1.3728236409958494,4.124963320826561,4.360179396446755,2.2481144452963697,1.9502206617020201
2020-03-16,6.706427607017802,4.843742579762328,6.142715421342526,3.2220453669081817,4.346054814419627,1.2838423055551351,4.840331448093015,4.932289836466369,1.8660961589247869,0.003411131669312617
2020-03-17,8.076273909889993,6.903321922003967,7.392232224372361,4.253448809963463,5.207314716668204,1.4257152966564306,5.018062841097028,5.166409729304094,3.058211068792965,1.8852590809069394
2020-03-18,7.283744021407384,5.5209060213061925,6.669211948675878,3.5700534539131357,4.708494114657119,1.3345147351338704,5.284176789284811,5.211537181308672,1.9995672321225726,0.2367292320213812
2020-03-19,6.684168986079302,5.622853209163243,6.122419962944336,3.621622145172789,4.332099617761223,1.3417578273898307,5.366411556457652,5.221620953985476,1.3177574296216505,0.2564416527055915
2020-03-20,5.650109373636668,4.61178408166387,5.179961090560934,3.100467173672685,3.6857514991208205,1.265339229577311,5.448220103033088,5.253789695129767,0.20188927060357997,-0.8364360213692175
2020-03-23,5.265604532797761,4.764321420765735,4.82977043086981,3.1805624898928664,3.4466494133089034,1.2775786278544639,5.497939144712879,5.244791273572715,-0.2323346119151175,-0.7336177239471438
2020-03-24,4.6445354349837285,4.475827068617924,4.264543566078873,3.0285941100840703,3.0624431721600547,1.2541875696033196,5.609056508392562,5.7315297310876465,-0.9645210734088332,-1.133229439774638
2020-03-25,5.770022897672369,3.5954138167926657,5.28920574882967,2.550833531796849,3.7604768742218595,1.1754983903227822,5.691197596936984,5.761084347018986,0.07882530073538518,-2.0957837801443184
2020-03-26,4.9263444836357975,3.007680319483868,4.5209412511035465,2.2178071076749943,3.236427162845795,1.1150395908115667,5.728547923959352,5.892633656189587,-0.802203440323555,-2.7208676044754845
2020-03-27,4.991808861700312,2.476021527230261,4.580520871242103,1.9041892375628409,3.2769309899507792,1.052687728872283,5.726234926607732,5.916665799577212,-0.7344260649074199,-3.2502133993774707
2020-03-30,4.492001025852444,2.824685307927005,4.1258227858599765,2.11132942628366,2.968551817901464,1.0945246473794203,5.698155504728958,5.874786239397576,-1.2061544788765142,-2.873470196801953
2020-03-31,4.096016364554021,2.3661399780254055,3.765932000181745,1.837630521077998,2.7258994385747837,1.0386461480901608,5.677952366173546,5.856722143950297,-1.5819360016195247,-3.3118123881481405
2020-04-01,3.5970491064275216,2.5435229043899987,3.372809004261186,2.0204626394237795,2.6371440510885082,1.1580891463056338,5.735195261404908,5.800967329949922,-2.138146154977387,-3.1916723570149097
2020-04-02,3.854977605374449,3.388230053940033,3.6111812829626087,2.547592147188844,2.809172033871622,1.2786304345700383,5.716496335701403,5.825497822304324,-1.8615187303269538,-2.32826628176137
2020-04-03,3.436247630354451,2.8647752215901776,3.2243251272144935,2.224385017379148,2.5304628972922147,1.2066423619539903,5.702453342097162,5.824201739417682,-2.2662057117427112,-2.8376781205069848
2020-04-06,3.005612021930292,2.7833086479171385,2.827283536826669,2.1731066986786827,2.247446573331297,1.1946816892818275,5.855759644615266,5.783733752179091,-2.850147622684974,-3.0724509966981275
2020-04-07,4.115189252797512,2.346929980602269,3.851874096042373,1.8932504095721705,2.9836857182031227,1.1263637409506515,5.690410448738292,5.654466663500218,-1.57522119594078,-3.343480468136023
2020-04-08,3.47232066917211,2.0324823822223927,3.257625622952667,1.6854001043898557,2.5543533142880843,1.0717819694155348,5.560151832108078,5.602952899127103,-2.087831162935968,-3.527669449885685
2020-04-09,3.35035194426095,1.7517070576636165,3.14505453867446,1.4945373539768743,2.47367940048057,1.018150244441753,5.539083732639012,5.080301166164949,-2.188731788378062,-3.7873766749753957
2020-04-13,2.9187440775848574,1.5304824712793434,2.7473236687616747,1.3400045269408747,2.1909261857350506,0.971774938056167,5.28229318578068,4.761415238119074,-2.3635491081958224,-3.751810714501336
2020-04-14,2.5196283749726,1.5758941783726284,2.380715561905452,1.372057181218694,1.9344592159684086,0.9816362484416106,4.910903851313632,3.9079799687134567,-2.391275476341032,-3.3350096729410037
2020-04-15,2.562851729310378,1.3739384876241962,2.420347235193569,1.228068471222472,1.9619418721204045,0.9362340665248491,4.266339910519299,3.8202032084422175,-1.7034881812089213,-2.8924014228951034
2020-04-16,2.4468077405278335,1.7898225689242724,2.313992438575288,1.5207728131846392,1.8883438572663014,1.0257462369453705,4.0636338697312295,3.5779162188042757,-1.616826129203396,-2.2738113008069574
2020-04-17,2.0807661331717826,1.5692568916305818,1.979679836965596,1.3673835848126363,1.6607241372081718,0.9802066506912058,3.736144727672957,3.599278464431574,-1.6553785945011743,-2.166887836042375
2020-04-20,2.1919823559098726,1.3700040750530105,2.081037901455183,1.2252247014447668,1.7290573703974736,0.9353074402730623,3.6571409373717305,3.439606377556539,-1.465158581461858,-2.28713686231872
2020-04-21,2.0849852428501174,1.6759787888784066,1.983520920310018,1.4420844522479825,1.6633015145183245,1.0027311072324299,3.5698160819703904,3.4686384360223257,-1.484830839120273,-1.8938372930919838
2020-04-22,2.3887742519744455,2.303440356662093,2.26086294197835,1.864837907573434,1.8517699960504277,1.11911241040363,3.5101938227010487,2.984384253625196,-1.1214195707266033,-1.2067534660389558
2020-04-23,2.2846884437489785,1.9826867985569678,2.165681761692286,1.6519393999453011,1.7865993966353002,1.0626411087334244,3.2067453645175528,2.9820865750476564,-0.9220569207685743,-1.224058565960585
2020-04-24,1.9364341021652316,1.7454863349828533,1.8484961136856526,1.490245212307248,1.5733331387853546,1.0169002825191362,3.038892909793485,2.743713477473908,-1.1024588076282535,-1.2934065748106318
2020-04-27,1.7690793671697504,1.5261496448179344,1.6970023554496996,1.336936867914698,1.4741416319944856,0.9708240890917881,2.9525070503994293,2.6295682831510407,-1.1834276832296788,-1.426357405581495
2020-04-28,1.6496911009267694,1.342219359505267,1.5894320858477717,1.2050972143931895,1.405039604238887,0.9287135054197192,2.873806132465583,2.5676565573170436,-1.2241150315388136,-1.531586772960316
2020-04-29,1.433051559553312,1.3111201691095087,1.3956544201509564,1.1824737333319657,1.2839770846821146,0.9212261005893562,2.8407389391571067,2.567560418532621,-1.4076873796037948,-1.529618770047598
2020-04-30,1.7564133832351323,1.1529644552808949,1.685568373201741,1.0657611193662058,1.4667403087130162,0.8812297790140071,2.8299411791326397,2.28866430812754,-1.0735277958975074,-1.6769767238517448
2020-05-01,1.583372590438831,1.312965349290679,1.5275574268769487,1.208768544349783,1.358105959032483,0.972578286459961,2.7233545516127804,2.3897229348395013,-1.1399819611739495,-1.4103892023221014
2020-05-04,1.9401286195391896,1.9037599215034042,1.8493426595758338,1.650934224300389,1.5656443022800046,1.1350687141185527,2.719064760224923,2.3429988311110193,-0.7789361406857334,-0.8153048387215187
2020-05-05,1.6551983079440604,1.679992509300195,1.5920154265938535,1.4865031370569426,1.3988345014398675,1.0775580431388594,2.6902797377956116,1.902498087999499,-1.0350814298515512,-1.0102872284954165
2020-05-06,1.4732614894428995,1.4925859986436258,1.4291554137774485,1.346064983843802,1.2969132382703654,1.0258418641732443,2.236230053480743,1.9166574846957933,-0.7629685640378434,-0.743644054837117
2020-05-07,1.3204905726213731,1.491037832362373,1.293652013316305,1.3448934271280486,1.2148902164035837,1.0253992715162463,2.0378334061720706,1.8002659602774227,-0.7173428335506975,-0.5467955738096977
2020-05-08,1.262737797674662,1.3326893056342575,1.2428072367593397,1.2239860808118164,1.184880717615816,0.9786272989603436,1.958079920042636,1.8053433959311695,-0.6953421223679739,-0.6253906144083785
2020-05-11,1.3345658833504033,1.1986820085571153,1.3060783187623803,1.119849640280289,1.2222920040788978,0.9364376472892669,1.9256868850445936,1.7855137400086123,-0.5911210016941904,-0.7270048764874784
2020-05-12,1.1475681992357247,1.0863774233814656,1.142192819826072,1.031129436205208,1.1269174320413509,0.898904038763979,1.9034578013029289,1.7454443736585585,-0.7558896020672041,-0.8170803779214633
2020-05-13,1.447616975795844,1.5231723810080449,1.4063193767812905,1.3691710681280354,1.2828975972940844,1.0345315433099378,1.81498534533945,1.723113750905598,-0.3673683695436061,-0.29181296433140513
2020-05-14,1.556706221961478,1.7925544532890119,1.5036780314919533,1.5696304244935644,1.3431424734551203,1.1070123822536826,1.8072945124063635,1.739246341574715,-0.2505882904448855,-0.014740059117351656
2020-05-15,1.440266525045401,1.5888220761521006,1.3997801085472665,1.4185156786581754,1.2788977622621653,1.0528446419619577,1.8184554677513078,1.6350569166827154,-0.37818894270590686,-0.22963339159920726
2020-05-18,1.2482776263940523,1.4136804569029306,1.2301146249370989,1.286099751556812,1.1774612468899728,1.0029327612590688,1.8328885812190787,1.709979592411461,-0.5846109548250265,-0.41920812431614807
2020-05-19,1.8082585820618655,1.2722843307901117,1.7299629922380915,1.1772650109490153,1.4874928348716507,0.9599322403447181,1.7645752815985682,1.5551388482742392,0.04368330046329727,-0.49229095080845653
2020-05-20,1.6419994798839748,1.3911761852703877,1.5801560382212487,1.268899664719729,1.3913053284566743,0.9962626793000466,1.6892446398596557,1.5269290839808076,-0.047245159975680906,-0.298068454589268
2020-05-21,1.6129948853169276,1.2489011230030382,1.554117371885574,1.1590837733121164,1.3748299080986688,0.9525562160904552,1.6564730675552066,1.54203664929991,-0.04347818223827904,-0.4075719445521684
2020-05-22,1.4340611335758573,1.2884425728222106,1.394261734594586,1.1897971439829214,1.275527178025979,0.9649830517515456,1.6346685758641109,1.519797950883015,-0.20060744228825356,-0.3462260030419002
2020-05-26,1.2306574383158626,1.1561651976627907,1.2146701326637441,1.0864259451598999,1.1684734625660032,0.9224800372317602,1.6958214600268595,1.5117638822357606,-0.4651640217109969,-0.5396562623640688
2020-05-27,1.202031636667165,1.0456152789714515,1.1896324742745408,0.9985681837560609,1.1539995327518018,0.8847221899377428,1.7357137388758497,1.5288238843792903,-0.5336821022086846,-0.6900984599043982
2020-05-28,1.246551092795659,0.9508817357892723,1.2286002054732414,0.9220854350367362,1.1765779739056126,0.850463959778634,1.7220969343261259,1.4337082762797035,-0.475545841530467,-0.7712151985368536
2020-05-29,1.0829646459166857,0.9164911709074335,1.0862952021571868,0.8940216002023784,1.0956199918111196,0.8375358455394065,1.7008017583078898,1.4110559510414364,-0.6178371123912041,-0.7843105874004563
2020-06-01,0.9590656447329433,0.8083317187172693,0.9800099146735028,0.8050734774622831,1.0369417699573504,0.7964035611146022,1.6791763128161663,1.2329113060353878,-0.720110668083223,-0.870844594098897
2020-06-02,0.8524252071832354,0.7416483519643231,0.8905829825846064,0.7485064507471487,0.9905493693824436,0.767205874316695,1.5228170767702818,1.236405323631039,-0.6703918695870463,-0.7811687248059587
2020-06-03,0.8343945783563148,0.6848298021577086,0.8756716729149633,0.6996885030837157,0.9830457769230114,0.7411310712023307,1.485031576260838,1.248274129976833,-0.6506369979045231,-0.8002017741031293
2020-06-04,0.9566239861569621,0.6368733532714436,0.977941213380551,0.657998762490587,1.0358430079852108,0.7181527269851192,1.476265963094875,1.2320446367795772,-0.5196419769379128,-0.8393926098234313
2020-06-05,0.8551989218543109,0.6608462518066486,0.8928827231887906,0.6788971864878611,0.991712800621271,0.7297573885008128,1.5119026519222238,1.3079718014821249,-0.6567037300679129,-0.8510564001155753
2020-06-08,1.42657163371385,0.621017038441694,1.387878220785324,0.644109622809937,1.27212327802959,0.7103406332530141,1.498468667323825,1.2917686544740319,-0.0718970336099749,-0.877451628882131
2020-06-09,1.3438966796434393,0.5798311841043128,1.3144820414656486,0.6077738455625114,1.22750639516968,0.689505813594875,1.5157515883175907,1.317970245289355,-0.17185490867415143,-0.9359204042132779
2020-06-10,1.2307122177803471,0.7392395835266654,1.2147107269705613,0.7464488392079847,1.1682824569400967,0.7661238928573141,1.4958153797478413,1.2099570216824775,-0.26510316196749417,-0.7565757962211759
2020-06-11,1.111609835099499,0.8221496790431708,1.1108305817312782,0.8167036035000617,1.1086243386603583,0.8022813026003369,1.6353500901854303,1.8276227668565903,-0.5237402550859314,-0.8132004111422595
2020-06-12,3.150834988559004,3.964412861425718,2.9598646427158277,3.0917018787292645,2.3369428013988576,1.5875436262326645,1.7411256380211415,1.8276428726246827,1.4097093505378626,2.2232872234045766
2020-06-15,2.7316978976744735,3.406090719384517,2.5740511024577595,2.7190377558114034,2.064166891871974,1.486370229526047,1.728328005595825,1.8324539105839495,1.0033698920786485,1.6777627137886921
2020-06-16,2.359810190058138,2.9442045949171742,2.232958059977451,2.403599331550038,1.8272487091309828,1.3953116002291677,1.819373694112714,1.764240325525418,0.540436495945424,1.1248309008044601
2020-06-17,2.2022331525023615,2.5646800850276144,2.088922705142142,2.138683504525212,1.7288180997019207,1.3142264546358928,1.752193147171658,1.7451074771422197,0.45004000533070343,0.8124869378559563
2020-06-18,1.8939384914225752,2.336726295705887,1.8083308654830947,1.9766939656933966,1.5407562606696334,1.262213488701344,1.7510894311125003,1.7162565547584363,0.14284906031007494,0.5856368645933867
2020-06-19,1.6178025103122982,2.052911955304328,1.5589546155887168,1.7715459819673738,1.37904512983224,1.1932618890640756,1.7747195497202648,1.7130245008129001,-0.15691703940796664,0.2781924055840632
2020-06-22,1.4251723854918148,1.9410347303642599,1.386632822123173,1.6895029609114913,1.2713593995658659,1.1646028493230245,1.7769600881332972,1.71514264889458,-0.3517877026414824,0.1640746422309627
2020-06-23,1.254473258162862,1.7172059429169961,1.2355794697515863,1.5231160481419121,1.1805236806057369,1.104317120206107,1.7783267025731277,1.7012662658820346,-0.5238534444102658,-0.06112075965613162
2020-06-24,1.0977436516513894,1.526342075541245,1.098824891507563,1.3785851264739535,1.1018762736840404,1.0492885614276257,1.7446264385459769,1.7853961172810278,-0.6468827868945874,-0.21828436300473197
2020-06-25,1.6376642082028376,2.020506691657322,1.576810266590676,1.7478546196466096,1.3904130904594385,1.1850537533953303,1.7181798882530523,1.7992968550024966,-0.0805156800502147,0.3023268034042699
2020-06-26,1.483459659137806,1.7862697163661059,1.438596322459296,1.5747931411905178,1.303419897635804,1.123370067454017,1.724235069480962,1.880938353822669,-0.24077541034315608,0.06203464688514382
2020-06-29,1.7791881793838245,2.1679245198476464,1.7044271453068347,1.8551743407186427,1.472651154348366,1.2218165074775167,1.7224272232622098,1.9088975790314333,0.05676095612161469,0.4454972965854367
2020-06-30,1.6656480414315618,1.912418829152051,1.601991841530031,1.6684025818283326,1.4065056354589227,1.1571231210167432,1.7358204540483604,1.921626726972778,-0.07017241261679863,0.17659837510369059
2020-07-01,1.5773241149984156,1.6854176058855082,1.5557984785750565,1.540108914057118,1.4850416061074503,1.1929069106183328,1.7356420910925832,1.9044731685133127,-0.15831797609416753,-0.05022448520707501
2020-07-02,1.395703477646841,1.5189047313986166,1.3886356802160376,1.407327312757033,1.365842987444256,1.1337288884203514,1.752171503485383,1.9073330177318348,-0.356468025838542,-0.2332667720867665
2020-07-06,1.230634007739531,1.3721522056412483,1.238196004810194,1.288687980441275,1.2620180650856963,1.078760018292394,1.7538386490777658,1.8508164711732125,-0.5232046413382347,-0.3816864434365175
2020-07-07,1.2870620131193662,1.2646515600012525,1.2894304971343276,1.2007103839843427,1.2969577143897637,1.0365597530375354,1.7317821478215665,1.8410938736974234,-0.4447201347022003,-0.467130587820314
2020-07-08,1.2506976450374054,1.378560338279569,1.2563877239936692,1.2939026476201592,1.2743708636451376,1.081221290219916,1.7366059709148947,1.8451888040021924,-0.4859083258774892,-0.35804563263532563
2020-07-09,1.137107548951318,1.254751052849616,1.1538072928345025,1.192558902720797,1.2055388925016537,1.0325825784473444,1.7346676679636397,1.8453555064111182,-0.5975601190123216,-0.4799166151140237
2020-07-10,1.0454159635695968,1.2640661660441126,1.0718461085934947,1.200228643039879,1.1521200898376394,1.036325035372746,1.7405367844620836,1.2304953884269985,-0.6951208208924868,-0.476470618417971
2020-07-13,1.0237884412212253,1.1603139026821863,1.052644719504227,1.1143625496172882,1.139831801576671,0.993809634043411,1.6289565039211216,1.237942954005925,-0.6051680626998963,-0.4686426012389353
2020-07-14,1.0166303800192065,1.2506086852602794,1.0463017780244603,1.1891457863491075,1.1357925502157276,1.0309137746814712,1.5014805800561717,1.2516659439430082,-0.4848502000369652,-0.25087189479589234
2020-07-15,1.0707493889837147,1.154081132914045,1.0944047074300027,1.1091724896100756,1.1666702827498,0.9911948933897892,1.3651026345240087,1.1995354459118324,-0.29435324554029396,-0.2110215016099637
2020-07-16,1.0216438881163097,1.0623802006583631,1.0507437297280016,1.0323680868886793,1.138620175069464,0.9518571556315654,1.2142034331043248,1.1974978456785041,-0.19255954498801509,-0.15182323244596163
2020-07-17,0.9199183426096063,1.0452746502018235,0.9612630558047779,1.017945447090067,1.082661895235764,0.9443296919420369,1.2149220257726538,1.1974027362440942,-0.2950036831630476,-0.16964737557083032
2020-07-20,0.8170021535334127,0.9546061571387348,0.8723999564713437,0.940957316754443,1.0293965899636022,0.9033352693779967,1.2086462103441653,1.1914864017045443,-0.39164405681075265,-0.25404005320543055
2020-07-21,0.8076274060292797,0.8854025264998919,0.8644064031846747,0.8815402151723717,1.0247302820767605,0.8706879964931713,1.1636999634860647,1.1879181981053124,-0.356072557456785,-0.2782974369861728
2020-07-22,0.7209145530236581,0.8124843495280175,0.7914408440625336,0.8182588783993738,0.9831869079436365,0.8348442841486129,1.1492499741842361,1.1892819845669802,-0.428335421160578,-0.3367656246562186
2020-07-23,0.6891166758246288,0.7552800808054019,0.7651853700011796,0.768085021932269,0.968730776626187,0.8055577916520514,1.1597100995067962,1.0488111343224482,-0.4705934236821674,-0.4044300187013943
2020-07-24,0.89348102348114,0.9978352841906135,0.938256883869714,0.9777800640094737,1.0686370904497897,0.9231178847964041,1.1124561564501443,1.0529359385854078,-0.21897513296900428,-0.11462087225953077
2020-07-27,0.870240232959367,1.0594898030187205,0.9181293835081591,1.0299332181789609,1.0564981439386345,0.950589578912377,1.0786929386683686,0.8576599183855231,-0.20845270570900154,-0.01920313564964804
2020-07-28,0.8318362713664583,0.9758542380225085,0.8850859741449639,0.9590836806500224,1.0368463992587074,0.9131148075659745,1.0592191540455849,0.845767370398494,-0.22738288267912654,-0.08336491602307639
2020-07-29,0.8222153942402056,1.0382881369756705,0.8768531243690387,1.012045705525549,1.0320055556836658,0.9412371202208589,1.0291899180272674,0.8426806943540668,-0.20697452378706183,0.009098218948403014
2020-07-30,0.9208297667229447,0.9673491787959425,0.9620581899311679,0.9518345418845484,1.083149402382818,0.9092134969415783,1.0450665440595424,0.8471487327788149,-0.12423677733659766,-0.07771736526359985
2020-07-31,0.842053683208878,0.9684026271504274,0.8938496220722142,0.9527328896354064,1.0420239827969013,0.9096976668791202,1.0830513471239,0.8537778467357799,-0.2409976639150221,-0.1146487199734727
2020-08-03,0.8198450132202585,0.850823180483255,0.8717715016874477,0.8493322926404504,1.0164533400270876,0.8451372427215887,1.0531804923697359,0.8053527000324497,-0.2333354791494774,-0.20235731188648087
2020-08-04,0.786543859830917,0.7912762823596772,0.8436480174406177,0.7976422556699464,1.0006323681756593,0.8158926884462059,1.0263134865368375,0.7531966928812679,-0.2397696267059205,-0.23503720417716034
2020-08-05,0.7160241631865628,0.732540024278867,0.784972884434598,0.7461400073682772,0.9685319892880961,0.7859141412911279,1.0005518202084143,0.7487812750786407,-0.28452765702185145,-0.26801179592954727
2020-08-06,0.6942234359441124,0.6851840562023559,0.7671087782345177,0.7042115097995558,0.9590169962725194,0.760830679738164,0.9902370312741702,0.7285898625591989,-0.2960135953300578,-0.3050529750718143
2020-08-07,0.6871025986244922,0.6440884380604669,0.7613049326943454,0.667509117353162,0.9559528261458167,0.7383298915506511,0.948288646304384,0.7106508042578369,-0.26118604767989184,-0.30420020824391714
2020-08-10,0.6204184066727331,0.5955906014149188,0.7077802503686255,0.6237864276772284,0.9283490411387836,0.7108032558470595,0.9329437413161186,0.6590138585501704,-0.3125253346433855,-0.33735313990119975
2020-08-11,0.5756660401896699,0.5568279648694979,0.6728146414376969,0.5884957202148693,0.9109884716435948,0.6879612006152801,0.8908134114536179,0.6651711288180915,-0.315147371263948,-0.33398544658412
2020-08-12,0.6996969066109944,0.7304636081720561,0.7715805468106577,0.7443093850756981,0.9613870363449575,0.7848321157467271,0.8489283089887629,0.6987230806154485,-0.14923140237776855,-0.11846470081670679
2020-08-13,0.8969593318868226,0.6989076528729771,0.9377528091065873,0.7164012604333031,1.0545875456653435,0.7681891808142091,0.8215161600366991,0.693139290181713,0.0754431718501235,-0.12260850716372207
2020-08-14,0.8037241202455379,0.694265442321486,0.858126648854077,0.7122815335252792,1.008743592306584,0.7657084500439005,0.7983710557590182,0.695106792363813,0.005353064486519621,-0.10410561343753222
2020-08-17,0.71679377992616,0.6518537423939058,0.7856060761892278,0.6744678745760495,0.9688715308792861,0.7426369865117127,0.7915543925719124,0.6823002162229792,-0.0747606126457524,-0.1397006501780066
2020-08-18,0.6538229112439908,0.6074062746838546,0.7343977562942849,0.6344814835100814,0.9419258847037791,0.7176128567976692,0.7782505319017341,0.6823024402501897,-0.12442762065774327,-0.17084425721787955
2020-08-19,0.5965512338557937,0.5657275667584583,0.6890271226004994,0.5966266588543655,0.9189693939072098,0.6932761641806099,0.7705121219701747,0.6902761266721836,-0.17396088811438104,-0.20478455521171646
2020-08-20,0.6029080510977729,0.6305725121160926,0.693999045077926,0.6553699801976393,0.9214408797928736,0.730768933141176,0.7803120935010939,0.6122725022650286,-0.17740404240332097,-0.14973958138500132
2020-08-21,0.5630491412219361,0.5883098740852267,0.6631159453176858,0.6171820159641723,0.9062722082288878,0.7065725673460587,0.7485184135551197,0.5766062965632179,-0.18546927233318367,-0.160208539469893
2020-08-24,0.5367758410338108,0.5514396754829806,0.6431665092234058,0.5835643292383712,0.8967114139438459,0.6847219730609045,0.7552369181631137,0.591292614919216,-0.21846107712930285,-0.2037972426801331
2020-08-25,0.6743306442207746,0.5318269832521516,0.7509353226443988,0.5655593354330971,0.9505119043686516,0.6727918574702443,0.7536030119700089,0.5490846783885548,-0.0792723677492343,-0.2217760287178573
2020-08-26,0.622981834820642,0.5007572337717718,0.709807986803556,0.5368514570553474,0.9293725674485447,0.6534192786698408,0.7452258257266657,0.5322202818371297,-0.12224399090602378,-0.2444685919548939
2020-08-27,0.7232001108162407,0.4861931595504833,0.7908833358929833,0.5233126306941633,0.9717074004413345,0.6441254158562028,0.7495581515265474,0.507874393931881,-0.026358040710306674,-0.26336499197606406
2020-08-28,0.6525441226921912,0.45709775248153384,0.7333713111828853,0.4960996755631468,0.9413967249823695,0.6251193701789928,0.6821711573273332,0.5025579065376014,-0.029627034635142047,-0.2250734048457994
2020-08-31,0.6519065101255546,0.4395830610392883,0.732859733471693,0.4796062867528114,0.941133158497815,0.6133767834780083,0.6128797321839334,0.5203902255867074,0.03902677794162113,-0.17329667114464514
2020-09-01,0.6312536799285401,0.48304308525393136,0.7146012976513395,0.5193176775700126,0.9246294743190314,0.6374573747988274,0.6117262623402417,0.5393041273080901,0.019527417588298346,-0.12868317708631039
2020-09-02,0.7087230823468761,0.4697324145208218,0.7770137869539452,0.506896539641517,0.9566391049801395,0.62882172390658,0.6397551096105671,0.5908046811055769,0.06896797273630895,-0.17002269508974532
2020-09-03,0.9173563830278162,0.4688015307298826,0.9528889477631556,0.5060261198519375,1.0544952926987436,0.6282131299060375,0.7991055613159634,1.0432150677100849,0.11825082171185275,-0.3303040305860808
2020-09-04,1.948063047043621,2.21767766024052,1.8859067746344196,1.9449075660311335,1.6808438687920693,1.3413742660034969,0.9823444165472272,1.0661056502174207,0.965718630496394,1.235333243693293
2020-09-08,1.7368827754750211,2.136710529164798,1.6907859521402762,1.8832354014863446,1.5407167691338342,1.3172413365147624,1.1468615467428414,1.244666335950619,0.5900212287321798,0.9898489824219567
2020-09-09,2.0584870258929544,2.512196621892077,1.9883185487310202,2.166794848432243,1.7555295939870725,1.4255573889122681,1.193135670224302,1.3054592329688055,0.8653513556686525,1.319060951667775
2020-09-10,1.9933539080902363,2.2512179038554008,1.927883346406339,1.9703663197420673,1.711370833040845,1.3512388991557251,1.2168675043828199,1.3316258763096467,0.7764864037074164,1.034350399472581
2020-09-11,1.942130106320092,2.3648091715569857,1.8804110494524295,2.0562166697788573,1.6768563453579897,1.3841005497865646,1.233977099017858,1.3314617143314706,0.708153007302234,1.1308320725391277
2020-09-14,1.6723100097515822,2.090655774337925,1.6313590400422124,1.8480169343211807,1.498700781736286,1.3033051386491652,1.2701538306515137,1.3653180410848138,0.4021561791000685,0.8205019436864112
2020-09-15,1.5618031672632051,1.8789665192087643,1.5299737455529823,1.6847585970928032,1.4278587491562753,1.2371282826828607,1.2819443056471451,1.3680655713205114,0.27985886161606,0.5970222135616192
2020-09-16,1.3647142806807289,1.6813878463556935,1.3503901362856932,1.5301499826903253,1.3054452508971999,1.1718228118704932,1.2900852035040515,1.3706338397507674,0.07462907717667733,0.39130264285164196
2020-09-17,1.2083745765916618,1.5932481780844783,1.2094577830974294,1.4604080902014562,1.212776326743878,1.1414248011082029,1.3548759666521013,1.3820662191914972,-0.1465013900604395,0.23837221143237697
2020-09-18,1.1575457554663262,1.619381566010256,1.164019077622075,1.4811390876208737,1.1836659942864023,1.1505256586859751,1.3814387275524294,1.402398963657414,-0.22389297208610315,0.2379428384578266
2020-09-21,1.1835666272515943,1.7020464745521415,1.1872540321137057,1.5464249273377961,1.19850059861527,1.1788288237216562,1.4469592728308536,1.416243521649574,-0.26339264557925923,0.25508720172128796
2020-09-22,1.1925289761374351,1.7633171014009985,1.1952698766887875,1.5945404159145329,1.2036432931676502,1.1993554822704955,1.466095108348553,1.4164654171557367,-0.2735661322111178,0.29722199305244557
2020-09-23,1.1325111185370884,1.5922687686913535,1.1417204508196452,1.459630268857855,1.1695330418938488,1.1410822453770273,1.4692096219031323,1.490996438772285,-0.3366985033660439,0.12305914678822116
2020-09-24,1.5570745906998147,1.9686773457743014,1.525645315871162,1.7542302021122782,1.4248597672202281,1.2656162343537,1.5041683672214472,1.4662014073315432,0.05290622347836749,0.4645089785528542
2020-09-25,1.3485061680256962,1.753592806708815,1.3357077552496333,1.5869190906772306,1.2956375470485983,1.1961223414441453,1.5304184138919679,1.5254407295742813,-0.18191224586627164,0.22317439281684703
2020-09-28,1.3852842390636164,1.5959194518615218,1.3690448245088718,1.4625292213963343,1.3179537590242887,1.1423585514833614,1.5539233525077765,1.5728303363164975,-0.16863911344416005,0.041996099353745375
2020-09-29,1.422938191304279,1.4609852477019856,1.4032509050369333,1.3547709528747216,1.3410229060848817,1.0941460444069169,1.5547025340903413,1.5742424194371305,-0.13176434278606242,-0.09371728638835575
2020-09-30,1.272678737095902,1.4343426002893453,1.267228137610334,1.3333402277811794,1.250350751723697,1.0843605538372494,1.5735847779249241,1.5676548859125152,-0.30090604082902206,-0.13924217763557878
2020-10-01,1.1561678605394305,1.2482675466794735,1.1748602927134584,1.1908644817822647,1.2327299722980087,1.0440736966206643,1.5850327799924582,1.5326368069082885,-0.4288649194530276,-0.3367652333129847
2020-10-02,1.0400210100284581,1.141632713286501,1.07124094644824,1.1026813907377577,1.165469951743952,1.0007407789545668,1.635172839666877,1.3448901417169628,-0.5951518296384188,-0.49354012638037603
2020-10-05,1.0503074892090836,1.2489687038546466,1.0803592233064834,1.1914407669169935,1.1712887417264484,1.044352049726964,1.5714640868114593,1.3997209286900663,-0.5211565976023758,-0.3224953829568127
2020-10-06,1.2434770643724558,1.183979641729235,1.2535780973224986,1.1378316630161298,1.2853442652480347,1.0181935844761194,1.4873667272702722,1.2889833037742788,-0.24388966289781644,-0.3033870855410372
2020-10-07,1.3241919731798224,1.4026874285703597,1.3268592901971525,1.3167490299378581,1.3353524733083943,1.103510204758387,1.3749293449762567,1.2719802402496823,-0.05073737179643434,0.027758083594102922
2020-10-08,1.409975051328971,1.314995535504388,1.4051898467645787,1.2455117876907893,1.3897782436235806,1.0702058105962924,1.3338603093887031,1.2123048478328633,0.0761147419402679,-0.018864773884315067
2020-10-09,1.278318105020667,1.2081439546752353,1.2851555317600296,1.1578110980788414,1.306778628933292,1.0280059004327984,1.2992706637870883,1.222563676655557,-0.020952558766421436,-0.09112670911185305
2020-10-12,1.1754350845240857,1.1161284768418611,1.192176856567338,1.08142463146215,1.2441989695865523,0.9900650189301329,1.2895604849243882,1.2377774134462898,-0.1141254004003025,-0.17343200808252712
2020-10-13,1.271102003745666,1.0631070512474017,1.2786082796388079,1.0370157515188925,1.302319820473241,0.9674529315295008,1.2549356806285878,1.2509415662687235,0.016166323117078107,-0.19182862938118617
2020-10-14,1.1620310107404581,1.1125847395902375,1.1801263588789053,1.078465778454536,1.2362112303662136,0.9885715543948915,1.2524028818294721,1.257507463977138,-0.09037187108901401,-0.1398181422392346
2020-10-15,1.0722702348076245,1.1493354754304783,1.0998685115070026,1.1090883508049592,1.1838059396064655,1.0039403759240864,1.2802352698914947,1.2358531474125733,-0.2079650350838702,-0.1308997944610164
2020-10-16,0.9395343028054992,1.0726128450600048,0.9828836274277921,1.0449996134931236,1.1101943712338074,0.9715497431890662,1.21755292321956,1.1965624728425417,-0.2780186204140609,-0.14494007815955534
2020-10-19,0.8271307198091049,0.9932688489950318,0.885930621057058,0.9780490463958248,1.0521205123943764,0.9367448088293924,1.2133910267332297,1.2245750489102758,-0.38626030692412483,-0.22012217773819798
2020-10-20,1.101300222363572,1.2763685810581848,1.1257366692115696,1.2139260932827283,1.2005405827627256,1.0551659735986147,1.1416060888243402,1.211399110668351,-0.04030586646076828,0.13476249223384462
2020-10-21,0.9695088620652152,1.1571446236872158,1.0090942355789358,1.115577734789221,1.1263733741484852,1.007172685889438,1.1263939594921617,1.059845163025942,-0.15688509742694645,0.030750664195054123
2020-10-22,0.8601813390917153,1.0928302640997818,0.9141966533612955,1.061947678154198,1.06874799586205,0.9802001022836835,1.1140728209072075,1.061205149299206,-0.25389148181549215,-0.021242556807425705
2020-10-23,0.7921903216738135,1.003563412981004,0.8562994820179768,0.9867762591131427,1.0349776559648114,0.9413410845858096,1.0747427606549258,1.0172040614569227,-0.28255243898111226,-0.07117934767392176
2020-10-26,0.7136970917056634,0.9182531663064754,0.7908219758482904,0.9140664099843666,0.9982146079277553,0.9024681203484827,1.1141251944738817,1.0658402110422465,-0.4004281027682183,-0.19587202816740634
2020-10-27,1.1803358016838534,1.317906974941272,1.196586592613472,1.2478872550673075,1.2471293700661845,1.0713299488383978,1.0736585694063263,1.060594273148952,0.10667723227752712,0.24424840553494565
2020-10-28,1.0467149383144279,1.2636897285978668,1.0771732530703861,1.2035297646673113,1.1692533181007065,1.050177321130747,1.2641682407997896,1.3126621171283301,-0.21745330248536177,-0.0004785122019228538
2020-10-29,2.0253875344091665,2.0886342586918607,1.9757421899899315,1.8555282907956496,1.807871572523071,1.3330703773155508,1.2849112847172357,1.326591302020273,0.7404762496919308,0.803722973974625
2020-10-30,1.7929703451393104,1.8740090750067429,1.7589290763329153,1.6900370642454847,1.6453599465326474,1.2661903927190459,1.3094745354691544,1.3299158517087513,0.48349580967015604,0.5645345395375885
2020-11-02,1.6459007450656693,1.8432334940152537,1.6311689007594647,1.6746938276270131,1.5816537048268138,1.2766572966431382,1.269635574938354,1.2895221733210256,0.3762651701273152,0.5735979190768996
2020-11-03,1.5077411305353277,1.6726314345165054,1.5027107836380853,1.5395532409270143,1.4860142573794273,1.2175699061593215,1.3172813218278898,1.3180804299761486,0.19045980870743784,0.3553501126886156
2020-11-04,1.5458370523173859,1.5486826872628277,1.5380579435580086,1.440215455688106,1.5121410040029462,1.1726785952155492,1.363382118979512,1.3550891604513084,0.182454933337874,0.18530056828331576
2020-11-05,1.707489713367416,1.4586785087753156,1.6886497371867013,1.367417509167774,1.625023141375259,1.1389161126860576,1.3920942541671617,1.4086386741858854,0.31539545920025436,0.06658425460815387
2020-11-06,1.7369922294652318,1.3712742465156036,1.7162257906785379,1.296145305145129,1.6459430046378012,1.1050917342371676,1.3963636178985832,1.3962212852635354,0.3406286115666486,-0.02508937138297962
2020-11-09,1.4950555946449227,1.247194717122304,1.4909541782291647,1.193907441622446,1.477358593635032,1.0551178332350502,1.6220360228037407,1.3779951562184767,-0.12698042815881805,-0.3748413056814368
2020-11-10,1.4154185551137377,1.164195236230761,1.4173174870153724,1.124762715138967,1.4235569314283387,1.0202535090425784,1.6243812314293726,1.3693626119546158,-0.20896267631563492,-0.4601859951986116
2020-11-11,1.2288936911728283,1.092286318621386,1.2462210911476785,1.06432335622376,1.3016871637345357,0.9890038443332595,1.6241984898654183,1.3675238691063445,-0.39530479869258994,-0.5319121712440322
2020-11-12,1.115264682758436,1.0115293302890405,1.1432228756383134,0.9958076908122002,1.2308649163608518,0.9526250707473467,1.633047847092052,1.3887195830140429,-0.5177831643336159,-0.6215185168030115
2020-11-13,1.1107474163890323,1.144105830422364,1.1391521991430122,1.1079291724676026,1.2281113166194566,1.011625163325708,1.6100618460666103,1.4177841939798395,-0.499314429677578,-0.4659560156442464
2020-11-16,1.1637554398801482,1.07925174142623,1.1870408636451286,1.0533117345062137,1.2607312147353509,0.9832276985037891,1.6089637665756322,1.3793554838127198,-0.44520832669548405,-0.5297120251494023
2020-11-17,1.1657165220157217,1.0180068691242066,1.1888174369023177,1.0013296204854913,1.261950604979597,0.9555966680672234,1.6091882779079918,1.3914189377828383,-0.44347175589227006,-0.5911814087837852
2020-11-18,1.062592683204384,1.04847657169401,1.0958876900815824,1.0272417910660359,1.199076762165285,0.9694465966498375,1.6027192667455183,1.4265006032588767,-0.5401265835411344,-0.5542426950515082
2020-11-19,1.1369636537538976,1.2335010586709194,1.1628039978497837,1.182543075543437,1.244160999719013,1.0494494535528034,1.6062013879098496,1.4251284440161458,-0.46923773415595194,-0.37270032923893015
2020-11-20,1.003301211791615,1.123182026040087,1.0429740157563183,1.0903543830050209,1.1641754227085597,1.002555553812625,1.5981018527894433,1.4378035872993906,-0.5948006409978284,-0.4749198267493562
2020-11-23,0.9624707805032878,1.1718449671652866,1.0067945061866395,1.1311624248196501,1.1407268443288188,1.0235189839543162,1.5988795471158033,1.3607645794763925,-0.6364087666125154,-0.42703457995051664
2020-11-24,0.8820965158774007,1.075786096971701,0.9362978600861617,1.0503809704638796,1.0960963411108091,0.9816859283740311,1.5520326984826598,1.3845143900260344,-0.6699361826052591,-0.47624660151095877
2020-11-25,1.087124889497235,1.0279512750754347,1.1178983344907656,1.00979783601412,1.2137943222715073,0.9601399247338666,1.5553627000686088,1.0619815486746074,-0.4682378105713738,-0.5274114249931741
2020-11-27,0.9562712930859469,0.9752414436675272,1.0013213985377087,0.9647847726095796,1.1372105718956442,0.9357946100383054,1.401992123268343,1.056873255723216,-0.44572083018239606,-0.4267506796008158
2020-11-30,0.8446511616898411,0.8930463600892943,0.9038318613156908,0.8939323558323415,1.0760521173882938,0.8964446168417692,1.3793521748553244,1.0186581016645984,-0.5347010131654832,-0.4863058147660301
2020-12-01,0.7931436806593762,0.8701314710440273,0.8571354927306476,0.8727025034944397,1.0371688579380618,0.8800343962155383,1.3450221045052253,1.0178461194771111,-0.5518784238458491,-0.474890633461198
2020-12-02,0.864046758862844,0.829494583682871,0.9177883892799474,0.8372534709192957,1.0731160737847856,0.859651769868964,1.3229470322428585,0.9769091595004156,-0.4589002733800145,-0.4934524485599875
2020-12-03,0.7658231479671355,0.7621693173989561,0.8340613460650838,0.7780066078085378,1.0238269550290797,0.8247278540569598,1.2714130573189641,0.8872657829321883,-0.5055899093518287,-0.509243739920008
2020-12-04,0.6859745467135824,0.7160143071691645,0.7677551007077054,0.7369891458454978,0.9866003100271338,0.7998677856621623,1.1911521240674476,0.8145246577172979,-0.5051775773538653,-0.47513781689828316
2020-12-07,0.727799226971718,0.6854640896364173,0.8022616890913814,0.7096467805752981,1.0057610941781068,0.78296052420897,1.1466901162611334,0.8190272743276739,-0.4188908892894154,-0.4612260266247161
2020-12-08,0.6695363317492297,0.685507660642552,0.7543426266534251,0.7096858903340919,0.9792827070987188,0.7829849082108049,1.1473651363419104,0.7857022456713731,-0.47782880459268073,-0.4618574756993584
2020-12-09,0.6134548111692382,0.6379200240626393,0.7093023058796941,0.666768425214,0.9552705264529643,0.7558647817857038,0.8043284088646632,0.8212909306785097,-0.190873597695425,-0.1664083848020239
2020-12-10,0.750938835444338,0.8133951591215635,0.8215680551038895,0.823145978602889,1.0166840294371828,0.8514360791382976,0.7851741246601479,0.8115594791460459,-0.03423528921580987,0.02822103446141555
2020-12-11,0.6741697389807731,0.7622436480843325,0.7581141391582885,0.7780723931298934,0.9813328359534321,0.8247672612782422,0.7956519895041333,0.7712635555558982,-0.12148225052336015,-0.03340834141980076
2020-12-14,0.6182829451079731,0.7344831616939389,0.7131328358086715,0.7534432004617299,0.957278019011121,0.8099108502665469,0.7866067967852476,0.7294669998203539,-0.16832385167727448,-0.052123635091308684
2020-12-15,0.6267817304421659,0.7822825694949136,0.7198981343299447,0.7957767462587073,0.9608395964017439,0.8353205522731731,0.7953162471957425,0.7382613449770434,-0.16853451675357656,-0.01303367770082886
2020-12-16,0.8480426010947569,0.7618461962648166,0.9040082654056423,0.7777206241043457,1.0648418177947188,0.8245565250876147,0.7842144414536633,0.722992411196849,0.06382815964109367,-0.022368245188846614
2020-12-17,0.7511229177072629,0.7006310678879639,0.8217222177717556,0.7232410025162377,1.016771817170074,0.7914013127281075,0.7398931164701245,0.6552616338307047,0.01122980123713846,-0.039262048582160536
2020-12-18,0.7104607602938918,0.6608814568147086,0.7878934896323755,0.6875277366909247,0.9977252678129164,0.7690747721558352,0.7432314348572009,0.667572016139173,-0.032770674563309066,-0.08234997804249233
2020-12-21,0.6849143809761855,0.7071651625255161,0.7668874147336421,0.7290854370112022,0.9861246700633937,0.7950089492757476,1.0280950201199155,0.6489244368800359,-0.34318063914373,-0.3209298575943994
2020-12-22,0.6581843188554867,0.7380058802593553,0.7451331724073013,0.7565753336063276,0.9743017104298537,0.811811763763117,1.0269115070576753,0.646489611033286,-0.36872718820218864,-0.28890562679832
2020-12-23,0.6106936729046125,0.7238679595916903,0.7071159315819922,0.7439928435883771,0.954127662340611,0.8041544316739245,1.018591754943919,0.5501839008436002,-0.40789808203930644,-0.2947237953522287
2020-12-24,0.5583469353046614,0.6646887859845554,0.6662921348025845,0.6909605716039595,0.9331941498230499,0.7712424164876898,1.0052955921579898,0.5513576165282584,-0.4469486568533284,-0.3406068061734344
2020-12-28,0.5376669951074972,0.6229186455001264,0.650522028045986,0.653152209844421,0.9253206435416335,0.7471029250174304,1.0100514390726958,0.5753267472084119,-0.47238444396519863,-0.38713279357256936
2020-12-29,0.6299717095351046,0.6029891095119422,0.7224447486276387,0.6349951181736674,0.9621855243453122,0.735294488568257,1.0151140237535157,0.5645793237356804,-0.38514231421841105,-0.4121249142415735
2020-12-30,0.5912964283241963,0.6095910704408175,0.6918462945240272,0.6410186438132911,0.9462066668300727,0.739227963716873,0.9873154501138006,0.5196695620783718,-0.39601902178960435,-0.3777243796729831
2020-12-31,0.5435070305124724,0.5651549438244875,0.6549533791187572,0.600303132996667,0.9275207398353967,0.712316377859035,0.9836295607613507,0.5270937593117877,-0.44012253024887826,-0.41847461693686316
2021-01-04,0.5446801833712077,0.5043119603246756,0.6535230828716476,0.5424272103669561,0.9179501031740723,0.6671220569347487,1.0382812330542204,0.6232780390423474,-0.49360104968301266,-0.5339692727295448
2021-01-05,0.8906922971857668,0.8615388109221912,0.937857783076976,0.8632250212800684,1.0744184941104513,0.8680318752567884,1.0397947508959637,0.612649546651257,-0.14910245371019692,-0.17825593997377254
2021-01-06,0.8394252823401316,0.8066943902463513,0.8937381329495302,0.8153429608783693,1.0481893408013987,0.8404138204892528,1.0831242553827505,0.62180466724325,-0.2436989730426189,-0.2764298651363992
2021-01-07,0.7845673460040994,0.7553030554756848,0.8471141164523781,0.7700830373755654,1.021166643422466,0.8136542369458457,1.0885138460792616,0.6948534806882681,-0.3039465000751622,-0.33321079060357683
2021-01-08,0.981247402260233,0.7414348421176308,1.0168651629636458,0.7578005142484857,1.1228428075415104,0.8062755702432505,1.0945965822625077,0.655508857626673,-0.11334918000227467,-0.3531617401448769
2021-01-11,0.8925200716744265,0.696770263265329,0.9394395434623141,0.7180325207130974,1.0753701288864765,0.782021887681944,1.1113197713216147,0.6834595569054582,-0.21879969964718826,-0.41454950805628576
2021-01-12,0.8768732380485219,0.8036819174178967,0.9259176686152534,0.8127006650933769,1.067259695061993,0.8388695703294031,1.107593238972132,0.6809670820136242,-0.23072000092361,-0.30391132155423517
2021-01-13,0.7754166990529504,0.7432255277900592,0.8394027856244333,0.7593881518895482,1.0167699957533753,0.8072322376677651,1.0982034772978049,0.6643196842118313,-0.32278677824485447,-0.35497794950774564
2021-01-14,0.6967079163694931,0.6879571656867776,0.773972243858459,0.7101463199184448,0.9803530659666989,0.7771437002379925,1.0822149401043417,0.6207821538850016,-0.3855070237348486,-0.39425777441756416
2021-01-15,0.6659459666683988,0.7195415280605832,0.7488946686189446,0.7383482290295583,0.9668407240756427,0.7944827885015703,1.0804433145933043,0.6505980040118576,-0.41449734792490556,-0.3609017865327211
2021-01-19,0.7309265449598493,0.8367660950345105,0.8022094305956825,0.8416487052330893,0.9958692247189893,0.8556712257096765,1.0903789378470514,0.6608476850453556,-0.3594523928872021,-0.25361284281254093
2021-01-20,0.7393911891915265,0.788272732360603,0.809245817841593,0.7991643484716732,0.9997837154941666,0.8309241004087692,1.1004153873752345,0.7067559357943048,-0.361024198183708,-0.31214265501463145
2021-01-21,0.9198635384917424,0.7667572855222017,0.9631697849812697,0.7802050757146616,1.0897370822447616,0.8196967455701666,1.089453730374194,0.6952821152035169,-0.1695901918824516,-0.32269644485199234
2021-01-22,0.8099778690169427,0.7026518379864976,0.8686293549530654,0.7232881611268239,1.0335443471716237,0.7852599966209779,0.8203295233604971,0.7019307023808051,-0.01035165434355445,-0.11767768537399959
2021-01-25,0.7539587078273181,0.7332098872790656,0.821400273732234,0.7505016532936148,1.0065894629659473,0.8018662525261988,0.8660590239761177,0.7025129854481549,-0.11210031614879956,-0.13284913669705212
2021-01-26,0.6900532680210506,0.6834164520609451,0.7685215544132731,0.7060779517245267,0.9773943006100764,0.774617940418238,0.863010111581931,0.7063403098707586,-0.17295684356088037,-0.17959365952098583
2021-01-27,0.6346803727018315,0.6732897507673654,0.7237368363057204,0.696991738399212,0.9535493413701742,0.7689540777413452,0.9320968888202883,0.9068330347678448,-0.29741651611845676,-0.2588071380529229
2021-01-28,1.408062355521529,1.3875589524236323,1.4011102166739962,1.3052596093189281,1.3787250672240003,1.0971904120595002,0.9611194939901363,0.923487444014275,0.44694286153139273,0.42643945843349595
2021-01-29,1.2755504859671312,1.270668734446973,1.2802837452590528,1.2093110223048655,1.2952498220319075,1.0507372181102699,0.9986720604535732,1.036069850431085,0.276878425513558,0.2719966739933998
2021-02-01,1.5184398040037226,1.6177463755785402,1.502862957949453,1.4954145652050683,1.4521146569816272,1.1977702630356828,1.052175452761416,1.0968272210513001,0.4662643512423066,0.5655709228171242
2021-02-02,1.5243606079111756,1.4966979298240741,1.508313933392672,1.3980890153542573,1.4560035307167862,1.1534216359574088,1.0922470248110507,1.0855845703077935,0.4321135831001248,0.4044509050130234
2021-02-03,1.471457211126741,1.384090135647613,1.459662588922712,1.306593815353677,1.4214274476038418,1.1104750037247284,1.0272641083217344,1.078857343990553,0.44419310280500657,0.35682602732587854
2021-02-04,1.2772408713851293,1.2416156980338913,1.2822800837344532,1.1893726519726906,1.2982066314908698,1.0534704415665574,1.0237164527273999,1.097201792025871,0.25352441865772946,0.2178992453064914
2021-02-05,1.2249495849893552,1.1542498799783414,1.2349226850758777,1.1166028168259048,1.2661772612437354,1.0168345441492026,0.9820529040067437,1.0551612059597384,0.24289668098261152,0.17219697597159767
2021-02-08,1.0793577998219257,1.0529088680951808,1.1042542914066755,1.0312529728484274,1.1800866635510405,0.9725003063556417,0.9707522016451652,1.0591402510860684,0.10860559817676052,0.08215666645001563
2021-02-09,0.9960650189210525,0.9758881853996081,1.030476229872761,0.9656465089662142,1.1331760908387984,0.9373146375085498,0.9527449489239513,1.043676662649861,0.04332006999710114,0.023143236475656748
2021-02-10,0.8807638258499673,0.9121917287552269,0.9299048720722504,0.9108622081634862,1.0715615370972933,0.9071199637946923,0.9397515930915658,1.0441986653291453,-0.05898776724159849,-0.027559864336338835
2021-02-11,0.7843143766277699,0.8517837061594008,0.8475891904152641,0.8584281943709569,1.0234408730895113,0.8774637955065017,0.9413763301156982,1.0438152053668008,-0.15706195348792829,-0.08959262395629741
2021-02-12,0.7027812004799132,0.7804146847776297,0.7797058358039702,0.7958276268462167,0.9855551201304419,0.840993977451851,0.9429080562821712,1.0399007830402403,-0.240126855802258,-0.16249337150454157
2021-02-16,0.6653001092018467,0.7290499730781428,0.7491485796254111,0.750297597758785,0.9690872061844973,0.8136711033596019,0.9417289239100899,1.0198053856113078,-0.2764288147082432,-0.2126789508319471
2021-02-17,0.6113390352544722,0.6995162502972848,0.706017274883251,0.7239242396893221,0.9465123093851545,0.7975105664214732,0.9413054062203423,1.0117280754941274,-0.3299663709658701,-0.2417891559230575
2021-02-18,0.562634850124523,0.6510384920908299,0.668107168514053,0.6803043802362087,0.9273579803590778,0.7702028216550182,0.9546824649930652,0.9792866629120116,-0.3920476148685422,-0.3036439729022353
2021-02-19,0.5818666522377601,0.705834449145617,0.6829500749129499,0.7295787430431041,0.9347780281327361,0.8009969215753112,0.9431418105017759,0.9810744466354158,-0.3612751582640158,-0.23730736135615893
2021-02-22,0.5541426021836319,0.6980092428006576,0.6616090641507515,0.7225745217819692,0.9241424898899839,0.7966766140400758,0.9680616687460059,0.9950363554048708,-0.413919066562374,-0.2700524259453483
2021-02-23,0.668912824409316,0.8309356144096032,0.7520738780082472,0.8402172620175309,0.9706471119921474,0.8669786513672372,1.020399880806969,0.9920023076677253,-0.351487056397653,-0.1894642663973658
2021-02-24,0.6080757085579525,0.7606901119417087,0.7034450147605231,0.7783928585461287,0.9451918028995183,0.8306145289176822,1.0003537099912836,1.0181150509272792,-0.39227800143333114,-0.23966359804957493
2021-02-25,0.7462273094991609,0.7331306985982685,0.8156574650518452,0.7539302135806937,1.0054042366058675,0.8158773325141429,1.0546938920595381,1.0134277654332176,-0.3084665825603772,-0.3215631934612696
2021-02-26,1.4152773123592925,1.4061795472804597,1.4081403359974394,1.3246184035940243,1.385153740706811,1.119037511093913,1.0280404687202378,1.0063062129304834,0.38723684363905475,0.3781390785602219
2021-03-01,1.2749544109165445,1.355828856199264,1.2808895803732119,1.2825399233271184,1.2994361710423568,1.0970222953924467,1.0973204592774637,1.0154991492197911,0.1776339516390808,0.2585083969218003
2021-03-02,1.5966755932980763,1.2938057222013726,1.574444209408607,1.2316966219495893,1.5021539929124947,1.0725874783894789,1.062389167604032,0.9850558084270387,0.5342864256940443,0.23141655459734056
2021-03-03,1.4440608534317467,1.3409246645323798,1.4345189673686987,1.2703516994012904,1.4039913303983655,1.0912044569983292,1.0223377683792085,0.989632094946072,0.4217230850525382,0.31858689615317126
2021-03-04,1.4368026442995676,1.5087288006825983,1.42789134202135,1.4065627525501105,1.3994061558251918,1.1548874116643377,1.0672909360465759,1.0275238743843473,0.36951170825299173,0.4414378646360224
2021-03-05,1.4100962713904486,1.6279908698148537,1.4035289291904274,1.5021091336822443,1.3826058824897431,1.1979376905653583,1.1942102532435392,1.0803562746392439,0.21588601814690933,0.4337806165713145
2021-03-08,1.4952889671086362,1.5090700676841307,1.4813707612110567,1.4068375896097214,1.4365781977761725,1.1550130713692381,1.2099862711622293,1.0802516654558376,0.2853026959464069,0.2990837965219013
2021-03-09,1.3242348387164886,1.4637160303063388,1.3254772233627432,1.3702369951713103,1.3293890829892363,1.1381817618801013,1.2366225758598275,1.117992742446269,0.08761226285666113,0.2270934544465113
2021-03-10,1.3250593685557168,1.3545561754806277,1.3262246172753316,1.281499876253631,1.329894046951773,1.0965268057071331,1.2440849854006655,1.1277430680915188,0.08097438315505134,0.1104711900799622
2021-03-11,1.1780511723762976,1.234521615536826,1.1937402064651983,1.1827875641236356,1.2419376501376198,1.0486567673904776,1.2545563337427434,1.1503491136042712,-0.0765051613664458,-0.020034718205917512
2021-03-12,1.1229221116109638,1.1430325042950085,1.1445207433365994,1.1066732429374704,1.2101361928543626,1.0105241077459748,1.2480175738024875,1.150220840174451,-0.12509546219152368,-0.10498506950747899
2021-03-15,0.9793001110196135,1.0353258734629756,1.0178404577634055,1.0159906441546989,1.1308515920730822,0.9635405920210142,1.2508303903850393,1.1525411596105652,-0.27153027936542584,-0.21550451692206374
2021-03-16,0.8958812049685343,0.9561369636900833,0.9455572949702951,0.9485005393315072,1.0875039986251769,0.9273550966144325,1.2480029560307841,1.1528180373794417,-0.35212175106224985,-0.2918659923407009
2021-03-17,0.798496526671718,0.9080739096483926,0.862770435846692,0.9071690409868857,1.0398219138531994,0.9046297281021282,1.2584781522578168,1.1546706378153984,-0.4599816255860988,-0.35040424260942415
2021-03-18,0.7221075757693186,0.8364321836744146,0.7993662928964422,0.8450003985482075,1.0048997699561448,0.8695641382572352,1.273060392092698,1.20027222314497,-0.5509528163233793,-0.4366282084182833
2021-03-19,1.0136258816426982,1.134153633152892,1.0478857469231702,1.0992432466075202,1.149294828259686,1.0067403570774869,1.2626450132183054,1.2003426906175136,-0.24901913157560718,-0.12849138006541327
2021-03-22,0.8989606451822376,1.0753176576194816,0.9482052470504578,1.049804609683602,1.0890650382031268,0.9812690802876464,1.2667186853589993,1.1978048133850825,-0.3677580401767617,-0.19140102773951773
2021-03-23,0.8680869472839873,0.9975800920601443,0.9217356891890605,0.9839122618458882,1.0735574385329891,0.9464787460676036,1.2579394247396058,1.2136921843556407,-0.3898524774556186,-0.26035933267946154
2021-03-24,0.8856502346967271,1.089936256456267,0.9367720803990468,1.0621219560917292,1.0823401897320606,0.9876639498639292,1.216900674999429,1.1932471591752416,-0.331250440302702,-0.1269644185431622
2021-03-25,0.8383359402582384,1.1055677162131865,0.8964019521019776,1.0752678662727082,1.0589224702173832,0.9944528426441369,1.2266673346644588,1.0562511825394316,-0.38833139440622033,-0.12109961845127226
2021-03-26,0.7799955830316255,1.0163513040157328,0.847276349123284,0.9998853151127477,1.0311532973248645,0.9550048111002075,1.1900845361919548,1.0951978327402374,-0.41008895316032923,-0.17373323217622194
2021-03-29,1.0258635093911845,0.9727559427604463,1.0586353038724896,0.9627254895476652,1.1559504700613352,0.9350744887932486,1.1741695925661342,0.9684708219842716,-0.14830608317494964,-0.20141364980568788
2021-03-30,0.901203136959462,0.9072642824762325,0.9501345774159392,0.9064702967857122,1.0902037674453817,0.9042416367230982,1.0810900893351267,0.9505000959187047,-0.17988695237566477,-0.17382580685889426
2021-03-31,0.8152125838651585,0.894436838324225,0.8768388473201673,0.8953882572913525,1.0477652488469331,0.8980687066409136,1.0797310488158858,0.8879023865815,-0.2645184649507273,-0.18529421049166073
2021-04-01,0.7416054933870553,0.7765985108353698,0.8132026309254078,0.7916321334011324,1.0036716127856165,0.835103944844778,1.0706964073604746,0.8381705978314443,-0.3290909139734193,-0.29409789652510476
2021-04-05,0.8253048951264335,0.7437322445058638,0.8829220596546721,0.7627087547048067,1.0418819672361557,0.8182156302417996,0.9878716803451714,0.8047828426260838,-0.1625667852187379,-0.24413943583930753
2021-04-06,0.9883613697312728,0.7265180795929114,1.0228395274627942,0.7474890376205299,1.123282987195504,0.8092128498559411,0.8255916783371998,0.7874952551556252,0.16276969139407294,-0.09907359874428845
2021-04-07,0.8716609328589664,0.6921828221411114,0.922214980148972,0.7169802714866484,1.0641427967386998,0.7909135577640914,0.7929407656377908,0.7451939794741798,0.07872016722117559,-0.10075794349667944
2021-04-08,0.7721942930969663,0.638167272057053,0.8384810024514888,0.6685514253089611,1.017326570657331,0.7611279583676115,0.745422423827415,0.7421810210052785,0.02677186926955133,-0.10725515177036193
2021-04-09,0.7162404345684978,0.6017683111065173,0.7924370303042253,0.6355963778980322,0.9926321922009914,0.7402995624825767,0.7295419352608178,0.729570011960143,-0.013301500692319945,-0.1277736241543005
2021-04-12,0.7176731320543122,0.5776673572170998,0.7936049362795651,0.6136234744481167,0.9932487157705351,0.7261404545324849,0.707271802342988,0.7306418248649298,0.010401329711324125,-0.1296044451258882
2021-04-13,0.6470830568111822,0.5406007966728035,0.7368473381656495,0.5795776281596661,0.963912950044562,0.7037416512613361,0.6949984830029322,0.7259332586769889,-0.047915426191750043,-0.15439768633012874
2021-04-14,0.5984009611213833,0.5091381767318827,0.698765745848529,0.5504235643246982,0.9449829510194773,0.6840847788014763,0.6814279464269639,0.732917905998534,-0.08302698530558061,-0.17228976969508125
2021-04-15,0.5916682322884627,0.563383599624242,0.6935770016394033,0.6005408847493289,0.9424529742619704,0.7176014104249008,0.68795461646356,0.7574663675224347,-0.09628638417509738,-0.12457101683931804
2021-04-16,0.7299696765858777,0.5550844717175903,0.8036537392492699,0.5929184888326058,0.9985749349193237,0.7125875397307105,0.6705400690938963,0.6415480653604181,0.05942960749198145,-0.11545559737630595
2021-04-19,0.6673318113443244,0.5232946270057267,0.752955539616028,0.5635714464574781,0.9721060184878852,0.6930063438767056,0.6279390076079676,0.6581346218867227,0.039392803736356785,-0.1046443806022409
2021-04-20,0.6718128507009912,0.6128377676414463,0.7565399647287405,0.6456471302727336,0.9739437316524674,0.7467024577850008,0.6298584800814981,0.6882065391582932,0.04195437061949303,-0.017020712440051877
2021-04-21,0.7348133671052125,0.7516724801416489,0.8076240486578532,0.7697124425490396,1.0006899076590725,0.8223312107373272,0.6235747748743403,0.6596864841082578,0.11123859223087218,0.12809770526730857
2021-04-22,0.7836253583634671,0.7174308484755764,0.8479895085180867,0.7394344598013574,1.0225226205052353,0.804414938589667,0.6252413673679181,0.6924946046625671,0.158383990995549,0.09218948110765823
2021-04-23,0.860853362904518,0.8871763143517676,0.913015583784393,0.8877400552110738,1.0588865675530654,0.8893137813061768,0.6191652769759741,0.7117785600230662,0.24168808592854385,0.26801103737579346
2021-04-26,0.9068212710125306,0.8409150844541303,0.952293757596509,0.8477481629348398,1.0815115330567768,0.8670949447870984,0.5629136437615516,0.6468421961034588,0.343907627250979,0.2780014406925787
2021-04-27,0.8031360604401071,0.7723521323206198,0.8642920172383113,0.787904920888595,1.031505252535502,0.83294344118538,0.5408814144265197,0.6461283807505397,0.2622546460135874,0.23147071789410012
2021-04-28,0.7181619878377711,0.7248928732333652,0.7940035818945795,0.7460495512983575,0.9934592761733491,0.8083571016813801,0.5138281102704638,0.6379607461210303,0.20433387756730725,0.21106476296290133
2021-04-29,0.6496566938983424,0.6845005153824508,0.7388864319330872,0.710125580608377,0.964944108715199,0.7867540565655302,0.544380865544462,0.6424166608403664,0.10527582835388039,0.14011964983798886
2021-04-30,0.6503925648035009,0.648088969409367,0.739469913838824,0.6774884212177916,0.9652394935744624,0.7666960085707071,0.5591656483220232,0.648068530135027,0.09122691648147774,0.0889233210873438
2021-05-03,0.6994615285071719,0.7303739872352359,0.777739267687106,0.7501464258734325,0.9805232588633981,0.8081072348153782,0.5616335218240299,0.5811030054072631,0.137828006683142,0.16874046541120602
2021-05-04,0.6346842542469137,0.6749243571284295,0.7261004443728858,0.7008739322465746,0.9543576182806527,0.7785609074440488,0.5910386395771918,0.6043920300673827,0.04364561466972183,0.08388571755123764
2021-05-05,0.6789866715104421,0.7736380363519942,0.7612605010877499,0.7882276858037349,0.9720556188299839,0.8303462258242685,0.5949402857471372,0.6046860885313817,0.08404638576330492,0.17869775060485704
2021-05-06,0.6161287746132946,0.7154353017431292,0.7115943732267781,0.7369249604570491,0.9472075033159206,0.8002672985410347,0.6185407894018817,0.6189442169038604,-0.0024120147885871024,0.09689451234124746
2021-05-07,0.6634572905111631,0.6807437429779148,0.7488556404203931,0.7060708268163182,0.9657533198413893,0.781720570403656,0.6219188517754284,0.618982670911188,0.041538438735734706,0.05882489120248646
2021-05-10,0.6791880492072306,0.647760662917448,0.7614219033480458,0.6765321355600041,0.972138030200912,0.7636182902885773,0.6293203842233378,0.6680140556321205,0.049867664983892834,0.018440278694110246
2021-05-11,0.8185964633889115,0.8509410116107472,0.8760069172303683,0.8555446544399834,1.0331372075824679,0.868503498846525,0.7048442083213227,0.6998004147517701,0.11375225506758879,0.14609680328942454
2021-05-12,0.8784766294946315,0.9916718545682064,0.9266615999503689,0.9759728505731261,1.0615571070203527,0.9335296275420866,0.7610465677318311,0.8489981049483273,0.11743006176280035,0.2306252868363753
2021-05-13,1.3558657208349678,1.457912410454663,1.3480215280108705,1.3597252686364703,1.3235415521454699,1.1196488017467645,0.7793721258709956,0.8583093171871009,0.5764935949639722,0.6785402845836674
2021-05-14,1.2956295518788992,1.339757722505994,1.2936947489609067,1.264349065424684,1.2877105425542523,1.0758857534256234,0.7934966139652732,0.9261770120044179,0.502132937913626,0.5462611085407209
2021-05-17,1.329367648025594,1.2486681652006182,1.3240942674143465,1.1900195026045406,1.3077000909691643,1.0407355835444445,0.7965423284742165,0.9211454470640328,0.5328253195513776,0.4521258367264017
2021-05-18,1.1659903482921425,1.1876100703992591,1.1776638909524648,1.1397737060853559,1.2129518083116921,1.016409956386808,0.7931528140983974,0.9270949753689466,0.3728375341937451,0.3944572563008617
2021-05-19,1.1219553665658042,1.2682689974973094,1.138578774651673,1.2060760044848782,1.1883734887220498,1.048410785100245,0.8351286554049999,0.9012671211469576,0.28682671116080427,0.43314034209230945
2021-05-20,0.9953332895894151,1.2061120904253537,1.0273553699626803,1.1550365981699113,1.1203470422272708,1.023849554863466,0.8427965939379676,0.9116054627283271,0.15253669565144756,0.36331549648738615
2021-05-21,0.9991085527815827,1.1184257640380626,1.0306429438739868,1.0824022072268935,1.1223138623598083,0.9880341132636553,0.8371301307853926,0.8781055516593409,0.16197842199619017,0.28129563325267004
2021-05-24,0.8816848102732407,1.0396899592836073,0.9293954327350349,1.016502617277089,1.0631140734713802,0.9545878446372114,0.8392364497871507,0.9072224057123267,0.04244836048609002,0.20045350949645657
2021-05-25,0.9038467546665306,0.9720928604151521,0.9483317201147679,0.9593691545620794,1.073961212775403,0.924788967275659,0.8441231469627201,0.9087972679192375,0.05972360770381058,0.12796971345243202
2021-05-26,0.8138287498043077,0.9411801202563762,0.8720060814720773,0.9330584761497484,1.03092828943031,0.9107970686861718,0.8438500203822802,0.9097231943638138,-0.030021270577972436,0.09733009987409602
2021-05-27,0.7265545113835458,0.8597130678021617,0.799746614181514,0.8631282614587783,0.9919973771915865,0.8727156850935068,0.8436623498651846,0.8982385032122325,-0.11710783848163886,0.0160507179369771
2021-05-28,0.6540272759847083,0.7869537655206686,0.7413643013087918,0.7998878009687738,0.9619778493923021,0.8370579898156678,0.819514588044607,0.8857773154950083,-0.16548731205989864,-0.032560822523938326
2021-06-01,0.5925338467146093,0.6758888611559276,0.6954903629479625,0.7023036957901057,0.9436398456315795,0.7803352738851763,0.8158982369616159,0.8850820737739813,-0.2233643902470066,-0.14000937580568829
2021-06-02,0.5533684061673962,0.6529519553386839,0.6659347227813449,0.6818667291031,0.9297615092791882,0.7680960176731949,0.8104045734273986,0.8726376907237355,-0.25703616726000234,-0.1574526180887147
2021-06-03,0.516207843556617,0.6037791516556802,0.6386188139434313,0.6376968856723736,0.9172953862864702,0.7410467616809169,0.7973939344616569,0.8778872044929038,-0.2811860909050399,-0.19361478280597666
2021-06-04,0.5393620768013399,0.6532512672486085,0.6555508707673396,0.6821340797885764,0.924981030333908,0.7682572200559812,0.8071318204295668,0.8834838503033571,-0.2677697436282269,-0.15388055318095828
2021-06-07,0.6487597345790602,0.6298159415332516,0.7391081848432715,0.6611468640220081,0.9648256119398678,0.7555120365448295,0.7894394476402419,0.8690303211983144,-0.14067971306118165,-0.15962350610699028
2021-06-08,0.5979408646301764,0.6142387458764192,0.6996270318277413,0.647134529931865,0.9456136558662916,0.7468976719895826,0.7907888210974687,0.8368417677287705,-0.19284795646729236,-0.17655007522104949
2021-06-09,0.5512807599785053,0.575656099035197,0.6643805108748916,0.6122028236764586,0.9290427801451903,0.7250372020093472,0.7842308652612857,0.80848539377206,-0.23295010528278037,-0.20857476622608873
2021-06-10,0.52780873195623,0.577750873443389,0.6470647556341996,0.6141078841237713,0.9211119678109728,0.726244108966373,0.7229055129942525,0.616317279530038,-0.19509678103802253,-0.1451546395508635
2021-06-11,0.5288046158140344,0.547529718271572,0.6477933505486932,0.586524860885136,0.9214428108693848,0.7085957899299347,0.66331141400715,0.5720412279123821,-0.13450679819311562,-0.11578169573557795
2021-06-14,0.4975034034627884,0.5104852336162218,0.6251673700657479,0.552410907797645,0.9112883289248028,0.6862262017563131,0.6384997885180606,0.47561000300783984,-0.14099638505527218,-0.12801455490183877
2021-06-15,0.4766646169569259,0.4794400274049602,0.6104371122285942,0.5235454506540979,0.9048126703011105,0.6667916132253305,0.610601686350742,0.47305039904203394,-0.13393706939381606,-0.13116165894578175
2021-06-16,0.47703497751098,0.5004041202836294,0.6106964445735926,0.5430662054791717,0.9049257378998545,0.6799873886193033,0.6201914233664438,0.4440626206828707,-0.14315644585546383,-0.11978730308281449
2021-06-17,0.5615613889838799,0.6119025128580992,0.672055690565931,0.6450285871971324,0.9326029757381806,0.7455955383630173,0.627274575675706,0.43650902323499324,-0.06571318669182613,-0.015372062817606835
2021-06-18,0.5254670685177518,0.5848826096067024,0.6453537677376722,0.6205862686168168,0.9203360338312491,0.7303353782029237,0.5917992791852424,0.4959376435435035,-0.06633221066749062,-0.006916669578540091
2021-06-21,0.877696968535117,0.9215576889571538,0.9271452226439014,0.9155836006168989,1.0645838763273812,0.8993644347823158,0.5918001132995718,0.5865978592485984,0.2858968552355452,0.329757575657582
2021-06-22,1.020435901028651,0.8825478907357172,1.0500058502346474,0.8823289861962031,1.1359128502864064,0.8817276765949361,0.5852783839779356,0.5556259309141283,0.43515751705071537,0.2972695067577815
2021-06-23,0.919435187430698,0.8181996823151766,0.9627300058877915,0.8270026408530524,1.084800908705092,0.851685615981477,0.5649919568477582,0.5533423506400532,0.3544432305829398,0.25320772546741843
2021-06-24,0.8166727405386723,0.784655461555447,0.8757255381782214,0.7979138993551756,1.036068844459053,0.8355157067896473,0.5635878489874344,0.5649918325865061,0.2530848915512379,0.22106761256801255
2021-06-25,0.7666920867073653,0.7343948611638227,0.8342319352452671,0.7539884841717801,1.0137024922219182,0.8105697414551131,0.5612929613369301,0.568028829658931,0.20539912537043525,0.1731018998268926
2021-06-28,0.6972281344287138,0.6822741781411225,0.7776703303741882,0.7079750896747391,0.9842164361252524,0.7837023070252144,0.5603359200209246,0.5682107947924686,0.1368922144077892,0.12193825812019787
2021-06-29,0.6312622225534067,0.631177818953291,0.7253966382511654,0.6623695301386818,0.9580779414317634,0.7562596524751586,0.5539035888064934,0.5665688941783996,0.07735863374691332,0.07727423014679757
2021-06-30,0.5767341085286004,0.5840355321334553,0.6834789843680995,0.6198173940088905,0.9379518901236432,0.7298508551256455,0.5374652578229678,0.5664917796301374,0.039268850705632574,0.046570274310487436
2021-07-01,0.5310338347463447,0.5081222051957291,0.6504078952849751,0.5506864579979426,0.9217751962478428,0.6856255218735332,0.5350293747694976,0.5630122053413821,-0.003995540023152944,-0.026907169573768486
2021-07-02,0.5481489089802087,0.48824209159576876,0.6629430597228363,0.5322724574947796,0.9273944968307376,0.6734388492930498,0.5131566144353658,0.5533738154387796,0.03499229454484298,-0.024914522839596998
2021-07-06,0.6108099050283073,0.4779370540905958,0.7100866246737518,0.522683958509038,0.9491659783450274,0.6670141167922494,0.5099702446391015,0.5556694801710111,0.10083966038920589,-0.032033190548505674
2021-07-07,0.5766889666392864,0.4991723306209761,0.6841839773788378,0.5424100519383439,0.937081140317126,0.6801722843797999,0.5206816378240453,0.5568245320805048,0.056007328815241064,-0.021509307203069206
2021-07-08,0.5485310369656009,0.4733483589046627,0.6632247211168201,0.518404521703197,0.9275215980533814,0.6641287293827072,0.6019920134464641,0.5950572597538286,-0.05346097648086323,-0.12864365454180143
2021-07-09,0.6865398517163008,0.6676354224063672,0.7692816846523914,0.6949374035911947,0.9778489990765893,0.7751194217703284,0.623012314350119,0.6271361266954661,0.06352753736618189,0.04462310805624825
2021-07-12,0.7872650419969464,0.6471591760440885,0.8509472113960547,0.676733204990844,1.0196584943433318,0.7643451342061724,0.616046653251121,0.6287740354140816,0.1712183887458254,0.0311125227929675
2021-07-13,0.7128617323611273,0.604732404637555,0.7903329892031425,0.6387387615233232,0.9883882225801996,0.741407009068253,0.620824537969399,0.6386008964620805,0.0920371943917283,-0.016092133331844005
2021-07-14,0.6770345918887475,0.6476356176216842,0.7617359818835695,0.6771577386020843,0.9741134311101892,0.7645979466532622,0.6290878770327516,0.63414623899444,0.04794671485599589,0.018547740588932604
2021-07-15,0.6126588142630218,0.5981075907168035,0.7115049330777626,0.6327710691117273,0.9498361225519584,0.7377461678848514,0.6378596287636149,0.6230333912941565,-0.025200814500593083,-0.03975203804681138
2021-07-16,0.6024553765887486,0.6420408240705394,0.7036961654004437,0.6721695710025708,0.9461572728958164,0.7616227120919856,0.6322091542226806,0.657465696103667,-0.029753777633932055,0.00983166984785877
2021-07-19,0.7085911704997409,0.7937058521316833,0.7869024846038399,0.8053041020058965,0.9866591021715404,0.8377702768604444,0.7413227102157022,0.6733120189320688,-0.03273153971596132,0.052383141915981146
2021-07-20,1.0185254979202385,1.119102837111518,1.0470608300000457,1.0792216018017646,1.1290003731684866,0.9776305335917512,0.7322087227581595,0.6734552090286832,0.286316775162079,0.3868941143533584
2021-07-21,1.1117623564924564,1.0522987308130392,1.128438277665194,1.0240747541081392,1.177447445901163,0.9509612635457128,0.7261642653373663,0.6849543391136191,0.38559809115509003,0.3261344654756728
2021-07-22,1.0304662647324192,0.9736779022035027,1.0574233127879193,0.9585035825935432,1.1350798452802078,0.9183507618771245,0.7189610769298042,0.6824828781010375,0.31150518780261505,0.25471682527369854
2021-07-23,0.9011861513719625,0.8855642828995628,0.9463393196942728,0.8840746516607004,1.0714084557326293,0.8800289016624218,0.7291373420480519,0.7037567733228051,0.17204880932391053,0.15642694085151088
2021-07-26,0.9201641440591752,0.8363747097670232,0.9624797843375408,0.842052327279729,1.0804452887282687,0.8577171168096072,0.7233585200199267,0.702683945037946,0.1968056240392485,0.11301618974709648
2021-07-27,0.8122374391710696,0.7671041840380832,0.8716156242870826,0.782246319058789,1.0306186778728517,0.8250343074339533,0.7409257040083899,0.7162262532448344,0.07131173516267975,0.026178480029693363
2021-07-28,0.772100956541412,0.81528310068965,0.8384715372101538,0.8239228901353088,1.0131142318685984,0.8479290745140976,0.7458348902646191,0.7170928139448253,0.026266066276792843,0.06944821042503091
2021-07-29,0.6916400907265177,0.7647912238659434,0.7733430607669806,0.7802359586975837,0.979868907088569,0.8239155262436255,0.7495440939738431,0.7198063170584591,-0.057904003247325475,0.015247129892100308
2021-07-30,0.6439629797669146,0.7101038711290094,0.7357321806629584,0.732434164264304,0.9614152056179974,0.7968998006170909,0.762378382349647,0.7263339246093439,-0.11841540258273242,-0.05227451122063764
2021-08-02,0.6541886665120143,0.7404084443759315,0.7439089568257684,0.7590603692009193,0.9640808641915962,0.8117133871850232,0.7746495264044917,0.7116135065509297,-0.12046085989247735,-0.034241082028560244
2021-08-03,0.6133335890318757,0.7357390490390323,0.7123341960239021,0.754997950708123,0.9491426878716588,0.8094616600416743,0.7857663180043042,0.7293596932929075,-0.17243272897242845,-0.050027268965271876
2021-08-04,0.666826272919104,0.6974912477586767,0.7538062321967706,0.7215719672099928,0.9688475710772801,0.7907076789972174,0.7765567999765668,0.7380404315518515,-0.10973052705746278,-0.07906555221789013
2021-08-05,0.6723082340635228,0.7645739464006206,0.7581174762705957,0.780023097492482,0.9709362346500465,0.823241389910289,0.7719895464750658,0.7190438280255236,-0.09968131241154299,-0.007415600074445194
2021-08-06,0.6652507160775321,0.7167316509404142,0.7525691386849024,0.738420621911309,0.9682496089739812,0.8002119754169849,0.7014004238468238,0.6846370039633776,-0.03614970776929172,0.015331227093590472
2021-08-09,0.6036632045651622,0.6593891770172201,0.7049611806778382,0.6879954504543548,0.9457148657666531,0.7714423817740017,0.6821255532124312,0.6822821392029154,-0.07846234864726898,-0.022736376195211072
2021-08-10,0.5611532763007231,0.6367155107223516,0.6730556712123613,0.6678756686757676,0.9311543913396594,0.7596803800591276,0.6817053453739208,0.6758687775836048,-0.12055206907319771,-0.04498983465156925
2021-08-11,0.5212389369008157,0.5876003168215452,0.6439280147707699,0.6239124164278737,0.9182617880286087,0.7333693031294912,0.6780192575450386,0.6767589636881883,-0.15678032064422287,-0.09041894072349332
2021-08-12,0.4963540905035699,0.5482745677388499,0.6262259034232629,0.5883092998459662,0.9106201743538083,0.7113988710869581,0.6690680995418453,0.6705880451933521,-0.17271400903827544,-0.12079353180299546
2021-08-13,0.4824800622100862,0.5151202554455234,0.6165230241821926,0.5579917286110796,0.9064954893713048,0.6921790459620615,0.6581614449880951,0.6358511285548102,-0.17568138277800893,-0.14304118954257172
2021-08-16,0.4630375554937559,0.48174061911171084,0.6031399970046503,0.5271671822100864,0.9008819769574107,0.6721140261743915,0.6582382983790978,0.5027477785766451,-0.19520074288534184,-0.1764976792673869
2021-08-17,0.45194957133422153,0.4537766890331115,0.5956253996358428,0.5010938341378603,0.8977689537259417,0.654695429036231,0.5546466856355607,0.4613517239948953,-0.10269711430133921,-0.10086999660244922
2021-08-18,0.5788271315635297,0.6041993760297285,0.6862168406619498,0.6388305259345956,0.9371062537598204,0.7423948520195369,0.5444841862341306,0.5124203953984893,0.03434294532939908,0.05971518979559787
2021-08-19,0.8042414118255521,0.8571927696794477,0.8647043145343841,0.8594674659894782,1.0248077166178744,0.865629366948037,0.5638267406478417,0.5116903373189648,0.24041467117771043,0.293366029031606
2021-08-20,0.7146794072888704,0.7819752680676515,0.7917849899317163,0.7950557874161295,0.9874975889185738,0.8314165318010847,0.5685396163223182,0.49074563288128914,0.14613979096655216,0.2134356517453333
2021-08-23,0.7314464032262339,0.7373398301388918,0.8052657677496685,0.7563910851168794,0.99425024470297,0.8102345068702285,0.5790956311044498,0.5238506734629784,0.15235077212178405,0.15824419903444198
2021-08-24,0.7638648093255758,0.7011051702326826,0.8315619446342689,0.724741972753561,1.0076146657211578,0.7925039835564813,0.5804931011499886,0.5091307702242188,0.18337170817558712,0.12061206908269395
2021-08-25,0.6822117882584949,0.645444362206742,0.765932846171665,0.67563400067594,0.9747413454266072,0.7642358714621361,0.5578286107541732,0.5085347572283536,0.12438317750432171,0.08761575145256872
2021-08-26,0.6187892782952845,0.5981072326064182,0.7165114478999464,0.6333626362664733,0.9510950365212517,0.7390986681274742,0.551606530625532,0.5266886153287149,0.06718274766975252,0.04650070198088618
2021-08-27,0.662945740515386,0.7052040801015161,0.750760937998645,0.7283343925206313,0.967376700330684,0.794535077144814,0.55197685699522,0.5408054453760948,0.11096888352016598,0.1532272231062961
2021-08-30,0.7215185480763647,0.6734376482947712,0.7972734223376049,0.7004087297041641,0.9902385896895506,0.778616529602865,0.5351721173002787,0.5386573523628636,0.18634643077608604,0.13826553099449246
2021-08-31,0.670114209501282,0.6303579909336716,0.756390718593479,0.662214854590546,0.9700987844579211,0.7563403698764722,0.5177135021181585,0.5205174014151837,0.1524007073831235,0.11264448881551314
2021-09-01,0.6172951607008724,0.5962671640823132,0.7144288137827546,0.6308212635338665,0.9461257668254105,0.7341629725042041,0.49311351017956273,0.5007981773307818,0.1241816505213097,0.10315365390275044
2021-09-02,0.5647834341405492,0.5527140936804789,0.6748909342363393,0.5915307813938571,0.9281522401369908,0.7101650603459373,0.4925059836848547,0.48931030176839563,0.0722774504556945,0.06020810999562415
2021-09-03,0.5341845100145167,0.5191181655284204,0.6524720281406281,0.5609011465151515,0.918268411860536,0.6909176554874116,0.49159016911844244,0.4903799693969083,0.04259434089607428,0.02752799640997794
2021-09-07,0.5035218908709232,0.5006444833667326,0.6305252413784184,0.5439308015069438,0.908817156092853,0.6800346530424547,0.49472781428807777,0.5001213192360533,0.008794076582845478,0.005916669078654846
2021-09-08,0.5283421261229347,0.5619108772326885,0.6482486613583214,0.5998655384640286,0.9164321721467255,0.7153186643443351,0.502234829937249,0.5026298680332826,0.026107296185685747,0.059676047295439516
2021-09-09,0.5073534789045837,0.5598580776719206,0.6332374545667003,0.5980069613523431,0.9099728917514365,0.7141724690855895,0.5150013396338792,0.5142341176829358,-0.007647860729295464,0.044856738038041466
2021-09-10,0.5471915031955626,0.6306599619169287,0.6619416904688132,0.6615391328770945,0.9224154601874035,0.7524256779107605,0.5394321525964266,0.5442964496849513,0.007759350599136017,0.09122780932050212
2021-09-13,0.6774797299181609,0.7861255651371962,0.7611621066066291,0.7974315073134509,0.9682172223931347,0.8286939015396734,0.578573451822969,0.5458151472093665,0.09890627809519181,0.20755211331422718
2021-09-14,0.6171582184356744,0.7229733251964884,0.7143241086431293,0.7427742507774237,0.9460772816332353,0.7988373934893862,0.5960078265459188,0.5562670396257758,0.02115039188975565,0.1269654986505696
2021-09-15,0.6487624255061671,0.7980529703888334,0.7386906719737457,0.8076780074695916,0.9574836986633448,0.8341797189190575,0.5953096560450075,0.5676015191677733,0.05345276946115962,0.20274331434382586
2021-09-16,0.6958433059103059,0.7521165594735567,0.7756836444987449,0.7680838667874926,0.975259534511701,0.8127902541676302,0.5793815574544001,0.503137164548111,0.11646174845590573,0.1727350020191566
2021-09-17,0.6393870352268021,0.7346577832211668,0.7314209427548315,0.7529399887634539,0.954054937851483,0.8044688217714722,0.5652014224575784,0.5565014098343417,0.07418561276922364,0.1694563607635884
2021-09-20,0.7939285968706521,0.9228599821533219,0.8549833047734392,0.9135703869519597,1.0151029127002995,0.8890155844710391,0.6885676757820739,0.6465662087961217,0.1053609210885782,0.23429230637124798
2021-09-21,1.1383124138200387,1.275890617221426,1.1488529523216486,1.2023133142748692,1.1796474822166372,1.0245869288872695,0.704169742716855,0.6053555119953596,0.4341426711031837,0.571720874504571
2021-09-22,0.9917223017649505,1.1736748566079955,1.0215420769881811,1.1201322107599585,1.1054919929355225,0.9877763513501451,0.7197073552171289,0.6518100713199714,0.27201494654782155,0.4539675013908666
2021-09-23,0.9717213531349385,1.0818707201066777,1.0043883918985028,1.0453897473134466,1.0958102394144622,0.95314682809372,0.7397840547530252,0.7120359780028761,0.23193729838191324,0.3420866653536525
2021-09-24,1.0174263536239962,1.0105126630281838,1.0436710729685459,0.9866268662377462,1.1180964432865987,0.9250719639151749,0.7516110654109297,0.7016460944596108,0.26581528821306655,0.25890159761725406
2021-09-27,0.8881089323018724,0.9153578701671113,0.9333722772053393,0.9072697308113785,1.056601450304671,0.8858417404513483,0.7545374258777191,0.670815843111169,0.13357150642415327,0.16082044428939224
2021-09-28,0.8048250164213933,0.9042636243969328,0.863951784083733,0.8979377874392718,1.0197491050307008,0.8811213039543664,0.7820235003162723,0.7898305898030378,0.022801516105120934,0.12224012408066043
2021-09-29,1.2877870295221732,1.3773866336764184,1.2809283104050326,1.282929354892745,1.2603076034918512,1.059532639670556,0.7892233630024457,0.7939317781884995,0.4985636665197275,0.5881632706739728
2021-09-30,1.1116384164807493,1.2311670843549978,1.125501390423458,1.1664839305256427,1.1657605157131399,1.0086926902262732,0.8106055379160176,0.8255430774185891,0.3010328785647317,0.42056154643898014
2021-10-01,1.1725407804664925,1.3653154401308703,1.1808579609841057,1.2740270667718507,1.2054857519026774,1.0580864517919486,0.8617643896711481,0.8776152988315613,0.31077639079534436,0.5035510504597221
2021-10-04,1.1542351721893305,1.2518118406154612,1.1647238755179758,1.1837703905041264,1.1956637369411591,1.0188946975623483,0.8864054131787303,0.9099955985579553,0.26782975901060013,0.3654064274367309
2021-10-05,1.2208489001420313,1.4296437176170649,1.2235823401708747,1.3246647993396539,1.231753117028145,1.0794840734420588,0.9079876276441988,0.9544332911248787,0.31286127249783247,0.521656089972866
2021-10-06,1.157646239937699,1.302315539857604,1.1677278721543314,1.224078948554968,1.1974883327001904,1.0365710718374843,0.9530832071166858,0.9639914138958796,0.20456303282101318,0.34923233274091825
2021-10-07,1.0167482899561737,1.174784590330571,1.0446920209713657,1.1218064463072315,1.1244287176903156,0.9911407172091676,0.9731629314188118,0.9882260022011314,0.043585358537361896,0.2016216589117591
2021-10-08,0.9678852232501917,1.0787233876250006,1.0026061663215902,1.0436466294404099,1.1002926523200516,0.955046029702478,0.9679747120809178,0.9750991874107496,-8.948883072612546e-05,0.11074867554408285
2021-10-11,0.8584617398794091,1.022790229626006,0.9097566279707396,0.9976481792036949,1.048803100001032,0.9331869293213138,0.9722935495378778,0.9825528746887693,-0.11383180965846873,0.05049668008812824
2021-10-12,0.8624901096300777,1.0976572654486185,0.9131356673104334,1.0591338338621332,1.0506315233105128,0.9622999115176915,0.9519911467195142,0.97808803586065,-0.08950103708943657,0.1456661187291043
2021-10-13,0.7799655615212755,1.052708666710637,0.8446225239507259,1.0222992773233068,1.014285639251617,0.944961009443029,0.9564412296132264,0.959820753620372,-0.17647566809195092,0.09626743709741048
2021-10-14,0.70710271204612,0.9582473288377195,0.7855677553541064,0.9440857441244211,0.9842661912205569,0.9071059572746093,0.9706819504330918,1.0402768475282018,-0.26357923838697184,-0.012434621595372342
2021-10-15,1.0158041650511265,0.9169893785265818,1.0438756663162152,0.9095579412974217,1.1239561308486117,0.8899103780046255,0.9646356483003939,1.029937388844857,0.05116851675073253,-0.047646269773812144
2021-10-18,0.9478245095424191,0.8527962723138339,0.9854307268648543,0.8553557981140849,1.0905799513087209,0.8622628892846939,0.9697224064330703,0.9464629109625922,-0.021897896890651136,-0.11692613411923636
2021-10-19,0.8370858716222866,0.7827432680873384,0.8918826123558355,0.7954846786807785,1.039191727838591,0.8307136733243546,0.8689173444296934,0.9544056510914319,-0.031831472807406724,-0.08617407634235497
2021-10-20,0.8148093016200085,0.7361296897107529,0.8733608457575738,0.7551923595529175,1.029341429639261,0.8088269784010322,0.8515399271979807,0.9381993631478203,-0.03673062557797213,-0.11541023748722778
2021-10-21,0.7379761793558978,0.6836564087847331,0.8104052414274481,0.7093625270235766,0.9967363787270243,0.7832298820287292,0.8243853595705163,0.9060698368014429,-0.08640918021461852,-0.14072895078578318
2021-10-22,0.6658680581300924,0.6335125678266321,0.7528713855737972,0.6650601375424778,0.968210878761257,0.7577094357948112,0.8135110193948192,0.9072992222099002,-0.14764296126472676,-0.17999845156818706
2021-10-25,0.6109441997266909,0.6188167629031355,0.7102867406542781,0.6519758704121497,0.9479462797190505,0.7500151307244866,0.8099557666974576,0.9073451124829149,-0.19901156697076672,-0.19113900379432214
2021-10-26,0.6022343846626154,0.5848670973421864,0.7036468509022176,0.6215642469819344,0.9448552038822425,0.7318358206338218,0.8107136423180884,0.7493491888627938,-0.20847925765547304,-0.22584654497590195
2021-10-27,0.5528071332440722,0.5410570046543848,0.6666289069892698,0.58191481319692,0.927976214959628,0.7074715819023817,0.7840426444075165,0.765205091659158,-0.23123551116344432,-0.2429856397531317
2021-10-28,0.5807903423678448,0.6184449026379872,0.6874436316089723,0.6516441741860182,0.9373923524804801,0.7498191028239937,0.7759811642503193,0.700907851880413,-0.1951908218824745,-0.15753626161233203
2021-10-29,0.691238219602343,0.5980134104278005,0.7729206279133422,0.6333718310412495,0.9780063837328059,0.7389443828692913,0.7706205391034057,0.6718181157408835,-0.07938231950106267,-0.17260712867560513
2021-11-01,0.6239236126668946,0.5208354741528707,0.718371615917953,0.5621622655042632,0.9437280765957823,0.6894526754101504,0.7154533766899457,0.5614387777924992,-0.09152976402305113,-0.194617902537075
2021-11-02,0.5713118340374206,0.4863896056733947,0.6786517088141423,0.5305762609838182,0.9257311805627264,0.6694115668804334,0.6791723492043814,0.538368285541835,-0.10786051516696082,-0.19278274353098673
2021-11-03,0.5509782619954484,0.4627084001821591,0.6636498823658109,0.5086607035387459,0.9191130356241711,0.6551607756771557,0.6537530306147521,0.5418631880022887,-0.10277476861930368,-0.191044630432593
2021-11-04,0.5739740665274999,0.44789451321103346,0.680631072101797,0.4948632758580286,0.926611855506767,0.646034140292693,0.5837609533147562,0.5286604646460368,-0.009786886787256255,-0.13586644010372273
2021-11-05,0.5631915089565664,0.43039628361955623,0.672635721783176,0.4784741772923259,0.9230651366886202,0.6350296362383355,0.5582549317756105,0.5156872845722753,0.00493657718095597,-0.12785864815605424
2021-11-08,0.5375320662397536,0.4109491716667027,0.6538469083707263,0.46013801313189895,0.9148431110747492,0.6224965526132417,0.5571413271523296,0.4559188616275866,-0.019609260912575976,-0.14619215548562686
2021-11-09,0.5028290329177088,0.3856008172827715,0.6290128444488593,0.4360339949958061,0.9042242011692606,0.6056426344831625,0.5332273814428594,0.4623772176951706,-0.030398348525150665,-0.1476265641600879
2021-11-10,0.5218968324522747,0.4561683909812262,0.6425721767818109,0.5025780050536952,0.9099865256402864,0.6511523715391209,0.5594319217174933,0.5327316492309382,-0.037535089265218646,-0.10326353073626715
2021-11-11,0.6671964267191536,0.6533018208419301,0.7519035475576373,0.6808210116617993,0.9594347056860415,0.7602077790031828,0.5357629191043517,0.42996762185638726,0.13143350761480188,0.11753890173757842
2021-11-12,0.6050210630312878,0.6075654425420083,0.7039595102357873,0.6403155128096275,0.9371199832382445,0.736788929263912,0.5013913922744583,0.4295296846679713,0.1036296707568295,0.10617405026755
2021-11-15,0.6452397959466253,0.580738315854129,0.7347996508945641,0.6163380744162565,0.9513659663522647,0.7225829913197841,0.49660983665515707,0.43154053435551976,0.14862995929146822,0.08412847919897198
2021-11-16,0.5876089999376707,0.5431031188684385,0.6908216283939974,0.5824081992152478,0.9311731174315162,0.7020094442949049,0.48180682431834126,0.4143529607346243,0.10580217561932942,0.061296294550097274
2021-11-17,0.5620059146282916,0.5128718837387032,0.6717601069327777,0.554889385053803,0.9226784398333169,0.6848880004325344,0.4786129921902328,0.4233214756954325,0.08339292243805885,0.034258891548470394
2021-11-18,0.5484702538809396,0.5449970363497746,0.6618141417242688,0.5841241646256398,0.9183101164777334,0.7030638036580837,0.49658294597696734,0.42455928181658353,0.05188730790397228,0.04841409037280725
2021-11-19,0.525616197785415,0.5128653238953079,0.6452418036840265,0.5548833869930726,0.9111311617021886,0.68488422381614,0.4966472481592912,0.42748242705729134,0.02896894962612384,0.016218075736016746
2021-11-22,0.5123742583194273,0.5299420536982704,0.6357736341029604,0.5704579332611679,0.9070865555590899,0.6946241060155742,0.5202346923031619,0.4299063114259051,-0.007860433983734594,0.009707361395108527
2021-11-23,0.5190795448914014,0.5691657389982396,0.6405553078452182,0.6059421556565968,0.9091239640052045,0.716339679623901,0.5295923614310207,0.42980198939768227,-0.01051281653961933,0.039573377567218904
2021-11-24,0.489034643548045,0.528123277446637,0.6193413839426625,0.5688028894030283,0.9001672398024794,0.6935953262481696,0.5430271368235375,0.4084914641291254,-0.05399249327549255,-0.01490385937690053
2021-11-26,0.4737272245321613,0.4957062416759154,0.6087521427111735,0.539152603600106,0.8957768284957817,0.6749097106174164,0.6574701934160913,0.6447603779313437,-0.18374296888392994,-0.16176395174017583
2021-11-29,1.2614203906663173,1.3140490346465,1.2556429581233626,1.228925484645252,1.2384160011706722,1.0274860481550268,0.7121137666354075,0.6987931623075593,0.5493066240309098,0.6019352680110924
2021-11-30,1.2269161444513417,1.2070149128488212,1.2251025469342567,1.1437772298785651,1.2197284920995453,0.9905310674411166,0.7388329363303758,0.8312520953145145,0.48808320812096584,0.4681819765184454
2021-12-01,1.465309984981239,1.5866951953761368,1.426095595121646,1.4424481235290112,1.3101370244079704,1.1198853657511008,0.8608445448766856,0.8568283767921682,0.6044654401045534,0.7258506504994512
2021-12-02,1.3964590622500694,1.6637601327377114,1.3652421680061806,1.5012661460031622,1.2738272737591183,1.1426874543498415,0.8899303243244444,0.9198150134661159,0.506528737925625,0.773829808413267
2021-12-03,1.3960235745380754,1.512518496272549,1.364858159481741,1.3854085894779675,1.273599957747316,1.0973282161914173,0.9474391033808156,0.9266282062622184,0.44858447115725975,0.5650793928917335
2021-12-06,1.2955663352710467,1.5451343773217512,1.2766116440055242,1.4105421357962913,1.2220083410239984,1.1073233159057327,0.9773957968658333,0.9676213215923848,0.31817053840521337,0.5677385804559179
2021-12-07,1.2423368339474623,1.4020209979359408,1.2301529519613095,1.2996121955923476,1.195398447515343,1.062513113319938,1.0524172625920596,1.080782592127365,0.18991957135540272,0.34960373534388123
2021-12-08,1.446164489154355,1.3062696576712878,1.4091466560510013,1.2244027267175135,1.2999678175669902,1.0310446438467555,1.0555822280942333,1.0795849939414364,0.3905822610601217,0.2506874295770545
2021-12-09,1.2492182163008656,1.171994745346188,1.236146079637645,1.1174460490832303,1.1988084126149123,0.9845930037069699,1.0582831886167021,1.0746923817558303,0.19093502768416348,0.11371155672948596
2021-12-10,1.147092488707133,1.213697724731328,1.1476419061715735,1.15086139119863,1.1491779702753349,0.9993333321332069,1.0549756705876674,1.0936928623487558,0.0921168181194656,0.1587220541436607
2021-12-13,1.081306110383765,1.1124110593292476,1.0911924212578856,1.0693759903798647,1.1183933840038365,0.9629993744975487,1.058651820870216,1.1017628563302433,0.022654289513548864,0.05375923845903152
2021-12-14,1.0606342291134447,1.214838842861641,1.0735591702363159,1.1517731700937823,1.1089273066555216,0.9997325461996326,1.0841174609801008,1.112183328701529,-0.023483231866656018,0.13072138188154026
2021-12-15,1.0036118602060746,1.2528373878785315,1.0252093036927452,1.1820588185113043,1.0833606132490592,1.0129049556895462,1.1136685060625209,1.164930428898511,-0.11005664585644626,0.13916888181601061
2021-12-16,1.1365605287928522,1.1641766470773465,1.1385725714732904,1.1111609961255755,1.144184159223744,0.9817962129198269,1.1278759344165916,1.1811465630682245,0.008684594376260568,0.03630071266075485
2021-12-17,1.100548596667785,1.2570258836719708,1.1076530112126532,1.1853882260570205,1.127295696059127,1.0143427869470358,1.1581643759167612,1.2005861518819143,-0.05761577924897621,0.09886150775520952
2021-12-20,1.1177727182262143,1.379577772862057,1.1224234996269382,1.2820583256895453,1.1353367495616657,1.0552509031968582,1.1920828823970437,1.2204471293267003,-0.07431016417082947,0.18749489046501333
2021-12-21,1.1297665097675358,1.4807713416850963,1.1327283354048971,1.360862477795697,1.1409756877468593,1.0874795965803699,1.2168972956062298,1.2907450299487735,-0.08713078583869405,0.26387404607886644
2021-12-22,1.2827751012990722,1.364594122358883,1.2654269575031996,1.2703139444716474,1.2155657513216984,1.0503645858428798,1.2063556452090363,1.3107430715443675,0.07641945609003598,0.15823847714984685
2021-12-23,1.196324834672422,1.2431140831316396,1.1901861381864378,1.174323065032752,1.1728371968291529,1.0095564384019409,1.201719821859491,1.3167276957121403,-0.0053949871870691,0.041394261272148514
2021-12-27,1.070612216366182,1.1282964733651462,1.0820638290181126,1.0822305403293058,1.1134836629047127,0.968820120053421,1.1966429106029453,1.2341644876292246,-0.12603069423676327,-0.0683464372377991
2021-12-28,1.1373998556790792,1.053128491742415,1.1392949064774276,1.0211450828022839,1.1445812393749688,0.9408442687864043,1.1372608678183358,1.212428227658813,0.0001389878607434003,-0.08413237607592072
2021-12-29,0.9932934667965175,0.9795424647690392,1.0165091527246972,0.9606769601653785,1.078822843601857,0.9123215556740638,1.1048511647024806,1.1061322542751102,-0.11155769790596304,-0.1253086999334414
2021-12-30,0.8709693258057819,0.8869633195736762,0.9147108242392715,0.8835715059777166,1.0272633560256688,0.8746268222367338,1.078058619504274,1.0666383446217864,-0.20708929369849216,-0.19109529993059782
2021-12-31,0.7920878821467257,0.8786164659113849,0.8506486044077662,0.8765592160875286,0.9963952329728668,0.8711192073051182,0.9826131660121887,1.0325434536889582,-0.19052528386546308,-0.10399670010080386
2022-01-03,0.725858521014073,0.8167811515710118,0.7967086691434451,0.8228536557907191,0.9655851514456177,0.8390620919193769,0.9650683391879944,1.003240813001219,-0.2392098181739214,-0.14828718761698256
2022-01-04,0.6960139387968601,0.75794033537626,0.7735540519132162,0.7727866811144372,0.9553845794418174,0.8132897873981243,0.9136569268622358,0.9824590817820237,-0.21764298806537563,-0.15571659148597572
2022-01-05,0.6331378335053185,0.7128705996006592,0.7257966422982214,0.7340157404004636,0.9349702187194076,0.7927495525234391,0.906354615268265,0.9960357076346396,-0.2732167817629465,-0.19348401566760576
2022-01-06,1.1573021468315507,1.237392883410274,1.1536388068279881,1.1662490284724283,1.143471298704597,0.9978584688454702,0.8226087734410124,0.994602818699301,0.3346933733905384,0.41478410996926174
2022-01-07,1.0101529736421917,1.1391140019637864,1.0284029587299066,1.0879653588759584,1.0771501073257514,0.9639896634410903,0.8260519981500668,0.9864636941487068,0.1841009754921249,0.3130620038137196
2022-01-10,0.9168481222922544,1.1206892661800738,0.9505575805552356,1.0731709577834057,1.0378959867994457,0.9574527202790769,0.8909073065946806,0.9624994532370837,0.025940815697573782,0.22978195958539316
2022-01-11,0.8152706599209519,1.0457097560369133,0.8676457785011875,1.0125540026750857,0.9979897728529625,0.930183390290952,0.9023046136692449,0.962682690179798,-0.08703395374829292,0.14340514236766844
2022-01-12,0.8290637332507866,0.9655776018292227,0.878772995933962,0.9469941144821304,1.0032230869579266,0.8997488765932937,0.9099118100224626,0.9475630394466728,-0.08084807677167594,0.05566579180676012
2022-01-13,0.7419763484741765,0.8780830569761658,0.80933018263841,0.8744031331854422,0.971225622977932,0.8647858939766407,0.902781843395342,0.9384749039735754,-0.16080549492116547,-0.02469878641917611
2022-01-14,0.9882836673531991,1.1608799887324266,1.0100328327363026,1.1053933325953371,1.0677412040888974,0.9716331562128754,0.8857844697902,0.9175461854219277,0.10249919756299908,0.2750955189422266
2022-01-18,0.8670210704487222,1.045669888475648,0.9096165879274625,1.0125215903799583,1.0179313942047377,0.9301685927117397,0.8979888279108443,0.9737790573774767,-0.030967757462122103,0.14768106056480357
2022-01-19,1.2030405435009095,1.409057422122951,1.1930557741875971,1.300658995203974,1.1650655468982634,1.0534436635288238,0.8845609469591861,0.9723852715394354,0.3184795965417234,0.524496475163765
2022-01-20,1.184639017578581,1.4984255851294224,1.1771731092617672,1.3695777673733105,1.1563257684097308,1.0808238408380444,0.9304642274713087,0.9028496318042859,0.2541747901072723,0.5679613576581136
2022-01-21,1.1879072468088963,1.5889831174770455,1.179991628765239,1.4387442786918485,1.1578729648213462,1.1076140643775478,0.9332371223014437,0.9436050352136697,0.2546701245074525,0.6557459951756017
2022-01-24,1.4524445060500202,1.8843785591922997,1.4109700597643955,1.6601845820819692,1.2896502970101706,1.1892858078326842,1.2042310902408844,0.9341851658745556,0.2482134158091358,0.6801474689514153
2022-01-25,1.2619452282784682,1.6642130162979705,1.2441020864587806,1.4957231870690693,1.1934929056546943,1.1292005995243257,1.304577692937477,0.8580359481303226,-0.04263246465900883,0.3596353233604934
2022-01-26,1.2720103194573051,1.7532786365339217,1.2528537301557288,1.5626505883921373,1.198416597477994,1.154034402678491,1.4174715810097436,0.8548351768650415,-0.14546126155243844,0.3358070555241781
2022-01-27,1.1140605650658015,1.6089170544310196,1.1165702227590402,1.4538835211722996,1.1234649581840916,1.1133909146861676,1.4797922004611628,0.8428577648804008,-0.36573163539536124,0.12912485396985685
2022-01-28,1.012540655222617,1.5395584332822898,1.0304128510988433,1.4010751894474827,1.0781847982851955,1.0931061358903322,1.54476688768319,1.0723187669259604,-0.5322262324605729,-0.00520845440090012
2022-01-31,1.462337941996123,1.4315420551234275,1.4196987285841423,1.3180630173451604,1.2948026257801426,1.060425507756085,1.565680318774942,1.1761143890994261,-0.10334237677881886,-0.1341382636515145
2022-02-01,1.505540225527554,1.2775446914896862,1.4624241744944735,1.2018400318425624,1.333279537880354,1.0210017978280406,1.580682013781508,1.179952776275535,-0.07514178825395401,-0.3031373222918219
2022-02-02,1.3342724634761214,1.1601587809925786,1.3106874805531612,1.1078775872030688,1.2417313997177102,0.979565360678233,1.588769939123924,1.2111161423651398,-0.2544974756478027,-0.4286111581313454
2022-02-03,1.2353440678258405,1.0669305005581209,1.223917054211632,1.0321984716030614,1.1910856375398389,0.944919468394231,1.6205995629091412,1.2474784791289273,-0.3852554950833007,-0.5536690623510203
2022-02-04,1.6099892523599817,1.6058013178534931,1.5557047319995752,1.4579116933781655,1.3911717952775127,1.1264649725240201,1.6308695443431005,1.2572182325747083,-0.020880291983118804,-0.02506822648960738
2022-02-07,1.4040937727413727,1.435264310272105,1.3723394761594825,1.3260117019930087,1.2785021095897575,1.073391316064835,1.630671756742198,1.256746786164189,-0.2265779840008253,-0.195407446470093
2022-02-08,1.2348455682842094,1.358857763993205,1.2234817599233903,1.2661374278560191,1.1908350664075953,1.0484450458775458,1.6362063785107965,1.2775287875146768,-0.4013608102265871,-0.27734861451759163
2022-02-09,1.1332088318078917,1.2336455670398099,1.1352011169639677,1.166864536652569,1.1408034608622215,1.0057704782066188,1.6122001849821745,1.307013744167601,-0.4789913531742829,-0.37855461794236467
2022-02-10,1.191638508520516,1.142976850518214,1.1858347086619776,1.0940032381922524,1.169304385181906,0.9733027963260951,1.6581196138638015,1.3554112480661653,-0.4664811053432856,-0.5151427633455874
2022-02-11,1.3905597274890544,1.4845205605154295,1.3603650261291274,1.3643467939759868,1.2713124177194797,1.0890737493800489,1.6828070369720998,1.3887492488561215,-0.29224730948304534,-0.1982864764566703
2022-02-14,1.5734171653301503,1.8007529567977494,1.5229881351989683,1.606059890010749,1.370740532015977,1.183336313815821,1.6801719698878683,1.386905851573219,-0.10675480455771802,0.12058098690988106
2022-02-15,1.3761510817823994,1.6697263314138115,1.347629060655644,1.5067824785111075,1.263690368222102,1.1455266672475648,1.6878917454981708,1.4004971933645618,-0.31174066371577136,-0.018165414084359233
2022-02-16,1.4013581074447974,1.5187810261389592,1.3699181673354017,1.390894278242476,1.2770464999761992,1.099807515902897,1.6826398292657894,1.383908177671336,-0.281281721820992,-0.1638588031268302
2022-02-17,1.216366195291542,1.3520343771292316,1.2073603146213778,1.2607653708935957,1.1815808316098209,1.0461787594109193,1.7010722321262897,1.4443700888144526,-0.48470603683474756,-0.3490378549970581
2022-02-18,1.5215196722304771,1.744723826377498,1.4766626336556419,1.56374952201878,1.3420428826713935,1.1673669801936626,1.6602499350209163,1.3828415710923658,-0.1387302627904392,0.08447389135658168
2022-02-22,1.3653706465378335,1.6907201725563064,1.3381086199961927,1.5227684432168318,1.2580097208658494,1.151695781941257,1.6706299498851214,1.396899415064518,-0.3052593033472879,0.020090222671184987
2022-02-23,1.3145157901100721,1.7413056906660704,1.2933008799358432,1.5611615474925908,1.231475734221155,1.1663833473687855,1.515618456299105,1.4257255900522974,-0.20110266618903294,0.22568723436696536
2022-02-24,1.4621044572177475,1.9535672596454423,1.4237853226186392,1.72044068756466,1.309640013091694,1.22550171244303,1.5924943290369409,1.471611733551116,-0.13038987181919337,0.36107293060850143
2022-02-25,1.4384485691274609,1.755985471481423,1.4027836865397554,1.5722704932184115,1.2968808515233712,1.1705999797567122,1.512292507764738,1.549571953439276,-0.07384393863727712,0.24369296371668492
2022-02-28,1.607707818262779,1.6070699624223523,1.5536621769693764,1.4588844781851098,1.3898923982250468,1.126847434558348,1.4839049290948816,1.445657468525269,0.1238028891678975,0.12316503332747075
2022-03-01,1.402558686481409,1.4461733297243926,1.372851884950455,1.338879605963624,1.2844042484610019,1.0869049826462303,1.4473030863212721,1.4128079232591546,-0.044744399839863114,-0.0011297565968795276
2022-03-02,1.4496594040400135,1.6481172268724913,1.4147310617999513,1.4961101682448732,1.3100632896556461,1.1515959342037967,1.4493068513987202,1.4734253540803868,0.0003525526412933022,0.19881037547377112
2022-03-03,1.5119732821608942,1.5091204715028237,1.4703187159321975,1.3882241646672377,1.3445140650708653,1.1075816700634855,1.4562141651351923,1.4502286243539118,0.05575911702570191,0.052906306367631384
2022-03-04,1.3420488558507304,1.4607743833413422,1.3192436630898552,1.3503537539834476,1.2519573316465693,1.0917451148900077,1.4617416720115073,1.3688914038672761,-0.11969281616077687,-0.0009672886701650452
2022-03-07,1.2474470297695521,1.489240170735736,1.2359312344065143,1.372673992332909,1.2024991877828612,1.1011043105214091,1.4486604863367416,1.4973807539454593,-0.20121345656718947,0.04057968439899429
2022-03-08,1.8436268224430779,2.088931250172472,1.7688796460459766,1.829800904275647,1.5359695609473694,1.2788777744621211,1.491050983262442,1.5003598702380347,0.35257583918063595,0.5978802669100303
2022-03-09,1.6443903383261436,2.005495629240288,1.5890367508872958,1.7675279840051812,1.4194477904191047,1.2560276623017883,1.5783222347674641,1.626178855401909,0.06606810355867943,0.427173394472824
2022-03-10,1.884233611826434,1.8334768897052767,1.8056799526803105,1.6378831425242901,1.5601972703182272,1.2071831091511511,1.5943725574340242,1.5750613298023255,0.28986105439240983,0.2391043322712525
2022-03-11,1.6476672344046277,1.7258127339600309,1.5919837452513463,1.5558135398727448,1.42132958105063,1.1752997546618864,1.6019351428561448,1.5535965883202407,0.0457320915484829,0.12387759110388608
2022-03-14,1.5719882096785671,1.8170315143359455,1.524031944406018,1.6253952444182709,1.3781996938284176,1.2023818927987902,1.564499079630308,1.507855742221422,0.007489130048259129,0.25253243470563747
2022-03-15,1.4190616560822982,1.7713081265449107,1.3875110814887486,1.590584867742241,1.293355764754052,1.1889042129797458,1.5559448488731322,1.603938433731884,-0.13688319279083405,0.21536327767177843
2022-03-16,1.5923153639518082,1.6230108167460855,1.5422606909882435,1.4767278969601942,1.389715130595644,1.143803519863317,1.5973451422237062,1.642994081735046,-0.005029778271897989,0.025665674522379334
2022-03-17,1.7132405662705112,1.4974443907336044,1.651037796795767,1.3790950147373702,1.4592421805088478,1.1037832017824747,1.5868438280323311,1.6706043918949482,0.1263967382381801,-0.08939943729872679
2022-03-18,1.5831864607503376,1.3654956665351998,1.534072021406576,1.275159232633709,1.3845371140457463,1.059656136965512,1.583888251590259,1.6129197926871726,-0.0007017908399213901,-0.2183925850550592
2022-03-21,1.4543485615823342,1.2484652741741809,1.4189070947598952,1.1817036427399559,1.3126361872996852,1.018481730993017,1.560053258616944,1.6036807327467573,-0.10570469703460983,-0.31158798444276314
2022-03-22,1.26433325781269,1.1401037718129459,1.2507533188597997,1.093987893873381,1.2112069850283287,0.9783907007022083,1.5517662192636976,1.5929731362831412,-0.2874329614510076,-0.41166244745075176
2022-03-23,1.2189970349289594,1.056332121972906,1.2110113881165805,1.0253167098974327,1.1879529116104983,0.9459162220281057,1.5293370352810391,1.563366715620493,-0.31034000035207976,-0.4730049133081331
2022-03-24,1.2576802295886977,1.2690862897146717,1.2449108513089548,1.1982632203625012,1.20776971622171,1.0258883299294268,1.50729995369058,1.5634690050325881,-0.24961972410188227,-0.23821366397590826
2022-03-25,1.2908059180035583,1.1763047884830744,1.2740343901468651,1.123425746804519,1.2249658453538368,0.9920116947856616,1.3388796465973194,1.4988402538902676,-0.048073728593761134,-0.162574858114245
2022-03-28,1.1416728405466325,1.069928754396486,1.1436457120113621,1.036516605519207,1.1492509952586187,0.9512822404943652,1.3228376411837808,1.4994794385210564,-0.18116480063714824,-0.25290888678729484
2022-03-29,1.0441771176683068,0.983647015905598,1.059591328060388,0.9650674441790225,1.1023488052835555,0.916554808590698,1.304223121453809,1.4548352814457162,-0.26004600378550213,-0.3205761055482109
2022-03-30,1.0713839027679608,0.9225407853352413,1.08293622969745,0.9138964747668955,1.1152107283162365,0.8909199114639313,1.2794578486678543,1.428708837665713,-0.20807394589989348,-0.35691706333261297
2022-03-31,1.001914804717013,0.9877319132432207,1.0235183541822848,0.968470804586641,1.0827383329835139,0.9182363904465968,1.2633079811347254,1.4762242844669198,-0.2613931764177124,-0.2755760678915047
2022-04-01,1.187739618650971,1.2466253258756643,1.1850079553194375,1.1827947860215533,1.1771088215720769,1.0239194791552615,1.2473466799027104,1.4569448446887165,-0.059607061251739424,-0.000721354027046095
2022-04-04,1.0444563169939391,1.1267038539829028,1.0607231327546207,1.0848236960292637,1.1062163865928494,0.9777171265069255,1.228014915958558,1.2448513596659605,-0.1835585989646189,-0.1013110619756552
2022-04-05,0.9910913442408082,1.037821703500307,1.015055931707071,1.0112351113165816,1.0810819405262786,0.9417201414301959,1.2219499313807323,1.2756473491125777,-0.23085858713992402,-0.18412822788042527
2022-04-06,1.0936937338728352,1.2448433338585616,1.1031795813245553,1.181349300685381,1.1300423875237073,1.0232510561003256,1.1719921748049653,1.1987840399068046,-0.07829844093213012,0.07285115905359629
2022-04-07,1.0963409000766453,1.3505265307142051,1.1054702025977385,1.266572590961342,1.1313398594976656,1.0620311330934347,1.0602675815848828,1.1889696853529013,0.03607331849176254,0.2902589491293224
2022-04-08,0.9840534746951223,1.2220896580672813,1.0090628234641268,1.162865793136054,1.077823225656878,1.014670047385956,1.031502856378923,1.1395220156851746,-0.04744938168380075,0.1905868016883583
2022-04-11,0.886944322071942,1.1671691491950433,0.9271743370391444,1.118043975762722,1.0342864004556713,0.9935934918495285,1.020530800380512,1.2077737798544448,-0.13358647830857007,0.1466383488145313
2022-04-12,1.177030917158378,1.470337349001426,1.1756465436594978,1.362027477556926,1.1716521631871524,1.1040498196903472,1.0293905799046956,1.1294914578755506,0.1476403372536823,0.44094676909673036
2022-04-13,1.0548599065075637,1.4017526072266386,1.0696695543845849,1.3075295110438654,1.111201250937287,1.080234793014468,0.9987968991288317,1.0512855953423794,0.05606300737873193,0.4029557080978069
2022-04-14,1.0575324594471032,1.2828320463916216,1.071969949788347,1.21210005161364,1.1124861438786886,1.0373897231686802,0.926301372087196,1.05694646979255,0.13123108735990718,0.35653067430442564
2022-04-18,1.1334910235094018,1.4420156884392978,1.1376971133014078,1.3395685921716447,1.1497194396233301,1.0942903226517253,0.9168246860524726,1.0244385071502344,0.2166663374569292,0.5251910023868253
2022-04-19,0.9950896447027257,1.2941887328804724,1.018463886246407,1.2212671422436832,1.0829391997343656,1.0415721608973494,0.9160216375701068,1.09093634176166,0.07906800713261886,0.37816709531036563
2022-04-20,1.1414157109105132,1.2025082292607714,1.1445903524444927,1.146919191162867,1.1536805427436538,1.0072155952061135,0.9092239478133923,1.0564674698005558,0.23219176309712086,0.29328428144737906
2022-04-21,1.0045439451007054,1.11058189116906,1.0265313213487426,1.071540274540588,1.0873478172303166,0.9713055281040734,0.9706394710259543,1.0704419622202408,0.03390447407475117,0.13994242014310565
2022-04-22,1.1735390192462367,1.366204792511347,1.1725962639269631,1.2791314397988869,1.1698780769933093,1.0676418061929518,0.9982771677440586,1.165315015782887,0.1752618515021781,0.36792762476728835
2022-04-25,1.7227658324468775,1.9294211323053176,1.6622743944594647,1.7181719872600147,1.474343469332966,1.2498590187227487,1.0488611874608846,1.1686330944578902,0.6739046449859929,0.880559944844433
2022-04-26,1.5105785268526901,1.7192711227300845,1.471204371006558,1.5568741971924804,1.3514671845154393,1.1857631917939586,1.062266092808754,1.2858596345606375,0.44831243404393617,0.6570050299213306
2022-04-27,1.9613151964030502,2.2360573990515844,1.8788521948191486,1.9490580303585674,1.6181689251789844,1.3369124693453067,1.091047045664169,1.2369459820250137,0.8702681507388812,1.1450103533874154
2022-04-28,1.6972965222495968,1.9716120552880316,1.639250190397665,1.7502394018663372,1.4593161590355868,1.2622624095624746,1.170943897718905,1.406110301538138,0.5263526245306918,0.8006681575691266
2022-04-29,1.871559926203928,1.8048712957111828,1.7971840292553887,1.6229025125639427,1.5634450409190368,1.212358625169596,1.232781591610689,1.5819803403877255,0.638778334593239,0.5720897041004938
2022-05-02,2.4799114709086187,2.510910022105806,2.370472206691592,2.1612819443798093,2.009245468380955,1.4281235544852695,1.2884668837895317,1.591374276839884,1.191444587119087,1.2224431383162744
2022-05-03,2.1507516690585273,2.214288106681407,2.06618414153455,1.9404373597873628,1.790601492610454,1.347308139991629,1.290592146497749,1.5768030477118435,0.8601595225607783,0.9236959601836581
2022-05-04,1.8644311111329173,1.9600341817057396,1.8030198547535157,1.7477625732801776,1.6061205619156766,1.2732737391808089,1.366001764573399,1.7421698407234734,0.4984293465595182,0.5940324171323406
2022-05-05,2.143429147917996,1.8081920741842934,2.0594335363216203,1.6310109375612865,1.7858091570206591,1.2265770769626283,1.4310663966597705,1.8933145909846385,0.7123627512582253,0.37712567752452286
2022-05-06,2.5796512546677595,2.5033811579021386,2.46294580949616,2.1557243219535773,2.0765674010157293,1.4261377079316544,1.443190832271784,1.8822638850144402,1.1364604223959756,1.0601903256303546
2022-05-09,2.2462897704032136,2.325316220083685,2.1543420529899255,2.0235674847090075,1.8534373872759589,1.378201309128569,1.4863723014817363,1.9839639736290478,0.7599174689214774,0.8389439186019487
2022-05-10,2.526083892424458,2.7914296772616836,2.413267526838371,2.3667275372603007,2.040356498852297,1.4999574057511296,1.5668149870944625,1.973006409702504,0.9592689053299956,1.224614690167221
2022-05-11,2.1768467207071174,2.441382311328571,2.0902485443095014,2.1098668923842254,1.8077079563936806,1.4096612749279747,1.6091755926121762,1.9883208126275236,0.5676711280949411,0.8322067187163946
2022-05-12,2.049049520485379,2.486417169905774,1.9725124505437701,2.1431931734856087,1.724365935193662,1.4216514328365801,1.6321944211429888,1.951891456779784,0.41685509934239007,0.8542227487627854
2022-05-13,1.7716878484885779,2.2129282099770475,1.7181958943572384,1.9394155341361445,1.5478408060314075,1.346924660535783,1.6659627652650542,2.0540382034706637,0.1057250832235237,0.5469654447119934
2022-05-16,1.8891451694594636,2.006373580674109,1.8256627034322535,1.7831321118214118,1.6217852624973348,1.2871352218683703,1.6735405485006003,2.0510720441512107,0.21560462095886335,0.3328330321735089
2022-05-17,1.6507589233146898,1.8669454111611476,1.6079883511240105,1.6763462069556145,1.4731669293574456,1.244886472543432,1.7234780773305591,2.0761354796610707,-0.07271915401586937,0.14346733383058852
2022-05-18,1.7147447474449922,1.704414409845257,1.6662409721684848,1.5504144764124164,1.5124810776546718,1.1934392711079713,1.7600651066450534,2.2304781265739457,-0.04532035920006128,-0.055650696799796506
2022-05-19,2.522257039011656,2.5891106838949227,2.409719677885065,2.218868740140484,2.0377743398071457,1.4485639692049357,1.7833801517717203,2.2209781383038694,0.7388768872399356,0.8057305321232024
2022-05-20,2.1990389308128417,2.400473440420264,2.1107227721532054,2.0795178502342075,1.8222898457401755,1.3986663232916439,1.8672390465339128,2.163172017032513,0.3317998842789289,0.5332343938863513
2022-05-23,1.8970549587827927,2.111777571497143,1.8329128565939712,1.8631555450356176,1.6268101517611655,1.3180380099984481,1.8704430895356685,2.213206165168872,0.02661186924712422,0.24133448196147445
2022-05-24,1.8501383788937191,1.9078692475744803,1.789932163065969,1.7078034847422126,1.5970863058021996,1.2574575609633352,1.8787483527167748,2.133016881990565,-0.028609973823055634,0.029120894857705526
2022-05-25,1.6528821019819462,1.8582965723597697,1.6099189701810075,1.6696855060539282,1.4744639889488425,1.2422108275126258,1.8821926411584349,2.145385038234801,-0.2293105391764887,-0.023896068798665127
2022-05-26,1.4832137752227585,1.6679140408325999,1.4562132770301142,1.521902699257796,1.3725937137496595,1.1815276719695589,1.8769655369854328,2.113574098244847,-0.39375176176267424,-0.20905149615283292
2022-05-27,1.5818962695910503,1.5330976039811053,1.5454642350026868,1.4158020272338683,1.4313919158323294,1.1362728123254178,1.8300174223307084,2.026238102790668,-0.24812115273965807,-0.2969198183496031
2022-05-31,1.7802005998920607,1.4291846577490854,1.725971527143578,1.333114810091958,1.5531555415127078,1.099912899346041,1.7952618406964729,2.0259845536642778,-0.01506124080441218,-0.36607718294738745
2022-06-01,1.5763969906136228,1.369842098309195,1.541755453126468,1.2906135802518155,1.4327171848021047,1.0911127764619715,1.7730907572518235,2.0301657046358117,-0.1966937666382007,-0.4032486589426285
2022-06-02,1.437850080828829,1.4132587409218382,1.4163183147808736,1.3259122983988603,1.349604840787335,1.1077022108626344,1.7864663305663584,1.9550792552139817,-0.34861624973752936,-0.37320758964452017
2022-06-03,1.524079302898865,1.3147598774937983,1.4942843924066507,1.2456115172404343,1.401020448122563,1.0696701501522485,1.748963102153121,1.8153454216554914,-0.22488379925425583,-0.4342032246593226
2022-06-06,1.5700870015810142,1.5671089774906701,1.536023850106649,1.4498506639730802,1.4288753067377187,1.1644635689230136,1.702467073576016,1.811933778127745,-0.13238007199500168,-0.13535809608534577
2022-06-07,1.369449714951721,1.408911521586677,1.3547496858701467,1.322384588866104,1.3096205587611207,1.1060531114919878,1.6915131889924284,1.650669411029655,-0.32206347404070734,-0.28260166740575143
2022-06-08,1.2663687891448274,1.287945158182121,1.262512503339302,1.2236121429657993,1.2508622645220135,1.0590637002496888,1.65308500706606,1.6763880841461316,-0.3867162179212327,-0.365139848883939
2022-06-09,1.2460049473787234,1.407562760755416,1.2443795824851005,1.321289788721211,1.2394864887987884,1.1055409308086597,1.6005427842357847,1.7295187913231185,-0.3545378368570613,-0.1929800234803687
2022-06-10,1.6239792331481668,1.8421783255527213,1.5850275210190028,1.6674691195943014,1.461848478324952,1.2591878048775924,1.5865305774781642,1.8595258460926423,0.03744865567000266,0.25564774807455715
2022-06-13,2.031243541220162,2.3256307705845445,1.9583096267027158,2.0397634575978243,1.7208442773654073,1.409403963754139,1.6437466122970563,1.9567962091445306,0.3874969289231056,0.6818841582874882
2022-06-14,2.5948555898830534,2.94921719556806,2.480241074554783,2.5049211970201366,2.0988226435484822,1.5809816454184873,1.6351697490629789,1.9567604899449609,0.9596858408200746,1.314047446505081
2022-06-15,2.2475557092110248,2.6512304813878442,2.158086471574483,2.2844975821841995,1.863816614581123,1.5016050646544679,1.693381420483855,1.921722593119896,0.5541742887271697,0.9578490609039891
2022-06-16,2.045529903373543,2.361793458088908,1.9714778932900925,2.067162996683504,1.7301894271173888,1.4199602339084205,1.7117838481665604,1.850896659806068,0.3337460552069824,0.6500096099223478
2022-06-17,2.4302235431704657,2.843668784405769,2.327347427043145,2.4272069025073946,1.9866963988697177,1.5533613280747407,1.6894496350042074,1.8535428249973098,0.7407739081662583,1.1542191494015615
2022-06-21,2.0997904523089463,2.496137567479916,2.0215276323509985,2.16846325711417,1.7658154616290136,1.4584633102626685,1.7144822665023702,1.9544742262906938,0.3853081858065761,0.7816553009775458
2022-06-22,2.153407415527222,2.2561237802133958,2.0710363602901785,1.9869369253006104,1.8012158568851602,1.3888733681593992,1.6278783912202506,1.895722800320252,0.5255290243069715,0.6282453889931452
2022-06-23,1.8668803352090242,2.040987368642913,1.8071261087632922,1.821995447312043,1.614474025681157,1.3231680511456017,1.62710410191725,1.9116944842884285,0.2397762332917741,0.4138832667256629
2022-06-24,1.6736065169573282,1.8321068583524764,1.6302503307186986,1.6595827441783373,1.4925209683581329,1.2558538900021128,1.6050552857354055,2.039508694528415,0.06855123122192275,0.22705157261707098
2022-06-27,2.0648637478076393,1.7061893774465413,1.989304966528825,1.5604767988283552,1.742859757391587,1.2133452623371639,1.5928532542804887,1.9821612665922979,0.4720104935271505,0.11333612316605257
2022-06-28,1.8011211108075145,1.6108654722209508,1.7468237456527191,1.4847930165969019,1.572566127624543,1.1800755941572514,1.6216283067673771,1.9238742885705713,0.17949280404013734,-0.010762834546426348
2022-06-29,1.8751837176298456,1.9119052306722464,1.8147485185143766,1.7219102267984592,1.6197937303158942,1.2820155356163623,1.611300514474209,1.9249200879250974,0.2638832031556366,0.3006047161980374
2022-06-30,1.6270760226719605,1.7276999719064186,1.5878468295979884,1.5774753373572197,1.4637540178248019,1.2207190583885188,1.6343586543388757,1.9249623236110671,-0.007282631666915229,0.09334131756754283
2022-07-01,1.4843206030865754,1.6672743967021646,1.4619622889760566,1.5337058312819536,1.3916535474031353,1.2098573347106454,1.6276515366902249,1.8815922291845317,-0.14333093360364946,0.03962286001193971
2022-07-05,1.3745876552158478,1.514733002280273,1.3626821027894127,1.4111916849339199,1.3257624678328723,1.1540983894166894,1.6492532124390396,1.8635761138139906,-0.27466555722319175,-0.13452021015876658
2022-07-06,1.2012062841250541,1.3620134783781512,1.2073489044358379,1.2868847432195,1.2258680427282225,1.0953343195983876,1.6421937504710211,1.8641936487891322,-0.44098746634596697,-0.2801802720928699
2022-07-07,1.0606325329282846,1.233140264552922,1.0832687331371142,1.1805486860407863,1.1494693240767013,1.0430827749631615,1.637823294128618,1.887253834525228,-0.5771907612003333,-0.404683029575696
2022-07-08,1.1540915381044055,1.1493077826121112,1.165545331619086,1.110591534505335,1.1997569823746927,1.0075885953402965,1.6227327604439779,1.8787203832594055,-0.4686412223395724,-0.47342497783186666
2022-07-11,1.0173622399356157,1.0696698567403886,1.0455121732032289,1.0435064728181704,1.126925258889638,0.9726296958041414,1.6165486469732795,1.823309188467625,-0.5991864070376638,-0.5468787902328909
2022-07-12,1.0793796692927098,1.2371097839133394,1.0996970607591168,1.1838452703421771,1.1593867693222537,1.0447325533097125,1.6056675467224224,1.7152132922083492,-0.5262878774297126,-0.36855776280908303
2022-07-13,1.0616223316737334,1.317263222664306,1.0841350837771426,1.250117920163447,1.1499907157105953,1.0774871705539721,1.6065929221516932,1.473749423646715,-0.5449705904779598,-0.2893296994873873
2022-07-14,0.9821837366248103,1.3066794306441352,1.0149964680361543,1.241398281252324,1.10896953675713,1.0732213113489926,1.5371152872492608,1.4730236366465645,-0.5549315506244505,-0.23043585660512567
2022-07-15,0.8844712953539525,1.2388731785084417,0.9312220486054223,1.1853092751685232,1.0609954528157033,1.0454645774147868,1.544122803515078,1.499484586848495,-0.6596515081611255,-0.3052496250066363
2022-07-18,1.1755392019914774,1.1644735084919933,1.1845504516915548,1.1232958407156772,1.211583422797584,1.014104836344753,1.500724244741791,1.2825972428000567,-0.32518504275031357,-0.33625073624979773
2022-07-19,1.1229391539964084,1.2416783059150946,1.1380189622638601,1.1876375789772142,1.1827640267638848,1.0466279574381712,1.4479922681062711,1.3937771403258845,-0.3250531141098627,-0.20631396219117648
2022-07-20,1.5894753044286756,1.1865502613816965,1.5576468969946486,1.1417504844512962,1.4564269848848688,1.0235139130550093,1.4279576069571247,1.3028472467301637,0.16151769747155087,-0.2414073455754282
2022-07-21,1.4076155066523064,1.087611979232716,1.3924953094531662,1.058676528359818,1.3453967431383231,0.9806182488815531,1.3780493574681343,1.3091080488612499,0.029566149184172108,-0.2904373782354184
2022-07-22,1.3070395433328101,1.0104905228270957,1.3019149096008602,0.9932277965126688,1.2861808671299,0.9457860760872931,1.3468657312645576,1.3278657579413555,-0.039826187931747414,-0.3363752084374618
2022-07-25,1.244509831870133,1.1345568616434385,1.2459384969649638,1.098213409099576,1.250279766467856,1.001208522220059,1.3166491313289777,1.1376997517532992,-0.07213929945884456,-0.18209226968553915
2022-07-26,1.0903793813261338,1.0296287798850523,1.1093548118457006,1.0095292179110242,1.165246583551974,0.9545525247545312,1.2888794324502713,1.1685145032284148,-0.1985000511241375,-0.25925065256521895
2022-07-27,1.14147881953955,1.2139716041003084,1.1543892244629455,1.1646097411626557,1.1928502378408208,1.0350777995308305,1.3206940407357113,1.1900628413073837,-0.1792152211961613,-0.10672243663540293
2022-07-28,1.560960019870836,1.1598478928855358,1.5316526431264963,1.1194233031823961,1.43871677808872,1.0121219488612874,1.2928092739151198,1.2068808784014762,0.2681507459557162,-0.132961381029584
2022-07-29,1.4691022426544054,1.0794250338591973,1.4481561599697015,1.0517586116498692,1.3824060718158326,0.9769814670447251,1.297025176561268,1.2001404493417744,0.17207706609313744,-0.21760014270207062
2022-08-01,1.4395022644190671,0.9790037560968256,1.423172005359911,0.9667978462691394,1.3718400542490894,0.9328473233317827,1.2658997925304596,1.2018514253203296,0.17360247188860756,-0.28689603643363404
2022-08-02,1.2696859633414985,0.964300742324757,1.2699747517469457,0.9541702663560763,1.2708606531116187,0.9258850546442778,1.2589457489811198,1.2235723533880147,0.010740214360378753,-0.29464500665636273
2022-08-03,1.1696894566226175,1.0315442058520012,1.1807124605082893,1.0117216320848255,1.2139179622317886,0.9573048718959594,1.20962163036621,1.2537941865178526,-0.03993217374359248,-0.17807742451420872
2022-08-04,1.2474346019504192,0.9762190774887433,1.2500428159375365,0.9644081652993446,1.2580138358992694,0.9315327777490422,1.1901536984035879,1.2302800430328749,0.05728090354683135,-0.2139346209148446
2022-08-05,1.0959805883877773,0.9149390139679183,1.1154897693503154,0.9115887967992009,1.173341042058768,0.9021100415923562,1.1838425758178186,1.2319034898191608,-0.08786198743004126,-0.2689035618499003
2022-08-08,0.9737683028040298,0.8817125501259482,1.0086994804937999,0.8827570479859794,1.1090569730073359,0.885739958821027,1.1916452746642656,1.1884400153304127,-0.2178769718602358,-0.30993272453831744
2022-08-09,0.8690532634412642,0.8416623400568428,0.9189229498884327,0.847813583139914,1.0573907946759356,0.8655881634949391,1.186680946364714,1.1661297031292581,-0.3176276829234499,-0.3450186063078713
2022-08-10,0.8110322476162471,0.8660746366037206,0.8700573078031066,0.8691384088045444,1.0303068872522116,0.8779276770003973,1.2265699746457457,1.2037886832216678,-0.41553772702949854,-0.36049533804202505
2022-08-11,1.2051277115567918,0.8451570384025701,1.2122522404328906,0.8508712241731408,1.233861055268267,0.867365586124949,1.186420074043105,1.19693058955489,0.01870763751368676,-0.34126303564053495
2022-08-12,1.0585364324790532,0.7860877772052455,1.0825753757997458,0.7989600437724065,1.1532278840236625,0.8368050482864381,1.1346924108867917,1.1849995247544365,-0.07615597840773858,-0.34860463368154626
2022-08-15,1.208958105638986,0.7638473586475661,1.215667740012364,0.7792837516746091,1.2360326566678692,0.8249992876003263,1.0954082402113128,1.142527076017626,0.1135498654276732,-0.33156088156374663
2022-08-16,1.072245385141347,0.7105025257933435,1.0946074582846392,0.7317772871578686,1.1605507933981323,0.7959545317335812,1.0530147158719152,1.0333648164210616,0.019230669269431733,-0.3425121900785717
2022-08-17,0.9472537067590378,0.6575733049552287,0.9857973199526269,0.6841758801574509,1.0956562737987519,0.7660259081146432,1.0421110636939528,1.0645034966947067,-0.09485735693491504,-0.3845377587387241
2022-08-18,0.9258523625036544,0.7808819807742383,0.9673916511152558,0.7943610513438562,1.0849932650592835,0.8340569610910383,1.0329302601559212,1.054394136213773,-0.10707789765226672,-0.25204827938168284
2022-08-19,0.8291744605861344,0.7224585477848388,0.8852601787267832,0.7424642885963563,1.0386494548255132,0.8025574812377846,1.0277308961901241,1.0851177026530692,-0.19855643560398972,-0.3052723484052854
2022-08-22,1.0180582792277184,1.0100797291976304,1.0471809426276653,0.9934059574028273,1.131891255247558,0.9473909744631758,1.039917900410584,1.214202085881283,-0.021859621182865663,-0.029838171212953624
2022-08-23,1.3894606846163058,1.4522613996091231,1.3778473400259161,1.36185561013823,1.341577621549155,1.1339544336556067,1.0400190189464835,1.1741051210105644,0.34944166566982227,0.41224238066263963
2022-08-24,1.2240255733430403,1.3645094908936,1.2291149333461424,1.290070664610958,1.2446045828183805,1.0994995872461093,1.035923392170171,1.0430244150214754,0.18810218117286936,0.32858609872342903
2022-08-25,1.0793733610172311,1.2347782034514612,1.1008720762346629,1.1828161681044245,1.164377139587128,1.046442546565033,0.996218348224641,1.052124225693183,0.08315501279259019,0.23855985522682022
2022-08-26,1.1434279243978274,1.1496701359245698,1.1574131896592275,1.1116549992419862,1.1993170384881602,1.0100912333449388,1.0104392010233312,1.2812814651800644,0.1329887233744962,0.1392309349012386
2022-08-29,1.9790292474669378,1.9956591889506208,1.9181906788810112,1.7950025717646232,1.71807323110356,1.3271962556701677,1.0181667206812943,1.287132043984176,0.9608625267856434,0.9774924682693265
2022-08-30,1.7534787199434887,1.9163934403545335,1.710108979662786,1.7328950989936267,1.5695391197365125,1.300831854730351,1.0276369059919603,1.301003846640958,0.7258418139515284,0.8887565343625732
2022-08-31,1.6281582017542617,1.9416732415269988,1.5951244357752226,1.7527386609501006,1.4891730437845851,1.3092989224911928,1.0184368819747982,1.2459130705190689,0.6097213197794635,0.9232363595522006
2022-09-01,1.478368919836651,1.8593970259598718,1.4615595544550666,1.6939988177302048,1.407930298820319,1.2977565842846255,1.0352923108800796,1.2515541986892915,0.4430766089565714,0.8241047150797922
2022-09-02,1.2969772063552925,1.664203654106357,1.2968843179292935,1.5381446455530758,1.2965950208967676,1.2278707330025114,1.1034715248789264,1.2654628152644718,0.19350568147636604,0.5607321292274305
2022-09-06,1.2643154069968432,1.719907361794429,1.2674480436488127,1.5828525099249122,1.2771538514061622,1.2482150115142097,1.0936495504956252,1.2652121187580934,0.17066585650121802,0.6262578112988038
2022-09-07,1.1327695860679556,1.6241006867188257,1.1497394985603682,1.5058378847952174,1.2010489012638768,1.2130122222467656,1.0953758317033013,1.3454515774146927,0.03739375436465431,0.5287248550155244
2022-09-08,1.287064001638763,1.4986249086256767,1.2879422089497519,1.404071620429572,1.290673117454077,1.165294769427406,1.116856001287957,1.25483615483465,0.17020800035080597,0.38176890733771973
2022-09-09,1.1616268316905511,1.3610315342278922,1.1754331586948366,1.2911939257886813,1.2174235292918905,1.1106062017819411,1.0629343475683404,1.3161446170618734,0.09869248412221077,0.29809718665955187
2022-09-12,1.2381879823379407,1.2645010603235465,1.2439564509855523,1.211122370583377,1.2617505368481883,1.0705664176223668,1.0528866055538177,1.2777651552375568,0.18530137678412295,0.21161445476972873
2022-09-13,1.1855841122749076,1.1682061840153395,1.1968219430496156,1.1304513117408017,1.2311596478802855,1.0290676672303984,1.1772686686511045,1.5822413915180775,0.008315443623803098,-0.009062484635764978
2022-09-14,2.4110359614873764,2.407982707695236,2.3257943476448677,2.1214132755252995,2.037636981909305,1.4765066107695037,1.1834727841690278,1.5866647039270678,1.2275631773183486,1.224509923526208
2022-09-15,2.0957313636164683,2.136105901288036,2.0315330844912847,1.9113751142132813,1.8171492694903535,1.3908033567255018,1.1974144680877052,1.5936347154651842,0.898316895528763,0.9386914332003307
2022-09-16,1.913544862561132,2.137785846534819,1.862268456233076,1.9126832042959538,1.6926730782178763,1.3913491902698385,1.196506823903213,1.5853775051461823,0.7170380386579189,0.9412790226316061
2022-09-19,1.7139207389743185,2.0605491305857484,1.6776922414475293,1.8524029530940787,1.5594950475858167,1.36602781365807,1.2122456314704964,1.5964181778963622,0.5016751075038222,0.848303499115252
2022-09-20,1.5291172487090001,1.8486230120152425,1.5079363254852953,1.6854535903451242,1.439984696031281,1.293997882320134,1.2189031340819647,1.5564965670543518,0.3102141146270354,0.6297198779332778
2022-09-21,1.4625448349913621,1.897073520538743,1.4471230380047138,1.7238310677126563,1.3980102988471605,1.3108156455617013,1.2466806044473886,1.5878155689950606,0.21586423054397352,0.6503929160913544
2022-09-22,1.5558197960227615,2.074399284420023,1.53238399729393,1.8632337314578211,1.4569923027263925,1.3706030084739467,1.2494534023135726,1.5804893052800622,0.30636639370918894,0.8249458821064506
2022-09-23,1.4300387723635504,2.0226408860931846,1.417506129113152,1.822710275306993,1.3777494485765507,1.3534260074505313,1.2956815661201644,1.5372745586797683,0.13435720624338598,0.7269593199730202
2022-09-26,1.5139812319694606,2.1629753504353184,1.4940920361834786,1.9322810951116414,1.4303867399302475,1.3995079336781284,1.3155455044837798,1.392524581913258,0.19843572748568072,0.8474298459515386
2022-09-27,1.420945532168205,2.1293410247271085,1.409230787151237,1.9061062878848063,1.3721105776494689,1.3886031912765462,1.3404510083497256,1.3931876634553615,0.08049452381847932,0.7888900163773829
2022-09-28,1.254453207664698,1.9511968644202882,1.2585747955082645,1.766551989470833,1.271323825727584,1.329350082239558,1.365686466946771,1.4867236614353114,-0.11123325928207306,0.5855103974735172
2022-09-29,1.4177613688838442,1.7846379961008383,1.4063340559272628,1.6345702845592405,1.3701390714524335,1.2714458568932596,1.3802009227244576,1.5366336919094472,0.037560446159386585,0.4044370733763807
2022-09-30,1.6282501048033993,2.0657254747577065,1.5988418623369767,1.8564519406902604,1.5035847807591673,1.367739540252448,1.4083277527530655,1.5474102722209158,0.21992235205033372,0.657397722004641
2022-10-03,1.6282254419794873,2.1129084960086706,1.605390275839285,1.9041279798801527,1.5302539641194215,1.4075955244722667,1.4491166223293135,1.688365904056109,0.17910881965017378,0.6637918736793571
2022-10-04,1.8646920569860754,1.9460387465312072,1.8248876692213098,1.7717369881268703,1.6916341766201655,1.3491265493275173,1.5168725790103317,1.8484627860438176,0.34781947797574375,0.42916616752087555
2022-10-05,2.1573034371332422,1.8135126235790722,2.0983448073810425,1.6655904193904103,1.8980213021396712,1.3009381365610366,1.5496945800652937,1.7919871449306772,0.6076088570679485,0.26381804351377847
2022-10-06,1.8840212787350485,1.6805750885194222,1.8428968229552631,1.5581421741780248,1.705063135094214,1.250853841749353,1.5501266380540084,1.7872165971593008,0.33389464068104013,0.13044845046541376
2022-10-07,1.7283177888254604,1.7289390847248887,1.698099026431926,1.5973507787349042,1.5978642144544783,1.269289766262214,1.6060035515152806,1.813215150404161,0.12231423731017976,0.12293553320960804
2022-10-10,2.0537744982218813,2.195539987846949,2.0014059027803963,1.9692007284452955,1.8242912079284912,1.4357195406109282,1.6143108324142896,1.7729857719782807,0.43946366580759166,0.5812291554326592
2022-10-11,1.8345725404921391,2.1140580543274963,1.796843166920714,1.9050354023196465,1.6707741180944584,1.4079903994007514,1.6348643043158733,1.5308636100971744,0.19970823617626587,0.479193750011623
2022-10-12,1.637178376551473,2.0181231718625896,1.6136691984336051,1.8290933463428682,1.5362554747533594,1.374670526449011,1.547812087584641,1.5187396914700722,0.08936628896683185,0.47031108427794854
2022-10-13,1.4450093602580885,1.875964039706933,1.4366598167180935,1.7157265454652526,1.4096884539784804,1.3238516172201213,1.6818724675331884,1.6582988516679602,-0.23686310727509996,0.19409157217374462
2022-10-14,1.7476634453319335,1.741692116985271,1.7160537391903017,1.607666832108468,1.611056029425534,1.2741093497953935,1.7222297340790151,1.7158361882338757,0.02543371125291838,0.019462382906255904
2022-10-17,1.9062518707278089,2.0720436261759962,1.86361998764815,1.8718305644350068,1.7205472416099639,1.3934901467507514,1.8141186974590857,1.820206531141909,0.09213317326872317,0.25792492871691053
2022-10-18,2.0334557566287135,1.9091258724572653,1.9824026490169033,1.7422644410582597,1.809905871758365,1.3358685879534955,1.8916400319562245,1.8360211410702965,0.14181572467248893,0.01748584050104074
2022-10-19,1.8453488151888673,1.7343711129967343,1.8068744607680216,1.6017459499568034,1.6782282027565631,1.2713447181084232,1.89679918102416,1.8029565022071645,-0.05145036583529272,-0.1624280680274257
2022-10-20,1.654186775348893,1.7070474170478387,1.6294047929290427,1.5796203292919397,1.547682585302186,1.2609762173157955,1.88352149749761,1.8029257319526133,-0.22933472214871697,-0.1764740804497713
2022-10-21,1.5122663209914835,1.7105441188075523,1.498434078854128,1.582454253918382,1.4534199006729371,1.262307570296082,1.906639929466372,1.846879985353607,-0.39437360847488856,-0.19609581065881976
2022-10-24,1.7257611755684146,1.5934092300390101,1.6957270616830606,1.4871196580257415,1.596123744210691,1.2169657481286387,1.8902680760199284,1.8450100513852525,-0.16450690045151384,-0.2968588459809183
2022-10-25,1.6010951546910446,1.461863785849954,1.580319960309008,1.3790106424420705,1.512125762801391,1.164075166509732,1.8755719033753413,1.8670466947843212,-0.2744767486842967,-0.4137081175253874
2022-10-26,1.5728635941749025,1.3566180896412827,1.5542609937817653,1.2916467486117094,1.493357484702656,1.1200753724814265,1.860266246873925,1.838167048029371,-0.28740265269902254,-0.5036481572326423
2022-10-27,1.4337969975273888,1.390758841855102,1.4263824382386643,1.320075960474829,1.402462861134647,1.134524087233244,1.8391474075810446,1.7684831229739346,-0.4053504100536558,-0.44838856572594255
2022-10-28,1.2918704044318763,1.3741543629908173,1.2968894819858585,1.306260257150284,1.312775497858903,1.1275186225205784,1.8242395151088842,1.7762816707448725,-0.5323691106770079,-0.4500851521180669
2022-10-31,1.5694919301743495,1.2997440725803882,1.5511508467589683,1.244088732980739,1.491122711342431,1.0956088762276448,1.8022327276360222,1.716372226278366,-0.23274079746167264,-0.502488655055634
2022-11-01,1.4290072811854038,1.2838661627633927,1.4233221551546842,1.2320075087527629,1.4048958527504918,1.0918485579124348,1.7766175056818763,1.5904532986553412,-0.3476102244964725,-0.49275134291848355
2022-11-02,1.2793520070059015,1.2621284785872318,1.286562358835296,1.213649238698159,1.3094657882015073,1.082098599948127,1.739144174164942,1.6951493812860128,-0.4597921671590406,-0.4770156955777103
2022-11-03,1.6848014213376974,1.7531779940603422,1.6595534562164835,1.6202125183099383,1.575676060561971,1.2859852524952367,1.7218044842528524,1.695090029400885,-0.03700306291515498,0.031373509807489874
2022-11-04,1.5677329100091377,1.791529008645348,1.5511165188662575,1.6513319209488806,1.496466941953257,1.300686031735058,1.7796015315508278,1.5890407867614682,-0.21186862154169006,0.011927477094520134
2022-11-07,1.515093851427057,1.6399614026720477,1.5025261787455337,1.5278560690587177,1.461405284089578,1.2416719993917809,1.722970665395891,1.5814156926705305,-0.20787681396883384,-0.08300926272384324
2022-11-08,1.390858356221271,1.4967655310453996,1.3883390255430152,1.4099271991040252,1.380211404891548,1.1834880574568343,1.7243414374140547,1.567792000157975,-0.3334830811927836,-0.2275759063686551
2022-11-09,1.240824978366009,1.3619977669592005,1.2515847030311513,1.297687662415672,1.2855540860893109,1.126261684019272,1.718823284472194,1.6530934151266847,-0.477998306106185,-0.3568255175129935
2022-11-10,1.5048781219282175,1.7062110216720285,1.4931095767177704,1.5819894098845944,1.45464395511298,1.2677722115539876,1.8909206995736196,1.9474497638393524,-0.3860425776454022,-0.1847096779015911
2022-11-11,2.834095974824765,1.6629037841572318,2.7391272135689677,1.5466319405791655,2.408701027679728,1.2507662610502313,1.7691601758910314,1.8448890859988012,1.0649357989337336,-0.10625639173379953
2022-11-14,2.49914098475652,1.5170066807797222,2.4226914874225423,1.4266767437202443,2.15874809483221,1.1918681449945425,1.7350160812824915,1.8072455886400167,0.7641249034740285,-0.2180094005027693
2022-11-15,2.2206038357875926,1.5503976377000392,2.160419315919399,1.4542489717439453,1.9544933943034501,1.2055772567558114,1.6632440022111326,1.801245553444813,0.55735983357646,-0.11284636451109331
2022-11-16,1.9685468644378556,1.4162445416717606,1.9240448665791943,1.3430207020549685,1.7734818380827762,1.1496059975530162,1.5693040613805318,1.8029888291716822,0.39924280305732385,-0.15305951970877119
2022-11-17,1.765034620932033,1.4447710123339623,1.7341283042630982,1.3667751935817758,1.630842309834608,1.1617116502503382,1.5836954966775272,1.788222347836751,0.1813391242545057,-0.13892448434356486
2022-11-18,1.5540188357862532,1.3761373150550975,1.5384464571189596,1.309524507856054,1.4872972449596167,1.1323883291332841,1.5679892981364776,1.7242331956684156,-0.013970462350224366,-0.19185198308138007
2022-11-21,1.3727956079450776,1.2544493774445282,1.371802392684741,1.2071548536568886,1.3686055725494324,1.0786352800855978,1.540409514307921,1.7153722356100987,-0.16761390636284346,-0.28596013686339283
2022-11-22,1.2255748289288424,1.2214373221729884,1.2377693549494586,1.179180683334858,1.276170696884479,1.0636306894536862,1.5270861733859133,1.7057515580310154,-0.30151134445707095,-0.30564885121292495
2022-11-23,1.234349750885488,1.1400792738641874,1.2457165574339748,1.1098418273563706,1.2815641159128042,1.025807868045739,1.5236581413300068,1.6933376733780983,-0.28930839044451884,-0.3835788674658194
2022-11-25,1.1187034952075214,1.0513028062108585,1.1414885286421568,1.033493095903256,1.2118164987417877,0.9830427318452323,1.4844942977915672,1.6845141515047872,-0.3657908025840457,-0.4331914915807087
2022-11-28,0.9916069284114762,0.9757606511850518,1.0284727438997419,0.9679116950209684,1.1388984883413527,0.9452821897203633,1.4985306755424386,1.6615264090394926,-0.5069237471309623,-0.5227700243573867
2022-11-29,1.1965909083696462,1.271185629066046,1.211561928088363,1.2213029391995935,1.2584696371081563,1.0861705965844168,1.4877061616804388,1.6518626724589924,-0.2911152533107926,-0.21652053261439286
2022-11-30,1.0635552403670292,1.1980755522350885,1.0922254699617528,1.159328965135853,1.1796556643686265,1.052895700667024,1.5231603701232208,1.7744854285874727,-0.4596051297561916,-0.32508481788813226
2022-12-01,1.72284640181179,1.1217180693529067,1.7045106209727505,1.0963777063506392,1.6422010604855197,1.024870107954824,1.5029108279934211,1.6483575863750966,0.2199355738183688,-0.3811927586405144
2022-12-02,1.5115404174761184,1.049542655966517,1.5073311970773111,1.0339106907581732,1.4932787812471284,0.9891143891672912,1.4677354745143953,1.618308642670796,0.0438049429617231,-0.41819281854787826
2022-12-05,1.331413931851221,0.9938284991444523,1.3407169555160827,0.9853446201465679,1.3711349180379848,0.9607226972930253,1.4694474665441202,1.6777643159420546,-0.13803353469289914,-0.4756189673996679
2022-12-06,1.4826784503365011,1.3419387005582115,1.4805295736558741,1.2841858320205546,1.4733765249855746,1.1278101565287142,1.404601501919149,1.714280039804427,0.07807694841735224,-0.06266280136093738
2022-12-07,1.4952440888413883,1.5354878997223362,1.492193786848089,1.446240948719507,1.4820270227894283,1.2119346243265057,1.4001460184321166,1.713796475880736,0.09509807040927165,0.13534188129021962
2022-12-08,1.3196338311107019,1.4315973696650393,1.32988092941409,1.359575859048684,1.3633320581942006,1.167437401330942,1.3839094275543835,1.6358880737786623,-0.06427559644368164,0.047687942110655746
2022-12-09,1.209241503995983,1.3120855192869003,1.2287774768831452,1.2589533790451193,1.2914879498184706,1.1143434351987005,1.3709000865607854,1.1339513882467067,-0.16165858256480248,-0.05881456727388512
2022-12-12,1.141029172380464,1.3531552222237349,1.1667635621378243,1.2936490639988745,1.2483626085423134,1.1328337667078057,1.1217683426263054,1.1598128158864967,0.019260829754158548,0.23138687959742943
2022-12-13,1.196440003305465,1.2576503471544445,1.2171100653893239,1.21276799235367,1.2833162059756311,1.0894147607885651,1.3108174921384,1.1527988060970047,-0.11437748883293497,-0.05316714498395547
2022-12-14,1.1047072804673097,1.158625852501873,1.133909864155938,1.1281362587987886,1.2258382606076161,1.0427395485125628,1.3188285215466053,1.1490312053248863,-0.21412124107929564,-0.16020266904473224
2022-12-15,1.039694361460722,1.1966743075343649,1.0754370675914926,1.1607516973001462,1.1863512455578982,1.0608856705482168,1.3091972546657302,1.2675077741298713,-0.2695028932050083,-0.11252294713136535
2022-12-16,1.5318492544367956,1.6850185974432492,1.5262113069614633,1.5697815182309138,1.5073518887035182,1.2735862547845098,1.3188895416640687,1.2911042884354782,0.21295971277272696,0.36612905577918053
2022-12-19,1.4760785691168687,1.7683520231294876,1.4744059371984424,1.6380637500209856,1.468842014346423,1.3068388281487446,1.2849057872047973,1.2936805287783215,0.19117278191207143,0.48344623592469027
2022-12-20,1.3723957177045112,1.769365043921815,1.3784775399397629,1.6388914354390414,1.3984692971753279,1.307238507199892,1.2716178093785229,1.2948445794771188,0.10077790832598832,0.49774723454329206
2022-12-21,1.2087805433816603,1.5934286391231807,1.2283571306946681,1.4942721814866298,1.291193091602336,1.2361420296773402,1.2802607205924892,1.3041909873597983,-0.07148017721082889,0.3131679185306915
2022-12-22,1.2587076458324615,1.4692969315821724,1.2739774224506923,1.39110774897731,1.3233852223038407,1.1837531644801336,1.3502423166798847,1.3208960775241438,-0.09153467084742317,0.11905461490228775
2022-12-23,1.3274462583351812,1.6396869184817,1.337066324063718,1.5324710003767523,1.368504056289982,1.2551754214793414,1.3566070550140035,1.3330674180999404,-0.02916079667882232,0.28307986346769654
2022-12-27,1.192729962737444,1.4897261841846656,1.2137311205226684,1.4081547826847174,1.2809545221104948,1.192513118819661,1.359318403307797,1.2937906837702067,-0.16658844057035305,0.13040778087686866
2022-12-28,1.0797325616636206,1.435371767617332,1.111394579253831,1.3627371343510613,1.2105395087619186,1.169079848935448,1.3466733257453507,1.3164320364173894,-0.26694076408173006,0.08869844187198139
2022-12-29,1.1512773632522677,1.5685814324494982,1.176055219524812,1.473700220006822,1.2547746329764906,1.2258120765726,1.361295502260604,1.1659684170442808,-0.2100181390083362,0.2072859301888943
2022-12-30,1.3008806342009962,1.4542304916824706,1.3126481996261994,1.3785177726347004,1.3509621954698015,1.1772563324727285,1.3255033246147827,1.1649409722629873,-0.024622690413786508,0.12872716706768794
2023-01-03,1.1587363390762657,1.3266721894012363,1.1805904752576224,1.2713772357342308,1.2499922756366737,1.1210172461819916,1.351667986023114,1.1644962890748534,-0.19293164694684828,-0.024995796621877675
2023-01-04,1.0557902080998145,1.2983871103020674,1.0876753495803555,1.2474214007897673,1.1868215582382402,1.108148036231045,1.3313838340023638,1.1313998304339024,-0.2755936259025493,-0.03299672370029638
2023-01-05,0.9940619753254314,1.1954124631589618,1.0325027440957701,1.1596782441073292,1.1502638429351177,1.0601586801484593,1.3076334290498612,1.115324801389725,-0.31357145372442985,-0.11222096589089947
2023-01-06,1.0616320975589615,1.339069667884013,1.0929195017422941,1.2818582353113315,1.1903351414898335,1.126617692409461,1.335017288902255,1.2407379243539707,-0.2733851913432934,0.004052378981758142
2023-01-09,1.396987278546356,1.2637180849993597,1.398821848628611,1.2179749370318214,1.4048581371260394,1.0921953658292638,1.350150681604555,1.2255605708523847,0.04683659694180098,-0.08643259660519531
2023-01-10,1.234323863033566,1.1721879075581239,1.249406172906218,1.1397686982323783,1.2979286342943517,1.0490732478335192,1.3473571095982746,1.2269452491273845,-0.11303324656470859,-0.17516920204015074
2023-01-11,1.1304655929670075,1.0825837776012825,1.1549740244920852,1.062510560268425,1.2323887289971975,1.005315937712354,1.339861988186064,1.2167171152036067,-0.2093963952190565,-0.2572782105847815
2023-01-12,1.1458543002756547,1.0154345411919035,1.1689091405990195,1.0041225306848613,1.2419479802224593,0.9714109499624716,1.3525599503993089,1.2067246709685877,-0.20670565012365416,-0.3371254092074054
2023-01-13,1.0256296766132134,0.9365665091753032,1.0606615451892036,0.9349608501394453,1.1688272403830957,0.9302299018857711,1.1776410922529246,1.2016439641481307,-0.1520114156397112,-0.24107458307762142
2023-01-17,0.9257549758317072,0.8669868100754455,0.9720240201382744,0.8733756587848563,1.1111076593417326,0.892540556722123,1.1391569849865204,1.051786294592051,-0.21340200915481322,-0.27217017491107487
2023-01-18,0.8397819600911698,0.8455400537589559,0.8969436098462185,0.8542779275692155,1.0639873672605327,0.8806425733848512,1.1105021265507382,1.0817796607761299,-0.2707201664595684,-0.2649620727917823
2023-01-19,1.0952640173918584,1.1600657482930739,1.1231803440151573,1.1293584813991522,1.2107348195357457,1.0432466582062456,1.101245323308255,1.076470285070024,-0.005981305916396673,0.058820424984818764
2023-01-20,1.0474517734567836,1.2164439527607047,1.0801965896047858,1.1776686123014397,1.1818221191885074,1.0701113694544147,1.111017581840819,1.1442266855085053,-0.06356580838403536,0.10542637091988571
2023-01-23,1.2488326058192747,1.1465550549938808,1.262664583002717,1.117740768141613,1.307266354873033,1.0367192534693002,1.1208751080387063,1.1287282728345136,0.12795749778056842,0.025679946955174504
2023-01-24,1.222312753818254,1.0706108649222863,1.2384416516767804,1.0521316851110478,1.2902305921185195,0.9993436639461825,1.1085843874172103,1.0656941085862983,0.11372836640104378,-0.03797352249492403
2023-01-25,1.086477754232978,1.0113201282126938,1.1152635236043364,1.0005304844913503,1.2053776221010903,0.9693001485942142,1.0613857737039563,1.0638545141600988,0.02509198052902173,-0.05006564549126247
2023-01-26,0.9668717109070548,0.9312416992789884,1.0083506957972002,0.930267316624296,1.1345065716473617,0.9273925743239303,1.0730517712115144,1.070391671558641,-0.10618006030445959,-0.14181007193252604
2023-01-27,0.9866689545005919,0.877597934430716,1.0259261507100903,0.8828040008416234,1.145957775251044,0.8983767280560259,1.080588897110755,1.007047311248223,-0.09391994261016301,-0.2029909626800389
2023-01-30,0.8843048076205416,0.8110655020833453,0.9356659461492125,0.8234593082569088,1.088071726646989,0.86121952728739,1.0847358917686865,1.0124851464319202,-0.2004310841481448,-0.2736703896853412
2023-01-31,1.0181416836959527,1.0434422800119139,1.0539711427700391,1.02852942350755,1.1643984183334857,0.9856754361587965,1.0634292051921368,1.0421574342934106,-0.04528752149618409,-0.019986925180222936
2023-02-01,1.114128132742532,0.9483826578479395,1.1395439804447303,0.9450761627980097,1.219674413958023,0.9353480757941499,1.0998722247465471,1.040343746329952,0.014255907995984973,-0.1514895668986076
2023-02-02,1.090944097435406,0.8916648815006719,1.1186127600826123,0.8949660493437884,1.2054326147534737,0.9048177744315432,1.0865474869281264,1.0643974050885685,0.004396610507279686,-0.1948826054274545
2023-02-03,1.1618177858205905,0.8494072896799573,1.1827560002509665,0.8573904088220394,1.2493733255291588,0.8814837547203712,1.1155032416798498,1.0584084120321904,0.046314544140740654,-0.26609595199989255
2023-02-06,1.165851790913606,1.025501030095959,1.1864203520954597,1.0126557106365204,1.2519094986227894,0.9755377351834467,1.1180826297919766,0.9868842633401521,0.04776916112162932,-0.09258159969601754
2023-02-07,1.086554900871678,1.0739949788378225,1.1146560084908945,1.0548460071141474,1.2027513651169228,1.0000972800174392,1.0779769410536308,1.0093926547149166,0.008577959818047098,-0.003981962215808377
2023-02-08,1.1225724034954576,1.008261977214027,1.1471804555955443,0.9976019738695959,1.2248941877393962,0.9666783371157713,1.0628584439309676,1.054862707051306,0.05971395956448999,-0.05459646671694052
2023-02-09,1.1432023088251364,1.167711799300066,1.1658643198993004,1.1357623594087252,1.2377175506827638,1.046150830256402,1.1065447493431995,1.0553166206044005,0.03665755948193694,0.061167049956866615
2023-02-10,1.111158385129755,1.2532479988055243,1.136859915981011,1.208955414927816,1.2178427672393772,1.0867148078250655,1.1017452337114237,1.0542934152604797,0.009413151418331323,0.15150276509410054
2023-02-13,0.9914218978609475,1.1446949031687972,1.0294107196367974,1.1159617702032942,1.145887070575478,1.0350031841468428,1.082193975835599,1.078160996598704,-0.09077207797465148,0.06250092733319823
2023-02-14,1.0213253187050761,1.0680738287644442,1.0560937873753309,1.0497066365492274,1.1634945955537832,0.9971263914249926,1.0799770537393247,1.0761833558168858,-0.05865173503424859,-0.0119032249748805
2023-02-15,0.9145207131063605,0.9978923990565334,0.9613396087511304,0.9885324711145997,1.1018331549104656,0.9613155400622776,1.0829034355217437,0.9918426137694555,-0.1683827224153832,-0.08501103646521035
2023-02-16,0.8291821906545797,0.9204069740395482,0.8869014218236805,0.920404668592257,1.0552274389295933,0.9203978386651558,1.1006550713607135,1.036809416999401,-0.27147288070613385,-0.1802480973211653
2023-02-17,1.0192921455414685,1.1643615800416067,1.0542761210306744,1.1328831386330205,1.1622894194670104,1.0445345891571591,1.0938345380183603,0.9704524342279606,-0.07454239247689176,0.07052704202324644
2023-02-21,0.9242656193287407,1.122306709899196,0.9699179932600608,1.096657461869186,1.1073130015046346,1.0240602646981751,1.0948338132160433,1.0506154169138038,-0.1705681938873026,0.02747289668315256
2023-02-22,1.2923906873990083,1.4957111402492573,1.3019950240391667,1.4134093703144974,1.3332025289174678,1.1952249166584272,1.0868089959962839,1.0507721137030464,0.20558169140272442,0.40890214425297344
2023-02-23,1.149231041866652,1.3921732467813517,1.1713315134827222,1.32661490318364,1.2414836772590414,1.1499647677143376,1.1272429619157467,1.057970083547254,0.021988079950905348,0.264930284865605
2023-02-24,1.042570037346791,1.2732074808956622,1.075115488073123,1.2259495419691993,1.1761557010605623,1.0959943410325708,1.1100643622825628,1.0515002185305735,-0.06749432493577179,0.16314311861309938
2023-02-27,1.0779431024474204,1.388913812346163,1.1068983459178194,1.3238706107470182,1.1975047721142091,1.1485151458074883,1.1241116621042964,1.053635488095204,-0.04616855965687594,0.2648021502418667
2023-02-28,0.9679772493404034,1.266444292221101,1.0085704536769853,1.2201946542349837,1.1322642198355635,1.092857585535094,1.1169969731251714,1.0201261540858924,-0.14901972378476802,0.14944731909592956
2023-03-01,0.8933215286058916,1.190553209633637,0.9412489071625708,1.1560006882779479,1.0838436543095369,1.0593336757738634,1.0963654863497165,0.9574997691617994,-0.2030439577438249,0.09418772328392055
2023-03-02,0.8339446363133229,1.1708204246756868,0.889562227825301,1.1390513046003081,1.051730023797533,1.0498315903189461,1.1040962595747346,0.9407461349646192,-0.2701516232614116,0.06672416510095225
2023-03-03,0.8200100923683474,1.0838923706318089,0.8775284221003029,1.063980323788963,1.0443776084216894,1.0070643479138288,1.0643025317279367,0.9543196599957057,-0.24429243935958922,0.019589838903872225
2023-03-06,1.0214640812346065,1.0258065889030796,1.0546754993885115,1.0134291792859609,1.1570615555702555,0.9776003391390284,1.0425810373624917,0.9305058062084218,-0.021116956127885222,-0.016774448459412117
2023-03-07,0.9137681802486616,0.9394674810292424,0.9591877309258281,0.9376657645327013,1.0951824443838576,0.9323438434409962,0.9962956095353254,0.9797496054206045,-0.08252742928666379,-0.05682812850608299
2023-03-08,1.1189104772166936,1.218852036662466,1.142270947419919,1.1802510425373305,1.2158380174652976,1.0728348566616197,0.9892655229106542,0.9230044552010169,0.1296449543060394,0.22958651375181183
2023-03-09,0.9977078458624695,1.1125015204994007,1.033480499128622,1.0887618251031725,1.1431166146740668,1.021308526842305,1.012871043262611,0.9763441663717128,-0.015163197400141382,0.09963047723678975
2023-03-10,1.2730573273302228,1.4415235280362215,1.2825692170740404,1.3689097476374523,1.3133236534393855,1.174405921437872,1.0361251724521743,1.004509372422688,0.23693215487804853,0.40539835558404724
2023-03-13,1.3375073516325684,1.6157716996197757,1.3417241022312172,1.5141626946870206,1.3554804959414926,1.2489227953124402,1.0625924521481886,0.9981545640774451,0.27491489948437975,0.5531792474715871
2023-03-14,1.1896277077522024,1.4972192715651529,1.2064044207376585,1.4155486197151457,1.2599319918399117,1.1986543479849838,1.1329603170152474,1.0390992719142764,0.05666739073695504,0.36425895454990553
2023-03-15,1.281585253389159,1.3908665441921673,1.2903816719767829,1.326308160074788,1.3188582365370478,1.1519734496244138,1.179599431383786,1.0408606957505204,0.10198582200537287,0.21126711280838117
2023-03-16,1.1841845585849982,1.3949556200321431,1.2014532118656702,1.3297536065700237,1.2564984771712555,1.1537980415108162,1.1894424241439128,1.129251579047259,-0.0052578655589146095,0.20551319588823036
2023-03-17,1.3046148434030442,1.3034175655082905,1.3115022529047737,1.252335442924488,1.3338717562554459,1.1123425359984616,1.1964656771917503,1.1187551380474472,0.10814916621129389,0.10695188831654012
2023-03-20,1.2971693151255475,1.4357652340543414,1.3046702845311637,1.3640760066628193,1.329007207147328,1.1718744782532247,1.1632023956015924,1.148643410326331,0.133966919523955,0.272562838452749
2023-03-21,1.2196623826207347,1.3214225567303837,1.2337657606118546,1.2676117537221159,1.2789905400838102,1.1206000615361384,1.1819413715473654,1.102778882188212,0.037721011073369226,0.13948118518301822
2023-03-22,1.2232175018408622,1.228799026875226,1.2370089221977487,1.188759389223247,1.2812588440316768,1.0775461133433157,1.2082194668265969,1.1691540763077943,0.014998035014265332,0.020579560048629153
2023-03-23,1.3735792276854935,1.5000842595127506,1.3749381583221332,1.417942207772975,1.3793917475777633,1.199890345107864,1.2489042736390952,1.1636394885039953,0.12467495404639828,0.2511799858736554
2023-03-24,1.2190106325887278,1.3624450504305803,1.233171301468311,1.3023275179856324,1.27857497877824,1.1392225099729367,1.2241681902230641,1.149653899729299,-0.0051575576343363405,0.13827686020751617
2023-03-27,1.1148412315742997,1.2501247670733895,1.1385939384201127,1.206973888836834,1.2133358438410682,1.0875878955228167,1.2062758562980997,1.1478560286821977,-0.09143462472380004,0.04384891077528974
2023-03-28,0.9946889963561637,1.1406415033068629,1.0307920878412893,1.1130647540442835,1.1413560232430724,1.0351553340177377,1.17461153597534,1.1458216099046956,-0.17992253961917626,-0.03397003266847709
2023-03-29,0.9025262511032821,1.0955161767210475,0.9493163148528765,1.0740580277092746,1.0889310177924065,1.0128723647558617,1.1947297760520375,1.1848552658954754,-0.29220352494875534,-0.09921359933098994
2023-03-30,1.02954605009933,1.0326528707720737,1.0619014727985192,1.019404347251149,1.1618415744088202,0.9811123982556509,1.2011827233618368,1.1799100693792834,-0.17163667326250676,-0.16852985258976316
2023-03-31,0.949448637330799,0.9572022699523387,0.9906464883141918,0.9532920013549108,1.115293517485162,0.9417914478514967,1.1942943489982738,1.1678278780182876,-0.24484571166747482,-0.2370920790459351
2023-04-03,1.0496237420205003,0.8666542818316322,1.0800987151926102,0.8727132344629097,1.1749388703455161,0.8910186280065676,1.1798796259212996,1.169705657833654,-0.13025588390079923,-0.3132253440896674
2023-04-04,0.9485156637702937,0.8053288657372313,0.9899237860132055,0.8177962386138342,1.1155465508199034,0.8560997229826174,1.1763165816105898,1.1162836724824954,-0.2278009178402961,-0.37098771587335855
2023-04-05,0.9029509777228026,0.8671458786420148,0.9497384693778878,0.8731516229847034,1.0897883274068914,0.8912939155410649,1.166832320721913,1.1200238280506198,-0.26388134299911026,-0.29968644207989814
2023-04-06,0.8294697278654025,0.861051126525639,0.8856543978658352,0.8677145257616345,1.0497236776392085,0.8878758992881821,1.167559346220737,1.0181122979455641,-0.33808961835533446,-0.306508219695098
2023-04-10,0.76446652970116,0.8005202565974553,0.8298507108680891,0.8134703186206216,1.0159490684401136,0.8533113246458975,1.135339717640239,0.9382754764481145,-0.3708731879390791,-0.3348194610427838
2023-04-11,0.6966781668260679,0.7400876476740164,0.7727458059496508,0.7588436040522523,0.9825768744554014,0.8175938760513637,1.1030467395638095,0.9346639626580434,-0.40636857273774163,-0.36295909188979314
2023-04-12,0.6405354656032863,0.6917636839550183,0.7264782242418021,0.7147952391365864,0.956506711399202,0.7880663584114747,1.0349321775636864,0.894451816522929,-0.39439671196040005,-0.3431684936086681
2023-04-13,0.636203253985567,0.7352741029273032,0.7229523769263556,0.7544710559442293,0.9545578430047085,0.8146928162993837,0.9662795512943005,0.9029198246838067,-0.33007629730873356,-0.23100544836699732
2023-04-14,0.8221415661602178,0.7087329002317703,0.8793184133975244,0.7303019577291466,1.04583457569027,0.7985390002667465,0.9190528391255965,0.8460272660700761,-0.09691127296537871,-0.21031993889382627
2023-04-17,0.7607995292203188,0.7164131785732785,0.8267311540073257,0.7373062967986699,1.014093839400601,0.803241363318315,0.8837904250011642,0.7795974195359318,-0.12299089578084543,-0.16737724642788576
2023-04-18,0.7049905028565682,0.6702468003582867,0.7796801724480156,0.6950699744247689,0.9865610503070917,0.7746174173520487,0.8703650757243051,0.7652958057246475,-0.16537457286773694,-0.20011827536601845
2023-04-19,0.6469468097514632,0.6222711654285318,0.7317085222851364,0.6508237241448454,0.959407796044321,0.7439033128136285,0.8740951344563218,0.7257948858279898,-0.22714832470485857,-0.25182396902779003
2023-04-20,0.6005812442825088,0.5940389601982782,0.6942289492094138,0.6246049717634133,0.9388901429249785,0.7253236897349761,0.862824481258724,0.6001845985324881,-0.2622432369762152,-0.26878552106044584
2023-04-21,0.6328814450674559,0.6796880082896763,0.7202534805672614,0.703733838554796,0.9530697919658006,0.7805424047491866,0.7964336701881138,0.6013187039284219,-0.16355222512065792,-0.11674566189843749
2023-04-24,0.5870863914007796,0.631045187710589,0.6834802788405681,0.6589440299077504,0.933125135575239,0.7495989400097682,0.7153242859811688,0.5937364471183143,-0.12823789458038926,-0.08427909827057978
2023-04-25,0.549541201933528,0.5877939675250383,0.6539998086483934,0.6187863105877752,0.9175985093015774,0.7211599375934143,0.7018778713423376,0.7185570184529398,-0.15233666940880963,-0.11408390381729927
2023-04-26,0.9390630386625416,0.9646254981437226,0.981561728548167,0.9595407649575435,1.110148486897793,0.944548780500373,0.6943768307042711,0.724952261326162,0.24468620795827045,0.2702486674394514
2023-04-27,0.8768783285697314,0.9800067395606153,0.9268912069633565,0.9730783332196793,1.075356452702903,0.9527236840524612,0.7106067087898402,0.7833587471797558,0.16627161977989113,0.2694000307707751
2023-04-28,1.1800687367648657,0.9418309176940671,1.198059522928948,0.9394328679415196,1.2555194502641178,0.9323238406004059,0.6703181036009632,0.7935586374860916,0.5097506331639025,0.2715128140931039
2023-05-01,1.1059923975059776,0.8582306026220097,1.129012026225828,0.8654100566033275,1.2008647007631434,0.8870161080920946,0.6561990380858745,0.738116373950321,0.449793359420103,0.20203156453613513
2023-05-02,0.9915830242103238,0.8220563455874798,1.026693674174786,0.8331154535312357,1.1334365318236372,0.8667315418206967,0.6885424339937968,0.7811754018406444,0.3030405902165271,0.13351391159368298
2023-05-03,1.0522429090845922,1.016605897333786,1.0807629626531714,1.0050213379569926,1.168756702001028,0.9714975564911901,0.7130146723933843,0.7866680508234477,0.33922823669120783,0.3035912249404016
2023-05-04,1.0073877894767376,1.0820003220029801,1.040738843364455,1.0619056876167805,1.1425408125799208,1.0045839457024814,0.709354074210366,0.8005725516751753,0.29803371526637157,0.3726462477926141
2023-05-05,0.9754256729913461,1.143796229932763,1.012368171767026,1.1152912059039433,1.1242035749412216,1.0350090366201752,0.7442186187931408,0.8995332100597355,0.2312070541982053,0.3995776111396223
2023-05-08,1.19127589531539,1.0807543712236696,1.2061251230062966,1.0608257078477388,1.2532253828626143,1.0039623468281227,0.7372165793887588,0.8994236588923875,0.45405931592663107,0.34353779183491073
2023-05-09,1.0614196841622392,0.9958160181620316,1.0889793594243222,0.9868484389689899,1.1741864923735,0.9607738047206016,0.7242278501165416,0.9057525770017449,0.33719183404569764,0.27158816804549
2023-05-10,0.9801153341500966,1.0114887982484035,1.0165226217575771,1.000552430264742,1.1268755764556249,0.9688675644824273,0.7679655201994633,0.9053584064453972,0.21214981395063326,0.24352327804894025
2023-05-11,0.8974708431565056,0.935706637010402,0.9437685995686702,0.9340519431957648,1.0807754151219333,0.9291709687710807,0.758324854223483,0.856130003212315,0.13914598893302266,0.17738178278691907
2023-05-12,0.8186803775323017,0.9052886722656528,0.8754550352419446,0.9071847235138498,1.0389373807371935,0.9128205854260465,0.7620515696261894,0.8549123162799309,0.056628807906112355,0.14323710263946343
2023-05-15,0.7498274846785528,0.8697963242199794,0.8167997773460581,0.8757015216300901,1.0042704477205573,0.8934176912114918,0.7496370344242591,0.8546050468917353,0.00019045025429365037,0.12015928979572033
2023-05-16,0.695497895661972,0.8070400126031955,0.7713561786638589,0.8196611591358994,0.978293148619752,0.8581901241030087,0.7495527902035711,0.8668865604544822,-0.054054894541599174,0.05748722239962434
2023-05-17,0.7288854387541513,0.8950824237175504,0.799186953136574,0.8981463779948289,0.994106918330764,0.9072776863395753,0.7670366310722077,0.9112329423192954,-0.038151192318056304,0.12804579264534277
2023-05-18,0.8446385221353129,0.8471237692611285,0.8978336673662318,0.8555116560107446,1.052477672220469,0.8808308281188957,0.7590356805838677,0.9246124056735928,0.08560284155144515,0.08808808867726081
2023-05-19,0.864653659199525,0.7992593341699485,0.9151772284860208,0.8126783660771337,1.0630840780824011,0.8537354800825926,0.7370244795523448,0.9260958017318612,0.12762917964718012,0.062234854617603697
2023-05-22,0.7892438194532342,0.7781188793780383,0.850246316418954,0.7936654098298759,1.0238883289515768,0.8415295938098459,0.737317858093955,0.9261075631144099,0.05192596135927918,0.04080102128408325
2023-05-23,0.7185988377043351,0.7234774630780314,0.7905786715628734,0.7442380996215471,0.9891829115753825,0.8092499321189828,0.7553888415382686,0.8863957389592805,-0.03679000383393349,-0.03191137846023717
2023-05-24,0.8652996612516876,0.9343012000221143,0.9157382297058612,0.9328128391449029,1.063428760671578,0.9284209829585626,0.7466843604371207,0.8982830762759026,0.11861530081456684,0.18761683958499353
2023-05-25,0.867885167292705,1.018548012793014,0.9179842859777234,1.0067167536475978,1.0648097464692146,0.972494124631688,0.7666677327570832,0.8049381275051204,0.10121743453562182,0.25188028003593077
2023-05-26,0.862682525294929,0.9499591166146122,0.9134659217885727,0.946605423842874,1.0620332560776802,0.9367472996169546,0.7565506722827035,0.8338508163408325,0.1061318530122255,0.19340844433190874
2023-05-30,0.957189783205483,0.8976312621963379,0.9962416525140012,0.9004046755209265,1.113875579478572,0.9086646604734508,0.7643424912817567,0.8331140593895697,0.1928472919237263,0.13328877091458124
2023-05-31,0.8608764348712421,0.8308001947763392,0.9118985217161741,0.8409364891163198,1.0610716144359675,0.8716718684339164,0.7737033906423879,0.7992918537091654,0.08717304422885419,0.05709680413395124
2023-06-01,0.832307346610161,0.8565247943608608,0.8856490491379417,0.8635523839848509,1.0392936982410135,0.8846553959496585,0.7563994489045869,0.7996135088787856,0.07590789770557416,0.10012534545627394
2023-06-02,0.8522080030613319,0.8068411655682756,0.9028180286008575,0.8191956631100799,1.04964113458374,0.8568156532339127,0.746813555285158,0.8194977515110835,0.1053944477761739,0.06002761028311754
2023-06-05,0.9902387047887642,0.7720125675755517,1.023731190447793,0.7879103530803602,1.1250442810532224,0.8368218190303497,0.7437185160442732,0.737548086904871,0.246520188744491,0.028294051531278508
2023-06-06,0.8984959565030949,0.7629691704223598,0.9430311275131169,0.7797601106003496,1.0742428384004976,0.8315621400627977,0.7043087800124314,0.736798235352506,0.19418717649066353,0.05866039040992843
2023-06-07,0.8134845305949245,0.7091081196428466,0.8694819150771914,0.7309777867486624,1.0296392295150474,0.7996162278550479,0.7083203755562537,0.7329482167943674,0.10516415503867083,0.0007877440865928786
2023-06-08,0.7653997695768511,0.7384190991223943,0.8285274997443767,0.7575769384249539,1.005586718784994,0.8171356830902431,0.7084785474760343,0.7363277655456214,0.05692122210081674,0.029940551646360003
2023-06-09,0.7380090832935419,0.6944908157489208,0.8054430865817629,0.7176648085074979,0.9922967135655807,0.7907535529165178,0.6642057271721508,0.731255925719771,0.0738033561213911,0.030285088576770036
2023-06-12,0.6770768869027837,0.6468708441709565,0.754824064685432,0.6740610837197583,0.9638758164572601,0.761261786974353,0.6615780212479265,0.7422699814342284,0.015498865654857141,-0.014707177076970002
2023-06-13,0.7289988504158994,0.6180416171919417,0.7978916892521911,0.6474809955871788,0.9879928841238721,0.74291515350855,0.642931556548866,0.747355846584525,0.08606729386703338,-0.024889939356924295
2023-06-14,0.7178776995084973,0.5872406077740681,0.7886014678399326,0.6189212042797139,0.9827282120368631,0.722868366619441,0.6572288136596669,0.7147350377010119,0.060648885848830436,-0.06998820588559884
2023-06-15,0.6590396454565235,0.5489968437681477,0.7400571135184422,0.5832130776736802,0.9557810161887258,0.697283991450294,0.6770923921391884,0.7164299241213877,-0.018052746682664877,-0.12809554837104065
2023-06-16,0.8058076284217923,0.5362694032781474,0.8629091465042539,0.5712654604661063,1.0257394985966564,0.6885869203060099,0.6647153073894704,0.7143193110773385,0.14109232103232194,-0.12844590411132295
2023-06-20,0.758529265709268,0.5835256759870918,0.8227195300887818,0.6154648502771407,1.00222434672152,0.7204178063816516,0.674049751784024,0.7300883969042343,0.084479513925244,-0.09052407579693222
2023-06-21,0.7467454043194017,0.6653767875261898,0.8127852910390307,0.6910496185467353,0.996502116901596,0.7728389221648466,0.6732846984608233,0.7481709375266815,0.07346070585857845,-0.0079079109346335
2023-06-22,0.7364610605309293,0.7358087888888314,0.8041441682175907,0.7552132373629533,0.9915548578798848,0.815588748419176,0.671486282828666,0.6790865971610546,0.06497477770226334,0.06432250606016543
2023-06-23,0.6861110064537385,0.6874717534490453,0.7622596483371249,0.7112603946205384,0.9679861847189728,0.786466990402532,0.6797888950183156,0.681602118605319,0.006322111435422828,0.007682858430729689
2023-06-26,0.7419152484133636,0.8113783483782167,0.8087234715920073,0.8232594305950321,0.9941731048937131,0.8593904939254398,0.6776876906484697,0.6837964421867122,0.06422755776489397,0.13369065772974698
2023-06-27,0.716078525786091,0.8422984020711559,0.7871017221071144,0.8508829792151971,0.9818814761012075,0.8767622987226534,0.6531139352573778,0.6688727705132149,0.06296459052871317,0.1891844668137781
2023-06-28,0.8032049311672512,0.7969433009001375,0.8606836266164555,0.8103212050710296,1.0244224245112272,0.8511751710534445,0.6460570764851588,0.6687140221089398,0.15714785468209247,0.1508862244149788
2023-06-29,0.7307137642403783,0.738676513361587,0.7993272721014244,0.757809980181144,0.9888093945025229,0.8172880953450943,0.6320722038619605,0.6449093788515139,0.09864156037841776,0.10660430949962652
2023-06-30,0.6843512884029296,0.6906804777557967,0.760809295483978,0.7141890850362116,0.967182646385718,0.7884290804082705,0.6387643680685046,0.6595691616456423,0.04558692033442502,0.0519161096872921
2023-07-03,0.8028571127106203,0.6364234728451866,0.8592915218827144,0.6640502482036394,1.0196542812616858,0.7529478986565744,0.6139699718995054,0.5997634661010189,0.1888871408111149,0.022453500945681215
2023-07-05,0.7306619875432065,0.5933777178223053,0.7982308234146529,0.6242434010307535,0.9843837842698597,0.7252155953247502,0.5989542792672964,0.5983590887255289,0.13170770827591016,-0.005576561444991079
2023-07-06,0.6785401750684139,0.5943749622416269,0.7550012902411055,0.625169355998029,0.9602696835551378,0.7258684398867205,0.6247317135731036,0.6378416831380809,0.05380846149531027,-0.03035675133147675
2023-07-07,0.7432335569123082,0.7374336801366733,0.8087713868078581,0.7562625953229252,0.9903742803525964,0.8147919895585596,0.6466608376996288,0.6343227685534203,0.0965727192126794,0.09077284243704453
2023-07-10,0.6980235682987878,0.7442781594129315,0.7710674075893436,0.7624550479657557,0.9691444300026003,0.8188356389450677,0.639697854981828,0.6261506384069216,0.05832571331695979,0.10458030443110355
2023-07-11,0.6469450931401287,0.6931181848344604,0.7292069968420266,0.71600229988363,0.9462455970127742,0.7881775156652807,0.6406955827080596,0.6358745843311968,0.006249510432069116,0.05242260212640082
2023-07-12,0.6501964803928562,0.6546520175564564,0.7318458440868232,0.6808109621545603,0.9476673251308133,0.7644282650990031,0.6698663164207997,0.6300187501756754,-0.019669836027943588,-0.015214298864343334
2023-07-13,0.6855617753727825,0.6233452394502532,0.7607778743006623,0.6519904691987926,0.9634484745366356,0.7446169094367222,0.6751023695823256,0.636264625460024,0.0104594057904569,-0.05175713013207239
2023-07-14,0.709273943827924,0.594918469086856,0.7803964138127679,0.6256739327294284,0.9743454812255825,0.7262240317803846,0.6771335381500105,0.6382299544688855,0.03214040567791343,-0.08221506906315457
2023-07-17,0.6555449064892621,0.5787063671605949,0.7361946420592157,0.6105995684001876,0.9500168482121887,0.7155514638923413,0.6564135593874932,0.5883406163003575,-0.0008686528982311259,-0.07770719222689837
2023-07-18,0.6186250923288694,0.5457877377417011,0.7063839894886367,0.5798367275268497,0.9340762355692299,0.6934447388711446,0.6372359216904603,0.5942849114016364,-0.018610829361590864,-0.0914481839487592
2023-07-19,0.6494176914650928,0.5238371185409401,0.7312134375070632,0.5592030817766711,0.9473263309803406,0.6783581165609862,0.6254304737495407,0.5720147679111159,0.02398721771555201,-0.10159335520860069
2023-07-20,0.6052295623974026,0.493624540734016,0.6956948832287653,0.5306358244962667,0.9284566242058367,0.6571044419607762,0.6137697110262564,0.5829272161917798,-0.008540148628853883,-0.12014517029224042
2023-07-21,0.6625639378376886,0.6218078045545606,0.741916610123428,0.6505708216797932,0.9531205415000366,0.7436322379598597,0.6138475803269874,0.5830961068764394,0.04871635751070125,0.007960224227573254
2023-07-24,0.6143305540994447,0.5909964999672062,0.7029494043936348,0.6220316688646592,0.9322649231046704,0.7236546716727134,0.6150472888526443,0.5421899814317467,-0.0007167347531995549,-0.0240507888854381
2023-07-25,0.5960713782468184,0.5588588726189243,0.6884286315097625,0.5920772072453305,0.9246662905196121,0.7022948830893754,0.5828468431698106,0.5204331055085479,0.013224535077007826,-0.023987970550886306
2023-07-26,0.5644800286655942,0.5263661322836863,0.6636396877931948,0.5615854561510625,0.9119212443859879,0.68011106757206,0.5803943129480025,0.4856717502110951,-0.015914284282408264,-0.05402818066431614
2023-07-27,0.5333190208457964,0.5017623803363219,0.6396447722667192,0.5383501802671944,0.8998667932638428,0.6628872242373524,0.6199294967400444,0.5234743148934162,-0.08661047589424797,-0.11816711640372246
2023-07-28,0.6131455738469409,0.6286109975045946,0.7020029784016758,0.6568496968313476,0.9317667372804603,0.7479809245936302,0.6520323350525756,0.5512476847924389,-0.03888676120563472,-0.023421337547981036
2023-07-31,0.7014306828891963,0.6033455030598218,0.7738887343441295,0.6334904730881955,0.9707136938174681,0.7317182923134486,0.6529718776355417,0.5025394788787997,0.048458805253654647,-0.049626374575719834
2023-08-01,0.64532794555941,0.5418356524717924,0.726134851493266,0.575278585882684,0.9390381168766426,0.686998373618224,0.635292667990406,0.5124009976361579,0.01003527756900402,-0.09345701551861352
2023-08-02,0.6227472995684882,0.5764244950142132,0.7079131086371683,0.6076075841438087,0.9293379746832646,0.7102739933228389,0.6647888713317731,0.6157311398647708,-0.042041571763284935,-0.08836437631755989
2023-08-03,0.893583058773062,0.8909005918138482,0.9359044818938101,0.8926655309221904,1.0600008163248498,0.8979161473630365,0.6756300620679563,0.5883528886816555,0.2179529967051057,0.2152705297458919
2023-08-04,0.8256937580920656,0.8878876647270761,0.8771545453740544,0.8899976927141695,1.0245608408924238,0.8962798464817883,0.6744294982508545,0.596393747521818,0.15126425984121106,0.21345816647622162
2023-08-07,0.7897966083228802,0.9186847992232594,0.8464502706166203,0.9172184353727422,1.0064889000934876,0.9128868780019066,0.6555374641842389,0.6205004360716422,0.13425914413864137,0.26314733503902055
2023-08-08,0.8028211500957907,0.8609162481037097,0.8575592508210291,0.8660680241660688,1.012990132234982,0.8815160647368713,0.6931351807619284,0.6203041209014181,0.10968596933386232,0.16778106734178133
2023-08-09,0.7689215062722107,0.8912509979903852,0.8287243702898213,0.892975734676128,0.9962053622295991,0.8981062847361664,0.6922028475661394,0.6163524631504361,0.07671865870607131,0.19904815042424584
2023-08-10,0.7829978428838287,0.9673165770265606,0.8406662591015409,0.9599882204203031,1.0031210615208628,0.9385964550648221,0.6995126337868309,0.5876440232753645,0.08348520909699775,0.26780394323972967
2023-08-11,0.7143444354613381,0.8945463963729516,0.7828846714684292,0.8958923549354207,0.9701481065522771,0.8998927482948799,0.7034662278241887,0.5876370105132112,0.010878207637149417,0.19108016854876297
2023-08-14,0.6596570385608449,0.847109523979593,0.7377915929211729,0.8537847176422534,0.9453190188374149,0.8738758483885729,0.7027584439635008,0.5964093055316269,-0.043101405402655946,0.1443510800160922
2023-08-15,0.6458445981163955,0.7910466738055746,0.7265539175538959,0.8036633715198678,0.939262907755498,0.842244573872625,0.7123397867320006,0.6191796884116527,-0.0664951886156051,0.07870688707357398
2023-08-16,0.8305679438568546,0.9973290590881593,0.8813440359462085,0.9862575201272251,1.027051399525341,0.9541656561931094,0.7167793620155284,0.6278596785979599,0.11378858184132623,0.2805496970726309
2023-08-17,0.8429935924341876,1.074109012869074,0.8920451477205833,1.0530500655052086,1.033439196890585,0.9930395035185311,0.7254780939898015,0.6323271813892392,0.11751549844438614,0.34863091887927256
2023-08-18,0.8582312344983213,1.1471346554673578,0.9052077720042346,1.1160617634508414,1.041347204925708,1.028838755748252,0.743395745320547,0.6331347228560029,0.11483548917777431,0.40373891014681085
2023-08-21,0.7778377460542811,1.0521654376376093,0.8362833020702016,1.0340193955915353,1.000576905342314,0.9820641749021435,0.7542917688966034,0.6451320326535745,0.0235459771576777,0.29787366874100585
2023-08-22,0.7540723730892843,0.9756966708444942,0.816177614677171,0.9673325716845562,0.9889950192151865,0.9429658596069409,0.7580222150043998,0.6370677690750097,-0.003949841915115493,0.21767445584009437
2023-08-23,0.7088913955069924,0.9600707458464833,0.7783481802922265,0.9536319680870005,0.9676131162455693,0.9348043532635251,0.7646128638711502,0.699656831815393,-0.05572146836415781,0.1954578819753331
2023-08-24,0.8003360832740339,0.9022606270958788,0.8554368372112029,0.9027150170776829,1.0117447374496755,0.9040628586365977,0.7771357745581716,0.7460939817678091,0.023200308715862317,0.12512485253770722
2023-08-25,0.9948077269199526,1.145543584526933,1.0248702114051156,1.1146939584433455,1.1156114383806743,1.0280701738241307,0.7717519741256722,0.726265984327183,0.22305575279428036,0.37379161040126085
2023-08-28,0.936839690483542,1.0595774209400075,0.973742058763759,1.0404525961152469,1.0833819403901717,0.9857830763322053,0.7558575684501806,0.7448941026096233,0.1809821220333614,0.3037198524898269
2023-08-29,0.880110148165387,0.9819822717045217,0.9241803856644433,0.9728364769896709,1.0528421234317493,0.9462318312861042,0.7696232022615147,0.8254652839874552,0.11048694590387231,0.21235906944300698
2023-08-30,1.0054877140954508,0.9279015995196735,1.034337745366821,0.9253441075709801,1.1216552113608278,0.9178067907885058,0.7672702045266884,0.7705706262073663,0.23821750956876242,0.16063139499298518
2023-08-31,0.915075585699013,0.8606575852892958,0.9546683716784663,0.8658381138696397,1.071543604224874,0.8813734507696277,0.7452710163786298,0.7683592470592803,0.16980456932038324,0.11538656891066601
2023-09-01,0.8338107889394353,0.8003269185548949,0.8831089378744046,0.812129300950172,1.0241567660633193,0.8481408589141401,0.746031197895744,0.7610394630869353,0.08777959104369126,0.05429572065915089
2023-09-05,0.7592401076465192,0.7430065587436883,0.8196128769578631,0.7605142148152692,0.9872798132526324,0.8148632980329223,0.7202071392826045,0.7426489758475112,0.03903296836391468,0.02279941946108377
2023-09-06,0.7336157798623913,0.7858426879551794,0.7980918077037039,0.7991285945933244,0.9751081732470566,0.8398387436895072,0.7316015381784817,0.7516101610868244,0.0020142416839096233,0.054241149776697695
2023-09-07,0.7564140599112985,0.8750681082012101,0.8172312979372384,0.878791987853318,0.9859244016907015,0.8899219831108831,0.7188203528899553,0.73955886802035,0.03759370702134324,0.1562477553112548
2023-09-08,0.7150663250195487,0.8777657727597489,0.7826198844647316,0.8811853464525694,0.9664661818835385,0.8913985621304203,0.716661043335769,0.7403774394060135,-0.0015947183162202672,0.1611047294239799
2023-09-11,0.6583040088303361,0.8117532354091601,0.7358979744731409,0.8223659621456,0.9409470087735945,0.8546414238844662,0.6896724638884288,0.7547075344007595,-0.031368455058092715,0.12208077152073127
2023-09-12,0.6624812290021418,0.7617323928647644,0.7393017543839051,0.7774255417508166,0.9427758086491691,0.8258609177722108,0.6866760515430137,0.7549835870781804,-0.024194822540871908,0.07505634132175065
2023-09-13,0.6781145958181574,0.8270179995897529,0.7520911794398257,0.8360153239804972,0.9496907067671045,0.8632602111867602,0.6841747084611954,0.7051974074091056,-0.006060112643038074,0.14284329112855743
2023-09-14,0.626894257261162,0.765693046259518,0.7104975910415008,0.7809961767793165,0.9274565238248703,0.8281709528192371,0.6849172071097573,0.7028645999611937,-0.05802294984859535,0.08077583914976061
2023-09-15,0.6809215743016988,0.7241097800930425,0.7543957894371446,0.7433981292280422,0.9509439491229056,0.8036348517438743,0.6878244934020646,0.7387154628660618,-0.00690291910036589,0.03628528669097786
2023-09-18,0.8614079542020633,0.9500718501739406,0.906895346274284,0.9450250904544174,1.0383200756454607,0.9302246688226741,0.6781710885703176,0.7386818118769504,0.18323686563174568,0.271900761603623
2023-09-19,0.7814376242880591,0.8755516808085921,0.8383854938898361,0.8792210748914882,0.9980357997147364,0.8901868231239461,0.664004604907659,0.7298921447512323,0.11743301938040007,0.21154707590093313
2023-09-20,0.7258771041823394,0.8587386010994654,0.791625723045026,0.8642860609970567,0.971485267952282,0.8809387409957589,0.6570883772103787,0.7592620023238774,0.0687887269719607,0.2016502238890867
2023-09-21,0.8087135912728658,0.9938972709826349,0.861605624120265,0.9834416490059732,1.0115125052951512,0.9530954130971936,0.6733503900878917,0.8028868816204509,0.13536320118497414,0.32054688089474326
2023-09-22,1.0833615207783978,1.2863089900125577,1.1024090671510545,1.2351356107241571,1.1608748251350731,1.0951200896259459,0.6731027863492608,0.7452605295578005,0.41025873442913696,0.6132062036632969
2023-09-25,0.981522902124426,1.2262611701606585,1.0118912015565504,1.1840475558903172,1.1028727051301097,1.067281875563598,0.6576231688488138,0.7326658359912454,0.3238997332756123,0.5686380013118447
2023-09-26,0.896682337168549,1.1267071190781557,0.9374966614221718,1.098696221758602,1.056802324361079,1.0197030783206267,0.6479629805252033,0.7768529757608084,0.24871935664334566,0.4787441385529524
2023-09-27,1.0780490828846252,1.3506006603419942,1.0976591315457762,1.2895276354694531,1.1577826922624743,1.1242689233189764,0.6627642195814891,0.6812527129612629,0.4152848633031361,0.6878364407605051
2023-09-28,0.9669767182960607,1.2344444571965902,0.9990637680141189,1.1910266506279514,1.094819921034649,1.071112099507349,0.6653201623269456,0.6906962475568827,0.3016565559691151,0.5691242948696447
2023-09-29,0.8994471360636679,1.1367742853695337,0.9399039987068988,1.1073658826569033,1.058268344421736,1.0246002447640317,0.6990804207046015,0.6903587287126078,0.20036671535906636,0.4376938646649322
2023-10-02,0.826279373859792,1.0618783875793496,0.8759967924617158,1.0427931976456661,1.0173325147907004,0.9882302682952525,0.709529679928442,0.6847871405257172,0.11674969393135004,0.35234870765090764
2023-10-03,0.7538635766749695,0.9932764589523968,0.8145282727495221,0.9830413830042264,0.9819839714603821,0.9533277727854376,0.7310236840021951,0.7266140232361128,0.02283989267277442,0.2622527749502017
2023-10-04,0.9463172921822138,1.205224505952591,0.9801018901446876,1.1662352263834224,1.0799919023258504,1.0579523627080338,0.746313134868135,0.7555037062627024,0.20000415731407883,0.458911371084456
2023-10-05,0.90197223129132,1.1140765063278941,0.9413647928929574,1.0879554303895642,1.0562956910089816,1.0140944277220125,0.7456214868473652,0.7564557172772688,0.1563507444439548,0.36845501948052894
2023-10-06,0.8180357285032355,1.0392962454152612,0.8689422514860887,1.023175396939461,1.0132094919345345,0.9768593131098066,0.7887185269435801,0.8154962206792895,0.029317201559655337,0.2505777184716811
2023-10-09,0.8946028698170831,0.9747607813576108,0.934956938975403,0.9668331481083856,1.0524179302838381,0.9437184442666061,0.8028677314346252,0.8145862919332351,0.09173513838245795,0.1718930499229856
2023-10-10,0.8477697265970799,0.9075946014151148,0.8944500700281192,0.9077301472810888,1.0281950146057361,0.9081319177331558,0.8077073839006675,0.8230876183813519,0.0400623426964124,0.09988721751444729
2023-10-11,0.7947718224736185,0.8454892274984843,0.8491099321296169,0.8526256839521585,1.0017086096176924,0.8741282004370812,0.8105647105214421,0.8299327473671145,-0.015792888047823528,0.03492451697704224
2023-10-12,0.7398178201645046,0.7879329988684938,0.8027477753470834,0.8011353149274034,0.9753639644348501,0.8415698673950348,0.8300193627973437,0.8055123675443132,-0.09020154263283908,-0.0420863639288499
2023-10-13,0.7479681608909499,0.8624005185123014,0.8095775790011214,0.8676759645762756,0.9791956572040026,0.8834984980440974,0.8448096749044499,0.7721131311470717,-0.09684151401350005,0.01759084360785146
2023-10-16,0.7345124842707161,0.9046192862964079,0.7983112290761415,0.9051004801580059,0.9728843352064624,0.9065278646437136,0.8478319367059525,0.8155836048894564,-0.11331945243523633,0.056787349590455394
2023-10-17,0.8024937946581703,0.8522485305783498,0.855680140501772,0.8586453244483705,1.0055038161441265,0.8778837174188988,0.8744134552994816,0.815257412775423,-0.07191966064131128,-0.02216492472113174
2023-10-18,0.7327216701429146,0.7997450398416274,0.7968153397404365,0.8117372285196108,0.9720499465647294,0.8483389717126795,0.8818229774332961,0.8430019078038943,-0.1491013072903815,-0.0820779375916687
2023-10-19,0.9314713135603587,1.0428895688779853,0.96710052047652,1.0263003222973905,1.0719909792859947,0.9786762614887162,0.8965127031397723,0.7822013556332561,0.034958610420586456,0.14637686573821307
2023-10-20,0.9480038280584132,1.1431069819391604,0.9815808796176414,1.1129656180298104,1.0809050447165016,1.0282370602619788,0.8853765725220879,0.8250973528993897,0.06262725553632531,0.2577304094170725
2023-10-23,1.0430818104449466,1.306865811814983,1.0655591677980838,1.252718992656624,1.1337005415226102,1.105090036554953,0.9082414573007384,0.8157255060916069,0.13484035314420828,0.3986243545142446
2023-10-24,0.9442210372205936,1.2349210827957864,0.9782641656990162,1.1915880628512365,1.07885811788358,1.0719082286269945,0.9199939597264737,0.7740369546031571,0.024227077494119897,0.3149271230693127
2023-10-25,0.9040616587094507,1.1408420353137227,0.9431831980669693,1.1110170169612674,1.0573983327792897,1.027139665622849,0.9084964045627206,0.8361163475039423,-0.004434745853269972,0.23234563075100212
2023-10-26,1.0709767068691505,1.3524556703513855,1.090398855524506,1.2912525345359873,1.1496516996228927,1.1256812718463882,0.8980078599287686,0.8547593297497567,0.17296884694038184,0.45444781042261684
2023-10-27,1.1237224445433005,1.479679266052083,1.1375829262261774,1.3980030213968853,1.1803371079258391,1.181508277392894,0.9007172870352161,0.8567537249489622,0.22300515750808436,0.5789619790168669
2023-10-30,1.0354073369124244,1.4395830580031663,1.0587400949428258,1.3644790404615192,1.1293471671211974,1.1641616041026672,0.8978433756174055,0.911171427691347,0.1375639612950189,0.5417396823857609
2023-10-31,1.0559279983422278,1.329382883775006,1.0769880304958652,1.2717701475496561,1.1410217660575435,1.1153008940372788,0.8990310489160644,0.8797226939337076,0.1568969494261634,0.43035183485894146
2023-11-01,0.9789857030433743,1.1820022752653983,1.0081756339516392,1.1457813905021477,1.095261495275884,1.0449047782520822,0.878455168888504,0.8980877673873768,0.10053053415487034,0.3035471063768943
2023-11-02,0.9864999572239316,1.0994912975359232,1.0148021797793016,1.0748396480859317,1.099407211887808,1.0050358242965944,0.8901611933531963,0.9955371983184357,0.09633876387073526,0.2093301041827269
2023-11-03,1.207476395967936,1.0410718917530468,1.2123827346232123,1.024236872240839,1.2277481911690888,0.9759650348195035,0.8884957341499707,0.981370862461911,0.31898066181796525,0.15257615760307608
2023-11-06,1.141950399643448,0.9715765084095078,1.1533165976983248,0.9636049820946302,1.1884975026369227,0.9403813258268524,0.8345274217547938,0.9729108693721197,0.30742297788865414,0.13704908665471405
2023-11-07,1.0253722498660756,0.8977405329766182,1.049193926784465,0.8986276415419236,1.1211042449216226,0.9012596818630192,0.8224849334078221,0.9682174776994744,0.20288731645825342,0.07525559956879602
2023-11-08,0.9272147222727656,0.8326971398606983,0.9627279089101936,0.8408700155644628,1.0671470166423627,0.8655449297107498,0.8126356227189885,0.9641598158788042,0.1145790995537771,0.020061517141709784
2023-11-09,0.8385788202222615,0.7707382697689809,0.8858808684190689,0.7853595725377681,1.020971988502341,0.8303030471249357,0.8062735409702164,0.970721040004968,0.03230527925204507,-0.03553527120123556
2023-11-10,0.8565112676885966,0.8839686135049835,0.9013185437475432,0.8864403386195561,1.0301018434888425,0.8938001916073137,0.8130522701430368,1.0217080867565196,0.04345899754555982,0.07091634336194663
2023-11-13,1.0199761045648732,0.8427864456926413,1.0444089572444286,0.8498627238428975,1.1180677238859777,0.871167295540535,0.7958147703451296,0.9979155346092627,0.2241613342197436,0.04697167534751168
2023-11-14,0.9216062864544561,0.8080051584017647,0.9578274997283136,0.818807734381245,1.0641498872723862,0.8516506629817155,0.8325013418444986,1.0820318919378098,0.08910494460995744,-0.024496183442733965
2023-11-15,1.1744523946849055,0.7815599152684778,1.1825712324469895,0.7950913911368483,1.2078522150834001,0.8365502690838885,0.804089633894792,1.0240139549110905,0.37036276079011343,-0.022529718626314255
2023-11-16,1.0529102627271103,0.7272427544071072,1.073664197606531,0.7460807585948437,1.1367198886745582,0.8047742902416659,0.7896204307499645,0.9911275169196473,0.26328983197714584,-0.06237767634285729
2023-11-17,0.94662659545663,0.6768094813704976,0.9797249115329486,0.7001907567634977,1.0775951327747046,0.7742723060910316,0.7648092976966,0.9267785257838531,0.18181729776002997,-0.08799981632610243
2023-11-20,0.8553924063140897,0.6313701344021967,0.9003535990897783,0.6585021203862325,1.0295289431854953,0.7458773192554263,0.7637175019054728,0.9232244191200517,0.09167490440861692,-0.13234736750327614
2023-11-21,0.8359794559005074,0.6017412503081229,0.8836481585459506,0.6311311082231494,1.0196579260911243,0.726850711191312,0.7351416616546422,0.9285081310192267,0.10083779424586514,-0.13340041134651937
2023-11-22,0.7726660184831298,0.6151949805205961,0.8296927462799393,0.6435786436468677,0.9884122321817485,0.7355426785412816,0.7159918861486044,0.8282270711055904,0.05667413233452534,-0.10079690562800836
2023-11-24,0.7200500626523161,0.5802940915332082,0.7855583494258555,0.6112203618285506,0.963625499125676,0.7128064572073799,0.7036396585035896,0.7404640447810252,0.01641040414872652,-0.12334556697038135
2023-11-27,0.6627473249607356,0.5429381238943346,0.7383635913554523,0.5763326931049011,0.9379551368830031,0.6877584055174099,0.6906978892570512,0.7243736575132999,-0.027950564296315594,-0.14775976536271662
2023-11-28,0.6259408947125337,0.5547011952709335,0.7086104111220534,0.5873478780777621,0.9222470159506729,0.6957294391735351,0.6745334007717008,0.7112511310069923,-0.048592506059167095,-0.11983220550076723
2023-11-29,0.5841117137776632,0.5203715286191726,0.6754162481744096,0.55512218184411,0.9051840140312952,0.6722396343283071,0.65236258624822,0.7192947859890068,-0.06825087247055672,-0.1319910576290474
2023-11-30,0.5538001149982859,0.5128648414823367,0.6518283605432152,0.5480429827031635,0.8933697450605732,0.6670086723071311,0.6444244876663668,0.70317393591531,-0.09062437266808099,-0.13155964618403015
2023-12-01,0.5398275935366413,0.45914600761979457,0.6414992315356505,0.4963264616608411,0.8882854706848088,0.6250189489076288,0.6410325374550835,0.6094992494967292,-0.10120494391844215,-0.1818865298352889
2023-12-04,0.5612821817283611,0.44100678494331647,0.657967753098662,0.4789675419462548,0.896360498625142,0.6116238054709431,0.6520483825430505,0.620763924776301,-0.09076620081468945,-0.21104159759973407
2023-12-05,0.5980549411576983,0.5400874942746644,0.6866883717377209,0.5728575056127692,0.9107516705224513,0.6820125663317449,0.6448289286337121,0.6236256280132645,-0.0467739874760138,-0.1047414343590477
2023-12-06,0.562464726589587,0.5216256540245018,0.6588819063346406,0.5555271936373043,0.8968125723177023,0.6693815063913794,0.6534360589574801,0.6395056442231116,-0.09097133236789312,-0.13181040493297835
2023-12-07,0.575442291015327,0.5830284374333247,0.6689564140329927,0.6129038245427055,0.9018210135089405,0.7106411298907849,0.653926882126523,0.6506885124466042,-0.07848459111119599,-0.07089844469319828
2023-12-08,0.6218683042414902,0.5563654401980539,0.7055898715164002,0.5880804054665352,0.9204292621301163,0.6929847485427295,0.6507331584904594,0.6058548078443433,-0.02886485424896923,-0.09436771829240553
2023-12-11,0.6005487857721523,0.5269371543189989,0.6886571746813214,0.5605203832524456,0.9117521815206813,0.6730363768906173,0.6447142303576385,0.5303548680184608,-0.04416544458548621,-0.11777707603863963
2023-12-12,0.5789388218695273,0.4995571934222139,0.6716837799135597,0.5347168668604868,0.903185135467136,0.6540083418490503,0.6121988530290415,0.5264836739902767,-0.03326003115951426,-0.11264165960682765
2023-12-13,0.5699097232945708,0.47571094761441596,0.664652075383545,0.5121089161408712,0.8996752707289051,0.6370392479840009,0.6106579112061244,0.4428874514501578,-0.04074818791155366,-0.1349469635917085
2023-12-14,0.7910871326579925,0.4687500727471353,0.8452520105556662,0.5054848035133607,0.99651663701625,0.6320120796166261,0.5599900517686174,0.44322846904102664,0.23109708088937508,-0.09123997902148206
2023-12-15,0.7295353019854348,0.44548229451405774,0.7935134148600527,0.48325814790790317,0.9674446474837225,0.614952125089133,0.5641208323969,0.45188402201606065,0.16541446958853478,-0.11863853788284229
2023-12-18,0.6793490613774888,0.46415982319737314,0.7520718539045946,0.5011103483015856,0.9448897170350343,0.6286780741118535,0.565317374690226,0.4571297057760338,0.11403168668726282,-0.10115755149285288
2023-12-19,0.6636570519395476,0.44512036537523786,0.7392707272733793,0.4829113594246659,0.9380622025898835,0.61468354433192,0.5607057567292068,0.4489077130328132,0.10295129521034085,-0.11558539135396889
2023-12-20,0.6583367941647228,0.4284619604940153,0.734948884276623,0.4669136963397334,0.9357725155001414,0.6022103244333,0.5890150755022959,0.5725451551369231,0.06932171866242687,-0.16055311500828062
2023-12-21,0.9058320988611788,0.7867983352965785,0.9438415468204364,0.7986658288202314,1.0544309047827707,0.8348636295722767,0.6052411562169526,0.5960665836920758,0.30059094264422614,0.18155717907962587
2023-12-22,0.9064661413332065,0.7430179699477384,0.9443928127914165,0.7592843949300565,1.054763240309745,0.8095649237900022,0.610810654324951,0.5950429840278934,0.2956554870082555,0.13220731562278742
2023-12-26,0.8214049409436741,0.6920471766764609,0.8710549678832786,0.7130909595100859,1.0113692095001956,0.7792256472109141,0.6118236780722484,0.5890373697986558,0.20958126287142576,0.08022349860421252
2023-12-27,0.7626982468795032,0.6495642659373487,0.8212749412833303,0.6742861341339267,0.9829227871130951,0.7531393842025611,0.6055170082775576,0.5882332962834911,0.15718123860194555,0.04404725765979112
2023-12-28,0.6991148448043737,0.6074534231219775,0.7683059078379476,0.6355274047863408,0.9536443179336921,0.726490436516448,0.596809435841352,0.5856057373205782,0.10230540896302165,0.010643987280625433
2023-12-29,0.6447317539492209,0.5719832446350946,0.7239407500780339,0.602637116801825,0.929976103170073,0.7033732285923893,0.5933701645556124,0.5970784311193386,0.051361589393608464,-0.021386919920517777
2024-01-02,0.622976529854071,0.5872356884003037,0.705789506509974,0.6172227669404903,0.9176441387770793,0.7153289682366518,0.6091201350305194,0.6150836591421041,0.01385639482355161,-0.021884446630215715
2024-01-03,0.6503414864458674,0.6745170141020811,0.7277557314784207,0.6975940553953149,0.929018317229579,0.7706822655228437,0.6107426726796924,0.6356361563735465,0.03959881376617502,0.06377434142238869
2024-01-04,0.7289859874545729,0.8089790091161084,0.7922506528822468,0.8191035453820743,0.9635689295550643,0.849840713374321,0.5758931830686014,0.6434781220174703,0.1530928043859715,0.23308582604750705
2024-01-05,0.694607625444765,0.8216565136923064,0.7638273175453575,0.8304321585491639,0.9481367921612903,0.8569783052076868,0.5782822333064526,0.6308479249328107,0.11632539213831239,0.24337428038585385
2024-01-08,0.6413365057668464,0.7619242774998787,0.7204975519585202,0.7768712535420214,0.9252369973066662,0.822884924483842,0.5729667715720977,0.6788978969306793,0.06836973419474868,0.18895750592778093
2024-01-09,0.8458627758219056,0.7320755173623908,0.891068597161976,0.7499245503156173,1.0195190531315788,0.8053854705083342,0.5839558017594734,0.6808149183391763,0.26190697406243224,0.14811971560291748
2024-01-10,0.7760049555650198,0.7199321147669596,0.831631730125722,0.7389253562459308,0.9854548966426632,0.7981719983593547,0.5816946030643346,0.6849460423457547,0.19431035250068518,0.138237511702625
2024-01-11,0.7413083070416214,0.6783304021978216,0.8025174359421849,0.7010767402514212,0.9692194486206248,0.7730227645583586,0.6146222773404114,0.683299871880064,0.12668602970121,0.06370812485741018
2024-01-12,0.6826464560242411,0.6513838555765696,0.7540189869779977,0.6764172668919022,0.9428854904218611,0.7563509903514262,0.6188856504314743,0.6201416390507997,0.06376080559276687,0.03249820514509538
2024-01-16,0.6309742383207434,0.6073622170924369,0.7121811712471436,0.6358726679643477,0.9209322030437376,0.7284131661742919,0.6188930366752026,0.625489530490839,0.012081201645540829,-0.011530819582765695
2024-01-17,0.6224681350782281,0.6509325918708035,0.705384016388561,0.6760033035544888,0.9174361469087325,0.7560691082683159,0.6186821911008171,0.6386444024019912,0.003785943977410944,0.03225040076998642
2024-01-18,0.6492014175472363,0.7296735684085283,0.7268352479693,0.7477506236618091,0.9285375268695779,0.8039630681284744,0.6281456097676302,0.6566652372221473,0.02105580777960603,0.10152795864089803
2024-01-19,0.7023365744689051,0.6930823803317198,0.7701880185646852,0.7145280320141644,0.9515628167719375,0.7820201742685203,0.6366707559635686,0.6988740324265057,0.06566581850533648,0.05641162436815117
2024-01-22,0.8299168703432592,0.6667918631144344,0.8774133157005001,0.69053178568402,1.0115883972224051,0.7659220700788221,0.6442464995747937,0.6067033967823785,0.1856703707684655,0.02254536353964065
2024-01-23,0.7571241950836068,0.6238911144853518,0.8157521655380323,0.6511349523942359,0.9765614210171493,0.7390093952664539,0.6097074085998124,0.5792422532365654,0.14741678648379442,0.01418370588553941
2024-01-24,0.6995708417790153,0.5865898715702319,0.767909876830116,0.6166231098844375,0.9503339111959384,0.7149057208601625,0.60518286121746,0.5789902480532587,0.09438798056155528,-0.01859298964722811
2024-01-25,0.6451676483524384,0.5494453827515446,0.7235820433252576,0.5820008224615493,0.9268411884043012,0.6901885247152868,0.6099920704103969,0.5828993427355668,0.035175577942041514,-0.060546687658852294
2024-01-26,0.633947277161605,0.5237968871835805,0.7145632338258009,0.5579350969429779,0.9221621673265348,0.6726677185116203,0.6115369799354411,0.5855059957974317,0.022410297226163944,-0.08774009275186057
2024-01-29,0.5981567912643925,0.5274989424894595,0.6861112233990471,0.5614170371964254,0.9076347637634232,0.6752207391805644,0.6156625590483572,0.6042071343273835,-0.017505767783964732,-0.0881636165588977
2024-01-30,0.6439715242732627,0.5085121211275452,0.7226184745727062,0.5435284665526933,0.9263396153979205,0.6620375985426128,0.616529044340388,0.5978871367019037,0.02744247993287463,-0.10801692321284284
2024-01-31,0.603225489076283,0.5040554752142135,0.6901099762298817,0.5393184093483361,0.9096546617324147,0.6589104179306863,0.6269348176487386,0.7061541291032493,-0.023709328572455557,-0.12287934243452514
2024-02-01,0.9600734792111499,0.8980166137311565,0.9892750405215318,0.8988435222915194,1.0749818182607693,0.9012902095734874,0.6158476937812303,0.7186985200641526,0.34422578542991966,0.2821689199499262
2024-02-02,1.0234324105731876,0.8515281786176313,1.0449734825564196,0.8576621186348642,1.1092562264636145,0.8760376247251678,0.6212271343770105,0.730141029985545,0.4022052761961771,0.2303010442406208
2024-02-05,1.0170344999660985,0.8053487389312202,1.039326542088518,0.8164914694590582,1.1057452955055451,0.8503092572047507,0.6200032718375541,0.7438616092546956,0.3970312281285444,0.18534546709366606
2024-02-06,0.9379279846243962,0.8270906358108092,0.9699327839716683,0.8359088396910731,1.0632719699017565,0.8625057393999516,0.6117481608059198,0.692169847790211,0.32617982381847643,0.21534247500488946
2024-02-07,0.8530434674575956,0.7698725581520872,0.896496388687891,0.7846746307622554,1.0197967136842148,0.8300743328941249,0.6119287441820459,0.7006862303235325,0.24111472327554972,0.1579438139700413
2024-02-08,0.8442731955599276,0.728174056448498,0.8889796817667985,0.7470552833202749,1.0154396925768123,0.8057270092074782,0.5939243377817227,0.6980334270381245,0.2503488577782049,0.13424971866677526
2024-02-09,0.7684226664980216,0.680551071818157,0.8246209940753619,0.7037786173915418,0.9789020861982498,0.7771122053842764,0.5913027954569777,0.6993115156570517,0.17711987104104387,0.08924827636117927
2024-02-12,0.7373222293753775,0.6431509170034478,0.7986108317494349,0.6695420796667574,0.9645480817141617,0.7539802381155772,0.5629841941399175,0.701341888393119,0.17433803523546,0.08016672286353033
2024-02-13,0.6801132897097146,0.6199711757879895,0.7514452139590563,0.6482059561935362,0.9391738861654044,0.7393283680046501,0.6500265377383857,0.7809800027421268,0.03008675197132893,-0.030055361950396153
2024-02-14,0.9115210295875297,0.9095128316728359,0.9469624114146654,0.9089881938282613,1.049501896129805,0.9074404644218146,0.6608847794442384,0.774987502408473,0.2506362501432913,0.24862805222859752
2024-02-15,0.9032614721514769,0.8546770905357535,0.939799824510163,0.8604597622856767,1.0452392469435525,0.8777680644598448,0.6426750415858433,0.7679634635154386,0.2605864305656336,0.21200204894991015
2024-02-16,0.861680497121966,0.8017030883473878,0.9039127884199305,0.8132295916715487,1.0241131514428987,0.8482492363532262,0.6349596891275885,0.749585922493367,0.22672080799437755,0.1667433992197993
2024-02-20,0.8256336878539509,0.8509184257623222,0.8730532535039396,0.8571202444781539,1.0062682665831961,0.875702199763994,0.6343986287309725,0.7668214743811038,0.19123505912297833,0.21651979703134971
2024-02-21,0.8046910162891362,0.9052272916773549,0.8552420212162528,0.9052082557418122,0.9961107274365704,0.9051520362533481,0.6382229819800342,0.7659931549467508,0.16646803430910195,0.2670043096973207
2024-02-22,0.7345794904141513,0.8363608390165979,0.7963287838175421,0.8441695758218507,0.9633006438280463,0.8676605842870051,0.7078629269679997,0.878291033883495,0.026716563446151587,0.12849791204859817
2024-02-23,1.1080588878673407,0.8100614427296123,1.1200882391331406,0.8207054994021743,1.156677286574215,0.8529658097842272,0.6946306407409809,0.8755971482454139,0.41342824712635984,0.11543080198863143
2024-02-26,0.9944039920191655,0.750668645048881,1.0193918360424978,0.7673799429351706,1.093415020505483,0.8189396516609886,0.6840028577167243,0.8819180763853555,0.3104011343024412,0.06666578733215667
2024-02-27,0.9191630002107177,0.7788384121984623,0.9535989645592506,0.7927316614476474,1.0534648129173358,0.8352285583274968,0.684516118175955,0.870496210276341,0.2346468820347627,0.09432229402250725
2024-02-28,0.8332791577787082,0.7246820335150471,0.8795776898451754,0.7438935408361214,1.0100154478829213,0.8036589607263751,0.6851084101562566,0.8713595178923869,0.14817074762245164,0.039573623358790555
2024-02-29,0.7650954716613498,0.7099551534564782,0.8218270040526585,0.7305396985544356,0.9773483714504281,0.794885926675069,0.6976751750510044,0.7619084557700724,0.06742029661034543,0.01227997840547379
2024-03-01,0.7133461791190653,0.6383601159509575,0.7769843308470199,0.6648607773827566,0.9469965023642836,0.749702718894836,0.6837111653688949,0.7395360913610691,0.029635013750170414,-0.04535104941793733
2024-03-04,0.7581294859762461,0.6108772488996815,0.814232313173311,0.6395443056477766,0.9672585601016328,0.7322806032766339,0.6765094502313358,0.7176201579457222,0.08162003574491028,-0.06563220133165426
2024-03-05,0.7015138700966883,0.6030894535207496,0.7672335988803041,0.6323462218549173,0.9417795529186999,0.7272776794677231,0.6835875382238521,0.7563117985066946,0.01792633187283621,-0.08049808470310249
2024-03-06,0.809024328464129,0.7942261743114026,0.857153479455767,0.8061776501382728,0.9912291464891203,0.8425258911982463,0.6898309028765613,0.7599919153826954,0.11919342558756763,0.10439527143484129
2024-03-07,0.7623555392225871,0.7439505989711741,0.8177735764200527,0.7609860665768783,0.9692116417655139,0.8135961782396176,0.7180105978411092,0.7680910188550516,0.04434494138147793,0.025940001130064894
2024-03-08,0.805789343892574,0.7070060780071834,0.8544083371408016,0.7275485935871816,0.9896769565972794,0.7917526633686592,0.7330614363106209,0.7868036300472537,0.07272790758195302,-0.026055358303437526
2024-03-11,0.7974327420442823,0.789425441951942,0.8473273449687649,0.8018772674540614,0.9856849538480633,0.8398009971769748,0.7415621159855977,0.7810672509817017,0.055870626058684536,0.04786332596634424
2024-03-12,0.7335608087486989,0.7597856232389781,0.7937326521972231,0.7752575398004964,0.9560428390146193,0.8228036074701155,0.7619834941678769,0.8094952091013428,-0.02842268541917803,-0.002197870928898782
2024-03-13,0.8039134853563056,0.7226652812339363,0.8528175296369604,0.7417458431200504,0.9887786313722107,0.8010745745283163,0.7591314570654561,0.7288766871490127,0.04478202829084943,-0.0364661758315199
2024-03-14,0.7429501504817452,0.7131805249769045,0.8015488817299791,0.7331509695009153,0.9603009062670138,0.795439675784491,0.6947787486406286,0.7156849751797637,0.04817140184111657,0.018401776336275932
2024-03-15,0.6949342621594691,0.7125267154360743,0.7618290135532496,0.7325580076684184,0.9389039877730722,0.7950499652029208,0.6988871654107461,0.7285212892657577,-0.003952903251277062,0.013639550025328129
2024-03-18,0.729131815713122,0.8132138922364406,0.7900536987292163,0.8231565964133657,0.9540465726880633,0.8532289004654667,0.7167298864979003,0.722705409282949,0.012401929215221763,0.09648400573854032
2024-03-19,0.7081628428964456,0.7624826800881934,0.7727079502226518,0.777684778054721,0.9447039421853959,0.8243628984127404,0.7186444212507987,0.7085505288744548,-0.01048157835435315,0.04383825883739467
2024-03-20,0.6860979372565834,0.7162453515415674,0.7545910099998393,0.7359297109875953,0.9350711028882635,0.7972642865475842,0.711856000627572,0.7257409153941363,-0.025758063370988626,0.0043893509139953935
2024-03-21,0.7352350319646412,0.6809097826637934,0.7951246953841238,0.7038057722806563,0.956799514604511,0.7760012108365123,0.7074081831907345,0.5899053362877138,0.02782684877390673,-0.02649840052694108
2024-03-22,0.6854017728662886,0.6389217678681197,0.7540217737310692,0.665376798883533,0.9347705528388875,0.7500550833366838,0.6360576241597691,0.5947837000373091,0.049344148706519486,0.0028641437083506416
2024-03-25,0.6466414866273141,0.6442459640722947,0.7225727718238771,0.6702657930676209,0.9183718071584355,0.7533881951520929,0.6343509866735603,0.59102299031814,0.012290499953753864,0.009894977398734461
2024-03-26,0.6236545602165198,0.6661517586384408,0.7041648586178608,0.6903314098161346,0.9089663254252238,0.7669688532098794,0.6353631106428217,0.5956311791374609,-0.011708550426301922,0.03078864799561909
2024-03-27,0.5956414474253978,0.6677811531633343,0.6820024119635991,0.691820792393653,0.8978394516721115,0.7679706372570682,0.6466894276982065,0.6122473796565272,-0.05104798027280866,0.02109172546512783
2024-03-28,0.6514238243879723,0.6357621797678088,0.7264260607653025,0.6624732091165499,0.9203589667825781,0.7480709658864784,0.6434188866066612,0.6122624381236026,0.008004937781311061,-0.007656706838852445
2024-04-01,0.6074448140846546,0.5831565747194988,0.6900619218078511,0.6133686681774521,0.8980186785857298,0.7120696014560718,0.6335517218924597,0.5882557312217129,-0.026106907807805113,-0.0503951471729609
2024-04-02,0.5815273834852627,0.5910035081396293,0.6697058984828284,0.6206454495702993,0.887929283710107,0.71717830141784,0.659507354387428,0.6099193316186694,-0.07797997090216535,-0.0685038462477987
2024-04-03,0.6353221330972785,0.6954575386195826,0.7122535430247922,0.7164884177966339,0.9092283647210507,0.7824022280451904,0.6625896960147393,0.5540839818524235,-0.027267562917460797,0.03286784260484332
2024-04-04,0.5931634969088145,0.6484262810893614,0.6788106754121351,0.6735605466981134,0.892418772638359,0.7536427499559097,0.6824790567668043,0.6241845115365661,-0.08931555985798978,-0.034052775677442915
2024-04-05,0.8060136982705525,0.8881804399601831,0.8534016853398717,0.8890836887886937,0.9851693721769663,0.8917572827809083,0.6824832759749814,0.6283585780869132,0.1235304222955711,0.20569716398520177
2024-04-08,0.8485966320326301,0.8369047372420537,0.8897095136084872,0.843636915074047,1.0058623695785271,0.8638419149751314,0.6509681990867286,0.6093306522416262,0.1976284329459015,0.18593653815532507
2024-04-09,0.7734451068718016,0.7767563465009454,0.8258862643067171,0.7899050817390437,0.9697828164202271,0.8300611504573657,0.66125190716233,0.6080458941310036,0.11219319970947161,0.11550443933861543
2024-04-10,0.709448406107528,0.7217760396178418,0.7725571540219717,0.7403605055456132,0.9407368171519465,0.7981013881477071,0.7120719301333347,0.6098047232846325,-0.0026235240258066783,0.009704109484507062
2024-04-11,0.8143299904271267,0.8933628912874934,0.8604641147911145,0.8936595519024562,0.9891604248208604,0.8945364722657296,0.7191582191154912,0.6317672478698722,0.09517177131163557,0.1742046721720022
2024-04-12,0.7999211813971528,0.8368139876388082,0.8482369104264011,0.8435561967444095,0.9822613648535009,0.8637918147709037,0.7519494287578526,0.7066948660354376,0.0479717526393002,0.08486455888095557
2024-04-15,0.9808661606035712,1.0826736279539753,1.0044610126649793,1.058820309479298,1.0738985994775436,0.9913822356508681,0.7864960655329838,0.7454877652305307,0.19437009507058745,0.29617756242099147
2024-04-16,1.0684152738421158,1.2588547212755168,1.0817108080320124,1.2094763659416534,1.1216816980461017,1.0746364102334671,0.7717069236089742,0.7301491689583667,0.29670835023314157,0.4871477976665426
2024-04-17,0.9696363069711623,1.1956695676793954,0.994618987277685,1.1557500827008642,1.067918498805471,1.0454423981312764,0.7736574152324841,0.721761919606599,0.19597889173867822,0.42201215244691126
2024-04-18,0.9273288822498684,1.2176110848267263,0.9576939818594171,1.1744439289570707,1.045715251659265,1.0556597912415402,0.7781014317503296,0.6764070198205713,0.14922745049953878,0.43950965307639667
2024-04-19,0.8506861047697639,1.1634674658405109,0.8915000427477817,1.128240972995407,1.0068938985810212,1.0302877185941848,0.7845978243861159,0.6799361257285896,0.066088280383648,0.37886964145439495
2024-04-22,0.8845613876975372,1.2462502843047258,0.9206372097790348,1.1987846602052041,1.023820346059415,1.0688680803168784,0.8095031618187318,0.7296484843351795,0.0750582258788054,0.436747122485994
2024-04-23,0.8836350260786225,1.1537304650036246,0.9198377894439616,1.1199054596886502,1.0233524743043487,1.025667069145253,0.8308198606388804,0.7926502224648825,0.052815165439742184,0.3229106043647443
2024-04-24,0.9371450139888478,1.0759355485568276,0.9662387612594985,1.053003762158716,1.050819888097348,0.9880775104825641,0.834350135507191,0.792815424552672,0.1027948784816568,0.24158541304963665
2024-04-25,0.851253601432352,1.0088799116440161,0.8919864854635273,0.9948803197689123,1.0071743150933283,0.9546493907009823,0.8979550537155511,0.7606918523636272,-0.04670145228319911,0.11092485792846507
2024-04-26,0.8027272611281075,1.0113664156570255,0.8506147189353976,0.9970435499588385,0.9835990560536803,0.955907071507703,0.9007373213126338,0.8015020019970286,-0.0980100601845263,0.11062909434439161
2024-04-29,0.8258291896280824,0.9453775759094123,0.8702527383910987,0.9394164718277195,0.9947195758581927,0.9220257998943797,0.9078748875885523,0.8090930692324863,-0.0820456979604699,0.03750268832086001
2024-04-30,0.7629997747711511,0.8768435993865134,0.8171122950109241,0.879062803443325,0.9649322495010322,0.8856512588401045,0.9184927750285997,0.8678502693925351,-0.1554930002574486,-0.04164917564208637
2024-05-01,1.020356323854406,1.1361751554800195,1.0390054552889325,1.1053278669905877,1.0943869446295356,1.0192519316953155,0.9426456888955224,0.8660458650741215,0.07771063495888364,0.1935294665844971
2024-05-02,0.9392246772071685,1.113568560087898,0.967890681705363,1.0859235145036799,1.051188733442549,1.0084221769527302,0.9688403402730857,0.8639946782872505,-0.02961566306591723,0.1447282198148122
2024-05-03,0.9296261751493345,1.0362260202992795,0.959535970096454,1.0191756362430138,1.0462027055417804,0.9705685419196963,0.9725761371558104,0.8780785704472693,-0.04294996200647583,0.06364988314346909
2024-05-06,0.9830203432372492,0.9720860553425257,1.006174012550601,0.9633728476531075,1.074279657831906,0.9381602904073707,0.964614929392463,0.9116022609557176,0.018405413844786223,0.007471125950062718
2024-05-07,0.9814453884322688,0.911647334516478,1.0047928688948409,0.910388810366891,1.0734398284092377,0.9066920636351992,0.9643802688383927,0.9115609712681552,0.017065119593876132,-0.052732934321914726
2024-05-08,0.8882449440012984,0.8432644392215499,0.9236769607148568,0.8499334152280871,1.0250291461556653,0.8698841081336809,0.9476448684757549,0.8815771925799212,-0.05939992447445652,-0.10438042925420499
2024-05-09,0.8087395119090716,0.7908887837931429,0.8556061654664785,0.8032364165308639,0.9859152852785878,0.840736363013059,0.9065252681088481,0.8747991876383058,-0.09778575619977659,-0.11563648431570528
2024-05-10,0.7708285814655114,0.7421761411919553,0.8235927606683126,0.7594747267667274,0.9680486678334761,0.8128039344066965,0.8851843689079493,0.8093558008239329,-0.1143557874424379,-0.14300822771599397
2024-05-13,0.7081166257079076,0.6913352509268259,0.7713919654723935,0.7134352412171839,0.9397063135008143,0.7827186903462829,0.8569003864252238,0.7444142488994775,-0.14878376071731625,-0.1655651354983979
2024-05-14,0.655528034354301,0.6534987306299272,0.7284707041500681,0.6789115589011272,0.9171918943510659,0.7596501108682542,0.8136626352542368,0.7426492108782695,-0.1581346008999358,-0.16016390462430952
2024-05-15,0.6322411880539553,0.6164550911692284,0.7097529600394876,0.6448805670620299,0.9076113815350878,0.7364503902364213,0.8141327281583984,0.7529708081218501,-0.18189154010444308,-0.19767763698917007
2024-05-16,0.7769023388935259,0.5953168888171513,0.8287001279085955,0.6253532654218938,0.9708751629781736,0.7229187088090894,0.7994960682384539,0.752969984026436,-0.022593729344927982,-0.2041791794213026
2024-05-17,0.7243981342417373,0.6080754344971308,0.7848458900682657,0.637149173231547,0.9469134947957243,0.7311125438536707,0.7886455450311056,0.7031239411269301,-0.06424741078936835,-0.18057011053397487
2024-05-20,0.6690198241661794,0.5703625199413507,0.7393997115998109,0.6021941411295847,0.9228538269769103,0.7066509301563315,0.777650513700474,0.6909481746085967,-0.10863068953429456,-0.20728799375912332
2024-05-21,0.6220302298949398,0.5356845638021921,0.7016068269497244,0.5698092735794447,0.9034887773118924,0.6834798886869943,0.7493385570092654,0.6588029174134551,-0.1273083271143256,-0.21365399320707334
2024-05-22,0.5868529680036128,0.5062003523932633,0.6738525561653232,0.5420787360091037,0.8896631329796497,0.6632202479795257,0.7341700730318504,0.666642947538912,-0.1473171050282377,-0.22796972063858711
2024-05-23,0.5772573254144211,0.5443732379513195,0.6663704764059158,0.5779461841704268,0.8859956782467688,0.6893498844341686,0.7514727738638625,0.6881146882306678,-0.17421544844944137,-0.20709953591254293
2024-05-24,0.6534979528675822,0.6767168493032208,0.7268314745880637,0.7001240613897868,0.9163469507644534,0.7738778603448777,0.6752551990232405,0.6752030522633863,-0.021757246155658327,0.0014616502799803532
2024-05-28,0.659283129002558,0.6406392223448739,0.7315064780339501,0.6671245055117426,0.9187596527835589,0.7516679992810339,0.6647034514171394,0.6748790792768986,-0.005420322414581347,-0.024064229072265464
2024-05-29,0.6137598169220052,0.5987067822558733,0.6950375545814671,0.6284902927069745,0.9001853107664384,0.7251037373003736,0.6865871435932217,0.5720766702251905,-0.0728273266712165,-0.08788036133734844
2024-05-30,0.6719499924860842,0.716413603640671,0.7417811245159812,0.7361936820546003,0.924094087764309,0.797683885445107,0.6814702778269015,0.59423959762834,-0.00952028534081728,0.034943325813769466
2024-05-31,0.706258566069457,0.8107298196592079,0.7698612957588616,0.820968203902203,0.9388907707610423,0.8518815658995585,0.6710888631086814,0.5927269509437275,0.035169702960775595,0.13964095655052644
2024-06-03,0.7455935056601154,0.741544362174072,0.8013391807883564,0.7583285971473804,0.9515632967675787,0.80983264205721,0.66203516443654,0.5427008961571892,0.08355834122357542,0.07950919773753207
2024-06-04,0.6864418431472655,0.6899665028581224,0.7525567174794119,0.7117116169753003,0.9256675900281873,0.7795938771082837,0.6210121862010318,0.5027291072919051,0.0654296569462337,0.06895431665709062
2024-06-05,0.6366076494940914,0.6438996726893049,0.7122775974429211,0.6697213441398044,0.9049986060061289,0.7516703599744543,0.6338123448813336,0.5565884053469327,0.0027953046127577874,0.01008732780797128
2024-06-06,0.7649127276541892,0.6184172914495532,0.8174709203588211,0.646340242558982,0.9603227082081036,0.735818249184844,0.6366724206248668,0.5567652617505312,0.12824030702932232,-0.01825512917531369
2024-06-07,0.7038774571717475,0.5904667211212603,0.7668340563074993,0.6205610020913981,0.933151686827065,0.7180717488107855,0.6378968111621165,0.5516241644776311,0.06598064600963105,-0.04743009004085619
2024-06-10,0.6575396654375048,0.5875896159614187,0.7290959395081712,0.6178991998562151,0.9135472117985716,0.7162227019621903,0.6372246763214865,0.5530428223404011,0.020314989116018256,-0.04963506036006782
2024-06-11,0.6199944721596921,0.5541886277490516,0.6990405687284147,0.5868809589889159,0.8983551459611122,0.6944351747344091,0.6482177543529316,0.5526323519524132,-0.02822328219323955,-0.09402912660387996
2024-06-12,0.5848505727258558,0.5228357701219803,0.6713909752738272,0.5575601090578016,0.884727070159787,0.6734120625836109,0.6770090283163841,0.568766637927417,-0.09215845559052827,-0.15417325819440375
2024-06-13,0.6385225941261414,0.5030852355008145,0.7138098472125872,0.5389818022686131,0.9057724830814822,0.6598619669682158,0.6846732601946223,0.5113751421094773,-0.04615066606848084,-0.18158802469380775
2024-06-14,0.5984867045419927,0.47572092880893735,0.6820599375700448,0.5130958043467357,0.889945097663267,0.6406660698731883,0.6820407840411529,0.505925983544076,-0.08355407949916016,-0.20631985523221552
2024-06-17,0.5631446232662516,0.4493001567995441,0.654573848097088,0.4879323271850273,0.8766080873898687,0.6216307631090289,0.691531539317089,0.5271211367156861,-0.1283869160508374,-0.2422313825175449
2024-06-18,0.6174862653179399,0.4356393159680989,0.6970510279926597,0.47485241871650546,0.8973631992500508,0.6115812322135398,0.688218306428547,0.5273566595877712,-0.07073204111060705,-0.25257899046044807
2024-06-20,0.5834804855115483,0.41488717052832447,0.6703233495435074,0.4548878424878214,0.8842077597026969,0.5960257932819406,0.6957712297391261,0.5361333477819498,-0.11229074422757779,-0.2808840592108016
2024-06-21,0.5726200883265229,0.4591477015577848,0.661889366888037,0.4973314684850441,0.8801237581502415,0.6287858392295057,0.6959954428923268,0.5306543566769545,-0.12337535456580395,-0.23684774133454206
2024-06-24,0.550210553726369,0.47102327694502305,0.6446552995720004,0.5086342211854572,0.871881686084703,0.6373187613697394,0.6969208860998541,0.5018935400745509,-0.14671033237348519,-0.2258976091548311
2024-06-25,0.5535587468770599,0.5209049070606329,0.647215268908436,0.5557476088875564,0.8730970978303475,0.6720981528817209,0.6729347552334026,0.49152528399081946,-0.11937600835634277,-0.15202984817276977
2024-06-26,0.5420389477396991,0.4947236831067454,0.6384303105215925,0.531090317275004,0.86893929818717,0.6540498761426794,0.6723044466480143,0.49115226904452675,-0.13026549890831518,-0.17758076354126884
2024-06-27,0.5168108726382671,0.4669442941037723,0.6194259873510433,0.5047558873172293,0.8600729418743187,0.6343994781714086,0.6651788176764284,0.4471232287268924,-0.1483679450381613,-0.19823452357265609
2024-06-28,0.4969505698362921,0.44207220568362393,0.6047076841911492,0.4810177844416479,0.8533294158107186,0.6163318143108694,0.6575590311098528,0.42277239331247857,-0.1606084612735607,-0.21548682542622888
2024-07-01,0.5216748082607846,0.4903591424547811,0.6208140148332861,0.5256673916452785,0.85571821094207,0.6454704745421026,0.6531943206626409,0.39056452469940267,-0.13151951240185633,-0.1628351782078598
2024-07-02,0.5020119067883827,0.4640733613835195,0.6061153762817658,0.5007281449041115,0.8489011479747212,0.6267439467323043,0.6041071078621785,0.4044309753525775,-0.10209520107379577,-0.14003374647865896
2024-07-03,0.5467776124905465,0.4466348352361193,0.6398752648150827,0.484091431464338,0.8647183416554182,0.6140466936038774,0.5627168202273877,0.40690034671902836,-0.01593920773684121,-0.11608198499126837
2024-07-05,0.5430151860556087,0.4274748198270464,0.6369982235478263,0.46572380436653893,0.8633485281041337,0.5998268152286282,0.5529897253054519,0.35100016252554816,-0.00997453924984315,-0.1255149054784055
2024-07-08,0.5592215269841869,0.4117697184985535,0.649439163677236,0.4505958904917462,0.8693004784671947,0.5879482101916478,0.5310190586462002,0.34843189963668475,0.028202468337986675,-0.11924934014764677
2024-07-09,0.5302576710502526,0.39084670591277837,0.6272951261477135,0.4303354623605049,0.8587583855304086,0.5717901467958967,0.5277199892164665,0.34098068124221853,0.0025376818337861096,-0.1368732833036881
2024-07-10,0.5063663490520587,0.37136473756150806,0.6093520185822219,0.41135531962594213,0.8503929030470267,0.5563787540660513,0.5173570101501479,0.3816981148458608,-0.010990661098089216,-0.14599227258863984
2024-07-11,0.6258559682762561,0.36617590269158384,0.7017986911343349,0.4062805773087185,0.8951378939467854,0.5522109942670459,0.5291328264013674,0.45609607627307547,0.09672314187488873,-0.16295692370978354
2024-07-12,0.7193243620290475,0.5660781499621891,0.777926983581659,0.5966602236004682,0.9348038632857051,0.6969488111599553,0.5387004959070996,0.44430110095682174,0.18062386612194792,0.027377654055089518
2024-07-15,0.7050693746530062,0.5390027551625791,0.7661451928246706,0.5714115774897712,0.9285128549116959,0.6789324700785601,0.5186108985504151,0.4447429400398828,0.18645847610259114,0.020391856612164028
2024-07-16,0.6570474469446715,0.5093950129291217,0.7268928964810342,0.543629530084632,0.9079500748090612,0.6587416091566888,0.5068083313218814,0.4524482542878004,0.15023911562279013,0.002586681607240293
2024-07-17,0.6501254213722729,0.4868790879115771,0.7212950199492799,0.522374834266899,0.9050688713105824,0.64301853114176,0.5626408834890849,0.5601659023467804,0.087484537883188,-0.07576179557750784
2024-07-18,0.8938803536666855,0.8194356676742143,0.9259935223143552,0.8268806681172611,1.0180500848999934,0.8492614449895507,0.5826078381783955,0.5918707719303784,0.31127251548829005,0.23682782949581882
2024-07-19,0.8958290207036135,0.9238545368078896,0.9276791789240592,0.9191696537618972,1.019038456589857,0.9054742653827363,0.5990502784842218,0.6095994815172502,0.2967787422193917,0.3248042583236679
2024-07-22,0.878995092804014,0.9932607391574824,0.9131375775688656,0.9798272153788917,1.0105399031189164,0.9412115460124979,0.6137659205598539,0.6467724182676627,0.2652291722441601,0.37949481859762846
2024-07-23,0.8995607648476848,0.9291007725058612,0.9309089330771426,0.923772892177552,1.020934534785464,0.9082183036657144,0.6163523910271178,0.6421209898484795,0.28320837382056696,0.3127483814787434
2024-07-24,0.8247060485173803,0.8986610399987793,0.8665749187842307,0.8970206976881316,0.983765237644181,0.8921945289160207,0.6590724643548657,0.8310407088964218,0.1656335841625146,0.23958857564391367
2024-07-25,1.2869922759295658,1.3721018683785058,1.2749835443307196,1.3029956171838621,1.2374855760091945,1.1185922904942611,0.7129875393963304,0.8371459739561348,0.5740047365332354,0.6591143289821754
2024-07-26,1.1838690951365902,1.359502835521922,1.1820715470347458,1.292434788695916,1.1765499791831897,1.1130918547600628,0.7389668194378602,0.8769154641074195,0.44490227569873,0.6205360160840618
2024-07-29,1.1547534550390461,1.2557842354250477,1.155979114551172,1.2050454594461795,1.1597242962820307,1.066875796419267,0.7468738491476836,0.8725152795272005,0.4078796058913625,0.5089103862773641
2024-07-30,1.038317691227876,1.1507868363078968,1.0523811547722224,1.11570702014605,1.0943230328582103,1.0182406763509286,0.755867097576692,0.8784467828383408,0.28245059365118397,0.3949197387312048
2024-07-31,0.9730024395441672,1.1618149426021702,0.994889807150024,1.1251341710491172,1.0591041426114107,1.0234434364310563,0.8043327559365968,0.9410290003654151,0.1686696836075704,0.3574821866655734
2024-08-01,1.1070027134954328,1.0643456900823243,1.1144529539773886,1.0422522556913607,1.1370488906324097,0.9807131063443945,0.8691786363622127,0.988010722797815,0.23782407713322007,0.19516705372011156
2024-08-02,1.1978685346821236,1.2816952862105422,1.1958053206193506,1.2264091025925274,1.189440725305934,1.079136201779385,0.9526143900894603,1.0530262613950085,0.24525414459266337,0.32908089612108193
2024-08-05,1.3790544172312613,1.5688707293926396,1.3597594632320125,1.4639117045406391,1.2986542285484208,1.1974704202441864,1.3521579919597444,1.215930798443145,0.02689642527151692,0.2167127374328952
2024-08-06,1.817497114088578,2.0646005810408905,1.7625687683380957,1.8617822286895562,1.581824333841344,1.3792330217816446,1.401262208315212,1.2454215865683171,0.4162349057733661,0.6633383727256785
2024-08-07,1.6581337126933686,1.8692589026154613,1.615423224245796,1.7066023312872456,1.4764177168926012,1.3104530035337463,1.4578773857709952,1.2091585798265314,0.20025632692237338,0.4113815168444661
2024-08-08,1.5149212115499024,1.8181839067475174,1.483845368775881,1.6657025714776683,1.3839579171371745,1.291900957518189,1.4904035499077353,1.3425575323426684,0.024517661642167177,0.3277803568397821
2024-08-09,1.6607363469117284,1.6786328097082956,1.6178206679534541,1.5532090148580415,1.478119214962607,1.2398800301092334,1.4917518034333321,1.336796645289414,0.1689845434783963,0.1868810062749635
2024-08-12,1.488279143388566,1.5246021422689666,1.459450311139251,1.427679269390933,1.3670308810964045,1.1799598250466081,1.487539164302265,1.3331520251357174,0.0007399790863009681,0.03706297796670155
2024-08-13,1.3293662034055511,1.3855636780735692,1.3146016452536196,1.3130070795484332,1.2681404588361067,1.1232936288391704,1.4913457700086006,1.3872107667510682,-0.16197956660304946,-0.10578209193503141
2024-08-14,1.3694025175500166,1.288388120612074,1.3509773733404935,1.2320147302142623,1.2926963305109904,1.0820327067293858,1.4958508237384365,1.3617163339891043,-0.12644830618841985,-0.2074627031263625
2024-08-15,1.2294605530680751,1.1796595809298802,1.224241145360805,1.1404841923981819,1.2080558324670725,1.034032001400836,1.4910492320322832,1.4106983718833777,-0.2615886789642081,-0.311389651102403
2024-08-16,1.3103641099653816,1.1080728819045385,1.2973680305829896,1.0796505373289174,1.256577589351855,1.0012468463512783,1.4803741814613973,1.4024663702988762,-0.17001007149601577,-0.37230129955685887
2024-08-19,1.175436599547559,1.0185870408616156,1.1756593984805235,1.0029111408936398,1.1763440037488675,0.9587820275805607,1.4775394345812964,1.3998429611055645,-0.30210283503373736,-0.4589523937196809
2024-08-20,1.122315832134192,0.9519897095646027,1.1281136843304502,0.9452566917421208,1.1457522156276767,0.925990177394029,1.4687543211196628,1.3998873090418373,-0.3464384889854708,-0.51676461155506
2024-08-21,1.016302201423374,0.9188488460079046,1.0340119773622156,0.9163806548201734,1.0866449358998724,0.9092570367332632,1.480285543532706,1.287930123051202,-0.463983342109332,-0.5614366975248014
2024-08-22,0.9253389423947407,0.8524028931356878,0.9542980177599029,0.8580886901703899,1.0382710799057147,0.8748007103908618,1.4668370260249557,1.296846219624998,-0.541498083630215,-0.6144341328892678
2024-08-23,0.923712200573478,0.9568648480233665,0.9528826828726412,0.9494938117331025,1.0374277049049678,0.928427676078025,1.4491587057226314,1.2947128072551,-0.5254465051491534,-0.4922938576992649
2024-08-26,0.940217017848111,0.8989697581394179,0.9672604036043714,0.8989977833840253,1.0460212975154675,0.8990790992671477,1.4384924505299579,1.2976402626947328,-0.49827543268184693,-0.53952269239054
2024-08-27,0.864844015802972,0.886061134320689,0.9019421073202086,0.88768452495364,1.0074615552147685,0.8924113960241783,1.4375446095003401,1.2885420703746837,-0.5727005936973681,-0.5514834751796511
2024-08-28,0.7884595408801196,0.8195047528251739,0.836761930426871,0.8290203855964183,0.9702993559543418,0.8572584730408205,1.4309878536052265,1.252845831428535,-0.6425283127251069,-0.6114831007800526
2024-08-29,0.7803067829992228,0.8842774913648384,0.829875324736618,0.8861197146504679,0.966456044977335,0.891486391975667,1.4114656235640095,1.2028908133667013,-0.6311588405647867,-0.5271881321991712
2024-08-30,0.7167800787277931,0.8269370511457715,0.7767537169733213,0.8355999482755126,0.937382994986244,0.8612510458053824,1.383557161354295,1.116243679485948,-0.6667770826265018,-0.5566201102085234
2024-09-03,0.7601672615078044,0.7438585805082497,0.8139321002848646,0.7615910048406785,0.9598783359408543,0.8150682333918509,1.3569275061258186,0.9929151716715553,-0.5967602446180141,-0.6130689256175689
2024-09-04,1.185264858619421,1.2135111769706346,1.1845230599784022,1.1675084381287566,1.1822510600381981,1.0445123008268482,0.9759630956594717,0.9893442255097913,0.2093017629599493,0.2375480813111629
2024-09-05,1.070927620342095,1.1574597733588976,1.0826243752201692,1.1202952205515453,1.1176442554550523,1.0197769775631316,0.9193747137046675,0.9724722876537311,0.1515529066374275,0.2380850596542301
2024-09-06,0.9752081251843876,1.1153403747727966,0.9983384584062847,1.084626199385277,1.0659813107621794,1.0007985776341903,0.8625929354012204,0.9498335471443119,0.1126151897831672,0.2527474393715762
2024-09-09,1.1832350246806156,1.3912543826447776,1.182704287369731,1.315460721147898,1.181079318232721,1.1194325150035622,0.8224877367543765,0.9744850422049843,0.3607472879262391,0.5687666458904012
2024-09-10,1.1538676822814544,1.2824997511913239,1.1564275009381775,1.2252408280935736,1.1642228680293576,1.0741954925690904,0.8310263500263531,0.9767458886165272,0.32284133225510137,0.4514734011649708
2024-09-11,1.0470629043931674,1.175150455316119,1.0615132136813126,1.135227181763398,1.1045427208121361,1.0276464003714925,0.9270876713238162,0.936515068052586,0.1199752330693512,0.24806278399230275
2024-09-12,1.0294841116819093,1.0906342430570743,1.0460020427612993,1.0636242885695966,1.094983463270493,0.9895015823111251,0.9221259098985956,0.9496946778557113,0.10735820178331379,0.1685083331584788
2024-09-13,0.9857480853304829,1.0127470494701658,1.0075658964991105,0.9970108659869252,1.071550817048612,0.9530352950281377,0.9152628803278917,0.881921792295743,0.07048520500259114,0.09748416914227409
2024-09-16,0.9109208757408337,0.9381730654021014,0.9423863074709257,0.9326180590143515,1.0327021953963007,0.9167997275983248,0.8892513432457169,0.8814317465786525,0.021669532495116828,0.04892172215638457
2024-09-17,0.8268074303209941,0.8654075895821385,0.8701691323816886,0.8691563644293125,0.9911014209417685,0.8800459119002749,0.89491337882397,0.8570221482483074,-0.06810594850297591,-0.02950578924183156
2024-09-18,0.7548040771532563,0.8037146156379221,0.8094499035790016,0.8148193446783701,0.9574374022021607,0.847672079665431,0.9145013628795785,0.8591417633769858,-0.15969728572632225,-0.11078674724165638
2024-09-19,0.7139868130828438,0.812735044387433,0.7755770562340341,0.8227964147199256,0.939230542645155,0.8524802829901648,0.976144309815895,0.9350961449142762,-0.2621574967330511,-0.1634092654284619
2024-09-20,0.967564673967543,0.7808645161433756,0.991655878370331,0.7945609358117538,1.061961792688531,0.8353716980994427,0.9649126523571663,0.9145400859818607,0.002652021610376698,-0.18404813621379068
2024-09-23,0.8826267916392195,0.7682075989603131,0.9179576378850152,0.7833072535173996,1.0184516061466427,0.8284819200017688,0.9502506420425886,0.8885650021478617,-0.06762385040336905,-0.18204304308227548
2024-09-24,0.8053173418490829,0.7154121150221864,0.8519294170481758,0.736105416356818,0.9808563152681212,0.79911994297612,0.9415155216277473,0.8863407526200678,-0.13619817977866444,-0.22610340660556094
2024-09-25,0.7413505448925953,0.6686867631034544,0.7982375787840776,0.693960411865209,0.9513634037280507,0.772228916881923,0.937535906175429,0.8893335997822674,-0.1961853612828337,-0.2688491430719746
2024-09-26,0.695546174033862,0.6773440499377809,0.7604224508556887,0.7017965731744258,0.9312261934086314,0.7772796202583119,0.9471808420738504,0.8772168166288727,-0.25163466803998846,-0.2698367921360696
2024-09-27,0.6575181663473595,0.6364053596060676,0.7294949864628097,0.664625501816291,0.9151745859016281,0.7531053569875934,0.9342739361085637,0.8790952927786616,-0.2767557697612042,-0.2978685765024961
2024-09-30,0.6201437113685522,0.6335621221318348,0.699570748776244,0.6620328444448387,0.9000218990495186,0.7513983277355141,0.9315327275508871,0.8605426985541955,-0.31138901618233494,-0.2979706054190523
2024-10-01,0.5986610410037311,0.5701924156623497,0.6811688656906539,0.6033803071456234,0.8869598602705023,0.7104626821127363,0.9279430810342463,0.7341817972487469,-0.3292820400305152,-0.3577506653718966
2024-10-02,0.7104405819487536,0.7432971357706883,0.771351876906281,0.7606851818967567,0.9331754988323179,0.8132138541903393,0.894041703621367,0.7297320971313185,-0.18360112167261344,-0.1507445678506787
2024-10-03,0.6570236631892805,0.6947740630372138,0.7277324307345572,0.7171090745946705,0.910398781407393,0.7857185850849807,0.8850246445378175,0.7280273264123048,-0.22800098134853697,-0.1902505815006037
2024-10-04,0.6232272388655402,0.6936152015245565,0.700615328452718,0.7160637613368431,0.8966344006148607,0.7850505940885062,0.8909153731762327,0.5956660464370086,-0.2676881343106925,-0.19730017165167624
2024-10-07,0.6844253589366477,0.6596041584888811,0.7499997165768492,0.6852852745065825,0.9219307907085587,0.7651961301621544,0.8692946742869457,0.6227740539800045,-0.18486931535029805,-0.20969051579806464
2024-10-08,0.7705700083848108,0.8202452551654253,0.8214023124991964,0.8290649689200428,0.9602127484081194,0.8550696810113381,0.8550204229048256,0.6425015407127461,-0.08445041452001478,-0.03477516773940026
2024-10-09,0.8003151452239329,0.7737556267640336,0.8464810757434644,0.7878540332213243,0.9740991863185204,0.8300246934555968,0.8390957677901915,0.6251862411111385,-0.03878062256625858,-0.06534014102615782
2024-10-10,0.7789863841649753,0.7279494236614471,0.8284783700849111,0.7469421208279419,0.9641086847186144,0.8046150056906394,0.728089590670653,0.6130294753396914,0.0508967934943223,-0.00014016700920593816
2024-10-11,0.7240963350118991,0.7217813844318643,0.7826366019435882,0.7414087055405258,0.9391899185816329,0.8011342199519207,0.7169000632750039,0.615583285983176,0.007196271736895188,0.004881321156860463
2024-10-14,0.7044449056595111,0.6797625894162185,0.7664135393577601,0.7035512840231009,0.9305589285594306,0.7770228801781631,0.7188467932703765,0.6321879956717511,-0.01440188761086536,-0.039084203854158006
2024-10-15,0.7251935602127426,0.645627602155748,0.7835455104560636,0.6725795167144167,0.9396764513624019,0.7568918410383035,0.7245274433398345,0.6688228004770665,0.0006661168729080735,-0.07889984118408655
2024-10-16,0.7698772235715974,0.7777903404288928,0.8208205784610199,0.7914427536728289,0.9598932439343407,0.8322270288530809,0.7135738772564449,0.6623818939821837,0.056303346315152436,0.06421646317244789
2024-10-17,0.7230761339333535,0.7273039805325963,0.7817917866361225,0.7463633647042991,0.9387379751081212,0.8042514447278778,0.6899326198405437,0.5618800756332545,0.0331435140928098,0.0373713606920526
2024-10-18,0.6683073153871392,0.686570999126718,0.736872823232059,0.7097050119432223,0.9151079859577773,0.7809783426072694,0.5978695477221753,0.560711256089513,0.0704377676649639,0.08870145140454277
2024-10-21,0.6345782691614913,0.6445543225829885,0.709677885453948,0.6716023974943663,0.9011995622228381,0.756250513862928,0.5928081355878432,0.5641498378197325,0.041770133573648116,0.05174618699514533
2024-10-22,0.603244239595977,0.6449657166222764,0.6847789405402968,0.671976956978983,0.8887431649377682,0.7564964000068577,0.6084223733860331,0.5640323800410243,-0.005178133790056161,0.03654334323624331
2024-10-23,0.5702634061507575,0.6240192750277787,0.6589960025882621,0.6528671869958764,0.8761368156911111,0.743877533171303,0.6316365708973598,0.6052079027487967,-0.06137316474660226,-0.007617295869581153
2024-10-24,0.6969539722262831,0.7927177279019427,0.7602580373754945,0.8046997754512173,0.9273107535760003,0.8403267727060973,0.6379550045699284,0.6014293184010141,0.058998967656354706,0.15476272333201435
2024-10-25,0.6477484410087763,0.7370865504291799,0.7202506168679942,0.7551282870135505,0.9065699301303105,0.809744844857021,0.6374448569802527,0.5999475489671391,0.010303584028523605,0.09964169344892726
2024-10-28,0.6063929806497756,0.7033226064559367,0.6872639942444116,0.724813240692416,0.889974119789526,0.790629347007772,0.6441692995898862,0.5976150266864648,-0.037776318940110576,0.05915330686605047
2024-10-29,0.5776071073895365,0.6583759305064203,0.6646967539568668,0.6841700928310748,0.8788978967149357,0.7644698491176211,0.6320464984139659,0.5532555967901838,-0.05443939102442941,0.02632943209245442
2024-10-30,0.5465751979006495,0.6154719391273337,0.6407752166613895,0.6450461880329406,0.8674142364617284,0.7386687229005265,0.6129528862156934,0.560954590002776,-0.06637768831504398,0.0025190529116402294
2024-10-31,0.5476582265892053,0.6466118979083587,0.6416024830370363,0.6734754444594364,0.8678068380801653,0.7574795372948425,0.6345667236212252,0.7273657323430351,-0.08690849703201997,0.012045174287133475
2024-11-01,1.0382130142903243,1.0971494522994412,1.050893432171175,1.0697970137692858,1.0882665580512256,0.9944021424718658,0.6418355734683691,0.7036174082215768,0.39637744082195525,0.4553138788310721
2024-11-04,0.9504485205897453,1.0127012913769544,0.9741492403732811,0.997410357576996,1.0424142517762434,0.9544359263473636,0.6180857699507359,0.6738629196825534,0.33236275063900933,0.3946155214262185
2024-11-05,0.8733208359279864,0.9837084075296669,0.9075880329002136,0.9723866353845976,1.003937376027903,0.9403420574862346,0.6057368895677402,0.6948559127829261,0.2675839463602462,0.37797151796192674
2024-11-06,0.932251541272075,0.9235672145399081,0.9583637533191176,0.9201800713870353,1.03317495562011,0.9104449703559008,0.7630862157539944,0.8725505504435177,0.1691653255180806,0.1604809987859137
2024-11-07,1.331788046602522,0.8892455130746219,1.312979264101816,0.8901968301243193,1.2545071833398465,0.8929564053148653,0.7607663050953706,0.8813405860459699,0.5710217415071515,0.12847920797925128
2024-11-08,1.2309808939185678,0.8327653027413398,1.222242168652599,0.8405366010790378,1.1954821194817953,0.8634438724019401,0.756291479181219,0.8778644702649376,0.4746894147373488,0.07647382356012078
2024-11-11,1.1169196119544569,0.7771265300768901,1.120452862957794,0.7912017847658531,1.1310490354667906,0.833399860028753,0.7548429850200786,0.8641816900218431,0.36207662693437825,0.022283545056811516
2024-11-12,1.0075840027127974,0.7221528708830158,1.024002919216949,0.7420199986738504,1.0720304507672014,0.8026655123876383,0.7594178656592333,0.8445605288586792,0.24816613705356405,-0.037264994776217475
2024-11-13,0.9289243153470876,0.7435270845157778,0.9554826250244401,0.7611961382361233,1.031496079352725,0.8147464877469937,0.7554454482808509,0.8420306094717743,0.17347886706623672,-0.011918363765073159
2024-11-14,0.8450582487277162,0.6946546861685052,0.8834430027231991,0.717244550229677,0.9903055926071274,0.786863605127595,0.7570676388960709,0.8593457046815476,0.0879906098316453,-0.06241295272756564
2024-11-15,0.835349843531955,0.7888412501394891,0.8751828290050887,0.8016249846602285,0.9856841472041166,0.8398106756600057,0.777151218298834,0.9095591352521396,0.058198625233120915,0.01169003184065509
2024-11-18,0.9695260859009824,1.0198671215146342,0.9907481108969763,1.0035812582207635,1.0522026960856967,0.9578888895688713,0.7790066254804009,0.9128053681693432,0.19051946042058154,0.24086049603423332
2024-11-19,0.8909459781652869,0.9438231301857759,0.9227157601826574,0.9378098004647111,1.0125690917722823,0.9206177628927618,0.7952852490486568,0.9153770199889812,0.09566072911663004,0.14853788113711908
2024-11-20,0.8211360691164672,0.8754024804227051,0.8631221666914826,0.8780628627900465,0.9789758915194088,0.8858096946520636,0.8063227717949529,0.8861616581124424,0.014813297321514263,0.06907970862775215
2024-11-21,0.7527079107892609,0.8155618522137916,0.8056579648239699,0.8253277290003433,0.9476869654248824,0.8542618116307098,0.8115031920651699,0.8910918706065519,-0.05879528127590894,0.004058660148621773
2024-11-22,0.7207856377138578,0.7632666793176983,0.7792312543563141,0.7788444820244267,0.9336922017189454,0.8257539377858808,0.8055704213068428,0.8912103019398607,-0.08478478359298491,-0.04230374198914444
2024-11-25,0.673910363724123,0.7129245806380703,0.7409371746478952,0.733718847075688,0.913885114814636,0.7973957073596775,0.8060943087891086,0.8915339051592454,-0.13218394506498554,-0.0931697281510383
2024-11-26,0.6368175448000883,0.6680837911963806,0.711123353848179,0.6931876139480115,0.8988722852899964,0.7713019602779101,0.7993812866723362,0.8955634696591885,-0.16256374187224787,-0.1312974954759556
2024-11-27,0.6252442601181851,0.6304314549241409,0.7019192401024074,0.6588905619553213,0.8943128402457636,0.7487235583525963,0.7959933836723224,0.8955762091266887,-0.1707491235541373,-0.16556192874818154
2024-11-29,0.6104139840039142,0.6600731515328409,0.6901980488682892,0.685911557503637,0.8885594048946767,0.7665514064892625,0.7925244094769252,0.7446410627594038,-0.18211042547301093,-0.1324512579440843
2024-12-02,0.6174758124182899,0.597729780488245,0.6958596930038737,0.6280702590936347,0.8905107900807226,0.7251379485628635,0.7639199431889453,0.7443577705686718,-0.14644413077065543,-0.1661901627007003
2024-12-03,0.5811615606112116,0.5616883946340044,0.6675048467998815,0.5947781051990324,0.8769026542742651,0.7022771729977358,0.7462427591673638,0.7374963046930145,-0.16508119855615222,-0.18455436453335938
2024-12-04,0.5499666923205278,0.5311906030465167,0.6436030276814435,0.5663991495725951,0.8657143327881975,0.6823706701291054,0.7402855989220336,0.7106152227960554,-0.19031890660150586,-0.20909499587551694
2024-12-05,0.5725659815686843,0.5076109849923751,0.6608745857086629,0.5443190647462915,0.8737726519039003,0.6665968479805524,0.7355515605601979,0.49289989340618834,-0.16298557899151356,-0.22794057556782277
2024-12-06,0.5535559767386842,0.5221075911026039,0.6463300978445798,0.5579084883834173,0.8669774384836635,0.6763355143647103,0.5628399112375808,0.4697868368625674,-0.00928393449889664,-0.04073232013497696
2024-12-09,0.5287655373364666,0.49314658263106154,0.6276249656729872,0.530711674556603,0.8583846894312641,0.6567444448869398,0.5608769161290653,0.48233960474946885,-0.03211137879259873,-0.06773033349800378
2024-12-10,0.5705903588020698,0.5837659195799311,0.65935531746157,0.6152020051522001,0.8730582696553915,0.716362295959152,0.5593318599729965,0.4890311865301795,0.01125849882907326,0.024434059606934566
2024-12-11,0.5680742408647635,0.6201272180761883,0.6574229552520778,0.6486328898481077,0.8721511780850775,0.739008670360424,0.565053038331789,0.5082958839728464,0.003021202532974554,0.05507417974439932
2024-12-12,0.6150365038864634,0.5904620496747778,0.6939384573039403,0.6213774733484566,0.8895775608827446,0.7205830656172337,0.5551202834216612,0.5259857497785224,0.05991622046480216,0.03534176625311658
2024-12-13,0.6346634358393287,0.6693632609447314,0.7094605889810254,0.6935167762678278,0.8971627880937422,0.7686710308436658,0.5563969400605507,0.4998409482976427,0.07826649577877798,0.11296632088418068
2024-12-16,0.595981516451717,0.640754920613754,0.6790112342216402,0.6674892070198004,0.8823817889279305,0.7515700175531357,0.5522042913443972,0.3844630902896156,0.04377722510731985,0.08855062926935686
2024-12-17,0.5808507107774871,0.6041679685460883,0.6672645048930238,0.6339906819415958,0.8767888443771256,0.7291505519424751,0.5256822097811111,0.40183124605996406,0.055168500996375935,0.07848575876497721
2024-12-18,0.590920258410075,0.6593275273209198,0.6750711769291667,0.6844024164244417,0.8804989108039075,0.7627131487866321,0.6298139980316331,0.8089137716751316,-0.038893739621558066,0.029513529289286744
2024-12-19,1.4633673406390175,1.5170449214407176,1.4308985160866479,1.4198402907679204,1.3287553281510487,1.1715694221871598,0.6309703963504577,0.8087567335714708,0.8323969442885598,0.8860745250902599
2024-12-20,1.3096571182644687,1.3962231092191137,1.2918645286321508,1.3203061587361686,1.2369601584303793,1.1225420133634774,0.6935994232166962,0.845859770334361,0.6160576950477725,0.7026236860024175
2024-12-23,1.268965551401598,1.2882894958398017,1.2552786724905998,1.2304815275381407,1.213298116558594,1.0769732998419674,0.6819249349637262,0.853883286990212,0.5870406164378719,0.6063645608760755
2024-12-24,1.1602413543833558,1.1846819774873043,1.1580839909594602,1.1433729727023836,1.151588584881546,1.03145415323043,0.6868725963424743,0.8860259780389339,0.4733687580408815,0.49780938114483
2024-12-26,1.1341005769498804,1.100134353467193,1.1348534776930435,1.0715873330088865,1.1371088660235433,0.9928574976929795,0.6770742315844456,0.8790256183222663,0.45702634536543485,0.42306012188274744
2024-12-27,1.0222608523635772,1.0213263764116656,1.0361978348953713,1.0040553278469935,1.0769214135513614,0.9555633006390768,0.7146030565627617,0.9094334247076673,0.30765779580081554,0.3067233198489039
2024-12-30,1.050325506851239,1.1622818717371008,1.0608322384363011,1.1244179179185634,1.0917415481082484,1.0213620912429688,0.7771262596353925,0.9301477318322653,0.27319924721584643,0.38515561210170834
2024-12-31,1.090380591898121,1.3028691674634238,1.0961379474148372,1.2426680694441867,1.1132289445276335,1.083234088250114,0.7868776627533479,0.9293954847533861,0.30350292914477317,0.5159915047100759
2025-01-02,1.0025750437850391,1.2430430048830339,1.019263591431992,1.1937628796080366,1.066901604846824,1.061411412584578,0.8314709972295584,0.928762311480056,0.17110404655548073,0.41157200765347546
2025-01-03,0.9193077279114715,1.1949051641869701,0.9475608630190884,1.1531643934276439,1.0262669698226525,1.0399978498769762,0.8451489791441726,0.96551224807485,0.07415874876729889,0.3497561850427975
2025-01-06,0.9755108783799619,1.110983540936083,0.995851524752804,1.0818948273328155,1.0534824746488551,1.0016421257705483,0.8687961800687396,0.9775457557366348,0.10671469831122227,0.2421873608673435
2025-01-07,0.9095913886621757,1.0279248472463436,0.9392611839414157,1.010697567539716,1.0216550886771147,0.9622734578641052,0.8907516816229182,1.0031561113822913,0.018839707039257525,0.1371731656234254
2025-01-08,0.9839656715738466,1.1853946229172134,1.0031549850578885,1.1451196395710577,1.0576533383384688,1.035718104521739,0.9008711122931036,1.0011320774684533,0.08309455928074305,0.28452351062410985
2025-01-10,0.8922134062137204,1.088603782949715,0.9244555499185217,1.0627780942071816,1.0134777224817473,0.9911788375111331,0.9215036594838882,1.0504849839359465,-0.029290253270167876,0.1671001234658268
2025-01-13,1.0769451643203642,1.3279782691576798,1.08406064037647,1.2649264485140828,1.104751980265082,1.098237555796087,0.9450822278220821,1.0302686702147124,0.13186293649828218,0.38289604133559774
2025-01-14,0.9724930991702597,1.2150391543054355,0.9932470460034232,1.1701692005785063,1.0519985047580964,1.0490040964885337,0.9606591148439023,1.0301561388979912,0.011833984326357405,0.2543800394615332
2025-01-15,0.8822465641535643,1.114799238336569,0.9159871510791614,1.0851493999697333,1.008829619575233,1.0034158787366776,1.0080372089074183,1.1207437471774357,-0.12579064475385404,0.1067620294291507
2025-01-16,1.0969002436081663,1.0470695516038862,1.1015514075969972,1.0271695323365162,1.1151380149883272,0.9714804274863785,1.004503668651954,1.1145988588243632,0.09239657495621234,0.0425658829519322
2025-01-17,0.9967078121874626,1.0113809291647187,1.014179946876973,0.9964326673699375,1.0639757813515942,0.9542501782952382,1.0215861208292365,1.1388289783424586,-0.024878308641773872,-0.010205191664517832
2025-01-21,0.9859971464404038,0.9446545053063565,1.0049112550057389,0.9385986632458497,1.058658391314659,0.9212260706541441,1.022601423373846,0.9133420673807965,-0.03660427693344226,-0.07794691806748955
2025-01-22,0.9627196647486166,0.8839531436183246,0.9848207916700598,0.8855457582852717,1.047209784135495,0.8901885097376757,0.961379888112378,0.9164828694737225,0.001339776636238632,-0.0774267444940534
2025-01-23,0.8975008574700941,0.8251273233513376,0.9289549879017998,0.8336994150416669,1.0159560249439237,0.8591093077596947,0.9421678376023847,0.8900620253600244,-0.044666980132290535,-0.117040514251047
2025-01-24,0.8414306514806126,0.7721576400459109,0.8814949668939328,0.7866214194726819,0.990123576169385,0.8301929279185319,0.8793591030324084,0.8890261819640188,-0.037928451551795805,-0.10720146298649746
2025-01-27,0.7871141591294534,0.7852672745358074,0.8361104356789197,0.7983091730199574,0.9660902312366656,0.8374367092153204,0.99702918636649,0.9194807606604406,-0.2099150272370366,-0.2117619118306826
2025-01-28,0.9770837480934805,1.050101574131718,0.997209475663507,1.0297748225876977,1.054256913333317,0.9729310743087551,1.0093822144702034,0.9399515587924742,-0.032298466376722845,0.04071935966151452
2025-01-29,0.9468123944022561,0.9773261966870082,0.9711352069465645,0.9669774330762604,1.0394729139268064,0.9375322021108304,1.0089021913813556,0.9124304162664321,-0.062089796979099554,-0.031575994694347465
2025-01-30,0.8908831433965158,0.9982727449667907,0.9233242912789411,0.9851096792738466,1.0128555646919113,0.9478479157920713,0.992138171160196,0.8722129699082858,-0.10125502776368023,0.0061345738065947675
2025-01-31,0.8350001234463235,0.9270188747754774,0.8760897164205247,0.9232299129305418,0.9872259127721169,0.9123107957659501,0.9585239938382263,0.8781717043094021,-0.12352387039190282,-0.03150511906274889
2025-02-03,0.8106789797302676,0.9383090845436824,0.8545461257896914,0.9325742558261587,0.9721020351110607,0.9160721399467869,1.0360336854311611,0.8930278720664744,-0.22535470570089355,-0.0977246008874787
2025-02-04,0.813660410975858,1.0085986627769998,0.8570375073682259,0.9935667393665607,0.9734195317640947,0.951054804531924,1.0034567038417586,0.8634827303421461,-0.1897962928659006,0.005141958935241275
2025-02-05,0.7879186839835874,0.9382072752230939,0.8355907677514595,0.9324855142701912,0.9621459427069098,0.9160205722025031,0.9988860289641001,0.8592150499935121,-0.21096734498051262,-0.060678753741006175
2025-02-06,0.7377790248238227,0.872053100090162,0.7942633825911701,0.8745652782113768,0.9408698698032831,0.8819225623152084,0.9856545815067924,0.8119327959594491,-0.24787555668296968,-0.1136014814166304
2025-02-07,0.6915566436354466,0.8120644324511853,0.7567569415152198,0.8215745376823207,0.9220998493578619,0.8499091249354529,0.9771435745290787,0.8463076279491034,-0.2855869308936322,-0.16507914207789343
2025-02-10,0.7761907095474317,0.9504129675084174,0.8258691832207538,0.9431161412792053,0.9570871555706724,0.9221838466115404,0.9755709344031636,0.762069315431986,-0.1993802248557318,-0.025157966894746142
2025-02-11,0.7589468002133779,0.8863058225480325,0.8116348398632305,0.8870883862337353,0.9497393810245286,0.8893713118932238,0.959257938214014,0.7625493262376007,-0.20031113800063605,-0.07295211566598148
2025-02-12,0.7003132462984123,0.8215413154799561,0.7638146579948969,0.8299770787576578,0.9255911635397112,0.8550404422054373,0.9681484078675886,0.7714751308465634,-0.2678351615691763,-0.14660709238763248
2025-02-13,0.6742889030920038,0.8351638754591709,0.7429091880948259,0.8420344916913398,0.915305998534426,0.8623668223285568,0.9539964460918402,0.7034562122665428,-0.27970754299983636,-0.11883257063266928
2025-02-14,0.7539195526117813,0.7876123638336366,0.8074987978344185,0.7998383245164571,0.9476177700833353,0.8365346893642369,0.9026165251779945,0.700018272500431,-0.14869697256621317,-0.11500416134435787
2025-02-18,0.6971561746561196,0.7455716095838726,0.7612674152510996,0.7622708630143981,0.9243288774718807,0.8130637995694989,0.9062705675323505,0.6722218177307815,-0.2091143928762309,-0.16069895794847788
2025-02-19,0.6541869181477361,0.6976416386870481,0.7269112089223525,0.7191206943740579,0.9075520351372913,0.7855137358366798,0.886108022356285,0.6465920300313056,-0.23192110420854894,-0.18846638366923696
2025-02-20,0.6153816430606173,0.6536598426560766,0.6964341227117999,0.679203224168785,0.8930707138733355,0.7594198859071404,0.8856168035246987,0.645394931238601,-0.27023516046408147,-0.23195696086862216
2025-02-21,0.6190681393290529,0.70406646828843,0.6993050339319336,0.7249254629049182,0.8944182110433377,0.7892584570582215,0.9004357987670902,0.7428157571034462,-0.2813676594380373,-0.19636933047866023
2025-02-24,0.9751633938206001,1.065545296482126,0.9944317125630454,1.042597226407493,1.049025382961643,0.9785446056119147,0.9131067388055242,0.7461615339558552,0.06205665501507596,0.15243855767660175
2025-02-25,0.9157763941021829,1.0775403962968566,0.9434060721276021,1.0528832637962635,1.020302785569598,0.9842441048251517,0.93394182670721,0.6851737111075329,-0.01816543260502712,0.14359856958964656
2025-02-26,0.8716044068696533,1.0963107027822712,0.9058125896821767,1.0689509973323856,0.9996149844701578,0.9931019409590878,0.8095152865302793,0.6524740278230493,0.06208912033937408,0.2867954162519919
2025-02-27,0.7964888393091033,1.0120276426739352,0.8427147261046273,0.9965285139174211,0.965873532962842,0.9527308770306884,0.8237523670768776,0.7332565482552577,-0.027263527767774298,0.1882752755970576
2025-02-28,1.035172293652659,1.2787398073656193,1.0464788762034631,1.2234434270815266,1.0790298111481293,1.0756586948809095,0.8540904765562117,0.8131117273056239,0.18108181709644733,0.4246493308094076
2025-03-03,1.1275532832305066,1.1611956695202923,1.1270501870473286,1.1242128211830396,1.1255732420364515,1.0231322630629784,0.913450589556274,0.891529276796778,0.21410269367423262,0.2477450799640183
2025-03-04,1.2923543617249393,1.4392059629216474,1.2732104052533146,1.3570108721464402,1.215320427290494,1.1435168859298739,0.9578373321989658,0.914598509602233,0.3345170295259735,0.48136863072268155
2025-03-05,1.2843674221062256,1.5499556057293964,1.266080821838906,1.4481502446386165,1.2108518427541204,1.1883068471496752,0.9025126308628348,0.9381875637423845,0.3818547912433907,0.6474429748665615
2025-03-06,1.22941863706037,1.422770500304617,1.217148213461236,1.3434133961288452,1.1804219241304008,1.136730353828013,0.971324942035165,0.9955935032376861,0.25809369502520496,0.451445558269452
2025-03-07,1.3691499357899923,1.6633960153406278,1.3419633879776187,1.5406756941311894,1.2588394649566914,1.232613470508981,1.0076853553171168,1.0035778711055912,0.36146458047287555,0.655710660023511
2025-03-10,1.2452239865271906,1.5168722178444491,1.2312013061848863,1.421011557295866,1.189117459843003,1.175093380306495,1.0904299583846377,1.1356598431807605,0.15479402814255283,0.4264422594598114
2025-03-11,1.6392554416207008,1.9520052908788739,1.5860922906101078,1.7727079947255913,1.418712620896088,1.339177945159959,1.1177518760894243,1.1140874314747238,0.5215035655312765,0.8342534147894496
2025-03-12,1.517375438573654,1.9255399367108486,1.4755494491772396,1.7516164880612126,1.3453886477638217,1.3297371812772236,1.1718798247998046,1.1292518396353557,0.3454956137738494,0.753660111911044
2025-03-13,1.3714699223435909,1.7464411832763993,1.3440457465700906,1.6079154563343163,1.2601691485135673,1.2641318872798466,1.1813762983653486,1.1484595325008429,0.19009362397824225,0.5650648849110507
2025-03-14,1.3748797872005822,1.8455359350582137,1.3471068881104709,1.6876378314211906,1.2621250228633387,1.3008112725487297,1.2099373801181172,1.2350810521045619,0.164942407082465,0.6355985549400964
2025-03-17,1.4933574783539814,1.6933765550150526,1.4538344005783548,1.5649969047707475,1.3311562688104996,1.2440776883762394,1.2175931402790365,1.2599562364615715,0.2757643380749448,0.47578341473601604
2025-03-18,1.3689219571370173,1.5455641837856327,1.3417587763952625,1.4445520495144661,1.258708846394227,1.186560792599089,1.2255476980722275,1.259989579371348,0.14337425906478973,0.32001648571340513
2025-03-19,1.3275224960630996,1.6211085105436147,1.304651617073661,1.506278502213773,1.2351278672386068,1.2162726096342904,1.2463172556604265,1.2972934844524144,0.08120524040267307,0.3747912548831882
2025-03-20,1.2668883439550709,1.4855685669803083,1.2504927778141361,1.3952656089884174,1.201112147093062,1.1624622965071152,1.2723161497667972,1.2974581369873839,-0.005427805811726305,0.21325241721351107
2025-03-21,1.1505826000879977,1.417601019198364,1.1473421487187418,1.3391325619496046,1.1377842414163712,1.1345879725671284,1.2846331325952656,1.2606962247907034,-0.13405053250726784,0.13296788660309833
2025-03-24,1.0382673010283305,1.3005218526288618,1.0488709658263942,1.2416486021324056,1.0793722194153688,1.0850167800247739,1.3063952694139906,1.34171055523221,-0.2681279683856601,-0.005873416785128871
2025-03-25,1.1882075654043311,1.2104669741814653,1.1805946952527282,1.1659312281398548,1.1579764781441155,1.0454062037520735,1.2983471590447495,1.3427182889660039,-0.11013959364041837,-0.0878801848632842
2025-03-26,1.072794557053968,1.1131542275741946,1.0790041909848722,1.0833252593525293,1.0970151413277536,1.000971466195165,1.2929699908706693,1.3621233013504612,-0.22017543381670124,-0.17981576329647475
2025-03-27,1.1168755003515676,1.2709961535223633,1.1176582382712221,1.216897039187702,1.119950957013667,1.0721798576187676,1.2876900217007432,1.3219346198995696,-0.17081452134917563,-0.016693868178379923
2025-03-28,1.0199830845006828,1.224026617570784,1.0329688103355852,1.177375260735735,1.0701491286802032,1.0514590555932375,1.2803429917772688,1.3237024324896336,-0.2603599072765861,-0.05631637420648494
2025-03-31,1.2980044787551255,1.5542553880757153,1.2782565089346483,1.4516721365386374,1.2184883501942627,1.1900141576697023,1.3059880558686006,1.2952973869299806,-0.007983577113475082,0.24826733220711472
2025-04-01,1.1941274385120215,1.3806871735227615,1.1869590564147663,1.3083252678100916,1.1655331004807155,1.1188582953231032,1.2767830492398122,1.2776504775309807,-0.08265561072779071,0.10390412428294926
2025-04-02,1.0797990422239785,1.2645381037120482,1.0860540639555676,1.21137085569508,1.10431873508769,1.0692187411939857,1.2704826937028402,1.2597346487473298,-0.19068365147886168,-0.005944589990791949
2025-04-03,1.0048486762599051,1.165496001198993,1.0206216706623077,1.1278237901270374,1.0658386943785412,1.025118802151705,1.4454035572657895,1.6382714332229613,-0.44055488100588436,-0.2799075560667965
2025-04-04,2.38656293204621,2.458234562626014,2.275035386010219,2.1688398911842404,1.9080096412445078,1.5071416056231843,1.5245399892323328,2.0624496202401725,0.8620229428138773,0.933694573393681
2025-04-07,3.3769583704143114,3.525525331565045,3.195579231090315,2.9746803654017318,2.5867591219645143,1.8156264620285887,1.9807943108209145,2.006169339496782,1.3961640595933968,1.5447310207441307
2025-04-08,3.000568911663094,3.167338828442776,2.844992223819745,2.7081423445367485,2.3255906009767107,1.7178988777670985,2.2665595764623627,2.0192984792165705,0.7340093352007311,0.9007792519804134
2025-04-09,2.759722937427748,3.1090542985686502,2.6210720561325354,2.6644274334682243,2.1602970865861737,1.7015001756592805,2.437966725120369,3.1022733114020795,0.32175621230737894,0.6710875734482813
2025-04-10,4.907266025196099,2.8754686613633305,4.625600243675872,2.4881903689860767,3.669737361401606,1.6342369623069848,2.5820679078554694,3.245687385499354,2.32519811734063,0.2934007535078611
2025-04-11,4.7729593446832945,3.4611222449897068,4.4999075277137655,2.9270132537528224,3.5738078485590266,1.7984217194557017,2.600951595910974,3.2360599114170343,2.1720077487723204,0.8601706490787326
2025-04-14,4.294604766762922,3.0889878383042766,4.052464167248725,2.649353668741456,3.2332412790211333,1.69582000725056,2.6470746728887313,3.2396203636906256,1.6475300938741908,0.44191316541554526
2025-04-15,3.8287669663480566,2.7604660689060467,3.617172525819322,2.4007777053125285,2.9036762694540004,1.6001502379842567,2.6507485635435053,3.233519194099545,1.1780184028045513,0.10971750536254143
2025-04-16,3.4015657524079446,2.526507721163841,3.218522156993038,2.2215284140478353,2.6039340737816175,1.5286150410573804,2.688979718344403,3.249796016525346,0.7125860340635417,-0.1624719971805617
2025-04-17,3.1817826790791535,2.6928325628216085,3.013697421349103,2.349160177759349,2.4509485499019656,1.5797824319712224,2.69251161641798,3.2517576072469145,0.4892710626611736,0.00032094640362867466
2025-04-21,2.8260462418532883,2.4096460620173525,2.6826958870636024,2.131232417370874,2.2056485337078255,1.4916832734592267,2.7054187315340235,3.2825974386128176,0.12062751031926489,-0.2957726695166709
2025-04-22,2.7301595072423637,2.6269408377229606,2.5936137471542904,2.2987173925640185,2.1401261063985872,1.559699854833048,2.7315408462823543,3.3157258400348484,-0.0013813390399906034,-0.10460000855939366
2025-04-23,2.6508620099271942,2.3786286897066287,2.519996314486692,2.107175962534598,2.086164460540092,1.481736231350461,2.8063216322294537,3.3420244011463973,-0.15545962230225951,-0.4276929425228251
2025-04-24,2.4381049385721583,2.1521700056048614,2.3227513809236116,1.930323066266315,1.9425262325232484,1.4071234075024264,2.8180245208390864,3.379031945823319,-0.3799195822669281,-0.665854515234225
2025-04-25,2.3326726371631934,1.9610432222178231,2.2251775739091357,1.7792662666933483,1.8720509576230027,1.3411398947803108,2.8192480490772747,3.3851494229226438,-0.48657541191408127,-0.8582048268594515
2025-04-28,2.094039545363978,1.7794513036853068,2.004858579470627,1.6340469431339764,1.714638724230378,1.2754997983612522,2.8275468944201623,3.355930896880236,-0.7335073490561843,-1.0480955907348555
2025-04-29,1.8659607472536366,1.6180522437685734,1.7951686921145371,1.5034301406147303,1.5675650566247865,1.2143821022323793,2.8230171709797083,3.355484584500501,-0.9570564237260717,-1.204964927211135
2025-04-30,1.68134307595207,1.4776688323779206,1.626302449404697,1.3885054753601649,1.4516338765658112,1.1587779979996216,2.829312043606592,3.354676734109347,-1.147968967654522,-1.3516432112286714
2025-05-01,1.4986434253050929,1.2787333384738855,1.4728438473031813,1.2241776090033663,1.3903788587969725,1.0799102144355206,2.8423408563059955,3.3555329860569265,-1.3436974310009027,-1.56360751783211
2025-05-02,1.3667985756667251,1.1769500947399487,1.3527602868162567,1.1387348561250672,1.308577728929851,1.0356078362490473,2.8437196182471514,3.1550909341222,-1.4769210425804262,-1.6667695235072026
2025-05-05,1.3673789659868962,1.0951454601479822,1.3532869725771863,1.0693791967401445,1.308932018995122,0.998607211660776,2.7527566214788655,2.796724231290025,-1.3853776554919692,-1.6576111613308833
2025-05-06,1.2585142137349508,1.1286224053891496,1.254846282601383,1.0978389445085706,1.2434814036991335,1.013908965383124,2.699378531814145,2.809604124151417,-1.4408643180791942,-1.5707561264249954
2025-05-07,1.2004688064201294,1.2120006733166422,1.2026830171738547,1.1682609812999842,1.2094771226294025,1.0510706225840596,2.3743494467926385,2.766532581814136,-1.173880640372509,-1.1623487734759963
2025-05-08,1.0894055672437442,1.1148173209308392,1.1036452233181597,1.0861160767665718,1.1463913596147273,1.0076264852845607,2.075931576512657,1.6739026344052956,-0.9865260092689128,-0.9611142555818177
2025-05-09,1.0188420632269988,1.0315784259776282,1.041355795912992,1.0150292896634578,1.1078251874261218,0.9689004937048001,1.8525536518752421,1.27615175327085,-0.8337115886482434,-0.820975225897614
2025-05-12,0.9268675778389383,0.9859169638327753,0.9610911178895786,0.975725274504763,1.0595741255093716,0.9469983759381215,1.7177358882309437,1.3991114491860008,-0.7908683103920054,-0.7318189243981684
2025-05-13,1.6246334814648786,0.9450553739188524,1.588296419049461,0.9403554652146372,1.470751731029307,0.926968857197344,1.68590350419333,1.3947112356646982,-0.06127002272845128,-0.7408481302744775
2025-05-14,1.4712170331931156,0.8800053392518036,1.4477962097966361,0.8836399162867995,1.3731546053736308,0.8941764798525645,1.572775138493399,1.3868222691540633,-0.10155810530028342,-0.6927697992415954
2025-05-15,1.3155312557903653,0.8160778335718253,1.3063127585018979,0.8273787470103005,1.2775027264807324,0.8607588209282966,1.5643798108475333,1.2337631621942318,-0.24884855505716796,-0.748301977275708
2025-05-16,1.1926909146914677,0.7626759698670047,1.1957126955011537,0.7799490578115933,1.2049719032167014,0.831836077467012,1.494956896184482,1.2294502532959048,-0.3022659814930142,-0.7322809263174772
2025-05-19,1.099161583226024,0.7162716942725661,1.1122991578569146,0.7383893898957186,1.1518206453720037,0.8058781193690727,1.4983466494933224,1.0146305631006678,-0.39918506626729844,-0.7820749552207563
2025-05-20,0.9916615102866242,0.6687728112564628,1.017517589324468,0.6954913333452787,1.093316922941644,0.7784303340565211,1.462252486679208,0.9432646569630334,-0.47059097639258374,-0.7934796754227451
2025-05-21,0.9175723837638486,0.7029611219018671,0.9530467885411747,0.7264057917611053,1.0548356981546145,0.7982797449258214,1.43412149696339,1.0438051001827606,-0.5165491131995413,-0.7311603750615229
2025-05-22,1.1444775850970115,1.0693968638448337,1.152616568657778,1.04741400447515,1.1773304624141836,0.9866797769596295,1.2535219498400108,0.97033870433524,-0.10904436474299928,-0.18412508599517707
2025-05-23,1.0310647372216601,0.9890218395894808,1.0521049824080335,0.9784051116945479,1.1144140423358013,0.9485033743929291,1.2618935738113073,0.990674194667167,-0.23082883658964715,-0.27287173422182653
2025-05-27,0.9919715859640503,1.0579104384384053,1.017789007726072,1.0375936417389893,1.0934812922568897,0.981313138301607,1.317413675681254,1.067658999698401,-0.3254420897172037,-0.25950323724284874
2025-05-28,1.2477654567374887,0.9958664115371448,1.2451682892829046,0.9843089149005907,1.2371349871054624,0.9518128440485116,1.2966793892921176,1.0853180327278487,-0.048913932554628836,-0.30081297775497273
2025-05-29,1.1579412060233165,1.0423680388280185,1.1646312923747544,1.0242838839511181,1.1849988871706412,0.9740053557358418,1.3168558319615689,1.0838623878082052,-0.15891462593825234,-0.2744877931335503
2025-05-30,1.0513208528008406,0.9639113151385721,1.06995749026749,0.9567009456754602,1.125419345530877,0.9362638380233514,1.2713178658852369,1.0835740071605697,-0.21999701308439623,-0.3074065507466648
2025-06-02,0.9609138822461732,0.893699441659328,0.988057123748544,0.8958342290654072,1.0678001857540345,0.9020340732812201,1.234445769534024,1.0488733721818513,-0.27353188728785083,-0.34074632787469605
2025-06-03,0.8996044162577038,0.8333764149592646,0.934634650251892,0.8427420855762023,1.0356945738476424,0.8704119469531282,1.1926806450242218,1.0340963873278801,-0.29307622876651795,-0.35930423006495715
2025-06-04,0.848721316661858,0.7792884005988574,0.8907498908267185,0.7947255098116057,1.0099475426576232,0.8410914815026616,1.178090983817249,1.0032639925985916,-0.32936966715539107,-0.3988025832183917
2025-06-05,0.7806478358963216,0.7428899969104026,0.8328009461432004,0.7621777522614958,0.976895771643517,0.8207961860648543,1.1569849202963347,1.018863541734714,-0.3763370844000131,-0.4140949233859321
2025-06-06,0.7609146531611737,0.7997203909416303,0.8161893117869037,0.8129117553563222,0.9676337747266921,0.8522810226012303,1.1560997357783318,1.028512600203921,-0.3951850826171581,-0.35637934483670153
2025-06-09,0.8101454659138059,0.7531508877779667,0.8577948034672725,0.7713730229107189,0.9910132382950734,0.826565862026089,1.1242961586111824,1.024977649258142,-0.3141506926973765,-0.3711452708332157
2025-06-10,0.7460022419753854,0.7027230347285215,0.803697521686598,0.7260260429047074,0.9607344256646156,0.797826194093658,1.120741609570098,0.7602054833909413,-0.3747393675947125,-0.41801857484157645
2025-06-11,0.7210550245030592,0.6615184472695701,0.7829260407401241,0.688669088571198,0.9493903701186436,0.7735848055714847,0.9443897338793245,0.7575546373363522,-0.2233347093762652,-0.28287128660975436
2025-06-12,0.6884135546657676,0.6865426832171463,0.7560058654810239,0.7113903595857267,0.9349349697788812,0.7883921944336212,0.935419421147627,0.7600401096349122,-0.2470058664818594,-0.2488767379304807
2025-06-13,0.6558186266737875,0.6453483640246692,0.729445250196897,0.6739297729638375,0.9209573751621295,0.7638704160614059,0.9614333898205412,0.8049045954373946,-0.3056147631467536,-0.31608502579587194
2025-06-16,0.8038636971943796,0.863535300662465,0.8524565378377399,0.8693441663955122,0.9879800139565779,0.886356787122165,0.9608625644434466,0.8197490788902347,-0.1569988672490671,-0.09732726378098167
2025-06-17,0.8275209688475829,0.8098129901849606,0.8726025567371551,0.8218734102499179,0.9994770050343975,0.8577565837756131,0.9634416370669505,0.8455013224329503,-0.13592066821936766,-0.15362864688198996
2025-06-18,0.861614720192538,0.9390732189049895,0.9018274302774492,0.9354712676867871,1.0163906889182992,0.9251364547162693,0.9224874492420974,0.8413566413350374,-0.060872729049559315,0.016585769662892158
2025-06-20,0.791445662126381,0.8841103812052543,0.841928245537666,0.8874255166541856,0.9820262571187236,0.8970787955075049,0.9195210258447849,0.7397280633537673,-0.1280753637184039,-0.035410644639530586
2025-06-23,0.742748901454185,0.8759533385986401,0.8009796049389165,0.8802635204502695,0.9592408855447441,0.8928427914250512,0.8787869562604033,0.7645390974619245,-0.13603805480621822,-0.0028336176617631548
2025-06-24,0.7884734299104621,0.8212832214006508,0.8394132696292438,0.8320412931110175,0.9806096848246448,0.8639391676850766,0.8814190652703071,0.7649483587966134,-0.09294563535984501,-0.060135843869656314
2025-06-25,0.8471425277158959,0.7732462767658103,0.8893955381947106,0.7893360649415352,1.0091624589134824,0.8377550926003128,0.8288417616637942,0.6357623148168214,0.018300766052101736,-0.05559548489798394
2025-06-26,0.7779108690094328,0.7223606461009529,0.8304915615805661,0.7437321798275871,0.975602281851857,0.8091342914904066,0.7146701695918101,0.6264120820086775,0.06324069941762278,0.007690476509142785
2025-06-27,0.7774844775070796,0.6812138573612377,0.8301319361964773,0.7065607985119376,0.9754010242757775,0.7852614383980486,0.7127968676309299,0.6283410867622522,0.06468760987614974,-0.031583010269692124
2025-06-30,0.7392115801240879,0.6414314989341559,0.7980274922895598,0.6703525311344326,0.9576217580460374,0.7614994450950391,0.6731818373411839,0.6257069460773963,0.06602974278290408,-0.03175033840702801
2025-07-01,0.7041990001691464,0.5759572962577572,0.7684886719469527,0.6093253787763452,0.9391217820065718,0.7171187347589133,0.6434018272799295,0.6242569734265735,0.06079717288921693,-0.0674445310221723
2025-07-02,0.6573522157035614,0.5603128325617123,0.7302786964479648,0.5948280404173216,0.9190953581563603,0.7070938659879711,0.6209523686146708,0.621381625244751,0.03639984708889055,-0.060639536052958576
2025-07-03,0.6353760248963258,0.5311282761403526,0.712600955558636,0.5676460446720434,0.9100338315580659,0.6880197961646559,0.6182253722001564,0.6311915873244272,0.017150652696169444,-0.08709709605980376
2025-07-07,0.6680297356524559,0.5074712604351579,0.7389269036818935,0.5454746669312405,0.9235760969970969,0.6721791004286569,0.6392110809849378,0.6499285321146457,0.028818654667518095,-0.13173982054977995
2025-07-08,0.7198005109082745,0.6531587382921636,0.7813588554484989,0.6801701566379789,0.9459975899059234,0.7647474096401728,0.6166981991180367,0.6261390684851103,0.10310231179023777,0.03646053917412695
2025-07-09,0.6713648327177613,0.6344802726578913,0.741635769137415,0.6631309830288492,0.9249859345662471,0.753488062245943,0.5948838189508295,0.6321991783682278,0.07648101376693173,0.039596453707061774
2025-07-10,0.6647144219864257,0.5998001372894354,0.7362376723928111,0.6313254845303249,0.9221794607060749,0.7321444802842377,0.5966845657409859,0.6270622164115368,0.06802985624543978,0.003115571548449436
2025-07-11,0.6275485303023386,0.5655494247923459,0.7063458985313394,0.5996862526886453,0.9068594665939352,0.7104644974403295,0.6082460231141188,0.6299430420707861,0.019302507188219797,-0.04269659832177286
2025-07-14,0.6198356888283301,0.6141490716433617,0.7002046520997811,0.6445123100105612,0.9037593808198532,0.7410466873063348,0.5969142614628437,0.6281799859427196,0.022921427365486413,0.01723481018051809
2025-07-15,0.5859022527753244,0.5777877023938375,0.6734624926746303,0.6110183157143612,0.890455066020365,0.7182829032712886,0.6043652436731926,0.5681700743030156,-0.01846299089786818,-0.026577541279355077
2025-07-16,0.5979902102199579,0.641142879611199,0.6829352267677645,0.6692159884781638,0.8951310227192713,0.757522627695692,0.5876466800329512,0.542921288837048,0.010343530187006733,0.053496199578247805
2025-07-17,0.575760866811719,0.60352961924888,0.6655632435970816,0.634756692000809,0.8865872497142385,0.734468205813041,0.5691626252144947,0.4904100387885088,0.00659824159722433,0.03436699403438537
2025-07-18,0.5915981882128455,0.5718183186787917,0.6779184964552545,0.6054947558229327,0.8926495651092371,0.7144795903013801,0.5565011061290761,0.49231984244446964,0.03509708208376938,0.01531721254971563
2025-07-21,0.5647579189650928,0.5642631917342156,0.6570444583648969,0.598493484180538,0.8824485781301421,0.7096380074661072,0.5502454586380237,0.4787757666397638,0.014512460327069099,0.01401773309619192
2025-07-22,0.5400924252343688,0.5324185140211737,0.6381534847373234,0.5688516431637348,0.8733934641517878,0.6888737181776681,0.5338146723883843,0.4524159953235666,0.00627775284598453,-0.0013961583672106315
2025-07-23,0.5188285679835779,0.5120081523274913,0.622112141383238,0.5497365293181711,0.865840215776439,0.6752445258662688,0.5108774367676926,0.43004797020776003,0.00795113121588531,0.0011307155597987117
2025-07-24,0.5971901682555855,0.4905759844478286,0.6823063957999088,0.5295610914517096,0.8948193553558027,0.6606439873983357,0.48957356708627275,0.4305410913326082,0.10761660116931271,0.0010024173615558185
2025-07-25,0.5657234051594148,0.470338719799199,0.6577897661872827,0.510408669496341,0.882809312393982,0.6465684466314684,0.48609005837888586,0.41315566104939977,0.07963334678052891,-0.015751338579686858
2025-07-28,0.5578730601762697,0.4486977219830671,0.6517422057155677,0.4898127819247727,0.8798898222623068,0.6311849378663151,0.4828802632770568,0.41007761383170555,0.0749927968992129,-0.03418254129398968
2025-07-29,0.5347271707318481,0.4429113575850589,0.6340838541831926,0.4842849330746304,0.8714652657024918,0.6270105918098138,0.475478447498076,0.41490375676235197,0.05924872323377206,-0.0325670899130171
2025-07-30,0.5350024007795301,0.4854742878310581,0.6342922644021313,0.5247423911530201,0.8715638144957164,0.6571228057228532,0.48147993199942585,0.41745998998782047,0.05352246878010425,0.003994355831632268
2025-07-31,0.521720003383788,0.495979405575144,0.6242794390517262,0.5346579230129757,0.8668532875159061,0.6643539562666451,0.5156530840822127,0.42525049834644185,0.006066919301575324,-0.019673678507068693
2025-08-01,0.5373852190924719,0.5339820255566291,0.6341382851204964,0.5693770017058901,0.8675174713968632,0.6860804513446631,0.57627074465753,0.5480297824643301,-0.03888552556505809,-0.04228871910090093
2025-08-04,0.9065528038229129,0.9336534630732286,0.9389714766178859,0.9289444150049035,1.0327876879089908,0.9153983772959032,0.5895344933074401,0.6198066518165262,0.3170183105154728,0.3441189697657885
2025-08-05,1.0284363613572227,0.8768790608257798,1.0458642294148581,0.879265278860087,1.097999958190844,0.8862344170431877,0.5723355952561061,0.633292537414572,0.4561007661011166,0.3045434655696737
2025-08-06,0.9684184249968559,0.9230355869409781,0.9929841900773085,0.919682628143799,1.0653603821443045,0.9100108225770617,0.5783713546805951,0.6416825827264222,0.39004707031626085,0.344664232260383
2025-08-07,0.9283715066146387,0.8611463770477115,0.9579579832735916,0.8654291461946068,1.0441448681357162,0.877992290323641,0.599543039012284,0.6405225239363893,0.32882846760235473,0.26160333803542746
2025-08-08,0.8504661649227175,0.8271724896907975,0.8905145421097893,0.8354429108109265,1.0042857087307393,0.859941487885107,0.5990827506238006,0.6527386373546339,0.251383414298917,0.22808973906699692
2025-08-11,0.8341530682433763,0.7751859638179115,0.8765237803111486,0.7892594714509731,0.9961919493357312,0.8316107505750934,0.5888645927699799,0.6559108244017297,0.24528847547339638,0.18632137104793156
2025-08-12,0.7756796982621907,0.7714005221765989,0.8268086434268634,0.7858818732983858,0.9679554639965634,0.8295124179971527,0.5969047581737493,0.6782124126848909,0.17877494008844141,0.1744957640028496
2025-08-13,0.8282140264847189,0.7273309009749742,0.8714426610529568,0.7464060771668162,0.9932681072082589,0.8047069613320743,0.5902710859506787,0.6783206630422268,0.2379429405340402,0.13705981502429554
2025-08-14,0.7686448622203319,0.6815540966924519,0.8208771051250976,0.7050855456000891,0.964643415666457,0.7781575232322494,0.5717913952445897,0.6707341728669225,0.19685346697574224,0.10976270144786227
2025-08-15,0.7105529547512393,0.6483452813319808,0.7723581830997425,0.67489476238876,0.9380347938962974,0.7583529326939888,0.5714679339367564,0.6742987109083768,0.13908502081448282,0.07687734739522434
2025-08-18,0.6744732332881721,0.664437005003829,0.7426863115878729,0.6895474047298664,0.9222078377578049,0.7680092811740615,0.5713349615042128,0.6748864097842288,0.10313827178395929,0.09310204349961615
2025-08-19,0.6313394400187967,0.6385415480676134,0.7077523094390614,0.6659457295466413,0.9040365600512167,0.7524129664736837,0.5758985385196166,0.690601043795898,0.05544090149918013,0.06264300954799684
2025-08-20,0.6520705616816487,0.7194276517274727,0.7244643189536818,0.7392957728263497,0.9126653595018863,0.800182286599126,0.5985001846307385,0.6706245664938362,0.05357037705091017,0.12092746709673419
2025-08-21,0.6291952777885448,0.7345131991844768,0.7060325080088601,0.7528594632292244,0.9031554016271602,0.8087982943355608,0.6011453711683742,0.6775616985705616,0.028049906620170595,0.13336782801610259
2025-08-22,0.6275301075058143,0.7750398289812226,0.704698052401102,0.7891291191700743,0.9024725653322571,0.8315298377675319,0.621902412452395,0.7534900289792013,0.005627695053419313,0.15313741652882762
2025-08-25,0.853013630465894,0.7345280507764986,0.8927037648838714,0.7528727994469514,1.0055578310890547,0.808806734307747,0.6270557136991557,0.7617750063216259,0.22595791676673826,0.10747233707734294
2025-08-26,0.8143683346607734,0.7829964871266555,0.859623755807678,0.79622204433301,0.986499904717177,0.8359246405056389,0.629264834229991,0.7625561336408755,0.1851035004307824,0.15373165289666446
2025-08-27,0.7622533963332009,0.7324169950729598,0.8154979617900979,0.7509768086438813,0.9616506683912646,0.8076062184601878,0.6268164795361457,0.7616922448652014,0.13543691679705516,0.10560051553681404
2025-08-28,0.7068609205943341,0.6851962438081557,0.769304512466636,0.7083854498223369,0.9363898911502154,0.7803008765566588,0.6181630925978163,0.7553975039039115,0.08869782799651782,0.06703315121033937
2025-08-29,0.6669120152931871,0.6435505746907724,0.7365180002328264,0.6705201745096168,0.9189622211869357,0.7554533479351008,0.5916761856834047,0.6543624629627007,0.07523582960978237,0.05187438900736763
2025-09-02,0.6905537186227703,0.7107124734708221,0.7564321951602456,0.7317554081759229,0.9284972933997621,0.796206127857257,0.6043583931519106,0.6065062404387107,0.08619532547085962,0.10635408031891147
2025-09-03,0.7354833456842729,0.8273170681173002,0.7933650718278233,0.8357271654966935,0.9479264834327463,0.8605417377842189,0.5981406877740857,0.599025015775905,0.13734265791018718,0.22917638034321453
2025-09-04,0.7089567726956069,0.7730813380763155,0.7714909461299705,0.7876131359613556,0.9363558614330849,0.8312095133087363,0.5961090510619502,0.6030971632214166,0.11284772163365664,0.1769722870143653
2025-09-05,0.7322375095497679,0.7262055740016196,0.7906783210646123,0.7456865394165302,0.9464955635675314,0.805037015294388,0.6235816313538673,0.6086378164168641,0.1086558781959005,0.10262394264775221
2025-09-08,0.6982215907499614,0.7458575552568941,0.7626945437645146,0.7633037883620641,0.9317545883964652,0.8161070470627274,0.5980687687426384,0.5896323423274443,0.100152822007323,0.14778878651425575
2025-09-09,0.6538694808703167,0.6976658435282872,0.7267256237029184,0.7199945391089222,0.9132600967467184,0.788696488710436,0.5981299389557813,0.5863762140131726,0.05573954191453545,0.09953590457250594
2025-09-10,0.6159585029198609,0.6540065861196722,0.6965081580676,0.6804335714766195,0.8981377907900165,0.7630536241423578,0.606550523404328,0.5447233113527312,0.00940797951553285,0.047456062715344194
2025-09-11,0.5873879102528378,0.6148487616697091,0.674099221319194,0.6446689189443198,0.887180168156205,0.7393334207255263,0.6024879951465627,0.5676651697169475,-0.015100084893724941,0.012360766523146438
2025-09-12,0.6406857904436303,0.5829843900075545,0.7161586532679223,0.6153547560133649,0.9079276703971614,0.719481019419611,0.5986013988004383,0.5680965892776907,0.042084391643192,-0.015617008792883746
2025-09-15,0.6040517283902135,0.5672888935388362,0.6871290884950719,0.6008420009366788,0.8935243656467914,0.7095074423182364,0.5897112387097097,0.5704660992615515,0.014340489680503832,-0.022422345170873492
2025-09-16,0.6017164579046211,0.5376877510002571,0.6852961972372672,0.5733327840310873,0.8926273404029562,0.6903235812386495,0.5887485726765015,0.5727183835243087,0.012967885228119647,-0.05106082167624437
2025-09-17,0.5772893049255082,0.546016522035099,0.6662600500065904,0.5810917411763387,0.8834003291810751,0.6957723457396444,0.6099811096699129,0.5541835241539987,-0.032691804744404696,-0.06396458763481394
2025-09-18,0.5562807134414559,0.5509644650205225,0.6500980298990283,0.5856941278086265,0.8756970185751174,0.6989901254841584,0.6126419922102169,0.5494778880377273,-0.05636127876876096,-0.061677527189694326
2025-09-19,0.5554896251167077,0.5223651412058411,0.6494934445707607,0.559018840836303,0.8754112272373767,0.6801905505185316,0.5915483727374562,0.5353852053495489,-0.036058747620748455,-0.0691832315316151
2025-09-22,0.5584584781760561,0.4964552653770478,0.6517639098435652,0.5346935239976566,0.8764853828090053,0.6627197760047843,0.5853770718855092,0.44580046028552467,-0.026918593709453154,-0.08892180650846143
2025-09-23,0.5579400493587922,0.4726162200033904,0.6513671344808489,0.5121713685628668,0.876297493415896,0.6462474541273076,0.5701232292392718,0.4539958344247408,-0.012183179880479678,-0.09750700923588146
2025-09-24,0.5976864817473856,0.5745392793929157,0.6821383913949186,0.607552209734547,0.8910854103787862,0.714131175180464,0.5716621274323922,0.46285068113079575,0.026024354314993392,0.0028771519605235163
2025-09-25,0.5918912879188833,0.6155131443174089,0.6776091347756344,0.6452780671043887,0.8888816171485576,0.7397419319889219,0.5901148615399224,0.48101357418383345,0.0017764263789609158,0.02539828277748646
2025-09-26,0.6082849357098623,0.6821737866254485,0.690457203801248,0.7059933072992157,0.8951569731875171,0.7796895911622005,0.5938998082717336,0.48941238072727505,0.014385127438128698,0.08827397835371487
2025-09-29,0.6106812930377832,0.6422937562355063,0.6923443597418397,0.669764609713853,0.8960848942139498,0.7560329993095583,0.5956453590857614,0.46089256493846953,0.01503593395202174,0.04664839714974489
2025-09-30,0.5825268522208144,0.604169572828541,0.6703202409549857,0.6348661560691454,0.8853545402099802,0.7327372302839126,0.5926687224900196,0.4111373168198366,-0.010141870269205211,0.01150085033852144
2025-10-01,0.564242942133646,0.545515486513797,0.6546016297633055,0.5794389099458411,0.874337996266145,0.6903544804390087,0.5381371876921837,0.4051145251759165,0.026105754441462348,0.007378298821613338
2025-10-02,0.548100889764584,0.5163792854938695,0.6422166019680099,0.5522418777819545,0.8684380552367684,0.6710997146607196,0.5345469590267417,0.3771839416835072,0.01355393073784239,-0.018167673532872186
2025-10-03,0.5242499243883662,0.4882309182676689,0.6241506240206182,0.525785366377325,0.8599640346170909,0.6519909582738909,0.536402014947997,0.36410006686211155,-0.012152090559630846,-0.048171096680328096
2025-10-06,0.5059769374195101,0.474985836317572,0.6105119413928535,0.5132713422375106,0.8536731024866981,0.6428148387382419,0.5015715993028098,0.36601783798307813,0.004405338116700297,-0.026585762985237793
2025-10-07,0.5028483555457143,0.4520152765017111,0.6081953877873193,0.4914648988174539,0.8526138417600251,0.6266017967876618,0.5064793379623153,0.3863764599246671,-0.0036309824166009808,-0.054464061460604174
2025-10-08,0.525265211655536,0.5165786079626155,0.6249137058814668,0.5524285703872891,0.8603187412064208,0.6712332012338296,0.5044613979934799,0.39777834154685415,0.02080381366205608,0.012117209969135567
2025-10-09,0.5495754980850431,0.4917067558695626,0.64334285798453,0.5290623324631418,0.8689715623722881,0.6543789467592434,0.49517551123929254,0.3788216662646942,0.05439998684575059,-0.003468755369729959
2025-10-10,0.5497874035163297,0.534889495490508,0.6435047905970416,0.5695415466894137,0.8690483197053451,0.6833913705977528,0.5781880791237063,0.7431389081651423,-0.02840067560737658,-0.04329858363319827
2025-10-13,1.3185318022756272,1.3760208673150334,1.3033905170834565,1.3029645681457915,1.2560745870710968,1.1121150001088993,0.6291034672300752,0.811739652343244,0.689428335045552,0.7469174000849582
2025-10-14,1.3364429570437886,1.268949291401418,1.3196072866845219,1.2137246773610548,1.2668682295179419,1.0666433704593048,0.7110484452628298,0.8115780473014643,0.6253945117809587,0.5579008461385881
2025-10-15,1.2067534530830935,1.1982679846781235,1.2026369096152043,1.1543046738728069,1.1899913316600919,1.0355998393403087,0.7611660489578039,0.8157771167466825,0.4455874041252895,0.4371019357203195
2025-10-16,1.100217391943817,1.1040547919769381,1.107470231601867,1.0744172133154224,1.1293074298005281,0.9928059079176479,0.7749443473405792,0.8260162714242365,0.3252730446032378,0.32911044463635897
2025-10-17,1.0499990428018704,1.1590051190068351,1.0629686613023108,1.121110426638172,1.1015897737653393,1.017971351696269,0.7801267439645331,0.8284268823755448,0.2698722988373373,0.37887837504230204
2025-10-20,0.9745560157928501,1.069943681282384,0.9966335222110981,1.0452871808895523,1.0611474222900619,0.9768778433956904,0.7819957264648921,0.8542663014561427,0.192560289327958,0.2879479548174918
2025-10-21,0.9751592688426606,0.9937074763459909,0.997161199704333,0.979759208063303,1.0614647379648667,0.9403645607213112,0.7792460127601133,0.8434460848328147,0.19591325608254728,0.2144614635858776
2025-10-22,0.8888169870070345,0.9315481473180637,0.9221552700972042,0.9258687432677205,1.017125683503147,0.909575939052883,0.7961024528115984,0.8494345718282341,0.09271453419543607,0.13544569450646526
2025-10-23,0.8540770686524972,0.9743899841856689,0.8923062338158082,0.9630575353075582,0.9999358333903867,0.9308988546457339,0.7947133868699249,0.8486285835586972,0.05936368178257234,0.17967659731574404
2025-10-24,0.8121804878534324,0.9053202595733657,0.856600970778178,0.9029972369544152,0.9797420528164344,0.8962868442982732,0.7879312492717911,0.8573643002920074,0.024249238581641297,0.11738901030157456
2025-10-27,0.8089649856859735,0.8449188653924641,0.8538749314007006,0.8500072855029877,0.9782174435936877,0.8649540793604907,0.7958991648669046,0.8890505831152824,0.01306582081906893,0.049019700525559484
2025-10-28,0.8768784074821802,0.7930975015441158,0.9118741499795933,0.8041691516045107,1.0111741657432358,0.8371954220741289,0.7940807432672556,0.8879779633341964,0.08279766421492452,-0.0009832417231397939
2025-10-29,0.8064780525271049,0.7402932237108127,0.8517680216745871,0.7570770147027293,0.9770408050066903,0.807990166855976,0.802956379261551,0.8871620463978582,0.0035216732655539706,-0.0626631555507382
2025-10-30,0.7425945219842038,0.6949775345231998,0.7981160693496042,0.7163303605622665,0.9475963678921591,0.7821110621026067,0.8106452474337854,0.9299257072710245,-0.06805072544958157,-0.11566771291058564
2025-10-31,0.8566767093682265,0.8980400327898765,0.8945325854020187,0.8966341588200418,1.001208497733674,0.8925651367313023,0.8219846855221616,0.9313420358141072,0.034692023846064846,0.0760553472677149
2025-11-03,0.7935426355633123,0.8083820930551284,0.8421890322855221,0.8179588930252718,0.9721352214726203,0.846501626591869,0.8285555408521592,0.9295878104098302,-0.03501290528884693,-0.020173447797030786
2025-11-04,0.7331544898004864,0.7545183022131642,0.7923571735598013,0.7699585250283696,0.9462671887895404,0.8167503192763362,0.8794097094568005,0.9682030115595414,-0.14625521965631416,-0.12489140724363634
2025-11-05,0.87297334974104,0.9674582956190789,0.9089728677519749,0.9575313065508715,1.0081164585352826,0.9291964895818411,0.8868368277162617,0.9623621407749906,-0.013863477975221694,0.08062146790281721
2025-11-06,0.8074922123570425,0.8984972005118694,0.8538231261006984,0.8974017361624651,0.9782987455253422,0.8942189107080214,0.8991523206094207,0.9920021568057944,-0.09166010825237825,-0.0006551200975513094
2025-11-07,0.895265775145006,1.0632629237854712,0.9279316933382504,1.0402035622899208,1.0185855009728737,0.9758554820412313,0.9344955510595335,0.7550747617714572,-0.039229775914527476,0.12876737272593763
2025-11-10,0.8191180957944636,0.9830051924210393,0.86355158675053,0.9710131414580416,0.9834874190693826,0.936914525200439,0.9056645747546473,0.757570453406882,-0.08654647896018375,0.077340617666392
2025-11-11,0.9783166255592437,0.9188849710359716,0.9992647133158293,0.915235786275434,1.0589014700280142,0.9046902616139665,0.8769989782784043,0.755313851511877,0.10131764728083936,0.041885992757567214
2025-11-12,0.8927641299763969,0.8542529296156124,0.9257998594988391,0.858526203041918,1.0174029395435673,0.8710938537337982,0.8141216883223676,0.7524860755134598,0.07864244165402923,0.040131241293244746
2025-11-13,0.8170704838317419,0.7976975149460191,0.8618360736716794,0.808469507817733,0.982570178387944,0.8406777396229024,0.7923197258067003,0.8369711667483787,0.024750758025041564,0.005377789139318856
2025-11-14,1.063581327711523,1.1248080919454182,1.0734740334991235,1.0928255331174457,1.1022639226703077,1.0047672547786477,0.8303062547160283,0.8294724312689704,0.23327507299549466,0.29450183722938994
2025-11-17,0.9656328847995896,1.052945202829092,0.9883047340719283,1.031345621323812,1.0526160228049364,0.9709305207670097,0.852631964167617,0.8241826701142156,0.11300092063197265,0.200313238661475
2025-11-18,0.9824516777796404,1.166245956354235,1.002842542832253,1.128055282454352,1.0609601947744465,1.0238062524680296,0.8757444377909487,0.8432729029925913,0.1067072399886917,0.2905015185632862
2025-11-19,0.9787429185280333,1.246228078876597,0.9996334541595315,1.1956254205088797,1.0591134924127603,1.0596562376991125,0.8938633077930166,0.8429158664285907,0.08487961073501671,0.35236477108358033
2025-11-20,0.900125881015881,1.147764713000819,0.9320763619614783,1.1123622002009224,1.0208884551594488,1.0153557797718689,1.0017421425859714,0.8920012687467639,-0.1016162615700904,0.14602257041484767
2025-11-21,1.0764190146280956,1.378676033912135,1.0847203363270748,1.306367950151624,1.1089514889614045,1.116670323767553,1.0415554274439722,0.902847210795263,0.03486358718412341,0.33712060646816266
2025-11-24,1.04921607477442,1.2686398380948338,1.0609108966188672,1.2144622409811396,1.094828230736536,1.0695016458762212,1.0505528857519868,0.9268309927840147,-0.0013368109775668824,0.21808695234284703
2025-11-25,1.118220095690639,1.173411852091798,1.12145784893404,1.1341318498730313,1.1309965453951372,1.0270654773130967,1.0668724716184468,0.953346282336701,0.05134762407219218,0.10653938047335121
2025-11-26,1.074942503311893,1.0858282061299356,1.083425957801301,1.059539584436262,1.108180306408583,0.9865470744675385,1.0711175205676766,0.9687809891138931,0.0038249827442162765,0.014710685562258963
2025-11-28,1.0075915802702025,1.0063217194699592,1.0246431214025593,0.9911836193949003,1.0735761772231027,0.9483804274319575,1.0614790349706396,0.9446653233576624,-0.0538874547004371,-0.05515731550068037
2025-12-01,0.9375611120963541,0.8986632221432194,0.9638434889229291,0.8976434400139742,1.0379029868595655,0.8946790739217791,1.0602085264862728,0.947789393289288,-0.12264741438991877,-0.16154530434305348
2025-12-02,0.88708175448033,0.9331975574267292,0.9206391598326206,0.9278302061215611,1.013673593693263,0.9123686917057388,1.05185791207211,0.9477623452891533,-0.1647761575917801,-0.11866035464538094
2025-12-03,0.8138692002522104,0.8673220140001866,0.858776637502801,0.8701242970831278,0.9799627213521793,0.8783399799242764,1.046343516340423,0.9086400836416348,-0.23247431608821267,-0.1790215023402365
2025-12-04,0.7579387556792313,0.80876299794619,0.812273088742098,0.8183743708462075,0.9554487873950521,0.8470314939688489,1.0060166935563009,0.9062235155268928,-0.24807793787706955,-0.19725369561011086
2025-12-05,0.7021873851670322,0.7547117456067292,0.7667010322052539,0.7701981887141562,0.9321748916598204,0.8171505205372402,0.9983248261478369,0.866590224723347,-0.29613744098080474,-0.24361308054110775
2025-12-08,0.6562826351808689,0.7063747175897434,0.729867897983977,0.7267552312050227,0.9139449036633133,0.7895443725696742,0.9906326091389898,0.871539504877356,-0.3343499739581208,-0.2842578915492464
2025-12-09,0.6378011129714262,0.730604304236961,0.7152384469671272,0.7485757489531808,0.9068560464752023,0.8034921163966345,0.9552555960067871,0.8017726569968808,-0.31745448303536095,-0.22465129176982612
2025-12-10,0.6051157221626197,0.7119166198133847,0.6896777286046836,0.7317541220814973,0.894686065170766,0.7927546026976411,0.9407095546760528,0.813670802443649,-0.3355938325134331,-0.22879293486266805
2025-12-11,0.623036689276202,0.6697490772178194,0.7036411199935884,0.6935950155700996,0.9012998393329079,0.7680165413945449,0.9484428292450575,0.8148850998467269,-0.3254061399688555,-0.2786937520272381
2025-12-12,0.591487357325122,0.6295279443278894,0.6791466256332271,0.6569213012490053,0.8897539809585615,0.7437123919088142,0.9606438778018143,0.758038468810608,-0.36915652047669223,-0.3311159334739249
2025-12-15,0.749855473798191,0.8352750590371422,0.8056140846136253,0.8418587948267171,0.9520004051623656,0.8613366694929077,0.9527277972896847,0.7594620694654495,-0.20287232349149376,-0.11745273825254254
2025-12-16,0.7026183759254193,0.8182240876418221,0.7670499772948047,0.8267657160443718,0.9323501402754515,0.8521619509438062,0.9041643266053832,0.7272676336345698,-0.20154595067996384,-0.08594023896356107
2025-12-17,0.6728912167516884,0.8258192594784525,0.7431157093190627,0.8334934912049561,0.9204396549372336,0.8562599733533371,0.8789557293175345,0.7473027330643406,-0.20606451256584613,-0.053136469839082046
2025-12-18,0.8089123684176379,1.0067365632803111,0.8546267881031594,0.9916617854147747,0.9777452658384014,0.949018535318912,0.8729676502459566,0.7594651202674495,-0.06405528182831866,0.13376891303435456
2025-12-19,0.7974773381755899,0.9358919224813881,0.8450737052354536,0.930179540969299,0.9726624848964547,0.9137354908906579,0.8554961552305168,0.673272407315885,-0.05801881705492695,0.08039576725087128
2025-12-22,0.8133754926195079,0.8729755364198415,0.8583630715392283,0.8750972810085438,0.9797414777305988,0.8813080567030778,0.7132755277391783,0.6559758020403412,0.10009996488032957,0.15970000868066314
2025-12-23,0.7831070098196982,0.8150995688807923,0.8331098091142527,0.8239958047396277,0.9663406312362227,0.8504707903594023,0.6523162835107084,0.5900017145981798,0.1307907263089898,0.1627832853700839
2025-12-24,0.7404153952473417,0.7621642041895512,0.79785863536817,0.7768651652939725,0.9480044123811547,0.8213302290642654,0.6261622251477754,0.5632053829650709,0.11425317009956626,0.1360019790417758
2025-12-26,0.6963538356794863,0.7138497015180635,0.761983465913557,0.7334966686923848,0.9298102217219271,0.7938715411832477,0.5815699381919845,0.5480535538932009,0.11478389748750173,0.13227976332607894
2025-12-29,0.651210088992137,0.6829004120541027,0.7258405551375571,0.7055270318655175,0.9119846157683756,0.775810278197209,0.580046191888183,0.5459837202472176,0.07116389710395399,0.10285422016591972
2025-12-30,0.6403072171258861,0.72055882760736,0.7172150250380446,0.7395400209425673,0.9078086429501104,0.7977368502425981,0.5786264786051648,0.534694653972213,0.06168073852072131,0.1419323490021952
2025-12-31,0.6092377127870853,0.7094473390149969,0.6928780762020168,0.7295273811752833,0.8961944913486074,0.7913257242159937,0.552635651512283,0.5631988948328884,0.05660206127480227,0.1568116875027139
2026-01-02,0.6753216017468608,0.7961758648968016,0.7445463726809591,0.8067566284416817,0.9184144306099588,0.8382869764967037,0.5710228656060109,0.5593754187973616,0.10429873614084995,0.2251529992907907
2026-01-05,0.6333150359966802,0.7436343299095128,0.7112887485899516,0.7599259770590635,0.9024113475138187,0.8092884113417614,0.5729395845288415,0.5781898842415524,0.060375451467838626,0.1706947453806713
2026-01-06,0.645253708638864,0.6982901819467099,0.7206776431693513,0.7191799109566734,0.906883397068179,0.7834538426285425,0.5675494067302681,0.5906178096086455,0.0777043019085959,0.13074077521644178
2026-01-07,0.6438145696957203,0.6569009292819474,0.7195431111901573,0.6817004031715129,0.9063410680061025,0.759153441610923,0.5674850086386909,0.5913433502965393,0.07632956105702937,0.08941592064325654
2026-01-08,0.6299946306522923,0.69040166414876,0.7086868689865483,0.7120583218423806,0.9011785296019026,0.7788772958553026,0.563418710821119,0.5906088569317791,0.06657591983117328,0.12698295332764098
2026-01-09,0.5953556966194058,0.6614753880799327,0.6818009578450495,0.685856834579459,0.8886078314885862,0.7618749569884812,0.5697832006345604,0.5905090032230594,0.025572495984845345,0.09169218744537222
2026-01-12,0.615330459224547,0.6237890856389502,0.6972464294466586,0.6515055119971781,0.8957916757635896,0.7391737437319453,0.5748418963403337,0.5896014107277034,0.04048856288421332,0.04894718929861652
2026-01-13,0.5824762917220598,0.5872665122635874,0.6719310384025265,0.6179683677133302,0.8840717096560695,0.7165304824527342,0.5590971823695311,0.5299146906336707,0.023379109352528737,0.028169329894056294
2026-01-14,0.5676200513379986,0.6035163527898902,0.660637743581683,0.6329209449891097,0.8789345259850185,0.7266868855103998,0.5582153548112528,0.5438265886561574,0.009404696526745804,0.0453009979786374
2026-01-15,0.5953913474341899,0.6774473260937057,0.6818283773618258,0.7003414386129927,0.8886204928832773,0.7713064978449098,0.5511945404175321,0.5385500604711718,0.044196807016657735,0.1262527856761736
2026-01-16,0.5705994775048855,0.6365525712431295,0.6628945342813307,0.6631676080311077,0.8799565368656347,0.7469346825705853,0.5365895417039652,0.459493875351038,0.034009935800920266,0.09996302953916425
2026-01-20,0.5493657505745582,0.6261373077187431,0.6469028648526595,0.6536533057855604,0.8727644689991534,0.7406073319922923,0.6433505136256895,0.6569077158012038,-0.09398476305113135,-0.017213205906946416
2026-01-21,1.0525081589305023,1.1175534660572404,1.0622456035309111,1.0857575524056953,1.090385821377458,0.9984582792964298,0.6449128181680301,0.6761904406590393,0.40759534076247217,0.47264064788921023
2026-01-22,1.0566442645954528,1.036392715628127,1.0658561618122784,1.0163683100859475,1.0925041997663738,0.9603838446338656,0.6605170107239484,0.6719840868043545,0.3961272538715044,0.37587570490417854
2026-01-23,0.976724292572931,0.9610611965929803,0.9964520805631757,0.9513573157539906,1.0523426049911273,0.9237291177231138,0.6511896513383129,0.6644987030312403,0.32553464123461817,0.3098715452546674
2026-01-26,0.8900747681856446,0.8972108761215437,0.9221953647638181,0.8957589315566796,1.0107827579787103,0.8915557916788602,0.6524374762373288,0.6695958461896461,0.23763729194831573,0.24477339988421487
2026-01-27,0.8344033357555033,0.836119186379079,0.8751490139339878,0.8421012458290922,0.9852880561532654,0.8597168540899045,0.6543393986383959,0.674913090039118,0.18006393711710744,0.18177978774068315
2026-01-28,0.7785716575323204,0.7806267450904999,0.8285934568959239,0.792938685304659,0.96075843123402,0.8298043469565428,0.6582352943506687,0.668672782779799,0.12033636318165164,0.12239145073983115
2026-01-29,0.7206707341623992,0.7430685786034472,0.7810946424152986,0.7594195320469835,0.9365054344544458,0.8089708545869488,0.7146463367383673,0.6699544636788987,0.006024397424031935,0.02842224186507991
2026-01-30,0.6811400667158884,0.7439176217312247,0.7492001564521892,0.7601795541458849,0.9206892427598464,0.8094473793494338,0.7340058219666147,0.649248751269817,-0.05286575525072623,0.009911799764609985
2026-02-02,0.659411099321649,0.7381419141300952,0.731517664638148,0.7545712436764695,0.9087111614805485,0.8045991366659159,0.744607372126069,0.655771015749747,-0.08519627280441999,-0.006465457995973756
2026-02-03,0.643229427609208,0.6927689744139466,0.718798342674485,0.7137132324907073,0.902737852166963,0.7784752462913833,0.7695632566858277,0.6729852630509525,-0.12633382907661972,-0.07679428227188112
2026-02-04,0.7229251615865181,0.8331627408212327,0.7822746618017106,0.8391665664599267,0.9331799677095195,0.8569226709617758,0.7884068671398329,0.6672661367787623,-0.06548170555331478,0.04475587368139977
2026-02-05,0.7149136085204889,0.8802937463123888,0.7758044869499495,0.8806808884802795,0.9300062829965732,0.8818108174176663,0.81595500343559,0.7187392815173264,-0.10104139491510111,0.06433874287679875
2026-02-06,0.8744610126944118,1.0867581844464054,0.9076297061014972,1.059533906242842,0.9975375504582349,0.9839766083100728,0.8422659330879878,0.845357804538283,0.03219507960642398,0.24449225135841757
2026-02-09,1.109217759490203,1.0118240381946184,1.10965293430319,0.9951481117548913,1.1109130330730435,0.9480718124720222,0.8499535995776889,0.8390510427967179,0.25926415991251417,0.1618704386169295
2026-02-10,1.0195348450382902,0.9394075761782659,1.031626793043105,0.9323680716740255,1.0658927342544189,0.912139735787767,0.8481625088987966,0.8401640835258649,0.17137233613949354,0.09124506727946924
2026-02-11,0.9395132404661506,0.9327603276615533,0.9628401462182152,0.926576277360374,1.0274508214889766,0.9087759038829532,0.8572024994609384,0.8391193323444008,0.08231074100521218,0.07555782820061485
2026-02-12,0.8598346069867138,0.8830319274739129,0.8953169152264925,0.8830842532154621,0.9909893431356652,0.8832368595305609,0.8819901073857951,0.9024866298139795,-0.022155500399081318,0.0010418200881178175
2026-02-13,1.0508373098949124,1.1606768353998596,1.0587586310659711,1.1225159554013164,1.0813856000781135,1.0182486588254633,0.8830386146300613,0.8996319402407721,0.16779869526485114,0.27763822076979827
2026-02-17,0.9550510758301052,1.0711227610294445,0.9761265713182905,1.0461456076983116,1.0347783260072625,0.9765854193646687,0.8951256163142969,0.9011920391437404,0.0599254595158083,0.1759971447151476
2026-02-18,0.8726217441816527,0.99136924799937,0.9060792136579613,0.9774727436614206,0.9967104226898342,0.938051086690671,0.901479054967148,0.7764273380247351,-0.02885731078549525,0.08989019303222201
2026-02-19,0.820065494397108,0.9211319491233972,0.8620474226638496,0.9164322009864834,0.973532502748759,0.9028636018760856,0.8293829457941456,0.7358345029130838,-0.009317451397037657,0.09174900332925162
2026-02-20,0.7701275171362255,0.9164035814098653,0.8207495486058084,0.9123029077707607,0.9523664222169215,0.9004492904341518,0.8165180449056567,0.7446694075111783,-0.0463905277694312,0.09988553650420862
2026-02-23,0.7618856149742772,0.8545674534901199,0.8139899639360825,0.8580551556296029,0.9489574222641284,0.8683072335858049,0.8209683826140846,0.7792961674098262,-0.059082767639807354,0.03359907087603531
2026-02-24,0.8478044093412853,1.012557273589666,0.885219818350666,0.995780896618584,0.9856543534168137,0.948429208897598,0.8308957257948484,0.78893669429147,0.01690868354643693,0.18166154779481758
2026-02-25,0.824910727124521,0.9409690690621688,0.8660836555395778,0.93372788206861,0.9756315345760136,0.9129282695508409,0.8329772300547267,0.8078137881425899,-0.008066502930205721,0.10799183900744214
2026-02-26,0.8240436736839205,0.8771107759596423,0.865361011334459,0.8778859706188055,0.9752553373638067,0.880150452432522,0.8535356420162692,0.8167796340216626,-0.029491968332348684,0.023575133943373072
2026-02-27,0.8062159752993631,0.9335704406561123,0.8505379131710479,0.9272824043567862,0.9675762421876559,0.9091864745347452,0.8758856940192709,0.8220227422385489,-0.06966971871990779,0.05768474663684142
2026-03-02,0.7816161634154095,0.9371470955699533,0.8301556205200277,0.9303635849680618,0.9568008395123511,0.910889056129444,0.8685284869422327,0.8203938913212669,-0.08691232352682321,0.06861860862772062
2026-03-03,0.7233113297426985,0.8730172855538356,0.7825775236965308,0.8742901311263569,0.9330577057399535,0.8780071096041052,0.9511155198664917,0.8309271796055389,-0.22780419012379316,-0.07809823431265606
2026-03-04,0.7878992474086769,0.9975584006007571,0.8353334304974537,0.9827546568288708,0.9594325447739112,0.9408870779188321,0.9531626576396576,0.8307083938080103,-0.16526341023098068,0.044395742961099494
2026-03-05,0.7737519003982677,0.9273561348373858,0.8236879749598245,0.9218339605412252,0.9535264478251616,0.90594051883708,0.9420069554797614,0.8329821159618128,-0.16825505508149374,-0.014650820642375662
2026-03-06,0.7661339000447368,0.9784868545141542,0.8174371512867602,0.9662583629930991,0.9503755660329325,0.9315137187286661,0.9528242452210915,0.8379138685186832,-0.18669034517635474,0.025662609293062633
2026-03-09,0.924147456059723,1.1839463383107307,0.9496135110848846,1.1420506327775048,1.0197048315492114,1.028309506175965,0.9872104234027729,0.7383038076583334,-0.06306296734304984,0.19673591490795783
2026-03-10,0.9083284406382536,1.0947165431297,0.9361711654454359,1.0662084804895635,1.0124099762630863,0.9873544177342733,0.98059718060337,0.7260141754725933,-0.0722687399651164,0.11411936252632993
2026-03-11,0.8383377925788493,1.0527903868965545,0.8772178269046438,1.0303128149017855,0.9810489806398098,0.9675566877283582,0.9835572839885117,0.725251206946697,-0.1452194914096624,0.06923310290804274
2026-03-12,0.7768132375175109,1.0089932205304046,0.8262038851434493,0.9926267799007825,0.9547984740109859,0.9464657791376591,0.9888566022853205,0.7905112114546939,-0.2120433647678096,0.02013661824508417
2026-03-13,0.9899475097050909,1.2581005537067769,1.005934552219427,1.2045434590216944,1.0508118365316048,1.0612270170522833,1.0068040368290496,0.7290890204790798,-0.016856527123958687,0.25129651687772725
2026-03-16,0.9433802483854339,1.2730769394697163,0.9660099182887556,1.2171088757389101,1.0286718234770817,1.0677607119538985,1.0219287379526125,0.7726218829526114,-0.07854848956717864,0.2511482015171038
2026-03-17,0.9466533067025287,1.1746271688195,0.9688058919155822,1.1341634675351608,1.0302083476179218,1.0241032886380215,1.025087155781865,0.7747179950562607,-0.07843384907933637,0.14954001303763498
2026-03-18,0.868251823408689,1.0844610167170348,0.9023048966840096,1.0574439424297812,0.9942654362993874,0.9825459189852899,1.0165234633069609,0.8144652987247427,-0.14827163989827186,0.0679375534100739
2026-03-19,1.0148400507318611,1.2933676986465912,1.027396979427325,1.2341041846092817,1.0628855808517588,1.0765541587048566,1.023643254386764,0.8143853251219183,-0.008803203654902836,0.2697244442598272
2026-03-20,0.9345244525044536,1.2451128409060408,0.9584530643980502,1.193631666230559,1.0245297599302021,1.0555305401612374,1.0426978610879856,0.8315442396408104,-0.10817340858353197,0.20241497981805523
2026-03-23,1.0700431691325876,1.4390389498565983,1.0752628290710313,1.355187439830179,1.0902210795956526,1.1378286720813977,1.1137066386931043,0.8635828033002777,-0.0436634695605167,0.32533231116349404
2026-03-24,1.0527196159216126,1.3222237346868257,1.060203865684266,1.2582173608589575,1.0815620507715549,1.0889459883092996,1.1131916374282247,0.836745270137659,-0.06047202150661213,0.20903209725860106
2026-03-25,0.9732028517034266,1.286907931390529,0.9915433424208235,1.2286971409995489,1.0427824099570078,1.073761927944271,1.135113860664835,0.8196294923568692,-0.16191100896140842,0.15179407072569395
2026-03-26,0.9098669981502809,1.1854943254038124,0.9374767822987479,1.143360011477486,1.0131162346734082,1.0290066464114438,1.1507739624302449,0.8881453558447358,-0.24090696427996394,0.03472036297356751
2026-03-27,1.1515863351219933,1.468713632209796,1.1465642823947413,1.3796637145724502,1.131911515401941,1.1499388103823343,1.1435177564766181,0.9417137592689768,0.008068578645375135,0.3251958757331779
2026-03-30,1.2906455710354614,1.6893834806961794,1.2694864285330538,1.5598562860083556,1.2061912502684855,1.236533048353488,1.1682882032712913,0.9362136175418395,0.12235736776417006,0.521095277424888
2026-03-31,1.177761908314509,1.6109122628252954,1.1695847195971634,1.496131617927012,1.1456019385618978,1.206401135187569,1.1876452774692787,1.1781291837812597,-0.009883369154769728,0.4232669853560167
2026-04-01,1.5863916527639321,1.4381281262572019,1.53788773899926,1.3549009378728991,1.386412212135064,1.13896073421352,1.1226377053906547,1.1801195233619532,0.46375394737327746,0.3154904208665472
2026-04-02,1.4520360731973296,1.3207003516656277,1.4165138522083267,1.2573730975876287,1.3071570938522916,1.0897225391257501,1.1750147620395364,1.1789206511262316,0.27702131115779327,0.14568558962609135
2026-04-06,1.3063660951259466,1.2147654160399755,1.285907358438076,1.1684722109087187,1.224146353809331,1.0434620170183901,1.1570830995431058,1.1553595409387027,0.14928299558284075,0.05768231649686961
2026-04-07,1.1899154414189796,1.1212590963203015,1.1824608784653892,1.089207014313607,1.16039619438924,1.000987791260573,1.1530295070741012,1.1337974820199266,0.03688593434487841,-0.031770410753799716
2026-04-08,1.076864584924384,1.040647345740213,1.0831042480630744,1.0202187294775826,1.1011404496209354,0.9629811854094674,1.2322680648488118,1.2784747602725701,-0.1554034799244277,-0.1916207191085988
2026-04-09,1.4173821217088258,0.970390736225623,1.3853399396277206,0.959555364269028,1.287113193025955,0.9286841782758709,1.2268321953488677,1.2842986022416252,0.19054992635995815,-0.2564414591232447
2026-04-10,1.2927011365070697,0.9026561212296154,1.2737191631443858,0.9005559308420087,1.2165366928778056,0.8944674041692819,1.2182850675764836,1.2306974952096112,0.07441606893058617,-0.3156289463468682
2026-04-13,1.1683222972435103,0.8638478436262668,1.1633934289757843,0.8665087238877704,1.1488648138860755,0.8743047110146049,1.2245038927839969,1.2340327483891889,-0.05618159554048652,-0.3606560491577301
2026-04-14,1.1224138913740263,0.8076635139974482,1.1229909307502828,0.8168802093653851,1.1246759539904325,0.8443252603019988,1.1964157339582568,1.241771897864178,-0.07400184258423059,-0.38875221996080866
2026-04-15,1.1235417127824718,0.7574933514820391,1.1239811559978672,0.7722044255848526,1.1252646909437702,0.8166948640065781,1.1649447743086776,1.2486529739349967,-0.041403061526205764,-0.4074514228266385
2026-04-16,1.0610800414075976,0.7110545867909865,1.0693325260654845,0.7305261027270277,1.093097866821801,0.7903233538842401,1.151323846317883,1.1882279707496293,-0.09024380491028539,-0.44026925952689644
2026-04-17,0.966891910489024,0.6676244917371649,0.9877696697382082,0.6912441246029865,1.0464109825329995,0.7648995172522446,1.1516740280573858,1.196679172831429,-0.18478211756836183,-0.48404953632022096
2026-04-20,1.00083380769392,0.6304726425765688,1.017032698902931,0.6573910381587794,1.0629685602352577,0.7425119155886016,1.1438400403247608,1.1271322632482768,-0.14300623263084078,-0.5133673977481921
2026-04-21,0.9199608639967541,0.6426217849485163,0.9475786254982432,0.6684877687876113,1.0240452537598697,0.7499011512502183,1.1286164636856635,1.1434652377109364,-0.20865559968890934,-0.4859946787371472
2026-04-22,0.8981813340325576,0.7461967164975146,0.9290437518438126,0.762095474965208,1.013884216222931,0.8103530585385469,1.0552319712188079,1.139976704685701,-0.15705063718625023,-0.30903525472129323
2026-04-23,0.9110456937864841,0.7013529130454892,0.9399822092748894,0.7217772974837556,1.019868799155913,0.7847103244145593,1.0660240504184726,1.153783211443932,-0.15497835663198845,-0.3646711373729834
2026-04-24,0.8579247313709821,0.7430948362679488,0.8949995712163263,0.7593164309769387,0.9954858699961608,0.8086036275208442,1.0362210913006826,1.0352417605181954,-0.1782963599297005,-0.2931262550327338
2026-04-27,0.8405478026745348,0.6979700780198741,0.8803971014096885,0.7187232229564068,0.9877033858918935,0.7827443661307483,1.0173547394206153,0.8984401588426245,-0.1768069367460805,-0.3193846614007412
2026-04-28,0.7747382409847838,0.6555626188925145,0.8256660869726667,0.6802792757325957,0.9591501045359447,0.7576983428962417,1.0210931899171796,0.9074335820253819,-0.24635494893239573,-0.365530571024665
2026-04-29,0.7568504654247858,0.7220364818179319,0.8109619794779238,0.7404117005455616,0.9516523094501791,0.7966327888977736,0.9750170599044452,0.7413638512383157,-0.21816659447965936,-0.2529805780865133
2026-04-30,0.703489767975662,0.6916625764982027,0.7676005152603107,0.713023844311067,0.9299958234060641,0.7790664333345804,0.9283571213070227,0.7483741357928079,-0.22486735333136076,-0.23669454480882002
2026-05-01,0.7590306102676548,0.6255515337821697,0.8114661779973947,0.6517663306427894,0.9471697992515528,0.7351877834191279,0.9204233689453886,0.7446482251854504,-0.16139275867773373,-0.2948718351632189
2026-05-04,0.708959954818479,0.5901039970341022,0.7708109633794283,0.6191604940805205,0.9270348337618424,0.7129277960577771,0.8516432503005029,0.7678766701587142,-0.14268329548202396,-0.2615392532664007
2026-05-05,0.6885187147767389,0.6383272480774428,0.7544198243529763,0.6634628323311283,0.9190905896888946,0.743063607028026,0.8526322758942719,0.766493654015137,-0.16411356111753306,-0.21430502781682914
2026-05-06,0.7108702636961395,0.6030792585491768,0.7723491933846888,0.6311221828748964,0.9277855909435017,0.7211473923788704,0.8295813764293497,0.6381801361868056,-0.11871111273321022,-0.22650211788017294
2026-05-07,0.8579466858420758,0.5723731041257012,0.8935638854790245,0.6027633058488886,0.9895693279404734,0.701556086427026,0.6304208663944064,0.6564172736867989,0.22752581944766936,-0.05804776226870523
2026-05-08,0.8060787576344135,0.610473411503797,0.8502475597391338,0.6379248651040967,0.9669206639535673,0.72579406284553,0.615006869323178,0.6556737940244954,0.19107188831123545,-0.0045334578193810815
2026-05-11,0.8063699707324118,0.5777142923714531,0.8504891903732179,0.6077090776991035,0.9670453188503813,0.7049989773789849,0.6195766715500827,0.6431163815648643,0.18679329918232912,-0.04186237917862956
2026-05-12,0.7472239526956336,0.5462618415825499,0.8018188619185371,0.5785040778310258,0.9423376750923879,0.6845017412601999,0.6201314873696249,0.6215169239585497,0.1270924653260087,-0.073869645787075
2026-05-13,0.7014026550467529,0.556898978508761,0.7647362395984023,0.5884032016937243,0.9240786887261194,0.6914948492190192,0.6320115711967629,0.614282315498502,0.06939108384999004,-0.07511259268800186
2026-05-14,0.6848611063561013,0.528040167533431,0.7515005283077574,0.5614924345284215,0.9176865067213444,0.6723709729075331,0.6305773455820198,0.6238701620111928,0.05428376077408148,-0.10253717804858886
2026-05-15,0.7058302817171068,0.5021616485468544,0.7682931978105609,0.5372101607322668,0.9258079206050448,0.6547971490293109,0.6678783539047893,0.6756488169928434,0.03795192781231749,-0.16571670535793492
2026-05-18,0.854619805129848,0.761712412083891,0.8907694057471345,0.7750634102531414,0.9880902383086143,0.8155983608106667,0.6715970650449214,0.6722139936017176,0.18302274008492658,0.0901153470389695
2026-05-19,0.7889256741754612,0.7378501025883432,0.8360484025881003,0.7536612845078219,0.9596296977642618,0.8020305273942252,0.683662715317482,0.6729937216342852,0.1052629588579792,0.05418738727086114
2026-05-20,0.7955069719651479,0.8314934005362106,0.8414884854729253,0.8371982228627446,0.9624150696087056,0.8541619374962334,0.6794002683008598,0.673757327170201,0.1161067036642881,0.15209313223535081
2026-05-21,0.833702743322923,0.779059958023951,0.873248955187692,0.7905717650660398,0.9788725650597747,0.8253361710261138,0.6851304073353031,0.6590681904796766,0.14857233598761999,0.09392955068864794
2026-05-22,0.7697220185195378,0.7295245187951502,0.8202326409586754,0.7461745931309717,0.9515892025983312,0.7972479897720692,0.6566674759804771,0.6482045595963742,0.11305454253906067,0.07285704281467309
2026-05-26,0.7250815881559773,0.6850625368012495,0.7838256629733029,0.7060152762149262,0.9334147389541749,0.771258013560802,0.6636462243573162,0.6556127931515692,0.0614353637986611,0.021416312443933272
2026-05-27,0.7176005471553418,0.6453136367001318,0.7777770694534619,0.6698471242505961,0.9304418303633479,0.7473389712867465,0.6611650073498619,0.6362147079199746,0.056435539805479884,-0.01585137064973019
2026-05-28,0.6705375002014135,0.6226953262030082,0.7401096730831743,0.6491474878440253,0.912239634334401,0.7334166474626631,0.6435364438019586,0.6356522898817472,0.027001056399454826,-0.020841117598950465
2026-05-29,0.6589825108785412,0.5881870208559279,0.7309702151120763,0.6173905980811316,0.9079063262552164,0.7117062074751415,0.6378557341780106,0.6141477173173661,0.021126776700530647,-0.04966871332208267
2026-06-01,0.6225738534524875,0.5346073355009948,0.7017840479475044,0.5672259662923752,0.8919686247319113,0.6751263165207072,0.6175663208485808,0.6141406790758204,0.005007532603906739,-0.08295898534758595
2026-06-02,0.5941976782433162,0.5069579142055829,0.6799427637740504,0.5413106661299137,0.8820398767711323,0.6564047197043255,0.6092261633302256,0.5973488722070027,-0.01502848508690946,-0.10226824912464272
2026-06-03,0.5658034881092419,0.48099438677118833,0.6584324128186715,0.5168215103891064,0.8724630617708333,0.6383821558085203,0.5981236951075729,0.6228119198734362,-0.03232020699833105,-0.11712930833638457
2026-06-04,0.6352520866656943,0.6135805330371948,0.7116455384884526,0.6403963926736478,0.8965172593505729,0.7262269955981758,0.6022954539646895,0.560554224723204,0.032956632701004795,0.01128507907250531
2026-06-05,0.6119599931024475,0.5796683510558693,0.6935762346215538,0.6091228117610282,0.888213717884979,0.7046872255077602,0.6562249494525374,0.8324683848373956,-0.04426495635008987,-0.07655659839666806
2026-06-08,1.2725798967326065,1.2785471703120346,1.252682012303944,1.2224390183619394,1.193325927951567,1.0713253417837596,0.6817265538262083,0.8134672596052663,0.5908533429063982,0.5968206164858263
2026-06-09,1.1510797528768242,1.1784270911148196,1.1453495773200004,1.1377353191568367,1.1286292657075976,1.0260472773161728,0.8571055225779806,0.8145137390724823,0.2939742302988436,0.321321568536839
2026-06-10,1.0554783726112666,1.1517488330161039,1.0618118023695275,1.1150224894542882,1.0799030065350343,1.013680027622898,0.8902533746110787,0.8873493169528643,0.16522499800018797,0.2614954584050252
2026-06-11,1.189652673094726,1.3858890477730412,1.1792976166913087,1.3123777861275063,1.1488532410214016,1.118052827732886,0.9171401513778269,0.9630698717459472,0.2725125217168992,0.46874889639521433
2026-06-12,1.2686551068552712,1.2802094033079134,1.2491975779054458,1.2238384522229808,1.191192156477016,1.0720627065501276,0.9279080499728066,0.9535786880817532,0.34074705688246454,0.3523013533351068
2026-06-15,1.1617771795373393,1.1812244796418265,1.1547515419882985,1.1401133284133877,1.1342070566354876,1.02733639856563,0.9712603566727845,0.9916829449592969,0.19051682286455474,0.209964122969042
2026-06-16,1.2623509128431927,1.097892341439712,1.2436029310179282,1.0689777686559256,1.1877706104292634,0.9882959153692202,0.9459696618489706,1.0035340667142805,0.3163812509942221,0.15192267959074135
2026-06-17,1.1761727994631666,1.1360588325150376,1.1674195645175212,1.101635363169466,1.1417508303210337,1.0063436208116205,0.9495093490233311,1.0347149174465602,0.2266634504398355,0.18654948349170652
2026-06-18,1.2049568173272116,1.3009645859012908,1.192801181499315,1.2412940760235642,1.1569611095443837,1.0812320470753036,0.9626739453242026,1.0354430915520725,0.24228287200300902,0.33829064057708824
2026-06-22,1.1605895087647211,1.2018177827214709,1.1537072012912957,1.157598746529473,1.1335866011736433,1.036782560237422,0.9615431670376802,1.0379310028283666,0.19904634172704094,0.24027461568379072
2026-06-23,1.0650553556871987,1.1763916558141208,1.070137764568836,1.1360046089643367,1.0846891433749968,1.025108382112111,1.025077504132592,1.0851138195924093,0.03997785155460676,0.15131415168152884
2026-06-24,1.1660835825823337,1.3794222117488881,1.1585392709791578,1.3069835848901719,1.1364592498420496,1.115287021078488,1.031952186475925,1.071496938242146,0.13413139610640878,0.3474700252729632
2026-06-25,1.0579210501935745,1.2875117962721976,1.0639344297907458,1.2299837709513821,1.0811216461610542,1.0752967177819166,1.0497308700091383,1.072796173021504,0.00819018018443618,0.23778092626305924
2026-06-26,0.9624887053637786,1.1860832707654996,0.9815438346654891,1.1442421017897935,1.034631890669892,1.029572067641213,1.136340862654773,1.0702853051963608,-0.17385215729099446,0.0497424081107265
2026-06-29,0.9429909352791858,1.2384458877410622,0.9648600819117414,1.1886111628549583,1.0254317193810216,1.0533976813161614,1.1659543603918006,1.1406288863857394,-0.2229634251126148,0.07249152734926168
2026-06-30,1.0793203334804122,1.1485505563055936,1.0825579132055405,1.1122954108078302,1.0918586793286125,1.012188395547662,1.1705899267088795,1.1545300550730695,-0.09126959322846728,-0.022039370403285963
2026-07-01,1.023190146702176,1.030142711387214,1.0337895433681403,1.0118588223248342,1.0635952687812038,0.9601093817556632,1.177052283908067,1.1536365797290928,-0.15386213720589104,-0.14690957252085313
2026-07-02,0.937668308528605,0.9911873708840949,0.9605357245243386,0.9781289948459307,1.023273168023138,0.9408320830867648,1.1931798913296607,1.1443688782100616,-0.2555115828010557,-0.20199252044556582
2026-07-06,0.8637378532935331,0.9555586405460685,0.8981133010193367,0.9471394578258351,0.9900814526538784,0.9228841398822042,1.192433268463201,1.149541471912272,-0.32869541516966794,-0.23687462791713254
