Date,garch_fc_vol,egarch_fc_vol,sigma_v3_h1,sigma_v3_h5,sigma_v3_h21,rv_target
2016-07-01,1.526445108390536,1.2611533551426892,1.121684783374562,1.0511272271159482,0.9230816319311709,1.2835579446524568
2016-07-05,1.31902924676614,1.160114883402848,1.0541233968413672,0.9945627535331178,0.9096165606168679,1.2804024001701355
2016-07-06,1.1982248069782715,1.2458674521615722,1.1075537366699204,1.0362416079497399,0.9392254677445424,1.2880289640107885
2016-07-07,1.0809272384193418,1.1048938801421926,1.0198494352295753,0.9647461855601053,0.9142009494589556,1.2941798303093883
2016-07-08,0.9592184909126176,1.0589564415321615,0.9794465568473602,0.9318928449501206,0.9060904392791419,1.310718742264693
2016-07-11,1.0764774667081582,0.8521074195848292,0.8557589609625749,0.8314958714186462,0.8602002599659772,1.3103551477973336
2016-07-12,0.9648313399376496,0.7838773307230638,0.801282665749594,0.7860792758733917,0.8419608619116621,1.3079220876922313
2016-07-13,0.9193103460417592,0.6827159099680411,0.7312646998171282,0.7272074649964306,0.8159051130431859,1.3016663403055562
2016-07-14,0.8315813977077066,0.6732770298933914,0.7060342453870386,0.7059541060629465,0.811028702291558,1.3039076607330984
2016-07-15,0.797967390403914,0.5999905148607352,0.6519511302102208,0.6613827152916701,0.7897298153684946,1.300953965742258
2016-07-18,0.7420476186435773,0.6231172583978427,0.6494976919860737,0.6600937452467996,0.7945884662306222,1.279690309496775
2016-07-19,0.703277613902707,0.5856310622410659,0.6139393511138078,0.6310788981144217,0.7800712369431235,1.2775593021747804
2016-07-20,0.6698699289401331,0.6030026774769173,0.6097103841941302,0.6341722173124789,0.7822802629517545,1.248880830784037
2016-07-21,0.6639756044826015,0.5508426392661152,0.5712103540531625,0.6051816657926896,0.7622868977728273,1.2495115111505628
2016-07-22,0.6648456794445786,0.6337655667771773,0.6132512877226604,0.6490579339744315,0.7893973533195393,1.245723503852854
2016-07-25,0.6642268490822307,0.5756078499577235,0.5728943169541291,0.6182051638127681,0.7687786037826843,1.2323354094462513
2016-07-26,0.6532021053134157,0.6313789531090013,0.6056304381504726,0.6504024775586614,0.7876108872244482,0.6816336763945265
2016-07-27,0.6300956478429487,0.6187091007678964,0.5968602787078038,0.6454304801968604,0.7834145971373635,0.6511901942522291
2016-07-28,0.6167963024395932,0.6341984883155415,0.6061985442777171,0.6552062854576663,0.7892991642430285,0.6008488350680364
2016-07-29,0.6047239583436363,0.6132278013918193,0.5792754129966199,0.628155952515359,0.7651014203606976,0.5611085634806708
2016-08-01,0.5719598282036998,0.5834575817166533,0.565732010494339,0.6145162345763289,0.756036791832346,0.5369156789574369
2016-08-02,0.5681784415074953,0.6006990466899275,0.5755360392454602,0.6207047119675713,0.7597106380914475,0.552948074545966
2016-08-03,0.6498298602795235,0.7483813551712284,0.6653199795904846,0.7004627343349721,0.8096080248378866,0.5423224900595629
2016-08-04,0.6291651720230096,0.6958837634866349,0.6386231652213074,0.6766452076657047,0.7957987067377205,0.5539102307946884
2016-08-05,0.6049250633742033,0.671543866635328,0.6251180940125011,0.6656490095501018,0.7877361086557529,0.5400230437541437
2016-08-08,0.6879736525544444,0.5658196962621121,0.56508913365864,0.6124386041835844,0.7528219893658247,0.4990339715241871
2016-08-09,0.6483728518299388,0.5795913665879544,0.5704915030880076,0.6184027432428463,0.7552207678264251,0.4923878069986645
2016-08-10,0.6179667868370033,0.5717036136628141,0.5649331231747434,0.6129153507145617,0.751541082082152,0.4661135286857418
2016-08-11,0.6128848790492005,0.6264639646686245,0.5971899735368839,0.641439557502514,0.7770579559114803,0.4640064331872197
2016-08-12,0.6235999773707135,0.5648854997082258,0.5628124011157924,0.6082227646322744,0.760240252757628,0.4425043704867843
2016-08-15,0.6039944351064487,0.5845921956451752,0.5728805500788352,0.6160794518677544,0.7727394739545124,0.4315761592152584
2016-08-16,0.5971497286842704,0.5475739308537276,0.5506973578713422,0.5952653465813748,0.765397189130599,0.4323084441844281
2016-08-17,0.640388907214342,0.6697931640805362,0.6212996517353819,0.6591260175280791,0.8112006491529709,0.4386081430132634
2016-08-18,0.6156277100944803,0.6376951406927476,0.6021363657058122,0.6434811700706075,0.8024327341957682,0.4361729237629131
2016-08-19,0.6003604765680578,0.6040147820580356,0.5818816260596962,0.6262883059629336,0.7915381782958885,0.4338296375482016
2016-08-22,0.5915997790635724,0.6331055033277843,0.5977843865518716,0.6423781730661153,0.8020989776541975,0.434433805847687
2016-08-23,0.5787695756871325,0.6294084843819572,0.5940219321991534,0.6388414041632745,0.7967193232624705,0.4346874953608002
2016-08-24,0.5736167388994624,0.5993195146094903,0.5769367172067559,0.6221087600385005,0.7821895526189996,0.4325845735406006
2016-08-25,0.6248120256853494,0.7142059009167215,0.6460191754103083,0.6847769243316831,0.8177353103752447,0.4222761711323444
2016-08-26,0.6039856384701475,0.7160306654400006,0.6512284343577784,0.6891538979893672,0.8187910883304537,0.4501950795516604
2016-08-29,0.5975136887139689,0.7430797636871124,0.6426609099182939,0.6802657649408244,0.8089371047946035,0.4450179184282085
2016-08-30,0.6177319327942008,0.6672754722468974,0.6027089513053354,0.6438448027331315,0.7818889155513087,0.4451922458606541
2016-08-31,0.6049812585298266,0.6942817943621585,0.6200844607056316,0.6583110238112023,0.7891743606351521,0.4300083017718941
2016-09-01,0.5511179531084142,0.6439632951153976,0.6535945854064996,0.6875953681684984,0.803667815017139,0.4432546390962337
2016-09-02,0.5309524911953828,0.6233064595025887,0.6441320444243213,0.6869546986024215,0.7952869806965231,0.4149721462356716
2016-09-06,0.5505431779064165,0.563986098996643,0.6063597661035097,0.6569861660300736,0.7724226793280775,0.419605287401701
2016-09-07,0.5440293525342382,0.5233249386671484,0.5799537907417011,0.6396855752047759,0.754420468013317,0.4218483592188088
2016-09-08,0.5260508990195508,0.5159844581273606,0.5754767091710974,0.6412897223648705,0.7484475021300306,0.4219728502299067
2016-09-09,0.5285408621208582,0.5590926146466144,0.6085927588421647,0.6705908306703887,0.7610959281250272,0.4697866968036763
2016-09-12,1.279079559145729,1.414665992812184,1.0432995041442288,1.0572519038270705,0.9589342529750912,0.517937833293837
2016-09-13,1.284382385844247,1.1754669145376857,0.9338540774892459,0.955703528332206,0.910627126512785,0.5544825800770267
2016-09-14,1.316224394904588,1.4300588766338178,1.1335003063256683,1.11972883627011,0.9919004627893097,0.5725964158298648
2016-09-15,1.1359039677990137,1.317209183965953,1.1042625398358021,1.0851265697680623,0.9830757577327396,0.5903761344221155
2016-09-16,1.0863360525697756,1.1273641078227048,1.009991140760103,0.9969144135343607,0.9481494960343013,0.5883555696318086
2016-09-19,0.970290924412221,1.131940024277731,1.0332782712619417,1.0087640010312853,0.9604732314977886,0.607488629080469
2016-09-20,0.855150666642976,1.0522573329748512,0.9994304232079948,0.9767206203747409,0.9472542255279631,0.6155561798212202
2016-09-21,0.7637544798505371,0.9843615032386912,0.9631330732236865,0.944963342251849,0.9334060638411825,0.6382398095169088
2016-09-22,0.8592017389440821,0.8284749682291384,0.8629182326440842,0.8603740653317502,0.8900781101066377,0.6470154502494488
2016-09-23,0.8151636777037138,0.7322402986496325,0.7984131391141124,0.8075007758396543,0.8599648723825118,0.6437243408498443
2016-09-26,0.7844941531654177,0.8283871649981164,0.8564642598027606,0.8551538115667147,0.8848854475147223,0.6494214341720067
2016-09-27,0.8168809285277647,0.9776290836259384,0.9473821022928537,0.9312964557159605,0.9237856693501332,0.6323400378140486
2016-09-28,0.7823551296020897,0.8646002613455278,0.8810053782448504,0.8783232328574865,0.905553773947682,0.6459692829566119
2016-09-29,0.7379639680925023,0.7758029882735515,0.8262635040874726,0.8306378650346719,0.8841176984372913,0.6615179130519223
2016-09-30,0.8101019264026877,0.9587981595947036,0.9329227154724751,0.9200537515432504,0.9401881520653488,0.6715371878472643
2016-10-03,0.8112997580920096,0.8314656985470072,0.856966086802494,0.8571962658767204,0.9129814815198358,0.6646405434839328
2016-10-04,0.7495542522134241,0.8467249442731726,0.867917178696579,0.8668243836662696,0.9279073351281205,0.6663742003758528
2016-10-05,0.736788766754555,0.9209065571371176,0.9139571844871753,0.9107364612169689,0.9608317278062032,0.6671680538132779
2016-10-06,0.7070586074990521,0.8320166928630781,0.8583271155474627,0.8708930310029449,0.9496947248116324,0.6696604562252604
2016-10-07,0.6613911535335365,0.7894735027749563,0.830813402874162,0.8538013580711636,0.9501826144598712,0.6809151005120115
2016-10-10,0.652156545843469,0.8324461709355121,0.8570526211122057,0.8823744456467393,0.9697635984918178,0.656121917804466
2016-10-11,0.6587162894687599,0.746067883356683,0.8053069164789884,0.8388117273708798,0.9477885505792671,0.6420090850429618
2016-10-12,0.8659311507825123,1.0356575752970445,0.9791980571084546,0.9878924909539917,1.0344202771462108,0.6139507919664066
2016-10-13,0.7807777455772543,0.9630715872439158,0.9492750510277888,0.9577127790393907,1.026131740908604,0.6372542225469032
2016-10-14,0.7351602968770357,0.9811739784740556,0.971725208315863,0.9712643944124029,1.0415568568933797,0.6339496116120071
2016-10-17,0.6818857488687381,0.9231145914023412,0.943284907455352,0.9417301146847978,1.0333227194575976,0.6305279501246478
2016-10-18,0.6669267261793854,0.950621864371819,0.9666742588029831,0.9570339880319186,1.0452352685482094,0.6376928215672583
2016-10-19,0.6858003168890304,0.8410437316802998,0.9001403892086712,0.8980094501000222,1.0163125100630543,0.6277595192523315
2016-10-20,0.6539168993898267,0.778051321177767,0.8583012462442543,0.8626283608221068,0.9986685595091792,0.6112177237136555
2016-10-21,0.631395016487917,0.7877520697146632,0.8608298378822535,0.868902443630732,1.0032478036637864,0.6059495922466164
2016-10-24,0.606727311601107,0.7523190451373422,0.8341030893764217,0.8535944272889547,0.990294427271609,0.6112000914038659
2016-10-25,0.6146619386922226,0.6834601259027724,0.7853964395815787,0.8181036066994328,0.9654600647297481,0.6046322515034668
2016-10-26,0.6191403355906392,0.7368658074486039,0.8134043340319275,0.8516360267159621,0.9802802426142783,0.6139890874608731
2016-10-27,0.608115775984419,0.7541868298148685,0.7702408300247167,0.8118295628295567,0.9252594316713624,0.6023612343419983
2016-10-28,0.6067221873745556,0.7841366308888038,0.7916029872776306,0.8382553938955256,0.9348304066685865,0.597077522933858
2016-10-31,0.6089644548882973,0.8170895589761811,0.8163793139461581,0.8681432339848898,0.9468960614271514,0.5789199930267824
2016-11-01,0.5687080034673219,0.71658738929418,0.8006703038532804,0.8512678133541807,0.9393616156584816,0.6126642394694025
2016-11-02,0.6539271228888794,0.856508060659167,0.8953015198839602,0.9313566575456265,0.9901246020565351,0.6109475409799663
2016-11-03,0.6812921524245689,0.9438154802869853,0.9674809968604763,0.9871481653541597,1.0260230133735266,0.6095102003347564
2016-11-04,0.6751204378299482,0.9840351824594732,1.0137057549064632,1.0248185770122666,1.0440415295991197,0.6136829780039742
2016-11-07,0.6360990605675451,0.9416168823386776,0.9982890299891951,1.0166061511375823,1.0371604564568484,0.6340565274134987
2016-11-08,1.1494358448555202,0.7277941300383712,0.8503411772118666,0.8907492023213555,0.9672617607433622,0.6419214701361803
2016-11-09,1.0174630733030243,0.6597741945305654,0.8016651776774214,0.8451300844012705,0.9453247071952251,0.6842229858494207
2016-11-10,1.0089099986883134,0.5552297338427482,0.7350020835559419,0.7815515403331105,0.9127167639357404,0.7146275768111991
2016-11-11,0.8939400272301817,0.5203913383346346,0.7053763867146813,0.7511997365954521,0.9021624401999122,0.6895516799677484
2016-11-14,0.8075096383553356,0.5606441807846015,0.7243818705762506,0.7652599825623814,0.9184353864549967,0.6854897213311112
2016-11-15,0.732624755910139,0.5387340634912526,0.6982434207653746,0.7408450022859127,0.9092443999055827,0.6861549433961756
2016-11-16,0.756098575491298,0.4659646206602323,0.6468854397319332,0.6919237332651856,0.8841982451755677,0.6667955336115158
2016-11-17,0.7003886549143618,0.5014743242362745,0.6581969059219955,0.6998867260538195,0.8961263351272892,0.6653988590690633
2016-11-18,0.6874575338256671,0.4514303769697412,0.6191226875414022,0.6630594237884584,0.8757570805364385,0.658942339870082
2016-11-21,0.6523341172942507,0.4970180255725149,0.636443806104279,0.6796239392940612,0.8909390702425348,0.6548095997141493
2016-11-22,0.6980146385882289,0.4298252919834203,0.5883697817190104,0.637310715826727,0.8654490061977147,0.6519968249657697
2016-11-23,0.6541094669561974,0.4101082689093888,0.5639465196413936,0.6180737719215178,0.8533480847167739,0.6524770235603287
2016-11-25,0.6175181880153302,0.4032177285137124,0.5469461862514047,0.607390064694182,0.8453111002787729,0.6352880798116659
2016-11-28,0.6107034028342904,0.3718229901827551,0.4969570830237689,0.559077750922208,0.7918585549478403,0.6338259303813657
2016-11-29,0.6286004852668666,0.492074021590424,0.5669459393579778,0.6260602726733394,0.841570340536005,0.6220975338658968
2016-11-30,0.6034542849371153,0.4672409153488804,0.5458311995057941,0.6052080745599018,0.8306491753515483,0.6298174557395146
2016-12-01,0.6012969446769602,0.5046547881400854,0.5748562180898932,0.6294951300246749,0.8522246891879828,0.6000337559140696
2016-12-02,0.6110657266003481,0.5823092919066878,0.6241565572783723,0.6739303088235346,0.8837638975839327,0.5905345034493444
2016-12-05,0.5887532703212583,0.5619399175155656,0.6047042891708638,0.6592298585324983,0.8714199954419902,0.5933616014511831
2016-12-06,0.6254227614077807,0.4968967135334529,0.5653427520025256,0.6281812278232068,0.8465790388471721,0.5868672366542739
2016-12-07,0.611407390414738,0.4610778747391734,0.5394914161550491,0.6083779068355248,0.828783159445283,0.5623969262545572
2016-12-08,0.8177771354244374,0.3520763236615645,0.4799152974294241,0.5522553633566191,0.7851028431936086,0.5466483029951089
2016-12-09,0.7460260680116202,0.3330602208521089,0.46406190618031545,0.5373550198435542,0.7712666830528472,0.4567880476858421
2016-12-12,0.7316135712445853,0.2856079142597151,0.4373878010764381,0.5102079397029675,0.7478956882601374,0.4062556502658294
2016-12-13,0.6799982321806076,0.3199191010211715,0.453932922997733,0.5250402879077,0.7568076123387351,0.3950598647107662
2016-12-14,0.6972115420280549,0.2683716282102388,0.4226516627521626,0.49423784176549523,0.7314881135284851,0.4150170043545298
2016-12-15,0.7613154636559272,0.5428123355213276,0.5759745809965959,0.642265415094669,0.8343633288054604,0.425607674888154
2016-12-16,0.7175513464340472,0.4950196567133554,0.54950344755921,0.6160951315660795,0.8152220470848802,0.4263945888409183
2016-12-19,0.6746065190560179,0.5317442727730265,0.571773664294959,0.6370836941885679,0.8292079520244202,0.4270624393169643
2016-12-20,0.6391648801613496,0.5013891888255941,0.552050718618959,0.6175960203218736,0.818205506072687,0.4262517728675652
2016-12-21,0.6279232321351109,0.4593743594238256,0.527242072020338,0.5934165471921603,0.8019648325066848,0.4213082590607599
2016-12-22,0.6182790002420283,0.5195448649390817,0.5641745167560808,0.6295472388678935,0.8260062610838503,0.4174840083673746
2016-12-23,0.601965078596095,0.5485722646758502,0.5801435521173991,0.6464502921190353,0.8360457005090774,0.4118190690895524
2016-12-27,0.5841152785331256,0.5228979583619917,0.5615419072880282,0.6292365996925795,0.8236026672150651,0.4129192450050097
2016-12-28,0.5771049615337633,0.4907073660665295,0.5396153640870534,0.6064062949825676,0.8049011678795664,0.4177072514966403
2016-12-29,0.6895072820099523,0.6998384811630151,0.6802422651325953,0.7355886074880311,0.8902182874170195,0.4158514269796289
2016-12-30,0.6459369588273861,0.6772287000124166,0.669116005967048,0.721548542725439,0.8827985961413373,0.4204034917556503
2017-01-03,0.6325267148998832,0.7180619412159628,0.7128845859031636,0.7585013297412314,0.9073248619329835,0.4442860089898741
2017-01-04,0.681850719529239,0.6379518160753852,0.6607117730705118,0.7106765755508964,0.879636813591788,0.4423068671303622
2017-01-05,0.6831891135343916,0.576952977126361,0.619398791287774,0.6719000827918817,0.8566595609103073,0.4385252172578379
2017-01-06,0.641126431089266,0.5787114154640157,0.618897783866455,0.6711973346425155,0.8568697689915783,0.4463168569901902
2017-01-09,0.6236236214555032,0.5387975367402854,0.5893769742631154,0.6445292780283443,0.8398473928514862,0.4314126434471599
2017-01-10,0.6186471205587106,0.5980760370824091,0.6304603770236937,0.6815721371499776,0.8641538692374253,0.4340185594571976
2017-01-11,0.5919184273859164,0.5818521793411654,0.6162671176532262,0.6688420804167561,0.854285252256378,0.4447946652411076
2017-01-12,0.5820926467258153,0.546564145178662,0.590510060949625,0.6463978152615757,0.8375060742510283,0.4653925565652421
2017-01-13,0.5809060467466779,0.5874894696293945,0.618612996092427,0.6753234624859192,0.8549885237766316,0.4576960173967574
2017-01-17,0.5704973747964047,0.5551611254191222,0.5947980765555639,0.6555786026417292,0.8384031623886629,0.4356408801427589
2017-01-18,0.5852036257817508,0.6175993796070758,0.6394782207249098,0.698216653575586,0.8658496566227437,0.4235559266320967
2017-01-19,0.5729832612712724,0.5828507485966112,0.6162175843663795,0.6766968674146336,0.8516319371863447,0.4240995548716116
2017-01-20,0.5894127391631451,0.6461543756287595,0.6646795050644103,0.7194109271722644,0.8780327493594304,0.4331093494009792
2017-01-23,0.5884265685366027,0.5988947117006285,0.6336643050302649,0.6890451039469507,0.8595054446564633,0.4420612522608254
2017-01-24,0.5862473490069036,0.6361196924060679,0.6609827325102106,0.7142054275906097,0.8745154023494923,0.4502237659472166
2017-01-25,0.6274466910400285,0.5723904872333738,0.6185917482295638,0.6753289403435419,0.8497749817337713,0.4574222078021624
2017-01-26,0.7008579026430865,0.5010321470315185,0.5699629240459538,0.6303123714112919,0.8206850601506449,0.4594048833195777
2017-01-27,0.6552092317906889,0.5153070823130803,0.5744859873030269,0.6364892732913532,0.8235346167639055,0.4587777165555071
2017-01-30,0.6247813665689889,0.5392272356125916,0.5727490224860841,0.6325980428049742,0.8084510378786833,0.4736610399893607
2017-01-31,0.6670194596918767,0.6675139218714418,0.6668472107408867,0.7188506428183841,0.8647685373605014,0.4803512082458174
2017-02-01,0.6124676448060766,0.6133484719228752,0.6513838353337899,0.7042460937734384,0.8537750279635814,0.4746938922506949
2017-02-02,0.5818966106467488,0.5892917533291369,0.6349673160634863,0.6867500152744576,0.8414792033235139,0.4482049458206933
2017-02-03,0.5596017777224437,0.5659232327044497,0.6181958789005958,0.6689121456226839,0.8287362423368331,0.4605438213401483
2017-02-06,0.6144027643648854,0.50811422703082,0.5751121314594381,0.6281350215391913,0.8028494933720904,0.4558960132079317
2017-02-07,0.592167363628626,0.533535891610604,0.5921689657129443,0.6438235949556903,0.8148694715074298,0.4477236776141772
2017-02-08,0.5673657317227261,0.5203314645799985,0.5796079693052507,0.6313337195343165,0.8104969737853239,0.4492674659878222
2017-02-09,0.5502775181037156,0.499232138673667,0.5614569633039995,0.6160608955295411,0.801451939709594,0.4462211525655867
2017-02-10,0.5895276744043817,0.4526691075878472,0.5246187163318724,0.5826788989289348,0.7783606213184819,0.4397038548597585
2017-02-13,0.5859919161838943,0.4213555221009408,0.49907358580316624,0.5578923159108962,0.7604252861763682,0.4156405221252404
2017-02-14,0.6047212971763043,0.3837118878944767,0.4673280160317667,0.5292412997409753,0.7375742296412178,0.4210717133424977
2017-02-15,0.5972767950414296,0.3571370838213076,0.4447933051486849,0.5069194216912808,0.719203601885907,0.4159142232387902
2017-02-16,0.6088572048177477,0.3251983827233267,0.4182412474569782,0.48124114011653507,0.6980495342002939,0.4199049673412694
2017-02-17,0.5823268148188412,0.3459928520425724,0.42823201173038145,0.49177468739043156,0.7040778234488136,0.4191821135007451
2017-02-21,0.5619972847413369,0.3364183401355686,0.41818881792864904,0.481393569671867,0.6986568504813041,0.4097131285383651
2017-02-22,0.5976121339965642,0.301592052409922,0.3890501373262191,0.45390256428378356,0.6778107904169454,0.4010389413128574
2017-02-23,0.5743102828029043,0.3246748032226647,0.40217187265778503,0.46721658684294354,0.6888025074379519,0.4034503711682806
2017-02-24,0.5541144845504106,0.3219940062566723,0.3976944248056397,0.4615633973936635,0.6856985850750951,0.4023591701066626
2017-02-27,0.5406417821825791,0.3157748003195903,0.3904886557229749,0.45365669568081757,0.6782839787867101,0.401826054621141
2017-02-28,0.5320678920491806,0.3080944867801912,0.38333223127405036,0.4446424958639873,0.6687528017913366,0.4051205576105792
2017-03-01,0.5195310960646472,0.2186241113576306,0.4129846097093055,0.47141123365220305,0.6787157272504639,0.4231501918365564
2017-03-02,0.7882707547117787,0.0973271250595482,0.3486935850654921,0.4100970890004976,0.6283590969942232,0.4168854324567337
2017-03-03,0.7768801671040121,0.1839633484722695,0.46041122302042936,0.5219678210426794,0.7089684122330708,0.4071966498992554
2017-03-06,0.7018101128208917,0.1867849709467936,0.4514779470879159,0.5155970839921079,0.7024485430568439,0.4134596924663498
2017-03-07,0.6637749833165342,0.2247520282806486,0.49518363339282684,0.5576358943475324,0.7286761433380634,0.4023618543016927
2017-03-08,0.6356753964795442,0.262749805450103,0.5373209504051857,0.5957417748503772,0.7538886208899226,0.4044928811756134
2017-03-09,0.6035117786270366,0.2897732201256503,0.5584896205874875,0.6120572411050872,0.7632404470320575,0.410312447712483
2017-03-10,0.5697468999136235,0.2851194179956369,0.5430319133060261,0.5945123153497816,0.7510157182819523,0.4301538977798175
2017-03-13,0.5595089690337434,0.2521675326338393,0.5177602161284146,0.5693128780763799,0.7346202610089712,0.4243038655885109
2017-03-14,0.5362838729385899,0.2574054338176357,0.5061893678936091,0.5577303774845783,0.728577732177893,0.4285877724978758
2017-03-15,0.5568258336925658,0.3039066095245027,0.5595470166114385,0.6104184996603499,0.7631170696317521,0.4408905150495276
2017-03-16,0.6463724229305249,0.215599856234776,0.5092213127068567,0.5659286474824093,0.7351449938387417,0.4381654606581776
2017-03-17,0.612407174876245,0.2434154588423265,0.5310418460402418,0.5890071663298377,0.7485341347462838,0.4340511154137366
2017-03-20,0.5854423352448492,0.26936146905208,0.5483662994425483,0.6069323293116944,0.7575603866064146,0.4292048284853348
2017-03-21,0.5607560950337959,0.2892739426395211,0.5576755000066856,0.6121856573016581,0.7611955092896204,0.4551603434045874
2017-03-22,0.8153669195337333,0.4404455728215031,0.7823288123010063,0.8106334458431861,0.8808799221249186,0.4613512610405031
2017-03-23,0.7362691555797809,0.4224733714799507,0.7490663874832565,0.7760369983755133,0.8636785105891464,0.4703551003735315
2017-03-24,0.674454975143352,0.4430555108019246,0.7449363430371974,0.7689461588777884,0.8532917612697806,0.4743202959427299
2017-03-27,0.6255120226912687,0.4606517179162501,0.7335972067716379,0.7593976938181697,0.840048441411334,0.5149892784517007
2017-03-28,0.590084153598396,0.4810270367939915,0.7255079096421249,0.7542297184792451,0.8303942780054046,0.5307340006451411
2017-03-29,0.6351959082701177,0.403381559411608,0.6685865086089187,0.7040980491568349,0.7957346101603133,0.5307329421904495
2017-03-30,0.5929695854147842,0.4040500143967646,0.6544250414205015,0.694442512341768,0.784902602431441,0.4967577915037022
2017-03-31,0.5731519832751945,0.3753230306331269,0.6234663785899721,0.665571339121342,0.7628211115901322,0.4954740969140395
2017-04-03,0.5662132280029809,0.6024012678207983,0.6453530395989364,0.6843201833375576,0.768967794094187,0.5132633374999589
2017-04-04,0.5530854787625799,0.6168044118292744,0.6549944485976797,0.6942237107913544,0.7703607948027008,0.5057115372959761
2017-04-05,0.5338529716672021,0.5925866667547965,0.6376606501572026,0.6796782855188146,0.7573487415243619,0.5318059000474216
2017-04-06,0.5429104369095146,0.6309097490460678,0.6679964852960957,0.7094227225687867,0.7705205693162729,0.534372288759067
2017-04-07,0.5354526018085374,0.5939297647782714,0.6374406456088714,0.6848709433841399,0.751135365800491,0.5327282471452497
2017-04-10,0.5256830689635865,0.59609629893927,0.6394259786290827,0.6860516318050897,0.7484737115195067,0.5207426896146315
2017-04-11,0.5138079411153753,0.5739214811495653,0.6248409270007705,0.6699000080700671,0.7371247366768953,0.5389926276747773
2017-04-12,0.5112051237278432,0.5809320654343959,0.6321026402488221,0.6747708972825884,0.737634203316743,0.5349990741008879
2017-04-13,0.548994669368876,0.6478750658462555,0.6890117349499356,0.723165972529845,0.7629437872718876,0.5342179576103058
2017-04-17,0.6161984934364237,0.7503059575298848,0.7734589836519755,0.7989340016084517,0.8013446154799828,0.5399141448343615
2017-04-18,0.6851311141778066,0.6714650836974639,0.7053022082164704,0.7341509483639241,0.7682169992088228,0.5479442470592542
2017-04-19,0.6525963568892853,0.7021761531545512,0.7324529560797493,0.7515057101646475,0.785884046282751,0.5571251858634186
2017-04-20,0.6177346619585852,0.7087911360521338,0.7402657663462485,0.7529801938022963,0.7917674575277284,0.5458106897228465
2017-04-21,0.6699538723162337,0.637503279626771,0.6803029812937866,0.6947342775348061,0.7612834466092274,0.5419800360919172
2017-04-24,0.6435643238680794,0.6754528751984034,0.7068894538482153,0.7170355151196464,0.7737198641423676,0.6250062324332513
2017-04-25,0.7552623154917686,0.5932344237779807,0.6292212498252683,0.6499807949623435,0.738250163023079,0.6188758345676655
2017-04-26,0.7251497178345218,0.5440162532399819,0.5819324633846266,0.6081078006441104,0.7151655850845451,0.5842537200819916
2017-04-27,0.6663643783312007,0.5435539197698162,0.5758824706313154,0.6035377907248314,0.7137052991521065,0.5715389901264954
2017-04-28,0.6190557855572596,0.524513278455901,0.5573297394818897,0.5880922616847347,0.704875582752375,0.5691638082911026
2017-05-01,0.5882529205652138,0.5015661281347075,0.5648952594882278,0.5966441859549022,0.7094107915936317,0.5693948507244415
2017-05-02,0.5638385703007378,0.4860839686117735,0.5371425098558609,0.5720781033788606,0.6965444960861381,0.5672974322185075
2017-05-03,0.5390540450522864,0.5008787483495833,0.5217199183732765,0.5581728724779661,0.688537302470149,0.5546124323520139
2017-05-04,0.5265703475006519,0.5260933525940159,0.5277465652437031,0.563862381674458,0.6918367896589134,0.5571740870206131
2017-05-05,0.512072006180354,0.5308658850334386,0.5100825627367155,0.5478497177906244,0.680141768230598,0.5317644010187911
2017-05-08,0.522240518153866,0.4957812026536106,0.47986900421493217,0.5214148087790842,0.661671692834986,0.5257059667268642
2017-05-09,0.5092752001008477,0.5141973306212677,0.47230632267983985,0.5156757753508646,0.6572484623732734,0.5222120661229678
2017-05-10,0.5030980943114828,0.5377331683718614,0.4768977005389376,0.5202231591771233,0.6597646313809051,0.5158525733749105
2017-05-11,0.4971735150694369,0.5334367779252032,0.4593423203804555,0.508028022124659,0.6487521447059207,0.5113109989128243
2017-05-12,0.5034610876271417,0.5645591229030491,0.48344680613417496,0.5320623662740842,0.6632582563284677,0.5114047380992112
2017-05-15,0.5044010711560265,0.5937769812245192,0.5007083244337329,0.5472959592875664,0.6713745718411614,0.499225498194465
2017-05-16,0.5410410145197846,0.5377659718152413,0.464841174517404,0.5124730782641085,0.6469940436375134,0.4923162071991938
2017-05-17,0.5262015097620328,0.5616864315688124,0.4764621010843001,0.5204056957438926,0.6487284945142835,0.5066811161993259
2017-05-18,0.9633538614186172,0.7053647116330245,0.8155682921563946,0.8187325951193936,0.8181586910347634,0.5128914220533144
2017-05-19,0.8653179316050812,0.671275072147838,0.7663006113725088,0.7772563165441483,0.7942309122701074,0.5073670725388015
2017-05-22,0.8160235927217506,0.6028315196060117,0.7061093802737585,0.7269134982451442,0.7656914065167736,0.5052147123795284
2017-05-23,0.7602619395871762,0.55295350532519,0.6600230249092405,0.6863569330644576,0.7427075063444205,0.3853553911052192
2017-05-24,0.6936807379171893,0.5427754086407977,0.6316612273731035,0.6627004107702571,0.7272826176448641,0.3778252308989426
2017-05-25,0.6426104213548337,0.53068439724846,0.6045751128318217,0.6385676952626268,0.7118697806862708,0.3731342467863355
2017-05-26,0.6265650463052904,0.4840436425277944,0.5658011684386172,0.6031294681757291,0.6895758956154994,0.3703599262986288
2017-05-30,0.5873228041825734,0.5025022145498477,0.5581926455103665,0.5945056729985195,0.6855717831270718,0.3727449255590309
2017-05-31,0.5602348405274175,0.525523439096434,0.5633581807143797,0.5972416872620241,0.687772614353637,0.3762006841619936
2017-06-01,0.5339149222335212,0.4928000545852719,0.5576229080019743,0.5916760632960515,0.6852249553712867,0.3835187240439813
2017-06-02,0.6119383974297028,0.4154309098826154,0.5035109923164672,0.5426446930630966,0.6562151551578869,0.380353723495527
2017-06-05,0.5871407396118412,0.3912111162962205,0.4774921453388484,0.5193979089236213,0.6418691471825184,0.3733260088615397
2017-06-06,0.5586516897242632,0.4090107225724408,0.48354737893026084,0.5256132195692975,0.6457092224146849,0.3785647636292586
2017-06-07,0.5603859652934284,0.4401971313744192,0.525804983781855,0.5629117448339844,0.6723347370725836,0.3822813899403672
2017-06-08,0.5389069404784507,0.4351121225638613,0.5078868408751974,0.5444106929423099,0.6640292817181596,0.3829384532458201
2017-06-09,0.5201602307204731,0.4473251401716285,0.49949432581431097,0.5345031109841106,0.6601134406290341,0.4196281483886046
2017-06-12,0.5150283103651552,0.4702027017416288,0.5163949747239697,0.5487321096470027,0.6717221310100977,0.4078160596822716
2017-06-13,0.5040419018327649,0.4866148662412358,0.5130382462971127,0.5455344023321459,0.6712523277480336,0.4078643198696415
2017-06-14,0.5310562001603799,0.4443542969352468,0.4760772906443129,0.5129942212628572,0.6503708651012856,0.4182483876171183
2017-06-15,0.5209112310418884,0.4658676175448755,0.48815796181802573,0.5259504718705413,0.6572303944956974,0.44683317485705
2017-06-16,0.5191465177654734,0.4911948114809537,0.5098514005450498,0.5457574719102024,0.6690519164697156,0.4262240279636017
2017-06-19,0.5060703526808521,0.5057658073391343,0.5018714792180943,0.5386122661243059,0.6639768856430681,0.4111539522428798
2017-06-20,0.6043355193828538,0.4243060570301621,0.44655340036521024,0.4873291814338743,0.6307690116970318,0.4023189207245866
2017-06-21,0.6558240628073939,0.4752935675277762,0.5475915087135526,0.5797666820149006,0.6875142584166893,0.4063794352913039
2017-06-22,0.6082815232221285,0.4920056051186313,0.5424704784193234,0.57568525909388,0.6833019125174655,0.4073042199850169
2017-06-23,0.5731782620531689,0.5100566708061093,0.5400312349995803,0.5750402033733646,0.6808039275646243,0.4086388792549851
2017-06-26,0.5460011645250469,0.5147438097224231,0.5242560236077026,0.5626849126527561,0.6717022600839588,0.4144374351574016
2017-06-27,0.5253382772060615,0.5266706103857377,0.5135802381228391,0.5528597164051544,0.6652055408901328,0.4233298701583263
2017-06-28,0.639898197719723,0.5862651115987515,0.633187501642243,0.6603603297515834,0.7292142420648343,0.4357814480127056
2017-06-29,0.7019880682108882,0.4979260321444513,0.5651333401236429,0.6007517521587598,0.6918491213203977,0.4752136248583702
2017-06-30,0.767018130392941,0.561345459015764,0.6940884838041328,0.7162351547626505,0.7618713584102352,0.4767218254376513
2017-07-03,0.6897947851403899,0.6637521766902754,0.6652814635889261,0.6916072230594582,0.7519768767635712,0.4834775244918842
2017-07-05,0.6339452107104611,0.6323289358667268,0.6390084593651624,0.6704067004328607,0.7423894055865918,0.4894393502797337
2017-07-06,0.5941888171947008,0.6002069219571847,0.6127343744616693,0.6456202264294996,0.7324248249473079,0.4966864709802579
2017-07-07,0.7073277751758914,0.7460358890711583,0.7472650910371312,0.7616376592193378,0.8042541347647908,0.502791910559109
2017-07-10,0.6968158758206222,0.6853705783176465,0.6905410409544473,0.7098632408343789,0.7815876432213568,0.5024938764588048
2017-07-11,0.6377769594979007,0.6553732026271512,0.6657715227811744,0.6850924795679793,0.7744787777496797,0.4850633574051881
2017-07-12,0.5948424789728891,0.6473444692569609,0.6585032993716166,0.6768864320285958,0.7774509872369926,0.4866163731589749
2017-07-13,0.6385983128604558,0.5893569857272611,0.6019092967097904,0.6270496680438675,0.759999569887495,0.4843568389049859
2017-07-14,0.5947112622025394,0.5633931987798043,0.576301510147845,0.6036003242695479,0.757563192092243,0.4812250851410155
2017-07-17,0.588214498662326,0.5247712883533121,0.5381003189960701,0.5690103651153271,0.7401171347821295,0.4536997040262587
2017-07-18,0.5553299438889723,0.5163186484438577,0.5280675170637891,0.5594504800243285,0.7368868672036785,0.4536267648884313
2017-07-19,0.5299551101313144,0.5010072869627817,0.5145494477978727,0.5468610318552817,0.7305857769891749,0.4471142734697761
2017-07-20,0.5546306392805864,0.46294031516286,0.47555269123425975,0.5127115975028517,0.7123565523934707,0.4453993986448322
2017-07-21,0.5294598522034057,0.4514424158576643,0.465155795952985,0.5043239852851484,0.7084997162202625,0.4476528837696619
2017-07-24,0.5149354021041768,0.4599981737590985,0.4707938303047542,0.5112337754080948,0.7133164754323057,0.4472326967642654
2017-07-25,0.5015286213501489,0.4576291490774785,0.4667865832118215,0.5117402385788559,0.7086255519371104,0.4479501390488083
2017-07-26,0.4974822374906338,0.4366120934346776,0.44703523627937364,0.4963053299558942,0.6926063294377558,0.4387182690523816
2017-07-27,0.4881405674970943,0.4311925211849232,0.44157334771562795,0.4934938791684449,0.6864619957565922,0.4549798486516357
2017-07-28,0.4854153136094127,0.4416538474241855,0.45081104880163597,0.5049851524516901,0.6893629207161096,0.4473628907850217
2017-07-31,0.4850797584942305,0.4554444810347158,0.45605700075545574,0.5103984252059238,0.6811401705377562,0.39994613605313
2017-09-01,0.579587647927792,0.4811192972535442,0.5932065481031356,0.6104636479817536,0.6989683015241119,0.4863336752393441
2017-09-05,0.547478509449523,0.474713565241543,0.5716280956012967,0.5920812953448777,0.6956821593798396,0.5070273098824014
2017-09-06,0.6234389622148291,0.5502586224256781,0.6657965589196195,0.6745986028936731,0.7558508938166754,0.5145219642616555
2017-09-07,0.5930617569887868,0.5144470551621064,0.6274957759287225,0.6427130683615754,0.7465548165945397,0.4989528409322587
2017-09-08,0.557162708134207,0.5334821527269182,0.6147077644345172,0.6308080467093422,0.7488938170749347,0.492181501630856
2017-09-11,0.53463928603363,0.5611000007972136,0.6163053655802325,0.6320741009524687,0.7589064421501873,0.487286040224165
2017-09-12,0.6768092093082679,0.4280838212608127,0.5414599470452535,0.5680470577057147,0.7280946926080486,0.4839010456074586
2017-09-13,0.6330584755027091,0.3910804683638244,0.511598662323187,0.5430970499933139,0.7201058286645368,0.4662551553874979
2017-09-14,0.5869944620771108,0.397661512610257,0.4991994221036114,0.5334345844442928,0.7222880646651663,0.4665158694943037
2017-09-15,0.5530916316249308,0.4159687204433939,0.4949737937617153,0.5308059345914252,0.7290762157129275,0.4621778523315143
2017-09-18,0.5273529064416412,0.4092977213514124,0.4795887142587539,0.5169478745371568,0.724425471914662,0.4379044221562013
2017-09-19,0.5116945891950023,0.3904278646480871,0.4615402155464326,0.5004181688532199,0.7172840763375895,0.4207592707828337
2017-09-20,0.4958008265328306,0.3886291994034695,0.45045367320286944,0.4914985147201833,0.7138508245791022,0.4217471987063089
2017-09-21,0.4838051006704872,0.397100256068199,0.4440751269940684,0.4869523075214251,0.7137818975769169,0.4116596354459799
2017-09-22,0.4957669599046687,0.4339395263726677,0.4794178639244103,0.52188088990032,0.7414213903210914,0.3970777031106688
2017-09-25,0.4839509395433764,0.4460485924560721,0.47473206851723443,0.5201523756227845,0.7426936476916307,0.4015859598078842
2017-09-26,0.4885970046674181,0.4788379278959111,0.5008586945353285,0.5472889732247155,0.7648155916318637,0.3922884093784788
2017-09-27,0.4784814607237029,0.485331288326049,0.49266226368867244,0.5435884764145161,0.7620083166136192,0.4020216905009842
2017-09-28,0.4934414655481184,0.4415727473344226,0.4462351928929883,0.5032231231342973,0.7250962414621809,0.3649465698399415
2017-09-29,0.482856618585745,0.4377565566116422,0.4375404905603089,0.4981429589987355,0.7179364709491521,0.3591932504651258
2017-10-02,0.4788604698977655,0.3453268689738439,0.4163006027590194,0.479573028157235,0.6992466074157432,0.3438637452037286
2017-10-03,0.4960523279754489,0.3235649642982429,0.3918869509047582,0.45653621583151877,0.6771088715605518,0.3410908623971134
2017-10-04,0.4851930886458026,0.3095549614561109,0.38288821318822036,0.44861221357759096,0.6652204945249068,0.3081414713600566
2017-10-05,0.4730251742437358,0.2992159373913224,0.3795870942019075,0.44668499173619036,0.6565762268316718,0.3021814842647559
2017-10-06,0.5196245921654353,0.275710134280183,0.3479535123419476,0.41626794938547845,0.6258467486263122,0.3045216659850203
2017-10-09,0.5035696138040935,0.2971134475906368,0.36956188347384994,0.43951111888089817,0.6368077299843922,0.303752498066262
2017-10-10,0.4957336036717502,0.3270435358346543,0.40003634422414924,0.46797189958326096,0.6538875898470791,0.2889618089609064
2017-10-11,0.4885572983972825,0.3113559911323701,0.388853133642923,0.4551415047441993,0.6419519065818394,0.2883486114891718
2017-10-12,0.4767571608295484,0.2997654680318189,0.3846983732253046,0.4488717669952435,0.636756518548472,0.2886870170658922
2017-10-13,0.474930222978105,0.3263653716205366,0.4123193081699729,0.4743229248964525,0.6511114399409332,0.2878238531459852
2017-10-16,0.4655798750223683,0.3149186557583534,0.4083387374365696,0.4698847470948622,0.6443424569757387,0.2882130536074331
2017-10-17,0.4591022330853488,0.3038204045492599,0.4036612902330744,0.46568650207181117,0.638984152984302,0.284737800344631
2017-10-18,0.4532134293667344,0.2952618302815633,0.4027870996250564,0.46591609854101335,0.6403338646810206,0.2854983510990673
2017-10-19,0.4492567953567745,0.2863828674800972,0.4005231349018907,0.463449547706916,0.6300901636099545,0.2909341505066184
2017-10-20,0.4462512855557498,0.2812259631170394,0.40261121722147963,0.4669232594247345,0.6241744777513304,0.3081782680654481
2017-10-23,0.487542160580048,0.2609211600491957,0.37428648074514576,0.43694580957054874,0.596683000268962,0.3109828584849293
2017-10-24,0.5135004797295364,0.3420109928096096,0.43752671268880555,0.4951711023558083,0.630037039247934,0.3001846101087901
2017-10-25,0.4959850831772945,0.327994085577257,0.42897621694520793,0.4842151303535467,0.6179620392875957,0.328194055422744
2017-10-26,0.5389077269658662,0.4258616577176047,0.5067215869474074,0.5533843277821033,0.6574849576377748,0.314819187672995
2017-10-27,0.513284547194351,0.4076419180597062,0.4731124264277073,0.5186979190607465,0.6309171817327571,0.3364090591262841
2017-10-30,0.5955069509798586,0.370915945865067,0.42301133302314237,0.46978137981990964,0.6014598656294833,0.3605325607743864
2017-10-31,0.587100207913884,0.4371104103997562,0.4778058633270488,0.5189231861147025,0.6346979133163139,0.3604836463974356
2017-11-01,0.5384856728862375,0.411949444929888,0.4651938066673748,0.5066470121664752,0.627678168177026,0.371887667754185
2017-11-02,0.5091890048184142,0.3947622136743116,0.4533182577195503,0.49679278641622954,0.6163516291848806,0.3832078554536745
2017-11-03,0.4859531942697961,0.3817395752791645,0.44664014838105937,0.49370451511817,0.6079121711702503,0.382464714987317
2017-11-06,0.4833559042708922,0.3604640917498723,0.42312140938462356,0.47179231424121665,0.5883050687323219,0.3788676950403634
2017-11-07,0.4680828154111576,0.346134548469671,0.41185917987754916,0.46038912056612763,0.5769531209141373,0.3804586782096248
2017-11-08,0.4585703734843809,0.3559289608144159,0.420604696391644,0.469059187551558,0.5761764901780094,0.3767020112192953
2017-11-09,0.4502839060925627,0.3414250694578934,0.41025613684461243,0.4612431511604313,0.5623779818914754,0.4153347813045344
2017-11-10,0.4800865473687805,0.4105217174013371,0.4629015821259216,0.5068787341075599,0.5874293324016586,0.4170061153703256
2017-11-13,0.4656717821412372,0.408713660968774,0.46287049750068704,0.5036109191590529,0.5824854716598373,0.4229560562045774
2017-11-14,0.4532511670124733,0.3929753068509595,0.45439234003190304,0.49084921778327073,0.5735909737645848,0.4354808771878052
2017-11-15,0.4625759461977354,0.4304290131622147,0.4892336519552308,0.5144527398693487,0.5879373615821244,0.4518310269285501
2017-11-16,0.5151858204768606,0.520186487157092,0.5546808973369157,0.5729631850545659,0.6210671757756059,0.4665231069438637
2017-11-17,0.6006795272811304,0.4732716315344545,0.4941574147373439,0.5196770032653315,0.5886903179934869,0.457150430789872
2017-11-20,0.5784607002888218,0.515921502168927,0.5273541328129883,0.5522687151352116,0.6038359675767665,0.4454368310910157
2017-11-21,0.5413088573201054,0.4896912612274702,0.5053020946735101,0.5378164980753032,0.5900189769570399,0.4599567145076083
2017-11-22,0.5732409655494668,0.4509227658099827,0.45908291139667357,0.4991769613203924,0.5630306952957719,0.4586136111649322
2017-11-24,0.5392697366727398,0.4564626415802687,0.46384479065997325,0.5068649866939795,0.5628513801687003,0.4380657055571471
2017-11-27,0.5142774566045029,0.4329728795619753,0.4448538966740301,0.4861812048948589,0.5488246933254043,0.434938126828065
2017-11-28,0.4922252830151708,0.432894482673514,0.4384266828446315,0.47461190894037547,0.5417906423535161,0.4247767757510074
2017-11-29,0.6318262742999441,0.3878794067425737,0.38002929474677705,0.415748407863037,0.5066765397747491,0.408590441836122
2017-11-30,0.5835842565148595,0.3931281471276677,0.3884345528142047,0.41975744878660315,0.5103279579228567,0.4334002091248245
2017-12-01,0.6445776279162632,0.332199530868118,0.33553937678584095,0.3694404879043726,0.4771054910565299,0.5175410766280787
2017-12-04,0.6025244229249166,0.3688702409655968,0.36435318569049585,0.3946256535745568,0.49424121385753134,0.5428077929770048
2017-12-05,0.5630201441939658,0.3866418812789088,0.37775170163111477,0.4064627257765984,0.5023313281651121,0.5650200932045985
2017-12-06,0.5585104701522934,0.4490114553154363,0.42780026772206264,0.4507284249774159,0.5308191364381144,0.5660222221013032
2017-12-07,0.5228113515433229,0.4366239136397586,0.41828237676432845,0.44323490394873466,0.5267085432466763,0.5729034585575367
2017-12-08,0.5067786061911171,0.4119583670539334,0.3922605810469767,0.42211854002065524,0.5149701199652111,0.5841498479823383
2017-12-11,0.5265185732379769,0.3814026108292445,0.3569163877278046,0.39136864061292015,0.49825345900984525,0.5621128954850952
2017-12-12,0.5082792121017464,0.3608954241812316,0.33574137157944894,0.37213555291932193,0.48891818842713697,0.563273138152223
2017-12-13,0.4859901609872242,0.3458860549281161,0.3227233272870928,0.3593991747566337,0.4857380228521835,0.5587506542479219
2017-12-14,0.4677371799987225,0.3456063803224882,0.3219119231585612,0.3568764524544378,0.4877351401496907,0.5510829103945023
2017-12-15,0.4988775004101362,0.4220390647024368,0.38583350612645845,0.4143778882613334,0.5286127664130813,0.5453800877598926
2017-12-18,0.5834877412812731,0.3815706630911384,0.33836765423223025,0.3698914502634121,0.49953807086263724,0.5399189975226905
2017-12-19,0.5968453731528757,0.3501398549378837,0.30296243275297513,0.33620059486865117,0.47536699414119093,0.5401622414265139
2017-12-20,0.5871509812495019,0.4209314524327495,0.3624233602158082,0.39260348920165483,0.5130435266494061,0.5442810379578311
2017-12-21,0.5473281148879726,0.4228038284982164,0.36377532264743845,0.39481448178675177,0.5135695195168998,0.5313165093416407
2017-12-22,0.5174017416563249,0.4027410153574277,0.3467169700133803,0.38072245184289694,0.5030111257130617,0.5345914254601696
2017-12-26,0.4922092200907742,0.4013063249023131,0.3446441232046162,0.37868537429680577,0.5028725208893402,0.5391070723415482
2017-12-27,0.4782836640822818,0.4165299540059,0.35827131887953106,0.3908039229540296,0.5102911261315171,0.5394375511680195
2017-12-28,0.4607165744399776,0.4022193738176018,0.35189344252370275,0.38471430971909637,0.5083214567343259,0.5327161946150892
2017-12-29,0.4516374828341393,0.3835481523171707,0.3372821163611456,0.37067776698866584,0.4982816091064996,0.531205165147875
2018-01-02,0.4752728303703989,0.432207639257526,0.3923965497072145,0.4228219393171165,0.5317256359183359,0.5156213414958059
2018-01-03,0.5381245763036706,0.3946777383165695,0.3481025940485599,0.38376695450375164,0.502849697754571,0.4275568800070143
2018-01-04,0.5627508744890708,0.3623703099645269,0.30984863440517746,0.3503754552913646,0.4771588987121241,0.390019718552245
2018-01-05,0.5468358662113478,0.3391204531546771,0.28474975329295305,0.3282800097275812,0.45892120533905245,0.3609225292339614
2018-01-08,0.57551129682657,0.309184493895798,0.24817737546932017,0.2951356770157635,0.42969989061871505,0.3654214242281557
2018-01-09,0.5365762578542542,0.2972192614506543,0.2397399706530545,0.2874569622554713,0.4204530477115454,0.353609014844275
2018-01-10,0.5085049260019713,0.2844256087225835,0.22989276070681422,0.27626452475116126,0.41062611637652013,0.3567695424848723
2018-01-11,0.4915457153823833,0.3134263578861791,0.2567746335499813,0.3018461738318719,0.429443855072423,0.3527584282290509
2018-01-12,0.5518866313748018,0.2829610549517438,0.22033092436965207,0.26219506408273446,0.397946941898535,0.3549810954804543
2018-01-16,0.5761581715087821,0.2567255729549855,0.18671530292495464,0.2258213345884846,0.36761471986928734,0.3993246261706864
2018-01-17,0.5643296980528193,0.3263317914042404,0.2465084473426855,0.28481745109976936,0.4125335912152333,0.4220484065469418
2018-01-18,0.6536866751333219,0.2879779047345149,0.19604919138389912,0.23417929183109334,0.37085997188089814,0.4198317909492943
2018-01-19,0.6052580495474483,0.319610676676626,0.22473145267842262,0.2635977502855641,0.3917621753734584,0.4144663269306181
2018-01-22,0.5832139190620685,0.2978053017138785,0.2004548985247769,0.2394738656571741,0.3711283052523931,0.4207387270671487
2018-01-23,0.631866445406976,0.2655599383335298,0.1597352277978842,0.19835604018399128,0.3344425845969248,0.4173724105601753
2018-01-24,0.5823745343218343,0.2549498964455534,0.15112945160762842,0.189328726514727,0.3249017106610836,0.4386592015633554
2018-01-25,0.5415689492790636,0.2647204160262649,0.16119501046148563,0.19927332435295436,0.3323244003120501,0.4467028011327827
2018-01-26,0.5076416880124155,0.2600875968797133,0.16221391422361522,0.19996021180868484,0.33190000524714686,0.4481233009105893
2018-01-29,0.6784998275765165,0.2193092490307951,0.10860076604727979,0.14174180131906583,0.2767244004949155,0.4628908092072409
2018-01-30,0.6957657405055624,0.3770220699840923,0.3900093441006585,0.43503420084783784,0.5195162675777591,0.5348935120557543
2018-01-31,0.7948274740027454,0.5960125148938163,0.5929139523828341,0.6178810107656496,0.6206644430788305,0.5495642394055684
2018-02-01,0.7108873585345177,0.6822433411929318,0.565553129173574,0.5925856504284511,0.6035138361718037,0.5651606719235821
2018-02-02,0.6486784857855482,0.6616795505605998,0.5647117867598654,0.5920435053046847,0.5979010801586706,0.5990874027106119
2018-02-05,1.158616305897366,1.2498754034536286,1.013998017356941,0.9733697448157037,0.7657507534848326,0.813591951165384
2018-02-06,2.154616935837752,2.307542890486828,1.897449301199681,1.652485734805736,1.0020124869758442,0.9819683188987856
2018-02-07,2.0311726535782104,2.0117988737204904,1.6681630541828747,1.47723858302445,0.9424098309402605,1.0290810816639495
2018-02-08,1.773801039681628,1.8611210928524424,1.6306889037512526,1.4328800609342447,0.9263469002389099,1.0872374565597285
2018-02-09,2.2932974677439404,2.517009556299513,2.181115142095142,1.809834395670335,1.0442933872398183,1.2978900114112613
2018-02-12,2.071019846869481,2.177217165101184,1.93058561165569,1.6218118328740683,0.988277006815247,1.3415250412756268
2018-02-13,1.886478304254438,1.899952262349991,1.7100977018797243,1.4554948626242372,0.9367902398488838,1.3536250791518236
2018-02-14,1.6317183625919751,1.6589939151954942,1.5486240482793094,1.3362518501010774,0.8979176429198454,1.3635682817361183
2018-02-15,1.518130458647799,1.4716775869591072,1.3720702632385195,1.2051267945320894,0.8527068828599307,1.3911486211786066
2018-02-16,1.4169467193973682,1.3148507150997346,1.219221166949331,1.0896496894915029,0.8125233042302312,1.4022396359987932
2018-02-20,1.2320267264980074,1.1738056453110062,1.1118938039174657,1.0076795071348834,0.7811275761950662,1.4120379253494015
2018-02-21,1.1190235219144418,1.1866375982910384,1.1270441270036844,1.0185956611262543,0.7864164430053997,1.4362631177419467
2018-02-22,1.0126571286730448,1.1701753755595143,1.1174852674898441,1.0113501682345893,0.7868475357024306,1.4502011435412845
2018-02-23,0.8925150410537159,1.048542681753303,1.0178797692187265,0.9369516445172434,0.7594698030535437,1.4553051924549147
2018-02-26,1.0304270345782056,0.9618139286921544,0.9043143909698865,0.8469171925443868,0.7224935321655649,1.460514359472299
2018-02-27,1.0225155491406694,0.8829442889717836,0.811546585223439,0.7723097631232946,0.6909028372656301,1.4684635067971223
2018-02-28,1.0722709885626391,1.0959089726435964,0.9928004068202851,0.9151684460432251,0.7575182899910073,1.4784697236198134
2018-03-01,1.0811916717708976,1.200574759867349,1.1619143004180692,1.052021604901729,0.860334138018907,1.4923175743299442
2018-03-02,1.18773228898009,1.4226043682754612,1.3469122022344826,1.1929601561952643,0.9285314484856928,1.5106998440136676
2018-03-05,1.0422515983600342,1.2562343138327103,1.2039046882560418,1.0847587658313183,0.8892531677875565,1.5218814067690982
2018-03-06,1.0363509433352096,1.126665131734323,1.0799302535820827,0.9898186525239825,0.8501045588307165,1.5162364637115882
2018-03-07,0.9013585875630058,1.0064706143980682,0.9751916242609646,0.9105211030336562,0.814950084989022,1.4286956839382083
2018-03-08,0.7897826667285481,0.9202018426799106,0.8915591031752608,0.8464590841044767,0.7874847181999305,1.3210928746329786
2018-03-09,0.7244142142328048,0.8355007969880712,0.8100005173411778,0.7825662895988098,0.7574694537230593,1.2926709248159345
2018-03-12,1.0159807067218771,0.7806028356804776,0.7389370290292538,0.7256460567734918,0.7280419117490293,1.2463898585308226
2018-03-13,0.88616239553603,0.7478033658087555,0.7049001657657816,0.6995545614744811,0.7118134602731361,1.0386553516332842
2018-03-14,0.8490297454329617,0.8449574126744267,0.7803614632243321,0.7617805867838966,0.74133538577073,0.993989856051212
2018-03-15,0.7971469125570544,0.8918951937507182,0.8173696874679712,0.791785973552286,0.7536364714807292,0.980253148563549
2018-03-16,0.7097390189870716,0.8387700761162011,0.7712269112356182,0.7587359274032919,0.7313816359598044,0.9507646612184888
2018-03-19,0.6348994543348381,0.7611675347613964,0.7133758424391805,0.7140047679476392,0.7026646142557192,0.943591750962008
2018-03-20,0.8949377533620834,1.0613608854172718,0.9568993547400615,0.9188342315751118,0.7952623894954903,0.9265055123406412
2018-03-21,0.7839652971416652,0.950517456216764,0.8737014988740742,0.854153542574965,0.7608563385213619,0.9296253150710876
2018-03-22,0.7054030844055427,0.9063338581387812,0.8444561893799702,0.8299869262777448,0.7444149987593021,0.9428204633840273
2018-03-23,1.392440779993555,1.5708897643584372,1.3829608796030326,1.2572726129286358,0.9179110989950109,0.9504269501235656
2018-03-26,1.594773622501666,1.8928508146520804,1.6911046825625975,1.5022388811806329,0.9994796873435744,1.042252538864486
2018-03-27,1.843375165886819,1.6701489425080738,1.495207076356121,1.3548777961891918,0.9436308113419186,1.0884058348208812
2018-03-28,1.7814997826848242,1.85224684355026,1.6864830210175328,1.494460413946195,0.9897319131599943,1.0951779898456926
2018-03-29,1.5229047515107124,1.6722681632028746,1.5685917508777285,1.4019620405469309,0.9546938327395038,1.1158664714333155
2018-04-02,1.4386888549493146,1.442255504230013,1.4359024731003165,1.3092927493471205,0.9462009316574816,1.145255313155861
2018-04-03,1.6301058110112965,1.81551744036276,1.742975758550746,1.5403809043904577,1.0259467486390308,1.143326863195942
2018-04-04,1.5093321155168382,1.5851362194828764,1.5555251913034946,1.3972108112914492,0.9746591984613507,1.2222930499891074
2018-04-05,1.379823247622274,1.3947130386964364,1.395664978181131,1.2708825014708784,0.9287355216521126,1.2253984181296766
2018-04-06,1.236968648150038,1.2350820693991609,1.2638276828842705,1.1598975852106175,0.8863956871771853,1.2697588613559525
2018-04-09,1.5295458224873502,1.6892958473726924,1.6226275154768965,1.425159126353904,0.9866208019627255,1.3028705010518509
2018-04-10,1.3311802606377496,1.474790690165835,1.4548264889186782,1.2929384181133008,0.9399739532322636,1.3257283735019485
2018-04-11,1.3485434021313158,1.3087095727564444,1.3016211614131175,1.1726241720686927,0.8953899491876047,1.342702021853421
2018-04-12,1.1988416391421002,1.2804976723574883,1.2698678083252692,1.1453796025879357,0.8877704817079952,1.3339889058903505
2018-04-13,1.0970730206654489,1.1406089797037229,1.1413633835100756,1.044435815340179,0.8489633414243352,1.3364303201269774
2018-04-16,0.9714060032254764,1.0894252829815243,1.0825299566143827,0.998393025245039,0.8320673759834233,1.3420220861036949
2018-04-17,0.9202655691644712,0.980889710016341,0.9778489247183003,0.9166125209058561,0.7978771996373449,1.3502037557989084
2018-04-18,0.9327957711722118,0.8918121739332592,0.8871747989200633,0.846734185628576,0.7657706231027342,1.3204244668819245
2018-04-19,0.820243890183994,0.8067500662541122,0.8064302834777897,0.7828690731146946,0.7355183230890827,1.3274028711339567
2018-04-20,0.7860848218529222,0.8731441143738959,0.8472840235577006,0.8172276390382526,0.7531964864129744,1.322985999083575
2018-04-23,0.8241677221337468,1.004169048261653,0.9472864876347379,0.8983849553886862,0.7927168118431294,1.2906562753988742
2018-04-24,0.7326369294692684,0.9145610726495444,0.8678390319827456,0.8343270717505873,0.763171368720179,1.3038423148144511
2018-04-25,0.9388860187750546,1.1796120281495146,1.0808975623966488,1.0047344585338953,0.8415852474655562,1.2334035848374008
2018-04-26,0.8291173284417074,1.0510322177834597,0.9806531147579204,0.9263815379259384,0.8093816819901406,1.1922027614670347
2018-04-27,0.8559719584320037,0.9504560706656776,0.8896999771485595,0.8548062160050955,0.7793712056387399,1.1767975351238646
2018-04-30,0.7573697541696379,0.8567197628973213,0.8141577284313993,0.7925151375717022,0.7583527545714676,1.146064683790143
2018-05-01,0.7833551287074588,0.9356866065833708,0.9017850090217531,0.8644204731433215,0.7981074942971541,1.083482155286566
2018-05-02,0.7014517760348208,0.8458771631829574,0.8254565369553447,0.8020842671785593,0.7729576064748248,1.0608289169494671
2018-05-03,0.721838741367215,0.933385940972748,0.8917111767337665,0.8559848850750742,0.8025063681293965,0.9850055521112836
2018-05-04,0.6641142107230323,0.8996818961157876,0.8575197093321003,0.8295620436268495,0.7906622379423034,1.0062159509702375
2018-05-07,0.823704971129371,0.8251174792702316,0.7798665296276703,0.7665584409179818,0.7601809167531519,0.9276270569693372
2018-05-08,0.7427781088081863,0.7529837764200517,0.718151176549281,0.7158677797162486,0.7339829750536284,0.885177781200721
2018-05-09,0.6677784959838726,0.698109149152929,0.6658628298210415,0.672097248653797,0.7119997196095247,0.8452411939964042
2018-05-10,0.7324063281182651,0.6493825182409438,0.6131247184760639,0.6257576764539196,0.6876571707176966,0.8179620775486509
2018-05-11,0.7684278721768555,0.6069119253444842,0.5655721673615908,0.5837607730575187,0.6648746141746539,0.8078375210994984
2018-05-14,0.6959029896166815,0.5642777484087539,0.5280431914390552,0.5504043104607725,0.6461583362629882,0.7911906518123448
2018-05-15,0.6292059351956886,0.5246990624618464,0.4973308081928436,0.5233311254334221,0.6305382060189304,0.7906097067940411
2018-05-16,0.6758062021492262,0.6757726261176971,0.6105580608318175,0.6230420048174973,0.6900863546688972,0.7765043377572292
2018-05-17,0.6334286819277468,0.6251436429458227,0.5669167758729232,0.5858859657105071,0.6688186116442884,0.7814934257035151
2018-05-18,0.5837670527749584,0.6060557729818146,0.5488778528188063,0.5713676368609635,0.6588045416021897,0.7684975737148744
2018-05-21,0.56034752302339,0.6276141395888494,0.563543795299651,0.586046983821293,0.6670183640102029,0.764512812234565
2018-05-22,0.6077829159071665,0.586347367852516,0.5210879823263694,0.5546310289746507,0.6442054173860844,0.7590149597270576
2018-05-23,0.5821077176857389,0.6174058986722293,0.5444507473604692,0.5784954774521576,0.6573049471460096,0.7101863452526559
2018-05-24,0.546511694625828,0.5731477757270771,0.5112387972045628,0.5507589097316173,0.6388415136703443,0.6993700969024037
2018-05-25,0.5268268352188805,0.5885659948082578,0.5234300031106162,0.5621375098387554,0.6473758055959055,0.6860921008991604
2018-05-29,0.5161746638296745,0.6097817116349439,0.5458400060113261,0.5780096717247739,0.6578795702969609,0.7137788093862651
2018-05-30,0.7492571112870893,0.886566118484563,0.7673883838971358,0.7692301295274075,0.766762849236072,0.72014438330688
2018-05-31,0.886919585312688,0.8143010582345948,0.6908423471571142,0.6977549511044975,0.7221564324617976,0.7007705860416875
2018-06-01,0.8444218986135152,0.8684755624349707,0.7645914553949332,0.7599734221338144,0.7582522643020884,0.6983524340088708
2018-06-04,0.8570781836214653,0.7930106631049696,0.6988102989637335,0.7043053317407626,0.7306138286370245,0.6367189716122946
2018-06-05,0.7824670601541909,0.7255502141711206,0.6474607809806185,0.6603540761942346,0.7093626056551028,0.576725438828125
2018-06-06,0.6998073994599053,0.6652018572423405,0.6067790006967293,0.6257394760191007,0.69224428225772,0.5786710279445899
2018-06-07,0.7221841778298379,0.6175807216449268,0.5594110263817861,0.5839303728921648,0.6689054768966785,0.5706485314689967
2018-06-08,0.6521529783247871,0.5836855218758306,0.5305925156636154,0.5575419045812982,0.654241142047444,0.5595427960360433
2018-06-11,0.603240781177732,0.5434928437894719,0.4981620980208952,0.5282104128523921,0.6365969555186137,0.5548076222664243
2018-06-12,0.5565355424849607,0.5073539917170161,0.47084851192210875,0.5023670836473747,0.6221854793630986,0.5532157779478644
2018-06-13,0.519839741550584,0.4755790193530674,0.44537887056939246,0.4790271796435626,0.6080633351232667,0.5515466739617707
2018-06-14,0.5232680700590235,0.5330606231752439,0.4844313824340764,0.5141019488408168,0.6317271657831943,0.5350801618546887
2018-06-15,0.5000279597096088,0.4989152585494733,0.4559511914996021,0.48848330746067564,0.615262659455026,0.548057554959062
2018-06-18,0.4846459525279925,0.5064020451559949,0.45541796171915383,0.48839055635439793,0.615109516981795,0.5587709702023753
2018-06-19,0.4815178921467016,0.5314178194804742,0.4710873873440616,0.5042188359782381,0.6239254925735821,0.5983332962073296
2018-06-20,0.5074457775652368,0.5972212123206637,0.5205980041165086,0.5504313721490371,0.6529162961531846,0.5882085643668628
2018-06-21,0.4832482661279518,0.5545556081728209,0.4893508570369076,0.525017807814935,0.6362094892335527,0.5897102716131766
2018-06-22,0.5646452054336172,0.682471446583324,0.5908686044681872,0.6187054018479999,0.6914869388451639,0.5857920670808715
2018-06-25,0.5278658211866866,0.6286538002936258,0.5549430870110412,0.5880355816487726,0.6729365309781916,0.6182005273789518
2018-06-26,0.8295628105330786,0.973593657580904,0.8325744228555281,0.8302407583861903,0.80478380180146,0.6214086140153062
2018-06-27,0.7412473809577146,0.877896736308214,0.7746256288176264,0.7806066909544651,0.7788266454509766,0.623887914825417
2018-06-28,0.7859438742625084,1.0002621257146893,0.8849170058606375,0.8743724031615859,0.8271717544607318,0.6212558454072166
2018-06-29,0.7384689254066289,0.9024881717673916,0.8060967648648601,0.8003905875594904,0.7781778485894857,0.633347747987132
2018-07-02,0.6623039347555116,0.7944011363493944,0.7496586805735852,0.752116262980129,0.7559271045749006,0.6450217713128046
2018-07-03,0.6060599234270021,0.7251801433072607,0.6998093987369974,0.7074860994043946,0.7339698033468884,0.6532450955941657
2018-07-05,0.5913943833435601,0.7544579767637828,0.7220240837387902,0.725784688863498,0.74408711210262,0.6683593926303413
2018-07-06,0.6430648160335424,0.6925189474134571,0.6635395960797047,0.6757878401496872,0.7177247752351477,0.671893346323913
2018-07-09,0.684975354907964,0.6392203987554145,0.6102242665096356,0.6294214199205912,0.6917339966288728,0.6703181553794582
2018-07-10,0.7263643087696935,0.5932057782543514,0.5612389825541411,0.586172885835959,0.6665495938429824,0.668591335965541
2018-07-11,0.666944310744173,0.551684161934508,0.5255487032398524,0.553185907324812,0.6464738056633055,0.6852854723375237
2018-07-12,0.7102790796300714,0.7109373400600585,0.6469251546813967,0.6585578807398161,0.7076690384259731,0.6959228945347925
2018-07-13,0.745188708617634,0.6552867625168193,0.5956272667580548,0.6141925167969238,0.6854620868804829,0.6946585165775012
2018-07-16,0.6691097020138385,0.604904996861421,0.5593515223073088,0.5830660497917735,0.6710808460573989,0.6902134859158389
2018-07-17,0.6126067989312902,0.5902709019123883,0.542829755064613,0.568986289371423,0.6632690596693749,0.6860712443446424
2018-07-18,0.5832703340624905,0.549246274718536,0.5070418057931468,0.538226013304465,0.6474312748414187,0.6697868752905383
2018-07-19,0.5438540409721564,0.5128376585837326,0.4776365476756852,0.5121244839708022,0.6326867903170502,0.6384273078234481
2018-07-20,0.549872781968125,0.5802002161297346,0.5266019930422902,0.5563517177177972,0.6613693257195734,0.6350103515421442
2018-07-23,0.5213398957430531,0.5744347377494898,0.5198792282263064,0.5520010751342431,0.6586526341390362,0.629732367997041
2018-07-24,0.4949021174405373,0.5348156895089885,0.4912595241584906,0.5274371200609751,0.6431705678486039,0.6351641527120828
2018-07-25,0.5112853539117702,0.5009894307046339,0.45968628943445133,0.49962652107032596,0.6240193700729195,0.5924782167035263
2018-07-26,0.6008454291544136,0.4722079424717983,0.4244175852728053,0.4675361280265846,0.6021930747670572,0.5907529256100581
2018-07-27,0.5718450651576265,0.5094533204732211,0.4517042187861518,0.49218954997142855,0.6180137079296706,0.5688879036614332
2018-07-30,0.6335373429920528,0.6612944595016412,0.568894522734571,0.5974386055954409,0.6827599846564747,0.5567254700845186
2018-07-31,0.6410618987108592,0.7427549948631442,0.6393116941764094,0.6576920897624484,0.7166309978966411,0.5399206455276533
2018-08-01,0.6148852783792529,0.6578942834190368,0.5952317146372105,0.6176545768886629,0.6934638995034192,0.5167873887791804
2018-08-02,0.5754293338949605,0.6531959116630017,0.5945279205898939,0.6156767667773332,0.6930837220295661,0.5264592804005175
2018-08-03,0.5750291669453598,0.6044753977257852,0.5528788846225061,0.5781438703081138,0.6712919563919563,0.503793618426168
2018-08-06,0.5571515618631335,0.5617720631320164,0.5167822363661919,0.5484123832558699,0.6523366099330943,0.4913590349168202
2018-08-07,0.5361855229668476,0.5242886931557692,0.4848062445048815,0.5229340114011111,0.6357294335011928,0.4864235275106574
2018-08-08,0.5164799796577587,0.4912970629630272,0.4558598939826847,0.49732360532799375,0.6208706433796178,0.4858926833858855
2018-08-09,0.4910307756726942,0.480477549922158,0.4438382769913953,0.48884658991690055,0.61460761013523,0.460701936260517
2018-08-10,0.4786640934459643,0.4923508487627108,0.4517121139947493,0.49599851585287397,0.6185597813167553,0.4626511754606632
2018-08-13,0.5730210357185703,0.6424568509547264,0.5691312982851195,0.6013943621477427,0.6821268164827495,0.4724284397802976
2018-08-14,0.5704227986174774,0.6883066077744202,0.6091159238608068,0.637494941979919,0.7024984324431569,0.4802662812282289
2018-08-15,0.5886578928580775,0.6351567544312635,0.5670749425955619,0.598279899822436,0.6790300857044645,0.4983852186469152
2018-08-16,0.6623880818381085,0.7790692825873516,0.6859661313055996,0.7006979734826888,0.7354108537350401,0.5198989160959319
2018-08-17,0.6888432033175733,0.7138425846017562,0.6316598425716954,0.6521224911183648,0.7095726334310243,0.5198844778459121
2018-08-20,0.6359603625021628,0.6563972558483869,0.5911676715335448,0.6156805081153766,0.6881928033216915,0.5193701094540777
2018-08-21,0.5846532903936194,0.6062990530903094,0.5572271228131109,0.584842639945117,0.6692508447696097,0.5228344312884581
2018-08-22,0.5456987011158173,0.5627995659388745,0.5244702121747059,0.5551137464276195,0.6535249628260485,0.5047431966723579
2018-08-23,0.5142779843494261,0.546915660611338,0.5092359887079877,0.5411631245178125,0.6465274942619392,0.4990423031690735
2018-08-24,0.4956687323968748,0.5494489593802803,0.5084215156509108,0.5407019650001997,0.6458955839337938,0.4943488726656422
2018-08-27,0.5297765029961633,0.5141771903382663,0.47385172414358523,0.5095365225723272,0.6263543066600936,0.4778829930180047
2018-08-28,0.5951997739169391,0.4837453724713934,0.43778932549243227,0.4774054206553804,0.6068331564440725,0.4695954934158965
2018-08-29,0.5492426661461419,0.4547392189915022,0.41459419813946935,0.45544629431271677,0.5856472586208136,0.4639123932443333
2018-08-30,0.5550172265560104,0.4305086346673809,0.3873808998091709,0.4309861716222418,0.5684339483232393,0.4634158303483535
2018-08-31,0.5627429609994135,0.5163492774844058,0.4508065343635679,0.4906225903969189,0.6074391725258669,0.4401397503480058
2018-09-04,0.5213545006401307,0.4709926379050269,0.4335007480355109,0.47455960580075646,0.5964452249717307,0.4477969762257064
2018-09-05,0.504112755671565,0.4922385244719185,0.4485909738866901,0.4873807216754423,0.6050767803876378,0.4530616962900632
2018-09-06,0.5034161283450734,0.5337067089345336,0.4809694490251607,0.5158774968071346,0.6257462221105686,0.4640561994793281
2018-09-07,0.5076995329866284,0.5771255950202355,0.5157953128022897,0.5465673601359664,0.6474321357612818,0.4812573416542933
2018-09-10,0.496354771451991,0.5896076576006093,0.5272404373986497,0.5554117728463941,0.655053357931349,0.488521785548702
2018-09-11,0.4738662074791838,0.5479553626671662,0.49901658133326515,0.5311354115481299,0.6408168388709332,0.4820917892975562
2018-09-12,0.4690281878099702,0.5116946813395535,0.4699464809263029,0.5043767316351244,0.6314020481528078,0.4743642909571665
2018-09-13,0.4518107826442373,0.4845567978145639,0.4501158654588926,0.4859046783077481,0.626556004070571,0.4737177957681719
2018-09-14,0.4965743004951145,0.4562175127442864,0.41807537774828263,0.4582111944887047,0.6102327633754864,0.4440791263217011
2018-09-17,0.4728298914742307,0.4370274226002814,0.40305867802017253,0.44451217646640884,0.6017461904389692,0.4217977151554595
2018-09-18,0.5323131298038836,0.5550307230511939,0.49047533395338316,0.5251433119135666,0.6553532780713801,0.4199291198642736
2018-09-19,0.5423354254756414,0.5181927871633039,0.45613402274190185,0.49430980038901756,0.6334056472354926,0.4180569558487014
2018-09-20,0.507353731070029,0.4852249641930689,0.4372869791894698,0.4771018108038463,0.6209894398800244,0.4409117064694206
2018-09-21,0.5842851864546639,0.4571096091843554,0.4015001105095133,0.4434507494738929,0.5967337105723757,0.4421350651840016
2018-09-24,0.5453925745116038,0.4615622858341205,0.4037771547557552,0.4457799650867563,0.5967171098120296,0.4430402924590919
2018-09-25,0.5429558878963882,0.5228675040285683,0.45098697821686223,0.4895706419314545,0.624971042514707,0.441908305598005
2018-09-26,0.5136194274952909,0.5196045797739296,0.4510967701437652,0.48839069236082133,0.626860610332008,0.4507790858315698
2018-09-27,0.5147774034156554,0.5645743918722755,0.4881036572009019,0.5219240033766276,0.6498278864448032,0.4581693530466698
2018-09-28,0.4945270003831758,0.5261976117593549,0.4486554243492592,0.48367553180837225,0.6035473789043224,0.4610250372638623
2018-10-01,0.4661175802448437,0.4778947117367886,0.43162087593747556,0.4699235729320621,0.5943196675935848,0.4699290163139518
2018-10-02,0.4639794450916542,0.4501469660294317,0.40614777892042064,0.4475561710208216,0.5780726404894191,0.4672830465778658
2018-10-03,0.4499872872534463,0.4471335173770105,0.4030344417405353,0.4452187599394648,0.5745108488997549,0.4705057970995728
2018-10-04,0.4353388973132985,0.4221332712942847,0.39055285975536913,0.4367588908165192,0.563210622029086,0.4972613795328228
2018-10-05,0.5772000578362981,0.6162529603606225,0.5326118652608428,0.5720141463471736,0.6411239534331593,0.5178973059660616
2018-10-08,0.6071278504847554,0.7093356215070077,0.6109533261433947,0.6442936546441829,0.6765206238545726,0.525853418705811
2018-10-09,0.5582110774113106,0.6615943731070157,0.5849512946987787,0.6214414771661901,0.6599785649190453,0.5300281794463558
2018-10-10,0.5283113616858126,0.6510147764175825,0.5908582465822675,0.620221651892308,0.6556718239801919,0.5957284608051159
2018-10-11,1.5769165988685994,1.8093414468110267,1.4243592333185668,1.29326990614241,0.9537725921584506,0.7123945546860505
2018-10-12,1.7173199750664614,2.0771046699760576,1.7215503778093002,1.512250197259485,1.0290573840177157,0.8406699380468589
2018-10-15,1.5938051181529975,1.7978574764773585,1.5385680973053273,1.3699064206032527,0.9768720977124431,0.8520022090197285
2018-10-16,1.4058232205394747,1.6878046336770989,1.5003988669081423,1.3385240227375683,0.9645637020710774,0.885820903110331
2018-10-17,1.542887256176475,1.4807607004473362,1.3191626764713027,1.2000890436875344,0.9106730649225104,0.9073662593000256
2018-10-18,1.3327383221621074,1.3103783235446247,1.2146664686399298,1.1229286025715015,0.875523796976604,0.9399251930920554
2018-10-19,1.3489667301998016,1.4955702867172271,1.3821630901712818,1.256256966919635,0.9247422019168331,0.9476243001584312
2018-10-22,1.1707427407899935,1.3367540574945964,1.2742868445487734,1.1760680107754438,0.8926982204854197,0.9524857479802264
2018-10-23,1.047531777876683,1.285588157999349,1.246029515720905,1.1579396679798077,0.8839835019563997,1.0585867428345648
2018-10-24,0.9550945492270644,1.2561125656790952,1.2386010675356378,1.1474376993541364,0.8783610164393433,1.1040191978890026
2018-10-25,1.6613701125857203,1.9293316498194604,1.7689287764507018,1.5466482382458087,1.0247963480560205,1.1435123031561536
2018-10-26,1.627912889895114,1.6781535853414682,1.568631197491644,1.3902590406719495,0.9718588488093178,1.2796259669012602
2018-10-29,1.6369128005849467,1.8632782271438657,1.7907098027782735,1.5736642150440765,1.0785071659631675,1.4073122449072084
2018-10-30,1.4407411415493652,1.739484480940849,1.7271282236982666,1.5164120807391304,1.065134574711207,1.4206555229822413
2018-10-31,1.398304158806742,1.5217686883477417,1.5416508404840807,1.3710662777260998,1.014766224948009,1.449795712199149
2018-11-01,1.3032440482556158,1.3190115724071008,1.3848213808727774,1.2469705795867765,0.9717805461870247,1.4583141724122073
2018-11-02,1.219741372845016,1.1699313407385734,1.2457692298137841,1.135706110655994,0.9291733816963621,1.4738664708646054
2018-11-05,1.1086148221377634,1.1835806551141146,1.245113334235659,1.1339790128441833,0.9353417039440146,1.468875632833203
2018-11-06,0.9965414492178398,1.057669758572723,1.1313716976166337,1.0480481995145579,0.9028020127803278,1.4636592420002568
2018-11-07,0.9146696265701172,0.9510193101387489,1.0265609558409234,0.9684432349598636,0.8721166328797317,1.4774469623173592
2018-11-08,1.2265636840418324,0.8559534486422637,0.9078838345917428,0.8758814974866757,0.8320735524890432,1.4546817746384182
2018-11-09,1.0786746400194511,0.8281603243073785,0.8723893657522954,0.8478067032765899,0.8215940250229273,1.4168578582210294
2018-11-12,1.0615506877966656,0.998310060379586,0.9951300388157395,0.9461864271229288,0.8722945391550436,1.3583562765516717
2018-11-13,1.2861688931431448,1.3903112544529297,1.292687201799057,1.1817727906708348,0.9788075759391967,1.3670846669111492
2018-11-14,1.128772102661452,1.27923863057332,1.2202184050859284,1.1264681305319557,0.953484962825491,1.3799205244678052
2018-11-15,1.0482765582038092,1.2946931579382346,1.2401919152076262,1.1426748882438045,0.9652202727806665,1.4043128609293511
2018-11-16,1.0195485081669782,1.149620390252576,1.117137640553779,1.0474956855970117,0.9288082320821535,1.3973384947402416
2018-11-19,0.902922649482716,1.0298782516857443,1.029661604194149,0.9788405006191243,0.9026958484540493,1.4013179340527566
2018-11-20,1.1350887656171802,1.3585899540138633,1.2771740084035101,1.1772195506521674,1.002435910928301,1.4423645897543034
2018-11-21,1.3260526486176416,1.6519286544504532,1.5166147658728588,1.3700653275672652,1.0961361035612562,1.375885849756456
2018-11-23,1.1621151643676262,1.4487655535636832,1.3821482507978877,1.268998651314131,1.0687807125961042,1.3538496742127493
2018-11-26,1.0724354794365214,1.4305114240970422,1.3847655715006604,1.2737669435113743,1.0784633912192327,1.3340225652369722
2018-11-27,1.166641038877623,1.261496532348912,1.2351763206953192,1.1548276656684475,1.0302748983369157,1.2119276671467831
2018-11-28,1.0287080201068743,1.123802249980501,1.1390285463319307,1.0790567924549332,0.9955213867117123,1.092021991307716
2018-11-29,1.3428366029020589,1.0022380806639468,0.999048634808618,0.9689130695865575,0.9436158913340638,1.081350364470114
2018-11-30,1.177757198393785,0.9604374296683628,0.9713381462526357,0.9489649333114174,0.9319047928936242,1.0470426779789055
2018-12-03,1.0679217347944705,0.8529731005345793,0.8910345405729619,0.8854726636573305,0.8998150736461854,1.10362093228175
2018-12-04,1.092801406546854,0.7767835036305504,0.8071828601605651,0.812957519817028,0.8579809673892607,1.11734760684759
2018-12-06,1.7785898722786413,1.823963692818444,1.5604018902732981,1.4180417780040013,1.1364673087201416,1.229396724239399
2018-12-07,1.5529324453936342,1.638880512781333,1.4630939042256272,1.3363591092812332,1.0958444783169754,1.2829850602216044
2018-12-10,1.7314160023316352,1.9900337511232544,1.7826353684431298,1.572224293849984,1.1868943125010953,1.3248569575851414
2018-12-11,1.5100907044579406,1.7378353005015332,1.6246804157597883,1.4558203294646355,1.1305890931470444,1.3760095510110215
2018-12-12,1.3204278963731957,1.5335069716844894,1.4902238752743857,1.359409818606086,1.0811866700849986,1.396781499667208
2018-12-13,1.1739757539199165,1.3574775100644512,1.3570569108891224,1.2644586446364818,1.0326096649755434,1.3925707276731534
2018-12-14,1.0357135253235656,1.2262704466066483,1.2563108252179531,1.1981195369009112,0.9929314438821505,1.4041958171289832
2018-12-17,1.257655233458838,1.5444271788497106,1.5052175659237486,1.4103526759778633,1.06681065310946,1.4136904185614996
2018-12-18,1.4330076532949714,1.820941666228831,1.7417677750292269,1.6121324752284973,1.1296162558660108,1.4024963590693094
2018-12-19,1.2572311343748557,1.6281381918241646,1.6266398546950949,1.525190532396861,1.0893630258761358,1.4878621810062511
2018-12-20,1.3095069655707947,1.7704961758050273,1.7670781620419012,1.6303678863342643,1.126826667775795,1.522154423394967
2018-12-21,1.378629616117524,1.9156119421988995,1.9184230272561953,1.7374263571974697,1.1638625187996403,1.5586079426476742
2018-12-24,1.5377537601126754,2.133151091168632,2.1314443387377353,1.8841991415812185,1.2128061723326584,1.5883334943578094
2018-12-26,1.815306623886905,2.451788640923322,2.412482485230332,2.0802856172877497,1.278842166154736,1.693228828890831
2018-12-27,2.668609581904388,2.1035789887900678,2.0394160056858874,1.8013724196271483,1.1902846206048843,1.790754949140246
2018-12-28,2.3335538964674143,1.829805651531074,1.8541827081229163,1.6510248314203053,1.1466976121468253,1.8062947403859824
2018-12-31,2.027612732197466,1.6392613620117438,1.7954229116806169,1.614856661603025,1.1805168978314262,1.8022060170986132
2019-01-02,1.841326966673852,1.4617632055693688,1.6303722153715652,1.4788001609040808,1.1363820042440633,1.847383463574048
2019-01-03,1.603934912098535,1.307358547983351,1.5121852846854453,1.3765735178475291,1.1014038776308952,1.8606034656735728
2019-01-04,1.7993450666212505,1.755094457815644,1.84135154221448,1.6175438801340725,1.2022258576426457,1.867571775375628
2019-01-07,2.142668472821487,1.5547444929666052,1.6014275064579226,1.4337565853258858,1.136036081648527,1.8523588487295808
2019-01-08,1.890140133494972,1.3861081936958868,1.447159090425145,1.314659049619959,1.0893890482152617,1.7982310083773083
2019-01-09,1.6913370763651845,1.2427268130275475,1.308685063604002,1.2048617424012158,1.0488427261040927,1.764192428866234
2019-01-10,1.4860345440541514,1.1203032092350202,1.1939661902091132,1.1147678066376667,1.014043467145942,1.734380006369578
2019-01-11,1.305963804602634,1.0151449515093112,1.0950011733171456,1.0366154602298434,0.982970480000321,1.6937796195621069
2019-01-14,1.146575780262734,0.9255659245521024,1.0173081634170673,0.9745120701828281,0.9566078251451079,1.6728757152165117
2019-01-15,1.0581148394852418,0.9847488502874772,1.052609474470645,1.0095954883095688,0.9755131266544712,1.667558649853794
2019-01-16,1.0535737733339408,0.8977885247256926,0.9509025217957233,0.9319988910710274,0.9362586211287831,1.6462828699568142
2019-01-17,0.935640236507429,0.8224740063068467,0.8829904619069969,0.8794195188588687,0.9087083621219609,1.618057794567171
2019-01-18,0.888763980821939,0.7565973196245879,0.8096737023468887,0.8208346150635601,0.8763382035972408,1.616819859262392
2019-01-22,0.975025066031628,0.6986986484379057,0.7319383830821977,0.7548611046590686,0.8383614361877004,1.5461768241791805
2019-01-23,1.0837836252580908,0.9944268805891456,0.9570609480954929,0.9513849656549739,0.9423552013083658,1.5190903845676484
2019-01-24,0.9600080079049176,0.9064329182167248,0.8965847529028315,0.9033835380797102,0.9165743601900681,1.4415340660148157
2019-01-25,0.853896510630783,0.8300529842180698,0.8470512961695336,0.8639760949802637,0.8956024845453957,1.4183799046525312
2019-01-28,0.8405521687106648,0.7632012379804863,0.7792659969287761,0.8056148367648696,0.8636454974555265,1.296288804578175
2019-01-29,0.8443495354978969,0.882958106003908,0.8781308566153067,0.8882099271860628,0.9085428179061914,1.1400865405664862
2019-01-30,0.7629616456765769,0.8449818744173117,0.8597778997381889,0.8714380535937489,0.8995119500075279,1.127274618686296
2019-01-31,0.9673475151022626,0.7760464784806267,0.7653576558272035,0.7865938449355221,0.8533344657539105,1.1070490243052895
2019-02-01,0.9299284299408036,0.6984578065953295,0.7026286897253223,0.7325048576897255,0.8234868556725918,1.020101779326761
2019-02-04,0.8282942007083433,0.6492940491261718,0.6744039103070452,0.7095303616213092,0.8092019225128169,0.994328729725171
2019-02-05,0.7953592838722495,0.6062944406942465,0.6243681905699477,0.6659363355205576,0.7841573289673859,0.9005317990334127
2019-02-06,0.7326494965755458,0.5676310691265181,0.5873379314193364,0.6339456868618821,0.7679979456617763,0.8731837315687975
2019-02-07,0.6711923559798899,0.5681043481968355,0.592749828067693,0.6379737909831287,0.7731583704893701,0.8535173395949928
2019-02-08,0.7726653033521342,0.7663041523952239,0.745661333165944,0.7734833148149056,0.8561540690624394,0.8530494198612798
2019-02-11,0.6977217901496512,0.7094740415420641,0.7148031698824904,0.7441239512062477,0.8421690823248171,0.8244378931625089
2019-02-12,0.6359231475888247,0.6590776848019085,0.6883358607375448,0.7190362425889136,0.8295262225973679,0.8284444534763329
2019-02-13,0.7990865997006491,0.6156355748815784,0.6143134622280861,0.6521575611807744,0.7881035267086456,0.8118168290708794
2019-02-14,0.727908118832301,0.5758699122346823,0.5825829481859532,0.6229671449783883,0.7696948793317805,0.8204660073606895
2019-02-15,0.6743450975195541,0.5942409272499811,0.6006181725385356,0.6397568380403288,0.7798778032737074,0.8287721607553542
2019-02-19,0.7669572357609306,0.5575895538706473,0.5415960259805095,0.587385372381995,0.7473819722873895,0.8176336043441942
2019-02-20,0.6940705883442014,0.5237692074181836,0.5199729377415906,0.5680441320554789,0.7358070758082167,0.7719800701604903
2019-02-21,0.6353529185975075,0.493429777633832,0.4986659841731713,0.5485697896634086,0.7251601192591907,0.7377737759046701
2019-02-22,0.6171679981414643,0.5509068079313506,0.5468138537608801,0.5932200193288215,0.7626001275588233,0.6935053522837223
2019-02-25,0.6207960415165846,0.5182654085908325,0.5091182849615166,0.5574349009317098,0.7455557247142381,0.6990286725899897
2019-02-26,0.5739681741010051,0.4884069998938087,0.49214890492021035,0.5427407459302692,0.7393874118636783,0.6599879058877736
2019-02-27,0.5399893045148635,0.4848487633935254,0.4933867281488588,0.544047409073579,0.7453327710772423,0.6312193103909718
2019-02-28,0.5116717571551487,0.4758476940001325,0.49099824623191013,0.5431495894987668,0.7474776257354577,0.6240795417700621
2019-03-01,0.4995873613439866,0.474391531689868,0.5110168970014767,0.5651254021910347,0.7638029947300812,0.6040838216800732
2019-03-04,0.5358178642904446,0.4478437241707967,0.4700120347124928,0.5266287834923277,0.7344053522987678,0.6551887797587673
2019-03-05,0.5434059763580028,0.5132379342694399,0.5214802850847039,0.5763299931440499,0.7696912480622177,0.6496835845717303
2019-03-06,0.5204526604847602,0.5210959051325408,0.5328109701698497,0.5873579416457267,0.7777211652773172,0.6464119328858231
2019-03-07,0.5821417320965534,0.6354681503065905,0.6260694448093993,0.6716226405693548,0.8329492377969013,0.657690672270021
2019-03-08,0.6821407172366054,0.7903266028461869,0.7529020144470799,0.7821568005677928,0.9007583691038514,0.6815538445127551
2019-03-11,0.6356945313898271,0.7799407738988671,0.7586904435327644,0.7855529034562133,0.9012755377358544,0.6534449911345105
2019-03-12,0.8470591961669424,0.7190060433575768,0.6746106275127469,0.7090240587839781,0.8554197188599105,0.638136756976439
2019-03-13,0.7708299086720759,0.6675145377644602,0.6383346349930564,0.6771546824907716,0.8341367115275377,0.6401386377816948
2019-03-14,0.7433446756004913,0.6210491965139039,0.5917135655997192,0.636798456010024,0.8068491398064102,0.6208036569012993
2019-03-15,0.6763745902596178,0.6028104627730089,0.5847322608535855,0.6325518789824914,0.8029267486926792,0.6209980320289534
2019-03-18,0.6457682008214557,0.5636762488897568,0.548680441421914,0.6056042917746595,0.7804923080219937,0.5984872035467772
2019-03-19,0.6069540136094463,0.5289158477715955,0.5214818854678691,0.5843817215161582,0.7612601527001813,0.6004913355907402
2019-03-20,0.5626511376237507,0.5028571895648077,0.5091556375056743,0.5755674287767705,0.752634420903035,0.6090136563439991
2019-03-21,0.5538391841104908,0.5474057292353939,0.5488913502609482,0.6160551598001756,0.7767234288135444,0.6316702429725646
2019-03-22,0.7004941922988427,0.5124781620584798,0.4948905052080251,0.5622899252583946,0.7388866023912364,0.6579048570046838
2019-03-25,1.1119340794254131,1.0704524578789705,0.8952241427573665,0.9253724600225045,0.9555303585515181,0.6638959241890962
2019-03-26,0.9839353174295894,1.00058237463042,0.8786921121320125,0.9083420978184511,0.948286093227607,0.6765332615309758
2019-03-27,0.9232125376974982,0.914706641910508,0.8175789561520855,0.850725523774855,0.9193592211311608,0.6978595390852008
2019-03-28,0.866442002661109,0.955789219176521,0.8755446781434083,0.8996457737081227,0.9487379099636053,0.6961581079578458
2019-03-29,0.7868801650838715,0.876334387565084,0.827835072402164,0.8554754772623498,0.9274434579041436,0.7078331154306107
2019-04-01,0.7516229462854265,0.784313558212415,0.7728493249867198,0.8041965564458741,0.9034288839835333,0.7050926201502777
2019-04-02,0.8418423491957618,0.7253522899807404,0.708738340000622,0.7488357808869949,0.8888892919722401,0.6502123196005332
2019-04-03,0.754786646031733,0.675068358479493,0.6883172817672649,0.7296219160277758,0.8801747549208874,0.6579238697782303
2019-04-04,0.6836422675439124,0.6300590392305466,0.6628245908244261,0.7060521608907107,0.8681220219001323,0.6559238001955991
2019-04-05,0.6301031950141576,0.5896548934751286,0.6327876789724595,0.6786738671154832,0.8561370362399693,0.641417192152619
2019-04-08,0.6089624179799357,0.5530558764460969,0.5951467422201167,0.6451521884427633,0.8421710299410184,0.6190986598626191
2019-04-09,0.5641063458633288,0.5209003085928029,0.5782893189990337,0.6289637258155601,0.8381602494089149,0.6208660305555849
2019-04-10,0.5921920873930371,0.6114467395690186,0.6500540518894741,0.6937369333232289,0.8901558568108668,0.6193451241102637
2019-04-11,0.5631307689649351,0.5728537511728542,0.6174518920142376,0.6644009313918127,0.8747520763046005,0.6110943160106298
2019-04-12,0.5297086453199399,0.5534866452553245,0.605383851640926,0.6532707058492766,0.8747123129354497,0.6299985562086302
2019-04-15,0.5684636874470173,0.5202044795328683,0.5627708382107719,0.6143065775766501,0.8514061600216629,0.6266000481085833
2019-04-16,0.53574263340368,0.513622510001068,0.5601716728174552,0.6137614220716066,0.8526274895636935,0.6292491207847216
2019-04-17,0.5058769865128716,0.485373208777682,0.5460546477790887,0.6027962655105853,0.8441877741949985,0.618141267869966
2019-04-18,0.5041339851066282,0.519488161970183,0.5746361189378881,0.6316973703531091,0.8643511524054329,0.6046280053509703
2019-04-22,0.4839744310119117,0.4904296434969178,0.5544429045556688,0.6150905750645966,0.8504153023843537,0.587855845924691
2019-04-23,0.4654228188224674,0.4643725029442786,0.5421017743407356,0.6045570343258804,0.8391302958310225,0.5552108913992394
2019-04-24,0.582203548148671,0.439291663063364,0.49274234304540465,0.5586234861493309,0.8003821136743627,0.5436409647773554
2019-04-25,0.5594729397727298,0.4733589864823804,0.5237913380056927,0.5907637423778005,0.8223148069701797,0.5194162591295537
2019-04-26,0.5284373285249926,0.4706079070849332,0.5297342133419556,0.596926289705653,0.8256129555447733,0.494566651703138
2019-04-29,0.5294333503998665,0.4457307907670659,0.5014138462708687,0.569856136971341,0.806765428948109,0.4834336786915183
2019-04-30,0.5020864902845467,0.4237150490110757,0.49173388919443795,0.5616645042674581,0.8012164502090641,0.4824674583728018
2019-05-01,0.4745294516101325,0.3784559882530848,0.4886883783073054,0.5608201808926349,0.7992205009005829,0.4656358302743129
2019-05-02,0.5937750397917594,0.5560455914373033,0.6064391394759878,0.6759370669752184,0.8747699228163169,0.4877912121476361
2019-05-03,0.56711916607572,0.576738713463512,0.6311001448452142,0.7038627921867919,0.8947479294203404,0.5058791348857987
2019-05-06,0.6654468406607598,0.5388565318512163,0.5746640237332586,0.6498543897558569,0.8597971417751356,0.6447398005156619
2019-05-07,0.6485168476741794,0.6040403402162108,0.636723166141435,0.7090887614232638,0.8976977996035826,0.714769511191384
2019-05-08,0.9968544080927187,1.0093566668958875,0.9357295387259026,0.9806221733254752,1.0607210277825387,0.7208829711607377
2019-05-09,0.8883174385944652,0.9615517833299866,0.9336155831683918,0.9741052781197503,1.057928401833759,0.7555317059672866
2019-05-10,0.8110191842639394,0.9517717342670506,0.9530373543870361,0.9880527441979686,1.0663987525497323,0.8280742158725574
2019-05-13,0.7519554777438261,0.8735223994618931,0.9055646034667248,0.9400559045828977,1.0391380942083603,0.935048362422366
2019-05-14,1.3699416717416983,1.465075532713627,1.3311304126401173,1.296951488698246,1.2292011552902706,0.9451896155373134
2019-05-15,1.2533507332293152,1.318957220895793,1.2299211633928007,1.206456845984872,1.1884785693034374,0.9616025116304948
2019-05-16,1.1218673072877556,1.1936459134254092,1.1489446510717363,1.1331568832985748,1.1530912371516613,0.978390711645547
2019-05-17,1.0580864437668642,1.0836941308099757,1.0590337310183575,1.058260429428202,1.113352557831985,1.0048571789433012
2019-05-20,0.9910189560310724,1.1281750018000511,1.1161562183483704,1.1072965002869588,1.143159231239651,1.0137045604498467
2019-05-21,0.9405438579661364,1.169493764230754,1.1666440839157006,1.154962874453146,1.1711285027287581,1.0300851091190433
2019-05-22,0.9131389021684496,1.0627396795175237,1.0703914562538055,1.0812717880262284,1.1362711655232207,1.0286359540286667
2019-05-23,0.8316617267344467,1.0408507249140433,1.0748127451709888,1.0867831223523075,1.1416304399688453,1.0437133273238144
2019-05-24,0.9528538893843184,1.2207668031469967,1.2310447763288594,1.224460159454598,1.2168120498655255,1.0611672161965469
2019-05-28,0.8482455068703046,1.109578913008652,1.1618214165586154,1.1709830685442726,1.191741234436184,1.0747297775142002
2019-05-29,0.8875586398052512,1.211534905320879,1.2617638371670228,1.257031668816399,1.2387410170157418,1.083030029175288
2019-05-30,0.8622408626715982,1.2430969915943226,1.3091986867352934,1.297161708316864,1.2613036931751305,1.0884702514718676
2019-05-31,0.7749981534593372,1.1288378027836106,1.2424637790073791,1.238540859605567,1.234964257871133,1.0972693196003125
2019-06-03,0.9548035208097112,1.293405429638062,1.4049002041723864,1.3709289407685916,1.3055904414301598,1.1033546971592072
2019-06-04,0.8626691616571406,1.2310783858073804,1.3889377199557156,1.3546871485695595,1.2977208061266705,1.135206065490876
2019-06-05,1.2107815188183693,1.1084848280408175,1.2090838840114269,1.2022218503424744,1.2194615322683038,1.0908019393186217
2019-06-06,1.1224616057241916,1.0090879624473847,1.1201548968543973,1.126511780955513,1.157190441092161,1.055770007858445
2019-06-07,1.0234156145001894,0.923395602863314,1.050378781727262,1.0670161187157319,1.103588039389309,1.0634346882384471
2019-06-10,0.99695627353513,0.8461250507185819,0.963832240394711,0.9909560761858147,1.042090784474886,1.0489540683426546
2019-06-11,0.9013463384625195,0.7811094325925865,0.9122077793786662,0.9463535803550691,0.997654805574064,1.0151578243049608
2019-06-12,0.8061883729002781,0.7395790635685399,0.8991835428278067,0.9367132617882739,0.9747315150909895,0.9183805193979098
2019-06-13,0.7347460646112549,0.7324634424529526,0.9108994170397088,0.9485257979650407,0.9639386311144178,0.8983040396200336
2019-06-14,0.6835973149372593,0.6806271322735281,0.8675820333202064,0.9154078678538313,0.9283573489999916,0.8813374609476959
2019-06-17,0.630700601548245,0.6670903666541769,0.8667011004836096,0.9170948158824348,0.9129102700730282,0.8605857608993677
2019-06-18,0.5823162612189563,0.6263794334939394,0.8460798717083328,0.9000947973465148,0.8908144033827773,0.8412788245519639
2019-06-19,0.6953511364622011,0.5822321907921061,0.7674518979381831,0.830731585418923,0.8412631772604251,0.83186438519012
2019-06-20,0.6380457047180036,0.547428816097238,0.7521748753679124,0.8160221563403646,0.8223098185611838,0.8463159499165086
2019-06-21,0.7073789075881034,0.5118031909056582,0.6830106661033761,0.7520183808635024,0.7805315913972866,0.8502181359980874
2019-06-24,0.6521918440789612,0.5232711807105694,0.7068875686992793,0.774315123598657,0.7855456199509953,0.8304940916423612
2019-06-25,0.6061846281929124,0.5288859799446158,0.7273330046222705,0.7925917553264926,0.7934969836188824,0.8068408055743106
2019-06-26,0.7386170262676649,0.7411089023859313,0.8652196835657869,0.9157971010803218,0.8517430016221564,0.7860861889816786
2019-06-27,0.674763426442498,0.7186661778652904,0.8717772401054827,0.919012035195383,0.849565261447981,0.7743380912322004
2019-06-28,0.6301784096367936,0.6686898519474067,0.8393275657828978,0.8711840139292095,0.831904104152319,0.7572766339111475
2019-07-01,0.6127726623315249,0.597048555249377,0.7986279040000153,0.8175323981143392,0.8078925982539115,0.7732896070937701
2019-07-02,0.676983669643238,0.5552885799890251,0.7094554808302207,0.7250122308535589,0.7658830274157984,0.757911540707551
2019-07-03,0.6249679944535224,0.5229664686257413,0.6838599264269514,0.6906619616322025,0.7497674263481888,0.6886403084359645
2022-05-24,1.8501383788937191,1.9078692475744805,0.6276477331598465,0.6414798968931712,0.7239519593430996,1.8787483527167748
2022-05-25,1.6528821019819462,1.8582965723597695,0.7374593957232415,0.7351047723731204,0.7782916581011973,1.8821926411584349
2022-05-26,1.4832137752227583,1.6679140408326,0.6725786940099244,0.6797731802645989,0.7486765646166933,1.8769655369854328
2022-05-27,1.5818962695910503,1.5330976039811053,0.5888587295818918,0.6075412045431748,0.7089277390268114,1.8300174223307084
2022-05-31,1.7802005998920607,1.4291846577490854,0.5016884057179453,0.5309621630667941,0.6622651988710346,1.7952618406964729
2022-06-01,1.5763969906136228,1.369842098309195,0.5843929501637507,0.6045041172237317,0.7100192148574742,1.7730907572518235
2022-06-02,1.437850080828829,1.4132587409218382,0.7089588651280765,0.713692451369693,0.7738774126024267,1.7864663305663584
2022-06-03,1.524079302898865,1.3147598774937983,0.6222926316794025,0.6422732222924468,0.7331789406640197,1.748963102153121
2022-06-06,1.5700870015810142,1.56710897749067,0.9379440462979701,0.9131998005766018,0.8789833719033979,1.702467073576016
2022-06-07,1.369449714951721,1.408911521586677,0.8678890220049601,0.8646388666405397,0.8497511957482664,1.6915131889924284
2022-06-08,1.2663687891448274,1.287945158182121,0.7898432459594057,0.803401678798713,0.8135716141863414,1.65308500706606
2022-06-09,1.2460049473787234,1.407562760755416,0.949053557365689,0.9412238162540921,0.8801747774146395,1.6005427842357849
2022-06-10,1.6239792331481668,1.842178325552721,1.3862207178538888,1.3021560240009793,1.0384888746448544,1.5865305774781642
2022-06-13,2.031243541220162,2.3256307705845445,1.8654527270996952,1.6656952491788775,1.178926921059363,1.6437466122970563
2022-06-14,2.594855589883053,2.94921719556806,2.4533438597480743,2.0949967803438234,1.3258111459507824,1.6351697490629789
2022-06-15,2.2475557092110248,2.651230481387844,2.268731260393546,1.956012350031524,1.2779349741249126,1.693381420483855
2022-06-16,2.045529903373543,2.361793458088908,2.0288564212053415,1.7733411244274795,1.215763376822846,1.7117838481665604
2022-06-17,2.4302235431704657,2.843668784405769,2.4596458816566162,2.084533503635712,1.3251420917761654,1.6894496350042074
2022-06-21,2.0997904523089463,2.496137567479916,2.2190629292334125,1.9068775518825904,1.267013762740754,1.7144822665023702
2022-06-22,2.153407415527222,2.256123780213396,2.054503343674222,1.8230065499456356,1.3195730631952907,1.6278783912202506
2022-06-23,1.866880335209024,2.040987368642913,1.8889482515102503,1.6995632189952596,1.2698880724763026,1.62710410191725
2022-06-24,1.6736065169573282,1.8321068583524764,1.6999374399719775,1.5577338734608517,1.2105705276122212,1.6050552857354057
2022-06-27,2.0648637478076397,1.7061893774465413,1.5074787094751425,1.4076258090271678,1.1488857215916581,1.5928532542804887
2022-06-28,1.8011211108075145,1.6108654722209508,1.4502190662902117,1.3635791890159572,1.1292406235446524,1.6216283067673771
2022-06-29,1.8751837176298456,1.9119052306722464,1.737338675982287,1.5902655025082582,1.2207743821171955,1.611300514474209
2022-06-30,1.6270760226719605,1.7276999719064186,1.600748861765854,1.479767286062791,1.1747000444463058,1.6343586543388755
2022-07-01,1.4843206030865754,1.6672743967021646,1.6094080367391888,1.4814217694314655,1.1767657453901872,1.6276515366902249
2022-07-05,1.3745876552158478,1.514733002280273,1.459241540362286,1.3589447418466611,1.124841831980496,1.6492532124390396
2022-07-06,1.201206284125054,1.3620134783781512,1.337378902121674,1.2611400547053926,1.0805660459674935,1.6421937504710211
2022-07-07,1.0606325329282846,1.233140264552922,1.2236689224220234,1.171449358726844,1.036111655678781,1.637823294128618
2022-07-08,1.1540915381044057,1.1493077826121112,1.107940955359401,1.078911004706599,0.9891737845788423,1.622732760443978
2022-07-11,1.0173622399356157,1.0696698567403886,1.0379899154059868,1.0199335951828472,0.9583938301405345,1.6165486469732795
2022-07-12,1.0793796692927098,1.2371097839133394,1.1886597154698793,1.1442989188743167,1.0135571054049137,1.6056675467224224
2022-07-13,1.0616223316737334,1.317263222664306,1.2645520708777707,1.207589636711672,1.0372862101512559,1.6065929221516932
2022-07-14,0.9821837366248104,1.3066794306441352,1.258384501325185,1.203876131103937,1.0313077595513775,1.5371152872492608
2022-07-15,0.8844712953539525,1.2388731785084417,1.1990033059138432,1.1547026371257982,1.0064703801637862,1.544122803515078
2022-07-18,1.1755392019914774,1.1644735084919933,1.0841842165796567,1.0580246341632882,0.9604958800316141,1.500724244741791
2022-07-19,1.1229391539964084,1.2416783059150946,1.1630018947614296,1.1189721244236999,0.9871591810943482,1.4479922681062711
2022-07-20,1.5894753044286756,1.1865502613816965,1.0446579870601829,1.0215227955005433,0.9394580807147559,1.4279576069571247
2022-07-21,1.4076155066523064,1.087611979232716,0.9598600525222056,0.9530778626457439,0.9034008595245573,1.3780493574681345
2022-07-22,1.30703954333281,1.0104905228270955,0.8795489521906391,0.8855343199057731,0.8678563999422015,1.3468657312645576
2022-07-25,1.244509831870133,1.1345568616434385,1.0013141497950675,0.9882295174970694,0.9208496454572426,1.3166491313289777
2022-07-26,1.0903793813261338,1.0296287798850523,0.9318895318036846,0.9291916341306227,0.8931710245913559,1.2888794324502713
2022-07-27,1.14147881953955,1.2139716041003084,1.103458866843406,1.0707249739369866,0.9615006713078078,1.3206940407357113
2022-07-28,1.560960019870836,1.1598478928855358,0.9834817447849363,0.9705576443799533,0.9150638120163849,1.2928092739151198
2022-07-29,1.4691022426544054,1.0794250338591973,0.8969362834756376,0.8958372310786181,0.8845411894111342,1.297025176561268
2022-08-01,1.4395022644190671,0.9790037560968256,0.8180738620773936,0.8254309696107947,0.8529039910887675,1.2658997925304596
2022-08-02,1.2696859633414983,0.964300742324757,0.8203747901922999,0.8252677607304971,0.8594414930190373,1.2589457489811198
2022-08-03,1.1696894566226177,1.0315442058520012,0.8939254814793831,0.8857039179748583,0.8969492339116937,1.20962163036621
2022-08-04,1.2474346019504192,0.9762190774887431,0.8121722669282776,0.8159642990567715,0.8642878260122475,1.190153698403588
2022-08-05,1.0959805883877771,0.9149390139679184,0.7689276058840049,0.7786722595783456,0.8486498318550528,1.1838425758178186
2022-08-08,0.9737683028040298,0.8817125501259482,0.7494307008010151,0.7611168383299945,0.8432342153042438,1.1916452746642656
2022-08-09,0.8690532634412642,0.8416623400568428,0.7222782910587929,0.7379164989918023,0.832009038812031,1.186680946364714
2022-08-10,0.8110322476162471,0.8660746366037206,0.7512631928538223,0.7634028070700555,0.8479194824675591,1.2265699746457457
2022-08-11,1.2051277115567918,0.8451570384025701,0.675816531895867,0.6986159726463599,0.810863820142756,1.186420074043105
2022-08-12,1.0585364324790532,0.7860877772052455,0.6359982226036449,0.6637939481339792,0.7929029314625824,1.1346924108867915
2022-08-15,1.208958105638986,0.7638473586475661,0.5766236350945059,0.6105367017629436,0.7648008363925506,1.0954082402113128
2022-08-16,1.072245385141347,0.7105025257933435,0.5411137495508187,0.5806897945737931,0.746503488225782,1.0530147158719152
2022-08-17,0.9472537067590378,0.6575733049552287,0.5123886845243717,0.5561291758902018,0.7311701081541123,1.0421110636939528
2022-08-18,0.9258523625036544,0.7808819807742383,0.6305942768490251,0.6647746915826073,0.8031595714980693,1.0329302601559212
2022-08-19,0.8291744605861344,0.7224585477848388,0.5930248128193457,0.632791073235357,0.7841836799514397,1.027730896190124
2022-08-22,1.0180582792277184,1.0100797291976304,0.8791859734783721,0.8982951943545023,0.9767062075130553,1.039917900410584
2022-08-23,1.3894606846163058,1.4522613996091231,1.271463651547312,1.2317843267361062,1.1533857172331312,1.0400190189464835
2022-08-24,1.2240255733430403,1.3645094908936,1.222198116916124,1.1981436477485183,1.134075042887366,1.035923392170171
2022-08-25,1.0793733610172311,1.2347782034514612,1.1312916306112215,1.1264457397874676,1.0977801475513276,0.996218348224641
2022-08-26,1.1434279243978274,1.1496701359245698,1.0312212488291361,1.039988452196805,1.053926914178529,1.0104392010233312
2022-08-29,1.9790292474669375,1.9956591889506208,1.7512433476355473,1.6300936337736465,1.3276724608216752,1.0181667206812943
2022-08-30,1.7534787199434887,1.9163934403545333,1.7326160570297253,1.6126559949654158,1.3180306947071228,1.0276369059919603
2022-08-31,1.6281582017542615,1.9416732415269988,1.7927489413615652,1.655676155139985,1.3354663577106676,1.0184368819747982
2022-09-01,1.478368919836651,1.859397025959872,1.783914488859342,1.6439381400998747,1.3307538389898044,1.0352923108800796
2022-09-02,1.2969772063552925,1.664203654106357,1.64254451175139,1.527842055780529,1.2814421337564224,1.1034715248789264
2022-09-06,1.2643154069968432,1.719907361794429,1.7040844878434303,1.5758141100513836,1.2995956690501762,1.0936495504956252
2022-09-07,1.1327695860679556,1.6241006867188257,1.6360807443135263,1.5294795775693537,1.271878154046235,1.095375831703301
2022-09-08,1.287064001638763,1.4986249086256769,1.469083350196611,1.3996654404628686,1.2109803255295342,1.116856001287957
2022-09-09,1.1616268316905511,1.3610315342278922,1.3462199152215464,1.3029054115501675,1.1611814715982223,1.0629343475683404
2022-09-12,1.2381879823379407,1.2645010603235465,1.2198125615211806,1.1979808507361756,1.107306551795263,1.0528866055538175
2022-09-13,1.1855841122749076,1.1682061840153397,1.1209143491908566,1.1121964595184475,1.0627102683402665,1.1772686686511045
2022-09-14,2.4110359614873764,2.407982707695236,2.1378184023451445,1.925117894979327,1.4061704278720821,1.1834727841690278
2022-09-15,2.0957313636164683,2.136105901288036,1.9433801421862622,1.7811291321170633,1.3451184349283631,1.1974144680877052
2022-09-16,1.913544862561132,2.137785846534819,1.9781354847995272,1.8062068572457117,1.346671025472642,1.196506823903213
2022-09-19,1.7139207389743183,2.0605491305857484,1.939789909043831,1.776112863273952,1.327465234692443,1.2122456314704964
2022-09-20,1.529117248709,1.8486230120152425,1.7627696657139462,1.636719015400697,1.264750961134698,1.2189031340819647
2022-09-21,1.462544834991362,1.897073520538743,1.8697763033471326,1.7375180782991984,1.3507018043181973,1.2466806044473886
2022-09-22,1.5558197960227615,2.074399284420023,2.0388976047119294,1.8683278513959505,1.3929707872078305,1.2494534023135726
2022-09-23,1.4300387723635504,2.0226408860931846,2.012559270746608,1.8454034312712615,1.3769505269123092,1.2956815661201644
2022-09-26,1.5139812319694606,2.1629753504353184,2.1509320197567625,1.9494311451496527,1.4123905312635876,1.3155455044837798
2022-09-27,1.420945532168205,2.1293410247271085,2.1371786677081044,1.9374797311090377,1.4041499617999647,1.3404510083497256
2022-09-28,1.254453207664698,1.951196864420288,1.992418984007395,1.8249004821655699,1.358311691814773,1.365686466946771
2022-09-29,1.4177613688838442,1.7846379961008385,1.7908817508233188,1.6613645586386943,1.292836606975576,1.3802009227244576
2022-09-30,1.6282501048033993,2.0657254747577065,2.04309600137002,1.853808505057427,1.3655959439882759,1.4083277527530655
2022-10-03,1.6282254419794873,2.1129084960086706,2.146615333602797,1.9261071001441847,1.3956357019020937,1.4491166223293137
2022-10-04,1.8646920569860757,1.9460387465312072,1.919117369415892,1.7464141791294499,1.3310141671397633,1.5168725790103317
2022-10-05,2.1573034371332422,1.813512623579072,1.7106599465659904,1.5861873229210846,1.2696924807379184,1.5496945800652937
2022-10-06,1.8840212787350483,1.6805750885194222,1.6049011037138639,1.5022908627405218,1.2359028122658542,1.5501266380540084
2022-10-07,1.7283177888254604,1.7289390847248889,1.6588477290024042,1.5480042827397233,1.2558400822708178,1.6060035515152806
2022-10-10,2.0537744982218813,2.195539987846949,2.092117924377971,1.8793422175706957,1.3894567227274448,1.6143108324142896
2022-10-11,1.8345725404921391,2.1140580543274963,2.0331920145228852,1.8279482589090685,1.372441153635496,1.6348643043158733
2022-10-12,1.637178376551473,2.0181231718625896,1.9592861417796337,1.7653293448646799,1.3491747907144171,1.547812087584641
2022-10-13,1.4450093602580885,1.875964039706933,1.8351568758982704,1.6603194733988242,1.3088335114220837,1.6818724675331884
2022-10-14,1.7476634453319335,1.741692116985271,1.6400770460835772,1.5064394576560518,1.240076058663673,1.7222297340790151
2022-10-17,1.9062518707278089,2.072043626175996,1.9576831727181783,1.748625201082933,1.333765043716075,1.8141186974590855
2022-10-18,2.033455756628713,1.9091258724572653,1.7489780535831838,1.5915407914382373,1.265948851162981,1.8916400319562243
2022-10-19,1.8453488151888675,1.7343711129967343,1.5733152651293734,1.4594422907373477,1.2062030522683849,1.89679918102416
2022-10-20,1.654186775348893,1.707047417047839,1.5592284999204615,1.4530365843304063,1.1972779510023739,1.88352149749761
2022-10-21,1.5122663209914835,1.7105441188075523,1.5754701207376558,1.4683991603309121,1.1989573398743463,1.906639929466372
2022-10-24,1.7257611755684146,1.59340923003901,1.4179300360672675,1.3422320170504451,1.1398182739925184,1.8902680760199284
2022-10-25,1.6010951546910446,1.461863785849954,1.2889546209803044,1.2408974036889635,1.088975164999447,1.8755719033753413
2022-10-26,1.5728635941749023,1.3566180896412827,1.1737624705879708,1.1503300293892278,1.0389462159226446,1.860266246873925
2022-10-27,1.4337969975273888,1.390758841855102,1.2260959654247656,1.198421968026984,1.0523519340685248,1.8391474075810448
2022-10-28,1.2918704044318765,1.3741543629908173,1.2263378394956501,1.2017522156332376,1.0495543886135568,1.824239515108884
2022-10-31,1.5694919301743495,1.2997440725803882,1.1174941493910346,1.1104904302344298,1.0037814420618787,1.8022327276360224
2022-11-01,1.4290072811854038,1.2838661627633927,1.1748570971029795,1.1547999990567852,1.0233894107916237,1.7766175056818765
2022-11-02,1.2793520070059017,1.2621284785872318,1.1688790571153138,1.1475375917149457,1.0169598454181454,1.739144174164942
2022-11-03,1.6848014213376974,1.7531779940603422,1.6523477951914816,1.53619478416938,1.1805385848484902,1.7218044842528524
2022-11-04,1.5677329100091375,1.791529008645348,1.7005680669062857,1.5708145071896062,1.1988940084747257,1.7796015315508278
2022-11-07,1.515093851427057,1.6399614026720477,1.5352614692697943,1.4325472648945268,1.1558652206275202,1.722970665395891
2022-11-08,1.390858356221271,1.4967655310453996,1.396479059759647,1.3134601487839008,1.1175539175997757,1.7243414374140549
2022-11-09,1.240824978366009,1.3619977669592005,1.2774381084989477,1.2135622382378548,1.0827192016875375,1.718823284472194
2022-11-10,1.5048781219282177,1.7062110216720283,1.6102773799451437,1.472266782731203,1.2056724422246017,1.89092069957362
2022-11-11,2.834095974824765,1.6629037841572318,1.4181922064758394,1.3215230115161605,1.1560716155519852,1.7691601758910314
2022-11-14,2.49914098475652,1.5170066807797222,1.2849466478793101,1.216001021946823,1.1180804246014941,1.7350160812824915
2022-11-15,2.220603835787593,1.5503976377000392,1.3393086043095783,1.2577036485485236,1.1419249618391398,1.6632440022111326
2022-11-16,1.968546864437856,1.4162445416717606,1.218956685332112,1.1602444937549439,1.1000399998533859,1.5693040613805318
2022-11-17,1.765034620932033,1.4447710123339623,1.2616592666176398,1.1926331546138746,1.1208490129753899,1.5836954966775272
2022-11-18,1.5540188357862532,1.3761373150550975,1.2225923881762024,1.160880420090702,1.1164608475394326,1.5679892981364776
2022-11-21,1.3727956079450776,1.2544493774445282,1.1191241878142548,1.0778004944645525,1.0743086626047735,1.540409514307921
2022-11-22,1.2255748289288424,1.2214373221729884,1.0976371688821374,1.0607013345885867,1.0641663808460435,1.5270861733859131
2022-11-23,1.234349750885488,1.1400792738641874,0.9989679331329562,0.9833823940648748,1.0223649431814215,1.5236581413300068
2022-11-25,1.1187034952075214,1.0513028062108585,0.9166609095267966,0.9170183035998873,0.98251200045391,1.4844942977915672
2022-11-28,0.9916069284114762,0.9757606511850518,0.8558645602074829,0.8658153524803889,0.9521523537305613,1.4985306755424386
2022-11-29,1.1965909083696462,1.271185629066046,1.1444182454139218,1.1143482497304051,1.082962180552528,1.4877061616804388
2022-11-30,1.0635552403670292,1.1980755522350883,1.0872052991356747,1.0765648099068974,1.059445795945298,1.5231603701232208
2022-12-01,1.72284640181179,1.1217180693529067,0.973603943895917,0.9907086345811171,1.0102772296797649,1.5029108279934211
2022-12-02,1.5115404174761184,1.049542655966517,0.9181913704594175,0.9511207561231503,0.9902817789558265,1.4677354745143951
2022-12-05,1.331413931851221,0.9938284991444524,0.8806227502039417,0.9205361437015642,0.975456693488467,1.4694474665441202
2022-12-06,1.4826784503365011,1.3419387005582115,1.223292188987668,1.2214199122101939,1.1282506610742618,1.404601501919149
2022-12-07,1.4952440888413885,1.5354878997223362,1.4244750107783974,1.3898252983271226,1.2060345674310384,1.4001460184321166
2022-12-08,1.319633831110702,1.4315973696650393,1.3508277903820598,1.321530727818996,1.1777049290674422,1.3839094275543835
2022-12-09,1.209241503995983,1.3120855192869003,1.2428799046480787,1.2275426297910286,1.1328680145548788,1.3709000865607854
2022-12-12,1.141029172380464,1.3531552222237349,1.3045710874196563,1.2681198612065554,1.153488154495722,1.1217683426263054
2022-12-13,1.196440003305465,1.2576503471544445,1.1905488665919928,1.1669930886514404,1.1002905015230433,1.3108174921384
2022-12-14,1.1047072804673097,1.158625852501873,1.0971615646752648,1.0862920497633457,1.0546137254977603,1.3188285215466051
2022-12-15,1.039694361460722,1.1966743075343649,1.1441044075211417,1.1208909708247479,1.068059517112019,1.3091972546657302
2022-12-16,1.5318492544367956,1.6850185974432492,1.5608624626394139,1.4555009144365962,1.2222306597444674,1.318889541664069
2022-12-19,1.4760785691168687,1.7683520231294876,1.6532112115318705,1.520025950948602,1.2526593500413827,1.284905787204797
2022-12-20,1.3723957177045112,1.769365043921815,1.675522204029293,1.5384979522727322,1.2696295413339613,1.2716178093785229
2022-12-21,1.2087805433816603,1.593428639123181,1.545796256088673,1.4401372564821775,1.231498996739355,1.2802607205924892
2022-12-22,1.2587076458324615,1.4692969315821724,1.3942320789284508,1.3211832463108177,1.1818772518927245,1.3502423166798847
2022-12-23,1.3274462583351812,1.6396869184817,1.5464445203936936,1.4482179644246744,1.2459252657480344,1.3566070550140037
2022-12-27,1.192729962737444,1.4897261841846656,1.4178209848171404,1.3548630702011377,1.2052210986534473,1.359318403307797
2022-12-28,1.0797325616636206,1.435371767617332,1.390665707051973,1.3390860513037528,1.196779285909629,1.3466733257453507
2022-12-29,1.1512773632522677,1.5685814324494982,1.5145168946091305,1.4466976907722136,1.2474688285138387,1.361295502260604
2022-12-30,1.3008806342009962,1.4542304916824706,1.3606345997148448,1.3259988645952163,1.1964557742581787,1.3255033246147827
2023-01-03,1.1587363390762655,1.3266721894012363,1.3172230290673628,1.2882575613159921,1.1799488905709128,1.351667986023114
2023-01-04,1.0557902080998145,1.2983871103020674,1.3042197965455222,1.2726715051919857,1.1745452839141253,1.3313838340023638
2023-01-05,0.9940619753254314,1.1954124631589618,1.2034412968185528,1.1856728030055879,1.130567944040868,1.3076334290498612
2023-01-06,1.0616320975589617,1.339069667884013,1.3375017914474694,1.2878210920270876,1.1823152884568529,1.335017288902255
2023-01-09,1.396987278546356,1.2637180849993597,1.1975451933579258,1.1628643609329727,1.126219527666239,1.350150681604555
2023-01-10,1.234323863033566,1.172187907558124,1.1302947173165032,1.101651388466744,1.0971077747903357,1.3473571095982746
2023-01-11,1.1304655929670075,1.0825837776012823,1.0456849982365466,1.028914377985424,1.0602228792446513,1.339861988186064
2023-01-12,1.1458543002756547,1.0154345411919037,0.951680414266214,0.9525358747637127,1.0171443893724594,1.3525599503993089
2023-01-13,1.0256296766132134,0.9365665091753032,0.8853357108775162,0.9008911089588105,0.9875503078189989,1.1776410922529246
2023-01-17,0.9257549758317072,0.8669868100754455,0.8269172500519734,0.8568891066771377,0.9567156244363485,1.1391569849865204
2023-01-18,0.8397819600911698,0.8455400537589559,0.8200382538682255,0.8544841844475851,0.9474112435043701,1.1105021265507382
2023-01-19,1.0952640173918584,1.160065748293074,1.08408925313741,1.0888532162935254,1.0678141697784678,1.101245323308255
2023-01-20,1.0474517734567836,1.2164439527607047,1.1487301542254986,1.1475337067108222,1.090565466376843,1.111017581840819
2023-01-23,1.248832605819275,1.1465550549938808,1.0315785969125706,1.045617917166209,1.0369312295374185,1.1208751080387065
2023-01-24,1.222312753818254,1.0706108649222863,0.9434176182316601,0.9704932862708997,0.994029432925277,1.1085843874172103
2023-01-25,1.086477754232978,1.0113201282126938,0.9220405271403833,0.9524763002087134,0.9817254320490457,1.0613857737039565
2023-01-26,0.9668717109070548,0.9312416992789884,0.8815121520491106,0.916212649005473,0.9604967193507971,1.0730517712115144
2023-01-27,0.986668954500592,0.877597934430716,0.8073806685419924,0.8509558248967625,0.9240657478257466,1.080588897110755
2023-01-30,0.8843048076205416,0.8110655020833453,0.7695295023502442,0.8135772175354823,0.9051485817833026,1.0847358917686865
2023-01-31,1.0181416836959527,1.043442280011914,0.9758775957955778,0.990826170639213,1.0041555798055926,1.0634292051921368
2023-02-01,1.114128132742532,0.9483826578479396,0.8837801657037505,0.9099917423523847,0.9608468510565282,1.0998722247465471
2023-02-02,1.090944097435406,0.8916648815006719,0.8114145946167347,0.8444554369436922,0.9256471209909701,1.0865474869281264
2023-02-03,1.1618177858205905,0.8494072896799573,0.733286743029409,0.7759318767432996,0.8868402222145992,1.1155032416798498
2023-02-06,1.165851790913606,1.025501030095959,0.9037609025399053,0.9246268778060963,0.9772513847548447,1.1180826297919766
2023-02-07,1.086554900871678,1.0739949788378225,0.9666486893326918,0.9775552131897515,1.0106592229502545,1.0779769410536308
2023-02-08,1.1225724034954576,1.008261977214027,0.8798627413200153,0.8996413225895897,0.9770562845678205,1.0628584439309676
2023-02-09,1.1432023088251364,1.167711799300066,1.0388968504797924,1.0284564029223897,1.0558899411767368,1.1065447493431997
2023-02-10,1.111158385129755,1.2532479988055245,1.1324025322848108,1.1049455461487019,1.1039960438608842,1.1017452337114235
2023-02-13,0.9914218978609476,1.1446949031687972,1.059928279601406,1.0408396608219166,1.0735044477538498,1.082193975835599
2023-02-14,1.021325318705076,1.0680738287644442,0.9657169293827115,0.9639022953896005,1.0310078318328566,1.0799770537393247
2023-02-15,0.9145207131063604,0.9978923990565334,0.915832422689478,0.9251720013688711,1.0060383346951465,1.0829034355217435
2023-02-16,0.8291821906545797,0.9204069740395482,0.8583838623118094,0.8778085385395074,0.9734221854421432,1.1006550713607135
2023-02-17,1.0192921455414683,1.1643615800416067,1.0741394512499391,1.0647638210848376,1.0731256986280104,1.0938345380183605
2023-02-21,0.9242656193287409,1.122306709899196,1.0560966542286692,1.0511451270646388,1.0622362155162317,1.0948338132160431
2023-02-22,1.2923906873990083,1.495711140249257,1.3794461724522262,1.322998471243402,1.1919279781553789,1.086808995996284
2023-02-23,1.149231041866652,1.3921732467813517,1.3109478468354114,1.269665199699546,1.1628212057642673,1.127242961915747
2023-02-24,1.042570037346791,1.2732074808956622,1.2104877574290627,1.1877183885273017,1.1185454813785134,1.1100643622825628
2023-02-27,1.0779431024474204,1.388913812346163,1.3249498888524651,1.2829608003236799,1.1582019798243186,1.1241116621042964
2023-02-28,0.9679772493404034,1.266444292221101,1.228661974723561,1.2027275976914504,1.1141883109834516,1.1169969731251714
2023-03-01,0.8933215286058916,1.190553209633637,1.2131687646395954,1.1944289276332833,1.1018391131239842,1.0963654863497163
2023-03-02,0.8339446363133229,1.1708204246756868,1.2008271033187583,1.189117862185132,1.0914470088567025,1.1040962595747346
2023-03-03,0.8200100923683474,1.0838923706318089,1.106440105977564,1.1163853171915334,1.046740759018247,1.0643025317279369
2023-03-06,1.0214640812346063,1.0258065889030796,1.0055568439430431,1.0335766199980447,0.9996756329984142,1.0425810373624915
2023-03-07,0.9137681802486616,0.9394674810292424,0.9485245049036745,0.9849266193246725,0.969268322761443,0.9962956095353254
2023-03-08,1.1189104772166936,1.218852036662466,1.2055047349014687,1.2031673488322219,1.0712740145103776,0.9892655229106542
2023-03-09,0.9977078458624696,1.1125015204994009,1.1341634885098553,1.1341649190018959,1.0350327689135532,1.012871043262611
2023-03-10,1.2730573273302228,1.4415235280362215,1.4186208098782107,1.3596594938996416,1.1354543172064473,1.0361251724521745
2023-03-13,1.3375073516325684,1.6157716996197755,1.58104193488919,1.4743918634955921,1.1846038060607076,1.0625924521481886
2023-03-14,1.1896277077522024,1.4972192715651529,1.5123261317030907,1.4153344494915403,1.1581153614670625,1.1329603170152474
2023-03-15,1.281585253389159,1.3908665441921673,1.3529385178785929,1.2850002228652946,1.0998407053848336,1.179599431383786
2023-03-16,1.1841845585849982,1.3949556200321431,1.3726911765027117,1.3020449584147662,1.1026075088894915,1.1894424241439128
2023-03-17,1.3046148434030442,1.3034175655082905,1.214377623198689,1.1765083966700105,1.0436825654891901,1.1964656771917503
2023-03-20,1.2971693151255477,1.4357652340543414,1.3388107094295352,1.2754936966240151,1.0858221693594587,1.1632023956015924
2023-03-21,1.219662382620735,1.3214225567303837,1.2240764320386697,1.1801174330714543,1.0377123254864722,1.1819413715473654
2023-03-22,1.2232175018408622,1.228799026875226,1.1047754801851841,1.079141404510265,0.9873064248448601,1.2082194668265969
2023-03-23,1.3735792276854937,1.5000842595127506,1.332250050141546,1.2619387646202513,1.0693209293094008,1.2489042736390952
2023-03-24,1.2190106325887278,1.3624450504305805,1.254868728443969,1.1979943704166562,1.0421306410753097,1.224168190223064
2023-03-27,1.1148412315742997,1.2501247670733897,1.1616163144762293,1.1203009542758018,1.0130854206415953,1.2062758562980995
2023-03-28,0.9946889963561636,1.1406415033068629,1.097747841277955,1.0683889550718302,0.9945591263305074,1.17461153597534
2023-03-29,0.902526251103282,1.0955161767210475,1.077796953130253,1.0530931715463736,0.9919846552946041,1.1947297760520377
2023-03-30,1.02954605009933,1.0326528707720737,0.9654851538725178,0.9603045672403678,0.9487981686438093,1.2011827233618368
2023-03-31,0.949448637330799,0.9572022699523388,0.89522217123582,0.9008118155704952,0.9193491082782363,1.1942943489982738
2023-04-03,1.0496237420205003,0.8666542818316322,0.8000773683067646,0.8187407360457076,0.8807910546560295,1.1798796259212996
2023-04-04,0.9485156637702936,0.8053288657372313,0.7548733554130155,0.7792847269493887,0.8628435246806955,1.1763165816105898
2023-04-05,0.9029509777228026,0.8671458786420148,0.8179091199011197,0.8338722362866836,0.896128790260661,1.166832320721913
2023-04-06,0.8294697278654025,0.861051126525639,0.8264786875611322,0.8416361787625838,0.9001747135844227,1.167559346220737
2023-04-10,0.76446652970116,0.8005202565974553,0.7772298503117622,0.7966135450330337,0.8728056952020197,1.135339717640239
2023-04-11,0.6966781668260679,0.7400876476740164,0.7442762916409652,0.766626591702135,0.8538440046550998,1.1030467395638095
2023-04-12,0.6405354656032863,0.6917636839550183,0.7193695596393798,0.7433872858716076,0.837912589176235,1.0349321775636864
2023-04-13,0.636203253985567,0.7352741029273032,0.760467892675311,0.7756426597032621,0.8550049477763477,0.9662795512943004
2023-04-14,0.8221415661602178,0.7087329002317703,0.6727692618359178,0.6982228943071408,0.8065039202856547,0.9190528391255964
2023-04-17,0.7607995292203188,0.7164131785732785,0.6904652662750247,0.7123182341989668,0.8131009985450581,0.8837904250011642
2023-04-18,0.7049905028565682,0.6702468003582867,0.6524357001518581,0.6804829959064727,0.7906780825414295,0.8703650757243051
2023-04-19,0.6469468097514632,0.6222711654285318,0.6275871183986983,0.6650225744512555,0.7773416083981233,0.8740951344563218
2023-04-20,0.6005812442825088,0.5940389601982782,0.6126341425914222,0.6576925421455763,0.7691934788036475,0.862824481258724
2023-04-21,0.6328814450674559,0.6796880082896763,0.6825237507541916,0.7264292441694271,0.8045439172579836,0.7964336701881138
2023-04-24,0.5870863914007796,0.631045187710589,0.6545391329216792,0.7004397116748748,0.77688194687448,0.7153242859811688
2023-04-25,0.549541201933528,0.5877939675250383,0.6410594333344813,0.6856308717358035,0.7654698685406823,0.7018778713423376
2023-04-26,0.9390630386625416,0.9646254981437226,0.8941621753534886,0.9104364031959976,0.8816476487855817,0.6943768307042711
2023-04-27,0.8768783285697314,0.9800067395606152,0.9306742853253058,0.9428106867381257,0.8940487842324947,0.7106067087898402
2023-04-28,1.1800687367648657,0.9418309176940672,0.7973488649395597,0.8272332242609551,0.8345474040577946,0.6703181036009632
2023-05-01,1.1059923975059776,0.8582306026220097,0.7291774240439948,0.7660492437820998,0.8037040838138941,0.6561990380858745
2023-05-02,0.9915830242103238,0.8220563455874798,0.7322029678428472,0.7616055355082212,0.8065166736478037,0.6885424339937968
2023-05-03,1.0522429090845922,1.016605897333786,0.8927965887709766,0.8946718407248017,0.8802125809704483,0.7130146723933843
2023-05-04,1.0073877894767376,1.08200032200298,0.9686235670687952,0.952714198960627,0.91172259509157,0.709354074210366
2023-05-05,0.975425672991346,1.143796229932763,1.038280680040007,1.0065524432769255,0.9405507012571942,0.7442186187931408
2023-05-08,1.19127589531539,1.0807543712236696,0.8970942400050039,0.8868970611700305,0.8846510740028122,0.7372165793887588
2023-05-09,1.0614196841622392,0.9958160181620316,0.8651670151714411,0.8589560380743522,0.8735243586433575,0.7242278501165416
2023-05-10,0.9801153341500966,1.0114887982484035,0.8989003624708576,0.886634888403019,0.8889802552002136,0.7679655201994633
2023-05-11,0.8974708431565056,0.935706637010402,0.8405268968807499,0.8387750830260768,0.8641331338394793,0.758324854223483
2023-05-12,0.8186803775323017,0.9052886722656528,0.8343687075627364,0.8360878154206454,0.8644865889665493,0.7620515696261894
2023-05-15,0.7498274846785528,0.8697963242199794,0.8244705513169018,0.8267587671912235,0.8618865650122968,0.7496370344242591
2023-05-16,0.695497895661972,0.8070400126031955,0.7774168391383784,0.7846147462686432,0.8397317351296899,0.7495527902035711
2023-05-17,0.7288854387541513,0.8950824237175504,0.8540480230767802,0.8484304750758788,0.8751819322000798,0.7670366310722077
2023-05-18,0.8446385221353129,0.8471237692611285,0.7643426976750218,0.7720313601967284,0.8332557813703406,0.7590356805838677
2023-05-19,0.864653659199525,0.7992593341699485,0.6910665549329384,0.7102901441000927,0.7961755697077876,0.7370244795523448
2023-05-22,0.7892438194532342,0.7781188793780383,0.6878541997730845,0.7111590192349239,0.7949314833923964,0.737317858093955
2023-05-23,0.7185988377043351,0.7234774630780314,0.6658668943014908,0.6951870842238095,0.7831642653781276,0.7553888415382686
2023-05-24,0.8652996612516876,0.9343012000221144,0.8330245634964312,0.8456827784664076,0.8633098019928619,0.7466843604371207
2023-05-25,0.867885167292705,1.018548012793014,0.9144394408829866,0.9188960444689054,0.89826845303308,0.7666677327570832
2023-05-26,0.862682525294929,0.9499591166146122,0.8375906400599769,0.8534008464834534,0.8640966719778267,0.7565506722827035
2023-05-30,0.957189783205483,0.8976312621963379,0.7515983915581178,0.7777556854898657,0.8254417266887136,0.7643424912817567
2023-05-31,0.8608764348712421,0.8308001947763392,0.725535178090165,0.7528367945964293,0.8126728651179068,0.7737033906423879
2023-06-01,0.832307346610161,0.8565247943608608,0.7913334262574587,0.810118237486426,0.8476717912082825,0.7563994489045869
2023-06-02,0.8522080030613319,0.8068411655682756,0.7230532231512667,0.7493944475249177,0.8160199043081681,0.746813555285158
2023-06-05,0.9902387047887642,0.7720125675755517,0.6418226988723004,0.6765600962404168,0.7751640775611071,0.7437185160442732
2023-06-06,0.8984959565030949,0.7629691704223598,0.6508248424897922,0.6846483876844259,0.7790572313895208,0.7043087800124314
2023-06-07,0.8134845305949245,0.7091081196428466,0.6210527862056345,0.6572412027702466,0.7612134642328225,0.7083203755562537
2023-06-08,0.7653997695768511,0.7384190991223943,0.6563360738572441,0.6879604388317322,0.7784007245173633,0.7084785474760343
2023-06-09,0.7380090832935419,0.6944908157489208,0.6103644138850506,0.6468088573044943,0.753360020518239,0.6642057271721508
2023-06-12,0.6770768869027837,0.6468708441709565,0.5833767542042642,0.621139154196763,0.7365466876327431,0.6615780212479265
2023-06-13,0.7289988504158994,0.6180416171919417,0.5337208633276321,0.5739098144944293,0.7063056446876715,0.642931556548866
2023-06-14,0.7178776995084973,0.5872406077740681,0.4950575216529702,0.5382053788775972,0.6815709051755765,0.6572288136596669
2023-06-15,0.6590396454565235,0.5489968437681477,0.47660965210984185,0.5198953534334533,0.6686378911858518,0.6770923921391884
2023-06-16,0.8058076284217923,0.5362694032781474,0.42418697380194514,0.47075866251709786,0.6357363425405017,0.6647153073894704
2023-06-20,0.758529265709268,0.5835256759870918,0.4728865945425112,0.516651674512689,0.6676006455335605,0.674049751784024
2023-06-21,0.7467454043194017,0.6653767875261898,0.5521954165644728,0.5901441560686729,0.7142529695928969,0.6732846984608233
2023-06-22,0.7364610605309293,0.7358087888888314,0.6221900706652778,0.6563032621881617,0.7523500240066262,0.671486282828666
2023-06-23,0.6861110064537385,0.6874717534490453,0.5910425860416054,0.6319410261055195,0.7428447269300689,0.6797888950183156
2023-06-26,0.7419152484133636,0.8113783483782167,0.7050335382848625,0.7389897410817274,0.8037245884800815,0.6776876906484697
2023-06-27,0.716078525786091,0.8422984020711559,0.7438715068834982,0.7748305879520512,0.8244988686464302,0.6531139352573778
2023-06-28,0.8032049311672512,0.7969433009001375,0.6791908154054541,0.7165835128479362,0.792016638335904,0.6460570764851588
2023-06-29,0.7307137642403783,0.738676513361587,0.6486322773522893,0.6876481512547125,0.7763117045134779,0.6320722038619605
2023-06-30,0.6843512884029296,0.6906804777557967,0.6131429931423392,0.6514432255031314,0.7570963394013172,0.6387643680685046
2023-07-03,0.8028571127106203,0.6364234728451866,0.5598068460273448,0.6007785704887668,0.7274264593943922,0.6139699718995054
2023-07-05,0.7306619875432065,0.5933777178223053,0.5369904302855442,0.5786911083058983,0.7142552315981782,0.5989542792672964
2023-07-06,0.6785401750684139,0.5943749622416269,0.5443208350446557,0.584379698266145,0.7171655392179417,0.6247317135731036
2023-07-07,0.7432335569123082,0.7374336801366733,0.6689419085227747,0.6951809810223946,0.7852816633589229,0.6466608376996288
2023-07-10,0.6980235682987878,0.7442781594129315,0.6837904607528968,0.7071591623911716,0.7918680656477016,0.639697854981828
2023-07-11,0.6469450931401287,0.6931181848344604,0.6470518256887716,0.6735898531963893,0.7715979228913588,0.6406955827080596
2023-07-12,0.6501964803928562,0.6546520175564564,0.5997598448764999,0.6328715325219646,0.7459329614194667,0.6698663164207997
2023-07-13,0.6855617753727825,0.6233452394502532,0.5497248498568531,0.5891252869633646,0.7170220152196843,0.6751023695823256
2023-07-14,0.709273943827924,0.594918469086856,0.5051118405052302,0.5492231661651145,0.6885549799986117,0.6771335381500105
2023-07-17,0.6555449064892621,0.5787063671605949,0.4981927927976286,0.5432590323793821,0.6827792917383805,0.6564135593874932
2023-07-18,0.6186250923288694,0.5457877377417011,0.47231615976698077,0.5190694159951713,0.6635132474617863,0.6372359216904603
2023-07-19,0.6494176914650928,0.5238371185409401,0.4373856087629456,0.48668451083370456,0.637963024522307,0.6254304737495407
2023-07-20,0.6052295623974026,0.493624540734016,0.41870060062868386,0.47044075502889504,0.6232151661551287,0.6137697110262564
2023-07-21,0.6625639378376886,0.6218078045545606,0.5354369983447242,0.5807745648952999,0.693605708100674,0.6138475803269874
2023-07-24,0.6143305540994447,0.5909964999672062,0.5171127442864796,0.5645301135552642,0.682132692532299,0.6150472888526443
2023-07-25,0.5960713782468184,0.5588588726189243,0.48718142362719963,0.5374467774332381,0.6640586368427523,0.5828468431698106
2023-07-26,0.5644800286655942,0.5263661322836863,0.46517249561682156,0.5162851834464401,0.6511609823977045,0.5803943129480025
2023-07-27,0.5333190208457964,0.5017623803363219,0.45340522783785986,0.5050876630082555,0.6450696021765148,0.6199294967400444
2023-07-28,0.6131455738469409,0.6286109975045946,0.5649090699577851,0.6068105661455518,0.7125613880167522,0.6520323350525756
2023-07-31,0.7014306828891963,0.6033455030598218,0.5149501925662247,0.5598312730924485,0.6855047824623103,0.6529718776355417
2023-08-01,0.64532794555941,0.5418356524717924,0.4941682345792381,0.5390718933959624,0.6764158962041262,0.635292667990406
2023-08-02,0.6227472995684882,0.5764244950142132,0.5301509414212086,0.5706604298109162,0.6997695939379827,0.6647888713317731
2023-08-03,0.893583058773062,0.8909005918138482,0.7816045915965175,0.7933123161402025,0.8319790391730374,0.6756300620679563
2023-08-04,0.8256937580920656,0.8878876647270761,0.7960880305249504,0.8039941349096986,0.8368901880990949,0.6744294982508545
2023-08-07,0.7897966083228802,0.9186847992232594,0.8352889275956603,0.8349244520253448,0.8538298131675792,0.6555374641842389
2023-08-08,0.8028211500957907,0.8609162481037097,0.7627495401173133,0.7717068905775697,0.8204014117361871,0.6931351807619284
2023-08-09,0.7689215062722107,0.8912509979903852,0.8008782010968488,0.8011736457635978,0.8379743494165046,0.6922028475661394
2023-08-10,0.7829978428838287,0.9673165770265606,0.8751256770611587,0.8607346786497118,0.8721109409982576,0.6995126337868309
2023-08-11,0.7143444354613381,0.8945463963729516,0.8294894075705375,0.8219947120070574,0.854727394495542,0.7034662278241887
2023-08-14,0.6596570385608449,0.847109523979593,0.797237432685228,0.7960751322597098,0.8434237871876573,0.7027584439635008
2023-08-15,0.6458445981163955,0.7910466738055746,0.7380920998375443,0.7478610995703004,0.8175175607509186,0.7123397867320006
2023-08-16,0.8305679438568546,0.9973290590881592,0.9083623917601695,0.8956138671148451,0.8983142245306193,0.7167793620155284
2023-08-17,0.8429935924341876,1.074109012869074,0.9801811757461245,0.9606672083859086,0.9323188833499483,0.7254780939898015
2023-08-18,0.8582312344983213,1.1471346554673578,1.0527283921071748,1.0241354478613804,0.9633435837996163,0.743395745320547
2023-08-21,0.7778377460542811,1.0521654376376093,0.9960253574964418,0.9819160591055817,0.9434413081473703,0.7542917688966034
2023-08-22,0.7540723730892843,0.9756966708444942,0.9192702801028821,0.9202487326765527,0.9144084646951051,0.7580222150043998
2023-08-23,0.7088913955069924,0.9600707458464832,0.9172270711079076,0.9219533402901043,0.9159512411912322,0.7646128638711502
2023-08-24,0.8003360832740339,0.9022606270958788,0.832238674377979,0.8502618999116952,0.8804604588784943,0.7771357745581716
2023-08-25,0.9948077269199526,1.145543584526933,1.0469179711035976,1.0318393117058564,0.9723783415270998,0.7717519741256722
2023-08-28,0.936839690483542,1.0595774209400075,0.9662638432959055,0.9595537092900118,0.9366188710108783,0.7558575684501806
2023-08-29,0.880110148165387,0.9819822717045216,0.8977381613986272,0.8959026061895263,0.9059522709951842,0.7696232022615147
2023-08-30,1.0054877140954508,0.9279015995196735,0.805532896549203,0.814031314748035,0.8625163145900981,0.7672702045266884
2023-08-31,0.915075585699013,0.8606575852892958,0.7562679681677206,0.7696592695285907,0.8384635462133102,0.7452710163786298
2023-09-01,0.8338107889394353,0.8003269185548949,0.7471960071031818,0.7633073396519692,0.8333831452957345,0.746031197895744
2023-09-05,0.7592401076465192,0.7430065587436883,0.7092164167945378,0.7323926132689982,0.8123355553486609,0.7202071392826045
2023-09-06,0.7336157798623913,0.7858426879551794,0.7516023420542409,0.7719790761292169,0.8323171993313477,0.7316015381784817
2023-09-07,0.7564140599112985,0.8750681082012101,0.8318984971788521,0.8422371625841022,0.8683588514376392,0.7188203528899553
2023-09-08,0.7150663250195487,0.8777657727597489,0.8440359619524251,0.8533630531994167,0.872426659498416,0.716661043335769
2023-09-11,0.6583040088303361,0.8117532354091601,0.8031645369454152,0.8187600985917367,0.8523914746281512,0.6896724638884288
2023-09-12,0.6624812290021418,0.7617323928647644,0.7450780796568262,0.767261171997264,0.823368292245885,0.6866760515430137
2023-09-13,0.6781145958181574,0.8270179995897529,0.805642989115312,0.8218465337118621,0.8500533055195422,0.6841747084611954
2023-09-14,0.626894257261162,0.765693046259518,0.7679296502926531,0.7914745093866166,0.8303189945330091,0.6849172071097573
2023-09-15,0.6809215743016988,0.7241097800930425,0.703374869448395,0.7360357160164667,0.7944049561244033,0.6878244934020646
2023-09-18,0.8614079542020633,0.9500718501739406,0.8924462552728201,0.903723270012199,0.8784550783541609,0.6781710885703176
2023-09-19,0.7814376242880591,0.8755516808085921,0.8526808061716833,0.8676985751359664,0.8566955439111252,0.664004604907659
2023-09-20,0.7258771041823394,0.8587386010994654,0.8498839858252077,0.8616085170023529,0.8487185824455584,0.6570883772103787
2023-09-21,0.8087135912728658,0.9938972709826348,0.9668504561637825,0.9595911254838146,0.8910997915233263,0.6733503900878917
2023-09-22,1.0833615207783978,1.2863089900125575,1.2058321122528892,1.1530666499547415,0.9733014297485975,0.6731027863492608
2023-09-25,0.981522902124426,1.2262611701606585,1.1834226884054952,1.1348725073753523,0.9608335792932565,0.6576231688488138
2023-09-26,0.896682337168549,1.1267071190781557,1.1102276563123081,1.0741504516914038,0.9329759329039058,0.6479629805252033
2023-09-27,1.0780490828846252,1.3506006603419942,1.2853871442966793,1.2106716111010845,0.9916281112895422,0.6627642195814891
2023-09-28,0.9669767182960608,1.2344444571965902,1.2294067046843864,1.1640865203654847,0.9724409745643815,0.6653201623269456
2023-09-29,0.8994471360636679,1.1367742853695335,1.1452328366594273,1.0932159288264294,0.942765313781399,0.6990804207046015
2023-10-02,0.826279373859792,1.0618783875793496,1.133433930576351,1.083487664338084,0.9410060175268028,0.709529679928442
2023-10-03,0.7538635766749695,0.9932764589523968,1.099328000696741,1.0579863424047218,0.9321860674879624,0.7310236840021951
2023-10-04,0.9463172921822138,1.205224505952591,1.245295071540477,1.1768063863347817,0.9879327717719631,0.746313134868135
2023-10-05,0.90197223129132,1.114076506327894,1.149203076087292,1.099208454272305,0.9569093720639218,0.7456214868473652
2023-10-06,0.8180357285032355,1.0392962454152612,1.116161804366992,1.0716173557888382,0.9454152931898602,0.7887185269435801
2023-10-09,0.8946028698170831,0.9747607813576108,0.9998281408523251,0.9720702650689694,0.9001584025781325,0.8028677314346252
2023-10-10,0.8477697265970799,0.9075946014151148,0.9284152057801585,0.910260365240229,0.8718476152196772,0.8077073839006675
2023-10-11,0.7947718224736185,0.8454892274984843,0.8668955190244587,0.8571165457435037,0.8469274631051852,0.8105647105214421
2023-10-12,0.7398178201645046,0.7879329988684938,0.8171369645463245,0.8115589144741961,0.8258471598598609,0.8300193627973437
2023-10-13,0.7479681608909499,0.8624005185123014,0.8780561439034404,0.8607506559918495,0.8535805658319087,0.8448096749044499
2023-10-16,0.7345124842707161,0.904619286296408,0.9195448812164412,0.8916687972439754,0.8719853063076828,0.8478319367059525
2023-10-17,0.8024937946581703,0.8522485305783498,0.824441859830693,0.8118301975344232,0.8338195693022188,0.8744134552994816
2023-10-18,0.7327216701429146,0.7997450398416274,0.8035465546684948,0.7970574064846889,0.8253894710527483,0.8818229774332961
2023-10-19,0.9314713135603588,1.0428895688779851,0.964344724604416,0.9328498220700829,0.8957343024498838,0.8965127031397723
2023-10-20,0.9480038280584132,1.1431069819391604,1.0478866578574646,1.0065863706447513,0.9309879673631628,0.8853765725220879
2023-10-23,1.0430818104449466,1.306865811814983,1.175886787333293,1.1158164746384875,0.9836721265039423,0.9082414573007384
2023-10-24,0.9442210372205936,1.2349210827957864,1.1565377821738625,1.1040138300145697,0.9765240703121282,0.9199939597264736
2023-10-25,0.9040616587094508,1.1408420353137227,1.0637381277738007,1.0330276015787345,0.9402543730711629,0.9084964045627206
2023-10-26,1.0709767068691505,1.3524556703513857,1.2250700220001263,1.1674561053129884,0.9970981548974094,0.8980078599287686
2023-10-27,1.1237224445433005,1.479679266052083,1.3390097362521272,1.261116308113432,1.0362333439579048,0.9007172870352161
2023-10-30,1.0354073369124244,1.4395830580031663,1.3478089840496872,1.2659040984394498,1.0389627783896405,0.8978433756174055
2023-10-31,1.0559279983422278,1.329382883775006,1.2163838852732893,1.1567836746783848,0.9933666865531404,0.8990310489160644
2023-11-01,0.9789857030433744,1.1820022752653985,1.1328029450823294,1.0869034910054116,0.9639123129383476,0.878455168888504
2023-11-02,0.9864999572239316,1.0994912975359232,1.0264024247683383,0.9981452223719723,0.9248902399724934,0.8901611933531963
2023-11-03,1.207476395967936,1.0410718917530468,0.876933821118754,0.8735963090970912,0.8656899623912843,0.8884957341499707
2023-11-06,1.141950399643448,0.9715765084095078,0.7949867410837742,0.8042480787140208,0.8337298046821628,0.8345274217547938
2023-11-07,1.0253722498660756,0.8977405329766182,0.7599383046660423,0.7737018520834127,0.8218262055600445,0.8224849334078221
2023-11-08,0.9272147222727656,0.8326971398606983,0.7218293414779656,0.7415703022227018,0.8079303053892964,0.8126356227189885
2023-11-09,0.8385788202222615,0.7707382697689809,0.6977446912499163,0.7193271149243065,0.8005271095266421,0.8062735409702164
2023-11-10,0.8565112676885966,0.8839686135049835,0.7991173284340729,0.8063835154611171,0.8540736820972306,0.8130522701430368
2023-11-13,1.0199761045648732,0.8427864456926413,0.6914413874635217,0.7127025245504799,0.8050777226282848,0.7958147703451296
2023-11-14,0.921606286454456,0.8080051584017647,0.6909665727834609,0.7112730374681849,0.8107060139798868,0.8325013418444986
2023-11-15,1.1744523946849057,0.7815599152684778,0.5670385228144018,0.6018682172526783,0.7507030924764695,0.804089633894792
2023-11-16,1.0529102627271103,0.7272427544071072,0.5461123103569978,0.5822485042747405,0.7411832414577323,0.7896204307499645
2023-11-17,0.94662659545663,0.6768094813704976,0.5307109294753373,0.5669712207981835,0.7328172467579873,0.7648092976966
2023-11-20,0.8553924063140897,0.6313701344021967,0.5158218861713729,0.5533992414378792,0.7234136679554455,0.7637175019054728
2023-11-21,0.8359794559005074,0.6017412503081229,0.4670746102040901,0.509425001128756,0.6950488581219166,0.7351416616546422
2023-11-22,0.7726660184831298,0.6151949805205961,0.49336574820368023,0.5352719480673714,0.7137865855441085,0.7159918861486044
2023-11-24,0.7200500626523161,0.5802940915332082,0.464394779140316,0.5110214769780601,0.6951053249487043,0.7036396585035896
2023-11-27,0.6627473249607356,0.5429381238943346,0.4565443845361927,0.5052431561329702,0.6897508319064867,0.6906978892570512
2023-11-28,0.6259408947125337,0.5547011952709335,0.48012529939821064,0.5284746967493202,0.7052335525617087,0.6745334007717008
2023-11-29,0.5841117137776632,0.5203715286191726,0.4721424652745458,0.5230596867581093,0.7001943457747437,0.65236258624822
2023-11-30,0.5538001149982859,0.5128648414823367,0.4811808660729887,0.5334458376885903,0.7058399316953252,0.6444244876663668
2023-12-01,0.5398275935366413,0.4591460076197945,0.45506678632392616,0.5104227979750234,0.6901609790677407,0.6410325374550835
2023-12-04,0.5612821817283611,0.4410067849433164,0.417258204035765,0.4758160868033491,0.6656516257684489,0.6520483825430505
2023-12-05,0.5980549411576983,0.5400874942746644,0.4973291332086854,0.5527032746124321,0.7198179555631741,0.6448289286337121
2023-12-06,0.562464726589587,0.5216256540245018,0.4995573701730841,0.5545671247318487,0.7216364905053447,0.6534360589574801
2023-12-07,0.575442291015327,0.5830284374333247,0.5574867644030302,0.6105469960105002,0.7579692069931331,0.653926882126523
2023-12-08,0.6218683042414902,0.5563654401980539,0.5082151986661525,0.566840612466925,0.7284458360412707,0.6507331584904594
2023-12-11,0.6005487857721523,0.5269371543189989,0.48044993419010307,0.5398602632513071,0.7118399916857748,0.6447142303576385
2023-12-12,0.5789388218695273,0.4995571934222139,0.4559718720664907,0.5149758130447045,0.6973553424797756,0.6121988530290415
2023-12-13,0.5699097232945708,0.4757109476144159,0.4296470722728402,0.4861218644501538,0.675794388940201,0.6106579112061244
2023-12-14,0.7910871326579925,0.4687500727471353,0.3462663607225878,0.40293377680156384,0.611899927134771,0.5599900517686174
2023-12-15,0.7295353019854348,0.4454822945140577,0.3302667149163077,0.38667052914915306,0.5981266520705656,0.5641208323969
2023-12-18,0.6793490613774888,0.4641598231973731,0.3586439712680782,0.4138269675899224,0.6200399620924993,0.565317374690226
2023-12-19,0.6636570519395476,0.4451203653752378,0.3256418630143297,0.3813343099080469,0.5953915984163283,0.5607057567292068
2023-12-20,0.6583367941647228,0.4284619604940153,0.29173505448292564,0.34667588678148004,0.5691139948748385,0.5890150755022959
2023-12-21,0.9058320988611788,0.7867983352965785,0.6044159081780072,0.6487594182544485,0.8138522618903316,0.6052411562169526
2023-12-22,0.9064661413332064,0.7430179699477384,0.5389805243147641,0.59137913131434,0.7780732924176855,0.610810654324951
2023-12-26,0.8214049409436741,0.6920471766764609,0.5238541026409365,0.5803534169916298,0.7712873654080431,0.6118236780722484
2023-12-27,0.7626982468795032,0.6495642659373487,0.4954067445808912,0.555456725876503,0.7540443565397065,0.6055170082775576
2023-12-28,0.6991148448043737,0.6074534231219775,0.48377277521416645,0.5454182380271893,0.7480438262881798,0.596809435841352
2023-12-29,0.6447317539492209,0.5719832446350946,0.4833416336338941,0.5451834849817122,0.749527877422104,0.5933701645556124
2024-01-02,0.622976529854071,0.5872356884003037,0.5270503355157733,0.5860186156781152,0.7807661148686452,0.6091201350305194
2024-01-03,0.6503414864458674,0.6745170141020811,0.6098384544925448,0.6632103817213709,0.8337503620535641,0.6107426726796924
2024-01-04,0.7289859874545729,0.8089790091161084,0.7274631020759321,0.7710499352625487,0.9018556498179676,0.5758931830686014
2024-01-05,0.694607625444765,0.8216565136923064,0.7630380655944747,0.8046410489162695,0.9224372103949492,0.5782822333064526
2024-01-08,0.6413365057668464,0.7619242774998787,0.7443649056524284,0.7850415619909162,0.9128214800187475,0.5729667715720977
2024-01-09,0.8458627758219056,0.7320755173623908,0.6464963553364403,0.6948934718598937,0.857226670803323,0.5839558017594734
2024-01-10,0.7760049555650198,0.7199321147669596,0.6635132114497275,0.7076124073663514,0.8634195683385301,0.5816946030643346
2024-01-11,0.7413083070416214,0.6783304021978216,0.6226769653564139,0.6667428588626755,0.8368138409411346,0.6146222773404114
2024-01-12,0.6826464560242411,0.6513838555765696,0.6268287251345818,0.6710124920436144,0.8397193556474665,0.6188856504314743
2024-01-16,0.6309742383207434,0.6073622170924369,0.6207695794994693,0.6675744848876594,0.8353106894500334,0.6188930366752026
2024-01-17,0.6224681350782281,0.6509325918708035,0.6672570916055495,0.7118680006241218,0.8600801776184829,0.6186821911008171
2024-01-18,0.6492014175472363,0.7296735684085283,0.7370396612223375,0.77911841501567,0.8962322888654607,0.6281456097676302
2024-01-19,0.7023365744689051,0.6930823803317198,0.6691595294856841,0.720477687257004,0.8568532521982343,0.6366707559635686
2024-01-22,0.8299168703432592,0.6667918631144344,0.5859048775330077,0.6431817241829553,0.8078314079430107,0.6442464995747937
2024-01-23,0.7571241950836068,0.6238911144853518,0.5715302524313293,0.6304087814539562,0.7995853057440107,0.6097074085998124
2024-01-24,0.6995708417790153,0.5865898715702319,0.550502431352169,0.6100853435656498,0.7836648579583735,0.60518286121746
2024-01-25,0.6451676483524384,0.5494453827515446,0.5456664570986705,0.6068169965840482,0.7784709046316501,0.6099920704103969
2024-01-26,0.633947277161605,0.5237968871835805,0.5100661641336355,0.574076181391416,0.7560193880037178,0.6115369799354411
2024-01-29,0.5981567912643925,0.5274989424894595,0.5296470531330633,0.5927364307392106,0.7689588735942594,0.6156625590483572
2024-01-30,0.6439715242732627,0.5085121211275452,0.48135680417979265,0.5464689086342887,0.7379829113626544,0.616529044340388
2024-01-31,0.603225489076283,0.5040554752142135,0.4958297303279964,0.5589282054216693,0.7488013190847513,0.6269348176487386
2024-02-01,0.96007347921115,0.8980166137311565,0.7816972937941938,0.8201638956661463,0.9148663658975857,0.6158476937812303
2024-02-02,1.0234324105731876,0.8515281786176313,0.6910382762326658,0.7352543893430364,0.867525628687748,0.6212271343770105
2024-02-05,1.0170344999660983,0.8053487389312202,0.619862228095027,0.6678702221982111,0.8299340678440512,0.6200032718375541
2024-02-06,0.9379279846243962,0.8270906358108092,0.6675723093460629,0.7102054783342677,0.8606820778593899,0.6117481608059198
2024-02-07,0.8530434674575956,0.7698725581520872,0.6415975306841979,0.6859338068755098,0.8485887828589032,0.6119287441820459
2024-02-08,0.8442731955599276,0.728174056448498,0.58360759704741,0.6326797607258595,0.8171669794284373,0.5939243377817227
2024-02-09,0.7684226664980216,0.680551071818157,0.5745130284746944,0.6231619191195202,0.8158161622987946,0.5913027954569777
2024-02-12,0.7373222293753775,0.6431509170034478,0.5357179901505895,0.5857513172065973,0.793391861018449,0.5629841941399175
2024-02-13,0.6801132897097146,0.6199711757879895,0.5378469926452167,0.5886441812158005,0.7959807714580723,0.6500265377383857
2024-02-14,0.9115210295875296,0.909512831672836,0.7646690853222713,0.7964357957334994,0.932989575483254,0.6608847794442384
2024-02-15,0.9032614721514768,0.8546770905357535,0.6948782473066218,0.7368734938204373,0.8949292545758483,0.6426750415858433
2024-02-16,0.861680497121966,0.8017030883473878,0.6419070269504505,0.6896085763454796,0.8665527910086667,0.6349596891275885
2024-02-20,0.8256336878539509,0.8509184257623222,0.7072989766480146,0.7490446998552401,0.9034040105358904,0.6343986287309725
2024-02-21,0.8046910162891362,0.9052272916773548,0.7772582746463065,0.8116745948737984,0.9386072243741977,0.6382229819800342
2024-02-22,0.7345794904141513,0.8363608390165979,0.7532757362457442,0.7917552177049881,0.920196278172312,0.7078629269679997
2024-02-23,1.1080588878673407,0.8100614427296123,0.6495645317629545,0.704046690130138,0.8653011068262786,0.6946306407409809
2024-02-26,0.9944039920191656,0.750668645048881,0.6340815815441567,0.6901047123329677,0.8528585866304855,0.6840028577167243
2024-02-27,0.9191630002107176,0.7788384121984623,0.6797983630885421,0.7319568885072624,0.8773401988305385,0.684516118175955
2024-02-28,0.8332791577787082,0.7246820335150471,0.6575147952073515,0.71304029545254,0.861713027291881,0.6851084101562566
2024-02-29,0.7650954716613498,0.7099551534564782,0.6647590641807009,0.7209021334349053,0.8626577379279164,0.6976751750510044
2024-03-01,0.7133461791190653,0.6383601159509575,0.6342351312065753,0.6940014152905686,0.8447354316086144,0.6837111653688949
2024-03-04,0.7581294859762461,0.6108772488996815,0.5786246291373708,0.6426688277153666,0.8116605069564105,0.6765094502313358
2024-03-05,0.7015138700966883,0.6030894535207496,0.588022745339459,0.6520427441106383,0.8154202078056522,0.6835875382238521
2024-03-06,0.809024328464129,0.7942261743114026,0.7525645656561937,0.8028183431462675,0.9120290251806882,0.6898309028765613
2024-03-07,0.7623555392225871,0.7439505989711741,0.7109235773416125,0.7634925312421572,0.8870347246975988,0.7180105978411092
2024-03-08,0.805789343892574,0.7070060780071834,0.6480182969287976,0.7064603075713962,0.8492582503320364,0.7330614363106209
2024-03-11,0.7974327420442823,0.789425441951942,0.7342181578831819,0.7808891707798842,0.8963455394314795,0.7415621159855977
2024-03-12,0.7335608087486989,0.7597856232389781,0.7293295994014464,0.7755178132244782,0.8907909535952241,0.7619834941678769
2024-03-13,0.8039134853563056,0.7226652812339363,0.6632413511579103,0.7143199991806515,0.8505530141413502,0.7591314570654561
2024-03-14,0.7429501504817452,0.7131805249769045,0.6750802980213694,0.721296290154083,0.851686887497741,0.6947787486406286
2024-03-15,0.6949342621594691,0.7125267154360743,0.6890412394922022,0.731271800039614,0.858670024771808,0.6988871654107461
2024-03-18,0.729131815713122,0.8132138922364406,0.7848160689412255,0.8129627955682297,0.9066801729756278,0.7167298864979003
2024-03-19,0.7081628428964456,0.7624826800881934,0.7342428205647088,0.7664462918099906,0.877540288082548,0.7186444212507987
2024-03-20,0.6860979372565834,0.7162453515415674,0.6876033366959192,0.7257579867861026,0.8506533268171224,0.711856000627572
2024-03-21,0.7352350319646412,0.6809097826637934,0.624940381560878,0.6707815675405479,0.8140678817143053,0.7074081831907345
2024-03-22,0.6854017728662886,0.6389217678681197,0.5959436677867942,0.6448204681543998,0.7986890435510755,0.6360576241597691
2024-03-25,0.6466414866273141,0.6442459640722947,0.6148303022906975,0.664154204920109,0.8119472872955081,0.6343509866735603
2024-03-26,0.6236545602165198,0.6661517586384408,0.646731412117049,0.6947100847552938,0.8302724134464732,0.6353631106428217
2024-03-27,0.5956414474253978,0.6677811531633343,0.6620845082280864,0.7096084967743971,0.8388738632795448,0.6466894276982065
2024-03-28,0.6514238243879723,0.6357621797678088,0.6058331746424074,0.6632413977326314,0.8060904667052313,0.6434188866066612
2024-04-01,0.6074448140846546,0.5831565747194988,0.5988271858125191,0.6556122666295126,0.8019539730555482,0.6335517218924597
2024-04-02,0.5815273834852627,0.5910035081396293,0.6166294794967526,0.6702653218526846,0.8144309768423164,0.659507354387428
2024-04-03,0.6353221330972785,0.6954575386195826,0.70653783717176,0.7535024906574325,0.8650754409414567,0.6625896960147393
2024-04-04,0.5931634969088145,0.6484262810893614,0.6904185750890461,0.7337063512224571,0.8535050704304854,0.6824790567668043
2024-04-05,0.8060136982705525,0.8881804399601831,0.8775513111383361,0.8964314027651369,0.9450598807528304,0.6824832759749814
2024-04-08,0.8485966320326301,0.8369047372420537,0.7969529000624453,0.8231993924386449,0.9054079452594896,0.6509681990867286
2024-04-09,0.7734451068718016,0.7767563465009454,0.7749738633070615,0.8017754374666647,0.891899246466918,0.66125190716233
2024-04-10,0.709448406107528,0.7217760396178418,0.7452520921858842,0.7753201636402052,0.8750183348698621,0.7120719301333347
2024-04-11,0.8143299904271267,0.8933628912874934,0.8866523241508455,0.8980997880111878,0.9441262623265424,0.7191582191154912
2024-04-12,0.7999211813971528,0.8368139876388082,0.8175306871494333,0.8390180550561936,0.9125300441307622,0.7519494287578526
2024-04-15,0.9808661606035712,1.0826736279539753,1.0237403482970704,1.0122948525857727,1.0106081375485128,0.7864960655329838
2024-04-16,1.0684152738421158,1.2588547212755168,1.1829830063282771,1.146647675299905,1.0799269387193644,0.7717069236089742
2024-04-17,0.9696363069711624,1.1956695676793954,1.1526485033207063,1.127044180432915,1.068850045001963,0.7736574152324841
2024-04-18,0.9273288822498684,1.2176110848267263,1.1867013481858184,1.1582498081374366,1.0790552899945958,0.7781014317503296
2024-04-19,0.8506861047697639,1.1634674658405109,1.1556666241836666,1.1356521240020399,1.0607485190251214,0.7845978243861159
2024-04-22,0.8845613876975372,1.2462502843047258,1.2389577420847897,1.2021811565123794,1.0867343968254122,0.8095031618187318
2024-04-23,0.8836350260786225,1.1537304650036246,1.139144745494331,1.1182614464229095,1.0411045705073958,0.8308198606388804
2024-04-24,0.9371450139888478,1.0759355485568276,1.0356414495513442,1.0349149096322927,0.9962414412825085,0.834350135507191
2024-04-25,0.851253601432352,1.008879911644016,0.9901103499496818,0.9974307621170484,0.9718236914946181,0.8979550537155511
2024-04-26,0.8027272611281075,1.0113664156570257,1.0020734804972065,1.0084839474827314,0.9711967235277075,0.9007373213126338
2024-04-29,0.8258291896280824,0.9453775759094124,0.9212236185618605,0.9353724545727762,0.9340471568330695,0.9078748875885524
2024-04-30,0.7629997747711511,0.8768435993865134,0.8677524437353041,0.8855341677098899,0.9090073793634478,0.9184927750285996
2024-05-01,1.020356323854406,1.1361751554800197,1.1306498246520986,1.1053962454890658,1.0224580252568947,0.9426456888955224
2024-05-02,0.9392246772071684,1.113568560087898,1.1184164945802701,1.092838027964546,1.0221725032667714,0.9688403402730856
2024-05-03,0.9296261751493344,1.0362260202992797,1.0234030490451196,1.0148938726854755,0.9929072959160646,0.9725761371558104
2024-05-06,0.9830203432372492,0.9720860553425256,0.9312485553044596,0.9373641038030327,0.9624668472697699,0.964614929392463
2024-05-07,0.9814453884322688,0.911647334516478,0.852799788154475,0.8740685534662445,0.9373265061741792,0.9643802688383928
2024-05-08,0.8882449440012984,0.8432644392215499,0.80627239127522,0.8371957204854745,0.922592540763526,0.9476448684757548
2024-05-09,0.8087395119090716,0.7908887837931429,0.7691975384703074,0.8052776929068054,0.9087289206725749,0.906525268108848
2024-05-10,0.7708285814655114,0.7421761411919553,0.7184206926838521,0.7567711894652387,0.8854756106847412,0.8851843689079493
2024-05-13,0.7081166257079076,0.6913352509268259,0.6881519143626111,0.7225541719424248,0.8713649767270594,0.8569003864252238
2024-05-14,0.655528034354301,0.6534987306299272,0.664944379522597,0.6962993223866278,0.8580320102223904,0.8136626352542368
2024-05-15,0.6322411880539553,0.6164550911692284,0.6264158567821274,0.6587084755554786,0.835210384503161,0.8141327281583984
2024-05-16,0.7769023388935259,0.5953168888171513,0.5615150510242809,0.6014406342149224,0.7944530561079266,0.7994960682384539
2024-05-17,0.7243981342417373,0.6080754344971308,0.5763705003282672,0.6153697388751165,0.8059486775519673,0.7886455450311056
2024-05-20,0.6690198241661794,0.5703625199413507,0.552215510619411,0.5925459684843963,0.7915370714220431,0.777650513700474
2024-05-21,0.6220302298949398,0.5356845638021921,0.5316164511362205,0.5751920275160793,0.7789043005381464,0.7493385570092654
2024-05-22,0.5868529680036128,0.5062003523932633,0.5088672337997077,0.5555373615089684,0.7609144778112931,0.7341700730318504
2024-05-23,0.5772573254144211,0.5443732379513195,0.5317588020824494,0.5797683757631867,0.7712479448656442,0.7514727738638625
2024-05-24,0.6534979528675822,0.6767168493032208,0.6434721351636922,0.6878045088241488,0.8381058777031077,0.6752551990232405
2024-05-28,0.659283129002558,0.6406392223448739,0.596132914774512,0.650447284915151,0.8076957959324957,0.6647034514171394
2024-05-29,0.6137598169220052,0.5987067822558733,0.5799826422661533,0.6410104871344752,0.7960551597907658,0.6865871435932217
2024-05-30,0.6719499924860842,0.716413603640671,0.6845894922088513,0.7443750915196357,0.8548420289222141,0.6814702778269015
2024-05-31,0.706258566069457,0.8107298196592079,0.7756369754624173,0.8304781092889807,0.9012539171028203,0.6710888631086814
2024-06-03,0.7455935056601154,0.741544362174072,0.7139248285441103,0.7727285886734061,0.8669808444798092,0.66203516443654
2024-06-04,0.6864418431472655,0.6899665028581224,0.6993007527734325,0.7563709100515963,0.8575071581500527,0.6210121862010318
2024-06-05,0.6366076494940914,0.6438996726893049,0.6848343954988062,0.739554425799323,0.8478435155633135,0.6338123448813336
2024-06-06,0.7649127276541892,0.6184172914495532,0.6142797089465873,0.6710582215006412,0.8086423976061079,0.6366724206248668
2024-06-07,0.7038774571717475,0.5904667211212603,0.6049013717003346,0.6594163963528854,0.8038142475449178,0.6378968111621165
2024-06-10,0.6575396654375048,0.5875896159614187,0.6137584140316111,0.6631478306721085,0.8110454091725682,0.6372246763214865
2024-06-11,0.6199944721596921,0.5541886277490516,0.5889101601025148,0.6380435016024254,0.7970643373908423,0.6482177543529316
2024-06-12,0.5848505727258558,0.5228357701219803,0.5668243185406519,0.6162214950185365,0.7846423212061331,0.6770090283163841
2024-06-13,0.6385225941261414,0.5030852355008145,0.5181501217405987,0.5707107131947249,0.7566424767718336,0.6846732601946223
2024-06-14,0.5984867045419927,0.4757209288089373,0.5000252949241338,0.5530549780586627,0.7464700173373934,0.6820407840411529
2024-06-17,0.5631446232662516,0.4493001567995441,0.49047846791038935,0.5425667593767066,0.7399928815661071,0.691531539317089
2024-06-18,0.6174862653179399,0.4356393159680989,0.4471146267612941,0.500732639689461,0.7093146227299831,0.688218306428547
2024-06-20,0.5834804855115483,0.4148871705283244,0.4306812994044881,0.48348392098186393,0.6946230421423709,0.6957712297391261
2024-06-21,0.5726200883265229,0.4591477015577848,0.4689726067168066,0.520334791502812,0.7201530743647192,0.6959954428923268
2024-06-24,0.550210553726369,0.471023276945023,0.48305394010517694,0.5345144991664268,0.7286412704393671,0.6969208860998541
2024-06-25,0.5535587468770599,0.5209049070606329,0.5274104009755145,0.577291528208477,0.7586486904007262,0.6729347552334026
2024-06-26,0.5420389477396991,0.4947236831067454,0.49905431514626386,0.5533039072093947,0.7415969462434534,0.6723044466480143
2024-06-27,0.5168108726382671,0.4669442941037723,0.48545707478216743,0.5426514543558381,0.7319864307246695,0.6651788176764284
2024-06-28,0.4969505698362921,0.4420722056836239,0.4724449280889479,0.5318519816140164,0.7235298262171184,0.6575590311098528
2024-07-01,0.5216748082607846,0.4903591424547811,0.5305041593824003,0.5888114547442274,0.7614000827697383,0.6531943206626409
2024-07-02,0.5020119067883827,0.4640733613835195,0.5143584896902615,0.5747550285204448,0.7504152797329814,0.6041071078621785
2024-07-03,0.5467776124905465,0.4466348352361193,0.4739899948482239,0.5376290615613554,0.7208821594773602,0.5627168202273877
2024-07-05,0.5430151860556087,0.4274748198270464,0.44777170897574964,0.5125532031204866,0.699687715389099,0.5529897253054519
2024-07-08,0.5592215269841869,0.4117697184985535,0.4154403731447741,0.48031784948367845,0.6766868182643448,0.5310190586462002
2024-07-09,0.5302576710502526,0.3908467059127783,0.4115786522704861,0.47672809275425077,0.671269022401175,0.5277199892164665
2024-07-10,0.5063663490520587,0.371364737561508,0.4093898951848024,0.47313126146476786,0.665712573761563,0.5173570101501479
2024-07-11,0.6258559682762561,0.3661759026915838,0.35358329249734943,0.41682931427314407,0.6172844243226859,0.5291328264013674
2024-07-12,0.7193243620290475,0.5660781499621891,0.4993781218538745,0.5565313751831968,0.7108360265135648,0.5387004959070996
2024-07-15,0.7050693746530062,0.5390027551625791,0.4600872089131529,0.515392911779824,0.680695241419918,0.5186108985504151
2024-07-16,0.6570474469446715,0.5093950129291217,0.44481121352761516,0.49908365970313984,0.6661944954303762,0.5068083313218814
2024-07-17,0.6501254213722729,0.4868790879115771,0.4093107184489221,0.4640513686658587,0.6364652500516598,0.5626408834890849
2024-07-18,0.8938803536666855,0.8194356676742143,0.6550947311331592,0.6933101026281694,0.7753141835195853,0.5826078381783955
2024-07-19,0.8958290207036135,0.9238545368078896,0.7569037257769328,0.7866780393434908,0.8178544050373272,0.5990502784842218
2024-07-22,0.878995092804014,0.9932607391574824,0.8369802055260193,0.8572548735217778,0.8488815441638413,0.6137659205598539
2024-07-23,0.8995607648476848,0.9291007725058612,0.7542130935466073,0.7864928303214841,0.8072949843122168,0.6163523910271178
2024-07-24,0.8247060485173803,0.8986610399987793,0.7639052373815811,0.7947728968854623,0.8060327039847341,0.6590724643548657
2024-07-25,1.2869922759295658,1.3721018683785058,1.1498264237582927,1.1164732789620266,0.9258822040552649,0.7129875393963304
2024-07-26,1.1838690951365902,1.359502835521922,1.1764587522400187,1.1348521178291564,0.9291850661380842,0.7389668194378602
2024-07-29,1.154753455039046,1.2557842354250477,1.067575445687278,1.039886679216491,0.8855865122626772,0.7468738491476836
2024-07-30,1.038317691227876,1.1507868363078968,1.0243462311376486,1.0028627959648055,0.8657735156816442,0.755867097576692
2024-07-31,0.9730024395441672,1.1618149426021702,1.0589819994293401,1.0278627629041763,0.8754149801674679,0.8043327559365968
2024-08-01,1.1070027134954328,1.0643456900823245,0.9274840120978777,0.9169443260198559,0.8230260006102771,0.8691786363622127
2024-08-02,1.1978685346821236,1.2816952862105422,1.102812881110567,1.0551170596146102,0.8857463190573585,0.9526143900894604
2024-08-05,1.379054417231261,1.5688707293926396,1.3376282788409932,1.231383904907509,0.9612691315961573,1.3521579919597444
2024-08-06,1.817497114088578,2.0646005810408905,1.7228705862993774,1.521344552150572,1.0786838435666608,1.401262208315212
2024-08-07,1.6581337126933686,1.8692589026154611,1.5704801612844073,1.4031480648365569,1.0439916140092722,1.4578773857709952
2024-08-08,1.5149212115499024,1.8181839067475172,1.567727358175137,1.4002075946276658,1.058351419117133,1.4904035499077353
2024-08-09,1.6607363469117284,1.6786328097082956,1.3467291922336202,1.2293030897719162,1.001582028172775,1.491751803433332
2024-08-12,1.488279143388566,1.5246021422689666,1.2499676225690661,1.1474151464263376,0.9811220723936023,1.487539164302265
2024-08-13,1.3293662034055511,1.3855636780735692,1.1858892347350627,1.0949986233930276,0.9702342116738017,1.4913457700086006
2024-08-14,1.3694025175500166,1.288388120612074,1.034916773455429,0.9777554836349548,0.9214716664345652,1.4958508237384365
2024-08-15,1.2294605530680751,1.1796595809298802,0.966204176639827,0.9237592831385645,0.8999119731352222,1.4910492320322832
2024-08-16,1.3103641099653816,1.1080728819045385,0.8340257318969361,0.8177404628652117,0.8499810425454939,1.480374181461397
2024-08-19,1.175436599547559,1.0185870408616156,0.7861171481112661,0.7775017849310996,0.8350691697348469,1.4775394345812964
2024-08-20,1.122315832134192,0.9519897095646028,0.7077049351099501,0.7109462556511869,0.8030474850962593,1.4687543211196628
2024-08-21,1.016302201423374,0.9188488460079046,0.7083732929018862,0.7125467864253024,0.8035743356178999,1.480285543532706
2024-08-22,0.9253389423947408,0.8524028931356878,0.6662045199140868,0.6777501886878634,0.7808295611806325,1.4668370260249557
2024-08-23,0.923712200573478,0.9568648480233664,0.7645628705324812,0.762103071113394,0.8293085881280912,1.4491587057226314
2024-08-26,0.940217017848111,0.8989697581394179,0.6797875660543424,0.6898266430200133,0.7881142150490477,1.438492450529958
2024-08-27,0.864844015802972,0.886061134320689,0.6968686478468018,0.7048644487891906,0.796122473229088,1.43754460950034
2024-08-28,0.7884595408801196,0.8195047528251739,0.671981323164187,0.6873845605879482,0.7844073852792914,1.4309878536052263
2024-08-29,0.7803067829992228,0.8842774913648384,0.7375632614919685,0.7514713551828437,0.8171582797156611,1.4114656235640095
2024-08-30,0.7167800787277931,0.8269370511457715,0.7163305630730927,0.743187128763863,0.8098666006095743,1.383557161354295
2024-09-03,0.7601672615078044,0.7438585805082497,0.6398131223211208,0.6819516104248375,0.7752382515128597,1.3569275061258186
2024-09-04,1.185264858619421,1.2135111769706346,0.9467602246061121,0.957405287398939,0.9207783821595807,0.9759630956594716
2024-09-05,1.070927620342095,1.1574597733588976,0.955540136420055,0.968969665005979,0.9231927908445835,0.9193747137046676
2024-09-06,0.9752081251843876,1.1153403747727966,0.9770186268457212,0.9830783829242679,0.9237854228131515,0.8625929354012204
2024-09-09,1.1832350246806156,1.3912543826447776,1.1840134877347601,1.1525692190972272,0.9984294791530048,0.8224877367543765
2024-09-10,1.1538676822814544,1.282499751191324,1.0740391238020912,1.0554983492500114,0.9491234406035143,0.8310263500263531
2024-09-11,1.0470629043931674,1.175150455316119,1.023768621118962,1.010618046805219,0.9200441445586897,0.9270876713238162
2024-09-12,1.0294841116819091,1.0906342430570743,0.926312073650664,0.9293972584922464,0.8738572526914772,0.9221259098985956
2024-09-13,0.9857480853304827,1.0127470494701658,0.8462352681650774,0.8568827935928055,0.8337199562578104,0.9152628803278916
2024-09-16,0.9109208757408336,0.9381730654021014,0.7959445298535213,0.8079611368277613,0.8079023498204366,0.8892513432457169
2024-09-17,0.8268074303209941,0.8654075895821385,0.780378210349783,0.7887598838105346,0.7959412194912674,0.89491337882397
2024-09-18,0.7548040771532563,0.8037146156379221,0.7733865409066168,0.7784628998871367,0.7873856652125081,0.9145013628795784
2024-09-19,0.7139868130828438,0.812735044387433,0.8007192619038104,0.8014514789971054,0.7972613079361381,0.976144309815895
2024-09-20,0.967564673967543,0.7808645161433756,0.6598620317630424,0.6825838895351531,0.7312223947461187,0.9649126523571664
2024-09-23,0.8826267916392195,0.7682075989603131,0.6772272853683006,0.6981287780888222,0.7395631291294653,0.9502506420425886
2024-09-24,0.8053173418490829,0.7154121150221864,0.6653878958734205,0.6931082756341295,0.7428921580508109,0.9415155216277472
2024-09-25,0.7413505448925953,0.6686867631034544,0.6386797483046756,0.6738318011881125,0.7310413752349489,0.937535906175429
2024-09-26,0.695546174033862,0.6773440499377809,0.6638786723494066,0.6974158611153369,0.743737450758448,0.9471808420738504
2024-09-27,0.6575181663473595,0.6364053596060676,0.6287362543075599,0.6678059625935051,0.727764303402998,0.9342739361085636
2024-09-30,0.6201437113685522,0.6335621221318348,0.6452100808349597,0.6782594667855417,0.740453174057069,0.9315327275508872
2024-10-01,0.5986610410037311,0.5701924156623497,0.6142741185406693,0.6459448187985171,0.7305937450519909,0.9279430810342464
2024-10-02,0.7104405819487536,0.7432971357706883,0.7336794775986817,0.7471214017540988,0.7983128407396898,0.894041703621367
2024-10-03,0.6570236631892805,0.6947740630372138,0.7228969145804032,0.7325880307589745,0.8018832061855194,0.8850246445378175
2024-10-04,0.6232272388655402,0.6936152015245565,0.7313834005480175,0.7383648644484934,0.8128815000290001,0.8909153731762327
2024-10-07,0.6844253589366477,0.6596041584888811,0.6580910810612844,0.6726599659931043,0.7833453376364674,0.8692946742869457
2024-10-08,0.7705700083848108,0.8202452551654253,0.7767620071419066,0.7739178513431506,0.8517467819437773,0.8550204229048256
2024-10-09,0.8003151452239329,0.7737556267640336,0.6958264474304506,0.7056768399869977,0.8149174141571942,0.8390957677901915
2024-10-10,0.7789863841649753,0.7279494236614471,0.635102461534951,0.6530969291750772,0.7846279552866207,0.728089590670653
2024-10-11,0.7240963350118991,0.7217813844318643,0.6470667477119901,0.6644590445258272,0.7925123601680878,0.7169000632750039
2024-10-14,0.7044449056595111,0.6797625894162185,0.5965181439544571,0.6196041106401844,0.7656452172958432,0.7188467932703765
2024-10-15,0.7251935602127426,0.645627602155748,0.5344214241398821,0.5655040962586617,0.7306735383516552,0.7245274433398345
2024-10-16,0.7698772235715974,0.7777903404288928,0.6401035248709205,0.6612652973543485,0.7918532923549889,0.7135738772564449
2024-10-17,0.7230761339333535,0.7273039805325963,0.6001089943620563,0.6287514925467482,0.769125122166615,0.6899326198405437
2024-10-18,0.6683073153871392,0.686570999126718,0.5908414838660226,0.6227345551468624,0.7651260296598215,0.5978695477221753
2024-10-21,0.6345782691614913,0.6445543225829885,0.5576701721540517,0.5946004477153948,0.7449427829607542,0.5928081355878432
2024-10-22,0.603244239595977,0.6449657166222764,0.5740421245429181,0.6140127185592154,0.7531277314679442,0.6084223733860331
2024-10-23,0.5702634061507575,0.6240192750277787,0.5670231457430566,0.6119584286971115,0.7425152795089981,0.6316365708973598
2024-10-24,0.6969539722262831,0.7927177279019427,0.6974989290740177,0.7377875128833132,0.8087451579334081,0.6379550045699284
2024-10-25,0.6477484410087763,0.7370865504291799,0.6700763217223054,0.7205990855659432,0.7886911417608726,0.6374448569802527
2024-10-28,0.6063929806497756,0.7033226064559367,0.6653069306248834,0.716677304040872,0.7822791419503502,0.6441692995898862
2024-10-29,0.5776071073895365,0.6583759305064203,0.639357288268623,0.692343283315647,0.76387902853892,0.6320464984139659
2024-10-30,0.5465751979006495,0.6154719391273337,0.6242692473820731,0.678318260250175,0.7490757621504484,0.6129528862156934
2024-10-31,0.5476582265892053,0.6466118979083587,0.663331325844844,0.7082864154095974,0.7640047116571363,0.6345667236212252
2024-11-01,1.0382130142903243,1.0971494522994412,0.9948339418393194,0.9931530376665777,0.9106041415547055,0.6418355734683691
2024-11-04,0.9504485205897452,1.0127012913769544,0.9418613104923726,0.9412204484604184,0.8867769169874937,0.6180857699507359
2024-11-05,0.8733208359279864,0.9837084075296668,0.9474210898323344,0.9382188940778835,0.8872443462273474,0.6057368895677402
2024-11-06,0.932251541272075,0.923567214539908,0.8504640901905463,0.8549693228429818,0.8465429482378078,0.7630862157539944
2024-11-07,1.331788046602522,0.8892455130746219,0.6988043215817642,0.7233819932036419,0.7781289830046445,0.7607663050953706
2024-11-08,1.2309808939185678,0.8327653027413398,0.6400338416174585,0.6702258183775435,0.751745527471035,0.756291479181219
2024-11-11,1.1169196119544569,0.7771265300768901,0.6022177290402891,0.6365252962560981,0.7351294789047025,0.7548429850200786
2024-11-12,1.0075840027127974,0.7221528708830158,0.5837467491813229,0.6187465149858344,0.7254499328298945,0.7594178656592333
2024-11-13,0.9289243153470876,0.7435270845157778,0.6182330763229303,0.6487221896497377,0.7435223274560361,0.7554454482808509
2024-11-14,0.8450582487277162,0.6946546861685052,0.5987106441153465,0.6310353173782358,0.732879128222977,0.7570676388960709
2024-11-15,0.835349843531955,0.7888412501394891,0.6871943050898165,0.7055641604640153,0.7776783448753122,0.777151218298834
2024-11-18,0.9695260859009824,1.0198671215146342,0.880928192786897,0.8663498863154234,0.8696319644875201,0.7790066254804009
2024-11-19,0.8909459781652869,0.943823130185776,0.8257315928548887,0.8198203094550057,0.854845458928428,0.7952852490486568
2024-11-20,0.8211360691164672,0.8754024804227051,0.7760656217168174,0.7779681761769623,0.8320853569722483,0.8063227717949529
2024-11-21,0.7527079107892609,0.8155618522137916,0.7478424449271537,0.754620381422505,0.8205997495913517,0.8115031920651699
2024-11-22,0.7207856377138578,0.7632666793176983,0.6924186071935399,0.7097604458143579,0.7936797305852482,0.8055704213068428
2024-11-25,0.673910363724123,0.7129245806380703,0.6560204693788735,0.679576836360936,0.7719947811547595,0.8060943087891086
2024-11-26,0.6368175448000883,0.6680837911963806,0.6207221499721032,0.6500295495151759,0.7515210286434058,0.7993812866723362
2024-11-27,0.6252442601181851,0.6304314549241409,0.5768300532141063,0.6142589410773828,0.7273198577298369,0.7959933836723224
2024-11-29,0.6104139840039142,0.6600731515328409,0.609419841882765,0.6452093058533621,0.7451697183849336,0.7925244094769252
2024-12-02,0.6174758124182899,0.597729780488245,0.5638327208491117,0.6047041850365686,0.7188686861759362,0.7639199431889453
2024-12-03,0.5811615606112116,0.5616883946340044,0.5438427053222945,0.588244823454882,0.7062850164009272,0.7462427591673638
2024-12-04,0.5499666923205278,0.5311906030465167,0.5333012698499711,0.5800536405121638,0.6975835432265945,0.7402855989220336
2024-12-05,0.5725659815686843,0.5076109849923751,0.49242056738204754,0.541919931036826,0.6717015154833991,0.7355515605601979
2024-12-06,0.5535559767386842,0.5221075911026039,0.5120684129879959,0.5589693082677997,0.6812450597801581,0.5628399112375808
2024-12-09,0.5287655373364666,0.4931465826310615,0.49711431124625644,0.5426440089294718,0.6697214936977385,0.5608769161290653
2024-12-10,0.5705903588020698,0.5837659195799311,0.5727519624542101,0.6090097308230948,0.7090777993297825,0.5593318599729965
2024-12-11,0.5680742408647635,0.6201272180761883,0.6094179954704199,0.6430731007405336,0.7276480197960951,0.565053038331789
2024-12-12,0.6150365038864634,0.5904620496747778,0.5541289883955539,0.6002386329571908,0.6965742914848598,0.5551202834216612
2024-12-13,0.6346634358393287,0.6693632609447314,0.6225444586108507,0.6631161997435476,0.7306381671221335,0.5563969400605507
2024-12-16,0.595981516451717,0.640754920613754,0.6129540671398361,0.6528685722964661,0.7217082322331877,0.5522042913443972
2024-12-17,0.5808507107774871,0.6041679685460883,0.5785482355080351,0.6188702216368067,0.6987570841332164,0.5256822097811111
2024-12-18,0.590920258410075,0.6593275273209198,0.6369787048213453,0.6619720711061644,0.722238132419552,0.6298139980316331
2024-12-19,1.4633673406390175,1.5170449214407176,1.198561720682178,1.1277210638088995,0.9481852333263726,0.6309703963504577
2024-12-20,1.3096571182644687,1.3962231092191135,1.1467497015970618,1.0866663197335074,0.9272991298116222,0.6935994232166962
2024-12-23,1.268965551401598,1.2882894958398017,1.036894066177464,1.0038329084984792,0.8972330982338184,0.6819249349637262
2024-12-24,1.1602413543833558,1.1846819774873043,0.960403744206332,0.9435825481287279,0.8699123313849199,0.6868725963424743
2024-12-26,1.1341005769498804,1.100134353467193,0.86142914823944,0.8617938743164395,0.8291221465459684,0.6770742315844456
2024-12-27,1.0222608523635772,1.0213263764116656,0.8350565379020781,0.8385736235054677,0.8168457810345211,0.7146030565627617
2024-12-30,1.050325506851239,1.1622818717371008,0.9679598080760043,0.948608126840433,0.8695251620568458,0.7771262596353925
2024-12-31,1.090380591898121,1.3028691674634238,1.101820776756441,1.0578077587300851,0.9209525735771443,0.7868776627533479
2025-01-02,1.0025750437850391,1.243043004883034,1.1073502188712852,1.0612404496438235,0.9255166344848927,0.8314709972295584
2025-01-03,0.9193077279114716,1.19490516418697,1.092610406998601,1.0494119212999298,0.9209727584232339,0.8451489791441726
2025-01-06,0.975510878379962,1.110983540936083,0.9780067646571761,0.9565617654883456,0.8771364224220629,0.8687961800687396
2025-01-07,0.9095913886621756,1.0279248472463436,0.9081225266781981,0.8978181509204941,0.8488432444167912,0.8907516816229182
2025-01-08,0.9839656715738466,1.1853946229172134,1.0468547781210344,1.0106901502999381,0.9038172013492151,0.9008711122931036
2025-01-10,0.8922134062137204,1.088603782949715,0.9938019122981843,0.9623331839120203,0.8828578862054687,0.9215036594838882
2025-01-13,1.0769451643203642,1.3279782691576798,1.1941955652127825,1.1176112295852723,0.9559309286507612,0.945082227822082
2025-01-14,0.9724930991702596,1.2150391543054355,1.128543012266888,1.0615371281496773,0.9322690039830688,0.9606591148439024
2025-01-15,0.8822465641535643,1.114799238336569,1.0671958572966838,1.0100798384712186,0.9103266120616407,1.0080372089074183
2025-01-16,1.0969002436081663,1.0470695516038862,0.922795000374454,0.893881894291406,0.8538871539869503,1.004503668651954
2025-01-17,0.9967078121874626,1.011380929164719,0.9083100288128492,0.8825442945120869,0.8496526996276269,1.0215861208292365
2025-01-21,0.9859971464404038,0.9446545053063564,0.8190382496135584,0.8124499184526395,0.8137327129593855,1.022601423373846
2025-01-22,0.9627196647486166,0.8839531436183246,0.7403266720797429,0.7479291072824723,0.781592040941152,0.961379888112378
2025-01-23,0.8975008574700941,0.8251273233513376,0.6852795322823104,0.7017292848004892,0.7618072451009936,0.9421678376023848
2025-01-24,0.8414306514806126,0.7721576400459109,0.6346508071327044,0.6587312591318478,0.7426768920714114,0.8793591030324084
2025-01-27,0.7871141591294534,0.7852672745358074,0.662419459760596,0.6829019272826081,0.7617425039288589,0.99702918636649
2025-01-28,0.9770837480934804,1.050101574131718,0.8812375983460565,0.8731430281155952,0.8702632477617408,1.0093822144702034
2025-01-29,0.946812394402256,0.9773261966870082,0.8021969529831898,0.8075855583777045,0.8430456359121992,1.0089021913813556
2025-01-30,0.8908831433965158,0.9982727449667907,0.8391958664676831,0.8397666243025422,0.8671702869893434,0.992138171160196
2025-01-31,0.8350001234463235,0.9270188747754774,0.7814921475202702,0.7895476946179254,0.8482510751703526,0.9585239938382264
2025-02-03,0.8106789797302676,0.9383090845436824,0.8366714882305725,0.8346272801727154,0.8811204099907274,1.0360336854311611
2025-02-04,0.813660410975858,1.0085986627769998,0.907916067421468,0.8932507225246511,0.9201507388524174,1.0034567038417586
2025-02-05,0.7879186839835874,0.938207275223094,0.8367740120221527,0.8333386519183719,0.8948286150815429,0.9988860289641
2025-02-06,0.7377790248238227,0.872053100090162,0.784159360220487,0.7884835171664663,0.8743627041322444,0.9856545815067924
2025-02-07,0.6915566436354466,0.8120644324511853,0.738344422767827,0.7487723781382858,0.8577734810366616,0.9771435745290789
2025-02-10,0.7761907095474317,0.9504129675084174,0.858999556703682,0.8497070487629629,0.9216530186781364,0.9755709344031636
2025-02-11,0.7589468002133779,0.8863058225480325,0.7911063576798706,0.7924860061616532,0.8917509816239583,0.959257938214014
2025-02-12,0.7003132462984123,0.8215413154799561,0.7568556835774983,0.7639375828854964,0.8783370486235348,0.9681484078675886
2025-02-13,0.6742889030920038,0.8351638754591709,0.7775616934181806,0.7835015689844861,0.8894348622513708,0.9539964460918402
2025-02-14,0.7539195526117813,0.7876123638336366,0.6966672726820662,0.7202203341839521,0.8495578357683298,0.9026165251779944
2025-02-18,0.6971561746561196,0.7455716095838726,0.6754420575840396,0.7063798832641959,0.8405083963313125,0.9062705675323504
2025-02-19,0.6541869181477361,0.6976416386870481,0.6405160482702378,0.6801366515906027,0.8222932774152754,0.886108022356285
2025-02-20,0.6153816430606173,0.6536598426560766,0.611680713774353,0.6580186216161563,0.8026969238438709,0.8856168035246987
2025-02-21,0.6190681393290529,0.70406646828843,0.6638941320980748,0.7076111867316415,0.8280310070173432,0.9004357987670902
2025-02-24,0.9751633938206,1.065545296482126,0.9475176508933854,0.9589288916404485,0.963566652893829,0.9131067388055242
2025-02-25,0.9157763941021828,1.0775403962968566,0.9830377603178555,0.9925957951469747,0.9725019532141008,0.93394182670721
2025-02-26,0.8716044068696533,1.0963107027822712,1.0231331419718683,1.0297531069332453,0.9848876583634159,0.8095152865302793
2025-02-27,0.7964888393091033,1.0120276426739352,0.9876911019213785,0.9996875038472797,0.9649187181079965,0.8237523670768776
2025-02-28,1.035172293652659,1.278739807365619,1.206378051012496,1.1856965063922589,1.0505507879089184,0.8540904765562117
2025-03-03,1.1275532832305066,1.1611956695202923,1.0770916509056714,1.0738094758800418,1.0006699410137778,0.913450589556274
2025-03-04,1.2923543617249391,1.4392059629216474,1.3168526259740958,1.2724607990440682,1.091673977449924,0.9578373321989658
2025-03-05,1.2843674221062256,1.5499556057293964,1.4361339685943362,1.3674745246232782,1.1311050808732956,0.9025126308628348
2025-03-06,1.22941863706037,1.422770500304617,1.3134825644234047,1.2631601541623407,1.0891027086856855,0.971324942035165
2025-03-07,1.3691499357899923,1.6633960153406278,1.526416500210098,1.4342203243908624,1.1617950924257983,1.0076853553171168
2025-03-10,1.2452239865271906,1.5168722178444491,1.4246840725863053,1.345108753178485,1.1223581043656818,1.0904299583846375
2025-03-11,1.6392554416207008,1.9520052908788736,1.7807203299870817,1.6199905878069722,1.2321047226172093,1.1177518760894245
2025-03-12,1.517375438573654,1.9255399367108488,1.7949195335473445,1.6313672916820163,1.2322324852219566,1.1718798247998046
2025-03-13,1.3714699223435909,1.7464411832763993,1.6663527644045215,1.5288826713797654,1.1858351224945303,1.1813762983653486
2025-03-14,1.3748797872005822,1.8455359350582137,1.765294862104678,1.599908975817232,1.2105305304373082,1.2099373801181172
2025-03-17,1.4933574783539814,1.6933765550150526,1.5584100571616868,1.435348096976409,1.1418675742028788,1.2175931402790363
2025-03-18,1.3689219571370173,1.5455641837856329,1.4337503280173882,1.3324030348550733,1.0934268639188236,1.2255476980722275
2025-03-19,1.3275224960630996,1.6211085105436147,1.519135671971425,1.392527746756936,1.1158866349222778,1.2463172556604265
2025-03-20,1.2668883439550709,1.4855685669803085,1.3753468352646587,1.2814272955145698,1.0636600368193203,1.2723161497667972
2025-03-21,1.1505826000879975,1.417601019198364,1.3412715919649256,1.2550379467423955,1.0503733996006288,1.2846331325952656
2025-03-24,1.0382673010283303,1.3005218526288618,1.2646372042452472,1.1963855935489005,1.0228787404029547,1.3063952694139906
2025-03-25,1.1882075654043311,1.210466974181465,1.111315055827842,1.081174682006927,0.9665572817207155,1.2983471590447495
2025-03-26,1.072794557053968,1.1131542275741946,1.0476299700220792,1.0328220505910302,0.9405590053193126,1.292969990870669
2025-03-27,1.1168755003515676,1.2709961535223633,1.1862601138019837,1.1496905191244715,0.990829854835652,1.2876900217007432
2025-03-28,1.0199830845006828,1.224026617570784,1.171734295678599,1.1422581491785935,0.9835013437988487,1.2803429917772688
2025-03-31,1.2980044787551257,1.5542553880757153,1.449843115057412,1.3636182379036101,1.0750897176121963,1.3059880558686006
2025-04-01,1.1941274385120215,1.3806871735227615,1.3412046961031585,1.2717106262671176,1.036262961688016,1.2767830492398122
2025-04-02,1.0797990422239785,1.2645381037120482,1.2589464135461308,1.201652690816298,1.0058732091401392,1.2704826937028402
2025-04-03,1.0048486762599051,1.165496001198993,1.1723343344050206,1.1243354997393848,0.9700882573829751,1.4454035572657895
2025-04-04,2.38656293204621,2.458234562626014,2.058668711827564,1.8034302855225157,1.2364209048185226,1.5245399892323328
2025-04-07,3.376958370414312,3.525525331565045,2.9050183408731525,2.4065682446921115,1.4349040160436928,1.9807943108209145
2025-04-08,3.000568911663094,3.167338828442776,2.7144414070973917,2.268924442071574,1.3942760413454098,2.2665595764623627
2025-04-09,2.759722937427748,3.1090542985686502,2.7223581418955725,2.2658801102128057,1.3993212950970957,2.437966725120369
2025-04-10,4.907266025196099,2.8754686613633305,2.009349004742712,1.7499104593750794,1.228587212058101,2.5820679078554694
2025-04-11,4.772959344683295,3.4611222449897068,2.577135476272682,2.156889703281077,1.3775702922649373,2.600951595910974
2025-04-14,4.294604766762922,3.0889878383042766,2.287319749861772,1.950093156230651,1.3116340003379268,2.6470746728887318
2025-04-15,3.828766966348057,2.7604660689060467,2.0664251875541497,1.7952797646211316,1.2566380452774595,2.6507485635435053
2025-04-16,3.401565752407945,2.526507721163841,1.9633291081549054,1.7226837218192186,1.2307701079369622,2.688979718344403
2025-04-17,3.181782679079153,2.6928325628216085,2.1543449850194754,1.8690044279172526,1.2846437372966877,2.69251161641798
2025-04-21,2.8260462418532883,2.4096460620173525,2.001034079951131,1.7544241407186942,1.2472535923992039,2.7054187315340235
2025-04-22,2.730159507242364,2.6269408377229606,2.2198760199047434,1.9148324396009193,1.3081362314390892,2.7315408462823543
2025-04-23,2.6508620099271942,2.3786286897066287,1.930543517030571,1.6998780757143124,1.2344095447453207,2.8063216322294537
2025-04-24,2.4381049385721583,2.1521700056048614,1.7226114652671098,1.543952338671055,1.175632657817775,2.8180245208390864
2025-04-25,2.3326726371631934,1.9610432222178231,1.507892901188694,1.3800602069769736,1.1105124460656932,2.8192480490772747
2025-04-28,2.094039545363978,1.7794513036853068,1.452402494493975,1.3453630994660155,1.1081318494840566,2.8275468944201623
2025-04-29,1.8659607472536368,1.6180522437685734,1.3639951488631186,1.2726038006539648,1.0793648724200324,2.8230171709797083
2025-04-30,1.68134307595207,1.4776688323779206,1.2583936474154418,1.1864288875000084,1.0435755776573798,2.829312043606592
2025-05-01,1.4986434253050929,1.2787333384738857,1.1878364598829088,1.130626552684016,1.020127683770174,2.8423408563059955
2025-05-02,1.3667985756667251,1.1769500947399487,1.0911054213013969,1.0554754605712398,0.9858908559845828,2.843719618247152
2025-05-05,1.3673789659868962,1.0951454601479822,0.971561133097757,0.9599001649666478,0.9405503274885367,2.752756621478865
2025-05-06,1.2585142137349508,1.1286224053891496,1.014442710301416,1.0003059496885827,0.9614914247756287,2.699378531814145
2025-05-07,1.2004688064201294,1.2120006733166422,1.0989281933771284,1.0717015622525052,1.0009018672521355,2.3743494467926385
2025-05-08,1.0894055672437442,1.1148173209308392,1.0277812933896115,1.0099440324579712,0.9729659481340478,2.075931576512657
2025-05-09,1.0188420632269988,1.0315784259776282,0.9498103781306683,0.942858091484079,0.9412035010865701,1.852553651875242
2025-05-12,0.9268675778389384,0.9859169638327752,0.9310951472165848,0.9234506122336641,0.9336870674931218,1.7177358882309437
2025-05-13,1.6246334814648786,0.9450553739188524,0.7530878622319941,0.7712113502918099,0.8524826525734461,1.68590350419333
2025-05-14,1.4712170331931156,0.8800053392518036,0.6961583102095048,0.722821208927222,0.8258780282364437,1.572775138493399
2025-05-15,1.3155312557903651,0.8160778335718253,0.6693281983688312,0.7009328461727274,0.8147529736806025,1.5643798108475333
2025-05-16,1.1926909146914677,0.7626759698670047,0.6263243325633123,0.6631404834742037,0.7931376607279869,1.494956896184482
2025-05-19,1.099161583226024,0.7162716942725661,0.5803783743449423,0.62101187643552,0.7687465170360653,1.4983466494933224
2025-05-20,0.9916615102866242,0.6687728112564628,0.5633811104582179,0.6061595077481413,0.7602420338654748,1.462252486679208
2025-05-21,0.9175723837638486,0.7029611219018671,0.6052155133662851,0.643764004961409,0.7844741229004841,1.43412149696339
2025-05-22,1.1444775850970117,1.0693968638448337,0.8919771834747329,0.896040134571642,0.9315859791014319,1.2535219498400108
2025-05-23,1.03106473722166,0.9890218395894808,0.8581681879248757,0.8693756396687828,0.9176336390636135,1.2618935738113073
2025-05-27,0.9919715859640504,1.0579104384384053,0.9331754582138589,0.9341615288091709,0.9521757694988681,1.317413675681254
2025-05-28,1.2477654567374887,0.9958664115371448,0.8114026064513213,0.8333227674746302,0.9034444556330886,1.2966793892921176
2025-05-29,1.1579412060233163,1.0423680388280183,0.8744159815504574,0.8887746276530485,0.9344224167411865,1.3168558319615689
2025-05-30,1.0513208528008406,0.963911315138572,0.8265025279637316,0.8502241966599487,0.9141760838676578,1.2713178658852369
2025-06-02,0.9609138822461732,0.893699441659328,0.8187002592624492,0.8434508382536448,0.9119906718966946,1.234445769534024
2025-06-03,0.8996044162577038,0.8333764149592646,0.7656580313495165,0.7966551187727592,0.8863366861720927,1.1926806450242218
2025-06-04,0.848721316661858,0.7792884005988574,0.715710773715311,0.7525196304717133,0.8600801176741625,1.178090983817249
2025-06-05,0.7806478358963216,0.7428899969104026,0.7054828495112295,0.741753242220787,0.8543885747109167,1.1569849202963347
2025-06-06,0.7609146531611737,0.7997203909416303,0.7619527660695291,0.7920514669732746,0.8840311902782576,1.1560997357783318
2025-06-09,0.8101454659138059,0.7531508877779667,0.6890902590477442,0.7283647401114243,0.8461372793026716,1.1242961586111824
2025-06-10,0.7460022419753854,0.7027230347285215,0.6689728870361584,0.7100335684500316,0.8349837619238873,1.120741609570098
2025-06-11,0.7210550245030592,0.6615184472695701,0.6253955012498383,0.6708092653560217,0.8103022149309358,0.9443897338793243
2025-06-12,0.6884135546657676,0.6865426832171463,0.6575248682698993,0.7001779758081789,0.828394374961662,0.935419421147627
2025-06-13,0.6558186266737875,0.6453483640246692,0.6243567224212463,0.6685778788518055,0.8098770515864507,0.9614333898205412
2025-06-16,0.8038636971943796,0.863535300662465,0.7949199369799381,0.8206030462145303,0.9008493180238151,0.9608625644434466
2025-06-17,0.8275209688475829,0.8098129901849606,0.7233968175122683,0.757081375697928,0.8607303231890661,0.9634416370669504
2025-06-18,0.861614720192538,0.9390732189049896,0.8395182809037646,0.8579531397293779,0.9151198332921336,0.9224874492420974
2025-06-20,0.791445662126381,0.8841103812052543,0.8186617192265666,0.8413099984658655,0.9042451570831698,0.9195210258447848
2025-06-23,0.742748901454185,0.8759533385986401,0.8315765924382321,0.8529501315668745,0.909524896620548,0.8787869562604033
2025-06-24,0.7884734299104621,0.8212832214006508,0.7539084380118382,0.7870132248589282,0.8717681759367126,0.8814190652703071
2025-06-25,0.8471425277158959,0.7732462767658103,0.6738571934514735,0.7171747911030599,0.8305020413466185,0.8288417616637942
2025-06-26,0.7779108690094328,0.7223606461009529,0.6618008194443429,0.7064841032790222,0.8225322775929383,0.7146701695918101
2025-06-27,0.7774844775070796,0.6812138573612377,0.6052481731513738,0.6543332498556925,0.7906025389561107,0.7127968676309299
2025-06-30,0.7392115801240879,0.6414314989341559,0.5701980163837514,0.6213154489115283,0.7697629982562574,0.6731818373411839
2025-07-01,0.7041990001691464,0.5759572962577572,0.5373698006785218,0.5901831691730124,0.7510022339080785,0.6434018272799295
2025-07-02,0.6573522157035614,0.5603128325617123,0.5397368843804371,0.5920420434057172,0.754112236003528,0.6209523686146708
2025-07-03,0.6353760248963258,0.5311282761403526,0.5087723819740813,0.5632471903027312,0.7372966816060538,0.6182253722001564
2025-07-07,0.6680297356524559,0.5074712604351579,0.46108839458471484,0.5175503351196784,0.7059624081442607,0.6392110809849378
2025-07-08,0.7198005109082745,0.6531587382921636,0.5782449759965438,0.6270599221532517,0.7792614646164809,0.6166981991180367
2025-07-09,0.6713648327177613,0.6344802726578913,0.5803994277028718,0.6293396590069884,0.779383106042826,0.5948838189508295
2025-07-10,0.6647144219864257,0.5998001372894354,0.5391817307457096,0.5916328393379364,0.7541902609928963,0.5966845657409859
2025-07-11,0.6275485303023386,0.5655494247923459,0.5185095582440208,0.570241424093171,0.7407951665106748,0.6082460231141188
2025-07-14,0.6198356888283301,0.6141490716433617,0.5673580355842037,0.6130865873651287,0.7712126516675102,0.5969142614628437
2025-07-15,0.5859022527753244,0.5777877023938375,0.5516110902220301,0.5974509306469831,0.7618897751929641,0.6043652436731926
2025-07-16,0.5979902102199579,0.641142879611199,0.6105531471298979,0.6501971334608813,0.7955604939978245,0.5876466800329512
2025-07-17,0.575760866811719,0.60352961924888,0.5814744366687153,0.6262760655520345,0.7784169231441813,0.5691626252144947
2025-07-18,0.5915981882128455,0.5718183186787917,0.5371727523993852,0.5876726001482172,0.7522343145069308,0.5565011061290761
2025-07-21,0.5647579189650928,0.5642631917342156,0.5436442775457065,0.5935656612821668,0.7558251786113918,0.5502454586380237
2025-07-22,0.5400924252343688,0.5324185140211737,0.5279540513410778,0.5794968782483938,0.7465019191077226,0.5338146723883843
2025-07-23,0.5188285679835779,0.5120081523274913,0.5244146034527737,0.5762627183655641,0.7451578073779929,0.5108774367676926
2025-07-24,0.5971901682555855,0.4905759844478286,0.4715597680585104,0.5275130749423829,0.7112491979145021,0.4895735670862727
2025-07-25,0.5657234051594148,0.470338719799199,0.468189073493331,0.5263004495014829,0.7101334023928825,0.4860900583788858
2025-07-28,0.5578730601762697,0.4486977219830671,0.4421661216459904,0.5029743070583566,0.6924174875620782,0.4828802632770568
2025-07-29,0.5347271707318481,0.4429113575850589,0.4425219984115906,0.503450062612043,0.6925348126495762,0.475478447498076
2025-07-30,0.5350024007795301,0.4854742878310581,0.48229756589855205,0.540671759456546,0.7186488618161677,0.4814799319994258
2025-07-31,0.521720003383788,0.495979405575144,0.49995715008270386,0.5555216086805099,0.7295028347594733,0.5156530840822127
2025-08-01,0.5373852190924719,0.5339820255566291,0.5552790254151496,0.6052118873153556,0.7633203900946638,0.57627074465753
2025-08-04,0.9065528038229128,0.9336534630732286,0.8255177060099907,0.8459521309926705,0.9093598426293291,0.5895344933074401
2025-08-05,1.0284363613572227,0.8768790608257798,0.7166863819679505,0.7510520820849366,0.8555634513064572,0.5723355952561061
2025-08-06,0.968418424996856,0.923035586940978,0.7765971389755537,0.805045848914502,0.8876454444895242,0.5783713546805951
2025-08-07,0.9283715066146389,0.8611463770477115,0.7143916176220595,0.749541277700771,0.8583996638745103,0.599543039012284
2025-08-08,0.8504661649227175,0.8271724896907975,0.7136666303821012,0.7477886638210647,0.8600519773369052,0.5990827506238006
2025-08-11,0.8341530682433763,0.7751859638179115,0.6552989255369513,0.6941304407620478,0.8305381604093359,0.5888645927699799
2025-08-12,0.7756796982621907,0.7714005221765989,0.675671124122453,0.7112191711505177,0.8440544713810043,0.5969047581737493
2025-08-13,0.8282140264847189,0.7273309009749742,0.6001181867599764,0.6435839377633265,0.8036917121793357,0.5902710859506787
2025-08-14,0.7686448622203319,0.6815540966924519,0.5722486636943461,0.6200834319625667,0.790254549363735,0.5717913952445897
2025-08-15,0.7105529547512393,0.6483452813319808,0.5682319880705458,0.6171438967718396,0.7909620251608601,0.5714679339367564
2025-08-18,0.6744732332881721,0.664437005003829,0.5968225117584331,0.6445436195307225,0.8097852077677272,0.5713349615042128
2025-08-19,0.6313394400187967,0.6385415480676134,0.594899486237658,0.6426961026982241,0.8124261507191088,0.5758985385196166
2025-08-20,0.6520705616816487,0.7194276517274727,0.6691155093579411,0.7094482555628341,0.8543397860414508,0.5985001846307385
2025-08-21,0.6291952777885448,0.7345131991844768,0.6972250494521126,0.7347071993847873,0.8688287584944246,0.6011453711683742
2025-08-22,0.6275301075058143,0.7750398289812226,0.7441420234527804,0.776261848999061,0.8915417570304801,0.621902412452395
2025-08-25,0.853013630465894,0.7345280507764986,0.6400176887627236,0.6838752712291832,0.8336146114763509,0.6270557136991557
2025-08-26,0.8143683346607734,0.7829964871266555,0.6957626273365385,0.7350554433602052,0.8624680260863373,0.629264834229991
2025-08-27,0.7622533963332009,0.7324169950729598,0.660127955297101,0.7036428036485229,0.8421626904043216,0.6268164795361457
2025-08-28,0.7068609205943341,0.6851962438081557,0.6383119254389747,0.6844107681513248,0.8284883635123864,0.6181630925978163
2025-08-29,0.6669120152931871,0.6435505746907724,0.6099548316531963,0.6599956200533403,0.8114178660394415,0.5916761856834047
2025-09-02,0.6905537186227703,0.7107124734708221,0.6916959405690646,0.7347727887928364,0.857689826381643,0.6043583931519106
2025-09-03,0.7354833456842729,0.8273170681173002,0.7898053158710661,0.8239095473476618,0.908991837514879,0.5981406877740857
2025-09-04,0.7089567726956069,0.7730813380763155,0.7417431516225846,0.7827126348711243,0.8839526024590844,0.5961090510619502
2025-09-05,0.7322375095497679,0.7262055740016196,0.6787437804631217,0.72601451618047,0.8496917882976248,0.6235816313538673
2025-09-08,0.6982215907499614,0.7458575552568941,0.7124851242113613,0.7575104440925905,0.8660196248596086,0.5980687687426384
2025-09-09,0.6538694808703167,0.6976658435282872,0.6888035775108455,0.7368101919670226,0.8526402408662439,0.5981299389557813
2025-09-10,0.6159585029198609,0.6540065861196722,0.6668275317695382,0.7160936835424344,0.8390121560125794,0.606550523404328
2025-09-11,0.5873879102528378,0.6148487616697091,0.6421259609027988,0.6952251052017241,0.8246977549828495,0.6024879951465627
2025-09-12,0.6406857904436303,0.5829843900075545,0.5857251408207212,0.6410170219917966,0.7947781222121993,0.5986013988004383
2025-09-15,0.6040517283902135,0.5672888935388362,0.5889310678051488,0.6413839659095879,0.7965633908926353,0.5897112387097097
2025-09-16,0.6017164579046211,0.5376877510002571,0.5521513140348512,0.6050482751610137,0.7729519781717353,0.5887485726765015
2025-09-17,0.5772893049255082,0.546016522035099,0.5723566399047841,0.6205701205948402,0.780997129771604,0.6099811096699129
2025-09-18,0.5562807134414559,0.5509644650205225,0.5864329635284954,0.632270701124386,0.788852155574034,0.6126419922102169
2025-09-19,0.5554896251167077,0.5223651412058411,0.5525699996691689,0.6012796091766254,0.7678932875244577,0.5915483727374562
2025-09-22,0.5584584781760561,0.4964552653770478,0.5178862589559072,0.5694615615507749,0.7471773817495582,0.5853770718855092
2025-09-23,0.5579400493587922,0.4726162200033904,0.48636415056503784,0.5402193985977941,0.7277471280219895,0.5701232292392718
2025-09-24,0.5976864817473856,0.5745392793929157,0.5653335055021818,0.6156459989372637,0.7805627213270536,0.5716621274323922
2025-09-25,0.5918912879188833,0.6155131443174089,0.6068252711355275,0.6544672841703691,0.8074771327624937,0.5901148615399224
2025-09-26,0.6082849357098623,0.6821737866254485,0.6667033987747353,0.7097328695864786,0.8434184509132941,0.5938998082717336
2025-09-29,0.6106812930377832,0.6422937562355063,0.622610081519879,0.6704662613164761,0.8198399579116753,0.5956453590857614
2025-09-30,0.5825268522208144,0.604169572828541,0.5998257624143237,0.6481652022050786,0.807046405461687,0.5926687224900196
2025-10-01,0.564242942133646,0.545515486513797,0.5719018514827379,0.622594468320891,0.7910126195292849,0.5381371876921837
2025-10-02,0.548100889764584,0.5163792854938695,0.5473472778177808,0.5994351249808478,0.7753423561188728,0.5345469590267417
2025-10-03,0.5242499243883662,0.4882309182676689,0.5390415042342172,0.5916530551400052,0.7687889357306633,0.536402014947997
2025-10-06,0.5059769374195101,0.474985836317572,0.5382975129890977,0.5944108961495335,0.7679056987724381,0.5015715993028098
2025-10-07,0.5028483555457143,0.4520152765017111,0.5142645627210048,0.5723530782982867,0.7527389205613436,0.5064793379623153
2025-10-08,0.525265211655536,0.5165786079626155,0.5664404969470892,0.6208157021904626,0.7851410373521293,0.5044613979934799
2025-10-09,0.5495754980850431,0.4917067558695626,0.5259333924780626,0.5807713197729901,0.7608894292386182,0.4951755112392925
2025-10-10,0.5497874035163297,0.534889495490508,0.5692480908087167,0.6180560454947807,0.7870481685837871,0.5781880791237063
2025-10-13,1.3185318022756272,1.3760208673150334,1.071519845513762,1.0540406344732691,1.0380169200232834,0.6291034672300752
2025-10-14,1.3364429570437886,1.268949291401418,0.9419188525891837,0.9458584925213683,0.9807226257665234,0.7110484452628298
2025-10-15,1.2067534530830937,1.1982679846781237,0.9345023468767756,0.9428310009474445,0.978050369011484,0.7611660489578039
2025-10-16,1.100217391943817,1.104054791976938,0.8853590710835308,0.9040659626808234,0.9573573958695051,0.7749443473405792
2025-10-17,1.0499990428018704,1.1590051190068351,0.9597096281870303,0.9715983059106023,0.9917066075989541,0.7801267439645331
2025-10-20,0.97455601579285,1.069943681282384,0.9000382734258162,0.9217513339361435,0.9642419348735767,0.7819957264648921
2025-10-21,0.9751592688426606,0.9937074763459908,0.8142244116824793,0.8474081420588896,0.9236661994861172,0.7792460127601133
2025-10-22,0.8888169870070345,0.9315481473180636,0.8036341600480501,0.8367803908275413,0.9169328045007806,0.7961024528115984
2025-10-23,0.8540770686524972,0.9743899841856688,0.8636415216173359,0.8884684257451838,0.9458731732480775,0.7947133868699249
2025-10-24,0.8121804878534324,0.9053202595733656,0.8094908498751017,0.8391229254675708,0.9169801103599896,0.7879312492717911
2025-10-27,0.8089649856859735,0.8449188653924641,0.7449337511340589,0.7804277304608068,0.8821723330946483,0.7958991648669046
2025-10-28,0.8768784074821802,0.7930975015441158,0.6608479582730534,0.7036130630777638,0.8356625869076175,0.7940807432672556
2025-10-29,0.8064780525271049,0.7402932237108127,0.6370958275662396,0.6816635403749469,0.8210918407676964,0.802956379261551
2025-10-30,0.7425945219842038,0.6949775345231998,0.6264469290293767,0.6720539125590195,0.8150584530351743,0.8106452474337854
2025-10-31,0.8566767093682265,0.8980400327898765,0.7912026967300223,0.8212926991812669,0.9046068740704031,0.8219846855221616
2025-11-03,0.7935426355633123,0.8083820930551284,0.7546204576350302,0.7906238834583927,0.8878167374150329,0.8285555408521592
2025-11-04,0.7331544898004864,0.7545183022131642,0.7293304398091188,0.767969127200197,0.8755635075819265,0.8794097094568005
2025-11-05,0.87297334974104,0.9674582956190788,0.899880814317138,0.9173607873372892,0.961623657017538,0.8868368277162617
2025-11-06,0.8074922123570425,0.8984972005118694,0.8578828502937503,0.8792311268221684,0.9427962298659242,0.8991523206094207
2025-11-07,0.895265775145006,1.0632629237854712,0.9982382894887638,1.0005387016841085,1.0079679285157703,0.9344955510595336
2025-11-10,0.8191180957944636,0.9830051924210392,0.9625345443947283,0.9689834605782205,0.9929080907794428,0.9056645747546472
2025-11-11,0.9783166255592436,0.9188849710359716,0.8445433326169997,0.867520811058856,0.9390656189343211,0.8769989782784043
2025-11-12,0.8927641299763969,0.8542529296156124,0.8106855421665348,0.8390742097749112,0.9228081996373905,0.8141216883223676
2025-11-13,0.8170704838317419,0.7976975149460191,0.7916833642368243,0.8205540313052575,0.9130201957043246,0.7923197258067003
2025-11-14,1.063581327711523,1.1248080919454182,1.0425653566253503,1.037637396083151,1.030695903604673,0.8303062547160283
2025-11-17,0.9656328847995896,1.052945202829092,1.0116452074398956,1.0098426334396025,1.0169941811608127,0.852631964167617
2025-11-18,0.9824516777796404,1.166245956354235,1.1165977003254952,1.09660520521693,1.062157795046143,0.8757444377909487
2025-11-19,0.9787429185280332,1.246228078876597,1.1974050108605174,1.1628902284516092,1.095319865090752,0.8938633077930166
2025-11-20,0.900125881015881,1.147764713000819,1.1324202945862303,1.1076216938592098,1.0680672659335744,1.0017421425859714
2025-11-21,1.0764190146280956,1.378676033912135,1.3164781713908016,1.2602541680872403,1.1413487702346663,1.0415554274439722
2025-11-24,1.04921607477442,1.2686398380948338,1.2045029415285984,1.1709364791933075,1.096392530923507,1.0505528857519868
2025-11-25,1.118220095690639,1.173411852091798,1.07247876104028,1.0638395783528278,1.039915381839863,1.0668724716184468
2025-11-26,1.074942503311893,1.0858282061299356,0.9812291284884802,0.9886124439436876,1.0003932893191152,1.0711175205676766
2025-11-28,1.0075915802702025,1.0063217194699592,0.9115611583287508,0.930329500591218,0.9707024221804718,1.0614790349706396
2025-12-01,0.937561112096354,0.8986632221432194,0.8557362795950879,0.8823843555897948,0.9452500925648968,1.0602085264862728
2025-12-02,0.88708175448033,0.9331975574267292,0.9012437537999591,0.9216821644873374,0.9673945992126148,1.05185791207211
2025-12-03,0.8138692002522104,0.8673220140001866,0.8675081236242376,0.8923003892854032,0.9522102712210115,1.046343516340423
2025-12-04,0.7579387556792313,0.80876299794619,0.8268906701538273,0.8567248395178937,0.931750085969385,1.0060166935563009
2025-12-05,0.7021873851670322,0.7547117456067292,0.8046065503099755,0.8359620452932085,0.920041386802652,0.9983248261478368
2025-12-08,0.6562826351808689,0.7063747175897434,0.7770666618464444,0.811390408657366,0.9056592256808264,0.9906326091389898
2025-12-09,0.6378011129714262,0.730604304236961,0.8040910293345543,0.8346682725839988,0.9186029523501743,0.9552555960067872
2025-12-10,0.6051157221626197,0.7119166198133847,0.8006080266103689,0.8304462012201063,0.9166506950563319,0.9407095546760528
2025-12-11,0.623036689276202,0.6697490772178194,0.7446019671015831,0.781222039799947,0.8872961011992432,0.9484428292450576
2025-12-12,0.591487357325122,0.6295279443278894,0.7193548659588952,0.7582421366708476,0.8728987795153889,0.9606438778018144
2025-12-15,0.749855473798191,0.8352750590371422,0.8683411325302371,0.8888684538882028,0.9450300676131829,0.9527277972896848
2025-12-16,0.7026183759254193,0.8182240876418221,0.8722304394681295,0.8920629143556743,0.9436150376395247,0.9041643266053832
2025-12-17,0.6728912167516884,0.8258192594784525,0.8931789419298296,0.9084266546082913,0.9492497061117627,0.8789557293175345
2025-12-18,0.8089123684176379,1.0067365632803111,1.0306002482235805,1.0232901516687645,1.0080779424354995,0.8729676502459566
2025-12-19,0.7974773381755899,0.935891922481388,0.9544813657168638,0.9590764711767932,0.9744974815934696,0.8554961552305168
2025-12-22,0.8133754926195079,0.8729755364198415,0.8725883055255962,0.891028473584534,0.9337920217225472,0.7132755277391783
2025-12-23,0.7831070098196982,0.8150995688807923,0.8140302592992701,0.8425727672093177,0.9021731292316305,0.6523162835107084
2025-12-24,0.7404153952473417,0.7621642041895512,0.7693250104910595,0.8057364484442742,0.8780183392021078,0.6261622251477754
2025-12-26,0.6963538356794863,0.7138497015180635,0.7356073113015887,0.7768879333789427,0.8586437084614091,0.5815699381919845
2025-12-29,0.651210088992137,0.6829004120541027,0.7315179442989836,0.7718366628842648,0.8543457681548373,0.580046191888183
2025-12-30,0.6403072171258861,0.72055882760736,0.7732457526952512,0.8079279921216098,0.8742896556229284,0.5786264786051648
2025-12-31,0.6092377127870853,0.7094473390149969,0.7813227574978301,0.814238194382221,0.8760403820479897,0.552635651512283
2026-01-02,0.6753216017468608,0.7961758648968016,0.8740335880455736,0.8940421403373804,0.9178505597715244,0.5710228656060109
2026-01-05,0.6333150359966802,0.7436343299095128,0.8469552960332817,0.8708175799014543,0.9051885438947305,0.5729395845288415
2026-01-06,0.645253708638864,0.6982901819467099,0.7881668314587322,0.8186405614601263,0.877230936269894,0.5675494067302681
2026-01-07,0.6438145696957203,0.6569009292819474,0.737073643880617,0.7726767902292826,0.853240685517648,0.5674850086386909
2026-01-08,0.6299946306522923,0.69040166414876,0.7714218857276992,0.800912972025531,0.8700750162467424,0.563418710821119
2026-01-09,0.5953556966194058,0.6614753880799327,0.759857511940978,0.7876636147202943,0.8623378441274513,0.5697832006345604
2026-01-12,0.615330459224547,0.6237890856389502,0.7057384363146642,0.7371493728358016,0.8336994639170761,0.5748418963403337
2026-01-13,0.5824762917220598,0.5872665122635874,0.6859610695129438,0.7182960862519423,0.821973275027901,0.5590971823695311
2026-01-14,0.5676200513379986,0.6035163527898902,0.7035599828032497,0.7354207198325357,0.834017276770017,0.5582153548112528
2026-01-15,0.5953913474341899,0.6774473260937057,0.7607259234764817,0.7853931203646629,0.8648689260288135,0.5511945404175321
2026-01-16,0.5705994775048855,0.6365525712431295,0.7276472767856645,0.7555332444246532,0.8509796144171595,0.5365895417039652
2026-01-20,0.5493657505745582,0.6261373077187431,0.726534570756517,0.7536711051652267,0.8509929817680452,0.6433505136256895
2026-01-21,1.0525081589305023,1.1175534660572404,1.0523339216942051,1.0296539290934728,1.0002116366021994,0.6449128181680301
2026-01-22,1.0566442645954528,1.036392715628127,0.9474612375564623,0.9432233778009617,0.9572867294431873,0.6605170107239484
2026-01-23,0.976724292572931,0.9610611965929804,0.8859831043465446,0.8941457068131242,0.9328227359251288,0.6511896513383129
2026-01-26,0.8900747681856446,0.8972108761215437,0.8605384696072421,0.8730690906528497,0.9233111553673577,0.6524374762373288
2026-01-27,0.8344033357555033,0.836119186379079,0.8081215079707164,0.8279704368530222,0.8990010843050626,0.6543393986383959
2026-01-28,0.7785716575323204,0.7806267450904999,0.7617826794865267,0.788296910432208,0.8759329723543414,0.6582352943506687
2026-01-29,0.7206707341623992,0.7430685786034472,0.7511528786026175,0.7794559814505057,0.8712678967352032,0.7146463367383673
2026-01-30,0.6811400667158884,0.7439176217312247,0.7655068491845628,0.7947421939014204,0.8804018198528958,0.7340058219666147
2026-02-02,0.659411099321649,0.7381419141300952,0.7915560570050152,0.8184017649137632,0.8967128356624653,0.744607372126069
2026-02-03,0.643229427609208,0.6927689744139466,0.7450248858922071,0.7757038032629904,0.8738642152127327,0.7695632566858277
2026-02-04,0.7229251615865181,0.8331627408212327,0.8549808123431328,0.8699964941235038,0.9297451469585332,0.7884068671398329
2026-02-05,0.7149136085204889,0.8802937463123888,0.9057841071018339,0.9103709148829893,0.9532034717044431,0.81595500343559
2026-02-06,0.8744610126944118,1.0867581844464054,1.0641875796943299,1.0465482931331902,1.025759052238199,0.8422659330879878
2026-02-09,1.109217759490203,1.0118240381946184,0.9121709227402395,0.9205956946122785,0.9584007194993054,0.8499535995776889
2026-02-10,1.0195348450382902,0.939407576178266,0.8581569835882752,0.8768214389109066,0.9308993267444476,0.8481625088987966
2026-02-11,0.9395132404661506,0.9327603276615531,0.8714915180845273,0.8896428887291102,0.9381321219863168,0.8572024994609384
2026-02-12,0.8598346069867138,0.8830319274739129,0.8535822255831101,0.8716824101467687,0.9274347512300029,0.8819901073857951
2026-02-13,1.0508373098949124,1.1606768353998596,1.0705673759994123,1.0564367909599817,1.0221817120816377,0.8830386146300613
2026-02-17,0.9550510758301052,1.0711227610294445,1.032537702747766,1.0247836600299383,1.004269262716988,0.8951256163142969
2026-02-18,0.8726217441816527,0.99136924799937,0.9889582149856312,0.9892958061319138,0.9825302359690549,0.901479054967148
2026-02-19,0.820065494397108,0.9211319491233972,0.9277783346918769,0.9376096850633325,0.9537920322562506,0.8293829457941456
2026-02-20,0.7701275171362255,0.9164035814098652,0.937539489683633,0.945926702930325,0.9568433571972101,0.8165180449056567
2026-02-23,0.7618856149742772,0.8545674534901199,0.8693985556878943,0.886695427122318,0.925123877958424,0.8209683826140846
2026-02-24,0.8478044093412853,1.012557273589666,0.9993916790262631,0.9983149947954446,0.9811187268528268,0.8308957257948484
2026-02-25,0.824910727124521,0.9409690690621688,0.9251875738963802,0.9380133045195218,0.9462654188498603,0.8329772300547267
2026-02-26,0.8240436736839205,0.8771107759596423,0.8502445467726517,0.8734319484738835,0.908510669233129,0.8535356420162692
2026-02-27,0.8062159752993631,0.9335704406561124,0.9087574291905604,0.9252851171688522,0.9330767013215149,0.8758856940192709
2026-03-02,0.7816161634154095,0.9371470955699532,0.9517624533401636,0.961599003553903,0.9522045098254042,0.8685284869422327
2026-03-03,0.7233113297426985,0.8730172855538356,0.9183389840206404,0.9329036411989128,0.9370079670778434,0.9511155198664916
2026-03-04,0.7878992474086769,0.9975584006007572,1.0235728187959485,1.0207819734403765,0.9811043905174437,0.9531626576396576
2026-03-05,0.7737519003982677,0.9273561348373858,0.9504515461281062,0.95416396145376,0.9452713797968678,0.9420069554797614
2026-03-06,0.7661339000447368,0.9784868545141542,1.001818907225542,0.9974505391851244,0.96396288257333,0.9528242452210915
2026-03-09,0.924147456059723,1.1839463383107307,1.1735748261048573,1.136714641530721,1.0319495627237933,0.9872104234027728
2026-03-10,0.9083284406382536,1.0947165431297,1.077136447640033,1.0563583350949675,0.9908709298074844,0.98059718060337
2026-03-11,0.8383377925788493,1.0527903868965545,1.0506614959859004,1.035863048048523,0.9758951438766335,0.9835572839885116
2026-03-12,0.7768132375175109,1.0089932205304046,1.0193831159831346,1.0064439489554102,0.9572132096933149,0.9888566022853204
2026-03-13,0.9899475097050908,1.2581005537067769,1.2285947654478446,1.1779749476727843,1.0366951395935233,1.0068040368290496
2026-03-16,0.943380248385434,1.2730769394697163,1.2504993472917738,1.1962166649884654,1.0431432626930026,1.0219287379526123
2026-03-17,0.9466533067025288,1.1746271688195,1.1406858352333216,1.1076575331732263,1.001170877364912,1.025087155781865
2026-03-18,0.868251823408689,1.0844610167170348,1.0670118289807167,1.0475361110852823,0.97119693160207,1.0165234633069609
2026-03-19,1.0148400507318611,1.2933676986465912,1.2535548174918842,1.2000349107032813,1.0414566485649355,1.023643254386764
2026-03-20,0.9345244525044536,1.2451128409060408,1.2192776409924155,1.1691924664813937,1.0302041891445848,1.0426978610879856
2026-03-23,1.0700431691325876,1.4390389498565983,1.3939973908491823,1.3068148632676235,1.0937386501296864,1.1137066386931045
2026-03-24,1.0527196159216126,1.3222237346868255,1.2676603991066118,1.2082838810476955,1.0498951400606693,1.1131916374282247
2026-03-25,0.9732028517034266,1.286907931390529,1.2423796628725874,1.1913209886321798,1.0423907637447378,1.135113860664835
2026-03-26,0.9098669981502808,1.1854943254038124,1.1436562238302803,1.1124368503020565,1.0059683755692113,1.1507739624302449
2026-03-27,1.1515863351219933,1.468713632209796,1.3853090271438286,1.3060947174415936,1.0953313651550765,1.143517756476618
2026-03-30,1.2906455710354614,1.6893834806961794,1.5864278358353454,1.4596112893398874,1.1642177267437104,1.1682882032712911
2026-03-31,1.177761908314509,1.6109122628252954,1.5337542926126817,1.4172307987297061,1.14789416906096,1.1876452774692787
2026-04-01,1.586391652763932,1.438128126257202,1.3282208336898056,1.251235376604662,1.0774253763601906,1.1226377053906549
2026-04-02,1.4520360731973296,1.3207003516656275,1.2164736160847354,1.1586559319375198,1.0353518330642686,1.1750147620395364
2026-04-06,1.3063660951259466,1.2147654160399757,1.1368556743920424,1.0904868949400144,1.0055785561752406,1.1570830995431058
2026-04-07,1.1899154414189796,1.1212590963203015,1.0571877744882363,1.0227211353914702,0.9709280151480545,1.1530295070741012
2026-04-08,1.076864584924384,1.040647345740213,0.9932224143271743,0.9707507031697452,0.9454990537336109,1.2322680648488118
2026-04-09,1.4173821217088258,0.970390736225623,0.8581615482156326,0.8606444867892343,0.8892487184506188,1.2268321953488677
2026-04-10,1.2927011365070695,0.9026561212296154,0.7935586297781978,0.807505110028242,0.8605296333014614,1.2182850675764836
2026-04-13,1.1683222972435103,0.8638478436262668,0.7671657166200513,0.7851214359885866,0.8504122628729018,1.2245038927839969
2026-04-14,1.1224138913740265,0.8076635139974482,0.7011413177151044,0.7294556056134778,0.8195049124752269,1.1964157339582568
2026-04-15,1.1235417127824718,0.7574933514820391,0.6318852075950667,0.6693981574654141,0.783430067373715,1.1649447743086776
2026-04-16,1.0610800414075976,0.7110545867909865,0.581484850988938,0.6251175713570419,0.754972969332899,1.151323846317883
2026-04-17,0.966891910489024,0.6676244917371649,0.5541265039834002,0.6012894536622542,0.7401096740297244,1.1516740280573858
2026-04-20,1.00083380769392,0.6304726425765688,0.4964049095786239,0.5469328486242966,0.705742525519007,1.1438400403247608
2026-04-21,0.919960863996754,0.6426217849485163,0.5171259949262874,0.5657303844475771,0.7178313352847588,1.1286164636856637
2026-04-22,0.8981813340325576,0.7461967164975146,0.6213980191508887,0.6623083023018176,0.7757643380724016,1.055231971218808
2026-04-23,0.911045693786484,0.7013529130454892,0.5678388039916554,0.6139220736361228,0.7430221413067242,1.0660240504184726
2026-04-24,0.8579247313709821,0.7430948362679488,0.6157837250748206,0.6574910444999509,0.7683751202511024,1.0362210913006826
2026-04-27,0.8405478026745348,0.6979700780198741,0.5674767207214735,0.6115650529185778,0.739662804131657,1.0173547394206153
2026-04-28,0.7747382409847838,0.6555626188925145,0.5439318412193317,0.588515041639494,0.7239326148162606,1.0210931899171796
2026-04-29,0.7568504654247858,0.7220364818179319,0.6162099543118292,0.6520848045771388,0.7646878023345582,0.9750170599044452
2026-04-30,0.703489767975662,0.6916625764982027,0.595394304804051,0.6332804640995745,0.7521268922696289,0.9283571213070227
2026-05-01,0.7590306102676548,0.6255515337821697,0.5432207936484351,0.5874454644447967,0.7221483222629178,0.9204233689453886
2026-05-04,0.708959954818479,0.5901039970341022,0.5164655975635275,0.5625435458948871,0.7054128373408679,0.8516432503005029
2026-05-05,0.6885187147767389,0.6383272480774428,0.563129633639195,0.6081370740523959,0.7325120486909937,0.8526322758942719
2026-05-06,0.7108702636961395,0.6030792585491768,0.5194019006600654,0.569031660602253,0.7061545728177769,0.8295813764293497
2026-05-07,0.8579466858420758,0.5723731041257012,0.4583785780076244,0.5117580118266843,0.6674715996043495,0.6304208663944064
2026-05-08,0.8060787576344135,0.610473411503797,0.4999238448964404,0.5504389150205236,0.6927188208723213,0.615006869323178
2026-05-11,0.8063699707324118,0.5777142923714531,0.4606199596027585,0.5128807690850723,0.6668366244907269,0.6195766715500827
2026-05-12,0.7472239526956336,0.5462618415825499,0.4420387261189472,0.4951359549908063,0.6536396237146811,0.6201314873696249
2026-05-13,0.7014026550467529,0.556898978508761,0.45748801376564263,0.5094909618977917,0.662709853345914,0.6320115711967629
2026-05-14,0.6848611063561013,0.528040167533431,0.42784780694123975,0.48062865531973775,0.6432455273623073,0.6305773455820198
2026-05-15,0.7058302817171068,0.5021616485468544,0.3928738020421401,0.4454977193000103,0.6188341187231691,0.6678783539047893
2026-05-18,0.854619805129848,0.761712412083891,0.6382477419055381,0.670279887281141,0.7643207819733974,0.6715970650449214
2026-05-19,0.7889256741754612,0.7378501025883432,0.62724520109061,0.6593963369277199,0.757880570406848,0.683662715317482
2026-05-20,0.7955069719651479,0.8314934005362106,0.7196599933683797,0.7413020515126251,0.8051630357248983,0.6794002683008598
2026-05-21,0.833702743322923,0.779059958023951,0.6555090493773578,0.6854901009311491,0.7732371993464184,0.6851304073353031
2026-05-22,0.7697220185195378,0.7295245187951502,0.6197680526687332,0.653664698582825,0.7544682947535788,0.6566674759804771
