Date,garch_fc_vol,egarch_fc_vol,sigma_v2_h1,sigma_v2_h5,sigma_v2_h21,rv_target
2016-07-01,1.526445108390536,1.2611533551426892,1.122402893981711,1.0529969949138598,0.9267199950704446,1.2835579446524568
2016-07-05,1.31902924676614,1.160114883402848,1.0552063922373158,0.9968160150138066,0.9129077494080566,1.2804024001701355
2016-07-06,1.1982248069782715,1.2458674521615722,1.1089059251079787,1.0389044644725847,0.9423655212364397,1.2880289640107885
2016-07-07,1.0809272384193418,1.1048938801421926,1.0214037883748852,0.9675779495669719,0.917177064149126,1.2941798303093883
2016-07-08,0.9592184909126176,1.0589564415321615,0.9809796391613022,0.934649073874783,0.9089198071922113,1.310718742264693
2016-07-11,1.0764774667081582,0.8521074195848292,0.8579234508465433,0.8345704820032668,0.8632655468724613,1.3103551477973336
2016-07-12,0.9648313399376496,0.7838773307230638,0.8034212518315109,0.7889990255966893,0.844939112261302,1.3079220876922313
2016-07-13,0.9193103460417592,0.6827159099680411,0.7335722216813104,0.730157758989597,0.8188719269609173,1.3016663403055562
2016-07-14,0.8315813977077066,0.6732770298933914,0.7081515606924317,0.7087078318337535,0.8139531297464935,1.3039076607330984
2016-07-15,0.797967390403914,0.5999905148607352,0.6541557606650389,0.6642144128892686,0.7926735390426605,1.300953965742258
2016-07-18,0.7420476186435773,0.6231172583978427,0.6515507085816157,0.6629005731904455,0.7975587403769052,1.279690309496775
2016-07-19,0.703277613902707,0.5856310622410659,0.6159063531029837,0.6338526332869074,0.7832055225847825,1.2775593021747804
2016-07-20,0.6698699289401331,0.6030026774769173,0.6114823175273396,0.6366775118636836,0.7853380453821165,1.248880830784037
2016-07-21,0.6639756044826015,0.5508426392661152,0.5730619923702358,0.6075943147223677,0.7654157003886963,1.2495115111505628
2016-07-22,0.6648456794445786,0.6337655667771773,0.6152121513616683,0.6513103249506395,0.7926013767373563,1.245723503852854
2016-07-25,0.6642268490822307,0.5756078499577235,0.5749537846822328,0.6202363415001115,0.7720086638995101,1.2323354094462513
2016-07-26,0.6532021053134157,0.6313789531090013,0.6074483092614886,0.6519224687624366,0.7907865897639272,0.6816336763945265
2016-07-27,0.6300956478429487,0.6187091007678964,0.5981453762311628,0.6462448317814776,0.7863219890975499,0.6511901942522291
2016-07-28,0.6167963024395932,0.6341984883155415,0.6069939884654881,0.6555154213421576,0.7921431679793189,0.6008488350680364
2016-07-29,0.6047239583436363,0.6132278013918193,0.5788139019480832,0.6272894604848199,0.767252702402411,0.5611085634806708
2016-08-01,0.5719598282036998,0.5834575817166533,0.5649655284187768,0.6136263532940148,0.7584737029920905,0.5369156789574369
2016-08-02,0.5681784415074953,0.6006990466899275,0.5744670254124487,0.6198169669131987,0.7625030710295589,0.552948074545966
2016-08-03,0.6498298602795235,0.7483813551712284,0.6643549885318982,0.6998789490372415,0.8130602246657939,0.5423224900595629
2016-08-04,0.6291651720230096,0.6958837634866349,0.6375280536981955,0.6760171351721048,0.7994268393431471,0.5539102307946884
2016-08-05,0.6049250633742033,0.671543866635328,0.6238174187370286,0.6649578568420093,0.7916223120704153,0.5400230437541437
2016-08-08,0.6879736525544444,0.5658196962621121,0.5643135064646048,0.6121449062872181,0.7569762951645029,0.4990339715241871
2016-08-09,0.6483728518299388,0.5795913665879544,0.569368151358242,0.6179184357009313,0.7593876588707771,0.4923878069986645
2016-08-10,0.6179667868370033,0.5717036136628141,0.5635238799680894,0.6123665622126035,0.755837263475518,0.4661135286857418
2016-08-11,0.6128848790492005,0.6264639646686245,0.5957642574347337,0.6408957215587244,0.7821294854331932,0.4640064331872197
2016-08-12,0.6235999773707135,0.5648854997082258,0.5615394050180186,0.6078150068543225,0.7655472005328383,0.4425043704867843
2016-08-15,0.6039944351064487,0.5845921956451752,0.5714139248895398,0.6154602241544529,0.77822576755441,0.4315761592152584
2016-08-16,0.5971497286842704,0.5475739308537276,0.5493305675803525,0.5945826639261508,0.7710680394991811,0.4323084441844281
2016-08-17,0.640388907214342,0.6697931640805362,0.6202864413966959,0.6588327582972582,0.8178140927993821,0.4386081430132634
2016-08-18,0.6156277100944803,0.6376951406927476,0.6009302544210865,0.6429682865872318,0.8091718477596819,0.4361729237629131
2016-08-19,0.6003604765680578,0.6040147820580356,0.580575826181664,0.6257351319222676,0.7984535502255466,0.4338296375482016
2016-08-22,0.5915997790635724,0.6331055033277843,0.5962658001225515,0.6419616608742977,0.8092770103087897,0.434433805847687
2016-08-23,0.5787695756871325,0.6294084843819572,0.5920651225937037,0.6382556616513423,0.8039092913160233,0.4346874953608002
2016-08-24,0.5736167388994624,0.5993195146094903,0.574827490728242,0.621624897900411,0.789459284301765,0.4325845735406006
2016-08-25,0.6248120256853494,0.7142059009167215,0.6443681467847168,0.6849614035274786,0.8259977051419327,0.4222761711323444
2016-08-26,0.6039856384701475,0.7160306654400006,0.6494830033187571,0.6891811650718275,0.8270570764359453,0.4501950795516604
2016-08-29,0.5975136887139689,0.7430797636871124,0.6426301447378403,0.6814079080816801,0.817660823912636,0.4450179184282085
2016-08-30,0.6177319327942008,0.6672754722468974,0.6029935478377985,0.64514121446201,0.7906791746246958,0.4451922458606541
2016-08-31,0.6049812585298266,0.6942817943621585,0.6204285544072651,0.6596891872735976,0.7983225769420245,0.4300083017718941
2016-09-01,0.5511179531084142,0.6439632951153976,0.6540725988605955,0.6892342803369592,0.8135107662952861,0.4432546390962337
2016-09-02,0.5309524911953828,0.6233064595025887,0.644735534769807,0.6891147909523286,0.8055377502006884,0.4149721462356716
2016-09-06,0.5505431779064165,0.563986098996643,0.6071601439801274,0.6594451777111876,0.7829882067832882,0.419605287401701
2016-09-07,0.5440293525342382,0.5233249386671484,0.5808605710785202,0.6424245467427947,0.7653798262934164,0.4218483592188088
2016-09-08,0.5260508990195508,0.5159844581273606,0.5763076042886786,0.6442098967473808,0.759690863021145,0.4219728502299067
2016-09-09,0.5285408621208582,0.5590926146466144,0.6097541550891351,0.6737953271697931,0.772985943680184,0.4697866968036763
2016-09-12,1.279079559145729,1.414665992812184,1.0491527934833045,1.0658044378849865,0.9761924047976872,0.517937833293837
2016-09-13,1.284382385844247,1.1754669145376857,0.9406916356461539,0.9650847025768932,0.9284350151907927,0.5544825800770267
2016-09-14,1.316224394904588,1.4300588766338178,1.1416765308176426,1.1306035945753645,1.0119373555831628,0.5725964158298648
2016-09-15,1.1359039677990137,1.317209183965953,1.1120482761902721,1.0954720037012742,1.0034182016647177,0.5903761344221155
2016-09-16,1.0863360525697756,1.1273641078227048,1.0182234700433859,1.0073642975245882,0.9689694261390314,0.5883555696318086
2016-09-19,0.970290924412221,1.131940024277731,1.0413865141788428,1.0189219458223242,0.9818079578039224,0.607488629080469
2016-09-20,0.855150666642976,1.0522573329748512,1.006727667058501,0.9860113870699706,0.9685514191852996,0.6155561798212202
2016-09-21,0.7637544798505371,0.9843615032386912,0.9698829368048371,0.9535938054058537,0.9545670031500266,0.6382398095169088
2016-09-22,0.8592017389440821,0.8284749682291384,0.8703449294361127,0.86938888195932,0.9110876180493985,0.6470154502494488
2016-09-23,0.8151636777037138,0.7322402986496325,0.8059349160521,0.8165520828927613,0.8807241318837652,0.6437243408498443
2016-09-26,0.7844941531654177,0.8283871649981164,0.8640027763098149,0.8645994169731605,0.9061318196978395,0.6494214341720067
2016-09-27,0.8168809285277647,0.9776290836259384,0.9551904037278769,0.941594062786322,0.9459386033220113,0.6323400378140486
2016-09-28,0.7823551296020897,0.8646002613455278,0.8876740277433355,0.8877684996502562,0.9216674347969275,0.6459692829566119
2016-09-29,0.7379639680925023,0.7758029882735515,0.8330499603926469,0.8401964089840906,0.8999590023973789,0.6615179130519223
2016-09-30,0.8101019264026877,0.9587981595947036,0.9406636773513894,0.9307991578875282,0.9569542237146254,0.6715371878472643
2016-10-03,0.8112997580920096,0.8314656985470072,0.8652572736516607,0.8681753126560429,0.9299300072096626,0.6646405434839328
2016-10-04,0.7495542522134241,0.8467249442731726,0.8758357768078749,0.8775707504868887,0.9450100442350624,0.6663742003758528
2016-10-05,0.736788766754555,0.9209065571371176,0.9220888927598145,0.9218354165619062,0.9782915967945364,0.6671680538132779
2016-10-06,0.7070586074990521,0.8320166928630781,0.8664206943643757,0.881990680993258,0.9666799257421029,0.6696604562252604
2016-10-07,0.6613911535335365,0.7894735027749563,0.8382732983201125,0.8643893876409218,0.9664317717419598,0.6809151005120115
2016-10-10,0.652156545843469,0.8324461709355121,0.8644126099809947,0.8928882643314175,0.9863328531927029,0.656121917804466
2016-10-11,0.6587162894687599,0.746067883356683,0.8129371389558095,0.8491907922602634,0.9644274326951587,0.6420090850429618
2016-10-12,0.8659311507825123,1.0356575752970445,0.9888708924438864,1.000135517554884,1.0526691977990497,0.6139507919664066
2016-10-13,0.7807777455772543,0.9630715872439158,0.9585468737366263,0.9692428612219393,1.0434248191476265,0.6372542225469032
2016-10-14,0.7351602968770357,0.9811739784740556,0.9807148481456975,0.9822728456364037,1.0578522263642887,0.6339496116120071
2016-10-17,0.6818857488687381,0.9231145914023412,0.9514348950765587,0.9516834013493684,1.0486854745729839,0.6305279501246478
2016-10-18,0.6669267261793854,0.950621864371819,0.9745729737120786,0.9666567834838312,1.0601680410906773,0.6376928215672583
2016-10-19,0.6858003168890304,0.8410437316802998,0.9081368164568056,0.9075126180797511,1.0304029515976985,0.6277595192523315
2016-10-20,0.6539168993898267,0.778051321177767,0.8657683117954172,0.8716450259993623,1.011870334345278,0.6112177237136555
2016-10-21,0.631395016487917,0.7877520697146632,0.8676436078671692,0.8775491530629036,1.01569086915248,0.6059495922466164
2016-10-24,0.606727311601107,0.7523190451373422,0.8399700098846986,0.861530081005941,1.0018524625731853,0.6112000914038659
2016-10-25,0.6146619386922226,0.6834601259027724,0.7910663156700799,0.8261405820180542,0.9764178540616273,0.6046322515034668
2016-10-26,0.6191403355906392,0.7368658074486039,0.8187493288356696,0.8598247296504974,0.9908031292359022,0.6139890874608731
2016-10-27,0.608115775984419,0.7541868298148685,0.7780561247028271,0.8215284231525392,0.9360643242571443,0.6023612343419983
2016-10-28,0.6067221873745556,0.7841366308888038,0.7988729342743107,0.8471235077467065,0.9452606643707268,0.597077522933858
2016-10-31,0.6089644548882973,0.8170895589761811,0.8228914047476431,0.875999942718918,0.9566857447558599,0.5789199930267824
2016-11-01,0.5687080034673219,0.71658738929418,0.8055717165228373,0.8578883781846148,0.9479688281188847,0.6126642394694025
2016-11-02,0.6539271228888794,0.856508060659167,0.9006605059907975,0.9388981790782529,0.998785656549862,0.6109475409799663
2016-11-03,0.6812921524245689,0.9438154802869853,0.9726275380490033,0.9951022341335307,1.0345319135001558,0.6095102003347564
2016-11-04,0.6751204378299482,0.9840351824594732,1.018062845617655,1.0316486372077402,1.052047900731673,0.6136829780039742
2016-11-07,0.6360990605675451,0.9416168823386776,1.0009584013931825,1.0205989150815655,1.0439922227732432,0.6340565274134987
2016-11-08,1.1494358448555202,0.7277941300383712,0.8581238049839487,0.8985624247972304,0.9762006871224224,0.6419214701361803
2016-11-09,1.0174630733030243,0.6597741945305654,0.8093200099555662,0.8527649197838739,0.9537369339198366,0.6842229858494207
2016-11-10,1.0089099986883134,0.5552297338427482,0.7423040040003117,0.7892593049763853,0.9203719129288613,0.7146275768111991
2016-11-11,0.8939400272301817,0.5203913383346346,0.7120325319506076,0.7586814583830171,0.9091977595269655,0.6895516799677484
2016-11-14,0.8075096383553356,0.5606441807846015,0.7306039747744453,0.7723894099893374,0.9249555212821625,0.6854897213311112
2016-11-15,0.732624755910139,0.5387340634912526,0.7040177766544364,0.7473551617240121,0.9154296156242835,0.6861549433961756
2016-11-16,0.756098575491298,0.4659646206602323,0.6527403875113525,0.6981627905095343,0.8902794620861083,0.6667955336115158
2016-11-17,0.7003886549143618,0.5014743242362745,0.6635036552293366,0.7056038020511662,0.9017021610208192,0.6653988590690633
2016-11-18,0.6874575338256671,0.4514303769697412,0.6242978611694864,0.66855851524082,0.8810968504401012,0.658942339870082
2016-11-21,0.6523341172942507,0.4970180255725149,0.6410358860234455,0.6846938413821594,0.8955202700108722,0.6548095997141493
2016-11-22,0.6980146385882289,0.4298252919834203,0.5931092376072863,0.642710070813436,0.8698389768883085,0.6519968249657697
2016-11-23,0.6541094669561974,0.4101082689093888,0.5680536040246638,0.6228735634347267,0.8570339727364423,0.6524770235603287
2016-11-25,0.6175181880153302,0.4032177285137124,0.5501867934036624,0.611328680455543,0.8480936445035139,0.6352880798116659
2016-11-28,0.6107034028342904,0.3718229901827551,0.499826233099494,0.562831052640737,0.7963885143114409,0.6338259303813657
2016-11-29,0.6286004852668666,0.492074021590424,0.5701329583784275,0.6301015573784235,0.8462127775147491,0.6220975338658968
2016-11-30,0.6034542849371153,0.4672409153488804,0.5484624858269901,0.6087841736788137,0.834762451668603,0.6298174557395146
2016-12-01,0.6012969446769602,0.5046547881400854,0.5770333102531353,0.6328585059649458,0.8559537129875392,0.6000337559140696
2016-12-02,0.6110657266003481,0.5823092919066878,0.626265493771969,0.6771071612482247,0.8873249704324337,0.5905345034493444
2016-12-05,0.5887532703212583,0.5619399175155656,0.6060356878809039,0.6610463087578851,0.8744475019889038,0.5933616014511831
2016-12-06,0.6254227614077807,0.4968967135334529,0.5671668731024748,0.6299829906818332,0.8497514064489949,0.5868672366542739
2016-12-07,0.611407390414738,0.4610778747391734,0.5412533025282436,0.6098617852499906,0.8318714765684293,0.5623969262545572
2016-12-08,0.8177771354244374,0.3520763236615645,0.48360717683149673,0.555824733521734,0.7897399111913173,0.5466483029951089
2016-12-09,0.7460260680116202,0.3330602208521089,0.4670451060275123,0.5406139810434262,0.7757281489674229,0.4567880476858421
2016-12-12,0.7316135712445853,0.2856079142597151,0.44060304135047906,0.513900619707583,0.7527117037636252,0.4062556502658294
2016-12-13,0.6799982321806076,0.3199191010211715,0.45649879263235466,0.5281564003837994,0.761260336864648,0.3950598647107662
2016-12-14,0.6972115420280549,0.2683716282102388,0.42593125769370127,0.49790728762387515,0.7364410699977002,0.4150170043545298
2016-12-15,0.7613154636559272,0.5428123355213276,0.5802911503435837,0.6467327519949116,0.839911400416745,0.425607674888154
2016-12-16,0.7175513464340472,0.4950196567133554,0.5536235002160566,0.6203210715500175,0.8206399804157921,0.4263945888409183
2016-12-19,0.6746065190560179,0.5317442727730265,0.5754062670406042,0.6407487202048538,0.834207355485181,0.4270624393169643
2016-12-20,0.6391648801613496,0.5013891888255941,0.5551813897456791,0.6208422439602448,0.8224893118357844,0.4262517728675652
2016-12-21,0.6279232321351109,0.4593743594238256,0.5301123981723059,0.5965629366615379,0.8057619621409369,0.4213082590607599
2016-12-22,0.6182790002420283,0.5195448649390817,0.5666825760053893,0.6323416512143057,0.8291220716517586,0.4174840083673746
2016-12-23,0.601965078596095,0.5485722646758502,0.582111488263869,0.6487521283317478,0.83835279325941,0.4118190690895524
2016-12-27,0.5841152785331256,0.5228979583619917,0.5629321649202722,0.6309601091902451,0.8251307004446948,0.4129192450050097
2016-12-28,0.5771049615337633,0.4907073660665295,0.5409607564738028,0.6081208707789042,0.8059763368555631,0.4177072514966403
2016-12-29,0.6895072820099523,0.6998384811630151,0.6822309276607313,0.7379787724100934,0.8913770044450033,0.4158514269796289
2016-12-30,0.6459369588273861,0.6772287000124166,0.6703470092112168,0.7233760514130362,0.8832923695150672,0.4204034917556503
2017-01-03,0.6325267148998832,0.7180619412159628,0.7138985277792945,0.7603155287796445,0.9073929164346843,0.4442860089898741
2017-01-04,0.681850719529239,0.6379518160753852,0.6621159336099746,0.7127996627787292,0.8797881816242495,0.4423068671303622
2017-01-05,0.6831891135343916,0.576952977126361,0.6209017934280645,0.6741045376117469,0.8567251369355572,0.4385252172578379
2017-01-06,0.641126431089266,0.5787114154640157,0.620044478379455,0.673061955749601,0.8564902845437005,0.4463168569901902
2017-01-09,0.6236236214555032,0.5387975367402854,0.5905572511148087,0.6463151572427994,0.8392757427323411,0.4314126434471599
2017-01-10,0.6186471205587106,0.5980760370824091,0.6315808278535422,0.6832871106615983,0.8634533877850691,0.4340185594571976
2017-01-11,0.5919184273859164,0.5818521793411654,0.6169568437735206,0.6701609749656379,0.8533191614118308,0.4447946652411076
2017-01-12,0.5820926467258153,0.546564145178662,0.5911580180310565,0.6475392821894882,0.8363549448390736,0.4653925565652421
2017-01-13,0.5809060467466779,0.5874894696293945,0.6191767298471046,0.6759947285333818,0.8534958204129762,0.4576960173967574
2017-01-17,0.5704973747964047,0.5551611254191222,0.5951838629481838,0.6557566484994889,0.8366755460568803,0.4356408801427589
2017-01-18,0.5852036257817508,0.6175993796070758,0.6398114780196504,0.6979076987410396,0.8638575556929072,0.4235559266320967
2017-01-19,0.5729832612712724,0.5828507485966112,0.616177449700144,0.6757301307080968,0.8492944166391295,0.4240995548716116
2017-01-20,0.5894127391631451,0.6461543756287595,0.664261751178453,0.7180250925378893,0.8755719003024119,0.4331093494009792
2017-01-23,0.5884265685366027,0.5988947117006285,0.6328841335342209,0.6874080775561054,0.8568957754526271,0.4420612522608254
2017-01-24,0.5862473490069036,0.6361196924060679,0.6596390360590851,0.7121869982434627,0.8717728861183169,0.4502237659472166
2017-01-25,0.6274466910400285,0.5723904872333738,0.6172426196772217,0.6734618662667683,0.8472073936886538,0.4574222078021624
2017-01-26,0.7008579026430865,0.5010321470315185,0.5689484016480302,0.6288648284315754,0.8184795115182514,0.4594048833195777
2017-01-27,0.6552092317906889,0.5153070823130803,0.5729350575088769,0.6346175859587005,0.8212689472146584,0.4587777165555071
2017-01-30,0.6247813665689889,0.5392272356125916,0.572009299770367,0.6318668931334326,0.8090023427791883,0.4736610399893607
2017-01-31,0.6670194596918767,0.6675139218714418,0.6665722256817148,0.7187310864467885,0.8666437176338361,0.4803512082458174
2017-02-01,0.6124676448060766,0.6133484719228752,0.6493946320749885,0.7028978040251445,0.855464886490173,0.4746938922506949
2017-02-02,0.5818966106467488,0.5892917533291369,0.6319301950049324,0.6846810761613236,0.8427855741694817,0.4482049458206933
2017-02-03,0.5596017777224437,0.5659232327044497,0.6145866492543965,0.6663862297280296,0.8296976458826106,0.4605438213401483
2017-02-06,0.6144027643648854,0.50811422703082,0.5722249130801382,0.6261422792052633,0.804007241425452,0.4558960132079317
2017-02-07,0.592167363628626,0.533535891610604,0.5889936660669846,0.6413274648588242,0.8155478565005654,0.4477236776141772
2017-02-08,0.5673657317227261,0.5203314645799985,0.575965615763791,0.6278226561386969,0.8104225791916586,0.4492674659878222
2017-02-09,0.5502775181037156,0.499232138673667,0.5575953789270347,0.6119805911014913,0.8007185030764898,0.4462211525655867
2017-02-10,0.5895276744043817,0.4526691075878472,0.5212912280434635,0.5789069720602126,0.7775611201289702,0.4397038548597585
2017-02-13,0.5859919161838943,0.4213555221009408,0.495792152551724,0.5542830370019196,0.7595372643593857,0.4156405221252404
2017-02-14,0.6047212971763043,0.3837118878944767,0.4643668978892447,0.5260457428996216,0.7367730797958364,0.4210717133424977
2017-02-15,0.5972767950414296,0.3571370838213076,0.4419434820661931,0.5039915010293041,0.7180973451164713,0.4159142232387902
2017-02-16,0.6088572048177477,0.3251983827233267,0.4157692352384218,0.47888645625622733,0.6968593828200557,0.4199049673412694
2017-02-17,0.5823268148188412,0.3459928520425724,0.4253606329938831,0.4891307669007568,0.7021586587010347,0.4191821135007451
2017-02-21,0.5619972847413369,0.3364183401355686,0.4149971629017505,0.47873518528379416,0.6955441478582874,0.4097131285383651
2017-02-22,0.5976121339965642,0.301592052409922,0.3866471461927052,0.45216591091642183,0.6744707432947863,0.4010389413128574
2017-02-23,0.5743102828029043,0.3246748032226647,0.3994936593223518,0.4656351936404131,0.6846227980531923,0.4034503711682806
2017-02-24,0.5541144845504106,0.3219940062566723,0.3948358493446649,0.4600975264411584,0.6811190178184211,0.4023591701066626
2017-02-27,0.5406417821825791,0.3157748003195903,0.3875094812348992,0.4520376482425575,0.6733635840594597,0.401826054621141
2017-02-28,0.5320678920491806,0.3080944867801912,0.3803655819058005,0.4428910637518185,0.6635502226972639,0.4051205576105792
2017-03-01,0.5195310960646472,0.2186241113576306,0.4114634392999241,0.47062857684756254,0.6759403993847557,0.4231501918365564
2017-03-02,0.7882707547117787,0.0973271250595482,0.34824348919422066,0.41000215254194805,0.6263572425830154,0.4168854324567337
2017-03-03,0.7768801671040121,0.1839633484722695,0.4605209666586081,0.5223565210522314,0.7074201298225564,0.4071966498992554
2017-03-06,0.7018101128208917,0.1867849709467936,0.45146903579407843,0.5157133455915514,0.7009468683929228,0.4134596924663498
2017-03-07,0.6637749833165342,0.2247520282806486,0.49519967083391114,0.5576887061263963,0.7272747581518939,0.4023618543016927
2017-03-08,0.6356753964795442,0.262749805450103,0.5372337188857411,0.5957739107975585,0.7525800119326439,0.4044928811756134
2017-03-09,0.6035117786270366,0.2897732201256503,0.5581356687031271,0.6119888219359653,0.7620076920115353,0.410312447712483
2017-03-10,0.5697468999136235,0.2851194179956369,0.5423850209932195,0.5939935509686882,0.7501164494486524,0.4301538977798175
2017-03-13,0.5595089690337434,0.2521675326338393,0.5170452316091289,0.568543601223412,0.7344302846694397,0.4243038655885109
2017-03-14,0.5362838729385899,0.2574054338176357,0.505185494580169,0.5563801022184849,0.7290251663491066,0.4285877724978758
2017-03-15,0.5568258336925658,0.3039066095245027,0.5587624451780051,0.6085547823742931,0.7646748218902054,0.4408905150495276
2017-03-16,0.6463724229305249,0.215599856234776,0.5088005009570262,0.5642676444004256,0.7376168081303243,0.4381654606581776
2017-03-17,0.612407174876245,0.2434154588423265,0.5302154871474308,0.5866953430399483,0.7512570341418823,0.4340511154137366
2017-03-20,0.5854423352448492,0.26936146905208,0.5470463230152511,0.6041250099839289,0.7603971248241742,0.4292048284853348
2017-03-21,0.5607560950337959,0.2892739426395211,0.5554026493053071,0.608887479704161,0.7639089159717025,0.4551603434045874
2017-03-22,0.8153669195337333,0.4404455728215031,0.7819753967890402,0.8091700078333147,0.8856617640504665,0.4613512610405031
2017-03-23,0.7362691555797809,0.4224733714799507,0.7475210740372076,0.7739553806703126,0.8679645933302299,0.4703551003735315
2017-03-24,0.674454975143352,0.4430555108019246,0.7424648198424249,0.7664319772146094,0.8571467720374799,0.4743202959427299
2017-03-27,0.6255120226912687,0.4606517179162501,0.7305580391167736,0.7568480251058078,0.8436119896739334,0.5149892784517007
2017-03-28,0.590084153598396,0.4810270367939915,0.7220123952004447,0.7515049723455333,0.8337350093288348,0.5307340006451411
2017-03-29,0.6351959082701177,0.403381559411608,0.6653637663387222,0.7017852309888307,0.7988809945538905,0.5307329421904495
2017-03-30,0.5929695854147842,0.4040500143967646,0.6515004360260112,0.6927054608926672,0.7887371100290999,0.4967577915037022
2017-03-31,0.5731519832751945,0.3753230306331269,0.620824303658631,0.6639608005519299,0.7661436092631387,0.4954740969140395
2017-04-03,0.5662132280029809,0.6024012678207983,0.642750382477197,0.6830739158627614,0.7720647738875152,0.5132633374999589
2017-04-04,0.5530854787625799,0.6168044118292744,0.6523149727012534,0.6934756657315364,0.7731477673679369,0.5057115372959761
2017-04-05,0.5338529716672021,0.5925866667547965,0.634687022514009,0.6792959348918056,0.7594290300856664,0.5318059000474216
2017-04-06,0.5429104369095146,0.6309097490460678,0.6652324540812591,0.7100559290427637,0.7722836954353703,0.534372288759067
2017-04-07,0.5354526018085374,0.5939297647782714,0.6350693426338548,0.6859897330481446,0.7524541224951887,0.5327282471452497
2017-04-10,0.5256830689635865,0.59609629893927,0.6375338261164225,0.6873107796103873,0.7494189792344611,0.5207426896146315
2017-04-11,0.5138079411153753,0.5739214811495653,0.6236562511315744,0.6712249493760977,0.7378008519926395,0.5389926276747773
2017-04-12,0.5112051237278432,0.5809320654343959,0.6317216889554965,0.6761692994020931,0.73817332343434,0.5349990741008879
2017-04-13,0.548994669368876,0.6478750658462555,0.6894229674228683,0.7247442533872127,0.763438334838264,0.5342179576103058
2017-04-17,0.6161984934364237,0.7503059575298848,0.7745092509441728,0.8007821407588364,0.8019407674874991,0.5399141448343615
2017-04-18,0.6851311141778066,0.6714650836974639,0.7069872148793745,0.7361824780099671,0.7690921924444779,0.5479442470592542
2017-04-19,0.6525963568892853,0.7021761531545512,0.7337937919892424,0.7531253269780845,0.7866570705723243,0.5571251858634186
2017-04-20,0.6177346619585852,0.7087911360521338,0.7408651475903133,0.7540058544539447,0.7924161045724015,0.5458106897228465
2017-04-21,0.6699538723162337,0.637503279626771,0.6813861601168727,0.6961224317376211,0.7624048873351276,0.5419800360919172
2017-04-24,0.6435643238680794,0.6754528751984034,0.7076872168934352,0.7183606499801007,0.7748824379827272,0.6250062324332513
2017-04-25,0.7552623154917686,0.5932344237779807,0.6307175037469178,0.6516460572888986,0.7397996675037615,0.6188758345676655
2017-04-26,0.7251497178345218,0.5440162532399819,0.5835609902789477,0.6097115002087503,0.7167271137137614,0.5842537200819916
2017-04-27,0.6663643783312007,0.5435539197698162,0.5770713328523165,0.6046764027668031,0.7150476080146264,0.5715389901264954
2017-04-28,0.6190557855572596,0.524513278455901,0.558252889539161,0.5886600759226993,0.7060280584924802,0.5691638082911026
2017-05-01,0.5882529205652138,0.5015661281347075,0.5656934338650459,0.5968625749378419,0.7105147421633999,0.5693948507244415
2017-05-02,0.5638385703007378,0.4860839686117735,0.5375669871196093,0.5719045892037105,0.6975177835457836,0.5672974322185075
2017-05-03,0.5390540450522864,0.5008787483495833,0.5215043341572193,0.5573751889875465,0.6891829898446843,0.5546124323520139
2017-05-04,0.5265703475006519,0.5260933525940159,0.5269586207529632,0.5626467098670036,0.6923222834418727,0.5571740870206131
2017-05-05,0.512072006180354,0.5308658850334386,0.5087645625942625,0.5463168527225692,0.6805137752063142,0.5317644010187911
2017-05-08,0.522240518153866,0.4957812026536106,0.47850338388986874,0.5199126264814108,0.6621444200732859,0.5257059667268642
2017-05-09,0.5092752001008477,0.5141973306212677,0.470602090979166,0.513959689365089,0.6575991982893268,0.5222120661229678
2017-05-10,0.5030980943114828,0.5377331683718614,0.4749851884923257,0.5184270916179878,0.6601011153518641,0.5158525733749105
2017-05-11,0.4971735150694369,0.5334367779252032,0.45730743028738235,0.5062445883828832,0.6491315484212221,0.5113109989128243
2017-05-12,0.5034610876271417,0.5645591229030491,0.48134978382625687,0.5304989986029923,0.6639987522531559,0.5114047380992112
2017-05-15,0.5044010711560265,0.5937769812245192,0.49851750376766213,0.5458636176638295,0.6723917870023415,0.499225498194465
2017-05-16,0.5410410145197846,0.5377659718152413,0.4629925589334435,0.5113971854928555,0.648245042746646,0.4923162071991938
2017-05-17,0.5262015097620328,0.5616864315688124,0.47420474123024914,0.5189669824870615,0.6499341784033015,0.5066811161993259
2017-05-18,0.9633538614186172,0.7053647116330245,0.8186923103543785,0.8221750364855442,0.8227739931206558,0.5128914220533144
2017-05-19,0.8653179316050812,0.671275072147838,0.7692206537901609,0.7803287789103704,0.7987778908612735,0.5073670725388015
2017-05-22,0.8160235927217506,0.6028315196060117,0.7090594709337104,0.7298999575425384,0.7703221720981762,0.5052147123795284
2017-05-23,0.7602619395871762,0.55295350532519,0.6629103032174204,0.6892404889836433,0.74721449433158,0.3853553911052192
2017-05-24,0.6936807379171893,0.5427754086407977,0.6342484462898201,0.6653307961361776,0.7315297236699051,0.3778252308989426
2017-05-25,0.6426104213548337,0.53068439724846,0.6069195301230349,0.6409488331111497,0.715881085042368,0.3731342467863355
2017-05-26,0.6265650463052904,0.4840436425277944,0.5680710463657265,0.6054535910512958,0.6933716900809788,0.3703599262986288
2017-05-30,0.5873228041825734,0.5025022145498477,0.5600864069552947,0.5965271333581301,0.689082449281805,0.3727449255590309
2017-05-31,0.5602348405274175,0.525523439096434,0.5643104356361625,0.5983867837732401,0.6893904818303281,0.3762006841619936
2017-06-01,0.5339149222335212,0.4928000545852719,0.5581926051059504,0.5924593492153623,0.6865458574502245,0.3835187240439813
2017-06-02,0.6119383974297028,0.4154309098826154,0.5043592332714882,0.5436777028296861,0.6576064395914358,0.380353723495527
2017-06-05,0.5871407396118412,0.3912111162962205,0.4783049149508073,0.5204592359003765,0.6431545110433662,0.3733260088615397
2017-06-06,0.5586516897242632,0.4090107225724408,0.4841222174224243,0.526573660815675,0.6468569037879907,0.3785647636292586
2017-06-07,0.5603859652934284,0.4401971313744192,0.5263314044683663,0.5639794526920189,0.6736453259029873,0.3822813899403672
2017-06-08,0.5389069404784507,0.4351121225638613,0.5082784339407109,0.5453398637169034,0.6652909755478666,0.3829384532458201
2017-06-09,0.5201602307204731,0.4473251401716285,0.49972303394016837,0.5352492245837861,0.6612349219972243,0.4196281483886046
2017-06-12,0.5150283103651552,0.4702027017416288,0.5165041625271685,0.5493202958292631,0.67266539228505,0.4078160596822716
2017-06-13,0.5040419018327649,0.4866148662412358,0.512977395790534,0.5459150438195037,0.6720128890078199,0.4078643198696415
2017-06-14,0.5310562001603799,0.4443542969352468,0.4761319271311937,0.5134491829869319,0.6511265144137549,0.4182483876171183
2017-06-15,0.5209112310418884,0.4658676175448755,0.4882559293272077,0.5263474663260244,0.6579554556575032,0.44683317485705
2017-06-16,0.5191465177654734,0.4911948114809537,0.5100944035090896,0.5461472688652352,0.6698043745511548,0.4262240279636017
2017-06-19,0.5060703526808521,0.5057658073391343,0.5021492992402016,0.5389425347709063,0.664732689202571,0.4111539522428798
2017-06-20,0.6043355193828538,0.4243060570301621,0.4469443269226561,0.4876685205672762,0.6316459281100969,0.4023189207245866
2017-06-21,0.6558240628073939,0.4752935675277762,0.5479358326870379,0.5800860086068641,0.6882945203642401,0.4063794352913039
2017-06-22,0.6082815232221285,0.4920056051186313,0.5426716357408321,0.5758412338885348,0.6839765181017671,0.4073042199850169
2017-06-23,0.5731782620531689,0.5100566708061093,0.5401815034558146,0.575123195409078,0.6813329359740904,0.4086388792549851
2017-06-26,0.5460011645250469,0.5147438097224231,0.524282475276673,0.5626894197457794,0.672073174743394,0.4144374351574016
2017-06-27,0.5253382772060615,0.5266706103857377,0.513433233674814,0.5526683742616332,0.6653318873956693,0.4233298701583263
2017-06-28,0.639898197719723,0.5862651115987515,0.6330967118478728,0.6603476562270318,0.7293138089429865,0.4357814480127056
2017-06-29,0.7019880682108882,0.4979260321444513,0.5647744533195571,0.6006831344526852,0.6912037529806825,0.4752136248583702
2017-06-30,0.767018130392941,0.561345459015764,0.6939095233555405,0.716383929608913,0.7610719804649841,0.4767218254376513
2017-07-03,0.6897947851403899,0.6637521766902754,0.6650334076414284,0.6916209911449918,0.7509992366619895,0.4834775244918842
2017-07-05,0.6339452107104611,0.6323289358667268,0.6388126572570507,0.6703082890849924,0.7414495774518722,0.4894393502797337
2017-07-06,0.5941888171947008,0.6002069219571847,0.6126051018530255,0.6453915617346705,0.7313297859065089,0.4966864709802579
2017-07-07,0.7073277751758914,0.7460358890711583,0.7471933298995689,0.761348027976565,0.8029665643834517,0.502791910559109
2017-07-10,0.6968158758206222,0.6853705783176465,0.6904531566379993,0.7095379316999872,0.7802439329039847,0.5024938764588048
2017-07-11,0.6377769594979007,0.6553732026271512,0.6656000043689028,0.6846872369572752,0.7730023753951561,0.4850633574051881
2017-07-12,0.5948424789728891,0.6473444692569609,0.6583566917131864,0.676466709937066,0.7758265991766229,0.4866163731589749
2017-07-13,0.6385983128604558,0.5893569857272611,0.6017240733343527,0.6265646779379633,0.7585030421811932,0.4843568389049859
2017-07-14,0.5947112622025394,0.5633931987798043,0.5760410179002929,0.6031143559668704,0.7562499713573294,0.4812250851410155
2017-07-17,0.588214498662326,0.5247712883533121,0.5377914507502018,0.5685780067085169,0.7389168670321756,0.4536997040262587
2017-07-18,0.5553299438889723,0.5163186484438577,0.5275632197638511,0.5588789899911409,0.735872262612467,0.4536267648884313
2017-07-19,0.5299551101313144,0.5010072869627817,0.5138513376403951,0.5461331963483589,0.7297232562884047,0.4471142734697761
2017-07-20,0.5546306392805864,0.46294031516286,0.4749355110225734,0.5119924172462896,0.7118245735460175,0.4453993986448322
2017-07-21,0.5294598522034057,0.4514424158576643,0.46456091998005417,0.5035660526121559,0.7083868612988184,0.4476528837696619
2017-07-24,0.5149354021041768,0.4599981737590985,0.4701291036889041,0.5104800232568315,0.7134114292863716,0.4472326967642654
2017-07-25,0.5015286213501489,0.4576291490774785,0.4659627809471876,0.5107428977617353,0.7087710863531805,0.4479501390488083
2017-07-26,0.4974822374906338,0.4366120934346776,0.44615606682433323,0.4952112927245317,0.6929873165874214,0.4387182690523816
2017-07-27,0.4881405674970943,0.4311925211849232,0.44057024818079815,0.4923404575821365,0.6870485340770977,0.4549798486516357
2017-07-28,0.4854153136094127,0.4416538474241855,0.44987432698315993,0.5037614685561381,0.6902201344841068,0.4473628907850217
2017-07-31,0.4850797584942305,0.4554444810347158,0.4566556720108042,0.5111692286682761,0.6858152978517821,0.39994613605313
2017-09-01,0.579587647927792,0.4811192972535442,0.5959140779309607,0.614560671310823,0.7033528967295408,0.4863336752393441
2017-09-05,0.547478509449523,0.474713565241543,0.5742874605212208,0.5959473805477895,0.6995108284906322,0.5070273098824014
2017-09-06,0.6234389622148291,0.5502586224256781,0.6690360759413068,0.6789957559233969,0.7593580997448289,0.5145219642616555
2017-09-07,0.5930617569887868,0.5144470551621064,0.6308164784317127,0.6469777018275992,0.7494840708800092,0.4989528409322587
2017-09-08,0.557162708134207,0.5334821527269182,0.6177264128164455,0.6346362268305048,0.7512540674319484,0.492181501630856
2017-09-11,0.53463928603363,0.5611000007972136,0.6191904400776608,0.635726214669765,0.7607926652194542,0.487286040224165
2017-09-12,0.6768092093082679,0.4280838212608127,0.5449777053543873,0.5720204794539799,0.7299998024074575,0.4839010456074586
2017-09-13,0.6330584755027091,0.3910804683638244,0.5150350382852373,0.546798557234256,0.7215984006428876,0.4662551553874979
2017-09-14,0.5869944620771108,0.397661512610257,0.5022868159922724,0.5366733277573424,0.7231827056069496,0.4665158694943037
2017-09-15,0.5530916316249308,0.4159687204433939,0.49776095870156206,0.533697596566499,0.7292572465170131,0.4621778523315143
2017-09-18,0.5273529064416412,0.4092977213514124,0.4819961667218622,0.5195684719143421,0.7241386927400163,0.4379044221562013
2017-09-19,0.5116945891950023,0.3904278646480871,0.4636493363721959,0.5028724148249155,0.7167125288989564,0.4207592707828337
2017-09-20,0.4958008265328306,0.3886291994034695,0.45219358036290064,0.4936528738662575,0.7129907116310773,0.4217471987063089
2017-09-21,0.4838051006704872,0.397100256068199,0.44550804842563696,0.4888016243951664,0.7126311728138341,0.4116596354459799
2017-09-22,0.4957669599046687,0.4339395263726677,0.4808431821199952,0.5236153952069139,0.7401224226598436,0.3970777031106688
2017-09-25,0.4839509395433764,0.4460485924560721,0.4758640169471315,0.5214747839424031,0.7411518378331295,0.4015859598078842
2017-09-26,0.4885970046674181,0.4788379278959111,0.50185202634307,0.548269238196273,0.7631589360646568,0.3922884093784788
2017-09-27,0.4784814607237029,0.485331288326049,0.4934043143200712,0.5440895953434821,0.7604009096107549,0.4020216905009842
2017-09-28,0.4934414655481184,0.4415727473344226,0.4476391548263945,0.5040135048240187,0.7233963927816704,0.3649465698399415
2017-09-29,0.482856618585745,0.4377565566116422,0.43889929673231953,0.49870138571650463,0.7163305881257584,0.3591932504651258
2017-10-02,0.4788604698977655,0.3453268689738439,0.41749888858003714,0.48001274523749865,0.6979672314412626,0.3438637452037286
2017-10-03,0.4960523279754489,0.3235649642982429,0.3929103162759347,0.45680583481622805,0.6760901842041103,0.3410908623971134
2017-10-04,0.4851930886458026,0.3095549614561109,0.38369383423555553,0.4487039038370613,0.6643281980477106,0.3081414713600566
2017-10-05,0.4730251742437358,0.2992159373913224,0.38019390634253214,0.44658783426980014,0.6559218977621567,0.3021814842647559
2017-10-06,0.5196245921654353,0.275710134280183,0.3483658022997766,0.4159641504812744,0.62522658244196,0.3045216659850203
2017-10-09,0.5035696138040935,0.2971134475906368,0.3698138864546067,0.43890156333973923,0.6361201385011761,0.303752498066262
2017-10-10,0.4957336036717502,0.3270435358346543,0.4001232145026335,0.46712523091313674,0.6530654530517905,0.2889618089609064
2017-10-11,0.4885572983972825,0.3113559911323701,0.3887682883012618,0.454191208337508,0.6408812327600059,0.2883486114891718
2017-10-12,0.4767571608295484,0.2997654680318189,0.3844869977842774,0.44790373607132034,0.635475070523488,0.2886870170658922
2017-10-13,0.474930222978105,0.3263653716205366,0.41191976751159176,0.47334130625057,0.6500270371540977,0.2878238531459852
2017-10-16,0.4655798750223683,0.3149186557583534,0.40777155872602394,0.4689364612399428,0.6435673770059818,0.2882130536074331
2017-10-17,0.4591022330853488,0.3038204045492599,0.40292501785182944,0.46467951286389797,0.6382986003665353,0.284737800344631
2017-10-18,0.4532134293667344,0.2952618302815633,0.4018806068917672,0.4648364068538307,0.6397354549225676,0.2854983510990673
2017-10-19,0.4492567953567745,0.2863828674800972,0.3995350972497366,0.46243102473648534,0.630021284386628,0.2909341505066184
2017-10-20,0.4462512855557498,0.2812259631170394,0.40153688429539114,0.4658439884697444,0.6245607524912901,0.3081782680654481
2017-10-23,0.487542160580048,0.2609211600491957,0.37327145970082115,0.43595500350061794,0.5973337296132958,0.3109828584849293
2017-10-24,0.5135004797295364,0.3420109928096096,0.4365818371232499,0.4944207173866144,0.6309596596289426,0.3001846101087901
2017-10-25,0.4959850831772945,0.327994085577257,0.4280741537786169,0.48353330802884514,0.6188752257179795,0.328194055422744
2017-10-26,0.5389077269658662,0.4258616577176047,0.5059119460677708,0.5528636204807047,0.658584347793911,0.314819187672995
2017-10-27,0.513284547194351,0.4076419180597062,0.47315022629463926,0.518937784399059,0.631629844469087,0.3364090591262841
2017-10-30,0.5955069509798586,0.370915945865067,0.42287484745853116,0.46969258600519087,0.6017144163751122,0.3605325607743864
2017-10-31,0.587100207913884,0.4371104103997562,0.47771298779737537,0.5186999749391663,0.634918547679141,0.3604836463974356
2017-11-01,0.5384856728862375,0.411949444929888,0.46520632729885564,0.5063615439234582,0.6280575588306974,0.371887667754185
2017-11-02,0.5091890048184142,0.3947622136743116,0.45357061317316627,0.49638193210997617,0.6170919653498091,0.3832078554536745
2017-11-03,0.4859531942697961,0.3817395752791645,0.44715132007119157,0.49334562944787064,0.6090288176070089,0.382464714987317
2017-11-06,0.4833559042708922,0.3604640917498723,0.4235247870771549,0.47158204064145715,0.589590333773708,0.3788676950403634
2017-11-07,0.4680828154111576,0.346134548469671,0.412284916023414,0.4605376978884206,0.5783607740609041,0.3804586782096248
2017-11-08,0.4585703734843809,0.3559289608144159,0.42122872756312674,0.4696806159013496,0.5778646118190204,0.3767020112192953
2017-11-09,0.4502839060925627,0.3414250694578934,0.41087060153211286,0.46220985521745916,0.5641691224287732,0.4153347813045344
2017-11-10,0.4800865473687805,0.4105217174013371,0.4635295089848023,0.5081990758120063,0.5891499835589956,0.4170061153703256
2017-11-13,0.4656717821412372,0.408713660968774,0.46392727270803674,0.5055173082552543,0.5843031335400991,0.4229560562045774
2017-11-14,0.4532511670124733,0.3929753068509595,0.4557924679288751,0.49318560360080205,0.5754647669093239,0.4354808771878052
2017-11-15,0.4625759461977354,0.4304290131622147,0.4908112758473741,0.5168692192782062,0.5895868244118021,0.4518310269285501
2017-11-16,0.5151858204768606,0.520186487157092,0.5565668306597623,0.575344067141747,0.6222508395854159,0.4665231069438637
2017-11-17,0.6006795272811304,0.4732716315344545,0.49612684492788417,0.5217298122085491,0.5896332967165556,0.457150430789872
2017-11-20,0.5784607002888218,0.515921502168927,0.529468809271007,0.5540458477542318,0.6046864803924631,0.4454368310910157
2017-11-21,0.5413088573201054,0.4896912612274702,0.5075152929695015,0.5394374192397642,0.5909683508352951,0.4599567145076083
2017-11-22,0.5732409655494668,0.4509227658099827,0.4610534496563042,0.5005997535629347,0.5639660994309581,0.4586136111649322
2017-11-24,0.5392697366727398,0.4564626415802687,0.46583766734750087,0.5084177164287843,0.56389097143309,0.4380657055571471
2017-11-27,0.5142774566045029,0.4329728795619753,0.4466561533975305,0.4879493254617091,0.5499636567688638,0.434938126828065
2017-11-28,0.4922252830151708,0.432894482673514,0.44033640184922973,0.4767759877345634,0.5431161000924433,0.4247767757510074
2017-11-29,0.6318262742999441,0.3878794067425737,0.38203076259741414,0.41810971658075546,0.50807490877156,0.408590441836122
2017-11-30,0.5835842565148595,0.3931281471276677,0.3901562708352663,0.42181573878603046,0.5115031734982496,0.4334002091248245
2017-12-01,0.6445776279162632,0.332199530868118,0.3378363501349923,0.3718952571602655,0.4786921815621268,0.5175410766280787
2017-12-04,0.6025244229249166,0.3688702409655968,0.3665846245199702,0.3969200594752449,0.4957357106611088,0.5428077929770048
2017-12-05,0.5630201441939658,0.3866418812789088,0.37993208792181793,0.4085719015431405,0.5038184772709825,0.5650200932045985
2017-12-06,0.5585104701522934,0.4490114553154363,0.4298714351266366,0.45268135248422925,0.5322879232718711,0.5660222221013032
2017-12-07,0.5228113515433229,0.4366239136397586,0.4204066825533129,0.4451720708057912,0.5283468453465254,0.5729034585575367
2017-12-08,0.5067786061911171,0.4119583670539334,0.39429067101272997,0.4238301354005135,0.5167615556565089,0.5841498479823383
2017-12-11,0.5265185732379769,0.3814026108292445,0.3587963069541117,0.39277644765496256,0.5001021421518872,0.5621128954850952
2017-12-12,0.5082792121017464,0.3608954241812316,0.33753931030102224,0.3734258861800447,0.4908284275668703,0.563273138152223
2017-12-13,0.4859901609872242,0.3458860549281161,0.324422970085414,0.3606544137830599,0.48759647514435844,0.5587506542479219
2017-12-14,0.4677371799987225,0.3456063803224882,0.32355808225942656,0.3582227222783148,0.48977622940278476,0.5510829103945023
2017-12-15,0.4988775004101362,0.4220390647024368,0.3869057723346663,0.41537770324264234,0.530732796688445,0.5453800877598926
2017-12-18,0.5834877412812731,0.3815706630911384,0.3390134219368377,0.3706432974511287,0.5017830809347334,0.5399189975226905
2017-12-19,0.5968453731528757,0.3501398549378837,0.303566459161006,0.33696912283130104,0.4778320053357791,0.5401622414265139
2017-12-20,0.5871509812495019,0.4209314524327495,0.36304760705839956,0.3933442806839089,0.5158655832200462,0.5442810379578311
2017-12-21,0.5473281148879726,0.4228038284982164,0.3644828339041895,0.39555296939270956,0.5166826831498212,0.5313165093416407
2017-12-22,0.5174017416563249,0.4027410153574277,0.3474743820508573,0.38144622542910706,0.5063556097356626,0.5345914254601696
2017-12-26,0.4922092200907742,0.4013063249023131,0.34536054824211065,0.37937107898902295,0.5063549372860416,0.5391070723415482
2017-12-27,0.4782836640822818,0.4165299540059,0.3589109649018281,0.39149930790350695,0.5139733998380503,0.5394375511680195
2017-12-28,0.4607165744399776,0.4022193738176018,0.3525460016912114,0.38554670122339163,0.5126093819342994,0.5327161946150892
2017-12-29,0.4516374828341393,0.3835481523171707,0.33787996816507687,0.3715621485495774,0.5030373725548776,0.531205165147875
2018-01-02,0.4752728303703989,0.432207639257526,0.3930673551796132,0.4238703636082812,0.5370832720854009,0.5156213414958059
2018-01-03,0.5381245763036706,0.3946777383165695,0.34875164276785703,0.38485585153858276,0.5081829924991292,0.4275568800070143
2018-01-04,0.5627508744890708,0.3623703099645269,0.3105385037046177,0.35146900849607604,0.48423792450902287,0.390019718552245
2018-01-05,0.5468358662113478,0.3391204531546771,0.28548818697039685,0.3293898306088655,0.47198680054757175,0.3609225292339614
2018-01-08,0.57551129682657,0.309184493895798,0.24890068130006635,0.2961193797113325,0.4408288985439852,0.3654214242281557
2018-01-09,0.5365762578542542,0.2972192614506543,0.2405412071366851,0.2885075960489407,0.4300868124456072,0.353609014844275
2018-01-10,0.5085049260019713,0.2844256087225835,0.23070523052718353,0.27744057212042106,0.4183087996649531,0.3567695424848723
2018-01-11,0.4915457153823833,0.3134263578861791,0.25763781462741986,0.3032761110581872,0.43443377392364857,0.3527584282290509
2018-01-12,0.5518866313748018,0.2829610549517438,0.22102853362869038,0.26358547145872036,0.4012755950631689,0.3549810954804543
2018-01-16,0.5761581715087821,0.2567255729549855,0.1874284737898213,0.22720309131253813,0.369636617107321,0.3993246261706864
2018-01-17,0.5643296980528193,0.3263317914042404,0.2475647194626822,0.286677793019976,0.4142054736045443,0.4220484065469418
2018-01-18,0.6536866751333219,0.2879779047345149,0.19794642640987128,0.23675945079743443,0.3727593518955636,0.4198317909492943
2018-01-19,0.6052580495474483,0.319610676676626,0.2267523727305903,0.2663056473173206,0.3932622891280267,0.4144663269306181
2018-01-22,0.5832139190620685,0.2978053017138785,0.20289830302441136,0.24257688748789769,0.37277066412234194,0.4207387270671487
2018-01-23,0.631866445406976,0.2655599383335298,0.162963506819199,0.20239319235823697,0.33682222659160366,0.4173724105601753
2018-01-24,0.5823745343218343,0.2549498964455534,0.15455273607237768,0.19369918365444191,0.3273025816780824,0.4386592015633554
2018-01-25,0.5415689492790636,0.2647204160262649,0.16457436651704793,0.2036465024874232,0.33438477736361805,0.4467028011327827
2018-01-26,0.5076416880124155,0.2600875968797133,0.16552764913958337,0.2042988561336712,0.3337427532997793,0.4481233009105893
2018-01-29,0.6784998275765165,0.2193092490307951,0.11333670984152552,0.1480835489480757,0.28083636272659046,0.4628908092072409
2018-01-30,0.6957657405055624,0.3770220699840923,0.3941985503456465,0.4446436971730392,0.5069440969365722,0.5348935120557543
2018-01-31,0.7948274740027454,0.5960125148938163,0.5987903081374176,0.627275989506367,0.605375779867925,0.5495642394055684
2018-02-01,0.7108873585345177,0.6822433411929318,0.570737484120704,0.5969011141267121,0.5887389539244524,0.5651606719235821
2018-02-02,0.6486784857855482,0.6616795505605998,0.5702887155791362,0.5917245507589098,0.583663698921764,0.5990874027106119
2018-02-05,1.158616305897366,1.2498754034536286,1.0160671560060615,0.9468952280587586,0.7427524778405116,0.813591951165384
2018-02-06,2.154616935837752,2.307542890486828,1.9229345585750879,1.6199402392536018,0.9803321188407896,0.9819683188987856
2018-02-07,2.0311726535782104,2.0117988737204904,1.68270955858433,1.443380478872595,0.9241719864603024,1.0290810816639495
2018-02-08,1.773801039681628,1.8611210928524424,1.6285247169982864,1.3947224213541836,0.9082221074486854,1.0872374565597285
2018-02-09,2.2932974677439404,2.517009556299513,2.182794782588614,1.7822384307758212,1.03200529900563,1.2978900114112613
2018-02-12,2.071019846869481,2.177217165101184,1.9161285878086876,1.594017256207135,0.9773988972658061,1.3415250412756268
2018-02-13,1.886478304254438,1.899952262349991,1.6871826171574695,1.4291090163409443,0.9274630552682088,1.3536250791518236
2018-02-14,1.6317183625919751,1.6589939151954942,1.513911627141069,1.3035165218567148,0.8873206941333819,1.3635682817361183
2018-02-15,1.518130458647799,1.4716775869591072,1.3400871407023769,1.1757009941983163,0.8438321305068779,1.3911486211786066
2018-02-16,1.4169467193973682,1.3148507150997346,1.191154611750965,1.0640183435829562,0.8055526255629609,1.4022396359987932
2018-02-20,1.2320267264980074,1.1738056453110062,1.0784409323181405,0.9783564963527582,0.7729753215285974,1.4120379253494015
2018-02-21,1.1190235219144418,1.1866375982910384,1.0945321978146247,0.9907116727440762,0.7796325480672751,1.4362631177419467
2018-02-22,1.0126571286730448,1.1701753755595143,1.0848861945085366,0.9839066661870893,0.7811460662508022,1.4502011435412845
2018-02-23,0.8925150410537159,1.048542681753303,0.983940254458806,0.9081810761098297,0.7536160528839057,1.4553051924549147
2018-02-26,1.0304270345782056,0.9618139286921544,0.8782981430374345,0.8246374146767528,0.7193912695086891,1.460514359472299
2018-02-27,1.0225155491406694,0.8829442889717836,0.7907217884480907,0.7543014992833723,0.6896266350906302,1.4684635067971223
2018-02-28,1.0722709885626391,1.0959089726435964,0.9796650359345414,0.9039507088045962,0.7612097417861695,1.4784697236198134
2018-03-01,1.0811916717708976,1.200574759867349,1.14724052078338,1.0391349557944414,0.8600205549169087,1.4923175743299442
2018-03-02,1.18773228898009,1.4226043682754612,1.3369948496385453,1.184922732950577,0.9305554784821217,1.5106998440136676
2018-03-05,1.0422515983600342,1.2562343138327103,1.1924824710646176,1.0758844971950061,0.8906615023888128,1.5218814067690982
2018-03-06,1.0363509433352096,1.126665131734323,1.070386050535311,0.9830121616483343,0.8515779895621388,1.5162364637115882
2018-03-07,0.9013585875630058,1.0064706143980682,0.9660991608290794,0.9043661437290884,0.8162853921282581,1.4286956839382083
2018-03-08,0.7897826667285481,0.9202018426799106,0.883565291233039,0.8411555526623214,0.7888095810591629,1.3210928746329786
2018-03-09,0.7244142142328048,0.8355007969880712,0.8024427360001427,0.7779239814150755,0.758707626235492,1.2926709248159345
2018-03-12,1.0159807067218771,0.7806028356804776,0.7331763946775381,0.7223792940343816,0.7297815970337306,1.2463898585308226
2018-03-13,0.88616239553603,0.7478033658087555,0.6995708041633194,0.696378356441307,0.713512736321962,1.0386553516332842
2018-03-14,0.8490297454329617,0.8449574126744267,0.7763386193231969,0.7598399984541168,0.7438921706875223,0.993989856051212
2018-03-15,0.7971469125570544,0.8918951937507182,0.8141771431062524,0.7906249139747524,0.756630357531582,0.980253148563549
2018-03-16,0.7097390189870716,0.8387700761162011,0.7681910473232926,0.7574715963189039,0.7341665219158453,0.9507646612184888
2018-03-19,0.6348994543348381,0.7611675347613964,0.7097124504471282,0.712136262341139,0.7048930452717379,0.943591750962008
2018-03-20,0.8949377533620834,1.0613608854172718,0.958059363436378,0.9218890700337116,0.7999225842077102,0.9265055123406412
2018-03-21,0.7839652971416652,0.950517456216764,0.8734818762195278,0.8560374117547075,0.7647181663664547,0.9296253150710876
2018-03-22,0.7054030844055427,0.9063338581387812,0.8427135891134329,0.8305819496922664,0.7474349469083855,0.9428204633840273
2018-03-23,1.392440779993555,1.5708897643584372,1.3963901531317964,1.2707449207751775,0.9263227107514035,0.9504269501235656
2018-03-26,1.594773622501666,1.8928508146520804,1.7076021383393702,1.5170624080752237,1.0083429831025819,1.042252538864486
2018-03-27,1.843375165886819,1.6701489425080738,1.5133847543077292,1.3705168252784512,0.9525579835328528,1.0884058348208812
2018-03-28,1.7814997826848242,1.85224684355026,1.7038953535387185,1.5085970546679879,0.9980512033370698,1.0951779898456926
2018-03-29,1.5229047515107124,1.6722681632028746,1.5829389210394311,1.4137460434040463,0.9623228630314011,1.1158664714333155
2018-04-02,1.4386888549493146,1.442255504230013,1.4598941112755477,1.334706343780631,0.9709410307125533,1.145255313155861
2018-04-03,1.6301058110112965,1.81551744036276,1.769431328995696,1.5683183432753063,1.0520212318893574,1.143326863195942
2018-04-04,1.5093321155168382,1.5851362194828764,1.5795227054582937,1.4238843968111603,0.9998192797922998,1.2222930499891074
2018-04-05,1.379823247622274,1.3947130386964364,1.4181435931917465,1.2958511987201076,0.9533237391271902,1.2253984181296766
2018-04-06,1.236968648150038,1.2350820693991609,1.2845618148142732,1.1830678525595946,0.9102317915357491,1.2697588613559525
2018-04-09,1.5295458224873502,1.6892958473726924,1.6468435930328067,1.4518314916674926,1.0127389152649193,1.3028705010518509
2018-04-10,1.3311802606377496,1.474790690165835,1.4760623393268455,1.31614855609905,0.9648720660301922,1.3257283735019485
2018-04-11,1.3485434021313158,1.3087095727564444,1.322796573711697,1.1949378848629704,0.9200082357383086,1.342702021853421
2018-04-12,1.1988416391421002,1.2804976723574883,1.288756159709256,1.1654157433610568,0.9117778459119411,1.3339889058903505
2018-04-13,1.0970730206654489,1.1406089797037229,1.158982875284614,1.0628686310355804,0.8721950245188677,1.3364303201269774
2018-04-16,0.9714060032254764,1.0894252829815243,1.0978108334205139,1.0146750003477822,0.8544867643656686,1.3420220861036949
2018-04-17,0.9202655691644712,0.980889710016341,0.9921085095566586,0.9319920462119138,0.8196933576053671,1.3502037557989084
2018-04-18,0.9327957711722118,0.8918121739332592,0.9011278274979103,0.8619163884413561,0.7872062761019567,1.3204244668819245
2018-04-19,0.820243890183994,0.8067500662541122,0.8183339723953682,0.796175047081222,0.7556488307068528,1.3274028711339567
2018-04-20,0.7860848218529222,0.8731441143738959,0.8581311323189953,0.8298249861091731,0.7733130948608002,1.322985999083575
2018-04-23,0.8241677221337468,1.004169048261653,0.9581201942422667,0.9113992656603022,0.8135546589314291,1.2906562753988742
2018-04-24,0.7326369294692684,0.9145610726495444,0.876421759010626,0.8454602142602062,0.7828367936208583,1.3038423148144511
2018-04-25,0.9388860187750546,1.1796120281495146,1.0926734398644722,1.0192597959125795,0.8638650629030193,1.2334035848374008
2018-04-26,0.8291173284417074,1.0510322177834597,0.989653036403686,0.938683546632583,0.8303646532216571,1.1922027614670347
2018-04-27,0.8559719584320037,0.9504560706656776,0.8994069585481309,0.8676973520034844,0.8001624974160148,1.1767975351238646
2018-04-30,0.7573697541696379,0.8567197628973213,0.8222712613421848,0.8039715350097424,0.7779809972420337,1.146064683790143
2018-05-01,0.7833551287074588,0.9356866065833708,0.8988626175638914,0.8620178295694952,0.7986343073522023,1.083482155286566
2018-05-02,0.7014517760348208,0.8458771631829574,0.8212272923523997,0.7988896399269714,0.7730914314405412,1.0608289169494671
2018-05-03,0.721838741367215,0.933385940972748,0.8881288351702867,0.8535438210457028,0.8032516424322307,0.9850055521112836
2018-05-04,0.6641142107230323,0.8996818961157876,0.8534053459811058,0.8266811386893088,0.7912198922133644,1.0062159509702375
2018-05-07,0.823704971129371,0.8251174792702316,0.7778277595602814,0.765352804590578,0.7615520177550807,0.9276270569693372
2018-05-08,0.7427781088081863,0.7529837764200517,0.7157555505689814,0.7142413112128427,0.7351278967761886,0.885177781200721
2018-05-09,0.6677784959838726,0.698109149152929,0.6627507099911496,0.6697966745110236,0.7126985995617533,0.8452411939964042
2018-05-10,0.7324063281182651,0.6493825182409438,0.6112607555927086,0.6245624507797595,0.6889105128793598,0.8179620775486509
2018-05-11,0.7684278721768555,0.6069119253444842,0.5647764523437464,0.5832475014264231,0.6665497455433232,0.8078375210994984
2018-05-14,0.6959029896166815,0.5642777484087539,0.5270749044325524,0.5497663664941728,0.6477292720675647,0.7911906518123448
2018-05-15,0.6292059351956886,0.5246990624618464,0.4956538635497248,0.5220195942865343,0.6316733583577081,0.7906097067940411
2018-05-16,0.6758062021492262,0.6757726261176971,0.6102604669012666,0.6230063572080231,0.6923092787323695,0.7765043377572292
2018-05-17,0.6334286819277468,0.6251436429458227,0.5663195085716888,0.5858313708575972,0.6710612188578381,0.7814934257035151
2018-05-18,0.5837670527749584,0.6060557729818146,0.5475853297913855,0.570746596984785,0.6606724280058339,0.7684975737148744
2018-05-21,0.56034752302339,0.6276141395888494,0.5619318686470504,0.5852048090430803,0.6688292751896903,0.764512812234565
2018-05-22,0.6077829159071665,0.586347367852516,0.5205448745953757,0.5545748391715122,0.6465325553067344,0.7590149597270576
2018-05-23,0.5821077176857389,0.6174058986722293,0.5438048966028934,0.5783762794579288,0.6595350865769588,0.7101863452526559
2018-05-24,0.546511694625828,0.5731477757270771,0.5104832047850142,0.5505294775461232,0.6409681199851581,0.6993700969024037
2018-05-25,0.5268268352188805,0.5885659948082578,0.5224541936286123,0.5617980572459594,0.6493987470033041,0.6860921008991604
2018-05-29,0.5161746638296745,0.6097817116349439,0.5445929450103748,0.5775680331207632,0.6599094107120423,0.7137788093862651
2018-05-30,0.7492571112870893,0.886566118484563,0.7689399891012373,0.7714507068151584,0.7706111740095636,0.72014438330688
2018-05-31,0.886919585312688,0.8143010582345948,0.7013622684042309,0.7102656168106596,0.7415464354800495,0.7007705860416875
2018-06-01,0.8444218986135152,0.8684755624349707,0.7751888208313962,0.7726190373565194,0.7782131867127494,0.6983524340088708
2018-06-04,0.8570781836214653,0.7930106631049696,0.7104839314872627,0.7177785494335386,0.750854956354205,0.6367189716122946
2018-06-05,0.7824670601541909,0.7255502141711206,0.6584569162940949,0.6731508440976531,0.7291237408369223,0.576725438828125
2018-06-06,0.6998073994599053,0.6652018572423405,0.6156319400579052,0.6366598924332575,0.7107558821473609,0.5786710279445899
2018-06-07,0.7221841778298379,0.6175807216449268,0.5694422052298613,0.5958914811663097,0.6877952651569289,0.5706485314689967
2018-06-08,0.6521529783247871,0.5836855218758306,0.5387396096913472,0.5677587400954103,0.6718857831883979,0.5595427960360433
2018-06-11,0.603240781177732,0.5434928437894719,0.5056668195801788,0.5378266351250496,0.6536409319954224,0.5548076222664243
2018-06-12,0.5565355424849607,0.5073539917170161,0.47726109171233455,0.5108282106924111,0.6383579126627082,0.5532157779478644
2018-06-13,0.519839741550584,0.4755790193530674,0.45085592654814216,0.48652815541829253,0.6233804899002238,0.5515466739617707
2018-06-14,0.5232680700590235,0.5330606231752439,0.48983876619926847,0.5216653749584121,0.6471938958393999,0.5350801618546887
2018-06-15,0.5000279597096088,0.4989152585494733,0.46112428309038234,0.4957278075585154,0.6301829492262148,0.548057554959062
2018-06-18,0.4846459525279925,0.5064020451559949,0.45988107070948775,0.4950663975009229,0.6294651527011621,0.5587709702023753
2018-06-19,0.4815178921467016,0.5314178194804742,0.47528944648322125,0.510862982661652,0.6380948310982613,0.5983332962073296
2018-06-20,0.5074457775652368,0.5972212123206637,0.5250904537854603,0.5576022960211656,0.6673381871094267,0.5882085643668628
2018-06-21,0.4832482661279518,0.5545556081728209,0.49315471434450814,0.5315843282638716,0.6497602430518824,0.5897102716131766
2018-06-22,0.5646452054336172,0.682471446583324,0.5961347137454525,0.6271219451867001,0.706220199495745,0.5857920670808715
2018-06-25,0.5278658211866866,0.6286538002936258,0.5594188245007298,0.5955250643788882,0.6866356700355867,0.6182005273789518
2018-06-26,0.8295628105330786,0.973593657580904,0.8430646905448818,0.8439904723402566,0.8224738612655634,0.6214086140153062
2018-06-27,0.7412473809577146,0.877896736308214,0.7834519218368765,0.792573755299884,0.7951611363267934,0.623887914825417
2018-06-28,0.7859438742625084,1.0002621257146893,0.8949117881128477,0.8874868984242241,0.8442217761175571,0.6212558454072166
2018-06-29,0.7384689254066289,0.9024881717673916,0.810930657788835,0.8063707404101677,0.784865305972727,0.633347747987132
2018-07-02,0.6623039347555116,0.7944011363493944,0.7533066087122166,0.7569265257730587,0.761848154009177,0.6450217713128046
2018-07-03,0.6060599234270021,0.7251801433072607,0.7025982328630647,0.7114678390830596,0.7393325340826309,0.6532450955941657
2018-07-05,0.5913943833435601,0.7544579767637828,0.7243828757565762,0.7295126025897049,0.749321168231134,0.6683593926303413
2018-07-06,0.6430648160335424,0.6925189474134571,0.6665688060361912,0.6799367881117729,0.7231468841461888,0.671893346323913
2018-07-09,0.684975354907964,0.6392203987554145,0.6139101505317605,0.6340892520830823,0.6973621667754748,0.6703181553794582
2018-07-10,0.7263643087696935,0.5932057782543514,0.5657975610910235,0.5915043967534346,0.6725511996278125,0.668591335965541
2018-07-11,0.666944310744173,0.551684161934508,0.5299335193153901,0.5582604694307822,0.6523413205316085,0.6852854723375237
2018-07-12,0.7102790796300714,0.7109373400600585,0.651538191182744,0.6639243843785385,0.7136999076184942,0.6959228945347925
2018-07-13,0.745188708617634,0.6552867625168193,0.6004946902025089,0.6195183632502091,0.6915088825397165,0.6946585165775012
2018-07-16,0.6691097020138385,0.604904996861421,0.5635114813908524,0.5876337952922349,0.6766516862015206,0.6902134859158389
2018-07-17,0.6126067989312902,0.5902709019123883,0.5464896138092418,0.5729617110655594,0.6685095966308149,0.6860712443446424
2018-07-18,0.5832703340624905,0.549246274718536,0.5106108575967785,0.5419399879641942,0.652523755301995,0.6697868752905383
2018-07-19,0.5438540409721564,0.5128376585837326,0.4807055723810002,0.5153957493392113,0.6374946272391363,0.6384273078234481
2018-07-20,0.549872781968125,0.5802002161297346,0.5294930917661741,0.5594556073464746,0.6661974451280979,0.6350103515421442
2018-07-23,0.5213398957430531,0.5744347377494898,0.5220928559332048,0.5545260425764487,0.6631580232460953,0.629732367997041
2018-07-24,0.4949021174405373,0.5348156895089885,0.4929523431096908,0.5295288958351548,0.6474526187675217,0.6351641527120828
2018-07-25,0.5112853539117702,0.5009894307046339,0.46158376885999636,0.5019141582583908,0.6284865681294338,0.5924782167035263
2018-07-26,0.6008454291544136,0.4722079424717983,0.42734953546632365,0.4708221392683304,0.607339863885121,0.5907529256100581
2018-07-27,0.5718450651576265,0.5094533204732211,0.4542711353480522,0.4952357134156569,0.6230451000926265,0.5688879036614332
2018-07-30,0.6335373429920528,0.6612944595016412,0.5723916470678676,0.6014747844225473,0.6885757181070663,0.5567254700845186
2018-07-31,0.6410618987108592,0.7427549948631442,0.6428845847540333,0.661905609148863,0.7227801488419842,0.5399206455276533
2018-08-01,0.6148852783792529,0.6578942834190368,0.5986379113201576,0.6217223465833007,0.6996442748826575,0.5167873887791804
2018-08-02,0.5754293338949605,0.6531959116630017,0.5971392663380604,0.6190316449794397,0.6989835613291697,0.5264592804005175
2018-08-03,0.5750291669453598,0.6044753977257852,0.5557097417920256,0.5816363341544116,0.6773471862362823,0.503793618426168
2018-08-06,0.5571515618631335,0.5617720631320164,0.5195413820989984,0.5517750044763013,0.6583953324493856,0.4913590349168202
2018-08-07,0.5361855229668476,0.5242886931557692,0.487398457357644,0.5260399234245301,0.6417607854840776,0.4864235275106574
2018-08-08,0.5164799796577587,0.4912970629630272,0.45828837411274,0.5002047586591181,0.6268525941347807,0.4858926833858855
2018-08-09,0.4910307756726942,0.480477549922158,0.44530996746135415,0.49076712239188663,0.620160676065865,0.460701936260517
2018-08-10,0.4786640934459643,0.4923508487627108,0.4526461745555721,0.49741200344968406,0.6239718879000254,0.4626511754606632
2018-08-13,0.5730210357185703,0.6424568509547264,0.5711904101581363,0.6040071259756515,0.6888404255516128,0.4724284397802976
2018-08-14,0.5704227986174774,0.6883066077744202,0.6109677023727674,0.6399857733086469,0.7094801671679342,0.4802662812282289
2018-08-15,0.5886578928580775,0.6351567544312635,0.5691092144839093,0.6010012206701114,0.6861352636534164,0.4983852186469152
2018-08-16,0.6623880818381085,0.7790692825873516,0.6884974061452301,0.7040872038161334,0.7432713395105621,0.5198989160959319
2018-08-17,0.6888432033175733,0.7138425846017562,0.6344769979770422,0.6557470789505568,0.7173887637739418,0.5198844778459121
2018-08-20,0.6359603625021628,0.6563972558483869,0.5937969207050775,0.6191477804149558,0.6958578120911656,0.5193701094540777
2018-08-21,0.5846532903936194,0.6062990530903094,0.559517854615107,0.5880078221077882,0.6766088729103585,0.5228344312884581
2018-08-22,0.5456987011158173,0.5627995659388745,0.5264461591487681,0.5580232769114463,0.6604026822648948,0.5047431966723579
2018-08-23,0.5142779843494261,0.546915660611338,0.5105383331654687,0.5435366780173577,0.65278330623644,0.4990423031690735
2018-08-24,0.4956687323968748,0.5494489593802803,0.5092650534716019,0.5427462042664464,0.6517255818686318,0.4943488726656422
2018-08-27,0.5297765029961633,0.5141771903382663,0.47531591672370754,0.5121401098485237,0.6322258420446787,0.4778829930180047
2018-08-28,0.5951997739169391,0.4837453724713934,0.4405198146631488,0.4811136118632109,0.6131341293407852,0.4695954934158965
2018-08-29,0.5492426661461419,0.4547392189915022,0.4117533944745859,0.4524199529021553,0.5808995119008358,0.4639123932443333
2018-08-30,0.5550172265560104,0.4305086346673809,0.38513271959050116,0.4284933236940026,0.5640308906309629,0.4634158303483535
2018-08-31,0.5627429609994135,0.5163492774844058,0.4489913084006708,0.4885215225852277,0.6031085455688845,0.4401397503480058
2018-09-04,0.5213545006401307,0.4709926379050269,0.43083440258501754,0.47162208808472644,0.5915663731114953,0.4477969762257064
2018-09-05,0.504112755671565,0.4922385244719185,0.4455704832824524,0.4841768783835078,0.5999712244341677,0.4530616962900632
2018-09-06,0.5034161283450734,0.5337067089345336,0.47781846378438736,0.5126948661597417,0.62037156609822,0.4640561994793281
2018-09-07,0.5076995329866284,0.5771255950202355,0.5125983208816025,0.5434196580494132,0.641856164583968,0.4812573416542933
2018-09-10,0.496354771451991,0.5896076576006093,0.5236297189270638,0.5519173355460161,0.6490897921394361,0.488521785548702
2018-09-11,0.4738662074791838,0.5479553626671662,0.49515946379636816,0.5271931413796938,0.6345562316389951,0.4820917892975562
2018-09-12,0.4690281878099702,0.5116946813395535,0.46625049172014876,0.5004635024209151,0.6245134240933541,0.4743642909571665
2018-09-13,0.4518107826442373,0.4845567978145639,0.44588853584994265,0.48142789043003914,0.6182085534611111,0.4737177957681719
2018-09-14,0.4965743004951145,0.4562175127442864,0.4146398616785194,0.45438274799858225,0.6020032761586189,0.4440791263217011
2018-09-17,0.4728298914742307,0.4370274226002814,0.3987626415863651,0.43989944576363754,0.5925421945744141,0.4217977151554595
2018-09-18,0.5323131298038836,0.5550307230511939,0.48734552585866425,0.5214422136338298,0.6462799509260825,0.4199291198642736
2018-09-19,0.5423354254756414,0.5181927871633039,0.45355989848596756,0.4909695972553589,0.6246990521435605,0.4180569558487014
2018-09-20,0.507353731070029,0.4852249641930689,0.4340038075874042,0.4730194949468944,0.6116344084556656,0.4409117064694206
2018-09-21,0.5842851864546639,0.4571096091843554,0.39932970138602547,0.4403597337663353,0.5880699740275677,0.4421350651840016
2018-09-24,0.5453925745116038,0.4615622858341205,0.4008873058233825,0.4420900285521934,0.5874897116569427,0.4430402924590919
2018-09-25,0.5429558878963882,0.5228675040285683,0.44810776440845745,0.4859235761833486,0.6152646225387276,0.441908305598005
2018-09-26,0.5136194274952909,0.5196045797739296,0.4473720809821375,0.48407851441272004,0.6159278941204194,0.4507790858315698
2018-09-27,0.5147774034156554,0.5645743918722755,0.4841964900299426,0.5175854351348352,0.6378981836484536,0.4581693530466698
2018-09-28,0.4945270003831758,0.5261976117593549,0.4486809896749366,0.48414256917039844,0.6028020358247055,0.4610250372638623
2018-10-01,0.4661175802448437,0.4778947117367886,0.43060354755349906,0.46940922512560096,0.5925120976230761,0.4699290163139518
2018-10-02,0.4639794450916542,0.4501469660294317,0.40534147416763794,0.44722057422845984,0.5762045643870399,0.4672830465778658
2018-10-03,0.4499872872534463,0.4471335173770105,0.4015181064014383,0.44424826999965594,0.572072938143881,0.4705057970995728
2018-10-04,0.4353388973132985,0.4221332712942847,0.3883126230859235,0.43492395266845657,0.5604047785029297,0.4972613795328228
2018-10-05,0.5772000578362981,0.6162529603606225,0.5329282880700489,0.5721428463195207,0.6397763854657978,0.5178973059660616
2018-10-08,0.6071278504847554,0.7093356215070077,0.6119874721623146,0.644848219519485,0.6754214936496853,0.525853418705811
2018-10-09,0.5582110774113106,0.6615943731070157,0.584538868882546,0.6204409904642687,0.6581776903572844,0.5300281794463558
2018-10-10,0.5283113616858126,0.6510147764175825,0.5889894516268499,0.6180870373638147,0.6534113647653383,0.5957284608051159
2018-10-11,1.5769165988685994,1.8093414468110267,1.4599551478254396,1.320663640148303,0.9627689141378637,0.7123945546860505
2018-10-12,1.7173199750664614,2.0771046699760576,1.755894787554739,1.5377663456368666,1.0369367139482961,0.8406699380468589
2018-10-15,1.5938051181529975,1.7978574764773585,1.5684812953489675,1.392562319641089,0.9844135789394112,0.8520022090197285
2018-10-16,1.4058232205394747,1.6878046336770989,1.5251748549606727,1.357364542995842,0.9710634821663574,0.885820903110331
2018-10-17,1.542887256176475,1.4807607004473362,1.3429221351184806,1.2181872133128822,0.9174452274999362,0.9073662593000256
2018-10-18,1.3327383221621074,1.3103783235446247,1.232776030736402,1.1363914980045386,0.8811369346600146,0.9399251930920554
2018-10-19,1.3489667301998016,1.4955702867172271,1.3994228334090046,1.268053263078745,0.9300783361808488,0.9476243001584312
2018-10-22,1.1707427407899935,1.3367540574945964,1.2858352528607113,1.1831209166780083,0.8966762721656959,0.9524857479802264
2018-10-23,1.047531777876683,1.285588157999349,1.2538647939347642,1.1615637096503606,0.8870981076561357,1.0585867428345648
2018-10-24,0.9550945492270644,1.2561125656790952,1.2421055706654305,1.1479460834759985,0.8805556839368687,1.1040191978890026
2018-10-25,1.6613701125857203,1.9293316498194604,1.7872602714295782,1.557789576935866,1.0311778143456982,1.1435123031561536
2018-10-26,1.627912889895114,1.6781535853414682,1.5851158892818964,1.4012320310777562,0.978148618713527,1.2796259669012602
2018-10-29,1.6369128005849467,1.8632782271438657,1.812509318388569,1.5922587252029148,1.0920811329521527,1.4073122449072084
2018-10-30,1.4407411415493652,1.739484480940849,1.7433170045643056,1.530777630423492,1.0771162840569124,1.4206555229822413
2018-10-31,1.398304158806742,1.5217686883477417,1.556577027158377,1.38442608000934,1.0263674119758133,1.449795712199149
2018-11-01,1.3032440482556158,1.3190115724071008,1.3981617748876907,1.2590133464801125,0.9827893137010933,1.4583141724122073
2018-11-02,1.219741372845016,1.1699313407385734,1.2579724781949038,1.1468269775070594,0.9399418504229302,1.4738664708646054
2018-11-05,1.1086148221377634,1.1835806551141146,1.255072458248,1.143511773894967,0.9455867882897859,1.468875632833203
2018-11-06,0.9965414492178398,1.057669758572723,1.1393397135856338,1.0561896876584778,0.9124047717780652,1.4636592420002568
2018-11-07,0.9146696265701172,0.9510193101387489,1.0335738461554977,0.9760064178337479,0.8814716293308845,1.4774469623173592
2018-11-08,1.2265636840418324,0.8559534486422637,0.9163718575565811,0.8846669876607921,0.8421211266268908,1.4546817746384182
2018-11-09,1.0786746400194511,0.8281603243073785,0.8797763212662818,0.855747578494317,0.8313237534367891,1.4168578582210294
2018-11-12,1.0615506877966656,0.998310060379586,1.0028206912052042,0.9545149763379965,0.8824529270330363,1.3583562765516717
2018-11-13,1.2861688931431448,1.3903112544529297,1.3027783532426929,1.1921400969496168,0.9904088395820677,1.3670846669111492
2018-11-14,1.128772102661452,1.27923863057332,1.227843029039968,1.1349733860661166,0.9643354626398236,1.3799205244678052
2018-11-15,1.0482765582038092,1.2946931579382346,1.2471327206379847,1.1507865880087131,0.9759074463762851,1.4043128609293511
2018-11-16,1.0195485081669782,1.149620390252576,1.1239812126220512,1.0554556048848502,0.9391221758030095,1.3973384947402416
2018-11-19,0.902922649482716,1.0298782516857443,1.0354478805637322,0.9857642520713477,0.9125014476834153,1.4013179340527566
2018-11-20,1.1350887656171802,1.3585899540138633,1.285423183318516,1.1861896206530211,1.0134547941921672,1.4423645897543034
2018-11-21,1.3260526486176416,1.6519286544504532,1.5273186789009086,1.3807143695950805,1.1079377527048404,1.375885849756456
2018-11-23,1.1621151643676262,1.4487655535636832,1.3902692590289358,1.2773984268781933,1.079496409751589,1.3538496742127493
2018-11-26,1.0724354794365214,1.4305114240970422,1.3913237568796137,1.2809109052862448,1.0884699058040435,1.3340225652369722
2018-11-27,1.166641038877623,1.261496532348912,1.2429379413405586,1.1630619200725223,1.0404518506449667,1.2119276671467831
2018-11-28,1.0287080201068743,1.123802249980501,1.1452984734593998,1.0866413830001256,1.006747918389427,1.092021991307716
2018-11-29,1.3428366029020589,1.0022380806639468,1.0112159418940592,0.9812366613957839,0.9568261780963677,1.081350364470114
2018-11-30,1.177757198393785,0.9604374296683628,0.9800193619378628,0.9587338936592668,0.9434749283261767,1.0470426779789055
2018-12-03,1.0679217347944705,0.8529731005345793,0.8988305673185918,0.8944888637951498,0.9105697601732721,1.10362093228175
2018-12-04,1.092801406546854,0.7767835036305504,0.8177371125468258,0.8244364191567707,0.8697847648929542,1.11734760684759
2018-12-06,1.7785898722786413,1.823963692818444,1.5916185639093072,1.4469036220818414,1.1555242566050945,1.229396724239399
2018-12-07,1.5529324453936342,1.638880512781333,1.4856882360118544,1.3585278939120593,1.111969784658866,1.2829850602216044
2018-12-10,1.7314160023316352,1.9900337511232544,1.8109076851823278,1.5987082270321558,1.204391779688713,1.3248569575851414
2018-12-11,1.5100907044579406,1.7378353005015332,1.6449262764364148,1.475732581295305,1.1454465076935803,1.3760095510110215
2018-12-12,1.3204278963731957,1.5335069716844894,1.503537998971114,1.3734962439717757,1.0935175655336917,1.396781499667208
2018-12-13,1.1739757539199165,1.3574775100644512,1.367436515093802,1.275927359268637,1.0436233477118564,1.3925707276731534
2018-12-14,1.0357135253235656,1.2262704466066483,1.2628782209410356,1.2061756052872765,1.002294215364702,1.4041958171289832
2018-12-17,1.257655233458838,1.5444271788497106,1.516704704090074,1.4222789137426413,1.0779374764886889,1.4136904185614996
2018-12-18,1.4330076532949714,1.820941666228831,1.7572050834092001,1.6273189230076064,1.141768201971571,1.4024963590693094
2018-12-19,1.2572311343748557,1.6281381918241646,1.6370666089495998,1.5361463698709181,1.0997321540749725,1.4878621810062511
2018-12-20,1.3095069655707947,1.7704961758050273,1.7779835853693955,1.6417245588056453,1.1370319139946796,1.522154423394967
2018-12-21,1.378629616117524,1.9156119421988995,1.9299973263512267,1.7495780035283153,1.1740892306646542,1.5586079426476742
2018-12-24,1.5377537601126754,2.133151091168632,2.144720934430474,1.8974257460822002,1.2232790497891475,1.5883334943578094
2018-12-26,1.815306623886905,2.451788640923322,2.4327441568473915,2.0984767861067084,1.2908404790443684,1.693228828890831
2018-12-27,2.668609581904388,2.1035789887900678,2.0734667504657587,1.829571579342004,1.2054269696662894,1.790754949140246
2018-12-28,2.3335538964674143,1.829805651531074,1.8808148741713675,1.673672230036742,1.1596949758508242,1.8062947403859824
2018-12-31,2.027612732197466,1.6392613620117438,1.8075660806968676,1.6240567414705112,1.1851305752697965,1.8022060170986132
2019-01-02,1.841326966673852,1.4617632055693688,1.6403599246774136,1.486527745163359,1.1405264097022185,1.847383463574048
2019-01-03,1.603934912098535,1.307358547983351,1.5177007322934724,1.3810647884181122,1.104433503817553,1.8606034656735728
2019-01-04,1.7993450666212505,1.755094457815644,1.8489411596258745,1.6239575950444052,1.2060584559865044,1.867571775375628
2019-01-07,2.142668472821487,1.5547444929666052,1.6125395747134639,1.442997141843139,1.1412621343413678,1.8523588487295808
2019-01-08,1.890140133494972,1.3861081936958868,1.4557663511742396,1.3220923032730445,1.094155063328245,1.7982310083773083
2019-01-09,1.6913370763651845,1.2427268130275475,1.3160121096772381,1.2113282258394618,1.0534518313308312,1.764192428866234
2019-01-10,1.4860345440541514,1.1203032092350202,1.1997190226855814,1.1199581021281977,1.0182993741945827,1.734380006369578
2019-01-11,1.305963804602634,1.0151449515093112,1.0995273625021136,1.0407881927215727,0.9869087213685458,1.6937796195621069
2019-01-14,1.146575780262734,0.9255659245521024,1.0200238427263524,0.9771881366105196,0.9600429282247016,1.6728757152165117
2019-01-15,1.0581148394852418,0.9847488502874772,1.0546730150790615,1.0115345704226004,0.9790715323103358,1.667558649853794
2019-01-16,1.0535737733339408,0.8977885247256926,0.9535224503796406,0.9342179990982377,0.9403043576015253,1.6462828699568142
2019-01-17,0.935640236507429,0.8224740063068467,0.8846342812161158,0.8808309440138316,0.9125628446631062,1.618057794567171
2019-01-18,0.888763980821939,0.7565973196245879,0.8113274358931672,0.8222145624622731,0.8802703475931537,1.616819859262392
2019-01-22,0.975025066031628,0.6986986484379057,0.7344990108309397,0.75717164047315,0.8428415757582731,1.5461768241791805
2019-01-23,1.0837836252580908,0.9944268805891456,0.9609749055674943,0.9548581294980066,0.9478937282851081,1.5190903845676484
2019-01-24,0.9600080079049176,0.9064329182167248,0.8992950800002961,0.9059031595925724,0.9217084734483665,1.4415340660148157
2019-01-25,0.853896510630783,0.8300529842180698,0.8487279591516166,0.8656602823459343,0.9002476606740908,1.4183799046525312
2019-01-28,0.8405521687106648,0.7632012379804863,0.7811059087309662,0.8075664146899499,0.8683917392589638,1.296288804578175
2019-01-29,0.8443495354978969,0.882958106003908,0.8801947587721469,0.8905157215987134,0.9137760087763055,1.1400865405664862
2019-01-30,0.7629616456765769,0.8449818744173117,0.860613918683671,0.8728035044407535,0.9043744282328937,1.127274618686296
2019-01-31,0.9673475151022626,0.7760464784806267,0.7671745990285098,0.7889498156686088,0.8588457802309594,1.1070490243052895
2019-02-01,0.9299284299408036,0.6984578065953295,0.704707164450021,0.7351138795229801,0.8291651037839387,1.020101779326761
2019-02-04,0.8282942007083433,0.6492940491261718,0.6757718195016003,0.7115533307842854,0.8146136679142553,0.994328729725171
2019-02-05,0.7953592838722495,0.6062944406942465,0.6259925011388828,0.6681572679915981,0.7896639754585183,0.9005317990334127
2019-02-06,0.7326494965755458,0.5676310691265181,0.5889594589113002,0.6361913185837684,0.7734362085629889,0.8731837315687975
2019-02-07,0.6711923559798899,0.5681043481968355,0.5940021240967771,0.6400285021703687,0.7784813788945428,0.8535173395949928
2019-02-08,0.7726653033521342,0.7663041523952239,0.747506721537856,0.7763533487281913,0.862069339547037,0.8530494198612798
2019-02-11,0.6977217901496512,0.7094740415420641,0.7159497930196155,0.7464853900653351,0.8475222656425705,0.8244378931625089
2019-02-12,0.6359231475888247,0.6590776848019085,0.6888000125351291,0.7207182646396869,0.8342867955619184,0.8284444534763329
2019-02-13,0.7990865997006491,0.6156355748815784,0.6164688458315639,0.6551273070648769,0.7934584109251043,0.8118168290708794
2019-02-14,0.727908118832301,0.5758699122346823,0.5845498548682382,0.6256744288788507,0.7747020019409568,0.8204660073606895
2019-02-15,0.6743450975195541,0.5942409272499811,0.6022949088065858,0.6421661456694485,0.7844670944675984,0.8287721607553542
2019-02-19,0.7669572357609306,0.5575895538706473,0.5443917314389403,0.5907042581096038,0.7523225234463374,0.8176336043441942
2019-02-20,0.6940705883442014,0.5237692074181836,0.522212723438295,0.5708533735520817,0.7402459042391119,0.7719800701604903
2019-02-21,0.6353529185975075,0.493429777633832,0.5004563434469188,0.5509897235487597,0.729067923707734,0.7377737759046701
2019-02-22,0.6171679981414643,0.5509068079313506,0.5485990627923657,0.5957349726276852,0.766213562712091,0.6935053522837223
2019-02-25,0.6207960415165846,0.5182654085908325,0.5113508572440469,0.560524270362233,0.7491651574508098,0.6990286725899897
2019-02-26,0.5739681741010051,0.4884069998938087,0.49373181132506616,0.5452776189633834,0.742334263921339,0.6599879058877736
2019-02-27,0.5399893045148635,0.4848487633935254,0.49432800659210896,0.546015670281373,0.7475679621469896,0.6312193103909718
2019-02-28,0.5116717571551487,0.4758476940001325,0.4912164993390359,0.5444024054871379,0.7489533437110476,0.6240795417700621
2019-03-01,0.4995873613439866,0.474391531689868,0.5110395428500081,0.5661081397278389,0.7649033898850583,0.6040838216800732
2019-03-04,0.5358178642904446,0.4478437241707967,0.47607094844332215,0.5339347607043206,0.7428187432322819,0.6551887797587673
2019-03-05,0.5434059763580028,0.5132379342694399,0.5275212136519308,0.5836307774652146,0.7780141890516856,0.6496835845717303
2019-03-06,0.5204526604847602,0.5210959051325408,0.5380891818274307,0.5939316876655242,0.7855648579516034,0.6464119328858231
2019-03-07,0.5821417320965534,0.6354681503065905,0.6318318858815684,0.6787519229197727,0.8412683488435911,0.657690672270021
2019-03-08,0.6821407172366054,0.7903266028461869,0.7593902369464341,0.7897807640121844,0.9098872431266445,0.6815538445127551
2019-03-11,0.6356945313898271,0.7799407738988671,0.7643441975891252,0.7921937788083794,0.910113364127059,0.6534449911345105
2019-03-12,0.8470591961669424,0.7190060433575768,0.6814360575703882,0.7163112727887535,0.8648418368303897,0.638136756976439
2019-03-13,0.7708299086720759,0.6675145377644602,0.6448680166580547,0.6838699479784077,0.8432569492115861,0.6401386377816948
2019-03-14,0.7433446756004913,0.6210491965139039,0.5982790427357354,0.6435225330555396,0.8159971646187257,0.6208036569012993
2019-03-15,0.6763745902596178,0.6028104627730089,0.5906414460710407,0.6388134009030972,0.8117063634254696,0.6209980320289534
2019-03-18,0.6457682008214557,0.5636762488897568,0.5543457652897441,0.6115887984171758,0.7892349238223196,0.5984872035467772
2019-03-19,0.6069540136094463,0.5289158477715955,0.5268121222314334,0.5899516181103006,0.7696407800805974,0.6004913355907402
2019-03-20,0.5626511376237507,0.5028571895648077,0.5138723841991318,0.5805032564264897,0.760431217836387,0.6090136563439991
2019-03-21,0.5538391841104908,0.5474057292353939,0.5534759701074906,0.6206242288582215,0.7842904442245979,0.6316702429725646
2019-03-22,0.7004941922988427,0.5124781620584798,0.4990166925777887,0.5665665498709385,0.7460026226928426,0.6579048570046838
2019-03-25,1.1119340794254131,1.0704524578789705,0.8954649869594479,0.9265553722157158,0.9613166364728406,0.6638959241890962
2019-03-26,0.9839353174295894,1.00058237463042,0.8793822038643218,0.9101800051680086,0.9539787150446295,0.6765332615309758
2019-03-27,0.9232125376974982,0.914706641910508,0.8183240380200917,0.8528458645920701,0.9247251015134926,0.6978595390852008
2019-03-28,0.866442002661109,0.955789219176521,0.8765107549166082,0.9022805317599605,0.954112705954505,0.6961581079578458
2019-03-29,0.7868801650838715,0.876334387565084,0.8291146784444859,0.8584981781873782,0.9325566185608177,0.7078331154306107
2019-04-01,0.7516229462854265,0.784313558212415,0.7744137688367488,0.8077569941297047,0.9082931422775511,0.7050926201502777
2019-04-02,0.8418423491957618,0.7253522899807404,0.7025381243690336,0.7427246469710262,0.8819817144430897,0.6502123196005332
2019-04-03,0.754786646031733,0.675068358479493,0.6827501484067516,0.7241774085511982,0.8736208339912468,0.6579238697782303
2019-04-04,0.6836422675439124,0.6300590392305466,0.6577220156611161,0.7011790352188331,0.8618787064214262,0.6559238001955991
2019-04-05,0.6301031950141576,0.5896548934751286,0.6280931098729745,0.6742219093301876,0.8500862715951433,0.641417192152619
2019-04-08,0.6089624179799357,0.5530558764460969,0.5906712702795105,0.640905455432229,0.8362383879596147,0.6190986598626191
2019-04-09,0.5641063458633288,0.5209003085928029,0.5744941969284298,0.6252527649765914,0.8323864367895677,0.6208660305555849
2019-04-10,0.5921920873930371,0.6114467395690186,0.6464465347671378,0.6900739156410876,0.8839817452795982,0.6193451241102637
2019-04-11,0.5631307689649351,0.5728537511728542,0.61432363317194,0.6610746771848466,0.8687194961660664,0.6110943160106298
2019-04-12,0.5297086453199399,0.5534866452553245,0.6032276915011464,0.6508331495049232,0.8687588746597307,0.6299985562086302
2019-04-15,0.5684636874470173,0.5202044795328683,0.5603926118509841,0.6115501641496305,0.8450601100318914,0.6266000481085833
2019-04-16,0.53574263340368,0.513622510001068,0.5581912794735978,0.6112100376942807,0.8463168483611336,0.6292491207847216
2019-04-17,0.5058769865128716,0.485373208777682,0.544575389639667,0.6005139917028334,0.8381934538561128,0.618141267869966
2019-04-18,0.5041339851066282,0.519488161970183,0.5735324816537051,0.629560387283149,0.8584370207117689,0.6046280053509703
2019-04-22,0.4839744310119117,0.4904296434969178,0.5534251052247521,0.613009523347835,0.8445633047464006,0.587855845924691
2019-04-23,0.4654228188224674,0.4643725029442786,0.5411469619828813,0.6026090441483759,0.8334087282804228,0.5552108913992394
2019-04-24,0.582203548148671,0.439291663063364,0.4910394471237452,0.5561631978127194,0.7943948992222737,0.5436409647773554
2019-04-25,0.5594729397727298,0.4733589864823804,0.5221931323022041,0.5883884119057007,0.8161442470489543,0.5194162591295537
2019-04-26,0.5284373285249926,0.4706079070849332,0.5284059544026527,0.5949460285132264,0.8194031045525082,0.494566651703138
2019-04-29,0.5294333503998665,0.4457307907670659,0.49991800644576573,0.5678564356230695,0.8002042558796467,0.4834336786915183
2019-04-30,0.5020864902845467,0.4237150490110757,0.4904788259911075,0.5599281111081268,0.7945019189963634,0.4824674583728018
2019-05-01,0.4745294516101325,0.3784559882530848,0.48780432252194567,0.559546919468085,0.7924708204667,0.4656358302743129
2019-05-02,0.5937750397917594,0.5560455914373033,0.6060146539541861,0.6754157853510787,0.871718204094144,0.4877912121476361
2019-05-03,0.56711916607572,0.576738713463512,0.631092409766553,0.7034905129148327,0.8929270573668271,0.5058791348857987
2019-05-06,0.6654468406607598,0.5388565318512163,0.5738475576460371,0.6486877951826452,0.8571854962538855,0.6447398005156619
2019-05-07,0.6485168476741794,0.6040403402162108,0.6360602623356444,0.7076794097974961,0.894878111213898,0.714769511191384
2019-05-08,0.9968544080927187,1.0093566668958875,0.9337294721981075,0.9776868721315377,1.0566677370449555,0.7208829711607377
2019-05-09,0.8883174385944652,0.9615517833299866,0.9319726799884597,0.971548944197818,1.0539216432270664,0.7555317059672866
2019-05-10,0.8110191842639394,0.9517717342670506,0.9523469573771213,0.9862491243934077,1.0626129227043315,0.8280742158725574
2019-05-13,0.7519554777438261,0.8735223994618931,0.9048674352686173,0.9384941654393478,1.0354350861109753,0.935048362422366
2019-05-14,1.3699416717416983,1.465075532713627,1.3248813238345056,1.2903274114936714,1.2225893369419758,0.9451896155373134
2019-05-15,1.2533507332293152,1.318957220895793,1.2243254990464683,1.200412514992262,1.1820322098104346,0.9616025116304948
2019-05-16,1.1218673072877556,1.1936459134254092,1.14470572128823,1.1282727142345448,1.1471397926021452,0.978390711645547
2019-05-17,1.0580864437668642,1.0836941308099757,1.0547815077334664,1.0532594082607714,1.1071808667478704,1.0048571789433012
2019-05-20,0.9910189560310724,1.1281750018000511,1.112350220808942,1.1025678559639942,1.1369347462802633,1.0137045604498467
2019-05-21,0.9405438579661364,1.169493764230754,1.1633977336201813,1.15037183558523,1.164874544974532,1.0300851091190433
2019-05-22,0.9131389021684496,1.0627396795175237,1.0672102958171874,1.0765372608094046,1.129941194120627,1.0286359540286667
2019-05-23,0.8316617267344467,1.0408507249140433,1.0727391870766765,1.0829084065079706,1.1357681848717294,1.0437133273238144
2019-05-24,0.9528538893843184,1.2207668031469967,1.227619239732568,1.2210958328715125,1.209942816734158,1.0611672161965469
2019-05-28,0.8482455068703046,1.109578913008652,1.1594834290181946,1.1703097547473058,1.1853259975964632,1.0747297775142002
2019-05-29,0.8875586398052512,1.211534905320879,1.258942845202496,1.2559778065304243,1.231875389595013,1.083030029175288
2019-05-30,0.8622408626715982,1.2430969915943226,1.3068216894173674,1.2965782710544784,1.2543243988767208,1.0884702514718676
2019-05-31,0.7749981534593372,1.1288378027836106,1.2457573050611177,1.2409942687233935,1.2294201007157264,1.0972693196003125
2019-06-03,0.9548035208097112,1.293405429638062,1.4068460137976986,1.3698797949393968,1.2970865233244198,1.1033546971592072
2019-06-04,0.8626691616571406,1.2310783858073804,1.3916677914990518,1.3543943060559824,1.2894913381433397,1.135206065490876
2019-06-05,1.2107815188183693,1.1084848280408175,1.2089906935737071,1.1998599463867436,1.2105323305769802,1.0908019393186217
2019-06-06,1.1224616057241916,1.0090879624473847,1.1196863003368769,1.1240253049248448,1.1495010099735021,1.055770007858445
2019-06-07,1.0234156145001894,0.923395602863314,1.0498105771504724,1.064582866890827,1.0970551338176293,1.0634346882384471
2019-06-10,0.99695627353513,0.8461250507185819,0.9626467395613639,0.9882774102562712,1.0364278746748614,1.0489540683426546
2019-06-11,0.9013463384625195,0.7811094325925865,0.9109464629706711,0.9436633635404199,0.9928690007487049,1.0151578243049608
2019-06-12,0.8061883729002781,0.7395790635685399,0.898599415398861,0.9345629013635409,0.9708739503617448,0.9183805193979098
2019-06-13,0.7347460646112549,0.7324634424529526,0.9106047001596851,0.9466113940114378,0.9607395197404931,0.8983040396200336
2019-06-14,0.6835973149372593,0.6806271322735281,0.8674172157762216,0.9135234902498927,0.9257252392025797,0.8813374609476959
2019-06-17,0.630700601548245,0.6670903666541769,0.866756164220566,0.9154836377002958,0.9108853445333898,0.8605857608993677
2019-06-18,0.5823162612189563,0.6263794334939394,0.8466322489539002,0.8989761474907937,0.8894463964763807,0.8412788245519639
2019-06-19,0.6953511364622011,0.5822321907921061,0.7668361098211107,0.8286569927352588,0.8397283643741805,0.83186438519012
2019-06-20,0.6380457047180036,0.547428816097238,0.7518638010185968,0.8142607168451614,0.8212435698816142,0.8463159499165086
2019-06-21,0.7073789075881034,0.5118031909056582,0.6818580288054882,0.7494477365321369,0.779294288844819,0.8502181359980874
2019-06-24,0.6521918440789612,0.5232711807105694,0.7061082943134682,0.7719224089890796,0.784783470494106,0.8304940916423612
2019-06-25,0.6061846281929124,0.5288859799446158,0.7268083025698667,0.7903434984416691,0.7927843571401292,0.8068408055743106
2019-06-26,0.7386170262676649,0.7411089023859313,0.8637650425600141,0.9123581293909268,0.8510633264828619,0.7860861889816786
2019-06-27,0.674763426442498,0.7186661778652904,0.8706443230454326,0.9158715168246132,0.8494594505112686,0.7743380912322004
2019-06-28,0.6301784096367936,0.6686898519474067,0.8382304541458276,0.8690559373471637,0.83212256173454,0.7572766339111475
2019-07-01,0.6127726623315249,0.597048555249377,0.7974079830311832,0.8160695336175179,0.8085929926722557,0.7732896070937701
2019-07-02,0.676983669643238,0.5552885799890251,0.7027660896589627,0.7195296190118617,0.7648505171059102,0.757911540707551
2019-07-03,0.6249679944535224,0.5229664686257413,0.6781979589182257,0.686940313986354,0.749574220865671,0.6886403084359645
2022-05-24,1.8501383788937191,1.9078692475744805,0.6240976709297372,0.6394221032758438,0.7246080495290274,1.8787483527167748
2022-05-25,1.6528821019819462,1.8582965723597695,0.7366398178557888,0.7355394656338812,0.7805333126609649,1.8821926411584349
2022-05-26,1.4832137752227583,1.6679140408326,0.6740349418659336,0.6819797668514571,0.7517810487138519,1.8769655369854328
2022-05-27,1.5818962695910503,1.5330976039811053,0.5989236234447509,0.6171665807506173,0.7163338838897385,1.8300174223307084
2022-05-31,1.7802005998920607,1.4291846577490854,0.5228166896407769,0.5505313358827844,0.6762490105128717,1.7952618406964729
2022-06-01,1.5763969906136228,1.369842098309195,0.6045740610161903,0.6228323534929999,0.7226454651612993,1.7730907572518235
2022-06-02,1.437850080828829,1.4132587409218382,0.7293618184911246,0.7317600611841819,0.7856916270810904,1.7864663305663584
2022-06-03,1.524079302898865,1.3147598774937983,0.6482656043594363,0.6653746810943447,0.7481697727448728,1.748963102153121
2022-06-06,1.5700870015810142,1.56710897749067,0.969977429338234,0.9403265862433444,0.8938956699612122,1.702467073576016
2022-06-07,1.369449714951721,1.408911521586677,0.8940048876603557,0.8868770034801288,0.8627023650825741,1.6915131889924284
2022-06-08,1.2663687891448274,1.287945158182121,0.8147776832741301,0.8250195042944536,0.826653982624241,1.65308500706606
2022-06-09,1.2460049473787234,1.407562760755416,0.9739847995484561,0.9623666670458061,0.8923928082668797,1.6005427842357849
2022-06-10,1.6239792331481668,1.842178325552721,1.4201799903834942,1.328932607159067,1.0519386805029443,1.5865305774781642
2022-06-13,2.031243541220162,2.3256307705845445,1.9098566211433807,1.70043386695811,1.194068858210117,1.6437466122970563
2022-06-14,2.594855589883053,2.94921719556806,2.512331987664957,2.139491594812082,1.3431982805730598,1.6351697490629789
2022-06-15,2.2475557092110248,2.651230481387844,2.3098118625951183,1.988071375000106,1.291652797899317,1.693381420483855
2022-06-16,2.045529903373543,2.361793458088908,2.0621847756377503,1.8005183877357749,1.2279794008550318,1.7117838481665604
2022-06-17,2.4302235431704657,2.843668784405769,2.500098637199831,2.1159735305167526,1.3379802310930997,1.6894496350042074
2022-06-21,2.0997904523089463,2.496137567479916,2.244256688858502,1.927158449421388,1.2762553230727427,1.7144822665023702
2022-06-22,2.153407415527222,2.256123780213396,2.054487860463615,1.8215889672026608,1.3156332763553749,1.6278783912202506
2022-06-23,1.866880335209024,2.040987368642913,1.8865743131995263,1.6963106139532806,1.2654895775545936,1.62710410191725
2022-06-24,1.6736065169573282,1.8321068583524764,1.6967771603603272,1.5538719650197717,1.206056768233669,1.6050552857354057
2022-06-27,2.0648637478076397,1.7061893774465413,1.5075746599460127,1.4065797401808209,1.145492858083302,1.5928532542804887
2022-06-28,1.8011211108075145,1.6108654722209508,1.4483323744436538,1.3606744179723562,1.125339372399274,1.6216283067673771
2022-06-29,1.8751837176298456,1.9119052306722464,1.7374288073293065,1.5885059247136464,1.217400517108535,1.611300514474209
2022-06-30,1.6270760226719605,1.7276999719064186,1.5984574358871506,1.4762914125657516,1.170946634766451,1.6343586543388755
2022-07-01,1.4843206030865754,1.6672743967021646,1.606668068322085,1.477733929329256,1.1728913165351254,1.6276515366902249
2022-07-05,1.3745876552158478,1.514733002280273,1.4559008608282724,1.355233887371627,1.1211292933505084,1.6492532124390396
2022-07-06,1.201206284125054,1.3620134783781512,1.332831972916053,1.256551116995971,1.076768023314309,1.6421937504710211
2022-07-07,1.0606325329282846,1.233140264552922,1.218538431889409,1.166320362296461,1.032346746346225,1.637823294128618
2022-07-08,1.1540915381044057,1.1493077826121112,1.1036746007866958,1.0744842805202772,0.9859376601452786,1.622732760443978
2022-07-11,1.0173622399356157,1.0696698567403886,1.033390575938108,1.0154445007087294,0.9552475447820707,1.6165486469732795
2022-07-12,1.0793796692927098,1.2371097839133394,1.1848692434087311,1.1405746150862375,1.0110105561026683,1.6056675467224224
2022-07-13,1.0616223316737334,1.317263222664306,1.2608610748540658,1.2039666582523199,1.035172830943484,1.6065929221516932
2022-07-14,0.9821837366248104,1.3066794306441352,1.2545825127652088,1.2000317175784425,1.029487534836055,1.5371152872492608
2022-07-15,0.8844712953539525,1.2388731785084417,1.1952646319085278,1.150676537628182,1.0049928989557997,1.544122803515078
2022-07-18,1.1755392019914774,1.1644735084919933,1.081506265820472,1.0550006845193196,0.9596162574884219,1.500724244741791
2022-07-19,1.1229391539964084,1.2416783059150946,1.1603253232977528,1.1159846171757601,0.9865886202131884,1.4479922681062711
2022-07-20,1.5894753044286756,1.1865502613816965,1.044562152431403,1.0206325421358844,0.9400830961244772,1.4279576069571247
2022-07-21,1.4076155066523064,1.087611979232716,0.959239361829295,0.9518927325640164,0.9040773093399402,1.3780493574681345
2022-07-22,1.30703954333281,1.0104905228270955,0.8792738882709668,0.8846914372833613,0.8689792992915173,1.3468657312645576
2022-07-25,1.244509831870133,1.1345568616434385,1.001463866343934,0.9878691349047193,0.9224924060591072,1.3166491313289777
2022-07-26,1.0903793813261338,1.0296287798850523,0.9300871554004732,0.9273277242999026,0.8941758499279941,1.2888794324502713
2022-07-27,1.14147881953955,1.2139716041003084,1.1029504361231022,1.0699886902132998,0.9634368610632086,1.3206940407357113
2022-07-28,1.560960019870836,1.1598478928855358,0.9857749717180782,0.9723175091475633,0.9182339366713621,1.2928092739151198
2022-07-29,1.4691022426544054,1.0794250338591973,0.8995889071788401,0.8979814548943119,0.8880918816494136,1.297025176561268
2022-08-01,1.4395022644190671,0.9790037560968256,0.8214231661826495,0.828394988937667,0.8569842475448255,1.2658997925304596
2022-08-02,1.2696859633414983,0.964300742324757,0.8225885389457608,0.8273722270554317,0.8632540849623767,1.2589457489811198
2022-08-03,1.1696894566226177,1.0315442058520012,0.8958939539232262,0.8875978839220812,0.9010024039501029,1.20962163036621
2022-08-04,1.2474346019504192,0.9762190774887431,0.8152327390597497,0.8188992301333109,0.8690095932637689,1.190153698403588
2022-08-05,1.0959805883877771,0.9149390139679184,0.7709295064475393,0.780803752756548,0.853103447626349,1.1838425758178186
2022-08-08,0.9737683028040298,0.8817125501259482,0.7506773602270671,0.7627598294329088,0.8473827757949857,1.1916452746642656
2022-08-09,0.8690532634412642,0.8416623400568428,0.7226946179163108,0.7389162404612805,0.8358077399883136,1.186680946364714
2022-08-10,0.8110322476162471,0.8660746366037206,0.7516762061671673,0.7643997593753122,0.8518507801148402,1.2265699746457457
2022-08-11,1.2051277115567918,0.8451570384025701,0.6774127364640489,0.7005737857211953,0.8154170541861199,1.186420074043105
2022-08-12,1.0585364324790532,0.7860877772052455,0.6373484960814969,0.665482729149546,0.7971264519115615,1.1346924108867915
2022-08-15,1.208958105638986,0.7638473586475661,0.5791022229919872,0.6133474084957385,0.7694273882365487,1.0954082402113128
2022-08-16,1.072245385141347,0.7105025257933435,0.543412263440947,0.5833869820474753,0.7508862338699223,1.0530147158719152
2022-08-17,0.9472537067590378,0.6575733049552287,0.5142928169238448,0.5584570621963434,0.7351838204949619,1.0421110636939528
2022-08-18,0.9258523625036544,0.7808819807742383,0.6329231448936197,0.6675502853040236,0.8074677024351037,1.0329302601559212
2022-08-19,0.8291744605861344,0.7224585477848388,0.5950613148744595,0.6352197559631156,0.7879956076332684,1.027730896190124
2022-08-22,1.0180582792277184,1.0100797291976304,0.882879562728116,0.9018280199454368,0.9787968348176087,1.039917900410584
2022-08-23,1.3894606846163058,1.4522613996091231,1.2804897129282773,1.2397107046995728,1.1571434565656618,1.0400190189464835
2022-08-24,1.2240255733430403,1.3645094908936,1.2280422049694717,1.2036612228961343,1.1364800885383382,1.035923392170171
2022-08-25,1.0793733610172311,1.2347782034514612,1.134787806105442,1.1302092431985995,1.099234951147891,0.996218348224641
2022-08-26,1.1434279243978274,1.1496701359245698,1.0362414171238334,1.044979879422462,1.0559549333416691,1.0104392010233312
2022-08-29,1.9790292474669375,1.9956591889506208,1.7721467798919464,1.6481207867617118,1.3346475522949865,1.0181667206812943
2022-08-30,1.7534787199434887,1.9163934403545333,1.748692737208122,1.626753586163034,1.323416466366117,1.0276369059919603
2022-08-31,1.6281582017542615,1.9416732415269988,1.8061402810947198,1.6673815256416147,1.3397463876886393,1.0184368819747982
2022-09-01,1.478368919836651,1.859397025959872,1.7933720135783224,1.6524245327859897,1.3339513983570968,1.0352923108800796
2022-09-02,1.2969772063552925,1.664203654106357,1.647982409694937,1.5330689949146687,1.2832106999251398,1.1034715248789264
2022-09-06,1.2643154069968432,1.719907361794429,1.7079671778570336,1.5795971285428245,1.3006958044810708,1.0936495504956252
2022-09-07,1.1327695860679556,1.6241006867188257,1.6362451192704384,1.529808141036264,1.2713832668176186,1.095375831703301
2022-09-08,1.287064001638763,1.4986249086256769,1.4707993692837256,1.4010660060471019,1.2108314598508443,1.116856001287957
2022-09-09,1.1616268316905511,1.3610315342278922,1.346457601712956,1.3027039550322457,1.160457330254675,1.0629343475683404
2022-09-12,1.2381879823379407,1.2645010603235465,1.2219051244872774,1.1992854279784668,1.1074568656189236,1.0528866055538175
2022-09-13,1.1855841122749076,1.1682061840153397,1.1228438831941612,1.1133340498244906,1.062858203202955,1.1772686686511045
2022-09-14,2.4110359614873764,2.407982707695236,2.160018321147109,1.940528443075531,1.4117749757752087,1.1834727841690278
2022-09-15,2.0957313636164683,2.136105901288036,1.9590722827079687,1.7918524325914675,1.3490753550264862,1.1974144680877052
2022-09-16,1.913544862561132,2.137785846534819,1.9903509988465895,1.814180009251139,1.3500698784278087,1.196506823903213
2022-09-19,1.7139207389743183,2.0605491305857484,1.947451427704115,1.7810416224592056,1.32989110940474,1.2122456314704964
2022-09-20,1.529117248709,1.8486230120152425,1.766212709304765,1.6389395408900378,1.2663375269438284,1.2189031340819647
2022-09-21,1.462544834991362,1.897073520538743,1.8734066578699702,1.7424595515380055,1.3579720329018465,1.2466806044473886
2022-09-22,1.5558197960227615,2.074399284420023,2.0433461874053704,1.874232398549607,1.4007029485481939,1.2494534023135726
2022-09-23,1.4300387723635504,2.0226408860931846,2.0147673022536132,1.849666828228983,1.3838563679943974,1.2956815661201644
2022-09-26,1.5139812319694606,2.1629753504353184,2.153700741816405,1.9546446130340585,1.4190347358394408,1.3155455044837798
2022-09-27,1.420945532168205,2.1293410247271085,2.1380610867462595,1.9407146740663788,1.4092399913189302,1.3404510083497256
2022-09-28,1.254453207664698,1.951196864420288,1.9899308101375914,1.8251432956146332,1.3613722073930858,1.365686466946771
2022-09-29,1.4177613688838442,1.7846379961008385,1.7902918268460808,1.6624694985072408,1.2954611965913743,1.3802009227244576
2022-09-30,1.6282501048033993,2.0657254747577065,2.045730881838638,1.8570738480351712,1.3683872423785883,1.4083277527530655
2022-10-03,1.6282254419794873,2.1129084960086706,2.149240568251675,1.929634607320687,1.3973129030349547,1.4491166223293137
2022-10-04,1.8646920569860757,1.9460387465312072,1.9234143697224253,1.751379739680845,1.3322013840253435,1.5168725790103317
2022-10-05,2.1573034371332422,1.813512623579072,1.7167229336376237,1.5925830053492287,1.2709340640904554,1.5496945800652937
2022-10-06,1.8840212787350483,1.6805750885194222,1.6081789068237904,1.506650600431084,1.235624999798494,1.5501266380540084
2022-10-07,1.7283177888254604,1.7289390847248889,1.6619202064793173,1.5520847164113916,1.2548526999320861,1.6060035515152806
2022-10-10,2.0537744982218813,2.195539987846949,2.098748170191091,1.886904492103727,1.388523945978362,1.6143108324142896
2022-10-11,1.8345725404921391,2.1140580543274963,2.037215025817413,1.8337746279813771,1.3703185686148984,1.6348643043158733
2022-10-12,1.637178376551473,2.0181231718625896,1.960615529189716,1.7690641214043157,1.3458190323465573,1.547812087584641
2022-10-13,1.4450093602580885,1.875964039706933,1.8347972484578925,1.6627424424539705,1.3053512104054676,1.6818724675331884
2022-10-14,1.7476634453319335,1.741692116985271,1.6426607342071415,1.5105186154002868,1.2373333406742535,1.7222297340790151
2022-10-17,1.9062518707278089,2.072043626175996,1.962660033081194,1.7545346677851668,1.331255872613911,1.8141186974590855
2022-10-18,2.033455756628713,1.9091258724572653,1.7550767505647469,1.5974621380004892,1.2642704562591016,1.8916400319562243
2022-10-19,1.8453488151888675,1.7343711129967343,1.5789274264589195,1.4640463400288428,1.2048972800841986,1.89679918102416
2022-10-20,1.654186775348893,1.707047417047839,1.563803231992136,1.4558919214037105,1.1956247351732243,1.88352149749761
2022-10-21,1.5122663209914835,1.7105441188075523,1.5792640467865855,1.4698307083174764,1.1972223747333313,1.906639929466372
2022-10-24,1.7257611755684146,1.59340923003901,1.4231289545740933,1.3446031069668358,1.138820458281092,1.8902680760199284
2022-10-25,1.6010951546910446,1.461863785849954,1.293256091246249,1.2423202410763248,1.0878430820049059,1.8755719033753413
2022-10-26,1.5728635941749023,1.3566180896412827,1.1777377702833298,1.1513899189610064,1.037966197114807,1.860266246873925
2022-10-27,1.4337969975273888,1.390758841855102,1.2288422174147362,1.1982856551182595,1.0509182404596813,1.8391474075810448
2022-10-28,1.2918704044318765,1.3741543629908173,1.227717382936441,1.2003887127865158,1.0476622000415405,1.824239515108884
2022-10-31,1.5694919301743495,1.2997440725803882,1.1195491313198827,1.1101959211837207,1.0024278842999172,1.8022327276360224
2022-11-01,1.4290072811854038,1.2838661627633927,1.1756510265815485,1.1536397829634024,1.0215766937086008,1.7766175056818765
2022-11-02,1.2793520070059017,1.2621284785872318,1.1684410206148026,1.145469389963944,1.0146140614863515,1.739144174164942
2022-11-03,1.6848014213376974,1.7531779940603422,1.6533965236671442,1.5349735634813708,1.1781918157300124,1.7218044842528524
2022-11-04,1.5677329100091375,1.791529008645348,1.700676072468318,1.5696959491652822,1.1956005993342271,1.7796015315508278
2022-11-07,1.515093851427057,1.6399614026720477,1.5348318405681012,1.4313742858742702,1.1519688712169485,1.722970665395891
2022-11-08,1.390858356221271,1.4967655310453996,1.3954098094927796,1.3122231184245654,1.1129784513237075,1.7243414374140549
2022-11-09,1.240824978366009,1.3619977669592005,1.2757769758641966,1.2124441868433407,1.0776030758289519,1.718823284472194
2022-11-10,1.5048781219282177,1.7062110216720283,1.6070422215517617,1.4701319212046013,1.1990244723297925,1.89092069957362
2022-11-11,2.834095974824765,1.6629037841572318,1.408419150979976,1.3143458451538572,1.1473519148486715,1.7691601758910314
2022-11-14,2.49914098475652,1.5170066807797222,1.2765528034656115,1.20997686087051,1.110206777920384,1.7350160812824915
2022-11-15,2.220603835787593,1.5503976377000392,1.3324293623409726,1.2525867345278705,1.1347698421421804,1.6632440022111326
2022-11-16,1.968546864437856,1.4162445416717606,1.2133804475669403,1.1555278706490306,1.0937273259762574,1.5693040613805318
2022-11-17,1.765034620932033,1.4447710123339623,1.2570146696847664,1.1884415701797537,1.1153679109211347,1.5836954966775272
2022-11-18,1.5540188357862532,1.3761373150550975,1.2185782334243807,1.1568822773405745,1.1111156762441199,1.5679892981364776
2022-11-21,1.3727956079450776,1.2544493774445282,1.1157850900737245,1.0742703241381177,1.069778744129368,1.540409514307921
2022-11-22,1.2255748289288424,1.2214373221729884,1.0949276002784647,1.0577132223915675,1.060436163962583,1.5270861733859131
2022-11-23,1.234349750885488,1.1400792738641874,0.9956262980287374,0.979752324104949,1.0187030800999173,1.5236581413300068
2022-11-25,1.1187034952075214,1.0513028062108585,0.9138265964423934,0.9136525692000704,0.9794997814451305,1.4844942977915672
2022-11-28,0.9916069284114762,0.9757606511850518,0.8539298685716291,0.8630874960168264,0.9498595720397544,1.4985306755424386
2022-11-29,1.1965909083696462,1.271185629066046,1.1415419012191703,1.109952142290908,1.080424927210887,1.4877061616804388
2022-11-30,1.0635552403670292,1.1980755522350883,1.0853115954296817,1.0724943692908693,1.057481013548584,1.5231603701232208
2022-12-01,1.72284640181179,1.1217180693529067,0.9679211354045345,0.9830567608415245,1.0067180726622915,1.5029108279934211
2022-12-02,1.5115404174761184,1.049542655966517,0.9142028584140016,0.944712437731446,0.9873037638724436,1.4677354745143951
2022-12-05,1.331413931851221,0.9938284991444524,0.8769915080678168,0.9146969824975049,0.972670000504289,1.4694474665441202
2022-12-06,1.4826784503365011,1.3419387005582115,1.219255480167935,1.215273000807463,1.1254621910313485,1.404601501919149
2022-12-07,1.4952440888413885,1.5354878997223362,1.4198474394191232,1.3841821585769196,1.2032890289963731,1.4001460184321166
2022-12-08,1.319633831110702,1.4315973696650393,1.345488396028497,1.3163095375209453,1.1747284835377005,1.3839094275543835
2022-12-09,1.209241503995983,1.3120855192869003,1.2372352562266766,1.2229426897670281,1.1296088715014854,1.3709000865607854
2022-12-12,1.141029172380464,1.3531552222237349,1.2983151658954022,1.2636548246651793,1.149677355376818,1.1217683426263054
2022-12-13,1.196440003305465,1.2576503471544445,1.1854880874463225,1.1636478080244135,1.0968149592863814,1.3108174921384
2022-12-14,1.1047072804673097,1.158625852501873,1.0926846087645443,1.0835504727743557,1.0516021813006677,1.3188285215466051
2022-12-15,1.039694361460722,1.1966743075343649,1.1402810596436548,1.1188574261598463,1.0655008587094283,1.3091972546657302
2022-12-16,1.5318492544367956,1.6850185974432492,1.5580076887808796,1.4545209674963566,1.2204035287455417,1.318889541664069
2022-12-19,1.4760785691168687,1.7683520231294876,1.6511948818696445,1.519735761334157,1.2511542129828674,1.284905787204797
2022-12-20,1.3723957177045112,1.769365043921815,1.6741967567707912,1.5386077514489944,1.268496351157726,1.2716178093785229
2022-12-21,1.2087805433816603,1.593428639123181,1.5447524795990233,1.4400311099787504,1.2299307095297762,1.2802607205924892
2022-12-22,1.2587076458324615,1.4692969315821724,1.3935712542400032,1.32104150628836,1.179734447596866,1.3502423166798847
2022-12-23,1.3274462583351812,1.6396869184817,1.5462025023757955,1.4480585456573152,1.2431643805070058,1.3566070550140037
2022-12-27,1.192729962737444,1.4897261841846656,1.4175056279553027,1.3540428158567646,1.202065722707103,1.359318403307797
2022-12-28,1.0797325616636206,1.435371767617332,1.390054931863951,1.3375975118559382,1.193169772660399,1.3466733257453507
2022-12-29,1.1512773632522677,1.5685814324494982,1.5139667048656362,1.4447704053182293,1.2433600597995969,1.361295502260604
2022-12-30,1.3008806342009962,1.4542304916824706,1.3605217462003252,1.3243573759914997,1.19236283185526,1.3255033246147827
2023-01-03,1.1587363390762655,1.3266721894012363,1.3156139513590361,1.2854780396369585,1.175308924152773,1.351667986023114
2023-01-04,1.0557902080998145,1.2983871103020674,1.3016494222694677,1.2690313195954614,1.1697615821693488,1.3313838340023638
2023-01-05,0.9940619753254314,1.1954124631589618,1.200370695471508,1.1816015057871294,1.1259309713459709,1.3076334290498612
2023-01-06,1.0616320975589617,1.339069667884013,1.3346049484552795,1.2840152470708204,1.1776180195151393,1.335017288902255
2023-01-09,1.396987278546356,1.2637180849993597,1.1952211396098966,1.1601984916259307,1.1220298247995353,1.350150681604555
2023-01-10,1.234323863033566,1.172187907558124,1.1277548081275504,1.0994238196414081,1.0931001138347223,1.3473571095982746
2023-01-11,1.1304655929670075,1.0825837776012823,1.042901037743285,1.0272268859405507,1.0563724807305983,1.339861988186064
2023-01-12,1.1458543002756547,1.0154345411919037,0.9484760822377829,0.9505905187359915,1.0132373813361701,1.3525599503993089
2023-01-13,1.0256296766132134,0.9365665091753032,0.882963956823661,0.8994571604947166,0.9839791013088618,1.1776410922529246
2023-01-17,0.9257549758317072,0.8669868100754455,0.8249188098982012,0.8552785503337764,0.953538741444767,1.1391569849865204
2023-01-18,0.8397819600911698,0.8455400537589559,0.8183255940075606,0.8523366271149213,0.9445241456817097,1.1105021265507382
2023-01-19,1.0952640173918584,1.160065748293074,1.083602215156441,1.0869868399954512,1.0654387317948872,1.101245323308255
2023-01-20,1.0474517734567836,1.2164439527607047,1.1482321216131677,1.1451226180026504,1.0886646078000919,1.111017581840819
2023-01-23,1.248832605819275,1.1465550549938808,1.0320312717259563,1.0442745927870583,1.0364854546109286,1.1208751080387065
2023-01-24,1.222312753818254,1.0706108649222863,0.9436061138184043,0.9691691199691921,0.994298182788211,1.1085843874172103
2023-01-25,1.086477754232978,1.0113201282126938,0.9210461537012846,0.9502320641995582,0.9820841109223966,1.0613857737039565
2023-01-26,0.9668717109070548,0.9312416992789884,0.8796428064110922,0.9133311771758417,0.9610087136242732,1.0730517712115144
2023-01-27,0.986668954500592,0.877597934430716,0.80555088610307,0.8484247417962266,0.9248755359421619,1.080588897110755
2023-01-30,0.8843048076205416,0.8110655020833453,0.7670962533715983,0.8108321402168833,0.9058290798022341,1.0847358917686865
2023-01-31,1.0181416836959527,1.043442280011914,0.9744121643133797,0.9889986574521088,1.0059263425717089,1.0634292051921368
2023-02-01,1.114128132742532,0.9483826578479396,0.8822658966724749,0.9083267414302668,0.9625433313611023,1.0998722247465471
2023-02-02,1.090944097435406,0.8916648815006719,0.8101337504232774,0.8430216326361313,0.9273432265386237,1.0865474869281264
2023-02-03,1.1618177858205905,0.8494072896799573,0.7318644023683272,0.7743649000335436,0.8881474247578557,1.1155032416798498
2023-02-06,1.165851790913606,1.025501030095959,0.9025215214704996,0.9233808749704235,0.9789064264518698,1.1180826297919766
2023-02-07,1.086554900871678,1.0739949788378225,0.9654032651254625,0.976308328567648,1.0122095922464402,1.0779769410536308
2023-02-08,1.1225724034954576,1.008261977214027,0.87882631846235,0.8987957041869242,0.9784984495044756,1.0628584439309676
2023-02-09,1.1432023088251364,1.167711799300066,1.0382743139821875,1.0282908685187302,1.0582726343693016,1.1065447493431997
2023-02-10,1.111158385129755,1.2532479988055245,1.131866923038728,1.1050020423997309,1.1063341891603304,1.1017452337114235
2023-02-13,0.9914218978609476,1.1446949031687972,1.0588097258025602,1.0408721872355904,1.0755678973717486,1.082193975835599
2023-02-14,1.021325318705076,1.0680738287644442,0.9649551478520741,0.9643045347806948,1.0329467764533133,1.0799770537393247
2023-02-15,0.9145207131063604,0.9978923990565334,0.9153264594356085,0.9260107431196849,1.0077667877844108,1.0829034355217435
2023-02-16,0.8291821906545797,0.9204069740395482,0.8577943487607481,0.8787748261687887,0.9750718324355259,1.1006550713607135
2023-02-17,1.0192921455414683,1.1643615800416067,1.0744506982571496,1.0668771594133417,1.0750777587609315,1.0938345380183605
2023-02-21,0.9242656193287409,1.122306709899196,1.0560511252370322,1.0528651142380068,1.063578083564733,1.0948338132160431
2023-02-22,1.2923906873990083,1.495711140249257,1.3824392134675119,1.3271898646951128,1.1940214364169979,1.086808995996284
2023-02-23,1.149231041866652,1.3921732467813517,1.3131240668518378,1.2728410079348031,1.1641617708945278,1.127242961915747
2023-02-24,1.042570037346791,1.2732074808956622,1.2124656241289533,1.1901963394418063,1.1194963202137234,1.1100643622825628
2023-02-27,1.0779431024474204,1.388913812346163,1.3272797284561344,1.2855079909507814,1.1590906194176795,1.1241116621042964
2023-02-28,0.9679772493404034,1.266444292221101,1.229879830967075,1.2040103697332767,1.1145800853132777,1.1169969731251714
2023-03-01,0.8933215286058916,1.190553209633637,1.2134345926920873,1.1946643530581713,1.1017684011545168,1.0963654863497163
2023-03-02,0.8339446363133229,1.1708204246756868,1.200253568981253,1.1884221509273958,1.0909694430307983,1.1040962595747346
2023-03-03,0.8200100923683474,1.0838923706318089,1.1057609892526394,1.1154817290928116,1.0462153022567784,1.0643025317279369
2023-03-06,1.0214640812346063,1.0258065889030796,1.0060889067869216,1.0344461831500675,0.9995376456399153,1.0425810373624915
2023-03-07,0.9137681802486616,0.9394674810292424,0.9472688936805618,0.9841170298920037,0.968224099475002,0.9962956095353254
2023-03-08,1.1189104772166936,1.218852036662466,1.2067242691719802,1.2048256953430658,1.0711175650546194,0.9892655229106542
2023-03-09,0.9977078458624696,1.1125015204994009,1.1330989195880288,1.1338872272812643,1.0339552684889333,1.012871043262611
2023-03-10,1.2730573273302228,1.4415235280362215,1.4207130164028228,1.361313756397538,1.1351114831508702,1.0361251724521745
2023-03-13,1.3375073516325684,1.6157716996197755,1.5834176113436922,1.4765828555947205,1.1843680205554712,1.0625924521481886
2023-03-14,1.1896277077522024,1.4972192715651529,1.5138056368560935,1.4166029753429232,1.1579322736415831,1.1329603170152474
2023-03-15,1.281585253389159,1.3908665441921673,1.354100752972293,1.285766157579221,1.1000128749273346,1.179599431383786
2023-03-16,1.1841845585849982,1.3949556200321431,1.3740796296329276,1.302807825610659,1.1034514813694325,1.1894424241439128
2023-03-17,1.3046148434030442,1.3034175655082905,1.2151459257858377,1.1765018157079157,1.0446081303037216,1.1964656771917503
2023-03-20,1.2971693151255477,1.4357652340543414,1.339428275582704,1.2752932247358573,1.0871267580408348,1.1632023956015924
2023-03-21,1.219662382620735,1.3214225567303837,1.2244779921380766,1.1800133408532636,1.0393742243783675,1.1819413715473654
2023-03-22,1.2232175018408622,1.228799026875226,1.104737467363657,1.0789110901386045,0.9892105840649922,1.2082194668265969
2023-03-23,1.3735792276854937,1.5000842595127506,1.3310136262851273,1.260924804390413,1.0719063068303216,1.2489042736390952
2023-03-24,1.2190106325887278,1.3624450504305805,1.254717976290758,1.1978986749674552,1.0454110360514115,1.224168190223064
2023-03-27,1.1148412315742997,1.2501247670733897,1.1618245893643342,1.1205396646570305,1.0167019330699107,1.2062758562980995
2023-03-28,0.9946889963561636,1.1406415033068629,1.0986541744029523,1.0690236659097159,0.9986500572133222,1.17461153597534
2023-03-29,0.902526251103282,1.0955161767210475,1.0792610758440746,1.0540448102979576,0.9965331812367192,1.1947297760520377
2023-03-30,1.02954605009933,1.0326528707720737,0.9664605813110207,0.9607816693544629,0.9532555430907258,1.2011827233618368
2023-03-31,0.949448637330799,0.9572022699523388,0.8963280296917892,0.9013681736827566,0.9240588924310917,1.1942943489982738
2023-04-03,1.0496237420205003,0.8666542818316322,0.8004693057550597,0.8188118204802711,0.8852028542460044,1.1798796259212996
2023-04-04,0.9485156637702936,0.8053288657372313,0.7553284010721143,0.7795554801434973,0.8674585439614297,1.1763165816105898
2023-04-05,0.9029509777228026,0.8671458786420148,0.8182702799635003,0.8344164078389615,0.9012532892000986,1.166832320721913
2023-04-06,0.8294697278654025,0.861051126525639,0.8272384574867675,0.8428703821224249,0.9060055377344782,1.167559346220737
2023-04-10,0.76446652970116,0.8005202565974553,0.7780626768160447,0.7983136528960575,0.8789359253357062,1.135339717640239
2023-04-11,0.6966781668260679,0.7400876476740164,0.7451870620949635,0.7685979841323954,0.8601981529837887,1.1030467395638095
2023-04-12,0.6405354656032863,0.6917636839550183,0.7203436690906946,0.7454462310362073,0.8444613416654297,1.0349321775636864
2023-04-13,0.636203253985567,0.7352741029273032,0.7616182698249323,0.7779367559193212,0.8619036355418623,0.9662795512943004
2023-04-14,0.8221415661602178,0.7087329002317703,0.6742912360604145,0.7007033912488165,0.8134229477318822,0.9190528391255964
2023-04-17,0.7607995292203188,0.7164131785732785,0.6919459558375951,0.7148993698612812,0.8201784351444926,0.8837904250011642
2023-04-18,0.7049905028565682,0.6702468003582867,0.6540439655585364,0.6831547738158209,0.7977537032679868,0.8703650757243051
2023-04-19,0.6469468097514632,0.6222711654285318,0.6296404867539754,0.6680713418893488,0.7846331244167519,0.8740951344563218
2023-04-20,0.6005812442825088,0.5940389601982782,0.6151531169912156,0.6611314572690334,0.7766480206594347,0.862824481258724
2023-04-21,0.6328814450674559,0.6796880082896763,0.6852273126176187,0.7300208438273065,0.8123449565755423,0.7964336701881138
2023-04-24,0.5870863914007796,0.631045187710589,0.6586983819030905,0.7063077577574265,0.7882289494596298,0.7153242859811688
2023-04-25,0.549541201933528,0.5877939675250383,0.6446412684630884,0.6908825347026388,0.7764448349485187,0.7018778713423376
2023-04-26,0.9390630386625416,0.9646254981437226,0.9021948956811164,0.919921918406381,0.8957471055581367,0.6943768307042711
2023-04-27,0.8768783285697314,0.9800067395606152,0.9380289222969753,0.9517495761941296,0.9080712562278374,0.7106067087898402
2023-04-28,1.1800687367648657,0.9418309176940672,0.8067615509038246,0.8379635153359163,0.8490919655563507,0.6703181036009632
2023-05-01,1.1059923975059776,0.8582306026220097,0.7389847803648237,0.7771509020112075,0.8181640764641162,0.6561990380858745
2023-05-02,0.9915830242103238,0.8220563455874798,0.7408982805539963,0.7717382651998053,0.820345912945544,0.6885424339937968
2023-05-03,1.0522429090845922,1.016605897333786,0.9026070492179687,0.9059733563510755,0.8947166582382255,0.7130146723933843
2023-05-04,1.0073877894767376,1.08200032200298,0.9786011833545759,0.9642033429911264,0.9262003732003171,0.709354074210366
2023-05-05,0.975425672991346,1.143796229932763,1.048335628946749,1.0180695871708498,0.9547834737785789,0.7442186187931408
2023-05-08,1.19127589531539,1.0807543712236696,0.9078268212494508,0.8988332392299648,0.8985018283660186,0.7372165793887588
2023-05-09,1.0614196841622392,0.9958160181620316,0.8750300343093284,0.8700712533111825,0.8866086383297996,0.7242278501165416
2023-05-10,0.9801153341500966,1.0114887982484035,0.9088976798529894,0.8977993750850307,0.9017627472732812,0.7679655201994633
2023-05-11,0.8974708431565056,0.935706637010402,0.8506065940999138,0.8499143140653973,0.8767442389605958,0.758324854223483
2023-05-12,0.8186803775323017,0.9052886722656528,0.8447927768908325,0.8474874060841502,0.8769972678502737,0.7620515696261894
2023-05-15,0.7498274846785528,0.8697963242199794,0.8346542251732352,0.8381509945200848,0.8742072335120209,0.7496370344242591
2023-05-16,0.695497895661972,0.8070400126031955,0.7873925470705371,0.795819252323117,0.8518911049181505,0.7495527902035711
2023-05-17,0.7288854387541513,0.8950824237175504,0.8638589470787519,0.8596960895018925,0.8872919383911252,0.7670366310722077
2023-05-18,0.8446385221353129,0.8471237692611285,0.7744758973304143,0.7835446967995229,0.8454740845070876,0.7590356805838677
2023-05-19,0.864653659199525,0.7992593341699485,0.7013922117674057,0.7218510900922714,0.8082364066665046,0.7370244795523448
2023-05-22,0.7892438194532342,0.7781188793780383,0.6977276784959486,0.7223259308725444,0.8065836707711354,0.737317858093955
2023-05-23,0.7185988377043351,0.7234774630780314,0.6741097110630185,0.7043069114135553,0.7927736390920501,0.7553888415382686
2023-05-24,0.8652996612516876,0.9343012000221144,0.8414352732374433,0.8549381449312244,0.8729472700473719,0.7466843604371207
2023-05-25,0.867885167292705,1.018548012793014,0.922799118779095,0.9279397651482448,0.907815720341596,0.7666677327570832
2023-05-26,0.862682525294929,0.9499591166146122,0.8458968741087334,0.8622658538699368,0.8735462685296996,0.7565506722827035
2023-05-30,0.957189783205483,0.8976312621963379,0.7601587402001122,0.7866182150010299,0.8349140025883084,0.7643424912817567
2023-05-31,0.8608764348712421,0.8308001947763392,0.7333938184825631,0.7608989285903006,0.8218403936620878,0.7737033906423879
2023-06-01,0.832307346610161,0.8565247943608608,0.7988931954752371,0.8177882015220388,0.856821842650399,0.7563994489045869
2023-06-02,0.8522080030613319,0.8068411655682756,0.7304836187115746,0.7567882844419109,0.8250741342572261,0.746813555285158
2023-06-05,0.9902387047887642,0.7720125675755517,0.6493129309993975,0.684141335071224,0.7843717978846583,0.7437185160442732
2023-06-06,0.8984959565030949,0.7629691704223598,0.6577438462524627,0.6917732862457893,0.788156359911405,0.7043087800124314
2023-06-07,0.8134845305949245,0.7091081196428466,0.6274027065741588,0.6639874880437096,0.7701963084884054,0.7083203755562537
2023-06-08,0.7653997695768511,0.7384190991223943,0.6622894946080129,0.6945095020588821,0.7873460436923383,0.7084785474760343
2023-06-09,0.7380090832935419,0.6944908157489208,0.6162114836615126,0.6532352933582578,0.7622295568205104,0.6642057271721508
2023-06-12,0.6770768869027837,0.6468708441709565,0.5887501665145891,0.6272825110536568,0.7452223278881432,0.6615780212479265
2023-06-13,0.7289988504158994,0.6180416171919417,0.5393610790525544,0.5802140545522781,0.7150219133763408,0.642931556548866
2023-06-14,0.7178776995084973,0.5872406077740681,0.5006003013517946,0.5443461339336719,0.6901339429586361,0.6572288136596669
2023-06-15,0.6590396454565235,0.5489968437681477,0.48202457457925535,0.5259178561477982,0.6770216978458411,0.6770923921391884
2023-06-16,0.8058076284217923,0.5362694032781474,0.429387083113477,0.47650463267375165,0.6438328432192294,0.6647153073894704
2023-06-20,0.758529265709268,0.5835256759870918,0.4778877384760345,0.5222377859857562,0.6755886023216789,0.674049751784024
2023-06-21,0.7467454043194017,0.6653767875261898,0.5568140924560452,0.5954645373303455,0.7221455828326562,0.6732846984608233
2023-06-22,0.7364610605309293,0.7358087888888314,0.6266425244575698,0.6614849746667644,0.7603594818707268,0.671486282828666
2023-06-23,0.6861110064537385,0.6874717534490453,0.5906186579929221,0.6311982143747765,0.7416476603108454,0.6797888950183156
2023-06-26,0.7419152484133636,0.8113783483782167,0.7043869339592681,0.737961057796439,0.8023951047967283,0.6776876906484697
2023-06-27,0.716078525786091,0.8422984020711559,0.7431607048415206,0.773756023514238,0.8231780001918463,0.6531139352573778
2023-06-28,0.8032049311672512,0.7969433009001375,0.6786743597089339,0.7158251902285787,0.7909611008357977,0.6460570764851588
2023-06-29,0.7307137642403783,0.738676513361587,0.6476230837183159,0.686561499228324,0.7751398008117534,0.6320722038619605
2023-06-30,0.6843512884029296,0.6906804777557967,0.611952907608784,0.6503786346402737,0.7558964675052726,0.6387643680685046
2023-07-03,0.8028571127106203,0.6364234728451866,0.5593653915463029,0.6004694786932148,0.7267556269945149,0.6139699718995054
2023-07-05,0.7306619875432065,0.5933777178223053,0.5361236010446935,0.5780011067426973,0.7134713734401215,0.5989542792672964
2023-07-06,0.6785401750684139,0.5943749622416269,0.5432691701243312,0.5834767299306973,0.7164376877721595,0.6247317135731036
2023-07-07,0.7432335569123082,0.7374336801366733,0.668367009432275,0.6945939587972415,0.7850222281539073,0.6466608376996288
2023-07-10,0.6980235682987878,0.7442781594129315,0.6830657137831264,0.7063130325290045,0.7917458796870814,0.639697854981828
2023-07-11,0.6469450931401287,0.6931181848344604,0.6461544735027935,0.6724863295061652,0.7715576297488486,0.6406955827080596
2023-07-12,0.6501964803928562,0.6546520175564564,0.5989062903390421,0.6316770299443324,0.7460062524202283,0.6698663164207997
2023-07-13,0.6855617753727825,0.6233452394502532,0.5488473844510485,0.5878705288075552,0.7172048746274651,0.6751023695823256
2023-07-14,0.709273943827924,0.594918469086856,0.5042332926882079,0.5480320178353718,0.6888609625779579,0.6771335381500105
2023-07-17,0.6555449064892621,0.5787063671605949,0.4972515932180282,0.542107923849939,0.6831670458050974,0.6564135593874932
2023-07-18,0.6186250923288694,0.5457877377417011,0.4712891403037603,0.5179388097837277,0.663961188324656,0.6372359216904603
2023-07-19,0.6494176914650928,0.5238371185409401,0.43653522168399017,0.48578484178237236,0.6386422465188537,0.6254304737495407
2023-07-20,0.6052295623974026,0.493624540734016,0.41779236419600374,0.46949253341554853,0.6239624597211908,0.6137697110262564
2023-07-21,0.6625639378376886,0.6218078045545606,0.5349354895481375,0.58024232596779,0.6948985404160758,0.6138475803269874
2023-07-24,0.6143305540994447,0.5909964999672062,0.5162240572987203,0.5637207554791649,0.6832792804574157,0.6150472888526443
2023-07-25,0.5960713782468184,0.5588588726189243,0.49026521235238996,0.5412552867478432,0.6711501862553054,0.5828468431698106
2023-07-26,0.5644800286655942,0.5263661322836863,0.4681560886164093,0.5199852365562209,0.658081355898607,0.5803943129480025
2023-07-27,0.5333190208457964,0.5017623803363219,0.4562168829630899,0.5086304175971775,0.651846099619284,0.6199294967400444
2023-07-28,0.6131455738469409,0.6286109975045946,0.5678683490650361,0.6105927197360216,0.7197422337026027,0.6520323350525756
2023-07-31,0.7014306828891963,0.6033455030598218,0.5181694583712754,0.5639630678004475,0.6927240461566933,0.6529718776355417
2023-08-01,0.64532794555941,0.5418356524717924,0.49719625306662363,0.5430718894425147,0.6833512037789599,0.635292667990406
2023-08-02,0.6227472995684882,0.5764244950142132,0.5331603875876351,0.5747055380753553,0.706661672302119,0.6647888713317731
2023-08-03,0.893583058773062,0.8909005918138482,0.7863030910590549,0.7991696655808154,0.8401697263655775,0.6756300620679563
2023-08-04,0.8256937580920656,0.8878876647270761,0.8005253458599593,0.8096164913679714,0.8449684469320845,0.6744294982508545
2023-08-07,0.7897966083228802,0.9186847992232594,0.8395561852371635,0.8404529883812413,0.861799692393717,0.6555374641842389
2023-08-08,0.8028211500957907,0.8609162481037097,0.7672925552055102,0.7773155324570427,0.8283214860302512,0.6931351807619284
2023-08-09,0.7689215062722107,0.8912509979903852,0.8053377638948512,0.8067241347914633,0.8458666562312812,0.6922028475661394
2023-08-10,0.7829978428838287,0.9673165770265606,0.8797271567188975,0.8664937668428002,0.880126763916242,0.6995126337868309
2023-08-11,0.7143444354613381,0.8945463963729516,0.8339016596542205,0.8275901636288683,0.8624791177834802,0.7034662278241887
2023-08-14,0.6596570385608449,0.847109523979593,0.8012634737457508,0.8013552663225307,0.8508322398215802,0.7027584439635008
2023-08-15,0.6458445981163955,0.7910466738055746,0.7421356076798261,0.7530678838444524,0.8248031903325217,0.7123397867320006
2023-08-16,0.8305679438568546,0.9973290590881592,0.9129218320623885,0.9014101007340447,0.9060193444070276,0.7167793620155284
2023-08-17,0.8429935924341876,1.074109012869074,0.9849640074321552,0.966527849674022,0.9401500077634821,0.7254780939898015
2023-08-18,0.8582312344983213,1.1471346554673578,1.0576263494650553,1.0301165681564635,0.9711849593491731,0.743395745320547
2023-08-21,0.7778377460542811,1.0521654376376093,0.9996698420236432,0.9868301637671061,0.9505054034537753,0.7542917688966034
2023-08-22,0.7540723730892843,0.9756966708444942,0.9228390981079859,0.9249707788049721,0.9212375893300031,0.7580222150043998
2023-08-23,0.7088913955069924,0.9600707458464832,0.9201579991365013,0.9260092766061973,0.9222580043572828,0.7646128638711502
2023-08-24,0.8003360832740339,0.9022606270958788,0.8358437655922658,0.8546796812051083,0.8867917718795845,0.7771357745581716
2023-08-25,0.9948077269199526,1.145543584526933,1.0521288565022975,1.0376285262198233,0.9794871726998089,0.7717519741256722
2023-08-28,0.936839690483542,1.0595774209400075,0.9712324512357806,0.96518733318986,0.9435321698732261,0.7558575684501806
2023-08-29,0.880110148165387,0.9819822717045216,0.9023077111806272,0.9012471329120438,0.9126776118992334,0.7696232022615147
2023-08-30,1.0054877140954508,0.9279015995196735,0.8110230533631801,0.8201955247457035,0.8695815522560305,0.7672702045266884
2023-08-31,0.915075585699013,0.8606575852892958,0.761318393355239,0.7754492090079134,0.8453416160150993,0.7452710163786298
2023-09-01,0.8338107889394353,0.8003269185548949,0.7516489717861694,0.7685075533844988,0.8399107768374285,0.746031197895744
2023-09-05,0.7592401076465192,0.7430065587436883,0.7130080030733491,0.7369712369410126,0.8185761035603902,0.7202071392826045
2023-09-06,0.7336157798623913,0.7858426879551794,0.755230214389653,0.7763461091533537,0.8385131771789368,0.7316015381784817
2023-09-07,0.7564140599112985,0.8750681082012101,0.83568517378237,0.8467976796733109,0.8747110407394713,0.7188203528899553
2023-09-08,0.7150663250195487,0.8777657727597489,0.8473884829394233,0.8575275209460262,0.8785952052304327,0.716661043335769
2023-09-11,0.6583040088303361,0.8117532354091601,0.8056462342012533,0.8221731569693013,0.8579284492313375,0.6896724638884288
2023-09-12,0.6624812290021418,0.7617323928647644,0.747639628426881,0.7706902540265869,0.8286901747698765,0.6866760515430137
2023-09-13,0.6781145958181574,0.8270179995897529,0.8082594472642867,0.8252398271701946,0.8553456081018551,0.6841747084611954
2023-09-14,0.626894257261162,0.765693046259518,0.7697896712699582,0.7941482680045526,0.83509963075586,0.6849172071097573
2023-09-15,0.6809215743016988,0.7241097800930425,0.7057719911242625,0.7389390853781644,0.7994236060277898,0.6878244934020646
2023-09-18,0.8614079542020633,0.9500718501739406,0.8962927649707607,0.9079004365413786,0.8842731486548712,0.6781710885703176
2023-09-19,0.7814376242880591,0.8755516808085921,0.8551533977279601,0.8706908449835337,0.8618016712625778,0.664004604907659
2023-09-20,0.7258771041823394,0.8587386010994654,0.8515281919422228,0.863934173674601,0.8534862133444479,0.6570883772103787
2023-09-21,0.8087135912728658,0.9938972709826348,0.9691666321304261,0.9627681338299449,0.8960166467572152,0.6733503900878917
2023-09-22,1.0833615207783978,1.2863089900125575,1.2109358258059697,1.1587943936704004,0.9797774638906963,0.6731027863492608
2023-09-25,0.981522902124426,1.2262611701606585,1.1865089648615865,1.1391223529941317,0.9666237838508426,0.6576231688488138
2023-09-26,0.896682337168549,1.1267071190781557,1.112493738968124,1.0776578474095015,0.9382521127892982,0.6479629805252033
2023-09-27,1.0780490828846252,1.3506006603419942,1.2896901493499835,1.216116721990909,0.9978331772861814,0.6627642195814891
2023-09-28,0.9669767182960608,1.2344444571965902,1.2313869697891993,1.1676583790998007,0.9778631675383698,0.6653201623269456
2023-09-29,0.8994471360636679,1.1367742853695335,1.1466380095073325,1.0961691674822893,0.9480078432356982,0.6990804207046015
2023-10-02,0.826279373859792,1.0618783875793496,1.1336784364855035,1.0855001301089306,0.9457019171192272,0.709529679928442
2023-10-03,0.7538635766749695,0.9932764589523968,1.0983958930050703,1.0586756292678436,0.9360715810142803,0.7310236840021951
2023-10-04,0.9463172921822138,1.205224505952591,1.246251385214931,1.178901919552456,0.9924505686020875,0.746313134868135
2023-10-05,0.90197223129132,1.114076506327894,1.149968189334104,1.1009050120267654,0.9609634473344144,0.7456214868473652
2023-10-06,0.8180357285032355,1.0392962454152612,1.115458116459713,1.0719505917703236,0.9486487360641177,0.7887185269435801
2023-10-09,0.8946028698170831,0.9747607813576108,0.9999247256856906,0.9732623280389028,0.903330392846442,0.8028677314346252
2023-10-10,0.8477697265970799,0.9075946014151148,0.9283525253798149,0.9113107569358138,0.8746361474463737,0.8077073839006675
2023-10-11,0.7947718224736185,0.8454892274984843,0.8667927689166939,0.858074615287462,0.8494053231645922,0.8105647105214421
2023-10-12,0.7398178201645046,0.7879329988684938,0.8168767521276933,0.8124472323404172,0.8280801962006428,0.8300193627973437
2023-10-13,0.7479681608909499,0.8624005185123014,0.8782345025895559,0.8616230088713975,0.8558842928571047,0.8448096749044499
2023-10-16,0.7345124842707161,0.904619286296408,0.9196736520404966,0.8928428871465823,0.8741415671481804,0.8478319367059525
2023-10-17,0.8024937946581703,0.8522485305783498,0.8251537021585504,0.8135056129761093,0.8359261098651768,0.8744134552994816
2023-10-18,0.7327216701429146,0.7997450398416274,0.8039579445293217,0.7983368738545494,0.8272274445738799,0.8818229774332961
2023-10-19,0.9314713135603588,1.0428895688779851,0.9657187341089092,0.9354234380932765,0.8980828273250505,0.8965127031397723
2023-10-20,0.9480038280584132,1.1431069819391604,1.0499677064259336,1.0096973821752797,0.9334749885472952,0.8853765725220879
2023-10-23,1.0430818104449466,1.306865811814983,1.177295310478076,1.1182803980641447,0.9853425096377687,0.9082414573007384
2023-10-24,0.9442210372205936,1.2349210827957864,1.1569555254816732,1.1056945916790364,0.977609839803629,0.9199939597264736
2023-10-25,0.9040616587094508,1.1408420353137227,1.064151971187807,1.0343987324710775,0.9412630997288021,0.9084964045627206
2023-10-26,1.0709767068691505,1.3524556703513857,1.2272683144016923,1.1701150363879915,0.9986489940560236,0.8980078599287686
2023-10-27,1.1237224445433005,1.479679266052083,1.3422423683308506,1.2642333948857034,1.0377620789023392,0.9007172870352161
2023-10-30,1.0354073369124244,1.4395830580031663,1.3495051740531154,1.2677059262899282,1.0397023432566723,0.8978433756174055
2023-10-31,1.0559279983422278,1.329382883775006,1.2182780965930553,1.1586399850462616,0.994073564933551,0.8990310489160644
2023-11-01,0.9789857030433744,1.1820022752653985,1.1340066521472232,1.088031413892849,0.9642216064634834,0.878455168888504
2023-11-02,0.9864999572239316,1.0994912975359232,1.027802305628131,0.9992833680703277,0.9251344856455495,0.8901611933531963
2023-11-03,1.207476395967936,1.0410718917530468,0.8792244504069734,0.8754413364558651,0.8661292927646403,0.8884957341499707
2023-11-06,1.141950399643448,0.9715765084095078,0.7973226575641101,0.8062213638723381,0.8340361889572139,0.8345274217547938
2023-11-07,1.0253722498660756,0.8977405329766182,0.7617049992924644,0.7752069355558607,0.8217452359541321,0.8224849334078221
2023-11-08,0.9272147222727656,0.8326971398606983,0.7232915476956945,0.742858345632117,0.8075753019013734,0.8126356227189885
2023-11-09,0.8385788202222615,0.7707382697689809,0.698708160729815,0.7202564213444513,0.7998275689056529,0.8062735409702164
2023-11-10,0.8565112676885966,0.8839686135049835,0.8001112927556142,0.8073323004439703,0.8530907556853538,0.8130522701430368
2023-11-13,1.0199761045648732,0.8427864456926413,0.6928235307077227,0.7141269790903895,0.8043689594949278,0.7958147703451296
2023-11-14,0.921606286454456,0.8080051584017647,0.6922565892719567,0.7126075921401084,0.8097425922943698,0.8325013418444986
2023-11-15,1.1744523946849057,0.7815599152684778,0.5680531511029058,0.602828723334875,0.7497358969077741,0.804089633894792
2023-11-16,1.0529102627271103,0.7272427544071072,0.5471071318447716,0.5832275259644287,0.740413997763098,0.7896204307499645
2023-11-17,0.94662659545663,0.6768094813704976,0.5317382621189874,0.5679334616629517,0.732254947445952,0.7648092976966
2023-11-20,0.8553924063140897,0.6313701344021967,0.5168727282968202,0.5543248043923761,0.7231312272694463,0.7637175019054728
2023-11-21,0.8359794559005074,0.6017412503081229,0.4681680752101815,0.5103851574809078,0.6950387325037717,0.7351416616546422
2023-11-22,0.7726660184831298,0.6151949805205961,0.4944891950765719,0.5361543241097599,0.7138464986072706,0.7159918861486044
2023-11-24,0.7200500626523161,0.5802940915332082,0.4654837077246001,0.5118090676618235,0.6953644556334302,0.7036396585035896
2023-11-27,0.6627473249607356,0.5429381238943346,0.4575802328137546,0.5059722096072913,0.6900636353693429,0.6906978892570512
2023-11-28,0.6259408947125337,0.5547011952709335,0.4810266453351712,0.5290013987743871,0.7055252351491844,0.6745334007717008
2023-11-29,0.5841117137776632,0.5203715286191726,0.47292223515640414,0.5233745250030849,0.7004824392917608,0.65236258624822
2023-11-30,0.5538001149982859,0.5128648414823367,0.48175418304425544,0.5334967000874606,0.7061290093156057,0.6444244876663668
2023-12-01,0.5398275935366413,0.4591460076197945,0.4555522754816698,0.5103566797790144,0.6903837562968314,0.6410325374550835
2023-12-04,0.5612821817283611,0.4410067849433164,0.41764970308246196,0.47573417038191895,0.665912305821967,0.6520483825430505
2023-12-05,0.5980549411576983,0.5400874942746644,0.49760770854062414,0.5524592689244676,0.7201821960990316,0.6448289286337121
2023-12-06,0.562464726589587,0.5216256540245018,0.499608154217541,0.5541702310021075,0.7220970702968154,0.6534360589574801
2023-12-07,0.575442291015327,0.5830284374333247,0.5573808935524537,0.6099283337774767,0.7585159712442664,0.653926882126523
2023-12-08,0.6218683042414902,0.5563654401980539,0.5081443375559991,0.566350741638104,0.7290477741539383,0.6507331584904594
2023-12-11,0.6005487857721523,0.5269371543189989,0.4802804032953082,0.539523104095154,0.7124807047566445,0.6447142303576385
2023-12-12,0.5789388218695273,0.4995571934222139,0.4557468334580249,0.5147723727054455,0.6979755041725239,0.6121988530290415
2023-12-13,0.5699097232945708,0.4757109476144159,0.42937222946385617,0.4861308644702319,0.6765195777000553,0.6106579112061244
2023-12-14,0.7910871326579925,0.4687500727471353,0.3472099511470346,0.40414847159921563,0.6134882269996318,0.5599900517686174
2023-12-15,0.7295353019854348,0.4454822945140577,0.33125698623973915,0.38790678869062767,0.5997650221505344,0.5641208323969
2023-12-18,0.6793490613774888,0.4641598231973731,0.3596382361705623,0.415086202523716,0.6216414784684179,0.565317374690226
2023-12-19,0.6636570519395476,0.4451203653752378,0.3267782849708533,0.3826443086747414,0.597021775721835,0.5607057567292068
2023-12-20,0.6583367941647228,0.4284619604940153,0.2929892475697074,0.34808853136150586,0.5706261631747905,0.5890150755022959
2023-12-21,0.9058320988611788,0.7867983352965785,0.6052776344294348,0.6498459842548874,0.8138556205377063,0.6052411562169526
2023-12-22,0.9064661413332064,0.7430179699477384,0.5397971616845818,0.592463559476057,0.7774678747642392,0.610810654324951
2023-12-26,0.8214049409436741,0.6920471766764609,0.5247012466150621,0.5814278522319433,0.7702224105646482,0.6118236780722484
2023-12-27,0.7626982468795032,0.6495642659373487,0.49625991268870906,0.5564906326579263,0.7526965263578098,0.6055170082775576
2023-12-28,0.6991148448043737,0.6074534231219775,0.48470889990163657,0.5464962718252815,0.746307350786215,0.596809435841352
2023-12-29,0.6447317539492209,0.5719832446350946,0.4844341010240695,0.5463395357598497,0.7473567132871879,0.5933701645556124
2024-01-02,0.622976529854071,0.5872356884003037,0.528051252850388,0.5870987878201714,0.7781008260818697,0.6091201350305194
2024-01-03,0.6503414864458674,0.6745170141020811,0.6108693964636652,0.6642894728584812,0.8306181313040659,0.6107426726796924
2024-01-04,0.7289859874545729,0.8089790091161084,0.728871855113591,0.7724298066899089,0.8984316831694249,0.5758931830686014
2024-01-05,0.694607625444765,0.8216565136923064,0.7642040395617582,0.8056477341013352,0.9183953776484806,0.5782822333064526
2024-01-08,0.6413365057668464,0.7619242774998787,0.7449940706691105,0.785781690492082,0.9083079660376965,0.5729667715720977
2024-01-09,0.8458627758219056,0.7320755173623908,0.6478116480023263,0.6963320132248974,0.8533770676943433,0.5839558017594734
2024-01-10,0.7760049555650198,0.7199321147669596,0.664217243257032,0.7086245404781465,0.8593095003947042,0.5816946030643346
2024-01-11,0.7413083070416214,0.6783304021978216,0.6233626136586979,0.6676485558925108,0.8330654778449137,0.6146222773404114
2024-01-12,0.6826464560242411,0.6513838555765696,0.6276389676436614,0.6717636680601231,0.8360265306251581,0.6188856504314743
2024-01-16,0.6309742383207434,0.6073622170924369,0.6214417459472537,0.6676642171777373,0.8315955685516264,0.6188930366752026
2024-01-17,0.6224681350782281,0.6509325918708035,0.6679528443959715,0.7113433597041634,0.8562708632741242,0.6186821911008171
2024-01-18,0.6492014175472363,0.7296735684085283,0.7376347494882469,0.7779558674275854,0.8923842517335465,0.6281456097676302
2024-01-19,0.7023365744689051,0.6930823803317198,0.6698790626390749,0.7192173462242925,0.8535292649502835,0.6366707559635686
2024-01-22,0.8299168703432592,0.6667918631144344,0.5870158083974379,0.6426379329250772,0.8050996605299318,0.6442464995747937
2024-01-23,0.7571241950836068,0.6238911144853518,0.5718075996162704,0.6291303329952889,0.7965142047631462,0.6097074085998124
2024-01-24,0.6995708417790153,0.5865898715702319,0.5525504471533296,0.611044400797984,0.7837988702920067,0.60518286121746
2024-01-25,0.6451676483524384,0.5494453827515446,0.5466317555514684,0.6068360520610241,0.7781737859836594,0.6099920704103969
2024-01-26,0.633947277161605,0.5237968871835805,0.5110622912019697,0.5742018854249991,0.755669821882961,0.6115369799354411
2024-01-29,0.5981567912643925,0.5274989424894595,0.5297525012323019,0.5921730746509593,0.7679504833469691,0.6156625590483572
2024-01-30,0.6439715242732627,0.5085121211275452,0.4818176663594607,0.5463694832137859,0.7371949492714692,0.616529044340388
2024-01-31,0.603225489076283,0.5040554752142135,0.49564968267888404,0.558228773353772,0.7476615838127983,0.6269348176487386
2024-02-01,0.96007347921115,0.8980166137311565,0.7842475250676223,0.8217800545363919,0.9151592591555806,0.6158476937812303
2024-02-02,1.0234324105731876,0.8515281786176313,0.6942866868053,0.7378087283326085,0.8682469788168916,0.6212271343770105
2024-02-05,1.0170344999660983,0.8053487389312202,0.6236564302938071,0.671379868274613,0.8309395581755654,0.6200032718375541
2024-02-06,0.9379279846243962,0.8270906358108092,0.6706936131117883,0.7133377694470521,0.8609277785179755,0.6117481608059198
2024-02-07,0.8530434674575956,0.7698725581520872,0.6441412206499909,0.688597895868574,0.848234848111255,0.6119287441820459
2024-02-08,0.8442731955599276,0.728174056448498,0.5865048834048656,0.6356149488563428,0.8169305760485823,0.5939243377817227
2024-02-09,0.7684226664980216,0.680551071818157,0.5766524280154222,0.6253136048315051,0.8144526110567463,0.5913027954569777
2024-02-12,0.7373222293753775,0.6431509170034478,0.5381035247208399,0.5881560302756407,0.7919766313941312,0.5629841941399175
2024-02-13,0.6801132897097146,0.6199711757879895,0.5395585402785998,0.5902663349375898,0.7938025271030517,0.6500265377383857
2024-02-14,0.9115210295875296,0.909512831672836,0.7684068651697966,0.7996077727458853,0.9309270731549942,0.6608847794442384
2024-02-15,0.9032614721514768,0.8546770905357535,0.6988618058227506,0.7402065884661467,0.8933931035974384,0.6426750415858433
2024-02-16,0.861680497121966,0.8017030883473878,0.6459684808268747,0.6930138541419248,0.8651122691428098,0.6349596891275885
2024-02-20,0.8256336878539509,0.8509184257623222,0.7108917298303761,0.7518813771986174,0.9014629239370423,0.6343986287309725
2024-02-21,0.8046910162891362,0.9052272916773548,0.7804295801998421,0.8139246996920639,0.9366473291939017,0.6382229819800342
2024-02-22,0.7345794904141513,0.8363608390165979,0.7553243678420294,0.7928316291805775,0.9179766499671731,0.7078629269679997
2024-02-23,1.1080588878673407,0.8100614427296123,0.6507880941626668,0.7041615855701236,0.8622376222074112,0.6946306407409809
2024-02-26,0.9944039920191656,0.750668645048881,0.6346480268394576,0.68992745622476,0.8499115966068408,0.6840028577167243
2024-02-27,0.9191630002107176,0.7788384121984623,0.6798964145397135,0.7313542333918619,0.8744309902025829,0.684516118175955
2024-02-28,0.8332791577787082,0.7246820335150471,0.6569720544850187,0.7117893278016362,0.8590703513449472,0.6851084101562566
2024-02-29,0.7650954716613498,0.7099551534564782,0.6636039587299822,0.7188231852074304,0.8601976918741586,0.6976751750510044
2024-03-01,0.7133461791190653,0.6383601159509575,0.6329667745751452,0.6914937268971597,0.8422109995058634,0.6837111653688949
2024-03-04,0.7581294859762461,0.6108772488996815,0.5777004972592732,0.6405497593229658,0.8093221168262151,0.6765094502313358
2024-03-05,0.7015138700966883,0.6030894535207496,0.5864460562507228,0.6490554501961496,0.8128465936665858,0.6835875382238521
2024-03-06,0.809024328464129,0.7942261743114026,0.7515448197521495,0.80002613223249,0.9093728544684828,0.6898309028765613
2024-03-07,0.7623555392225871,0.7439505989711741,0.709497305924728,0.7603607902433104,0.8844062127143046,0.7180105978411092
2024-03-08,0.805789343892574,0.7070060780071834,0.6464988021205578,0.7033413245413904,0.8467245315524812,0.7330614363106209
2024-03-11,0.7974327420442823,0.789425441951942,0.7321402104762161,0.7777129281383695,0.893624645383863,0.7415621159855977
2024-03-12,0.7335608087486989,0.7597856232389781,0.7271543472957459,0.7724095705743428,0.887956257280769,0.7619834941678769
2024-03-13,0.8039134853563056,0.7226652812339363,0.6604399863685728,0.7108851533285506,0.847614011670461,0.7591314570654561
2024-03-14,0.7429501504817452,0.7131805249769045,0.6719403961723411,0.7179809657285963,0.8486165318310802,0.6947787486406286
2024-03-15,0.6949342621594691,0.7125267154360743,0.6860954379057921,0.7282718693570448,0.8553078556179734,0.6988871654107461
2024-03-18,0.729131815713122,0.8132138922364406,0.7819108168962621,0.8105453516523794,0.9030699020027433,0.7167298864979003
2024-03-19,0.7081628428964456,0.7624826800881934,0.7312663611244403,0.7642833494731875,0.8739962386457699,0.7186444212507987
2024-03-20,0.6860979372565834,0.7162453515415674,0.6849006177290764,0.7237697118574222,0.8471612551806922,0.711856000627572
2024-03-21,0.7352350319646412,0.6809097826637934,0.6226418039733078,0.6692613298842033,0.8110193849560676,0.7074081831907345
2024-03-22,0.6854017728662886,0.6389217678681197,0.5937011934047377,0.6433960763459222,0.7951313591119965,0.6360576241597691
2024-03-25,0.6466414866273141,0.6442459640722947,0.6122872183516757,0.6622960310419735,0.8075925353114146,0.6343509866735603
2024-03-26,0.6236545602165198,0.6661517586384408,0.6439559660377957,0.6923740853450344,0.8252428903433782,0.6353631106428217
2024-03-27,0.5956414474253978,0.6677811531633343,0.6592528704997715,0.7069354068338838,0.8329888390807482,0.6466894276982065
2024-03-28,0.6514238243879723,0.6357621797678088,0.6038009768818967,0.6605907474058927,0.8002994741744156,0.6434188866066612
2024-04-01,0.6074448140846546,0.5831565747194988,0.5958721380342046,0.6521341034856714,0.795081528391924,0.6335517218924597
2024-04-02,0.5815273834852627,0.5910035081396293,0.6130245401665941,0.6663098411365368,0.8065335830637337,0.659507354387428
2024-04-03,0.6353221330972785,0.6954575386195826,0.70345511736252,0.7498767177054382,0.8567295075849881,0.6625896960147393
2024-04-04,0.5931634969088145,0.6484262810893614,0.6857305686151831,0.7288130973785718,0.8440896077638322,0.6824790567668043
2024-04-05,0.8060136982705525,0.8881804399601831,0.8753774451317727,0.8937679139319749,0.9361681780396304,0.6824832759749814
2024-04-08,0.8485966320326301,0.8369047372420537,0.795680805520271,0.821298621692204,0.8966672493012738,0.6509681990867286
2024-04-09,0.7734451068718016,0.7767563465009454,0.7721649126831298,0.7983207960824963,0.8821488718426257,0.66125190716233
2024-04-10,0.709448406107528,0.7217760396178418,0.7418115851465242,0.7711976857624115,0.8648791239296074,0.7120719301333347
2024-04-11,0.8143299904271267,0.8933628912874934,0.8838715114061289,0.8944291971813542,0.9336613429477076,0.7191582191154912
2024-04-12,0.7999211813971528,0.8368139876388082,0.8148009154298115,0.8355274697781587,0.9024020645340186,0.7519494287578526
2024-04-15,0.9808661606035712,1.0826736279539753,1.0224046707745773,1.0105648242842167,1.0001401482092056,0.7864960655329838
2024-04-16,1.0684152738421158,1.2588547212755168,1.182289149435197,1.145243250712836,1.069000545284094,0.7717069236089742
2024-04-17,0.9696363069711624,1.1956695676793954,1.1502545742053363,1.1234824373216374,1.0573997625512634,0.7736574152324841
2024-04-18,0.9273288822498684,1.2176110848267263,1.1836273098652743,1.1534663272938948,1.0674792044206218,0.7781014317503296
2024-04-19,0.8506861047697639,1.1634674658405109,1.1514263363177608,1.1287194382376975,1.049397024898216,0.7845978243861159
2024-04-22,0.8845613876975372,1.2462502843047258,1.2343125451214592,1.1948246589568023,1.0757177828613282,0.8095031618187318
2024-04-23,0.8836350260786225,1.1537304650036246,1.1339224702575612,1.1104580906940447,1.030954047091833,0.8308198606388804
2024-04-24,0.9371450139888478,1.0759355485568276,1.030504826283028,1.0270089952576773,0.9870035521382018,0.834350135507191
2024-04-25,0.851253601432352,1.008879911644016,0.9853219081957036,0.9899515282672167,0.9638945248949403,0.8979550537155511
2024-04-26,0.8027272611281075,1.0113664156570257,0.9974967813924888,1.000863503114977,0.9644782401247254,0.9007373213126338
2024-04-29,0.8258291896280824,0.9453775759094124,0.9160087222213537,0.9277623172674014,0.9278826994701397,0.9078748875885524
2024-04-30,0.7629997747711511,0.8768435993865134,0.8623654668765265,0.8779825996948519,0.9033098623112608,0.9184927750285996
2024-05-01,1.020356323854406,1.1361751554800197,1.1228808120310108,1.0953902455769866,1.0162310586295884,0.9426456888955224
2024-05-02,0.9392246772071684,1.113568560087898,1.1117815857781153,1.083957076010536,1.0170134347418773,0.9688403402730856
2024-05-03,0.9296261751493344,1.0362260202992797,1.016666491610921,1.0061764323988447,0.9872202830916197,0.9725761371558104
2024-05-06,0.9830203432372492,0.9720860553425256,0.9228502892023087,0.9279034425827567,0.9556577542816476,0.964614929392463
2024-05-07,0.9814453884322688,0.911647334516478,0.8433598370913813,0.8637838753410231,0.9295351426276429,0.9643802688383928
2024-05-08,0.8882449440012984,0.8432644392215499,0.7990350416743882,0.8288686101827125,0.9155000561852938,0.9476448684757548
2024-05-09,0.8087395119090716,0.7908887837931429,0.7639857567744056,0.7989008549663141,0.9026592211475929,0.906525268108848
2024-05-10,0.7708285814655114,0.7421761411919553,0.7134149795526721,0.7507991233626586,0.8795116655887713,0.8851843689079493
2024-05-13,0.7081166257079076,0.6913352509268259,0.6834718122810158,0.7176288954983362,0.8656616739128636,0.8569003864252238
2024-05-14,0.655528034354301,0.6534987306299272,0.6606600781125295,0.6921848408205795,0.8532136979289497,0.8136626352542368
2024-05-15,0.6322411880539553,0.6164550911692284,0.6223295087094084,0.6550420134468211,0.8309386778982523,0.8141327281583984
2024-05-16,0.7769023388935259,0.5953168888171513,0.5560730176899707,0.5965608827005651,0.7896898396609386,0.7994960682384539
2024-05-17,0.7243981342417373,0.6080754344971308,0.5720841694360682,0.6116673916298717,0.8019059469216665,0.7886455450311056
2024-05-20,0.6690198241661794,0.5703625199413507,0.5488580194016218,0.5900474432304003,0.7882553319770937,0.777650513700474
2024-05-21,0.6220302298949398,0.5356845638021921,0.5290821614037708,0.5734651133242686,0.7763287307215092,0.7493385570092654
2024-05-22,0.5868529680036128,0.5062003523932633,0.5066668481212631,0.5540424948831263,0.7591148196185901,0.7341700730318504
2024-05-23,0.5772573254144211,0.5443732379513195,0.5338147522607297,0.5820291328779209,0.773641278998193,0.7514727738638625
2024-05-24,0.6534979528675822,0.6767168493032208,0.6451992033497606,0.6896614966756832,0.84024657379849,0.6752551990232405
2024-05-28,0.659283129002558,0.6406392223448739,0.5978414488216325,0.6520231802440934,0.8100316432714084,0.6647034514171394
2024-05-29,0.6137598169220052,0.5987067822558733,0.5813083996379728,0.6420462075035167,0.7983628298697739,0.6865871435932217
2024-05-30,0.6719499924860842,0.716413603640671,0.6861147983224974,0.7453425839170038,0.8576342731957882,0.6814702778269015
2024-05-31,0.706258566069457,0.8107298196592079,0.7772914713283477,0.8310920756265994,0.9042338054933982,0.6710888631086814
2024-06-03,0.7455935056601154,0.741544362174072,0.7154560888768735,0.7735039988998731,0.8701201858363813,0.66203516443654
2024-06-04,0.6864418431472655,0.6899665028581224,0.6998343730280704,0.7564027453314129,0.8603260714591974,0.6210121862010318
2024-06-05,0.6366076494940914,0.6438996726893049,0.6846051435546826,0.7389955574050413,0.8505001555357825,0.6338123448813336
2024-06-06,0.7649127276541892,0.6184172914495532,0.6142529022268715,0.6711500768868618,0.8114045088537224,0.6366724206248668
2024-06-07,0.7038774571717475,0.5904667211212603,0.6046647192630069,0.6595610602557975,0.8064632365842065,0.6378968111621165
2024-06-10,0.6575396654375048,0.5875896159614187,0.6131026752194443,0.6631222670229192,0.8133906725617565,0.6372246763214865
2024-06-11,0.6199944721596921,0.5541886277490516,0.5880693720821752,0.6379475998024458,0.7993445452298971,0.6482177543529316
2024-06-12,0.5848505727258558,0.5228357701219803,0.5663288266242802,0.6163308299399319,0.7871201384288168,0.6770090283163841
2024-06-13,0.6385225941261414,0.5030852355008145,0.5175774178013064,0.5705562546326227,0.7588467624499338,0.6846732601946223
2024-06-14,0.5984867045419927,0.4757209288089373,0.4998166631568393,0.5533149692165584,0.7488628150103669,0.6820407840411529
2024-06-17,0.5631446232662516,0.4493001567995441,0.49059955578407444,0.5431608145505256,0.7425602413110022,0.691531539317089
2024-06-18,0.6174862653179399,0.4356393159680989,0.4470151636024006,0.501090967461958,0.7113573447670583,0.688218306428547
2024-06-20,0.5834804855115483,0.4148871705283244,0.4306662468515801,0.4840361881627084,0.6965747740086323,0.6957712297391261
2024-06-21,0.5726200883265229,0.4591477015577848,0.46916583264529776,0.5210927507935289,0.7219681032111667,0.6959954428923268
2024-06-24,0.550210553726369,0.471023276945023,0.4834063856099735,0.5355752833787685,0.7303183891566959,0.6969208860998541
2024-06-25,0.5535587468770599,0.5209049070606329,0.5263078749499217,0.5768210704565047,0.7584811497663668,0.6729347552334026
2024-06-26,0.5420389477396991,0.4947236831067454,0.49818921170573227,0.5529218084265972,0.7409954115977686,0.6723044466480143
2024-06-27,0.5168108726382671,0.4669442941037723,0.4847603775071148,0.542345880822127,0.7311687472549205,0.6651788176764284
2024-06-28,0.4969505698362921,0.4420722056836239,0.4718647629449492,0.5315741372449188,0.722286235093541,0.6575590311098528
2024-07-01,0.5216748082607846,0.4903591424547811,0.5300368732847761,0.5886537569586094,0.7597460595558995,0.6531943206626409
2024-07-02,0.5020119067883827,0.4640733613835195,0.5137283121932088,0.5743923013735264,0.748421163188399,0.6041071078621785
2024-07-03,0.5467776124905465,0.4466348352361193,0.47384325028554664,0.5376126231958503,0.7189977152320481,0.5627168202273877
2024-07-05,0.5430151860556087,0.4274748198270464,0.4478492383560957,0.5127415263195703,0.6935092354607647,0.5529897253054519
2024-07-08,0.5592215269841869,0.4117697184985535,0.41605854432051287,0.48113906100052406,0.6674971014685233,0.5310190586462002
2024-07-09,0.5302576710502526,0.3908467059127783,0.41160388440729717,0.4769560873415767,0.6544589957433224,0.5277199892164665
2024-07-10,0.5063663490520587,0.371364737561508,0.40876454262755463,0.4728197432736928,0.6424890719696896,0.5173570101501479
2024-07-11,0.6258559682762561,0.3661759026915838,0.3542930438903066,0.41781588461921204,0.5941788043017754,0.5291328264013674
2024-07-12,0.7193243620290475,0.5660781499621891,0.5015460857364603,0.5587809413096549,0.6833564487143835,0.5387004959070996
2024-07-15,0.7050693746530062,0.5390027551625791,0.4627887486529575,0.5182103092090966,0.6533030777967415,0.5186108985504151
2024-07-16,0.6570474469446715,0.5093950129291217,0.4472453229253398,0.5014665850634837,0.638203863450421,0.5068083313218814
2024-07-17,0.6501254213722729,0.4868790879115771,0.4121673407057048,0.46668357105720887,0.6096270741572867,0.5626408834890849
2024-07-18,0.8938803536666855,0.8194356676742143,0.6622821207311567,0.6992512732413633,0.7437979179335388,0.5826078381783955
2024-07-19,0.8958290207036135,0.9238545368078896,0.7644825476949029,0.7922238571845088,0.7846938504043076,0.5990502784842218
2024-07-22,0.878995092804014,0.9932607391574824,0.8439438965839186,0.8619688323306431,0.8141860047402797,0.6137659205598539
2024-07-23,0.8995607648476848,0.9291007725058612,0.7613185279093222,0.7912997106620512,0.7749761622348577,0.6163523910271178
2024-07-24,0.8247060485173803,0.8986610399987793,0.7687913957242307,0.7975177383815569,0.7733749891672477,0.6590724643548657
2024-07-25,1.2869922759295658,1.3721018683785058,1.1600639474719197,1.1224678208615388,0.8890843467293934,0.7129875393963304
2024-07-26,1.1838690951365902,1.359502835521922,1.1847309673730284,1.1392932652010865,0.8932821487210599,0.7389668194378602
2024-07-29,1.154753455039046,1.2557842354250477,1.0746938107911717,1.0380697702195798,0.8530196973079669,0.7468738491476836
2024-07-30,1.038317691227876,1.1507868363078968,1.0288830235525452,0.9927694205092658,0.8350182149043613,0.755867097576692
2024-07-31,0.9730024395441672,1.1618149426021702,1.06258560317724,1.0059691844928862,0.8457783606133693,0.8043327559365968
2024-08-01,1.1070027134954328,1.0643456900823245,0.9300576238535997,0.8888463076772106,0.79688389873259,0.8691786363622127
2024-08-02,1.1978685346821236,1.2816952862105422,1.097345289297376,1.0166928702919793,0.8589074379866436,0.9526143900894604
2024-08-05,1.379054417231261,1.5688707293926396,1.339510395016902,1.1970250099162827,0.939098157520855,1.3521579919597444
2024-08-06,1.817497114088578,2.0646005810408905,1.7229735749245805,1.4868434238818842,1.0601131529858419,1.401262208315212
2024-08-07,1.6581337126933686,1.8692589026154611,1.551111406410903,1.3650389517310937,1.0260722917815077,1.4578773857709952
2024-08-08,1.5149212115499024,1.8181839067475172,1.5371013778817644,1.3577731531934503,1.0401512845641439,1.4904035499077353
2024-08-09,1.6607363469117284,1.6786328097082956,1.3179021511717217,1.192576466245487,0.9858123514597392,1.491751803433332
2024-08-12,1.488279143388566,1.5246021422689666,1.216096476989523,1.1109993047434905,0.9652713044867721,1.487539164302265
2024-08-13,1.3293662034055511,1.3855636780735692,1.1489363740092586,1.0585807446461262,0.9546119605759238,1.4913457700086006
2024-08-14,1.3694025175500166,1.288388120612074,0.9985932587378525,0.942996254589866,0.9065574566402147,1.4958508237384365
2024-08-15,1.2294605530680751,1.1796595809298802,0.9314407568995556,0.8910430403557867,0.8863942280643521,1.4910492320322832
2024-08-16,1.3103641099653816,1.1080728819045385,0.799806285040401,0.7858018744641955,0.8360363281381495,1.480374181461397
2024-08-19,1.175436599547559,1.0185870408616156,0.7543527429383988,0.7486305490785747,0.8222993421789847,1.4775394345812964
2024-08-20,1.122315832134192,0.9519897095646028,0.6766895219584407,0.6834703234514057,0.7903911558757974,1.4687543211196628
2024-08-21,1.016302201423374,0.9188488460079046,0.6796487532004967,0.6878907312305359,0.7929084769114555,1.480285543532706
2024-08-22,0.9253389423947408,0.8524028931356878,0.6395086500748371,0.6551776263220676,0.7714745461181954,1.4668370260249557
2024-08-23,0.923712200573478,0.9568648480233664,0.740232378368368,0.7426359481335553,0.8241702362775405,1.4491587057226314
2024-08-26,0.940217017848111,0.8989697581394179,0.6557450390894286,0.670660971197171,0.782384347429399,1.438492450529958
2024-08-27,0.864844015802972,0.886061134320689,0.6755937899463039,0.6881907618411662,0.7924108418304547,1.43754460950034
2024-08-28,0.7884595408801196,0.8195047528251739,0.6535634014794388,0.673101021414269,0.7820149627837523,1.4309878536052263
2024-08-29,0.7803067829992228,0.8842774913648384,0.7209169510797315,0.7386691143986006,0.8165136052556062,1.4114656235640095
2024-08-30,0.7167800787277931,0.8269370511457715,0.7032375749042279,0.7328980253575027,0.8105637043714399,1.383557161354295
2024-09-03,0.7601672615078044,0.7438585805082497,0.627167656808446,0.6716479832666562,0.7752674110485627,1.3569275061258186
2024-09-04,1.185264858619421,1.2135111769706346,0.9413935320724948,0.9538642694607545,0.926347639791662,0.9759630956594716
2024-09-05,1.070927620342095,1.1574597733588976,0.9499701941468097,0.9651366582185058,0.9286228906807087,0.9193747137046676
2024-09-06,0.9752081251843876,1.1153403747727966,0.9703770467122557,0.9785531776252872,0.9293717224129583,0.8625929354012204
2024-09-09,1.1832350246806156,1.3912543826447776,1.180783691988734,1.1516971827448002,1.006694667795162,0.8224877367543765
2024-09-10,1.1538676822814544,1.282499751191324,1.0713264817414543,1.0552195987302033,0.9576804115792589,0.8310263500263531
2024-09-11,1.0470629043931674,1.175150455316119,1.0213840849870661,1.010570027590416,0.9290264460248957,0.9270876713238162
2024-09-12,1.0294841116819091,1.0906342430570743,0.9245978967128109,0.9297566095923703,0.8832144552147528,0.9221259098985956
2024-09-13,0.9857480853304827,1.0127470494701658,0.8452212603015341,0.8580248232990498,0.8435380574887756,0.9152628803278916
2024-09-16,0.9109208757408336,0.9381730654021014,0.7952949910392023,0.8098977889198604,0.8181456126388219,0.8892513432457169
2024-09-17,0.8268074303209941,0.8654075895821385,0.7798150041675637,0.7910288127996399,0.806674425428855,0.89491337882397
2024-09-18,0.7548040771532563,0.8037146156379221,0.772587555090776,0.7806877307741167,0.7982800912592979,0.9145013628795784
2024-09-19,0.7139868130828438,0.812735044387433,0.8010132117426685,0.8045530100291511,0.8090525100672884,0.976144309815895
2024-09-20,0.967564673967543,0.7808645161433756,0.6581210251537154,0.6832060230596322,0.741332760025615,0.9649126523571664
2024-09-23,0.8826267916392195,0.7682075989603131,0.677082668178197,0.700200953425144,0.7507880455030369,0.9502506420425886
2024-09-24,0.8053173418490829,0.7154121150221864,0.6680436607408802,0.6975370657229691,0.7558599830547631,0.9415155216277472
2024-09-25,0.7413505448925953,0.6686867631034544,0.6432341507211136,0.6794690979239912,0.7447669584590636,0.937535906175429
2024-09-26,0.695546174033862,0.6773440499377809,0.6688291574775848,0.7031499003370704,0.757732529266743,0.9471808420738504
2024-09-27,0.6575181663473595,0.6364053596060676,0.6340182389826443,0.673534722858686,0.741619872883029,0.9342739361085636
2024-09-30,0.6201437113685522,0.6335621221318348,0.6502176167097835,0.6841242717746014,0.7535713750350145,0.9315327275508872
2024-10-01,0.5986610410037311,0.5701924156623497,0.6190479129281968,0.6519435543211783,0.742688846348497,0.9279430810342464
2024-10-02,0.7104405819487536,0.7432971357706883,0.739348498066179,0.7545051076940581,0.8105662756491459,0.894041703621367
2024-10-03,0.6570236631892805,0.6947740630372138,0.7269984746090948,0.739119448919691,0.8132268599696195,0.8850246445378175
2024-10-04,0.6232272388655402,0.6936152015245565,0.7350063555061972,0.7447312325920151,0.8233020227210545,0.8909153731762327
2024-10-07,0.6844253589366477,0.6596041584888811,0.66326179417765,0.6805684909817153,0.7945886594435557,0.8692946742869457
2024-10-08,0.7705700083848108,0.8202452551654253,0.7840870535287356,0.7843281679935185,0.8646609529181093,0.8550204229048256
2024-10-09,0.8003151452239329,0.7737556267640336,0.704539743205761,0.7171857438892171,0.8281737474251027,0.8390957677901915
2024-10-10,0.7789863841649753,0.7279494236614471,0.6447109206378661,0.6651651127537811,0.7979231674655681,0.728089590670653
2024-10-11,0.7240963350118991,0.7217813844318643,0.6555847515793509,0.6754915199370908,0.8049144919177379,0.7169000632750039
2024-10-14,0.7044449056595111,0.6797625894162185,0.6057360842215234,0.6311270126447026,0.7780024881720193,0.7188467932703765
2024-10-15,0.7251935602127426,0.645627602155748,0.5452149932398715,0.5781392676997441,0.7436524655052551,0.7245274433398345
2024-10-16,0.7698772235715974,0.7777903404288928,0.6524607712859065,0.6753554028140224,0.8056920617356086,0.7135738772564449
2024-10-17,0.7230761339333535,0.7273039805325963,0.6122909021816351,0.6424213646724172,0.7828474432060784,0.6899326198405437
2024-10-18,0.6683073153871392,0.686570999126718,0.6011640452370095,0.6344230522491401,0.7777921851960831,0.5978695477221753
2024-10-21,0.6345782691614913,0.6445543225829885,0.5676915396925303,0.6057964210830786,0.7574260469094506,0.5928081355878432
2024-10-22,0.603244239595977,0.6449657166222764,0.5827983723623079,0.6233716991391283,0.7649573615547965,0.6084223733860331
2024-10-23,0.5702634061507575,0.6240192750277787,0.5714246169121736,0.6164744742517415,0.7519242338039612,0.6316365708973598
2024-10-24,0.6969539722262831,0.7927177279019427,0.7043618330133109,0.7438123767872618,0.8199093108284248,0.6379550045699284
2024-10-25,0.6477484410087763,0.7370865504291799,0.675462394578138,0.7253582044990896,0.799237106893732,0.6374448569802527
2024-10-28,0.6063929806497756,0.7033226064559367,0.6680261106705229,0.7190982358049056,0.7917160932977687,0.6441692995898862
2024-10-29,0.5776071073895365,0.6583759305064203,0.6408210738586297,0.6947247253328813,0.7729184410005617,0.6320464984139659
2024-10-30,0.5465751979006495,0.6154719391273337,0.6237976657650313,0.6799136420903608,0.7574355973952173,0.6129528862156934
2024-10-31,0.5476582265892053,0.6466118979083587,0.662032902012296,0.7093625522724973,0.7722423345880609,0.6345667236212252
2024-11-01,1.0382130142903243,1.0971494522994412,1.0059006810329607,1.0061766159438879,0.9258842631838883,0.6418355734683691
2024-11-04,0.9504485205897452,1.0127012913769544,0.9514354863858318,0.9522693111910927,0.9009877308085034,0.6180857699507359
2024-11-05,0.8733208359279864,0.9837084075296668,0.9549540815552322,0.9468546416760397,0.9003924209212625,0.6057368895677402
2024-11-06,0.932251541272075,0.923567214539908,0.8588704826577536,0.8641447408998215,0.8598076815316421,0.7630862157539944
2024-11-07,1.331788046602522,0.8892455130746219,0.7088529118631494,0.7341716256384007,0.7919811568747205,0.7607663050953706
2024-11-08,1.2309808939185678,0.8327653027413398,0.6500457452103356,0.6810223833390124,0.7654330877987611,0.756291479181219
2024-11-11,1.1169196119544569,0.7771265300768901,0.6118507209038836,0.6471647426368038,0.7485322212114733,0.7548429850200786
2024-11-12,1.0075840027127974,0.7221528708830158,0.5927596017882879,0.6288768930248962,0.738587650324588,0.7594178656592333
2024-11-13,0.9289243153470876,0.7435270845157778,0.6270033383500282,0.6586067699081652,0.7566703053885437,0.7554454482808509
2024-11-14,0.8450582487277162,0.6946546861685052,0.6067979580898051,0.640342594133928,0.745869011423469,0.7570676388960709
2024-11-15,0.835349843531955,0.7888412501394891,0.6955313651791363,0.7151556818190964,0.7911240779956518,0.777151218298834
2024-11-18,0.9695260859009824,1.0198671215146342,0.8906180119207587,0.8774971656263206,0.8843286352551464,0.7790066254804009
2024-11-19,0.8909459781652869,0.943823130185776,0.8348931216688585,0.8303353663810246,0.87639580102705,0.7952852490486568
2024-11-20,0.8211360691164672,0.8754024804227051,0.7846194112560693,0.7878340209533423,0.8525021508041758,0.8063227717949529
2024-11-21,0.7527079107892609,0.8155618522137916,0.7551952498476491,0.7634552488625882,0.8397717423012717,0.8115031920651699
2024-11-22,0.7207856377138578,0.7632666793176983,0.699814710362175,0.7184738949000173,0.8121151553155767,0.8055704213068428
2024-11-25,0.673910363724123,0.7129245806380703,0.6631846084117007,0.6879824079791448,0.7898790083205003,0.8060943087891086
2024-11-26,0.6368175448000883,0.6680837911963806,0.6277875115173008,0.6582583513919765,0.7689422437186684,0.7993812866723362
2024-11-27,0.6252442601181851,0.6304314549241409,0.5839953200945356,0.6224887474174066,0.7443100212729435,0.7959933836723224
2024-11-29,0.6104139840039142,0.6600731515328409,0.616557982217102,0.6534276190164794,0.762027894544127,0.7925244094769252
2024-12-02,0.6174758124182899,0.597729780488245,0.5709485401629172,0.6129787556125367,0.7353319466732195,0.7639199431889453
2024-12-03,0.5811615606112116,0.5616883946340044,0.5507664684990571,0.5962741094259301,0.7223671241055388,0.7462427591673638
2024-12-04,0.5499666923205278,0.5311906030465167,0.5400155620700597,0.5877627273845104,0.7133824829134502,0.7402855989220336
2024-12-05,0.5725659815686843,0.5076109849923751,0.49925727317526736,0.549760021088941,0.6872034658196992,0.7355515605601979
2024-12-06,0.5535559767386842,0.5221075911026039,0.5187072138524188,0.5666981645155001,0.6965540001939471,0.5628399112375808
2024-12-09,0.5287655373364666,0.4931465826310615,0.5033458427231626,0.5502303631780656,0.6846381686126,0.5608769161290653
2024-12-10,0.5705903588020698,0.5837659195799311,0.5791398685782434,0.6170562741640565,0.7245363050858452,0.5593318599729965
2024-12-11,0.5680742408647635,0.6201272180761883,0.6156939436530284,0.6510917565688589,0.7429798539403848,0.565053038331789
2024-12-12,0.6150365038864634,0.5904620496747778,0.5610290443881331,0.6136168534122877,0.7116755830425865,0.5551202834216612
2024-12-13,0.6346634358393287,0.6693632609447314,0.629827021396706,0.6768997682101875,0.7461302624430673,0.5563969400605507
2024-12-16,0.595981516451717,0.640754920613754,0.6193167222949445,0.6654460229230137,0.7362695580655813,0.5522042913443972
2024-12-17,0.5808507107774871,0.6041679685460883,0.584888800826158,0.630828189059269,0.7128540469627626,0.5256822097811111
2024-12-18,0.590920258410075,0.6593275273209198,0.6481178431505209,0.6737468245705769,0.7360252526660848,0.6298139980316331
2024-12-19,1.4633673406390175,1.5170449214407176,1.2345953044904072,1.160131881957958,0.9715262533173907,0.6309703963504577
2024-12-20,1.3096571182644687,1.3962231092191135,1.178026176450594,1.1153080227554146,0.9488996903194281,0.6935994232166962
2024-12-23,1.268965551401598,1.2882894958398017,1.065638194494561,1.030659815327931,0.9182825365755678,0.6819249349637262
2024-12-24,1.1602413543833558,1.1846819774873043,0.9874289454302604,0.9690211521865844,0.8898592107507124,0.6868725963424743
2024-12-26,1.1341005769498804,1.100134353467193,0.887898766315096,0.8867867034568534,0.8487477273452473,0.6770742315844456
2024-12-27,1.0222608523635772,1.0213263764116656,0.858727600563772,0.8612801024488289,0.8350634060535945,0.7146030565627617
2024-12-30,1.050325506851239,1.1622818717371008,0.9912258876835337,0.9709861554726269,0.8872014171080312,0.7771262596353925
2024-12-31,1.090380591898121,1.3028691674634238,1.1250141265832596,1.0800593678193682,0.9383188508892389,0.7868776627533479
2025-01-02,1.0025750437850391,1.243043004883034,1.1278706653982662,1.0814026448550422,0.9415436811196288,0.8314709972295584
2025-01-03,0.9193077279114716,1.19490516418697,1.1108132671035327,1.0677386174167203,0.9358385218670128,0.8451489791441726
2025-01-06,0.975510878379962,1.110983540936083,0.9963268875462657,0.9747455157886032,0.8919536878841807,0.8687961800687396
2025-01-07,0.9095913886621756,1.0279248472463436,0.9250879889802675,0.9147165785454725,0.8631389428222996,0.8907516816229182
2025-01-08,0.9839656715738466,1.1853946229172134,1.0643717662459726,1.02813977784535,0.918289624124691,0.9008711122931036
2025-01-10,0.8922134062137204,1.088603782949715,1.0086487598662166,0.9772321105209032,0.8963292962374618,0.9215036594838882
2025-01-13,1.0769451643203642,1.3279782691576798,1.2112463778432037,1.1344395654318409,0.970428378535225,0.945082227822082
2025-01-14,0.9724930991702596,1.2150391543054355,1.1425143535097786,1.075785179918604,0.9458758783771346,0.9606591148439024
2025-01-15,0.8822465641535643,1.114799238336569,1.079887950004599,1.0230887033933302,0.9235640179698346,1.0080372089074183
2025-01-16,1.0969002436081663,1.0470695516038862,0.9361370013969974,0.9074310576138718,0.8674541083770384,1.004503668651954
2025-01-17,0.9967078121874626,1.011380929164719,0.9207549252574913,0.8953935679188981,0.8628905335132546,1.0215861208292365
2025-01-21,0.9859971464404038,0.9446545053063564,0.8309962927442859,0.8244860011099583,0.8268061524227946,1.022601423373846
2025-01-22,0.9627196647486166,0.8839531436183246,0.7520446354690713,0.7595437863367093,0.7945441638883503,0.961379888112378
2025-01-23,0.8975008574700941,0.8251273233513376,0.6966635252919914,0.7128777988662138,0.7744432558146509,0.9421678376023848
2025-01-24,0.8414306514806126,0.7721576400459109,0.6457582660749123,0.6695717967499761,0.7549234179772644,0.8793591030324084
2025-01-27,0.7871141591294534,0.7852672745358074,0.6726147626429744,0.6931748926291531,0.7733274640248843,0.99702918636649
2025-01-28,0.9770837480934804,1.050101574131718,0.8910092699480122,0.8829388736160286,0.881362392774535,1.0093822144702034
2025-01-29,0.946812394402256,0.9773261966870082,0.8116656717147066,0.8171057486588027,0.8536019337388402,1.0089021913813556
2025-01-30,0.8908831433965158,0.9982727449667907,0.8482761167304023,0.8489620838418829,0.8772648324297418,0.992138171160196
2025-01-31,0.8350001234463235,0.9270188747754774,0.7902535592655184,0.7985355254132404,0.8575145242175785,0.9585239938382264
2025-02-03,0.8106789797302676,0.9383090845436824,0.8448521162929962,0.8434788979079588,0.8895889564210013,1.0360336854311611
2025-02-04,0.813660410975858,1.0085986627769998,0.9157694612423597,0.9021882395489267,0.9279313724698544,1.0034567038417586
2025-02-05,0.7879186839835874,0.938207275223094,0.8444635650178656,0.842255331277083,0.9018552374421126,0.9988860289641
2025-02-06,0.7377790248238227,0.872053100090162,0.7916840826278245,0.7973688407948928,0.8809314015519188,0.9856545815067924
2025-02-07,0.6915566436354466,0.8120644324511853,0.7456216556234149,0.7575118817449525,0.8643319066935794,0.9771435745290789
2025-02-10,0.7761907095474317,0.9504129675084174,0.8666138037455937,0.8589756434390728,0.9276178455511512,0.9755709344031636
2025-02-11,0.7589468002133779,0.8863058225480325,0.7987608649231713,0.8016115707588723,0.8974362350400309,0.959257938214014
2025-02-12,0.7003132462984123,0.8215413154799561,0.7641316239785864,0.7725858101764218,0.883448791981751,0.9681484078675886
2025-02-13,0.6742889030920038,0.8351638754591709,0.784781505912294,0.7919767566663595,0.8941680842297641,0.9539964460918402
2025-02-14,0.7539195526117813,0.7876123638336366,0.7042226540474923,0.7286269540378818,0.8543301893875762,0.9026165251779944
2025-02-18,0.6971561746561196,0.7455716095838726,0.6824128339964841,0.7139669122614529,0.8446992422657981,0.9062705675323504
2025-02-19,0.6541869181477361,0.6976416386870481,0.647221657210903,0.6870878343106703,0.8263133875101975,0.886108022356285
2025-02-20,0.6153816430606173,0.6536598426560766,0.6179973293362927,0.6642159682617019,0.8064482873278562,0.8856168035246987
2025-02-21,0.6190681393290529,0.70406646828843,0.6698836200462253,0.7132088071128658,0.8314729438932703,0.9004357987670902
2025-02-24,0.9751633938206,1.065545296482126,0.9572260432111795,0.9673948677587549,0.9680356946484097,0.9131067388055242
2025-02-25,0.9157763941021828,1.0775403962968566,0.9913624626998421,0.9994393537678549,0.9764102021596516,0.93394182670721
2025-02-26,0.8716044068696533,1.0963107027822712,1.0299246257967627,1.034965783038114,0.98807089066077,0.8095152865302793
2025-02-27,0.7964888393091033,1.0120276426739352,0.9912752465027259,1.0019850702024957,0.9667937140338868,0.8237523670768776
2025-02-28,1.035172293652659,1.278739807365619,1.2123604407760746,1.189211094478481,1.0531267280526992,0.8540904765562117
2025-03-03,1.1275532832305066,1.1611956695202923,1.084032410315284,1.0786404121082775,1.0034778621675213,0.913450589556274
2025-03-04,1.2923543617249391,1.4392059629216474,1.3264108512623496,1.2800622098843883,1.0948411248465268,0.9578373321989658
2025-03-05,1.2843674221062256,1.5499556057293964,1.4449249155898025,1.3742942055015313,1.1337471528052672,0.9025126308628348
2025-03-06,1.22941863706037,1.422770500304617,1.3207416047553764,1.269279618585669,1.0920507283599155,0.971324942035165
2025-03-07,1.3691499357899923,1.6633960153406278,1.5356227381520646,1.4417933589424412,1.1806639249882835,1.0076853553171168
2025-03-10,1.2452239865271906,1.5168722178444491,1.431357740920225,1.3502795716878417,1.1497935130368486,1.0904299583846375
2025-03-11,1.6392554416207008,1.9520052908788736,1.7931657094590976,1.6298259287177903,1.2691465541974487,1.1177518760894245
2025-03-12,1.517375438573654,1.9255399367108488,1.8044316555099362,1.6388451671507767,1.2604552187701388,1.1718798247998046
2025-03-13,1.3714699223435909,1.7464411832763993,1.6726137168054818,1.5342333180399945,1.2070036504126984,1.1813762983653486
2025-03-14,1.3748797872005822,1.8455359350582137,1.7711036134063545,1.6049559810723362,1.2256249207666943,1.2099373801181172
2025-03-17,1.4933574783539814,1.6933765550150526,1.5642751713909402,1.4407030006120658,1.150770795097329,1.2175931402790363
2025-03-18,1.3689219571370173,1.5455641837856329,1.4384709642278863,1.3369422389071948,1.0978292595222874,1.2255476980722275
2025-03-19,1.3275224960630996,1.6211085105436147,1.5236129295258447,1.396879108984885,1.1162767956898831,1.2463172556604265
2025-03-20,1.2668883439550709,1.4855685669803085,1.3795544770694563,1.2854009372534128,1.0614804369475086,1.2723161497667972
2025-03-21,1.1505826000879975,1.417601019198364,1.3451350536865683,1.2584972543651785,1.0452338024985026,1.2846331325952656
2025-03-24,1.0382673010283303,1.3005218526288618,1.26836981881356,1.199661290574697,1.015507220025688,1.3063952694139906
2025-03-25,1.1882075654043311,1.210466974181465,1.1145240003260708,1.0834142813220717,0.957531103551625,1.2983471590447495
2025-03-26,1.072794557053968,1.1131542275741946,1.0506747756912476,1.0345430974580725,0.9302585079653549,1.292969990870669
2025-03-27,1.1168755003515676,1.2709961535223633,1.1890888715443124,1.1508859358967525,0.9787177709338923,1.2876900217007432
2025-03-28,1.0199830845006828,1.224026617570784,1.1735810213487685,1.143223239165554,0.9703085470956618,1.2803429917772688
2025-03-31,1.2980044787551257,1.5542553880757153,1.4521546048560123,1.3834261017134328,1.0604261183394341,1.3059880558686006
2025-04-01,1.1941274385120215,1.3806871735227615,1.3423380719408038,1.3012605946186684,1.021760524613111,1.2767830492398122
2025-04-02,1.0797990422239785,1.2645381037120482,1.2599509916233924,1.2350803419980851,0.9919408951416938,1.2704826937028402
2025-04-03,1.0048486762599051,1.165496001198993,1.1729220174658415,1.1477105856445362,0.9568336384020892,1.4454035572657895
2025-04-04,2.38656293204621,2.458234562626014,2.127412648218649,1.8630859603186316,1.231340516844825,1.5245399892323328
2025-04-07,3.376958370414312,3.525525331565045,3.046706415365788,2.486162034382896,1.434411039375918,1.9807943108209145
2025-04-08,3.000568911663094,3.167338828442776,2.8331789963664136,2.314683071485284,1.3896869631542672,2.2665595764623627
2025-04-09,2.759722937427748,3.1090542985686502,2.807646579289815,2.2921792103878444,1.3925749235415164,2.437966725120369
2025-04-10,4.907266025196099,2.8754686613633305,2.1260662513249797,1.8094638401407634,1.239955078299937,2.5820679078554694
2025-04-11,4.772959344683295,3.4611222449897068,2.687455679780838,2.207123232133093,1.3858858778238599,2.600951595910974
2025-04-14,4.294604766762922,3.0889878383042766,2.37270400022744,1.9893976592005873,1.3204413714185228,2.6470746728887318
2025-04-15,3.828766966348057,2.7604660689060467,2.1306121301749266,1.8233120583143696,1.2647761573035945,2.6507485635435053
2025-04-16,3.401565752407945,2.526507721163841,2.0065106460741,1.7380278500791195,1.2368853379697564,2.688979718344403
2025-04-17,3.181782679079153,2.6928325628216085,2.190205374060708,1.8780089185072837,1.2905932024687579,2.69251161641798
2025-04-21,2.8260462418532883,2.4096460620173525,2.019198352346374,1.7538708035702382,1.2513634721114097,2.7054187315340235
2025-04-22,2.730159507242364,2.6269408377229606,2.234223645459857,1.9121532370697376,1.3132945958441544,2.7315408462823543
2025-04-23,2.6508620099271942,2.3786286897066287,1.9414672274977203,1.698549111718471,1.2409004869294,2.8063216322294537
2025-04-24,2.4381049385721583,2.1521700056048614,1.7288110815839288,1.5418730299248213,1.1823922381422691,2.8180245208390864
2025-04-25,2.3326726371631934,1.9610432222178231,1.5123731076288165,1.3788221723564706,1.1178019282607567,2.8192480490772747
2025-04-28,2.094039545363978,1.7794513036853068,1.4469450091198282,1.336877831135044,1.1097592150660738,2.8275468944201623
2025-04-29,1.8659607472536368,1.6180522437685734,1.3594765882427016,1.2668863322001616,1.0819789126186448,2.8230171709797083
2025-04-30,1.68134307595207,1.4776688323779206,1.2538632170638477,1.1822625527331108,1.0466580698675174,2.829312043606592
2025-05-01,1.4986434253050929,1.2787333384738857,1.1845909077883776,1.128560877237587,1.0240686817042841,2.8423408563059955
2025-05-02,1.3667985756667251,1.1769500947399487,1.088347991849411,1.0543309927731448,0.9899932732648374,2.843719618247152
2025-05-05,1.3673789659868962,1.0951454601479822,0.9673493911020795,0.9574468358695043,0.9437454268954911,2.752756621478865
2025-05-06,1.2585142137349508,1.1286224053891496,1.0115210715130993,0.9991583063975297,0.9654177768433767,2.699378531814145
2025-05-07,1.2004688064201294,1.2120006733166422,1.0965622906798618,1.0711749894166953,1.005298943430779,2.3743494467926385
2025-05-08,1.0894055672437442,1.1148173209308392,1.026082006466559,1.0099368475267188,0.9776478973569942,2.075931576512657
2025-05-09,1.0188420632269988,1.0315784259776282,0.9485462182023137,0.9431847186409208,0.945892795915141,1.852553651875242
2025-05-12,0.9268675778389384,0.9859169638327752,0.9302846719933474,0.9242339683452251,0.9385461096602753,1.7177358882309437
2025-05-13,1.6246334814648786,0.9450553739188524,0.7519184201361278,0.771483425491747,0.8567319920953325,1.68590350419333
2025-05-14,1.4712170331931156,0.8800053392518036,0.6953187299859401,0.7233579932994912,0.8301527092772816,1.572775138493399
2025-05-15,1.3155312557903651,0.8160778335718253,0.6690564775135751,0.7019746543595228,0.8192866421348274,1.5643798108475333
2025-05-16,1.1926909146914677,0.7626759698670047,0.6264291811794123,0.6644038039868561,0.7976808245228411,1.494956896184482
2025-05-19,1.099161583226024,0.7162716942725661,0.580712714798587,0.6223974183664788,0.7731290535764773,1.4983466494933224
2025-05-20,0.9916615102866242,0.6687728112564628,0.563855709307835,0.6075580907181763,0.764566426530913,1.462252486679208
2025-05-21,0.9175723837638486,0.7029611219018671,0.6058388636820795,0.6452602472771108,0.788999216086585,1.43412149696339
2025-05-22,1.1444775850970117,1.0693968638448337,0.8955258121150943,0.9002699340813876,0.938105449725193,1.2535219498400108
2025-05-23,1.03106473722166,0.9890218395894808,0.8607522094801048,0.8727373232116797,0.9235546736941799,1.2618935738113073
2025-05-27,0.9919715859640504,1.0579104384384053,0.9358500294254144,0.9375970865086448,0.9582665072994817,1.317413675681254
2025-05-28,1.2477654567374887,0.9958664115371448,0.8143384292242246,0.836769854314609,0.9088865658685279,1.2966793892921176
2025-05-29,1.1579412060233163,1.0423680388280183,0.8773100682230922,0.8922233955040196,0.9400836354002445,1.3168558319615689
2025-05-30,1.0513208528008406,0.963911315138572,0.8292930612148693,0.8535068538849019,0.9197823018846379,1.2713178658852369
2025-06-02,0.9609138822461732,0.893699441659328,0.8209619822419575,0.8464591446587769,0.9174051597367988,1.234445769534024
2025-06-03,0.8996044162577038,0.8333764149592646,0.7678893418630606,0.7996117840659024,0.8917511256586225,1.1926806450242218
2025-06-04,0.848721316661858,0.7792884005988574,0.7179706135645373,0.7554905506640635,0.8655458925974752,1.178090983817249
2025-06-05,0.7806478358963216,0.7428899969104026,0.7070113587448874,0.7441463439616569,0.8594648703505938,1.1569849202963347
2025-06-06,0.7609146531611737,0.7997203909416303,0.7636078098820182,0.7945306543742713,0.8892960958611063,1.1560997357783318
2025-06-09,0.8101454659138059,0.7531508877779667,0.6913790062277231,0.7313670296417201,0.851715547579348,1.1242961586111824
2025-06-10,0.7460022419753854,0.7027230347285215,0.6708891761906292,0.7126535290538778,0.840392248050289,1.120741609570098
2025-06-11,0.7210550245030592,0.6615184472695701,0.6274803003854288,0.6733740374960576,0.815789508796028,0.9443897338793243
2025-06-12,0.6884135546657676,0.6865426832171463,0.6594520474638341,0.7025420985694673,0.8339145800131529,0.935419421147627
2025-06-13,0.6558186266737875,0.6453483640246692,0.6262070500944683,0.670917448882044,0.815311162405923,0.9614333898205412
2025-06-16,0.8038636971943796,0.863535300662465,0.7980527860899461,0.8242021784921998,0.9074052770104682,0.9608625644434466
2025-06-17,0.8275209688475829,0.8098129901849606,0.726836901039663,0.7610475243404516,0.8675190430354561,0.9634416370669504
2025-06-18,0.861614720192538,0.9390732189049896,0.8434862302799339,0.8625536611473151,0.9225248807701043,0.9224874492420974
2025-06-20,0.791445662126381,0.8841103812052543,0.821372773848517,0.8448092533635005,0.9109205173888393,0.9195210258447848
2025-06-23,0.742748901454185,0.8759533385986401,0.8334712281371538,0.8558623380121111,0.915756363498081,0.8787869562604033
2025-06-24,0.7884734299104621,0.8212832214006508,0.756500435966508,0.790525534069196,0.8781359407190958,0.8814190652703071
2025-06-25,0.8471425277158959,0.7732462767658103,0.6775091909537369,0.721559087610954,0.8372187321018847,0.8288417616637942
2025-06-26,0.7779108690094328,0.7223606461009529,0.6643339432661054,0.7098628295716825,0.8285923584316742,0.7146701695918101
2025-06-27,0.7774844775070796,0.6812138573612377,0.6086370658089764,0.6584844004473721,0.7970507901530122,0.7127968676309299
2025-06-30,0.7392115801240879,0.6414314989341559,0.5736790740849399,0.6254954057083758,0.7761131840708911,0.6731818373411839
2025-07-01,0.7041990001691464,0.5759572962577572,0.5409450463233972,0.5944605975501073,0.7573440126710258,0.6434018272799295
2025-07-02,0.6573522157035614,0.5603128325617123,0.5421818213925977,0.5952954956704815,0.759694474368208,0.6209523686146708
2025-07-03,0.6353760248963258,0.5311282761403526,0.5114034096342143,0.5666376553104808,0.7427067844018275,0.6182253722001564
2025-07-07,0.6680297356524559,0.5074712604351579,0.4647556082236625,0.5219504034206394,0.7118386263719786,0.6392110809849378
2025-07-08,0.7198005109082745,0.6531587382921636,0.5833844644649394,0.6328970877293979,0.7858644694735095,0.6166981991180367
2025-07-09,0.6713648327177613,0.6344802726578913,0.5844346787189179,0.634123743126548,0.7851955856278517,0.5948838189508295
2025-07-10,0.6647144219864257,0.5998001372894354,0.5435844098951362,0.5967684122343188,0.7601154037350679,0.5966845657409859
2025-07-11,0.6275485303023386,0.5655494247923459,0.522566702348963,0.5750506550452983,0.7464688331785686,0.6082460231141188
2025-07-14,0.6198356888283301,0.6141490716433617,0.5712331336549641,0.6177970893382829,0.7766120477946012,0.5969142614628437
2025-07-15,0.5859022527753244,0.5777877023938375,0.5547149083530507,0.6013732391317037,0.7667585496511224,0.6043652436731926
2025-07-16,0.5979902102199579,0.641142879611199,0.6137461691565503,0.6541241941816052,0.8004701667577516,0.5876466800329512
2025-07-17,0.575760866811719,0.60352961924888,0.584361283121734,0.6297932824527563,0.783040858642272,0.5691626252144947
2025-07-18,0.5915981882128455,0.5718183186787917,0.5406112156393698,0.5915655472079961,0.7570933827044146,0.5565011061290761
2025-07-21,0.5647579189650928,0.5642631917342156,0.5459861617310308,0.5964743917914875,0.7599536510374703,0.5502454586380237
2025-07-22,0.5400924252343688,0.5324185140211737,0.5295898516674064,0.5817455673893801,0.7501289479008453,0.5338146723883843
2025-07-23,0.5188285679835779,0.5120081523274913,0.5248832871716843,0.5773971662590172,0.7479661285922294,0.5108774367676926
2025-07-24,0.5971901682555855,0.4905759844478286,0.473303301349944,0.5298216072395477,0.71468265790421,0.4895735670862727
2025-07-25,0.5657234051594148,0.470338719799199,0.46913761091116973,0.5278208557711365,0.7130170797760041,0.4860900583788858
2025-07-28,0.5578730601762697,0.4486977219830671,0.4433515744442974,0.5045887392021494,0.6953846565979195,0.4828802632770568
2025-07-29,0.5347271707318481,0.4429113575850589,0.4436379094899988,0.504598669867574,0.6941957377272577,0.475478447498076
2025-07-30,0.5350024007795301,0.4854742878310581,0.48326247835088487,0.5414626067388439,0.7201765346427982,0.4814799319994258
2025-07-31,0.521720003383788,0.495979405575144,0.5003333759951963,0.5556515016181633,0.7307873131681053,0.5156530840822127
2025-08-01,0.5373852190924719,0.5339820255566291,0.5554967747732169,0.605276716618615,0.7648235407772661,0.57627074465753
2025-08-04,0.9065528038229128,0.9336534630732286,0.8297199273442614,0.8496968684537229,0.9130617597261615,0.5895344933074401
2025-08-05,1.0284363613572227,0.8768790608257798,0.722147641997355,0.7560672550659175,0.8601114778355713,0.5723355952561061
2025-08-06,0.968418424996856,0.923035586940978,0.7815762752632326,0.809702424649182,0.8919409584921857,0.5783713546805951
2025-08-07,0.9283715066146389,0.8611463770477115,0.7193141511498378,0.7542906429746186,0.8627723428927876,0.599543039012284
2025-08-08,0.8504661649227175,0.8271724896907975,0.7177127730249523,0.7517269648702416,0.8637854219688568,0.5990827506238006
2025-08-11,0.8341530682433763,0.7751859638179115,0.6594213255483788,0.698281096940904,0.8343683184911834,0.5888645927699799
2025-08-12,0.7756796982621907,0.7714005221765989,0.6792191909434391,0.7148342279659325,0.847510562539118,0.5969047581737493
2025-08-13,0.8282140264847189,0.7273309009749742,0.6038158582755525,0.6473246278387464,0.8072572172241835,0.5902710859506787
2025-08-14,0.7686448622203319,0.6815540966924519,0.5757672203058924,0.6236329690359508,0.793795589734008,0.5717913952445897
2025-08-15,0.7105529547512393,0.6483452813319808,0.571249426024275,0.6201118167199846,0.7941389469121608,0.5714679339367564
2025-08-18,0.6744732332881721,0.664437005003829,0.5995045064049807,0.6472635991328133,0.8126388663998856,0.5713349615042128
2025-08-19,0.6313394400187967,0.6385415480676134,0.5972134310621181,0.6450649967231974,0.815030360602236,0.5758985385196166
2025-08-20,0.6520705616816487,0.7194276517274727,0.6714221491349028,0.7117965462682013,0.8568343752725819,0.5985001846307385
2025-08-21,0.6291952777885448,0.7345131991844768,0.6990276850765298,0.7366939744892056,0.8710861039741844,0.6011453711683742
2025-08-22,0.6275301075058143,0.7750398289812226,0.7458006992678872,0.7782160738188308,0.8935713037062502,0.621902412452395
2025-08-25,0.853013630465894,0.7345280507764986,0.6425139416915482,0.6867267767625622,0.8360063291284618,0.6270557136991557
2025-08-26,0.8143683346607734,0.7829964871266555,0.6980933175457048,0.737736332929372,0.8647739152935797,0.629264834229991
2025-08-27,0.7622533963332009,0.7324169950729598,0.6626624086367631,0.7066460159954827,0.8449834416110565,0.6268164795361457
2025-08-28,0.7068609205943341,0.6851962438081557,0.6406137386301892,0.6870690992259143,0.8311332595270479,0.6181630925978163
2025-08-29,0.6669120152931871,0.6435505746907724,0.612214000297455,0.6624757243839319,0.8139324912074425,0.5916761856834047
2025-09-02,0.6905537186227703,0.7107124734708221,0.6940114787401215,0.7372021864461179,0.8601772485225488,0.6043583931519106
2025-09-03,0.7354833456842729,0.8273170681173002,0.7923677686575915,0.8264900297324969,0.9114696033509273,0.5981406877740857
2025-09-04,0.7089567726956069,0.7730813380763155,0.7442082965221691,0.7851604078239083,0.8862899862093553,0.5961090510619502
2025-09-05,0.7322375095497679,0.7262055740016196,0.6813722721316198,0.7285847904084117,0.8521181655641883,0.6235816313538673
2025-09-08,0.6982215907499614,0.7458575552568941,0.714781277669868,0.7599364006289835,0.8682874342992801,0.5980687687426384
2025-09-09,0.6538694808703167,0.6976658435282872,0.6907953749983667,0.7389424637072306,0.8546809446404409,0.5981299389557813
2025-09-10,0.6159585029198609,0.6540065861196722,0.6687575840628164,0.7181032823696665,0.8410759364464196,0.606550523404328
2025-09-11,0.5873879102528378,0.6148487616697091,0.6440026322117013,0.6971843708646954,0.8267261481935521,0.6024879951465627
2025-09-12,0.6406857904436303,0.5829843900075545,0.5877187134105416,0.6429914380930671,0.796663643624059,0.5986013988004383
2025-09-15,0.6040517283902135,0.5672888935388362,0.5906727963115143,0.6431684851034378,0.7979986833103114,0.5897112387097097
2025-09-16,0.6017164579046211,0.5376877510002571,0.5538265143725292,0.6067843821380984,0.7739549194580501,0.5887485726765015
2025-09-17,0.5772893049255082,0.546016522035099,0.5738075801627686,0.6220370640583941,0.7815463212026232,0.6099811096699129
2025-09-18,0.5562807134414559,0.5509644650205225,0.5876115264528946,0.6335626269479188,0.788689095370962,0.6126419922102169
2025-09-19,0.5554896251167077,0.5223651412058411,0.5537767950778761,0.6026099498216727,0.7674780206972323,0.5915483727374562
2025-09-22,0.5584584781760561,0.4964552653770478,0.5190849646296904,0.5708590410667274,0.7465473790400523,0.5853770718855092
2025-09-23,0.5579400493587922,0.4726162200033904,0.4875604493411826,0.5416561770795606,0.7269717577335311,0.5701232292392718
2025-09-24,0.5976864817473856,0.5745392793929157,0.5667271838469167,0.6172267676060585,0.7794218943034044,0.5716621274323922
2025-09-25,0.5918912879188833,0.6155131443174089,0.6081147091238522,0.6558651830734045,0.8060011725919183,0.5901148615399224
2025-09-26,0.6082849357098623,0.6821737866254485,0.665358682854664,0.7082027543542134,0.8390684396303768,0.5938998082717336
2025-09-29,0.6106812930377832,0.6422937562355063,0.6213565100928359,0.6689979459578468,0.8155783640569475,0.5956453590857614
2025-09-30,0.5825268522208144,0.604169572828541,0.5983123785662648,0.6464699491912375,0.8026420589177732,0.5926687224900196
2025-10-01,0.564242942133646,0.545515486513797,0.5702057707392733,0.6207443382486665,0.7866745956444402,0.5381371876921837
2025-10-02,0.548100889764584,0.5163792854938695,0.5454665005076808,0.5974846808288566,0.7711126297194392,0.5345469590267417
2025-10-03,0.5242499243883662,0.4882309182676689,0.5366995388932841,0.589273571335422,0.764585247465177,0.536402014947997
2025-10-06,0.5059769374195101,0.474985836317572,0.5353461742438967,0.591366370958686,0.763545562735057,0.5015715993028098
2025-10-07,0.5028483555457143,0.4520152765017111,0.5112525478109946,0.5690907240454053,0.7484219923852724,0.5064793379623153
2025-10-08,0.525265211655536,0.5165786079626155,0.5635089367216243,0.6173003013353753,0.7810257020793524,0.5044613979934799
2025-10-09,0.5495754980850431,0.4917067558695626,0.5232447959855956,0.5773487511004666,0.7569715729421648,0.4951755112392925
2025-10-10,0.5497874035163297,0.534889495490508,0.5664184548172294,0.6142446808299601,0.7831957040141909,0.5781880791237063
2025-10-13,1.3185318022756272,1.3760208673150334,1.0707372571339544,1.051284019712071,1.0351300730897428,0.6291034672300752
2025-10-14,1.3364429570437886,1.268949291401418,0.9403947729589189,0.9427532509916328,0.9779622290596758,0.7110484452628298
2025-10-15,1.2067534530830937,1.1982679846781237,0.9332015026694999,0.9399071573900993,0.9756809353120881,0.7611660489578039
2025-10-16,1.100217391943817,1.104054791976938,0.8837679826991963,0.9011190277402149,0.955134401748875,0.7749443473405792
2025-10-17,1.0499990428018704,1.1590051190068351,0.9577946255001246,0.9684149659322248,0.9895208144460339,0.7801267439645331
2025-10-20,0.97455601579285,1.069943681282384,0.8978950769978626,0.918690928707474,0.9620822354505958,0.7819957264648921
2025-10-21,0.9751592688426606,0.9937074763459908,0.8116470103411406,0.8441911265067892,0.92131076672248,0.7792460127601133
2025-10-22,0.8888169870070345,0.9315481473180636,0.8011794417844247,0.8338240364238079,0.9147534884978706,0.7961024528115984
2025-10-23,0.8540770686524972,0.9743899841856688,0.8610869854321876,0.8855941213507592,0.9436547996119831,0.7947133868699249
2025-10-24,0.8121804878534324,0.9053202595733656,0.8069507009071983,0.8364520981798459,0.9148176753949655,0.7879312492717911
2025-10-27,0.8089649856859735,0.8449188653924641,0.7449347958611813,0.7806824026066986,0.882077790951477,0.7958991648669046
2025-10-28,0.8768784074821802,0.7930975015441158,0.6601665143708245,0.7033988259122855,0.8352655356192817,0.7940807432672556
2025-10-29,0.8064780525271049,0.7402932237108127,0.6367168891253715,0.6816801603409094,0.8209313005688524,0.802956379261551
2025-10-30,0.7425945219842038,0.6949775345231998,0.6265472493183848,0.6725029016952904,0.8151892619071989,0.8106452474337854
2025-10-31,0.8566767093682265,0.8980400327898765,0.7912617078406439,0.8215658491796004,0.9045688467883569,0.8219846855221616
2025-11-03,0.7935426355633123,0.8083820930551284,0.7548748804846359,0.7909805837698369,0.8878448390663755,0.8285555408521592
2025-11-04,0.7331544898004864,0.7545183022131642,0.7296722586479137,0.768407960640454,0.8757499141486498,0.8794097094568005
2025-11-05,0.87297334974104,0.9674582956190788,0.9004038626779318,0.9179285226750316,0.9619482514885732,0.8868368277162617
2025-11-06,0.8074922123570425,0.8984972005118694,0.8583990045363064,0.8798782921694713,0.9432740473185804,0.8991523206094207
2025-11-07,0.895265775145006,1.0632629237854712,0.998753792178168,1.0011388421617065,1.008427982271284,0.9344955510595336
2025-11-10,0.8191180957944636,0.9830051924210392,0.9629572199464786,0.9694622986964199,0.993382694634048,0.9056645747546472
2025-11-11,0.9783166255592436,0.9188849710359716,0.8448213762827488,0.8676903684797156,0.9395411432090214,0.8769989782784043
2025-11-12,0.8927641299763969,0.8542529296156124,0.8111843916699486,0.8392026257250296,0.9235825105892893,0.8141216883223676
2025-11-13,0.8170704838317419,0.7976975149460191,0.7921519247785007,0.820574886370052,0.9139779268351005,0.7923197258067003
2025-11-14,1.063581327711523,1.1248080919454182,1.0432964322595402,1.037668407725061,1.0320241605254195,0.8303062547160283
2025-11-17,0.9656328847995896,1.052945202829092,1.0120019543930427,1.0097487072548634,1.0183539587803772,0.852631964167617
2025-11-18,0.9824516777796404,1.166245956354235,1.1167599653375537,1.0964225304117836,1.06358817754211,0.8757444377909487
2025-11-19,0.9787429185280332,1.246228078876597,1.1973711183332227,1.1627098616025124,1.0969104241235583,0.8938633077930166
2025-11-20,0.900125881015881,1.147764713000819,1.131941709524839,1.1073099040108456,1.0697668479619207,1.0017421425859714
2025-11-21,1.0764190146280956,1.378676033912135,1.3160297134404702,1.2600551716769648,1.1433252862774619,1.0415554274439722
2025-11-24,1.04921607477442,1.2686398380948338,1.203980652943936,1.1706922487813798,1.0984945216778421,1.0505528857519868
2025-11-25,1.118220095690639,1.173411852091798,1.0718823860983393,1.063522642584874,1.0422064855046471,1.0668724716184468
2025-11-26,1.074942503311893,1.0858282061299356,0.9807370799752027,0.9883972818877027,1.0028084478983204,1.0711175205676766
2025-11-28,1.0075915802702025,1.0063217194699592,0.9112164703645786,0.9302802615658157,0.9731252525622348,1.0614790349706396
2025-12-01,0.937561112096354,0.8986632221432194,0.8554070168638143,0.882500808766765,0.9477469786989978,1.0602085264862728
2025-12-02,0.88708175448033,0.9331975574267292,0.9009542120147234,0.9218321784396104,0.9701596636395011,1.05185791207211
2025-12-03,0.8138692002522104,0.8673220140001866,0.8674851684616188,0.8926291435971138,0.9551333255686387,1.046343516340423
2025-12-04,0.7579387556792313,0.80876299794619,0.8269597599105918,0.8571095225762311,0.9346450594819958,1.0060166935563009
2025-12-05,0.7021873851670322,0.7547117456067292,0.8047757543840541,0.8365216008137668,0.9229405905802288,0.9983248261478368
2025-12-08,0.6562826351808689,0.7063747175897434,0.7773025064182093,0.8121640145098417,0.908621322300611,0.9906326091389898
2025-12-09,0.6378011129714262,0.730604304236961,0.8043472943306091,0.8355862073799079,0.9216390750100616,0.9552555960067872
2025-12-10,0.6051157221626197,0.7119166198133847,0.8012952901797568,0.8317796369342894,0.9200423374735034,0.9407095546760528
2025-12-11,0.623036689276202,0.6697490772178194,0.7454386555822583,0.7824972380208113,0.8907392666194529,0.9484428292450576
2025-12-12,0.591487357325122,0.6295279443278894,0.7203779798559604,0.759629426308049,0.8764963912243716,0.9606438778018144
2025-12-15,0.749855473798191,0.8352750590371422,0.8694553376833545,0.8904858900636425,0.9488990658747721,0.9527277972896848
2025-12-16,0.7026183759254193,0.8182240876418221,0.8734372783847053,0.8937792550362231,0.9475640019361368,0.9041643266053832
2025-12-17,0.6728912167516884,0.8258192594784525,0.8941391846578948,0.9101093048872991,0.953258923967982,0.8789557293175345
2025-12-18,0.8089123684176379,1.0067365632803111,1.0321226054021408,1.025659508913584,1.012195387621186,0.8729676502459566
2025-12-19,0.7974773381755899,0.935891922481388,0.9561440680467309,0.9615211748574793,0.9782538767628592,0.8554961552305168
2025-12-22,0.8133754926195079,0.8729755364198415,0.8745102569998383,0.8936064760220518,0.9374122799167627,0.7132755277391783
2025-12-23,0.7831070098196982,0.8150995688807923,0.8159866284401428,0.8451223424459818,0.9055650135866921,0.6523162835107084
2025-12-24,0.7404153952473417,0.7621642041895512,0.7712527640902908,0.8082545969202721,0.8811422733637798,0.6261622251477754
2025-12-26,0.6963538356794863,0.7138497015180635,0.7372333110165913,0.779075614551049,0.8615475641274881,0.5815699381919845
2025-12-29,0.651210088992137,0.6829004120541027,0.7323633399765967,0.7733157018290536,0.8569137204435388,0.580046191888183
2025-12-30,0.6403072171258861,0.72055882760736,0.7738103368081288,0.8091421413110098,0.8767466005426298,0.5786264786051648
2025-12-31,0.6092377127870853,0.7094473390149969,0.7812292530063559,0.8148010511243923,0.8781725909348067,0.552635651512283
2026-01-02,0.6753216017468608,0.7961758648968016,0.8744015108058842,0.8950182374452651,0.9203122195431501,0.5710228656060109
2026-01-05,0.6333150359966802,0.7436343299095128,0.8466187042903326,0.8713028745997872,0.907219041258015,0.5729395845288415
2026-01-06,0.645253708638864,0.6982901819467099,0.7879780477463649,0.8193066685942066,0.8790722972787505,0.5675494067302681
2026-01-07,0.6438145696957203,0.6569009292819474,0.7369980898412106,0.7734964813031859,0.8547926166038207,0.5674850086386909
2026-01-08,0.6299946306522923,0.69040166414876,0.7708844409049549,0.8014090004390212,0.8715188127300783,0.563418710821119
2026-01-09,0.5953556966194058,0.6614753880799327,0.7584787877928034,0.7873527955495283,0.8633106940052252,0.5697832006345604
2026-01-12,0.615330459224547,0.6237890856389502,0.7047453800346439,0.7371379160174674,0.8347913601069075,0.5748418963403337
2026-01-13,0.5824762917220598,0.5872665122635874,0.6848232773032186,0.7178202585050281,0.8230506446602597,0.5590971823695311
2026-01-14,0.5676200513379986,0.6035163527898902,0.7024717618874047,0.7347658512969176,0.8350365048533781,0.5582153548112528
2026-01-15,0.5953913474341899,0.6774473260937057,0.7598577098553566,0.7848013005503837,0.8660240120692695,0.5511945404175321
2026-01-16,0.5705994775048855,0.6365525712431295,0.7267782465382577,0.7547287132087424,0.8517190152634821,0.5365895417039652
2026-01-20,0.5493657505745582,0.6261373077187431,0.725442096684725,0.7527311701809496,0.8515248814944681,0.6433505136256895
2026-01-21,1.0525081589305023,1.1175534660572404,1.052553925851964,1.030091436870155,1.0014663123698986,0.6449128181680301
2026-01-22,1.0566442645954528,1.036392715628127,0.9478837513973262,0.9440155220958223,0.9585632655123815,0.6605170107239484
2026-01-23,0.976724292572931,0.9610611965929804,0.8864006964216143,0.8950465733961548,0.9338955210817865,0.6511896513383129
2026-01-26,0.8900747681856446,0.8972108761215437,0.8607088402423424,0.8739277137045933,0.9241902142794429,0.6524374762373288
2026-01-27,0.8344033357555033,0.836119186379079,0.8082950195106023,0.8288366881533294,0.8998222391096421,0.6543393986383959
2026-01-28,0.7785716575323204,0.7806267450904999,0.7623608262758664,0.7892000832167462,0.8765604476800352,0.6582352943506687
2026-01-29,0.7206707341623992,0.7430685786034472,0.7514433681745966,0.7799592774237455,0.8716584995853621,0.7146463367383673
2026-01-30,0.6811400667158884,0.7439176217312247,0.7658656255054432,0.7950224090204365,0.8806532138288939,0.7340058219666147
2026-02-02,0.659411099321649,0.7381419141300952,0.7918024444139053,0.8186448142832755,0.8965396340731153,0.744607372126069
2026-02-03,0.643229427609208,0.6927689744139466,0.7452061493285875,0.7759851565911513,0.8735679603118046,0.7695632566858277
2026-02-04,0.7229251615865181,0.8331627408212327,0.8552963372957761,0.8706121264098481,0.9293898508991515,0.7884068671398329
2026-02-05,0.7149136085204889,0.8802937463123888,0.9058149959637377,0.9111899921523975,0.952414881213263,0.81595500343559
2026-02-06,0.8744610126944118,1.0867581844464054,1.0657481534854183,1.0485334478062203,1.025075335203801,0.8422659330879878
2026-02-09,1.109217759490203,1.0118240381946184,0.9143113087036371,0.9229326423078185,0.9580645441529133,0.8499535995776889
2026-02-10,1.0195348450382902,0.939407576178266,0.8602231922670776,0.8787251455305991,0.9306441222648785,0.8481625088987966
2026-02-11,0.9395132404661506,0.9327603276615531,0.8735334932828105,0.8911946572546704,0.9377282768674836,0.8572024994609384
2026-02-12,0.8598346069867138,0.8830319274739129,0.8553312064788798,0.8728909968657936,0.9270763161387565,0.8819901073857951
2026-02-13,1.0508373098949124,1.1606768353998596,1.071736757083573,1.05701531570428,1.021452185444585,0.8830386146300613
2026-02-17,0.9550510758301052,1.0711227610294445,1.0333684958878278,1.02516104983645,1.0037388893818906,0.8951256163142969
2026-02-18,0.8726217441816527,0.99136924799937,0.9898281401647961,0.989775485518594,0.9822597997129442,0.901479054967148
2026-02-19,0.820065494397108,0.9211319491233972,0.9285210184617013,0.938159684186336,0.9536649370370184,0.8293829457941456
2026-02-20,0.7701275171362255,0.9164035814098652,0.9382908922835995,0.9465274230174884,0.9569027022652757,0.8165180449056567
2026-02-23,0.7618856149742772,0.8545674534901199,0.8699769854281636,0.8872371888426774,0.9250967943666482,0.8209683826140846
2026-02-24,0.8478044093412853,1.012557273589666,0.9998557715649344,0.9986756465444401,0.9809042180503736,0.8308957257948484
2026-02-25,0.824910727124521,0.9409690690621688,0.925691286041745,0.9380571749308494,0.946097708597531,0.8329772300547267
2026-02-26,0.8240436736839205,0.8771107759596423,0.8507599469190888,0.8733994637130672,0.9084396505209678,0.8535356420162692
2026-02-27,0.8062159752993631,0.9335704406561124,0.909260962400448,0.9251240936479854,0.9330331188440243,0.8758856940192709
2026-03-02,0.7816161634154095,0.9371470955699532,0.9521021534059155,0.9609932467407875,0.9520756379690679,0.8685284869422327
2026-03-03,0.7233113297426985,0.8730172855538356,0.9183016444061959,0.931922824824625,0.9369729203422283,0.9511155198664916
2026-03-04,0.7878992474086769,0.9975584006007572,1.0235040675399365,1.0197709649244138,0.9811725780060294,0.9531626576396576
2026-03-05,0.7737519003982677,0.9273561348373858,0.9501850791121172,0.9532744479092837,0.9454530824816777,0.9420069554797614
2026-03-06,0.7661339000447368,0.9784868545141542,1.0010606734855823,0.9964530792272528,0.9641337415060526,0.9528242452210915
2026-03-09,0.924147456059723,1.1839463383107307,1.1725538151786858,1.1360072091197027,1.0320305990206233,0.9872104234027728
2026-03-10,0.9083284406382536,1.0947165431297,1.0761248714690899,1.0557493148684085,0.9912660876591615,0.98059718060337
2026-03-11,0.8383377925788493,1.0527903868965545,1.0491722893680369,1.0349343139896068,0.9763250185402546,0.9835572839885116
2026-03-12,0.7768132375175109,1.0089932205304046,1.017019952920967,1.0049386182731093,0.9576257737470777,0.9888566022853204
2026-03-13,0.9899475097050908,1.2581005537067769,1.2281537995384617,1.178153853072872,1.038113606318439,1.0068040368290496
2026-03-16,0.943380248385434,1.2730769394697163,1.249663711257714,1.1962124760992208,1.0444889154981982,1.0219287379526123
2026-03-17,0.9466533067025288,1.1746271688195,1.1401317940071343,1.1075322170418112,1.002753357495133,1.025087155781865
2026-03-18,0.868251823408689,1.0844610167170348,1.0661854680663108,1.0468869793573479,0.9729423183553603,1.0165234633069609
2026-03-19,1.0148400507318611,1.2933676986465912,1.2536699309786956,1.200090085512549,1.04409129401277,1.023643254386764
2026-03-20,0.9345244525044536,1.2451128409060408,1.21825408980859,1.1682408733316179,1.0323304117790617,1.0426978610879856
2026-03-23,1.0700431691325876,1.4390389498565983,1.3938857439846302,1.3067179504591009,1.0964087271469494,1.1137066386931045
2026-03-24,1.0527196159216126,1.3222237346868255,1.267302813135532,1.2080417328139739,1.0525951157446432,1.1131916374282247
2026-03-25,0.9732028517034266,1.286907931390529,1.2411780889593098,1.1905046059993434,1.0448101299730035,1.135113860664835
2026-03-26,0.9098669981502808,1.1854943254038124,1.1420109788758415,1.1112233282583543,1.008319798631846,1.1507739624302449
2026-03-27,1.1515863351219933,1.468713632209796,1.3868160718122395,1.3076634180086948,1.0992580800763623,1.143517756476618
2026-03-30,1.2906455710354614,1.6893834806961794,1.5896801021172893,1.4626629733039715,1.1690093536152013,1.1682882032712911
2026-03-31,1.177761908314509,1.6109122628252954,1.5355101826598405,1.4186567337929465,1.1522658024403052,1.1876452774692787
2026-04-01,1.586391652763932,1.438128126257202,1.3320285721348826,1.2546817592638202,1.0828748223589728,1.1226377053906549
2026-04-02,1.4520360731973296,1.3207003516656275,1.2199573147164098,1.1620466433832748,1.0411163876325895,1.1750147620395364
2026-04-06,1.3063660951259466,1.2147654160399757,1.1389806076063225,1.0931614792939996,1.0109929253624845,1.1570830995431058
2026-04-07,1.1899154414189796,1.1212590963203015,1.0582574451225495,1.0248196420813895,0.9763557968727744,1.1530295070741012
2026-04-08,1.076864584924384,1.040647345740213,0.9945981520248771,0.9728609422558742,0.9511534567735742,1.2322680648488118
2026-04-09,1.4173821217088258,0.970390736225623,0.8591300969797975,0.8623573653523761,0.8946753875878856,1.2268321953488677
2026-04-10,1.2927011365070695,0.9026561212296154,0.7948311263912239,0.8095088825376991,0.8662161418319805,1.2182850675764836
2026-04-13,1.1683222972435103,0.8638478436262668,0.7686583231140665,0.7875178753463632,0.8562171615747718,1.2245038927839969
2026-04-14,1.1224138913740265,0.8076635139974482,0.7026682694216931,0.7317828476465252,0.8253314092061288,1.1964157339582568
2026-04-15,1.1235417127824718,0.7574933514820391,0.6337021413738768,0.6717619830634362,0.7893944276929094,1.1649447743086776
2026-04-16,1.0610800414075976,0.7110545867909865,0.5836060036857648,0.6276175937323457,0.7610789347478228,1.151323846317883
2026-04-17,0.966891910489024,0.6676244917371649,0.5562982878510933,0.6036649585390387,0.7461860345523894,1.1516740280573858
2026-04-20,1.00083380769392,0.6304726425765688,0.4989142068261039,0.5497525562810842,0.7118583579164642,1.1438400403247608
2026-04-21,0.919960863996754,0.6426217849485163,0.5193502688058097,0.5683660160352978,0.7239018344230473,1.1286164636856637
2026-04-22,0.8981813340325576,0.7461967164975146,0.6238715673749907,0.6651601268738889,0.7823953235962613,1.055231971218808
2026-04-23,0.911045693786484,0.7013529130454892,0.5707748703302261,0.6172402057353165,0.7499205182079333,1.0660240504184726
2026-04-24,0.8579247313709821,0.7430948362679488,0.6186180535359068,0.6609254379942922,0.7754506240779466,1.0362210913006826
2026-04-27,0.8405478026745348,0.6979700780198741,0.570627009302047,0.6155332281751182,0.7469436553142795,1.0173547394206153
2026-04-28,0.7747382409847838,0.6555626188925145,0.5465899104973807,0.5921264073969037,0.7310223117335755,1.0210931899171796
2026-04-29,0.7568504654247858,0.7220364818179319,0.6192143003807419,0.6564171873513175,0.7727742537764068,0.9750170599044452
2026-04-30,0.703489767975662,0.6916625764982027,0.5980316902283463,0.6371980670891713,0.7599608115923314,0.9283571213070227
2026-05-01,0.7590306102676548,0.6255515337821697,0.5465603834924546,0.591856356851241,0.7302190490752675,0.9204233689453886
2026-05-04,0.708959954818479,0.5901039970341022,0.5195542746523312,0.5668114474376142,0.7133362586409635,0.8516432503005029
2026-05-05,0.6885187147767389,0.6383272480774428,0.566288621994686,0.6123846474212407,0.7406390689355518,0.8526322758942719
2026-05-06,0.7108702636961395,0.6030792585491768,0.5230703448038427,0.5736559485388546,0.7144881495682253,0.8295813764293497
2026-05-07,0.8579466858420758,0.5723731041257012,0.4645314937210769,0.5186848540743404,0.6772568489639721,0.6304208663944064
2026-05-08,0.8060787576344135,0.610473411503797,0.5058023352284302,0.5570715023027382,0.7023773023228631,0.615006869323178
2026-05-11,0.8063699707324118,0.5777142923714531,0.46758628627299254,0.520557593568484,0.6772182015381242,0.6195766715500827
2026-05-12,0.7472239526956336,0.5462618415825499,0.4483767177380175,0.5021122985292343,0.6636539563221774,0.6201314873696249
2026-05-13,0.7014026550467529,0.556898978508761,0.4630572420964821,0.5156630217179939,0.6722652125664057,0.6320115711967629
2026-05-14,0.6848611063561013,0.528040167533431,0.43384079180564983,0.4872192876171866,0.6530663753975646,0.6305773455820198
2026-05-15,0.7058302817171068,0.5021616485468544,0.4001851732605505,0.4533986442835833,0.6295911537305696,0.6678783539047893
2026-05-18,0.854619805129848,0.761712412083891,0.6493496299666316,0.6817047507916599,0.7773341731301611,0.6715970650449214
2026-05-19,0.7889256741754612,0.7378501025883432,0.6363145117800284,0.6691252128356393,0.7698864813541566,0.683662715317482
2026-05-20,0.7955069719651479,0.8314934005362106,0.7287921154524556,0.7511525540176724,0.8173069386780855,0.6794002683008598
2026-05-21,0.833702743322923,0.779059958023951,0.6652744560594444,0.6959217813873889,0.7856718601546143,0.6851304073353031
2026-05-22,0.7697220185195378,0.7295245187951502,0.6282532881212275,0.6629431186251339,0.766201597910611,0.6566674759804771
