Date,garch_fc_vol,egarch_fc_vol,sigma_v3_h1,sigma_v3_h5,sigma_v3_h21,rv_target
2016-07-01,1.526445108390536,1.2611533551426892,0.8174176554460819,0.8853032917737779,0.8646024236501039,1.2835579446524568
2016-07-05,1.31902924676614,1.160114883402848,0.7573544231681354,0.7941861271721113,0.8508496136188805,1.2804024001701355
2016-07-06,1.1982248069782715,1.2458674521615722,0.8733547135326719,0.8945120933907204,0.8801677013733927,1.2880289640107885
2016-07-07,1.0809272384193418,1.1048938801421926,0.8009651788216864,0.8361509483699086,0.8309518583957671,1.2941798303093883
2016-07-08,0.9592184909126176,1.0589564415321615,0.7581435433897141,0.7624580136397519,0.7910962766814922,1.310718742264693
2016-07-11,1.0764774667081582,0.8521074195848292,0.7299710184304676,0.739590564935006,0.7699894370634266,1.3103551477973336
2016-07-12,0.9648313399376496,0.7838773307230638,0.6840286479075899,0.6788088781486734,0.7308391911064868,1.3079220876922313
2016-07-13,0.9193103460417592,0.6827159099680411,0.6490041683855631,0.635406787688873,0.7005110851626519,1.3016663403055562
2016-07-14,0.8315813977077066,0.6732770298933914,0.5873826591321089,0.5847732910777627,0.6997639646495492,1.3039076607330984
2016-07-15,0.797967390403914,0.5999905148607352,0.5463592466700294,0.5624989977018628,0.7035374885485883,1.300953965742258
2016-07-18,0.7420476186435773,0.6231172583978427,0.5159262840684263,0.544435429126391,0.6790966463419524,1.279690309496775
2016-07-19,0.703277613902707,0.5856310622410659,0.47121577958818445,0.5208239590242397,0.6456782837928791,1.2775593021747804
2016-07-20,0.6698699289401331,0.6030026774769173,0.44483791828311875,0.5036782298769381,0.654906744394157,1.248880830784037
2016-07-21,0.6639756044826015,0.5508426392661152,0.42818162927900344,0.4917220829446871,0.6291019713081126,1.2495115111505628
2016-07-22,0.6648456794445786,0.6337655667771773,0.4869146628440499,0.539212859696354,0.6872542031125886,1.245723503852854
2016-07-25,0.6642268490822307,0.5756078499577235,0.4703668175249226,0.5257360636707867,0.6709295239510024,1.2323354094462513
2016-07-26,0.6532021053134157,0.6313789531090013,0.49761040967364156,0.5534520285995648,0.6740059247592359,0.6816336763945265
2016-07-27,0.6300956478429487,0.6187091007678964,0.5229966035719089,0.5865035529348704,0.7054821268598209,0.6511901942522291
2016-07-28,0.6167963024395932,0.6341984883155415,0.5221141558473602,0.5820642897065242,0.7319993492957607,0.6008488350680364
2016-07-29,0.6047239583436363,0.6132278013918193,0.5182624818989481,0.556871833089852,0.7440954905006246,0.5611085634806708
2016-08-01,0.5719598282036998,0.5834575817166533,0.5213144111104557,0.5511058905473496,0.7472143252190566,0.5369156789574369
2016-08-02,0.5681784415074953,0.6006990466899275,0.5753241135385075,0.573111696713346,0.7529172777440079,0.552948074545966
2016-08-03,0.6498298602795235,0.7483813551712284,0.6339542800894661,0.6221017894557949,0.8157531276123624,0.5423224900595629
2016-08-04,0.6291651720230096,0.6958837634866349,0.6114475457245748,0.6032536474236627,0.8324582256268919,0.5539102307946884
2016-08-05,0.6049250633742033,0.671543866635328,0.6206617594792838,0.6386386401103484,0.8498967680083307,0.5400230437541437
2016-08-08,0.6879736525544444,0.5658196962621121,0.5268924979799696,0.5823928833812992,0.7785338233483807,0.4990339715241871
2016-08-09,0.6483728518299388,0.5795913665879544,0.551991253705562,0.6036687968591243,0.8065887627702435,0.4923878069986645
2016-08-10,0.6179667868370033,0.5717036136628141,0.5646878524924785,0.6131144670926905,0.8344849282710946,0.4661135286857418
2016-08-11,0.6128848790492005,0.6264639646686245,0.6305246202728889,0.675875174406082,0.8857064654172513,0.4640064331872197
2016-08-12,0.6235999773707135,0.5648854997082258,0.612793029713392,0.6306629677208401,0.8846826709920215,0.4425043704867843
2016-08-15,0.6039944351064487,0.5845921956451752,0.6392239401725115,0.6856228690104664,0.9305947309631025,0.4315761592152584
2016-08-16,0.5971497286842704,0.5475739308537276,0.6173184300101761,0.6755928571352825,0.9369450002999606,0.4323084441844281
2016-08-17,0.640388907214342,0.6697931640805362,0.7008576463152205,0.7179398599911702,0.9733184989486465,0.4386081430132634
2016-08-18,0.6156277100944803,0.6376951406927476,0.6930679868824555,0.745675816510363,0.9986039842797296,0.4361729237629131
2016-08-19,0.6003604765680578,0.6040147820580356,0.7148329527839518,0.7678429517507439,0.9702238635235111,0.4338296375482016
2016-08-22,0.5915997790635724,0.6331055033277843,0.7572638163268451,0.8303930683318217,0.9685811251658454,0.434433805847687
2016-08-23,0.5787695756871325,0.6294084843819572,0.7775584362218028,0.8658655963621154,0.9663603573661184,0.4346874953608002
2016-08-24,0.5736167388994624,0.5993195146094903,0.8060836305180392,0.8501372553877343,0.9441642523866791,0.4325845735406006
2016-08-25,0.6248120256853494,0.7142059009167215,0.8961421409795448,0.9328111504158639,0.9527069221114862,0.4222761711323444
2016-08-26,0.6039856384701475,0.7160306654400006,0.9642318695095169,0.995408413349596,0.9881485594569474,0.4501950795516604
2016-08-29,0.5975136887139689,0.7430797636871124,0.8290503369467396,0.8825845986552316,0.9301629280778424,0.4450179184282085
2016-08-30,0.6177319327942008,0.6672754722468974,0.7754722813383857,0.829607063512695,0.8910265503675777,0.4451922458606541
2016-08-31,0.6049812585298266,0.6942817943621585,0.8451019650110045,0.8839063439713502,0.9384726506071172,0.4300083017718941
2016-09-01,0.5511179531084142,0.6439632951153976,0.9236031982515459,0.9514632627960793,0.9572311777749553,0.4432546390962337
2016-09-02,0.5309524911953828,0.6233064595025887,0.9723316540281712,1.0104997454068425,0.9546313438439439,0.4149721462356716
2016-09-06,0.5505431779064165,0.563986098996643,0.9214527689859917,1.0097350079861571,0.9665965718522425,0.419605287401701
2016-09-07,0.5440293525342382,0.5233249386671484,0.9276077806093997,1.0265881337453793,0.9401102956617484,0.4218483592188088
2016-09-08,0.5260508990195508,0.5159844581273606,0.9886601315259079,1.0867456494705268,0.9356774924393154,0.4219728502299067
2016-09-09,0.5285408621208582,0.5590926146466144,1.0679093227030705,1.152939581088978,0.9510943004280858,0.4697866968036763
2016-09-12,1.279079559145729,1.414665992812184,1.2753979934138329,1.3406461726105325,0.9949215274428295,0.517937833293837
2016-09-13,1.284382385844247,1.1754669145376857,1.138657886026112,1.1586986220979614,0.9644103154041674,0.5544825800770267
2016-09-14,1.316224394904588,1.4300588766338178,1.2877509706211023,1.2276383159242545,0.9864318803359431,0.5725964158298648
2016-09-15,1.1359039677990137,1.317209183965953,1.3535791697456554,1.2442684382553766,1.0304569321650419,0.5903761344221155
2016-09-16,1.0863360525697756,1.1273641078227048,1.2770993046493713,1.132685084873908,0.9730848163610049,0.5883555696318086
2016-09-19,0.970290924412221,1.131940024277731,1.3034744227157513,1.151958337636819,0.9734194262387602,0.607488629080469
2016-09-20,0.855150666642976,1.0522573329748512,1.3062437551652926,1.1967114806828152,0.9662633280696769,0.6155561798212202
2016-09-21,0.7637544798505371,0.9843615032386912,1.3262743828643453,1.1981892447122302,0.9601322287129066,0.6382398095169088
2016-09-22,0.8592017389440821,0.8284749682291384,1.1719660666228784,1.0781766022973227,0.9027848889156621,0.6470154502494488
2016-09-23,0.8151636777037138,0.7322402986496325,1.0901604253031987,1.0644908653482583,0.8807082348463164,0.6437243408498443
2016-09-26,0.7844941531654177,0.8283871649981164,1.1737089932996283,1.1137485015935398,0.8885229961909689,0.6494214341720067
2016-09-27,0.8168809285277647,0.9776290836259384,1.2262327817454262,1.1565477365432144,0.9007573303483692,0.6323400378140486
2016-09-28,0.7823551296020897,0.8646002613455278,1.0285399017672912,1.0198540801247915,0.8141890363235953,0.6459692829566119
2016-09-29,0.7379639680925023,0.7758029882735515,1.0194517448680194,0.9666933058830255,0.795189484093046,0.6615179130519223
2016-09-30,0.8101019264026877,0.9587981595947036,1.085472929220023,1.014870536505614,0.8542187836740288,0.6715371878472643
2016-10-03,0.8112997580920096,0.8314656985470072,0.989822336529407,0.9395033084422508,0.8554518529388648,0.6646405434839328
2016-10-04,0.7495542522134241,0.8467249442731726,1.0613155740094018,0.9602376932245181,0.903106565204996,0.6663742003758528
2016-10-05,0.736788766754555,0.9209065571371176,1.1012871091561445,1.041484772849023,0.9563958966882263,0.6671680538132779
2016-10-06,0.7070586074990521,0.8320166928630781,1.0481327361775037,0.9965967492521749,0.9735526480284482,0.6696604562252604
2016-10-07,0.6613911535335365,0.7894735027749563,1.0546230970915267,1.0479668550405363,1.0124563353499187,0.6809151005120115
2016-10-10,0.652156545843469,0.8324461709355121,1.0859841736463014,1.0701782453423578,1.0635588326711738,0.656121917804466
2016-10-11,0.6587162894687599,0.746067883356683,1.074543779277765,1.0128153811734737,1.072501279487782,0.6420090850429618
2016-10-12,0.8659311507825123,1.0356575752970445,1.1549425490663205,1.0746846340523173,1.1456836042358103,0.6139507919664066
2016-10-13,0.7807777455772543,0.9630715872439158,1.204162156462355,1.0654820688976812,1.1799681151354018,0.6372542225469032
2016-10-14,0.7351602968770357,0.9811739784740556,1.230007284409046,1.0848424962673282,1.2009000354101846,0.6339496116120071
2016-10-17,0.6818857488687381,0.9231145914023412,1.230257164320357,1.0862240330547765,1.1807051286019432,0.6305279501246478
2016-10-18,0.6669267261793854,0.950621864371819,1.2562303877658654,1.1055884187159477,1.1713806987039066,0.6376928215672583
2016-10-19,0.6858003168890304,0.8410437316802998,1.1721463160754932,1.0426222425166471,1.1178704631300576,0.6277595192523315
2016-10-20,0.6539168993898267,0.778051321177767,1.1422934246777985,1.0344628932019875,1.0880527774938218,0.6112177237136555
2016-10-21,0.631395016487917,0.7877520697146632,1.164127734016775,1.057397413167347,1.0809485400003833,0.6059495922466164
2016-10-24,0.606727311601107,0.7523190451373422,1.1672699479551059,1.113207555218936,1.066780937591558,0.6112000914038659
2016-10-25,0.6146619386922226,0.6834601259027724,1.1147392712055124,1.120323512376067,1.0312014907604807,0.6046322515034668
2016-10-26,0.6191403355906392,0.7368658074486039,1.1600901157767545,1.1982127633189303,1.0294429615411982,0.6139890874608731
2016-10-27,0.608115775984419,0.7541868298148685,1.1052582332159584,1.1952780914293621,0.9929258999459738,0.6023612343419983
2016-10-28,0.6067221873745556,0.7841366308888038,1.189117401725331,1.2717728074548507,1.0411433941005743,0.597077522933858
2016-10-31,0.6089644548882973,0.8170895589761811,1.275233330513114,1.3501989478244047,1.0894564412343153,0.5789199930267824
2016-11-01,0.5687080034673219,0.71658738929418,1.3466794927875576,1.4140724323480143,1.1325332770529049,0.6126642394694025
2016-11-02,0.6539271228888794,0.856508060659167,1.4592972042364307,1.5137225761023594,1.1899693727190466,0.6109475409799663
2016-11-03,0.6812921524245689,0.9438154802869853,1.5661278138462351,1.6071745757625457,1.244295255895858,0.6095102003347564
2016-11-04,0.6751204378299482,0.9840351824594732,1.6657296699271353,1.6934318941006363,1.2342781118559172,0.6136829780039742
2016-11-07,0.6360990605675451,0.9416168823386776,1.7470039793822991,1.7226115344315274,1.219899410435531,0.6340565274134987
2016-11-08,1.1494358448555202,0.7277941300383712,1.5096723721577274,1.4502841448257855,1.1626000391957152,0.6419214701361803
2016-11-09,1.0174630733030243,0.6597741945305654,1.5147411690874222,1.38748717171868,1.1821802216462955,0.6842229858494207
2016-11-10,1.0089099986883134,0.5552297338427482,1.4309601277950355,1.263702160889452,1.169422305186119,0.7146275768111991
2016-11-11,0.8939400272301817,0.5203913383346346,1.4321491785172737,1.2350845081749866,1.198600777153589,0.6895516799677484
2016-11-14,0.8075096383553356,0.5606441807846015,1.4456030834439724,1.2446269151666776,1.245963514810381,0.6854897213311112
2016-11-15,0.732624755910139,0.5387340634912526,1.433815475464901,1.2361263677352723,1.28392024041655,0.6861549433961756
2016-11-16,0.756098575491298,0.4659646206602323,1.3216886254996016,1.1539073820186523,1.2793812956522284,0.6667955336115158
2016-11-17,0.7003886549143618,0.5014743242362745,1.336118419694465,1.1649419357321609,1.3258778288560638,0.6653988590690633
2016-11-18,0.6874575338256671,0.4514303769697412,1.2655712675483717,1.112101365557099,1.2684487624535465,0.658942339870082
2016-11-21,0.6523341172942507,0.4970180255725149,1.284034577063539,1.1825569138884677,1.2518512616011603,0.6548095997141493
2016-11-22,0.6980146385882289,0.4298252919834203,1.181357812940643,1.1546036212999613,1.1844939407539787,0.6519968249657697
2016-11-23,0.6541094669561974,0.4101082689093888,1.1621279304070975,1.1920196750042995,1.1549342619756857,0.6524770235603287
2016-11-25,0.6175181880153302,0.4032177285137124,1.1641873055866696,1.2477974787409993,1.1361148150709568,0.6352880798116659
2016-11-28,0.6107034028342904,0.3718229901827551,1.1118967448030779,1.1988585657538853,1.0691959232319186,0.6338259303813657
2016-11-29,0.6286004852668666,0.492074021590424,1.2036674033017567,1.2241792509565017,1.0702527941931101,0.6220975338658968
2016-11-30,0.6034542849371153,0.4672409153488804,1.2440373510405882,1.201084824490511,1.048079695002754,0.6298174557395146
2016-12-01,0.6012969446769602,0.5046547881400854,1.3287119831389018,1.2750043578347316,1.0961928206058646,0.6000337559140696
2016-12-02,0.6110657266003481,0.5823092919066878,1.4212915876814671,1.3550828476810388,1.091201857705454,0.5905345034493444
2016-12-05,0.5887532703212583,0.5619399175155656,1.4163804504686353,1.4120179255667626,1.0767408114187123,0.5933616014511831
2016-12-06,0.6254227614077807,0.4968967135334529,1.3312721561076555,1.3990708967243861,1.0361616103552524,0.5868672366542739
2016-12-07,0.611407390414738,0.4610778747391734,1.3547497180235821,1.4200423136477343,1.0109291476943902,0.5623969262545572
2016-12-08,0.8177771354244374,0.3520763236615645,1.235544981245495,1.313452276569157,0.9412949230430327,0.5466483029951089
2016-12-09,0.7460260680116202,0.3330602208521089,1.267583860657179,1.3431994970712577,0.9255754962618121,0.4567880476858421
2016-12-12,0.7316135712445853,0.2856079142597151,1.2470333025695368,1.3247168594450507,0.9213991861154263,0.4062556502658294
2016-12-13,0.6799982321806076,0.3199191010211715,1.3250134586790308,1.326619954852197,0.9403516308320601,0.3950598647107662
2016-12-14,0.6972115420280549,0.2683716282102388,1.2959226483526214,1.2409066454719138,0.9137392121333466,0.4150170043545298
2016-12-15,0.7613154636559272,0.5428123355213276,1.4134867042147448,1.2757354172500404,0.9233310578959163,0.425607674888154
2016-12-16,0.7175513464340472,0.4950196567133554,1.423506361259839,1.227932879877815,0.9018778878082446,0.4263945888409183
2016-12-19,0.6746065190560179,0.5317442727730265,1.4343940110809383,1.2358890294413014,0.9016434835030551,0.4270624393169643
2016-12-20,0.6391648801613496,0.5013891888255941,1.4024115292067492,1.2124761457714897,0.9352950402949405,0.4262517728675652
2016-12-21,0.6279232321351109,0.4593743594238256,1.3471929950922459,1.1739515653955195,0.9419162878780357,0.4213082590607599
2016-12-22,0.6182790002420283,0.5195448649390817,1.3653232814297003,1.1872758091947468,0.9897166280502866,0.4174840083673746
2016-12-23,0.601965078596095,0.5485722646758502,1.3773198836365714,1.2573462972567329,1.0128156569712894,0.4118190690895524
2016-12-27,0.5841152785331256,0.5228979583619917,1.3580842277536,1.2404571672887559,0.9976996934265868,0.4129192450050097
2016-12-28,0.5771049615337633,0.4907073660665295,1.2998271130088295,1.191017632821782,0.9588544128264183,0.4177072514966403
2016-12-29,0.6895072820099523,0.6998384811630151,1.3485095221070516,1.226445640509195,1.016503566749711,0.4158514269796289
2016-12-30,0.6459369588273861,0.6772287000124166,1.4228235435448542,1.228029801758611,1.059983868951265,0.4204034917556503
2017-01-03,0.6325267148998832,0.7180619412159628,1.4432329996832214,1.2423823883408334,1.1097211172053674,0.4442860089898741
2017-01-04,0.681850719529239,0.6379518160753852,1.3328615852247914,1.162130494619464,1.076556795936834,0.4423068671303622
2017-01-05,0.6831891135343916,0.576952977126361,1.2504693472279491,1.1264692950981305,1.0730548966106033,0.4385252172578379
2017-01-06,0.641126431089266,0.5787114154640157,1.261892040156129,1.1479573929388733,1.0635409762402546,0.4463168569901902
2017-01-09,0.6236236214555032,0.5387975367402854,1.2158184654531328,1.1161820241199236,1.033455180211051,0.4314126434471599
2017-01-10,0.6186471205587106,0.5980760370824091,1.2422708185135523,1.1343386332999812,1.0305882248324447,0.4340185594571976
2017-01-11,0.5919184273859164,0.5818521793411654,1.2789782355140582,1.1385820629122028,1.039537906223838,0.4447946652411076
2017-01-12,0.5820926467258153,0.546564145178662,1.2584415638563025,1.1108916373894109,1.0633051025062188,0.4653925565652421
2017-01-13,0.5809060467466779,0.5874894696293945,1.2846766214116998,1.1833481396912595,1.0582448039230838,0.4576960173967574
2017-01-17,0.5704973747964047,0.5551611254191222,1.2565713012249828,1.1935901084437546,1.0551536780424713,0.4356408801427589
2017-01-18,0.5852036257817508,0.6175993796070758,1.2818839869367042,1.2721909642612668,1.1054533855331348,0.4235559266320967
2017-01-19,0.5729832612712724,0.5828507485966112,1.2551222307517917,1.2847549053565985,1.1356790177155003,0.4240995548716116
2017-01-20,0.5894127391631451,0.6461543756287595,1.3471308615514384,1.2995647915885096,1.1810606396435879,0.4331093494009792
2017-01-23,0.5884265685366027,0.5988947117006285,1.3353473843576884,1.2529848880874055,1.202229684193444,0.4420612522608254
2017-01-24,0.5862473490069036,0.6361196924060679,1.4223507213423503,1.327941461527919,1.1899728312785223,0.4502237659472166
2017-01-25,0.6274466910400285,0.5723904872333738,1.3743040763404732,1.314194289212134,1.1933968777101334,0.4574222078021624
2017-01-26,0.7008579026430865,0.5010321470315185,1.2528489804209486,1.2722646691096897,1.186121181510445,0.4594048833195777
2017-01-27,0.6552092317906889,0.5153070823130803,1.2655729826860171,1.296648185520997,1.1713277390043402,0.4587777165555071
2017-01-30,0.6247813665689889,0.5392272356125916,1.1964430402782302,1.2024847883673615,1.1210969358513536,0.4736610399893607
2017-01-31,0.6670194596918767,0.6675139218714418,1.3005347007227308,1.2314332031743063,1.177928743556658,0.4803512082458174
2017-02-01,0.6124676448060766,0.6133484719228752,1.373532443825338,1.232302695012908,1.1615740060887378,0.4746938922506949
2017-02-02,0.5818966106467488,0.5892917533291369,1.3744385215185242,1.2282533934159647,1.1467241097077567,0.4482049458206933
2017-02-03,0.5596017777224437,0.5659232327044497,1.4145736385632852,1.2227113591894507,1.1282769758585405,0.4605438213401483
2017-02-06,0.6144027643648854,0.50811422703082,1.3158253329622391,1.1749328578711802,1.0791764618403052,0.4558960132079317
2017-02-07,0.592167363628626,0.533535891610604,1.3300027852588654,1.184595344274765,1.1258105731279555,0.4477236776141772
2017-02-08,0.5673657317227261,0.5203314645799985,1.3338345670431155,1.2178775804559707,1.1688060825486901,0.4492674659878222
2017-02-09,0.5502775181037156,0.499232138673667,1.3199503717165217,1.2654323748950753,1.183705874332388,0.4462211525655867
2017-02-10,0.5895276744043817,0.4526691075878472,1.2651914446583208,1.2553395943135472,1.1328102090000933,0.4397038548597585
2017-02-13,0.5859919161838943,0.4213555221009408,1.2137007101252018,1.2618369114262042,1.0958913172967861,0.4156405221252404
2017-02-14,0.6047212971763043,0.3837118878944767,1.1728494983611788,1.2520781380545707,1.1013704494524286,0.4210717133424977
2017-02-15,0.5972767950414296,0.3571370838213076,1.1812898583222204,1.1985080375599402,1.0646700536323987,0.4159142232387902
2017-02-16,0.6088572048177477,0.3251983827233267,1.1714906888218928,1.1870305047934138,1.0647778629529476,0.4199049673412694
2017-02-17,0.5823268148188412,0.3459928520425724,1.2408661901427915,1.2541863104929298,1.055837490308016,0.4191821135007451
2017-02-21,0.5619972847413369,0.3364183401355686,1.287673904048208,1.2335889205748911,1.090059260841842,0.4097131285383651
2017-02-22,0.5976121339965642,0.301592052409922,1.2068058416925003,1.2229919552620074,1.0993844360246976,0.4010389413128574
2017-02-23,0.5743102828029043,0.3246748032226647,1.2766710059074415,1.290676248256526,1.1445900320137417,0.4034503711682806
2017-02-24,0.5541144845504106,0.3219940062566723,1.338142981030913,1.2800533038517423,1.1836096763495347,0.4023591701066626
2017-02-27,0.5406417821825791,0.3157748003195903,1.3232825486856508,1.266472325943184,1.166110563056111,0.401826054621141
2017-02-28,0.5320678920491806,0.3080944867801912,1.371477504961769,1.246602220675713,1.1457322244878516,0.4051205576105792
2017-03-01,0.5195310960646472,0.2186241113576306,1.395620991444505,1.2092220184992193,1.1067547413918304,0.4231501918365564
2017-03-02,0.7882707547117787,0.0973271250595482,1.2026570458951684,1.1203113157918159,1.0242653348326645,0.4168854324567337
2017-03-03,0.7768801671040121,0.1839633484722695,1.246366260606054,1.2098340099768863,1.0275674252933353,0.4071966498992554
2017-03-06,0.7018101128208917,0.1867849709467936,1.244348475150844,1.2398537116544865,1.05870508086582,0.4134596924663498
2017-03-07,0.6637749833165342,0.2247520282806486,1.2672589854096874,1.2529079862750327,1.053971790185691,0.4023618543016927
2017-03-08,0.6356753964795442,0.262749805450103,1.3553234664073541,1.2653606289576689,1.1031666637852766,0.4044928811756134
2017-03-09,0.6035117786270366,0.2897732201256503,1.4385265182119134,1.3318640542953268,1.0939088070784955,0.410312447712483
2017-03-10,0.5697468999136235,0.2851194179956369,1.4628223765569213,1.3133196533362737,1.0755072265101044,0.4301538977798175
2017-03-13,0.5595089690337434,0.2521675326338393,1.4103400302498839,1.3172334906722905,1.047628454076291,0.4243038655885109
2017-03-14,0.5362838729385899,0.2574054338176357,1.4041512829366443,1.3081960292158046,1.035435882357762,0.4285877724978758
2017-03-15,0.5568258336925658,0.3039066095245027,1.4925501102240086,1.388728408156208,1.03251496667373,0.4408905150495276
2017-03-16,0.6463724229305249,0.215599856234776,1.3663281787820165,1.3500163601654023,1.0279830324601378,0.4381654606581776
2017-03-17,0.612407174876245,0.2434154588423265,1.4296634422381134,1.4233245476413134,1.022409255960248,0.4340511154137366
2017-03-20,0.5854423352448492,0.26936146905208,1.3892282580799145,1.4518642403122604,1.0198709687491374,0.4292048284853348
2017-03-21,0.5607560950337959,0.2892739426395211,1.4683591467174064,1.4546948706297105,1.0131153086534443,0.4551603434045874
2017-03-22,0.8153669195337333,0.4404455728215031,1.6389366728532273,1.5260035496578155,1.084926757938072,0.4613512610405031
2017-03-23,0.7362691555797809,0.4224733714799507,1.554835314267633,1.393247301372041,1.0810403267093265,0.4703551003735315
2017-03-24,0.674454975143352,0.4430555108019246,1.6354502133899067,1.3909986040095281,1.1261319513074448,0.4743202959427299
2017-03-27,0.6255120226912687,0.4606517179162501,1.6120578906193173,1.3679370789607632,1.1053503441133201,0.5149892784517007
2017-03-28,0.590084153598396,0.4810270367939915,1.614781081659248,1.4247852951420528,1.0942604546368502,0.5307340006451411
2017-03-29,0.6351959082701177,0.403381559411608,1.5022993419279185,1.3379128277974435,1.0504698558618732,0.5307329421904495
2017-03-30,0.5929695854147842,0.4040500143967646,1.3226275394285438,1.2578309122849671,0.9818386239907902,0.4967577915037022
2017-03-31,0.5731519832751945,0.3753230306331269,1.280134130163824,1.2192172964358776,0.9719783994958359,0.4954740969140395
2017-04-03,0.5662132280029809,0.6024012678207983,1.350750256900613,1.2298299380639282,0.9715831435290645,0.5132633374999589
2017-04-04,0.5530854787625799,0.6168044118292744,1.3626333280198961,1.2366945612830786,1.0176073775912133,0.5057115372959761
2017-04-05,0.5338529716672021,0.5925866667547965,1.4258339709152694,1.229689237118716,1.0497102198257076,0.5318059000474216
2017-04-06,0.5429104369095146,0.6309097490460678,1.4418560450354998,1.2414142261977532,1.093506172924016,0.534372288759067
2017-04-07,0.5354526018085374,0.5939297647782714,1.4002882627851994,1.2654851888937504,1.067579461418,0.5327282471452497
2017-04-10,0.5256830689635865,0.59609629893927,1.4072941958201761,1.2685899410516066,1.0585368958563424,0.5207426896146315
2017-04-11,0.5138079411153753,0.5739214811495653,1.399952867329049,1.279590838778504,1.0479082202148027,0.5389926276747773
2017-04-12,0.5112051237278432,0.5809320654343959,1.407871227200543,1.282836361081571,1.0928344645593693,0.5349990741008879
2017-04-13,0.548994669368876,0.6478750658462555,1.4963372702821776,1.365160324107105,1.1073476655261503,0.5342179576103058
2017-04-17,0.6161984934364237,0.7503059575298848,1.5277035188747874,1.4568698888189269,1.1603627126995268,0.5399141448343615
2017-04-18,0.6851311141778066,0.6714650836974639,1.4014828543456943,1.3994925091403467,1.0962499200078393,0.5479442470592542
2017-04-19,0.6525963568892853,0.7021761531545512,1.3696056018256257,1.364487870364968,1.1275318500547316,0.5571251858634186
2017-04-20,0.6177346619585852,0.7087911360521338,1.4528051336325503,1.3673407187754747,1.1742671139147745,0.5458106897228465
2017-04-21,0.6699538723162337,0.637503279626771,1.3924654511740746,1.2596777332477869,1.1690806888677923,0.5419800360919172
2017-04-24,0.6435643238680794,0.6754528751984034,1.48326386050638,1.271548485919375,1.1589314253061958,0.6250062324332513
2017-04-25,0.7552623154917686,0.5932344237779807,1.3257511166531337,1.1707114223662913,1.08901532806332,0.6188758345676655
2017-04-26,0.7251497178345218,0.5440162532399819,1.2454878837865053,1.1118271093747103,1.0464284024547816,0.5842537200819916
2017-04-27,0.6663643783312007,0.5435539197698162,1.256235008339271,1.1767108694030306,1.037959770946935,0.5715389901264954
2017-04-28,0.6190557855572596,0.524513278455901,1.2507305192889546,1.2199502364925077,1.0241374606880538,0.5691638082911026
2017-05-01,0.5882529205652138,0.5015661281347075,0.7628423014832668,0.773858624988484,0.7280896273816784,0.5693948507244415
2017-05-02,0.5638385703007378,0.4860839686117735,0.7011652902738361,0.7167771614642178,0.6987061407990458,0.5672974322185075
2017-05-03,0.5390540450522864,0.5008787483495833,0.7467590047930687,0.7264161954100061,0.7002950932971156,0.5546124323520139
2017-05-04,0.5265703475006519,0.5260933525940159,0.7356059231890206,0.7165905634174736,0.6889496119774232,0.5571740870206131
2017-05-05,0.512072006180354,0.5308658850334386,0.7158045581367953,0.7245002608671044,0.6741509988698385,0.5317644010187911
2017-05-08,0.522240518153866,0.4957812026536106,0.6511044420072194,0.6721686994470673,0.6445532764736811,0.5257059667268642
2017-05-09,0.5092752001008477,0.5141973306212677,0.6382472244405046,0.6592757802958816,0.6364259402078425,0.5222120661229678
2017-05-10,0.5030980943114828,0.5377331683718614,0.6397851019294494,0.6534918993691632,0.6320751631214815,0.5158525733749105
2017-05-11,0.4971735150694369,0.5334367779252032,0.6575105642902785,0.6752910706490609,0.6253983863514788,0.5113109989128243
2017-05-12,0.5034610876271417,0.5645591229030491,0.6937079415197849,0.7363713649721877,0.6365341292232313,0.5114047380992112
2017-05-15,0.5044010711560265,0.5937769812245192,0.7235147125059846,0.7615214365705985,0.6468706827386178,0.499225498194465
2017-05-16,0.5410410145197846,0.5377659718152413,0.6633581506100359,0.7047052289366612,0.6213544229250281,0.4923162071991938
2017-05-17,0.5262015097620328,0.5616864315688124,0.7202035631973283,0.7215308640035953,0.6288964383944067,0.5066811161993259
2017-05-18,0.9633538614186172,0.7053647116330245,1.2368811511204596,1.091907358156061,0.7789627137967393,0.5128914220533144
2017-05-19,0.8653179316050812,0.671275072147838,1.1875192874627194,1.0529823782461532,0.7643701880131565,0.5073670725388015
2017-05-22,0.8160235927217506,0.6028315196060117,1.1022852478444,0.988545135453447,0.7397169457904946,0.5052147123795284
2017-05-23,0.7602619395871762,0.55295350532519,1.0398066011507594,0.9411507436915124,0.7209413112900663,0.3853553911052192
2017-05-24,0.6936807379171893,0.5427754086407977,1.020478460932163,0.9291590552350916,0.7149536323083032,0.3778252308989426
2017-05-25,0.6426104213548337,0.53068439724846,0.9999026897860269,0.913124842591221,0.70865238459131,0.3731342467863355
2017-05-26,0.6265650463052904,0.4840436425277944,0.9444607007079507,0.8701367313921787,0.6910652919542282,0.3703599262986288
2017-05-30,0.5873228041825734,0.5025022145498477,0.9614011946455459,0.8829978371032492,0.731673160980049,0.3727449255590309
2017-05-31,0.5602348405274175,0.525523439096434,0.963212014046508,0.8825667234602415,0.7297553294090382,0.3762006841619936
2017-06-01,0.5339149222335212,0.4928000545852719,0.9804348610294179,0.8959127487859022,0.7564686711880694,0.3835187240439813
2017-06-02,0.6119383974297028,0.4154309098826154,0.8819213229851763,0.8189548381808518,0.7198305795469588,0.380353723495527
2017-06-05,0.5871407396118412,0.3912111162962205,0.8499085956819762,0.7942235234429232,0.7061398410898369,0.3733260088615397
2017-06-06,0.5586516897242632,0.4090107225724408,0.8719996859818876,0.811210571336412,0.7118713929717361,0.3785647636292586
2017-06-07,0.5603859652934284,0.4401971313744192,0.906767506054295,0.8385034634016151,0.7286943654882434,0.3822813899403672
2017-06-08,0.5389069404784507,0.4351121225638613,0.8962573769894632,0.8300534223599503,0.7227410924773373,0.3829384532458201
2017-06-09,0.5201602307204731,0.4473251401716285,0.9068793765615846,0.8378571417673326,0.7241716322845906,0.4196281483886046
2017-06-12,0.5150283103651552,0.4702027017416288,0.932076208627749,0.8575189123312308,0.7309133658960845,0.4078160596822716
2017-06-13,0.5040419018327649,0.4866148662412358,0.9498193064983763,0.8713390326474704,0.7350485633359501,0.4078643198696415
2017-06-14,0.5310562001603799,0.4443542969352468,0.89407187749871,0.827777105697991,0.7140194603695421,0.4182483876171183
2017-06-15,0.5209112310418884,0.4658676175448755,0.916245338740138,0.8451288784602657,0.7201344276575751,0.44683317485705
2017-06-16,0.5191465177654734,0.4911948114809537,0.9433156083329896,0.8662648221032327,0.7276900484572595,0.4262240279636017
2017-06-19,0.5060703526808521,0.5057658073391343,0.9563853977251849,0.8766122744177962,0.737019173791301,0.4111539522428798
2017-06-20,0.6043355193828538,0.4243060570301621,0.8532936230002296,0.7957992162847477,0.7066079831322805,0.4023189207245866
2017-06-21,0.6558240628073939,0.4752935675277762,0.9075237468714685,0.8811109034951592,0.724069983728989,0.4063794352913039
2017-06-22,0.6082815232221285,0.4920056051186313,0.8284795467010185,0.8139435180131351,0.7293937986695564,0.4073042199850169
2017-06-23,0.5731782620531689,0.5100566708061093,0.8493901528637604,0.8549835644744095,0.7380523651247697,0.4086388792549851
2017-06-26,0.5460011645250469,0.5147438097224231,0.8495047205889187,0.8524638223247152,0.7347437953377248,0.4144374351574016
2017-06-27,0.5253382772060615,0.5266706103857377,0.9009107486602755,0.8565823012748215,0.7374608242146016,0.4233298701583263
2017-06-28,0.639898197719723,0.5862651115987515,0.9611761695527501,0.9039115321363808,0.7577176516824012,0.4357814480127056
2017-06-29,0.7019880682108882,0.4979260321444513,0.8585521129830186,0.8062792720876805,0.7095720063156172,0.4752136248583702
2017-06-30,0.767018130392941,0.561345459015764,0.9238698087846179,0.8577179480315156,0.7317757447757709,0.4767218254376513
2017-07-03,0.6897947851403899,0.6637521766902754,0.9096042453719044,0.8462124857656099,0.7247513703573041,0.4834775244918842
2017-07-05,0.6339452107104611,0.6323289358667268,0.9009644745972203,0.8391469637889724,0.719770804806957,0.4894393502797337
2017-07-06,0.5941888171947008,0.6002069219571847,0.8519370528765274,0.7945653742758138,0.7024975361307967,0.4966864709802579
2017-07-07,0.7073277751758914,0.7460358890711583,0.9194624098813522,0.8476521099228426,0.7283945056175019,0.502791910559109
2017-07-10,0.6968158758206222,0.6853705783176465,0.8298247005863816,0.7772087635637431,0.6945193102013488,0.5024938764588048
2017-07-11,0.6377769594979007,0.6553732026271512,0.8266853968714578,0.7747042549043359,0.726999669125163,0.4850633574051881
2017-07-12,0.5948424789728891,0.6473444692569609,0.8494383889230191,0.7995321356109074,0.7699261854102362,0.4866163731589749
2017-07-13,0.6385983128604558,0.5893569857272611,0.7605135798845697,0.7350038508640374,0.766213982403234,0.4843568389049859
2017-07-14,0.5947112622025394,0.5633931987798043,0.7539608235574509,0.7291312826481091,0.7958688182120506,0.4812250851410155
2017-07-17,0.588214498662326,0.5247712883533121,0.6948588094597854,0.7147334168354034,0.7603945114408467,0.4536997040262587
2017-07-18,0.5553299438889723,0.5163186484438577,0.7077046551227055,0.7228089165830796,0.7565015698847471,0.4536267648884313
2017-07-19,0.5299551101313144,0.5010072869627817,0.7274541976940967,0.7318783645540067,0.7555985337846653,0.4471142734697761
2017-07-20,0.5546306392805864,0.46294031516286,0.6615415011642468,0.676494903271583,0.7555333809577106,0.4453993986448322
2017-07-21,0.5294598522034057,0.4514424158576643,0.6749073237864025,0.6596657435848047,0.7760718743170605,0.4476528837696619
2017-07-24,0.5149354021041768,0.4599981737590985,0.6170323541104376,0.6090936958919787,0.7489159961538001,0.4472326967642654
2017-07-25,0.5015286213501489,0.4576291490774785,0.591154613878763,0.5880399438255413,0.726973129511119,0.4479501390488083
2017-07-26,0.4974822374906338,0.4366120934346776,0.535750127934198,0.5388767102751632,0.6883602839309382,0.4387182690523816
2017-07-27,0.4881405674970943,0.4311925211849232,0.528007891107336,0.5310773271195055,0.6764625939208659,0.4549798486516357
2017-07-28,0.4854153136094127,0.4416538474241855,0.4912654697387681,0.5020721939123601,0.6487502270285723,0.4473628907850217
2017-07-31,0.4850797584942305,0.4554444810347158,0.40765466645488857,0.4260361207354376,0.5838402623613633,0.39994613605313
2017-09-01,0.579587647927792,0.4811192972535442,0.3698262372376721,0.41701803233690254,0.5706905613511779,0.4863336752393441
2017-09-05,0.547478509449523,0.474713565241543,0.35560536877110965,0.38717140945743217,0.5540949554963516,0.5070273098824014
2017-09-06,0.6234389622148291,0.5502586224256781,0.475772981774123,0.49513309085333196,0.6550041890083196,0.5145219642616555
2017-09-07,0.5930617569887868,0.5144470551621064,0.44243667872697456,0.4685629101594089,0.6304489758685443,0.4989528409322587
2017-09-08,0.557162708134207,0.5334821527269182,0.4099602759216444,0.45239817648918035,0.6283983524078854,0.492181501630856
2017-09-11,0.53463928603363,0.5611000007972136,0.43770985124099177,0.501238367976954,0.6395871618088983,0.487286040224165
2017-09-12,0.6768092093082679,0.4280838212608127,0.319839610528998,0.38362839254145703,0.5515345423556001,0.4839010456074586
2017-09-13,0.6330584755027091,0.3910804683638244,0.29299318543265096,0.3597852909850514,0.5237084183186526,0.4662551553874979
2017-09-14,0.5869944620771108,0.397661512610257,0.32040629485902195,0.3848304271716018,0.5290413868890793,0.4665158694943037
2017-09-15,0.5530916316249308,0.4159687204433939,0.35954075187128154,0.40853037320052193,0.5401121560826206,0.4621778523315143
2017-09-18,0.5273529064416412,0.4092977213514124,0.36043214479130636,0.4101954027622049,0.5361245113226176,0.4379044221562013
2017-09-19,0.5116945891950023,0.3904278646480871,0.35600054508025103,0.41312718271524024,0.5251939889102702,0.4207592707828337
2017-09-20,0.4958008265328306,0.3886291994034695,0.37520207186688176,0.4166708808318209,0.5251441970665579,0.4217471987063089
2017-09-21,0.4838051006704872,0.397100256068199,0.3421220066910201,0.3824760190987481,0.5254740471377544,0.4116596354459799
2017-09-22,0.4957669599046687,0.4339395263726677,0.3790116785696898,0.41398115923142953,0.5442874955009119,0.3970777031106688
2017-09-25,0.4839509395433764,0.4460485924560721,0.35512254388831294,0.39369450806584627,0.5172394051759224,0.4015859598078842
2017-09-26,0.4885970046674181,0.4788379278959111,0.3728280966558899,0.4096246191485465,0.5253689965848978,0.3922884093784788
2017-09-27,0.4784814607237029,0.485331288326049,0.3848987490510948,0.4266749221154604,0.5565978459760154,0.4020216905009842
2017-09-28,0.4934414655481184,0.4415727473344226,0.3407024333428973,0.4012120862865942,0.5229832673218776,0.3649465698399415
2017-09-29,0.482856618585745,0.4377565566116422,0.3554680430414351,0.40298402076982376,0.5205661771867911,0.3591932504651258
2017-10-02,0.4788604698977655,0.3453268689738439,0.3289163958972928,0.3956435535068964,0.500323503210734,0.3438637452037286
2017-10-03,0.4960523279754489,0.3235649642982429,0.29083487504641414,0.35044598450750464,0.46829024858409113,0.3410908623971134
2017-10-04,0.4851930886458026,0.3095549614561109,0.29101498649704993,0.3357569343292954,0.4565203673998302,0.3081414713600566
2017-10-05,0.4730251742437358,0.2992159373913224,0.2930804865512109,0.33603649776255207,0.4552560611347068,0.3021814842647559
2017-10-06,0.5196245921654353,0.275710134280183,0.24247624306630441,0.27421454064603323,0.4082566506718863,0.3045216659850203
2017-10-09,0.5035696138040935,0.2971134475906368,0.2500324039294754,0.2815250974640267,0.4127280240645274,0.303752498066262
2017-10-10,0.4957336036717502,0.3270435358346543,0.2771413055966568,0.3071797503422753,0.43317590900415087,0.2889618089609064
2017-10-11,0.4885572983972825,0.3113559911323701,0.2642482424646153,0.29511516872583804,0.43860520969895117,0.2883486114891718
2017-10-12,0.4767571608295484,0.2997654680318189,0.25038407285431147,0.2815366402639546,0.4480815065885781,0.2886870170658922
2017-10-13,0.474930222978105,0.3263653716205366,0.2771251435941681,0.32244794839430685,0.4884076975664547,0.2878238531459852
2017-10-16,0.4655798750223683,0.3149186557583534,0.25813677332680374,0.30339154542865204,0.4764245520448096,0.2882130536074331
2017-10-17,0.4591022330853488,0.3038204045492599,0.24224957614066805,0.2872128677414132,0.4829972193654096,0.284737800344631
2017-10-18,0.4532134293667344,0.2952618302815633,0.24920693438351557,0.2936207798411763,0.5091103860457575,0.2854983510990673
2017-10-19,0.4492567953567745,0.2863828674800972,0.26475526813223227,0.3108413838153175,0.505686044329251,0.2909341505066184
2017-10-20,0.4462512855557498,0.2812259631170394,0.27953356851180894,0.3244425981816494,0.5125746831309446,0.3081782680654481
2017-10-23,0.487542160580048,0.2609211600491957,0.2266084381379412,0.27067937092532096,0.46276352898269746,0.3109828584849293
2017-10-24,0.5135004797295364,0.3420109928096096,0.26654988098490207,0.31014709401813245,0.4923286752662748,0.3001846101087901
2017-10-25,0.4959850831772945,0.327994085577257,0.27164204244179085,0.3015540612256722,0.48141453647463256,0.328194055422744
2017-10-26,0.5389077269658662,0.4258616577176047,0.31890771480121305,0.34548653108486477,0.5125766795306664,0.314819187672995
2017-10-27,0.513284547194351,0.4076419180597062,0.3196834973825182,0.3461973943796351,0.534625877925725,0.3364090591262841
2017-10-30,0.5955069509798586,0.370915945865067,0.32843644933402905,0.3541018806019382,0.5635777864088911,0.3605325607743864
2017-10-31,0.587100207913884,0.4371104103997562,0.372769683512139,0.3943914957011699,0.6196833405112598,0.3604836463974356
2017-11-01,0.5384856728862375,0.411949444929888,0.36948747797319126,0.39391478134325497,0.6410775747614694,0.371887667754185
2017-11-02,0.5091890048184142,0.3947622136743116,0.33930512269749286,0.38004956596917105,0.6403993273764514,0.3832078554536745
2017-11-03,0.4859531942697961,0.3817395752791645,0.3287694422319081,0.38831338225490775,0.6220935215669574,0.382464714987317
2017-11-06,0.4833559042708922,0.3604640917498723,0.3128394762773442,0.38903991256519455,0.6197417341679435,0.3788676950403634
2017-11-07,0.4680828154111576,0.346134548469671,0.2964051215470179,0.3728729684739782,0.5952398015639011,0.3804586782096248
2017-11-08,0.4585703734843809,0.3559289608144159,0.2964074186431476,0.37778497300192043,0.5772472479294392,0.3767020112192953
2017-11-09,0.4502839060925627,0.3414250694578934,0.2913093258155559,0.3728170025936527,0.5530118441797617,0.4153347813045344
2017-11-10,0.4800865473687805,0.4105217174013371,0.38010360329814596,0.4457594336799511,0.6062417933591331,0.4170061153703256
2017-11-13,0.4656717821412372,0.408713660968774,0.3540547158303813,0.4130795463758976,0.6027746458484018,0.4229560562045774
2017-11-14,0.4532511670124733,0.3929753068509595,0.34016413517846544,0.38139265385333926,0.6019661679914423,0.4354808771878052
2017-11-15,0.4625759461977354,0.4304290131622147,0.38366802094297214,0.40410771655258976,0.6444534855178294,0.4518310269285501
2017-11-16,0.5151858204768606,0.520186487157092,0.4326784954327064,0.4474676604421119,0.7047445053481146,0.4665231069438637
2017-11-17,0.6006795272811304,0.4732716315344545,0.4248204050906184,0.4404387869324368,0.6894745221402361,0.457150430789872
2017-11-20,0.5784607002888218,0.515921502168927,0.45275197103546216,0.4876799652245475,0.7347142240854434,0.4454368310910157
2017-11-21,0.5413088573201054,0.4896912612274702,0.4122445257606921,0.4726009153958976,0.694227230988021,0.4599567145076083
2017-11-22,0.5732409655494668,0.4509227658099827,0.39962328176670725,0.4820302485801073,0.6746430887821131,0.4586136111649322
2017-11-24,0.5392697366727398,0.4564626415802687,0.3793468662517055,0.48208190774097404,0.6542190925960545,0.4380657055571471
2017-11-27,0.5142774566045029,0.4329728795619753,0.36897621249439044,0.47176033901648523,0.6413303941476312,0.434938126828065
2017-11-28,0.4922252830151708,0.432894482673514,0.413391256787982,0.49415364952934837,0.6801846629003511,0.4247767757510074
2017-11-29,0.6318262742999441,0.3878794067425737,0.3163049207698368,0.3866771703066913,0.6123061254018682,0.408590441836122
2017-11-30,0.5835842565148595,0.3931281471276677,0.35705524965443036,0.40920426653211267,0.6544685323810511,0.4334002091248245
2017-12-01,0.6445776279162632,0.332199530868118,0.3649746719552838,0.3983928353462716,0.638628255253347,0.5175410766280787
2017-12-04,0.6025244229249166,0.3688702409655968,0.37942769873072524,0.41125801052430516,0.644078936888776,0.5428077929770048
2017-12-05,0.5630201441939658,0.3866418812789088,0.38102905863346287,0.40483899039407434,0.628428732585301,0.5650200932045985
2017-12-06,0.5585104701522934,0.4490114553154363,0.43506054537435473,0.47149993459773254,0.6575325054638236,0.5660222221013032
2017-12-07,0.5228113515433229,0.4366239136397586,0.3901675915122522,0.4510761927416129,0.6195052685702465,0.5729034585575367
2017-12-08,0.5067786061911171,0.4119583670539334,0.36489030359324054,0.44628743312662084,0.59478667632559,0.5841498479823383
2017-12-11,0.5265185732379769,0.3814026108292445,0.3563486979584477,0.4545085598149246,0.5805610680009884,0.5621128954850952
2017-12-12,0.5082792121017464,0.3608954241812316,0.34921242144328746,0.428632912834814,0.5593099639769379,0.563273138152223
2017-12-13,0.4859901609872242,0.3458860549281161,0.3397927627886845,0.41954328483253434,0.545905632535345,0.5587506542479219
2017-12-14,0.4677371799987225,0.3456063803224882,0.3255625990734573,0.385608145985976,0.522521350798826,0.5510829103945023
2017-12-15,0.4988775004101362,0.4220390647024368,0.4248286004760158,0.4614335122658282,0.570686214865936,0.5453800877598926
2017-12-18,0.5834877412812731,0.3815706630911384,0.4192124322337581,0.4578683349125192,0.5907095226722233,0.5399189975226905
2017-12-19,0.5968453731528757,0.3501398549378837,0.4252717055605223,0.45507235487826175,0.5773521308203636,0.5401622414265139
2017-12-20,0.5871509812495019,0.4209314524327495,0.4779813101226407,0.5275344715492822,0.6034527490186952,0.5442810379578311
2017-12-21,0.5473281148879726,0.4228038284982164,0.4380028092125523,0.5124051131820256,0.5772967024684279,0.5313165093416407
2017-12-22,0.5174017416563249,0.4027410153574277,0.40346535608841083,0.4973217138045138,0.5783814995096856,0.5345914254601696
2017-12-26,0.4922092200907742,0.4013063249023131,0.3777684424587504,0.4583939766837995,0.5511979088025956,0.5391070723415482
2017-12-27,0.4782836640822818,0.4165299540059,0.38698602059605974,0.4482744078409266,0.5410675632376001,0.5394375511680195
2017-12-28,0.4607165744399776,0.4022193738176018,0.3637331776195675,0.4065013958169367,0.539570531914594,0.5327161946150892
2017-12-29,0.4516374828341393,0.3835481523171707,0.35438609065901966,0.38032981715259007,0.5448045422730692,0.531205165147875
2018-01-02,0.4752728303703989,0.432207639257526,0.4186589225844728,0.4370029109791762,0.5808552138707321,0.5156213414958059
2018-01-03,0.5381245763036706,0.3946777383165695,0.3595366454742802,0.38233444263437205,0.5383423868382033,0.4275568800070143
2018-01-04,0.5627508744890708,0.3623703099645269,0.29221358363248606,0.3207468209591339,0.5131102127732052,0.390019718552245
2018-01-05,0.5468358662113478,0.3391204531546771,0.2508895969126204,0.2818467653738079,0.5000949139388072,0.3609225292339614
2018-01-08,0.57551129682657,0.309184493895798,0.2614806463484523,0.2978705806780627,0.5297414360220013,0.3654214242281557
2018-01-09,0.5365762578542542,0.2972192614506543,0.2512102401490866,0.2894332747136851,0.5161859814534836,0.353609014844275
2018-01-10,0.5085049260019713,0.2844256087225835,0.2402835792539973,0.2787134546297178,0.5239084615728127,0.3567695424848723
2018-01-11,0.4915457153823833,0.3134263578861791,0.26680883316920406,0.31906726766296534,0.5413443586067764,0.3527584282290509
2018-01-12,0.5518866313748018,0.2829610549517438,0.19327367670180387,0.238132979346018,0.460001555731224,0.3549810954804543
2018-01-16,0.5761581715087821,0.2567255729549855,0.127023321307542,0.16561313396749783,0.37723649550931104,0.3993246261706864
2018-01-17,0.5643296980528193,0.3263317914042404,0.16090455694630254,0.20196810448013902,0.4135628858058405,0.4220484065469418
2018-01-18,0.6536866751333219,0.2879779047345149,0.2087855212951619,0.2532124092388882,0.44919428807648193,0.4198317909492943
2018-01-19,0.6052580495474483,0.319610676676626,0.2354162396695259,0.279600285601892,0.4688269462811536,0.4144663269306181
2018-01-22,0.5832139190620685,0.2978053017138785,0.23738681670208298,0.281060026084978,0.46630402469077437,0.4207387270671487
2018-01-23,0.631866445406976,0.2655599383335298,0.15402334323796435,0.2042440279082549,0.3823066549332377,0.4173724105601753
2018-01-24,0.5823745343218343,0.2549498964455534,0.14362416797479072,0.1936925958497385,0.3601642242009667,0.4386592015633554
2018-01-25,0.5415689492790636,0.2647204160262649,0.1459315478859592,0.19554181775671942,0.3600957333880405,0.4467028011327827
2018-01-26,0.5076416880124155,0.2600875968797133,0.1532152820781,0.20311229611814527,0.3653512210962056,0.4481233009105893
2018-01-29,0.6784998275765165,0.2193092490307951,0.2172124549279934,0.2741446248264327,0.4137837418530743,0.4628908092072409
2018-01-30,0.6957657405055624,0.3770220699840923,0.5357486041746364,0.5927243137501595,0.6316250637072566,0.5348935120557543
2018-01-31,0.7948274740027454,0.5960125148938163,0.770921624779886,0.8436924531681729,0.7584463853681201,0.5495642394055684
2018-02-01,0.7108873585345177,0.6822433411929318,0.6768101827590061,0.7825356903501816,0.7107915999276264,0.5651606719235821
2018-02-02,0.6486784857855482,0.6616795505605998,0.6523523501979157,0.7587447846123243,0.6793742476699822,0.5990874027106119
2018-02-05,1.158616305897366,1.2498754034536286,1.4073367137638666,1.4560072719683939,0.9254186110912501,0.813591951165384
2018-02-06,2.154616935837752,2.307542890486828,2.7038115500312436,2.41012797784301,1.1994867461821972,0.9819683188987856
2018-02-07,2.0311726535782104,2.0117988737204904,2.4277007774481434,2.1122842084423437,1.1192285980677499,1.0290810816639495
2018-02-08,1.773801039681628,1.8611210928524424,2.2538091274909533,1.894070274865285,1.0568213801839306,1.0872374565597285
2018-02-09,2.2932974677439404,2.517009556299513,3.0341105901566157,2.332728181682718,1.175822781225119,1.2978900114112613
2018-02-12,2.071019846869481,2.177217165101184,2.571936439070351,2.0277244862791486,1.0926515284442853,1.3415250412756268
2018-02-13,1.886478304254438,1.899952262349991,2.2027488797877766,1.7780189378342601,1.0199841047008826,1.3536250791518236
2018-02-14,1.6317183625919751,1.6589939151954942,1.8564381984329963,1.5379769462948676,0.9455052760108031,1.3635682817361183
2018-02-15,1.518130458647799,1.4716775869591072,1.6258679268457599,1.3744036590706674,0.8913824021947425,1.3911486211786066
2018-02-16,1.4169467193973682,1.3148507150997346,1.4334720995004395,1.235197569010023,0.8429057014664832,1.4022396359987932
2018-02-20,1.2320267264980074,1.1738056453110062,1.2239049672618834,1.0802757933584148,0.7858956241816644,1.4120379253494015
2018-02-21,1.1190235219144418,1.1866375982910384,1.2577587057912953,1.1055593250693818,0.7947696384063633,1.4362631177419467
2018-02-22,1.0126571286730448,1.1701753755595143,1.290552468678451,1.1299526860234037,0.8444025511427028,1.4502011435412845
2018-02-23,0.8925150410537159,1.048542681753303,1.2770026851470704,1.154874342550157,0.8802488056232468,1.4553051924549147
2018-02-26,1.0304270345782056,0.9618139286921544,1.064786502923351,0.9887130013454472,0.8091570662538542,1.460514359472299
2018-02-27,1.0225155491406694,0.8829442889717836,0.915409743052765,0.8687393803572286,0.7539828872435216,1.4684635067971223
2018-02-28,1.0722709885626391,1.0959089726435964,0.9998563409904243,0.9351601395067604,0.780430900127577,1.4784697236198134
2018-03-01,1.0811916717708976,1.200574759867349,1.1035773873476766,0.9895225176170739,0.8009504962082671,1.4923175743299442
2018-03-02,1.18773228898009,1.4226043682754612,1.234926846633735,1.0885189862022577,0.881525970813716,1.5106998440136676
2018-03-05,1.0422515983600342,1.2562343138327103,1.0923003354617464,0.9809416747585599,0.8310217238601554,1.5218814067690982
2018-03-06,1.0363509433352096,1.126665131734323,0.942636175502946,0.8657226075525547,0.7751739411133933,1.5162364637115882
2018-03-07,0.9013585875630058,1.0064706143980682,0.8285021786704868,0.7759845923510306,0.729036920864459,1.4286956839382083
2018-03-08,0.7897826667285481,0.9202018426799106,0.849257132923478,0.7924362644314819,0.7708862700104921,1.3210928746329786
2018-03-09,0.7244142142328048,0.8355007969880712,0.7964185467156306,0.7504288537895267,0.7446877985551739,1.2926709248159345
2018-03-12,1.0159807067218771,0.7806028356804776,0.5884311601189092,0.5805713199750444,0.6481694734691164,1.2463898585308226
2018-03-13,0.88616239553603,0.7478033658087555,0.6168555333908123,0.6043106109769149,0.657808525829236,1.0386553516332842
2018-03-14,0.8490297454329617,0.8449574126744267,0.6734931325019569,0.6510380290316128,0.6797589685523701,0.993989856051212
2018-03-15,0.7971469125570544,0.8918951937507182,0.7221090457673799,0.6906705697091223,0.697037819615744,0.980253148563549
2018-03-16,0.7097390189870716,0.8387700761162011,0.7483703332867495,0.7484063557273052,0.7043462488540763,0.9507646612184888
2018-03-19,0.6348994543348381,0.7611675347613964,0.7520002607686112,0.7876810042537706,0.7022877449572278,0.943591750962008
2018-03-20,0.8949377533620834,1.0613608854172718,0.8466058731386145,0.8675258935485219,0.7361748026803571,0.9265055123406412
2018-03-21,0.7839652971416652,0.950517456216764,0.8393140607355923,0.8579496625834974,0.730011542401534,0.9296253150710876
2018-03-22,0.7054030844055427,0.9063338581387812,0.895409977725185,0.8655784788021575,0.7314824753325421,0.9428204633840273
2018-03-23,1.392440779993555,1.5708897643584372,1.107081267873845,0.9921870466608094,0.7830347498920611,0.9504269501235656
2018-03-26,1.594773622501666,1.8928508146520804,1.2354536304420478,1.144628683819986,0.819669722653073,1.042252538864486
2018-03-27,1.843375165886819,1.6701489425080738,0.8942763585204172,0.8685223299957104,0.7098098016114961,1.0884058348208812
2018-03-28,1.7814997826848242,1.85224684355026,1.005311383816474,0.9572939830567156,0.7455472461403934,1.0951779898456926
2018-03-29,1.5229047515107124,1.6722681632028746,1.0354696114669335,0.9797677274498452,0.7536954577219959,1.1158664714333155
2018-04-02,1.4386888549493146,1.442255504230013,0.9565922239514519,0.921389366314956,0.7108983034663161,1.145255313155861
2018-04-03,1.6301058110112965,1.81551744036276,1.0922786142203214,1.0289953544714148,0.7526666887460216,1.143326863195942
2018-04-04,1.5093321155168382,1.5851362194828764,0.9971664678251151,0.9506296905309934,0.7224714717859914,1.2222930499891074
2018-04-05,1.379823247622274,1.3947130386964364,0.8617394776950048,0.8384090880219129,0.6770626927752759,1.2253984181296766
2018-04-06,1.236968648150038,1.2350820693991609,0.8064378878812165,0.7584261404805165,0.6428681553918811,1.2697588613559525
2018-04-09,1.5295458224873502,1.6892958473726924,0.9517297681424223,0.8727988297476271,0.6912771986782217,1.3028705010518509
2018-04-10,1.3311802606377496,1.474790690165835,0.8953912123724813,0.8287888054577436,0.6730345396097049,1.3257283735019485
2018-04-11,1.3485434021313158,1.3087095727564444,0.8465331538716729,0.7902805847869251,0.6566846568303569,1.342702021853421
2018-04-12,1.1988416391421002,1.2804976723574883,0.892776261602021,0.826736035584881,0.6721715954324308,1.3339889058903505
2018-04-13,1.0970730206654489,1.1406089797037229,0.7926557539501724,0.7474215039745439,0.6380277600276544,1.3364303201269774
2018-04-16,0.9714060032254764,1.0894252829815243,0.8275836072502316,0.7752550374121913,0.6502000707039841,1.3420220861036949
2018-04-17,0.9202655691644712,0.980889710016341,0.7290998358618307,0.6962873845247312,0.6150794959404031,1.3502037557989084
2018-04-18,0.9327957711722118,0.8918121739332592,0.6014373491315351,0.5914339436840407,0.5653180340151999,1.3204244668819245
2018-04-19,0.820243890183994,0.8067500662541122,0.6116727367431724,0.5999572970333311,0.5695142720559587,1.3274028711339567
2018-04-20,0.7860848218529222,0.8731441143738959,0.6632706899471217,0.64260294703356,0.5900913160947856,1.322985999083575
2018-04-23,0.8241677221337468,1.004169048261653,0.7306467969675737,0.6975398400343406,0.6156499158446019,1.2906562753988742
2018-04-24,0.7326369294692684,0.9145610726495444,0.7518585200597724,0.7146729849170974,0.6234200653903101,1.3038423148144511
2018-04-25,0.9388860187750546,1.1796120281495146,0.8460996863204487,0.7899374538314147,0.6565346203916569,1.2334035848374008
2018-04-26,0.8291173284417074,1.0510322177834597,0.8273892694566765,0.775100673304375,0.6501313330004743,1.1922027614670347
2018-04-27,0.8559719584320037,0.9504560706656776,0.7037637827650658,0.6757277804648492,0.6056165834475726,1.1767975351238646
2018-04-30,0.7573697541696379,0.8567197628973213,0.7101137016716563,0.6808934509735043,0.6391778646907961,1.146064683790143
2018-05-01,0.7833551287074588,0.9356866065833708,0.7722445600758845,0.73109853881569,0.6617817956643027,1.083482155286566
2018-05-02,0.7014517760348208,0.8458771631829574,0.7650699513280645,0.725334030461073,0.6578058762643043,1.0608289169494671
2018-05-03,0.721838741367215,0.933385940972748,0.8209865256894509,0.7700118228012596,0.67718570227567,0.9850055521112836
2018-05-04,0.6641142107230323,0.8996818961157876,0.8515268219786967,0.7942316268244615,0.6868856207794432,1.0062159509702375
2018-05-07,0.823704971129371,0.8251174792702316,0.6926797942651925,0.6666820462933467,0.6263862488277909,0.9276270569693372
2018-05-08,0.7427781088081863,0.7529837764200517,0.662987551692227,0.6423703383532713,0.613464070180551,0.885177781200721
2018-05-09,0.6677784959838726,0.698109149152929,0.6842049490135567,0.6597605137212809,0.6210119299422087,0.8452411939964042
2018-05-10,0.7324063281182651,0.6493825182409438,0.5704464478045717,0.5654911545979554,0.5725737763003407,0.8179620775486509
2018-05-11,0.7684278721768555,0.6069119253444842,0.4630809550317676,0.4738500285350699,0.5218088044990655,0.8078375210994984
2018-05-14,0.6959029896166815,0.5642777484087539,0.439076737085418,0.4529395145111227,0.5090666647475995,0.7911906518123448
2018-05-15,0.6292059351956886,0.5246990624618464,0.4532578836241584,0.46531267445757285,0.5155180986403826,0.7906097067940411
2018-05-16,0.6758062021492262,0.6757726261176971,0.5132869063203653,0.5170642528464471,0.5437004976684955,0.7765043377572292
2018-05-17,0.6334286819277468,0.6251436429458227,0.47312821052972237,0.4825522763042347,0.5487144289249988,0.7814934257035151
2018-05-18,0.5837670527749584,0.6060557729818146,0.49948621546320143,0.5052520607579736,0.5601995992657741,0.7684975737148744
2018-05-21,0.56034752302339,0.6276141395888494,0.5348563794102722,0.5354298426481716,0.5756137549624739,0.764512812234565
2018-05-22,0.6077829159071665,0.586347367852516,0.4507637654803299,0.4868862952451448,0.5325413587996822,0.7590149597270576
2018-05-23,0.5821077176857389,0.6174058986722293,0.4875676734913926,0.519340118198205,0.5496956333252672,0.7101863452526559
2018-05-24,0.546511694625828,0.5731477757270771,0.46794762710424453,0.5005956959536071,0.5384951335620356,0.6993700969024037
2018-05-25,0.5268268352188805,0.5885659948082578,0.5008023683177615,0.5292565267184135,0.5646993097310005,0.6860921008991604
2018-05-29,0.5161746638296745,0.6097817116349439,0.5629894670005887,0.5592183149685827,0.5796824971950064,0.7137788093862651
2018-05-30,0.7492571112870893,0.886566118484563,0.6492491765755095,0.63106821169282,0.6157091671416991,0.72014438330688
2018-05-31,0.886919585312688,0.8143010582345948,0.4946508004824678,0.5011016759086112,0.5197755768527641,0.7007705860416875
2018-06-01,0.8444218986135152,0.8684755624349707,0.5502285876165737,0.5484498368862813,0.5445702961348882,0.6983524340088708
2018-06-04,0.8570781836214653,0.7930106631049696,0.4377099194426224,0.4517430251294472,0.4925837004005675,0.6367189716122946
2018-06-05,0.7824670601541909,0.7255502141711206,0.3901336468336032,0.4097499726387219,0.46832881743392896,0.576725438828125
2018-06-06,0.6998073994599053,0.6652018572423405,0.3999328486428557,0.41846006858363455,0.4734198709930704,0.5786710279445899
2018-06-07,0.7221841778298379,0.6175807216449268,0.30772511733926067,0.33507467168998756,0.42202212334185474,0.5706485314689967
2018-06-08,0.6521529783247871,0.5836855218758306,0.3281648537110021,0.3538530478815036,0.43406190846399145,0.5595427960360433
2018-06-11,0.603240781177732,0.5434928437894719,0.3042161370536307,0.33186268873617714,0.41986049020415556,0.5548076222664243
2018-06-12,0.5565355424849607,0.5073539917170161,0.30332776811882667,0.3310395614464043,0.4193012487869646,0.5532157779478644
2018-06-13,0.519839741550584,0.4755790193530674,0.30298966555754814,0.3307254560745953,0.4190757473330336,0.5515466739617707
2018-06-14,0.5232680700590235,0.5330606231752439,0.34051504635887064,0.3651424311963543,0.44105855834407287,0.5350801618546887
2018-06-15,0.5000279597096088,0.4989152585494733,0.3229799905649401,0.3491068609174115,0.4309193694167182,0.548057554959062
2018-06-18,0.4846459525279925,0.5064020451559949,0.35010851210913924,0.3738162048442535,0.4464052666859911,0.5587709702023753
2018-06-19,0.4815178921467016,0.5314178194804742,0.38200685142219465,0.4032420450110862,0.4637764149000695,0.5983332962073296
2018-06-20,0.5074457775652368,0.5972212123206637,0.42424801252561106,0.4407117633170588,0.4855732788469646,0.5882085643668628
2018-06-21,0.4832482661279518,0.5545556081728209,0.41957783961839584,0.43656447784911123,0.4832243201372557,0.5897102716131766
2018-06-22,0.5646452054336172,0.682471446583324,0.47600107436443395,0.4858253022175161,0.5106791087852802,0.5857920670808715
2018-06-25,0.5278658211866866,0.6286538002936258,0.47080496232229085,0.48054328435279664,0.50780109798554,0.6182005273789518
2018-06-26,0.8295628105330786,0.973593657580904,0.5712152240045718,0.5661373685637996,0.552714612803672,0.6214086140153062
2018-06-27,0.7412473809577146,0.877896736308214,0.5594088291032466,0.556198932664599,0.5476765649285179,0.623887914825417
2018-06-28,0.7859438742625084,1.0002621257146893,0.6269319009020176,0.6126240483504661,0.5757514500568217,0.6212558454072166
2018-06-29,0.7384689254066289,0.9024881717673916,0.610707891530947,0.599154762901836,0.5697835831793941,0.633347747987132
2018-07-02,0.6623039347555116,0.7944011363493944,0.6102576065507234,0.5987801640837799,0.5695855864528744,0.6450217713128046
2018-07-03,0.6060599234270021,0.7251801433072607,0.5994059476472101,0.5897397084496535,0.5650978793217984,0.6532450955941657
2018-07-05,0.5913943833435601,0.7544579767637828,0.6400308620048364,0.6234603452886565,0.5815490155276554,0.6683593926303413
2018-07-06,0.6430648160335424,0.6925189474134571,0.5461915240767677,0.5450360986620113,0.5424877747511742,0.671893346323913
2018-07-09,0.684975354907964,0.6392203987554145,0.45020433853476455,0.46265345812047337,0.4984085348509225,0.6703181553794582
2018-07-10,0.7263643087696935,0.5932057782543514,0.3495010757719528,0.37326630792171867,0.44604148465608057,0.668591335965541
2018-07-11,0.666944310744173,0.551684161934508,0.316988322329266,0.3436077000947846,0.42734008839625603,0.6852854723375237
2018-07-12,0.7102790796300714,0.7109373400600585,0.3791431037149328,0.3999412285646762,0.4622085319361297,0.6959228945347925
2018-07-13,0.745188708617634,0.6552867625168193,0.279484866929198,0.30881325398908366,0.42235142920052315,0.6946585165775012
2018-07-16,0.6691097020138385,0.604904996861421,0.2862506905947889,0.31538787909587557,0.42637223913728584,0.6902134859158389
2018-07-17,0.6126067989312902,0.5902709019123883,0.3105025453281878,0.33789219559062744,0.4410701678839627,0.6860712443446424
2018-07-18,0.5832703340624905,0.549246274718536,0.27157338429926914,0.3016030054364426,0.43649096994853065,0.6697868752905383
2018-07-19,0.5438540409721564,0.5128376585837326,0.2585463692388891,0.28937883682885973,0.42563899371034203,0.6384273078234481
2018-07-20,0.549872781968125,0.5802002161297346,0.2987791658242437,0.3269026435681421,0.4517599054899325,0.6350103515421442
2018-07-23,0.5213398957430531,0.5744347377494898,0.32462993974624027,0.3508231031106521,0.4669349037606231,0.629732367997041
2018-07-24,0.4949021174405373,0.5348156895089885,0.31631771366827466,0.34318382196261565,0.4601839670007047,0.6351641527120828
2018-07-25,0.5112853539117702,0.5009894307046339,0.26483598224124755,0.29511394028676674,0.4243503639142681,0.5924782167035263
2018-07-26,0.6008454291544136,0.4722079424717983,0.17494174828639514,0.20763018074618086,0.35279599388712196,0.5907529256100581
2018-07-27,0.5718450651576265,0.5094533204732211,0.2041157268173048,0.23658166034944847,0.3763614508068654,0.5688879036614332
2018-07-30,0.6335373429920528,0.6612944595016412,0.26167862161958055,0.2920534048414671,0.4185225299906356,0.5567254700845186
2018-07-31,0.6410618987108592,0.7427549948631442,0.462827512457428,0.4736304744930292,0.5380740059514684,0.5399206455276533
2018-08-01,0.6148852783792529,0.6578942834190368,0.41286685400360956,0.4299080434894575,0.5104479322568876,0.5167873887791804
2018-08-02,0.5754293338949605,0.6531959116630017,0.44334752536782196,0.456671643462501,0.5253031016268707,0.5264592804005175
2018-08-03,0.5750291669453598,0.6044753977257852,0.3865589936547321,0.40656436494383874,0.4934802816880076,0.503793618426168
2018-08-06,0.5571515618631335,0.5617720631320164,0.34507580690144896,0.38815286054306275,0.4684341541870021,0.4913590349168202
2018-08-07,0.5361855229668476,0.5242886931557692,0.31157579680998443,0.355525359526387,0.4475685441714935,0.4864235275106574
2018-08-08,0.5164799796577587,0.4912970629630272,0.28260881530138776,0.3266504930217037,0.4278877352885291,0.4858926833858855
2018-08-09,0.4910307756726942,0.480477549922158,0.3041660137822669,0.3647937733598596,0.4414089262464568,0.460701936260517
2018-08-10,0.4786640934459643,0.4923508487627108,0.3483910933625868,0.3908346286936331,0.4573810141163699,0.4626511754606632
2018-08-13,0.5730210357185703,0.6424568509547264,0.40736776616994336,0.44507409887213795,0.4891150704225267,0.4724284397802976
2018-08-14,0.5704227986174774,0.6883066077744202,0.44930310201576146,0.48273103984935056,0.5100408526805057,0.4802662812282289
2018-08-15,0.5886578928580775,0.6351567544312635,0.39997658071979053,0.418498977282213,0.47371336215142246,0.4983852186469152
2018-08-16,0.6623880818381085,0.7790692825873516,0.46339748570047884,0.47412402218527483,0.5052362495227705,0.5198989160959319
2018-08-17,0.6888432033175733,0.7138425846017562,0.37346040105753525,0.3948527301360753,0.45994806325796095,0.5198844778459121
2018-08-20,0.6359603625021628,0.6563972558483869,0.3442383604691017,0.36849511738674545,0.4437671569543534,0.5193701094540777
2018-08-21,0.5846532903936194,0.6062990530903094,0.33217295036140987,0.3575142431009984,0.436838241447551,0.5228344312884581
2018-08-22,0.5456987011158173,0.5627995659388745,0.3169357858680861,0.34355949522615725,0.44980547076857064,0.5047431966723579
2018-08-23,0.5142779843494261,0.546915660611338,0.3402051454721277,0.36483106493232526,0.48656508098742796,0.4990423031690735
2018-08-24,0.4956687323968748,0.5494489593802803,0.3679200652098376,0.389883159767406,0.5015311963552348,0.4943488726656422
2018-08-27,0.5297765029961633,0.5141771903382663,0.3040452514889831,0.33168179604753273,0.4595398224005988,0.4778829930180047
2018-08-28,0.5951997739169391,0.4837453724713934,0.21920998584667237,0.25133521894821303,0.3966941659370605,0.4695954934158965
2018-08-29,0.5492426661461419,0.4547392189915022,0.2679238954681155,0.29869110194384046,0.43232449731334366,0.4639123932443333
2018-08-30,0.5550172265560104,0.4305086346673809,0.21202314455345755,0.24491002407949525,0.388831145054936,0.4634158303483535
2018-08-31,0.5627429609994135,0.5163492774844058,0.25253563968331316,0.2844832085541457,0.4183951367311815,0.4401397503480058
2018-09-04,0.5213545006401307,0.4709926379050269,0.27042482739979373,0.3014323017192237,0.429754388553953,0.4477969762257064
2018-09-05,0.504112755671565,0.4922385244719185,0.2996426091438463,0.3280947691766412,0.44765581214157296,0.4530616962900632
2018-09-06,0.5034161283450734,0.5337067089345336,0.3342574517820009,0.3599365945574894,0.4922671717850892,0.4640561994793281
2018-09-07,0.5076995329866284,0.5771255950202355,0.37187979352143946,0.3934352357432659,0.5228471333473077,0.4812573416542933
2018-09-10,0.496354771451991,0.5896076576006093,0.4034368528194832,0.42156671421511027,0.5390926390201561,0.488521785548702
2018-09-11,0.4738662074791838,0.5479553626671662,0.39808189204544714,0.41735671825684556,0.5331904833065789,0.4820917892975562
2018-09-12,0.4690281878099702,0.5116946813395535,0.3702019222299022,0.3924163091032394,0.5402931232219196,0.4743642909571665
2018-09-13,0.4518107826442373,0.4845567978145639,0.3873065337536177,0.40771620707366124,0.5754445614009455,0.4737177957681719
2018-09-14,0.4965743004951145,0.4562175127442864,0.32465976784576095,0.36904026583193844,0.528109188563421,0.4440791263217011
2018-09-17,0.4728298914742307,0.4370274226002814,0.3425552363889748,0.4047026663932156,0.5359739871816436,0.4217977151554595
2018-09-18,0.5323131298038836,0.5550307230511939,0.3928367262464982,0.4527445153772946,0.5647013510251884,0.4199291198642736
2018-09-19,0.5423354254756414,0.5181927871633039,0.33638769482289443,0.3954391472241756,0.5236421524730089,0.4180569558487014
2018-09-20,0.507353731070029,0.4852249641930689,0.3575944800247506,0.39776776366699096,0.5299722874871446,0.4409117064694206
2018-09-21,0.5842851864546639,0.4571096091843554,0.2829660388115397,0.3120889939136905,0.46679377865243366,0.4421350651840016
2018-09-24,0.5453925745116038,0.4615622858341205,0.30712700308911656,0.3345462639914819,0.481151713638014,0.4430402924590919
2018-09-25,0.5429558878963882,0.5228675040285683,0.34548032403115725,0.36964732538376766,0.5297295051248538,0.441908305598005
2018-09-26,0.5136194274952909,0.5196045797739296,0.37110590009203837,0.39274675486128086,0.5704973334164501,0.4507790858315698
2018-09-27,0.5147774034156554,0.5645743918722755,0.40849755110571995,0.42605239142616214,0.5916078896404473,0.4581693530466698
2018-09-28,0.4945270003831758,0.5261976117593549,0.4073105103709326,0.4467856562518225,0.6187464772876422,0.4610250372638623
2018-10-01,0.4661175802448437,0.4778947117367886,0.427071273439635,0.4742789205595322,0.6251073700718983,0.4699290163139518
2018-10-02,0.4639794450916542,0.4501469660294317,0.39692048855514495,0.44462870527905746,0.6187157116559262,0.4672830465778658
2018-10-03,0.4499872872534463,0.4471335173770105,0.42133814905993705,0.4664494001319442,0.6281654260970749,0.4705057970995728
2018-10-04,0.4353388973132985,0.4221332712942847,0.4564974001320425,0.5017552716845084,0.6298329270220487,0.4972613795328228
2018-10-05,0.5772000578362981,0.6162529603606225,0.5333130151019011,0.5892757193098862,0.6617679403265788,0.5178973059660616
2018-10-08,0.6071278504847554,0.7093356215070077,0.5859496136742395,0.6355243276613286,0.6837053081652088,0.525853418705811
2018-10-09,0.5582110774113106,0.6615943731070157,0.6077265543081374,0.6530111958172933,0.6890934706409025,0.5300281794463558
2018-10-10,0.5283113616858126,0.6510147764175825,0.6697867669902922,0.6772219551395915,0.6980300755882594,0.5957284608051159
2018-10-11,1.5769165988685994,1.8093414468110267,0.9272662063426411,0.8537404173869331,0.7823450399837817,0.7123945546860505
2018-10-12,1.7173199750664614,2.0771046699760576,1.0666584452915178,0.9781749648862272,0.8284167154330614,0.8406699380468589
2018-10-15,1.5938051181529975,1.7978574764773585,0.9056331253372045,0.8551904599469269,0.7783882133665729,0.8520022090197285
2018-10-16,1.4058232205394747,1.6878046336770989,0.9525424052862013,0.8918224941713034,0.791327026454006,0.885820903110331
2018-10-17,1.542887256176475,1.4807607004473362,0.8596989679431735,0.8587425595812547,0.7528786445921788,0.9073662593000256
2018-10-18,1.3327383221621074,1.3103783235446247,0.7744086460263191,0.8118915262679673,0.7454159897187757,0.9399251930920554
2018-10-19,1.3489667301998016,1.4955702867172271,0.8782288300633556,0.898807417490993,0.7962259367385068,0.9476243001584312
2018-10-22,1.1707427407899935,1.3367540574945964,0.8989146012207021,0.9599374011755706,0.8014284284704623,0.9524857479802264
2018-10-23,1.047531777876683,1.285588157999349,0.9323631979064476,0.9435657962799412,0.8317303494267015,1.0585867428345648
2018-10-24,0.9550945492270644,1.2561125656790952,1.0258473738918443,1.0086538707832415,0.8418769546120451,1.1040191978890026
2018-10-25,1.6613701125857203,1.9293316498194604,1.2157119297665924,1.157616072378292,0.8995476826728875,1.1435123031561536
2018-10-26,1.627912889895114,1.6781535853414682,1.1786823984843842,1.077577208464419,0.8627413651159459,1.2796259669012602
2018-10-29,1.6369128005849467,1.8632782271438657,1.39043212270434,1.2562761991081366,0.9400095606141619,1.4073122449072084
2018-10-30,1.4407411415493652,1.739484480940849,1.4773323999689159,1.267170782735746,0.9864843465855854,1.4206555229822413
2018-10-31,1.398304158806742,1.5217686883477417,1.2702059215258499,1.1148354037394372,0.9179192309342327,1.449795712199149
2018-11-01,1.3032440482556158,1.3190115724071008,1.132428022240895,1.011418617760138,0.8872570413951479,1.4583141724122073
2018-11-02,1.219741372845016,1.1699313407385734,0.993292017470158,0.9050158305234618,0.8318662901105685,1.4738664708646054
2018-11-05,1.1086148221377634,1.1835806551141146,1.0322672288339567,0.9379517314334264,0.883433287982676,1.468875632833203
2018-11-06,0.9965414492178398,1.057669758572723,0.9293480913989861,0.8827902880334296,0.8794611723512966,1.4636592420002568
2018-11-07,0.9146696265701172,0.9510193101387489,0.85402504684678,0.8207746926207593,0.881928037097246,1.4774469623173592
2018-11-08,1.2265636840418324,0.8559534486422637,0.7729926771096792,0.7536696134376346,0.8733594227920182,1.4546817746384182
2018-11-09,1.0786746400194511,0.8281603243073785,0.7816165707158521,0.7958990910084504,0.8649867268766941,1.4168578582210294
2018-11-12,1.0615506877966656,0.998310060379586,0.878912081506424,0.8728672683826983,0.8880814127226029,1.3583562765516717
2018-11-13,1.2861688931431448,1.3903112544529297,1.0002350721981388,0.9746074486914587,0.9290440463882611,1.3670846669111492
2018-11-14,1.128772102661452,1.27923863057332,1.025417175673469,1.043118783649261,0.9669382346800897,1.3799205244678052
2018-11-15,1.0482765582038092,1.2946931579382346,1.1263953758178273,1.0786419441542614,1.0241378282112268,1.4043128609293511
2018-11-16,1.0195485081669782,1.149620390252576,1.022652910010249,0.9743056772481362,1.0096207176835181,1.3973384947402416
2018-11-19,0.902922649482716,1.0298782516857443,0.9285250553142163,0.8933344277752471,1.001720570153147,1.4013179340527566
2018-11-20,1.1350887656171802,1.3585899540138633,1.3423295628001266,1.168596208820658,1.1923326918173485,1.4423645897543034
2018-11-21,1.3260526486176416,1.6519286544504532,1.445049003205078,1.305937762970557,1.274164918023468,1.375885849756456
2018-11-23,1.1621151643676262,1.4487655535636832,1.2462839499237504,1.1505281105713023,1.2338267797396287,1.3538496742127493
2018-11-26,1.0724354794365214,1.4305114240970422,1.2885221769217055,1.2083419601974934,1.291873631134795,1.3340225652369722
2018-11-27,1.166641038877623,1.261496532348912,1.128967643395517,1.076989560222412,1.2562578797578066,1.2119276671467831
2018-11-28,1.0287080201068743,1.123802249980501,1.1488602891900153,1.101640242169436,1.2756965132478917,1.092021991307716
2018-11-29,1.3428366029020589,1.0022380806639468,0.8609102264390887,0.9033723531563979,1.1344505729141978,1.081350364470114
2018-11-30,1.177757198393785,0.9604374296683628,0.9124820004109114,0.9726370086899283,1.1843350435345166,1.0470426779789055
2018-12-03,1.0679217347944705,0.8529731005345793,0.8407730039517031,0.9435318425146242,1.1744603076880358,1.10362093228175
2018-12-04,1.092801406546854,0.7767835036305504,0.7135329484500386,0.7810999139243443,1.0443274533438194,1.11734760684759
2018-12-06,1.7785898722786413,1.823963692818444,0.9759659286032522,0.9711569091179759,1.1467799543724069,1.229396724239399
2018-12-07,1.5529324453936342,1.638880512781333,1.0506926367822158,0.9875249805306142,1.1358417267413143,1.2829850602216044
2018-12-10,1.7314160023316352,1.9900337511232544,1.247229528337267,1.1449478198971619,1.1788773190023643,1.3248569575851414
2018-12-11,1.5100907044579406,1.7378353005015332,1.2262664750027084,1.1844564451567838,1.1507095553361182,1.3760095510110215
2018-12-12,1.3204278963731957,1.5335069716844894,1.2310056418659663,1.2445376128998027,1.134250372598486,1.396781499667208
2018-12-13,1.1739757539199165,1.3574775100644512,1.1650775533638564,1.2418107965761922,1.090525108322833,1.3925707276731534
2018-12-14,1.0357135253235656,1.2262704466066483,1.0827784545960355,1.1751661093171963,1.0214878568334766,1.4041958171289832
2018-12-17,1.257655233458838,1.5444271788497106,1.256976526345068,1.3336301278297016,1.0525763230277108,1.4136904185614996
2018-12-18,1.4330076532949714,1.820941666228831,1.4395809462245086,1.4963635935338717,1.1223625071848817,1.4024963590693094
2018-12-19,1.2572311343748557,1.6281381918241646,1.5195259370440344,1.56653197462414,1.1121461134781638,1.4878621810062511
2018-12-20,1.3095069655707947,1.7704961758050273,1.6768914168670086,1.7030486753605374,1.1813253640857801,1.522154423394967
2018-12-21,1.378629616117524,1.9156119421988995,1.8417179021329497,1.8411029999062325,1.1925316831152626,1.5586079426476742
2018-12-24,1.5377537601126754,2.133151091168632,2.166900976602575,2.073531897462281,1.2400248386056238,1.5883334943578094
2018-12-26,1.815306623886905,2.451788640923322,2.386348673236259,2.2521005184252743,1.2542287777764136,1.693228828890831
2018-12-27,2.668609581904388,2.1035789887900678,2.31981315801355,2.2004958131905084,1.26204282352092,1.790754949140246
2018-12-28,2.3335538964674143,1.829805651531074,2.2727675525638866,2.0614288839763986,1.2142312888768327,1.8062947403859824
2018-12-31,2.027612732197466,1.6392613620117438,2.392090027677283,2.087949809991537,1.2023569868326578,1.8022060170986132
2019-01-02,1.841326966673852,1.4617632055693688,2.138591128401475,1.8133109722442267,1.1668335475164076,1.847383463574048
2019-01-03,1.603934912098535,1.307358547983351,1.8910959867865846,1.5631027440988474,1.0746287837676882,1.8606034656735728
2019-01-04,1.7993450666212505,1.755094457815644,1.997176747330792,1.6364645383219003,1.0941795738135636,1.867571775375628
2019-01-07,2.142668472821487,1.5547444929666052,1.6128592718309223,1.3651447932581808,0.9909866144354408,1.8523588487295808
2019-01-08,1.890140133494972,1.3861081936958868,1.4920320570496286,1.2782488144408286,0.952757955982305,1.7982310083773083
2019-01-09,1.6913370763651845,1.2427268130275475,1.3540177485797993,1.1777772379271247,0.9550909262614948,1.764192428866234
2019-01-10,1.4860345440541514,1.1203032092350202,1.1936064178286494,1.0584894529123008,0.8993371247841269,1.734380006369578
2019-01-11,1.305963804602634,1.0151449515093112,1.063543221826415,0.9896907175752021,0.8493500203936313,1.6937796195621069
2019-01-14,1.146575780262734,0.9255659245521024,0.9328712506161961,0.8878820890388217,0.7967559710924983,1.6728757152165117
2019-01-15,1.0581148394852418,0.9847488502874772,0.9821711392948407,0.9733439875842913,0.8098314276900458,1.667558649853794
2019-01-16,1.0535737733339408,0.8977885247256926,0.8376363052535215,0.8497625657705701,0.7699136883168323,1.6462828699568142
2019-01-17,0.935640236507429,0.8224740063068467,0.7637244710593031,0.7630736854957736,0.7293580978173024,1.618057794567171
2019-01-18,0.888763980821939,0.7565973196245879,0.6777788681184472,0.6858487566997654,0.6867579160393166,1.616819859262392
2019-01-22,0.975025066031628,0.6986986484379057,0.6893487271322153,0.691243007698624,0.6731065549298914,1.5461768241791805
2019-01-23,1.0837836252580908,0.9944268805891456,0.9665358198998126,0.9170910990633809,0.776048446382739,1.5190903845676484
2019-01-24,0.9600080079049176,0.9064329182167248,0.8464683677100348,0.8189347142746244,0.7290960929790111,1.4415340660148157
2019-01-25,0.853896510630783,0.8300529842180698,0.8559263507365497,0.8651832892143407,0.7295308402307942,1.4183799046525312
2019-01-28,0.8405521687106648,0.7632012379804863,0.8123680119753068,0.7992442454162196,0.6984774070977472,1.296288804578175
2019-01-29,0.8443495354978969,0.882958106003908,0.8963964130448445,0.8671535247812254,0.7269056136513465,1.1400865405664862
2019-01-30,0.7629616456765769,0.8449818744173117,0.9214781368222221,0.8855928645141985,0.7332499795284378,1.127274618686296
2019-01-31,0.9673475151022626,0.7760464784806267,0.7668476495007089,0.7271310702650707,0.6651093727711069,1.1070490243052895
2019-02-01,0.9299284299408036,0.6984578065953295,0.6631196339767325,0.675488745014048,0.6544268249231182,1.020101779326761
2019-02-04,0.8282942007083433,0.6492940491261718,0.6127364103926348,0.6321707578608033,0.6295096512973731,0.994328729725171
2019-02-05,0.7953592838722495,0.6062944406942465,0.5339065835651422,0.561293189066419,0.59028007384539,0.9005317990334127
2019-02-06,0.7326494965755458,0.5676310691265181,0.4932737021833285,0.5238254506804861,0.5970654630987985,0.8731837315687975
2019-02-07,0.6711923559798899,0.5681043481968355,0.5489370739853792,0.5486933601163138,0.6388775187875912,0.8535173395949928
2019-02-08,0.7726653033521342,0.7663041523952239,0.701092918512324,0.6942750073371021,0.7056885757869108,0.8530494198612798
2019-02-11,0.6977217901496512,0.7094740415420641,0.7031771024398502,0.7021395168507801,0.7048016334121701,0.8244378931625089
2019-02-12,0.6359231475888247,0.6590776848019085,0.7153983628972151,0.7113493897265427,0.7059501269603181,0.8284444534763329
2019-02-13,0.7990865997006491,0.6156355748815784,0.5622064700534878,0.5791577052306306,0.631458963734338,0.8118168290708794
2019-02-14,0.727908118832301,0.5758699122346823,0.5519013472577502,0.5548643303293888,0.6277847842546075,0.8204660073606895
2019-02-15,0.6743450975195541,0.5942409272499811,0.5915299984381894,0.5834149034259296,0.6406409881696198,0.8287721607553542
2019-02-19,0.7669572357609306,0.5575895538706473,0.4763905650177762,0.48557683527793627,0.6092249608273286,0.8176336043441942
2019-02-20,0.6940705883442014,0.5237692074181836,0.4718224209812384,0.4815170134212658,0.6327501091201295,0.7719800701604903
2019-02-21,0.6353529185975075,0.493429777633832,0.46287904285660275,0.47376290665755155,0.6504150877491123,0.7377737759046701
2019-02-22,0.6171679981414643,0.5509068079313506,0.504116653272964,0.5092359183759585,0.7024825032326506,0.6935053522837223
2019-02-25,0.6207960415165846,0.5182654085908325,0.4372310233956764,0.45133439629821953,0.6855927784930171,0.6990286725899897
2019-02-26,0.5739681741010051,0.4884069998938087,0.4378375657078245,0.47502438384056356,0.676851240580638,0.6599879058877736
2019-02-27,0.5399893045148635,0.4848487633935254,0.46332033294732483,0.4973591270318263,0.685300679112739,0.6312193103909718
2019-02-28,0.5116717571551487,0.4758476940001325,0.48742718266835217,0.5182420643798683,0.6920649145052221,0.6240795417700621
2019-03-01,0.4995873613439866,0.474391531689868,0.5193156853888323,0.5738048962142803,0.7036421277697683,0.6040838216800732
2019-03-04,0.5358178642904446,0.4478437241707967,0.43260210635934093,0.4923595337069259,0.620678689001159,0.6551887797587673
2019-03-05,0.5434059763580028,0.5132379342694399,0.4740850325865305,0.5300494107202967,0.6399146432993063,0.6496835845717303
2019-03-06,0.5204526604847602,0.5210959051325408,0.5032535543112542,0.5571672362090925,0.6508345296376071,0.6464119328858231
2019-03-07,0.5821417320965534,0.6354681503065905,0.587029917834679,0.6064114606878721,0.6751866808518407,0.657690672270021
2019-03-08,0.6821407172366054,0.7903266028461869,0.6869763519475726,0.6640132522294768,0.7029163974162805,0.6815538445127551
2019-03-11,0.6356945313898271,0.7799407738988671,0.7185100074612004,0.7008157300093972,0.7122790952593189,0.6534449911345105
2019-03-12,0.8470591961669424,0.7190060433575768,0.5479799629483704,0.5551139534402909,0.6435680242502089,0.638136756976439
2019-03-13,0.7708299086720759,0.6675145377644602,0.5139124404104334,0.5521885894704347,0.6213810860637141,0.6401386377816948
2019-03-14,0.7433446756004913,0.6210491965139039,0.44152400802421465,0.508652873718557,0.5775981947062226,0.6208036569012993
2019-03-15,0.6763745902596178,0.6028104627730089,0.474157506543081,0.5495542410671348,0.5880925140948059,0.6209980320289534
2019-03-18,0.6457682008214557,0.5636762488897568,0.4240420841656886,0.5228035128039561,0.5567500149228781,0.5984872035467772
2019-03-19,0.6069540136094463,0.5289158477715955,0.41181583440716285,0.510290799913766,0.5347701097886508,0.6004913355907402
2019-03-20,0.5626511376237507,0.5028571895648077,0.4509987009619776,0.5249470740298634,0.5422182196304438,0.6090136563439991
2019-03-21,0.5538391841104908,0.5474057292353939,0.4943930189360685,0.5482555519227574,0.5549383212537384,0.6316702429725646
2019-03-22,0.7004941922988427,0.5124781620584798,0.4284215638441244,0.4637076308225794,0.5085001893279479,0.6579048570046838
2019-03-25,1.1119340794254131,1.0704524578789705,1.2581808444296765,1.1064726850281323,0.7964590416054874,0.6638959241890962
2019-03-26,0.9839353174295894,1.00058237463042,1.094974593215859,0.9834885637526639,0.7535725992697082,0.6765332615309758
2019-03-27,0.9232125376974982,0.914706641910508,0.9762460249532688,0.8920963121085118,0.7507543653382713,0.6978595390852008
2019-03-28,0.866442002661109,0.955789219176521,0.9674968613874421,0.8853031637979745,0.7483543462042207,0.6961581079578458
2019-03-29,0.7868801650838715,0.876334387565084,0.9194172243241046,0.8476091752909723,0.7615131875644074,0.7078331154306107
2019-04-01,0.7516229462854265,0.784313558212415,0.8437030980327863,0.788041024659639,0.7674856962058039,0.7050926201502777
2019-04-02,0.8418423491957618,0.7253522899807404,0.7966693537181401,0.7506758258739279,0.7906714615505989,0.6502123196005332
2019-04-03,0.754786646031733,0.675068358479493,0.8071655383359927,0.7955899519287846,0.827623051733477,0.6579238697782303
2019-04-04,0.6836422675439124,0.6300590392305466,0.7125378662251225,0.714422610108469,0.7756604495921791,0.6559238001955991
2019-04-05,0.6301031950141576,0.5896548934751286,0.6927148924980371,0.6963153844254348,0.7975694190675663,0.641417192152619
2019-04-08,0.6089624179799357,0.5530558764460969,0.632647198832545,0.6436175278338275,0.7966238198293569,0.6190986598626191
2019-04-09,0.5641063458633288,0.5209003085928029,0.5900973006066557,0.5820297776425165,0.7854791913987726,0.6208660305555849
2019-04-10,0.5921920873930371,0.6114467395690186,0.6454094636164782,0.6279566710797605,0.8471894846853387,0.6193451241102637
2019-04-11,0.5631307689649351,0.5728537511728542,0.614097676086707,0.6020051244632345,0.8583322242024437,0.6110943160106298
2019-04-12,0.5297086453199399,0.5534866452553245,0.6371888880965787,0.6234890397675148,0.9020362265027332,0.6299985562086302
2019-04-15,0.5684636874470173,0.5202044795328683,0.5846387502212591,0.5795595360471272,0.8909524990098203,0.6266000481085833
2019-04-16,0.53574263340368,0.513622510001068,0.5996603536024626,0.5921480157685265,0.9292818548775603,0.6292491207847216
2019-04-17,0.5058769865128716,0.485373208777682,0.6093846868739593,0.6048316467075,0.9304678643110922,0.618141267869966
2019-04-18,0.5041339851066282,0.519488161970183,0.6447961550671032,0.6636709217609679,0.9813030197790806,0.6046280053509703
2019-04-22,0.4839744310119117,0.4904296434969178,0.5765603839461535,0.6038470465689522,0.9617678937914605,0.587855845924691
2019-04-23,0.4654228188224674,0.4643725029442786,0.5786118483801185,0.6283692787888429,0.9420496401379413,0.5552108913992394
2019-04-24,0.582203548148671,0.439291663063364,0.5494910756758836,0.6257896901144798,0.9169326343445278,0.5436409647773554
2019-04-25,0.5594729397727298,0.4733589864823804,0.6077715274201754,0.6839585444002038,0.9656182242504273,0.5194162591295537
2019-04-26,0.5284373285249926,0.4706079070849332,0.5971148661018102,0.7017685303590274,0.9520713653670442,0.494566651703138
2019-04-29,0.5294333503998665,0.4457307907670659,0.5722989448230419,0.6501612034341897,0.945456379988343,0.4834336786915183
2019-04-30,0.5020864902845467,0.4237150490110757,0.5993351941125271,0.6775187604003241,0.970997962396799,0.4824674583728018
2019-05-01,0.4745294516101325,0.3784559882530848,0.6445578460129848,0.7220620779802716,1.0085596399913237,0.4656358302743129
2019-05-02,0.5937750397917594,0.5560455914373033,0.7388734265342924,0.8132751574677806,1.0773034134094877,0.4877912121476361
2019-05-03,0.56711916607572,0.576738713463512,0.7705397445124256,0.8808016359150653,1.1279951883831743,0.5058791348857987
2019-05-06,0.6654468406607598,0.5388565318512163,0.753773549807019,0.8645186078617902,1.1134532683080798,0.6447398005156619
2019-05-07,0.6485168476741794,0.6040403402162108,0.7955715550972978,0.9049990237093815,1.0948303890536957,0.714769511191384
2019-05-08,0.9968544080927187,1.0093566668958875,1.2418653553576908,1.3113680595303348,1.313531987340147,0.7208829711607377
2019-05-09,0.8883174385944652,0.9615517833299866,1.1517165572946857,1.2303882911574249,1.2718405400365442,0.7555317059672866
2019-05-10,0.8110191842639394,0.9517717342670506,1.1127743082539856,1.1534661527772183,1.2001945292896723,0.8280742158725574
2019-05-13,0.7519554777438261,0.8735223994618931,1.0304503993942282,1.0825239926773402,1.113463007123292,0.935048362422366
2019-05-14,1.3699416717416983,1.465075532713627,1.7279727007792063,1.6903295622151102,1.3466772485886036,0.9451896155373134
2019-05-15,1.2533507332293152,1.318957220895793,1.5772303536291954,1.4902735190768583,1.245469329702552,0.9616025116304948
2019-05-16,1.1218673072877556,1.1936459134254092,1.3841956889995917,1.338787457773706,1.209257782922265,0.978390711645547
2019-05-17,1.0580864437668642,1.0836941308099757,1.2840835603614178,1.2601874607424948,1.1719605385921155,1.0048571789433012
2019-05-20,0.9910189560310724,1.1281750018000511,1.3125370517929222,1.2446390192242067,1.1976291517337105,1.0137045604498467
2019-05-21,0.9405438579661364,1.169493764230754,1.2751631726294297,1.2725445020050046,1.2228285284245433,1.0300851091190433
2019-05-22,0.9131389021684496,1.0627396795175237,1.1538979069717696,1.2021889622548727,1.1981181731873551,1.0286359540286667
2019-05-23,0.8316617267344467,1.0408507249140433,1.115781068736291,1.1697996058489195,1.1916091463079463,1.0437133273238144
2019-05-24,0.9528538893843184,1.2207668031469967,1.2876150855051292,1.361180981385344,1.2532133007961603,1.0611672161965469
2019-05-28,0.8482455068703046,1.109578913008652,1.1694661419258563,1.2545169669087914,1.212797324067678,1.0747297775142002
2019-05-29,0.8875586398052512,1.211534905320879,1.291703145433828,1.354123021987674,1.2541624639347462,1.083030029175288
2019-05-30,0.8622408626715982,1.2430969915943226,1.325236458722303,1.323227268284456,1.2789188229261408,1.0884702514718676
2019-05-31,0.7749981534593372,1.1288378027836106,1.20399940630889,1.1989850371199025,1.2374524019262658,1.0972693196003125
2019-06-03,0.9548035208097112,1.293405429638062,1.4369912459094387,1.3918145668838602,1.322208242383095,1.1033546971592072
2019-06-04,0.8626691616571406,1.2310783858073804,1.3905149543275814,1.3000255739528634,1.2853375589991398,1.135206065490876
2019-06-05,1.2107815188183693,1.1084848280408175,1.2871171210518253,1.2085067745608769,1.2171208343821946,1.0908019393186217
2019-06-06,1.1224616057241916,1.0090879624473847,1.1760751915511316,1.087326914814478,1.1411860813387953,1.055770007858445
2019-06-07,1.0234156145001894,0.923395602863314,1.0872191154579216,0.9780539637206546,1.0635212391723479,1.0634346882384471
2019-06-10,0.99695627353513,0.8461250507185819,0.9778821304383151,0.9380697245115702,0.9999681908079604,1.0489540683426546
2019-06-11,0.9013463384625195,0.7811094325925865,0.9201337032294111,0.9226193178914276,0.959638103766094,1.0151578243049608
2019-06-12,0.8061883729002781,0.7395790635685399,0.8046027946205301,0.8622972284335289,0.8924407375837496,0.9183805193979098
2019-06-13,0.7347460646112549,0.7324634424529526,0.7458338578569789,0.8454711525466068,0.8518035446464983,0.8983040396200336
2019-06-14,0.6835973149372593,0.6806271322735281,0.704301491264403,0.8069122298256582,0.802940951655546,0.8813374609476959
2019-06-17,0.630700601548245,0.6670903666541769,0.6672593065774103,0.7796241362681987,0.7627839314496996,0.8605857608993677
2019-06-18,0.5823162612189563,0.6263794334939394,0.7175365364965083,0.7985330755271882,0.7625232673533779,0.8412788245519639
2019-06-19,0.6953511364622011,0.5822321907921061,0.7065092014363147,0.7893145132297714,0.7343369861064477,0.83186438519012
2019-06-20,0.6380457047180036,0.547428816097238,0.7286069502365868,0.7954173853519256,0.7225849085715864,0.8463159499165086
2019-06-21,0.7073789075881034,0.5118031909056582,0.7158075622263982,0.7845458670379325,0.7240698980132872,0.8502181359980874
2019-06-24,0.6521918440789612,0.5232711807105694,0.6688659570373239,0.7663609034465849,0.7298376646244222,0.8304940916423612
2019-06-25,0.6061846281929124,0.5288859799446158,0.6476600957953755,0.7331471350341572,0.733882109438632,0.8068408055743106
2019-06-26,0.7386170262676649,0.7411089023859313,0.8609672997365215,0.9257688476658378,0.8543289224913,0.7860861889816786
2019-06-27,0.674763426442498,0.7186661778652904,0.8104998072999444,0.8388160041656199,0.8431723838762045,0.7743380912322004
2019-06-28,0.6301784096367936,0.6686898519474067,0.7646488929010578,0.7672818874232797,0.8361969878324766,0.7572766339111475
2019-07-01,0.6127726623315249,0.597048555249377,0.7322643024788018,0.7180534760094687,0.8205619339912974,0.7732896070937701
2019-07-02,0.676983669643238,0.5552885799890251,0.6835839379334875,0.6635724581590685,0.7812310887138911,0.757911540707551
2019-07-03,0.6249679944535224,0.5229664686257413,0.6120074711266335,0.6040102312338733,0.7680236341904959,0.6886403084359645
2022-05-24,1.8501383788937191,1.9078692475744805,0.5799602366432707,0.5736229220374731,0.7388302750532195,1.8787483527167748
2022-05-25,1.6528821019819462,1.8582965723597695,0.6447757145012004,0.6275265282442861,0.7651268230161237,1.8821926411584349
2022-05-26,1.4832137752227583,1.6679140408326,0.5422666670667551,0.5418371553183844,0.7014568831619714,1.8769655369854328
2022-05-27,1.5818962695910503,1.5330976039811053,0.32540656205436375,0.3514099605934778,0.5549463886516582,1.8300174223307084
2022-05-31,1.7802005998920607,1.4291846577490854,0.11232807292617827,0.14257302907008,0.34462967207381795,1.7952618406964729
2022-06-01,1.5763969906136228,1.369842098309195,0.1606599053373764,0.19311657005836827,0.4197237253785994,1.7730907572518235
2022-06-02,1.437850080828829,1.4132587409218382,0.22701730685728472,0.2589014478599638,0.48289331294368765,1.7864663305663584
2022-06-03,1.524079302898865,1.3147598774937983,0.10000000000000002,0.13421565738145136,0.35055562578923094,1.748963102153121
2022-06-06,1.5700870015810142,1.56710897749067,0.18519938354105744,0.2375646803181152,0.45358627827380343,1.702467073576016
2022-06-07,1.369449714951721,1.408911521586677,0.1573638477003501,0.21676991036635296,0.41731425286756946,1.6915131889924284
2022-06-08,1.2663687891448274,1.287945158182121,0.10000000000000002,0.15427568742244327,0.33820529029012436,1.65308500706606
2022-06-09,1.2460049473787234,1.407562760755416,0.192405501143319,0.27043248904915046,0.4382273343552009,1.6005427842357849
2022-06-10,1.6239792331481668,1.842178325552721,0.36482785244534705,0.4653117785352906,0.5619663188809192,1.5865305774781642
2022-06-13,2.031243541220162,2.3256307705845445,0.6109678553954639,0.7048391276872384,0.7182708829762382,1.6437466122970563
2022-06-14,2.594855589883053,2.94921719556806,0.9174680001254069,0.9476643930006273,0.8746675531178074,1.6351697490629789
2022-06-15,2.2475557092110248,2.651230481387844,0.9948896958147511,1.0137450285785874,0.8792490386807696,1.693381420483855
2022-06-16,2.045529903373543,2.361793458088908,0.9707925463967322,0.9473722316829216,0.8434278410854898,1.7117838481665604
2022-06-17,2.4302235431704657,2.843668784405769,1.2099478981741991,1.1122463979563606,0.910576194788342,1.6894496350042074
2022-06-21,2.0997904523089463,2.496137567479916,1.1864038214775205,1.0921502612471294,0.8965827279015367,1.7144822665023702
2022-06-22,2.153407415527222,2.256123780213396,2.348173573084625,2.040592858018729,1.5082300138311306,1.6278783912202506
2022-06-23,1.866880335209024,2.040987368642913,2.0034688738908444,1.8667046213233482,1.385269081648065,1.62710410191725
2022-06-24,1.6736065169573282,1.8321068583524764,1.8260090110027802,1.7723031742164344,1.2982491636247964,1.6050552857354057
2022-06-27,2.0648637478076397,1.7061893774465413,1.7017381372888924,1.7224272825069842,1.2336097926648852,1.5928532542804887
2022-06-28,1.8011211108075145,1.6108654722209508,1.6635873625874464,1.6901294517148475,1.214681601992821,1.6216283067673771
2022-06-29,1.8751837176298456,1.9119052306722464,2.014183420050214,1.98693654868012,1.3175986185276964,1.611300514474209
2022-06-30,1.6270760226719605,1.7276999719064186,1.7999997789482336,1.7242061058338534,1.2734726816635487,1.6343586543388755
2022-07-01,1.4843206030865754,1.6672743967021646,1.7918259904612666,1.720742840469325,1.2897056746049664,1.6276515366902249
2022-07-05,1.3745876552158478,1.514733002280273,1.6386209511939018,1.5980970719415264,1.2345809264099572,1.6492532124390396
2022-07-06,1.201206284125054,1.3620134783781512,1.46767436392489,1.459653284440533,1.1447134544502486,1.6421937504710211
2022-07-07,1.0606325329282846,1.233140264552922,1.2690585810889878,1.3445302512244661,1.0588748399948074,1.637823294128618
2022-07-08,1.1540915381044057,1.1493077826121112,1.2110358691872962,1.2923110675465355,1.0538270274423045,1.622732760443978
2022-07-11,1.0173622399356157,1.0696698567403886,1.1119272397104027,1.1434453071479347,0.9805210465539339,1.6165486469732795
2022-07-12,1.0793796692927098,1.2371097839133394,1.305118600561303,1.248455902965462,1.0174203370067718,1.6056675467224224
2022-07-13,1.0616223316737334,1.317263222664306,1.3932994258010425,1.2602639766175265,1.0140850230997212,1.6065929221516932
2022-07-14,0.9821837366248104,1.3066794306441352,1.3748994819521554,1.1999346108238718,0.977769400817009,1.5371152872492608
2022-07-15,0.8844712953539525,1.2388731785084417,1.227829354856003,1.0898982083293227,0.9236385435321364,1.544122803515078
2022-07-18,1.1755392019914774,1.1644735084919933,1.1366109825392585,1.020716173314659,0.9162286434631863,1.500724244741791
2022-07-19,1.1229391539964084,1.2416783059150946,1.1749404408130881,1.0495570061231623,0.9220119578003222,1.4479922681062711
2022-07-20,1.5894753044286756,1.1865502613816965,1.1365285932554525,1.014835763216463,0.9332441664128931,1.4279576069571247
2022-07-21,1.4076155066523064,1.087611979232716,1.0056606265376473,0.9420987622867689,0.876612415542477,1.3780493574681345
2022-07-22,1.30703954333281,1.0104905228270955,0.9075439909725772,0.8868589781005524,0.8674514127968902,1.3468657312645576
2022-07-25,1.244509831870133,1.1345568616434385,1.0188721315217693,1.0259977085261465,0.9498046734376414,1.3166491313289777
2022-07-26,1.0903793813261338,1.0296287798850523,0.8903971987597388,0.9579222790401745,0.884907187699695,1.2888794324502713
2022-07-27,1.14147881953955,1.2139716041003084,0.9986549942405526,1.0563294420232456,0.9093308305259014,1.3206940407357113
2022-07-28,1.560960019870836,1.1598478928855358,0.7913475637034868,0.8460930517946055,0.8021889077800413,1.2928092739151198
2022-07-29,1.4691022426544054,1.0794250338591973,0.6761320116483244,0.7061565128873194,0.7629799913472975,1.297025176561268
2022-08-01,1.4395022644190671,0.9790037560968256,0.693946560056681,0.7249317726507138,0.7857867114425611,1.2658997925304596
2022-08-02,1.2696859633414983,0.964300742324757,0.6988793539392802,0.7088679042603958,0.8092006511682132,1.2589457489811198
2022-08-03,1.1696894566226177,1.0315442058520012,0.766541362421978,0.7605267569942835,0.8727633037785618,1.20962163036621
2022-08-04,1.2474346019504192,0.9762190774887431,0.7405392374646856,0.737229535667196,0.8918398184327364,1.190153698403588
2022-08-05,1.0959805883877771,0.9149390139679184,0.69745660039254,0.6705865164597895,0.8805017355571235,1.1838425758178186
2022-08-08,0.9737683028040298,0.8817125501259482,0.6513851198009591,0.632902534280756,0.8836266325764139,1.1916452746642656
2022-08-09,0.8690532634412642,0.8416623400568428,0.5997445028212662,0.6090981629336696,0.8799445082137936,1.186680946364714
2022-08-10,0.8110322476162471,0.8660746366037206,0.6414296253823795,0.6439832926222111,0.9357789243211198,1.2265699746457457
2022-08-11,1.2051277115567918,0.8451570384025701,0.6595160458220952,0.6827449154398771,0.9599123332482896,1.186420074043105
2022-08-12,1.0585364324790532,0.7860877772052455,0.5809430572696106,0.6114447900690074,0.9351233225407533,1.1346924108867915
2022-08-15,1.208958105638986,0.7638473586475661,0.6113654748400196,0.6512299117197634,0.9708775674693411,1.0954082402113128
2022-08-16,1.072245385141347,0.7105025257933435,0.5577837844470515,0.6312839469330545,0.9127442587401094,1.0530147158719152
2022-08-17,0.9472537067590378,0.6575733049552287,0.5212541095941627,0.5750717327049488,0.8638874521084292,1.0421110636939528
2022-08-18,0.9258523625036544,0.7808819807742383,0.6523181318847604,0.6929236329133385,0.9824698878545379,1.0329302601559212
2022-08-19,0.8291744605861344,0.7224585477848388,0.6178001746232016,0.6323919404636837,0.9285798642745143,1.027730896190124
2022-08-22,1.0180582792277184,1.0100797291976304,1.0056040581763983,0.9615127996675018,1.2292401034884128,1.039917900410584
2022-08-23,1.3894606846163058,1.4522613996091231,1.4568292844882331,1.3812814281588144,1.486703197893675,1.0400190189464835
2022-08-24,1.2240255733430403,1.3645094908936,1.3083600568508538,1.3202786489365048,1.437426623757869,1.035923392170171
2022-08-25,1.0793733610172311,1.2347782034514612,1.18946917625551,1.2727970988891433,1.4150190135652023,0.996218348224641
2022-08-26,1.1434279243978274,1.1496701359245698,1.0550868560905238,1.1497750076260451,1.3449940481668885,1.0104392010233312
2022-08-29,1.9790292474669375,1.9956591889506208,1.3496987497237876,1.4167577074572109,1.4589418690751896,1.0181667206812943
2022-08-30,1.7534787199434887,1.9163934403545333,1.4588424207153257,1.5131730255018998,1.515638521045238,1.0276369059919603
2022-08-31,1.6281582017542615,1.9416732415269988,1.5931929293916482,1.6302903391633603,1.581504340357828,1.0184368819747982
2022-09-01,1.478368919836651,1.859397025959872,1.709012976361179,1.7302584743924072,1.637060615839318,1.0352923108800796
2022-09-02,1.2969772063552925,1.664203654106357,1.7358634720765682,1.7492051136196385,1.573653966030227,1.1034715248789264
2022-09-06,1.2643154069968432,1.719907361794429,1.8683075740949369,1.8619796836952,1.5558768264719722,1.0936495504956252
2022-09-07,1.1327695860679556,1.6241006867188257,1.9243436140269272,1.9096628828441016,1.587708299200757,1.095375831703301
2022-09-08,1.287064001638763,1.4986249086256769,1.7782312424500861,1.6994568624218256,1.5329422505564814,1.116856001287957
2022-09-09,1.1616268316905511,1.3610315342278922,1.7492138131138788,1.661498351035052,1.534152270306796,1.0629343475683404
2022-09-12,1.2381879823379407,1.2645010603235465,1.597605105502907,1.5423946544934737,1.4118934832250638,1.0528866055538175
2022-09-13,1.1855841122749076,1.1682061840153397,1.4737583183990157,1.4186672876371489,1.3743089384968328,1.1772686686511045
2022-09-14,2.4110359614873764,2.407982707695236,2.6551017786593314,2.4448724147304177,1.752508615699848,1.1834727841690278
2022-09-15,2.0957313636164683,2.136105901288036,2.308733457930102,2.1976407296640312,1.6720048162738268,1.1974144680877052
2022-09-16,1.913544862561132,2.137785846534819,2.2985089565674146,2.162175079890331,1.6007849403185295,1.196506823903213
2022-09-19,1.7139207389743183,2.0605491305857484,2.1597185154767122,2.0841046584167615,1.5078086335438217,1.2122456314704964
2022-09-20,1.529117248709,1.8486230120152425,1.9382200643333691,1.8999020878785933,1.383089775823769,1.2189031340819647
2022-09-21,1.462544834991362,1.897073520538743,2.064462591601074,1.9526870731891064,1.3762946529614084,1.2466806044473886
2022-09-22,1.5558197960227615,2.074399284420023,2.204426896291703,2.0916990791002146,1.3745555265345213,1.2494534023135726
2022-09-23,1.4300387723635504,2.0226408860931846,2.31914534135096,2.185965319529159,1.426962512719637,1.2956815661201644
2022-09-26,1.5139812319694606,2.1629753504353184,2.478519644219256,2.317437247301789,1.4248759681932852,1.3155455044837798
2022-09-27,1.420945532168205,2.1293410247271085,2.5344946492552705,2.2994761996864885,1.4745488728166558,1.3404510083497256
2022-09-28,1.254453207664698,1.951196864420288,2.6176126434167366,2.255595436360129,1.5179062520172346,1.365686466946771
2022-09-29,1.4177613688838442,1.7846379961008385,2.3866978869706554,2.0938340791259655,1.4778055842299929,1.3802009227244576
2022-09-30,1.6282501048033993,2.0657254747577065,2.5718304540261165,2.2262678218885825,1.548006242527537,1.4083277527530655
2022-10-03,1.6282254419794873,2.1129084960086706,2.588775053613312,2.344478212965731,1.6077673331900548,1.4491166223293137
2022-10-04,1.8646920569860757,1.9460387465312072,2.1783489431139986,2.0116494845100092,1.5406700638764805,1.5168725790103317
2022-10-05,2.1573034371332422,1.813512623579072,2.0570817059747655,1.920568375177173,1.5181406938763047,1.5496945800652937
2022-10-06,1.8840212787350483,1.6805750885194222,1.8591737259190133,1.7008856680461932,1.4705325274052459,1.5501266380540084
2022-10-07,1.7283177888254604,1.7289390847248889,1.8970358680890371,1.7364279441925132,1.4976148170302608,1.6060035515152806
2022-10-10,2.0537744982218813,2.195539987846949,2.324778176575484,2.0554365873776703,1.6074912891506905,1.6143108324142896
2022-10-11,1.8345725404921391,2.1140580543274963,2.2207333374177547,1.8875306534206295,1.588928372945731,1.6348643043158733
2022-10-12,1.637178376551473,2.0181231718625896,2.072323357159971,1.7653010102153521,1.5855137581596561,1.547812087584641
2022-10-13,1.4450093602580885,1.875964039706933,1.905103608229403,1.572689815532143,1.5408843185564478,1.6818724675331884
2022-10-14,1.7476634453319335,1.741692116985271,1.647655827082161,1.3900315710471483,1.488249599654431,1.7222297340790151
2022-10-17,1.9062518707278089,2.072043626175996,1.9783670921635275,1.7064581838245056,1.6302684631634397,1.8141186974590855
2022-10-18,2.033455756628713,1.9091258724572653,1.7707387710672515,1.5568899569028896,1.519592100339823,1.8916400319562243
2022-10-19,1.8453488151888675,1.7343711129967343,1.5466025934809726,1.452051815561516,1.402554714100904,1.89679918102416
2022-10-20,1.654186775348893,1.707047417047839,1.467161999680976,1.4447778511904878,1.3349597528625148,1.88352149749761
2022-10-21,1.5122663209914835,1.7105441188075523,1.5175770395089463,1.4880017333143303,1.3006861413418405,1.906639929466372
2022-10-24,1.7257611755684146,1.59340923003901,1.3979282176477594,1.4489717409911351,1.232333306046185,1.8902680760199284
2022-10-25,1.6010951546910446,1.461863785849954,1.3003731628425452,1.3711628858421612,1.1523166537249157,1.8755719033753413
2022-10-26,1.5728635941749023,1.3566180896412827,1.2426632762194587,1.3194178391523672,1.0947489246869482,1.860266246873925
2022-10-27,1.4337969975273888,1.390758841855102,1.303701281183029,1.3756806044809928,1.0793089280733559,1.8391474075810448
2022-10-28,1.2918704044318765,1.3741543629908173,1.3005998145482507,1.3729065251404904,1.095194249244805,1.824239515108884
2022-10-31,1.5694919301743495,1.2997440725803882,1.2794193303230048,1.353851367607657,1.0992065358207628,1.8022327276360224
2022-11-01,1.4290072811854038,1.2838661627633927,1.3282646235491664,1.3298654284982976,1.133834160888116,1.7766175056818765
2022-11-02,1.2793520070059017,1.2621284785872318,1.2976468367283944,1.302828268218057,1.1381148258691638,1.739144174164942
2022-11-03,1.6848014213376974,1.7531779940603422,1.9091094345086528,1.8110253475001497,1.366173277713283,1.7218044842528524
2022-11-04,1.5677329100091375,1.791529008645348,1.9382427578442816,1.8381105945454064,1.3931434639934965,1.7796015315508278
2022-11-07,1.515093851427057,1.6399614026720477,1.6937437402823987,1.7111252329080047,1.3587961986357702,1.722970665395891
2022-11-08,1.390858356221271,1.4967655310453996,1.54624091103645,1.552813481896736,1.3216335084731279,1.7243414374140549
2022-11-09,1.240824978366009,1.3619977669592005,1.4057838107495173,1.363853819810374,1.2809152118836067,1.718823284472194
2022-11-10,1.5048781219282177,1.7062110216720283,1.8286557026088153,1.6261869037641832,1.451949625086848,1.89092069957362
2022-11-11,2.834095974824765,1.6629037841572318,1.8721756618690435,1.5923924965033553,1.4820497845854135,1.7691601758910314
2022-11-14,2.49914098475652,1.5170066807797222,1.6653652407190926,1.406956192881964,1.434988905231333,1.7350160812824915
2022-11-15,2.220603835787593,1.5503976377000392,1.6054878830614854,1.363776544890628,1.401468502807491,1.6632440022111326
2022-11-16,1.968546864437856,1.4162445416717606,1.3988131761697469,1.2132550845234245,1.3603164680893303,1.5693040613805318
2022-11-17,1.765034620932033,1.4447710123339623,1.3741911210264883,1.198572474811887,1.377481112238667,1.5836954966775272
2022-11-18,1.5540188357862532,1.3761373150550975,1.2405800513518173,1.0985109371512283,1.2893426669825576,1.5679892981364776
2022-11-21,1.3727956079450776,1.2544493774445282,1.0834390649390822,1.0293232827579126,1.1904522930377766,1.540409514307921
2022-11-22,1.2255748289288424,1.2214373221729884,1.0167059139253427,1.0185683378617874,1.1351900712508576,1.5270861733859131
2022-11-23,1.234349750885488,1.1400792738641874,0.9430187346809915,0.9959942157237848,1.1289954999393865,1.5236581413300068
2022-11-25,1.1187034952075214,1.0513028062108585,0.845162663643555,0.9487911348941025,1.0547744376113792,1.4844942977915672
2022-11-28,0.9916069284114762,0.9757606511850518,0.7792157318315543,0.8857789187148633,0.976902047290668,1.4985306755424386
2022-11-29,1.1965909083696462,1.271185629066046,1.1964640082058837,1.2791357232787128,1.1361173829873306,1.4877061616804388
2022-11-30,1.0635552403670292,1.1980755522350883,1.1202170621314205,1.209674778720465,1.0627126530241595,1.5231603701232208
2022-12-01,1.72284640181179,1.1217180693529067,1.1622671772411313,1.2480751282124904,1.0948000354962422,1.5029108279934211
2022-12-02,1.5115404174761184,1.049542655966517,1.067694101992325,1.161338931303501,1.068399692356241,1.4677354745143951
2022-12-05,1.331413931851221,0.9938284991444524,0.9952975312899501,1.0942186119793882,1.0490794206543963,1.4694474665441202
2022-12-06,1.4826784503365011,1.3419387005582115,1.4308736847435712,1.4885952163452418,1.2448679765820632,1.404601501919149
2022-12-07,1.4952440888413885,1.5354878997223362,1.6547629389298573,1.6838669753810953,1.3421600856396942,1.4001460184321166
2022-12-08,1.319633831110702,1.4315973696650393,1.5134233130527521,1.5035175787941097,1.2857075221318972,1.3839094275543835
2022-12-09,1.209241503995983,1.3120855192869003,1.3886111981081029,1.3996783283984526,1.2491497031603318,1.3709000865607854
2022-12-12,1.141029172380464,1.3531552222237349,1.5028548570517428,1.4872907209765696,1.306115470529647,1.1217683426263054
2022-12-13,1.196440003305465,1.2576503471544445,1.3663349208786697,1.3072554811727177,1.26589842624323,1.3108174921384
2022-12-14,1.1047072804673097,1.158625852501873,1.214503815095191,1.1661277388381004,1.2321941403613135,1.3188285215466051
2022-12-15,1.039694361460722,1.1966743075343649,1.2512827555005301,1.1426247545683674,1.1983759747552356,1.3091972546657302
2022-12-16,1.5318492544367956,1.6850185974432492,1.8387571636332576,1.60188092028775,1.4383390276978063,1.318889541664069
2022-12-19,1.4760785691168687,1.7683520231294876,1.8254204820048328,1.5888862650878375,1.4614670537097698,1.284905787204797
2022-12-20,1.3723957177045112,1.769365043921815,1.7332813025359217,1.5177049071654147,1.4453125810676073,1.2716178093785229
2022-12-21,1.2087805433816603,1.593428639123181,1.4747895710190373,1.3218191436220783,1.3844982111992443,1.2802607205924892
2022-12-22,1.2587076458324615,1.4692969315821724,1.3859573951254343,1.201050984726629,1.2924873412799402,1.3502423166798847
2022-12-23,1.3274462583351812,1.6396869184817,1.5350648209513484,1.376870609116113,1.3947587673793314,1.3566070550140037
2022-12-27,1.192729962737444,1.4897261841846656,1.3297056675461498,1.278574369223773,1.283932891695445,1.359318403307797
2022-12-28,1.0797325616636206,1.435371767617332,1.2270017807356093,1.2499874323219464,1.216362814518688,1.3466733257453507
2022-12-29,1.1512773632522677,1.5685814324494982,1.3587359664709666,1.4244572271942078,1.3126685038038857,1.361295502260604
2022-12-30,1.3008806342009962,1.4542304916824706,1.3015804310622259,1.3735008302039866,1.2991427819966592,1.3255033246147827
2023-01-03,1.1587363390762655,1.3266721894012363,1.256693555500419,1.3141001352803106,1.289907900471865,1.351667986023114
2023-01-04,1.0557902080998145,1.2983871103020674,1.2500254068147387,1.3059810977419075,1.2969853137263974,1.3313838340023638
2023-01-05,0.9940619753254314,1.1954124631589618,1.1615216661928445,1.2268536246196449,1.2653473431916835,1.3076334290498612
2023-01-06,1.0616320975589617,1.339069667884013,1.3222955690656626,1.3703145952467997,1.2831923165978272,1.335017288902255
2023-01-09,1.396987278546356,1.2637180849993597,1.2748496893569217,1.3435527474537312,1.2819088625304174,1.350150681604555
2023-01-10,1.234323863033566,1.172187907558124,1.1585934754274072,1.1810051701291524,1.1956547584532893,1.3473571095982746
2023-01-11,1.1304655929670075,1.0825837776012823,1.0782527772829251,1.1140824510697078,1.1131629515776587,1.339861988186064
2023-01-12,1.1458543002756547,1.0154345411919037,1.035534748072431,1.0650778022395193,1.0634587431415998,1.3525599503993089
2023-01-13,1.0256296766132134,0.9365665091753032,0.9552823654464749,0.9786853883309644,0.9909287354529875,1.1776410922529246
2023-01-17,0.9257549758317072,0.8669868100754455,0.8448196561132698,0.9201130902838948,0.9529463717837191,1.1391569849865204
2023-01-18,0.8397819600911698,0.8455400537589559,0.9150541638227959,0.9382299907297624,0.9511660100012492,1.1105021265507382
2023-01-19,1.0952640173918584,1.160065748293074,1.0608601220506564,1.0786774833494224,1.0052360876316861,1.101245323308255
2023-01-20,1.0474517734567836,1.2164439527607047,1.1461356924385875,1.1176528858842587,1.0572866304680344,1.111017581840819
2023-01-23,1.248832605819275,1.1465550549938808,0.9533078623026234,0.9158455537630569,0.989060475912641,1.1208751080387065
2023-01-24,1.222312753818254,1.0706108649222863,0.8787113368039311,0.8965715546819324,0.9450180501496895,1.1085843874172103
2023-01-25,1.086477754232978,1.0113201282126938,0.8399827821269408,0.8662214182524208,0.9368666499782711,1.0613857737039565
2023-01-26,0.9668717109070548,0.9312416992789884,0.833314816487566,0.9008774620835219,0.9673217700212239,1.0730517712115144
2023-01-27,0.986668954500592,0.877597934430716,0.774468241764407,0.884482318852908,0.9219351393108466,1.080588897110755
2023-01-30,0.8843048076205416,0.8110655020833453,0.7241272517680323,0.835606153778901,0.9067715759524211,1.0847358917686865
2023-01-31,1.0181416836959527,1.043442280011914,0.857435251503091,0.9173047089275446,0.9885424209887302,1.0634292051921368
2023-02-01,1.114128132742532,0.9483826578479396,0.7361954395523583,0.8074367987412459,0.9356118010937993,1.0998722247465471
2023-02-02,1.090944097435406,0.8916648815006719,0.6404583906767096,0.6927598290236062,0.8902061609018972,1.0865474869281264
2023-02-03,1.1618177858205905,0.8494072896799573,0.6627552133577059,0.6807899856412176,0.8893321306682689,1.1155032416798498
2023-02-06,1.165851790913606,1.025501030095959,0.8737397197598861,0.8680799312919807,1.0379571686958091,1.1180826297919766
2023-02-07,1.086554900871678,1.0739949788378225,0.9527201813671463,0.8947859532127379,1.0871138019812612,1.0779769410536308
2023-02-08,1.1225724034954576,1.008261977214027,0.8947882095692683,0.8633018786662796,1.0855244376579127,1.0628584439309676
2023-02-09,1.1432023088251364,1.167711799300066,0.9893786490939384,0.9383680645661359,1.169640574010897,1.1065447493431997
2023-02-10,1.111158385129755,1.2532479988055245,1.0790224095376861,1.0196588636785815,1.2452090684705637,1.1017452337114235
2023-02-13,0.9914218978609476,1.1446949031687972,0.9751902601533748,0.9734800875072042,1.1649209260515265,1.082193975835599
2023-02-14,1.021325318705076,1.0680738287644442,0.9190733685329403,0.9442201490265854,1.1539089695080016,1.0799770537393247
2023-02-15,0.9145207131063604,0.9978923990565334,0.8080750858651136,0.84684942588726,1.0676368168347696,1.0829034355217435
2023-02-16,0.8291821906545797,0.9204069740395482,0.7342271368257182,0.800745485509183,0.9940151517583233,1.1006550713607135
2023-02-17,1.0192921455414683,1.1643615800416067,1.0559148835779175,1.0986471091449352,1.1220571724736372,1.0938345380183605
2023-02-21,0.9242656193287409,1.122306709899196,1.0174279111692675,1.0163138541860706,1.0618704695329144,1.0948338132160431
2023-02-22,1.2923906873990083,1.495711140249257,1.1860866416345393,1.2077607651424531,1.1174518976974461,1.086808995996284
2023-02-23,1.149231041866652,1.3921732467813517,1.260394724995576,1.2768827220536658,1.1066650910690825,1.127242961915747
2023-02-24,1.042570037346791,1.2732074808956622,1.1691131121692275,1.2002510869283447,1.032982931383123,1.1100643622825628
2023-02-27,1.0779431024474204,1.388913812346163,1.2449579118283167,1.322968335640803,1.0484860880722289,1.1241116621042964
2023-02-28,0.9679772493404034,1.266444292221101,1.2009397237812558,1.2522346137143632,0.9975836613885648,1.1169969731251714
2023-03-01,0.8933215286058916,1.190553209633637,1.2436114100564566,1.291134859254164,0.9804601190005211,1.0963654863497163
2023-03-02,0.8339446363133229,1.1708204246756868,1.2139214794642466,1.2642965333361438,0.940238359318158,1.1040962595747346
2023-03-03,0.8200100923683474,1.0838923706318089,1.1653666847216952,1.2224687899527236,0.9074127759217762,1.0643025317279369
2023-03-06,1.0214640812346063,1.0258065889030796,1.085153924201402,1.1759125777533976,0.8637814943264377,1.0425810373624915
2023-03-07,0.9137681802486616,0.9394674810292424,1.1426908858882723,1.2286369870601643,0.8587561218598804,0.9962956095353254
2023-03-08,1.1189104772166936,1.218852036662466,1.407174952412918,1.3961872477083426,0.9327440303980428,0.9892655229106542
2023-03-09,0.9977078458624696,1.1125015204994009,1.4552630403819022,1.4394434110608196,0.9470567237710382,1.012871043262611
2023-03-10,1.2730573273302228,1.4415235280362215,1.6322667120863936,1.5122085060929196,1.015898647524095,1.0361251724521745
2023-03-13,1.3375073516325684,1.6157716996197755,1.786858399893394,1.5592057809205109,1.0305804695729346,1.0625924521481886
2023-03-14,1.1896277077522024,1.4972192715651529,1.7760754646082157,1.5483208654261793,1.0406676450810022,1.1329603170152474
2023-03-15,1.281585253389159,1.3908665441921673,1.6518531609107443,1.3930677556030617,1.0011648431415878,1.179599431383786
2023-03-16,1.1841845585849982,1.3949556200321431,1.5409080219399582,1.3132780629774037,0.9660578615667318,1.1894424241439128
2023-03-17,1.3046148434030442,1.3034175655082905,1.3511966331150496,1.174833165198205,0.9074619397232816,1.1964656771917503
2023-03-20,1.2971693151255477,1.4357652340543414,1.4180953458621801,1.2239734754661018,0.9224577147619345,1.1632023956015924
2023-03-21,1.219662382620735,1.3214225567303837,1.2760830424055054,1.1192189154763528,0.8767303147384089,1.1819413715473654
2023-03-22,1.2232175018408622,1.228799026875226,1.1119745344698313,0.9959050132804909,0.8217935869846374,1.2082194668265969
2023-03-23,1.3735792276854937,1.5000842595127506,1.2134007854604383,1.0724115992167833,0.847661552756459,1.2489042736390952
2023-03-24,1.2190106325887278,1.3624450504305805,1.080304322289437,0.9717994773183448,0.8024106008066525,1.224168190223064
2023-03-27,1.1148412315742997,1.2501247670733897,0.9765269779030835,0.9025624825393649,0.8039814222817918,1.2062758562980995
2023-03-28,0.9946889963561636,1.1406415033068629,0.8547827084359173,0.8062630251662479,0.7587674431648149,1.17461153597534
2023-03-29,0.902526251103282,1.0955161767210475,0.8708782568323031,0.8188154216631838,0.797511683515668,1.1947297760520377
2023-03-30,1.02954605009933,1.0326528707720737,0.7308544660204683,0.717868478475515,0.7703229597311062,1.2011827233618368
2023-03-31,0.949448637330799,0.9572022699523388,0.6738832012666496,0.6806912107189989,0.7329305416888897,1.1942943489982738
2023-04-03,1.0496237420205003,0.8666542818316322,0.6368432469431793,0.6783517906067638,0.7451270878687641,1.1798796259212996
2023-04-04,0.9485156637702936,0.8053288657372313,0.5952052649290123,0.6397599591633073,0.7525900647751477,1.1763165816105898
2023-04-05,0.9029509777228026,0.8671458786420148,0.6605012553489356,0.6975856900465963,0.812172160199825,1.166832320721913
2023-04-06,0.8294697278654025,0.861051126525639,0.7019572713818859,0.7296651303291,0.8138357494475601,1.167559346220737
2023-04-10,0.76446652970116,0.8005202565974553,0.6728348478473051,0.6744070945847584,0.7733378550744697,1.135339717640239
2023-04-11,0.6966781668260679,0.7400876476740164,0.6786976422963212,0.6769967754234408,0.7672233800009188,1.1030467395638095
2023-04-12,0.6405354656032863,0.6917636839550183,0.707271419935541,0.6903454986810418,0.7685624868187074,1.0349321775636864
2023-04-13,0.636203253985567,0.7352741029273032,0.7644239290305404,0.7247875748931016,0.7809473956165167,0.9662795512943004
2023-04-14,0.8221415661602178,0.7087329002317703,0.6110639590742926,0.5994711912998144,0.7017376918111166,0.9190528391255964
2023-04-17,0.7607995292203188,0.7164131785732785,0.6434890630236173,0.6263357189897267,0.7117778765511873,0.8837904250011642
2023-04-18,0.7049905028565682,0.6702468003582867,0.6105297792274,0.5990254162042772,0.6899436518343863,0.8703650757243051
2023-04-19,0.6469468097514632,0.6222711654285318,0.5429057423267233,0.5700735766919846,0.6502827941437072,0.8740951344563218
2023-04-20,0.6005812442825088,0.5940389601982782,0.5077721856984834,0.5408344604663012,0.6346969173398526,0.862824481258724
2023-04-21,0.6328814450674559,0.6796880082896763,0.5596775980405201,0.6144604387325385,0.6628383146055093,0.7964336701881138
2023-04-24,0.5870863914007796,0.631045187710589,0.548944003405824,0.6302669219621344,0.6464482171109281,0.7153242859811688
2023-04-25,0.549541201933528,0.5877939675250383,0.5831674779922834,0.6322783194515424,0.6456038998820418,0.7018778713423376
2023-04-26,0.9390630386625416,0.9646254981437226,0.6980069670640192,0.7688867913436406,0.7185084199430372,0.6943768307042711
2023-04-27,0.8768783285697314,0.9800067395606152,0.7766638522615453,0.8458098510864634,0.7325895587435305,0.7106067087898402
2023-04-28,1.1800687367648657,0.9418309176940672,0.5704018360659997,0.6528474001824938,0.6325007350557385,0.6703181036009632
2023-05-01,1.1059923975059776,0.8582306026220097,0.47424404543452625,0.5550452824104652,0.5801543981937287,0.6561990380858745
2023-05-02,0.9915830242103238,0.8220563455874798,0.5272047953437705,0.5787353089224506,0.6217414632131563,0.6885424339937968
2023-05-03,1.0522429090845922,1.016605897333786,0.6435682475299502,0.6547017054781346,0.6903164884132831,0.7130146723933843
2023-05-04,1.0073877894767376,1.08200032200298,0.7381323897481142,0.704298733004162,0.7389107103482118,0.709354074210366
2023-05-05,0.975425672991346,1.143796229932763,0.7965527152816181,0.7512231717602061,0.7585007119895211,0.7442186187931408
2023-05-08,1.19127589531539,1.0807543712236696,0.7655196393088464,0.7263060613872382,0.7402885988663123,0.7372165793887588
2023-05-09,1.0614196841622392,0.9958160181620316,0.6874501396916927,0.6629703303108629,0.7340827026442911,0.7242278501165416
2023-05-10,0.9801153341500966,1.0114887982484035,0.7324914780181828,0.6990333982469341,0.7483239121101941,0.7679655201994633
2023-05-11,0.8974708431565056,0.935706637010402,0.6647754584016692,0.6438560709773391,0.7478786738126566,0.758324854223483
2023-05-12,0.8186803775323017,0.9052886722656528,0.6841516239754749,0.665135158261284,0.7866911686588967,0.7620515696261894
2023-05-15,0.7498274846785528,0.8697963242199794,0.6674166490024611,0.6547613470500491,0.8090903962617143,0.7496370344242591
2023-05-16,0.695497895661972,0.8070400126031955,0.6027944125830216,0.6002686751993142,0.7671141143221919,0.7495527902035711
2023-05-17,0.7288854387541513,0.8950824237175504,0.6611549593793656,0.649580755445181,0.8288533841194904,0.7670366310722077
2023-05-18,0.8446385221353129,0.8471237692611285,0.523085172818782,0.547819206669922,0.7413596314473072,0.7590356805838677
2023-05-19,0.864653659199525,0.7992593341699485,0.41572441130574256,0.44797463427364304,0.6597889067425917,0.7370244795523448
2023-05-22,0.7892438194532342,0.7781188793780383,0.43314909408642116,0.4705536949770647,0.6632359286871212,0.737317858093955
2023-05-23,0.7185988377043351,0.7234774630780314,0.48731915489437516,0.5249703874416766,0.696566376441111,0.7553888415382686
2023-05-24,0.8652996612516876,0.9343012000221144,0.5991979173272963,0.6319638494526392,0.7625611127551645,0.7466843604371207
2023-05-25,0.867885167292705,1.018548012793014,0.6604480206296117,0.7173235092455682,0.7861654652674814,0.7666677327570832
2023-05-26,0.862682525294929,0.9499591166146122,0.5742038526551883,0.6480532968181136,0.7240980988312974,0.7565506722827035
2023-05-30,0.957189783205483,0.8976312621963379,0.44671658135736353,0.5210329131298151,0.6417152093037264,0.7643424912817567
2023-05-31,0.8608764348712421,0.8308001947763392,0.48510557289359063,0.5328687103280824,0.6441775934677605,0.7737033906423879
2023-06-01,0.832307346610161,0.8565247943608608,0.5708539326723192,0.6139060270438065,0.705958873263924,0.7563994489045869
2023-06-02,0.8522080030613319,0.8068411655682756,0.49322882515688354,0.5227361995504779,0.6443581168824167,0.746813555285158
2023-06-05,0.9902387047887642,0.7720125675755517,0.5059271963735941,0.5604297644418301,0.6461138539829373,0.7437185160442732
2023-06-06,0.8984959565030949,0.7629691704223598,0.4949390252296367,0.5753772247755016,0.6668024418908645,0.7043087800124314
2023-06-07,0.8134845305949245,0.7091081196428466,0.47836051899221593,0.5617722775701114,0.6538735030976669,0.7083203755562537
2023-06-08,0.7653997695768511,0.7384190991223943,0.5113900466651299,0.5935572388255167,0.6666317732191798,0.7084785474760343
2023-06-09,0.7380090832935419,0.6944908157489208,0.4810212819514503,0.5642420613863712,0.628925298089353,0.6642057271721508
2023-06-12,0.6770768869027837,0.6468708441709565,0.48092034502237047,0.5422000835148982,0.6107809029482525,0.6615780212479265
2023-06-13,0.7289988504158994,0.6180416171919417,0.4017342765112887,0.4443188685869527,0.5483739144778764,0.642931556548866
2023-06-14,0.7178776995084973,0.5872406077740681,0.3920119323409015,0.4326549307893552,0.5383251345167606,0.6572288136596669
2023-06-15,0.6590396454565235,0.5489968437681477,0.37575058120402016,0.399502396000828,0.5142468581757562,0.6770923921391884
2023-06-16,0.8058076284217923,0.5362694032781474,0.3874174981554663,0.4203282084121937,0.5177516765259293,0.6647153073894704
2023-06-20,0.758529265709268,0.5835256759870918,0.4344344702807783,0.46261165800916754,0.5421131647931147,0.674049751784024
2023-06-21,0.7467454043194017,0.6653767875261898,0.5249936571811857,0.542513946186682,0.5866485004617107,0.6732846984608233
2023-06-22,0.7364610605309293,0.7358087888888314,0.595956030332927,0.6034234033119239,0.6177517929701516,0.671486282828666
2023-06-23,0.6861110064537385,0.6874717534490453,0.603203354704635,0.5929852773689195,0.6161012616828114,0.6797888950183156
2023-06-26,0.7419152484133636,0.8113783483782167,0.7303555426970171,0.7331368209258747,0.6676869049212176,0.6776876906484697
2023-06-27,0.716078525786091,0.8422984020711559,0.7367602190796344,0.7370904159616657,0.6804179750873386,0.6531139352573778
2023-06-28,0.8032049311672512,0.7969433009001375,0.694180628126693,0.6997193169574666,0.6814407462861735,0.6460570764851588
2023-06-29,0.7307137642403783,0.738676513361587,0.611832530834949,0.6595314455225747,0.6415317214616403,0.6320722038619605
2023-06-30,0.6843512884029296,0.6906804777557967,0.6037081032375009,0.644050932810052,0.6209724361526195,0.6387643680685046
2023-07-03,0.8028571127106203,0.6364234728451866,0.5865938678279136,0.6264581655839234,0.6109132428839045,0.6139699718995054
2023-07-05,0.7306619875432065,0.5933777178223053,0.524055329305961,0.5672984759800348,0.6089567348838336,0.5989542792672964
2023-07-06,0.6785401750684139,0.5943749622416269,0.5253538702191315,0.5440264279093586,0.5932234856011238,0.6247317135731036
2023-07-07,0.7432335569123082,0.7374336801366733,0.7022887593728157,0.6754438151895149,0.6948124627606271,0.6466608376996288
2023-07-10,0.6980235682987878,0.7442781594129315,0.6747609697901611,0.6528890502466477,0.6789357924182908,0.639697854981828
2023-07-11,0.6469450931401287,0.6931181848344604,0.6043012681279153,0.5945708847054061,0.6434599810340734,0.6406955827080596
2023-07-12,0.6501964803928562,0.6546520175564564,0.5619303230002444,0.5612548235206197,0.6207931472770388,0.6698663164207997
2023-07-13,0.6855617753727825,0.6233452394502532,0.5338222119828232,0.5372223595404813,0.6185212814370684,0.6751023695823256
2023-07-14,0.709273943827924,0.594918469086856,0.5095610208866233,0.5164591080724075,0.6025752471577789,0.6771335381500105
2023-07-17,0.6555449064892621,0.5787063671605949,0.4672108947554629,0.47973143000536433,0.5769000033322788,0.6564135593874932
2023-07-18,0.6186250923288694,0.5457877377417011,0.43460108912319007,0.4491493089517218,0.5547083180361894,0.6372359216904603
2023-07-19,0.6494176914650928,0.5238371185409401,0.42277809015496226,0.43873120175936514,0.5453006028971764,0.6254304737495407
2023-07-20,0.6052295623974026,0.493624540734016,0.39628065982068794,0.42290827461965574,0.5491527392042059,0.6137697110262564
2023-07-21,0.6625639378376886,0.6218078045545606,0.462487926703895,0.4971827761315118,0.6139225526702096,0.6138475803269874
2023-07-24,0.6143305540994447,0.5909964999672062,0.4453072967576522,0.48052281218974,0.5990183136288292,0.6150472888526443
2023-07-25,0.5960713782468184,0.5588588726189243,0.4099711074885185,0.4472239397285887,0.573296475619843,0.5828468431698106
2023-07-26,0.5644800286655942,0.5263661322836863,0.39572747705507444,0.4264778375917992,0.5558231627327619,0.5803943129480025
2023-07-27,0.5333190208457964,0.5017623803363219,0.4277790963554222,0.4657532438260599,0.5856900261397514,0.6199294967400444
2023-07-28,0.6131455738469409,0.6286109975045946,0.501588832483629,0.5319812577656194,0.6552807990855402,0.6520323350525756
2023-07-31,0.7014306828891963,0.6033455030598218,0.4889393483647458,0.5462140480900103,0.6420631954991667,0.6529718776355417
2023-08-01,0.64532794555941,0.5418356524717924,0.44395540714746784,0.5013450252628656,0.640101999836039,0.635292667990406
2023-08-02,0.6227472995684882,0.5764244950142132,0.4925324451118628,0.5228274456139756,0.6487027074101294,0.6647888713317731
2023-08-03,0.893583058773062,0.8909005918138482,0.8819389029373573,0.8566660034264111,0.8298667315291547,0.6756300620679563
2023-08-04,0.8256937580920656,0.8878876647270761,0.9616237807658267,0.9032280269350456,0.835917582936486,0.6744294982508545
2023-08-07,0.7897966083228802,0.9186847992232594,0.9855010515715532,0.9212712022378109,0.8386437606403626,0.6555374641842389
2023-08-08,0.8028211500957907,0.8609162481037097,0.8910092031365526,0.844945349339104,0.8096066980624405,0.6931351807619284
2023-08-09,0.7689215062722107,0.8912509979903852,0.8914736634170053,0.8433075886464829,0.8339579103017859,0.6922028475661394
2023-08-10,0.7829978428838287,0.9673165770265606,0.9656583531480856,0.8836464427571757,0.8472880839323311,0.6995126337868309
2023-08-11,0.7143444354613381,0.8945463963729516,0.8383825402360177,0.8160087715286896,0.7900739867742022,0.7034662278241887
2023-08-14,0.6596570385608449,0.847109523979593,0.7435060917868273,0.7735310335957426,0.7774750105595805,0.7027584439635008
2023-08-15,0.6458445981163955,0.7910466738055746,0.6752690255134406,0.7103441291966756,0.7387408716339637,0.7123397867320006
2023-08-16,0.8305679438568546,0.9973290590881592,0.9125082621234298,0.9137897016808005,0.8356743251071148,0.7167793620155284
2023-08-17,0.8429935924341876,1.074109012869074,1.0083254942286903,0.9580184049351671,0.8942288989822703,0.7254780939898015
2023-08-18,0.8582312344983213,1.1471346554673578,1.1155810125497698,1.0381470650504356,0.9059392650511957,0.743395745320547
2023-08-21,0.7778377460542811,1.0521654376376093,1.0584841060308272,1.0421642437447949,0.8783503281019858,0.7542917688966034
2023-08-22,0.7540723730892843,0.9756966708444942,0.9704902623669872,0.9648181765345195,0.8632579151965699,0.7580222150043998
2023-08-23,0.7088913955069924,0.9600707458464832,0.9183836886335894,0.9641493612515193,0.8819189751374905,0.7646128638711502
2023-08-24,0.8003360832740339,0.9022606270958788,0.8140586325997932,0.8370938776866558,0.8546173619321881,0.7771357745581716
2023-08-25,0.9948077269199526,1.145543584526933,0.9609254232876824,0.9202015043210057,0.8890188188472159,0.7717519741256722
2023-08-28,0.936839690483542,1.0595774209400075,0.8672141196067454,0.8420003865747216,0.8845806399792362,0.7558575684501806
2023-08-29,0.880110148165387,0.9819822717045216,0.8249679362685426,0.7733211801029322,0.8671313492227105,0.7696232022615147
2023-08-30,1.0054877140954508,0.9279015995196735,0.7745368007178238,0.746815202524485,0.8413211285337258,0.7672702045266884
2023-08-31,0.915075585699013,0.8606575852892958,0.6998710008317556,0.7132152748033812,0.8161790006932168,0.7452710163786298
2023-09-01,0.8338107889394353,0.8003269185548949,0.6912114766188331,0.7040605762833305,0.8019666333623301,0.746031197895744
2023-09-05,0.7592401076465192,0.7430065587436883,0.6188433308602259,0.639581748869749,0.7931623003163236,0.7202071392826045
2023-09-06,0.7336157798623913,0.7858426879551794,0.6645367426010856,0.6977666620282046,0.8010334809780477,0.7316015381784817
2023-09-07,0.7564140599112985,0.8750681082012101,0.7851267448755973,0.7740758460187537,0.8361593097768426,0.7188203528899553
2023-09-08,0.7150663250195487,0.8777657727597489,0.7597683667475039,0.7515801504371998,0.8569056375899566,0.716661043335769
2023-09-11,0.6583040088303361,0.8117532354091601,0.7280715049939134,0.760798059279429,0.8304751095678752,0.6896724638884288
2023-09-12,0.6624812290021418,0.7617323928647644,0.6970717950529933,0.703390133698387,0.7893135125180705,0.6866760515430137
2023-09-13,0.6781145958181574,0.8270179995897529,0.7462783630351488,0.7438500933592335,0.8044029108993618,0.6841747084611954
2023-09-14,0.626894257261162,0.765693046259518,0.699214121126529,0.7224009563066849,0.7736194676183633,0.6849172071097573
2023-09-15,0.6809215743016988,0.7241097800930425,0.669890892919314,0.6998996797569348,0.7412016684604682,0.6878244934020646
2023-09-18,0.8614079542020633,0.9500718501739406,0.9263485301127897,0.964968049126844,0.8466570900844645,0.6781710885703176
2023-09-19,0.7814376242880591,0.8755516808085921,0.8100600637931158,0.8568089490999606,0.7913525985784209,0.664004604907659
2023-09-20,0.7258771041823394,0.8587386010994654,0.8135815120832347,0.8786607224478643,0.7767415306855685,0.6570883772103787
2023-09-21,0.8087135912728658,0.9938972709826348,0.9284354670420368,0.9698109439428672,0.8349980732995305,0.6733503900878917
2023-09-22,1.0833615207783978,1.2863089900125575,1.0993506064706633,1.078416966188337,0.9187451822446842,0.6731027863492608
2023-09-25,0.981522902124426,1.2262611701606585,1.1209141689298983,1.1222879455198924,0.9183696255650572,0.6576231688488138
2023-09-26,0.896682337168549,1.1267071190781557,1.1239260583892285,1.073335870604373,0.8918504646591027,0.6479629805252033
2023-09-27,1.0780490828846252,1.3506006603419942,1.2581921616461447,1.2002705059397278,0.9191160664988722,0.6627642195814891
2023-09-28,0.9669767182960608,1.2344444571965902,1.2701825749989877,1.196862827047702,0.9601218968742059,0.6653201623269456
2023-09-29,0.8994471360636679,1.1367742853695335,1.2247883005687938,1.1309547229642305,0.9305139262811541,0.6990804207046015
2023-10-02,0.826279373859792,1.0618783875793496,1.236922783971341,1.1966869013596622,0.9275050233597766,0.709529679928442
2023-10-03,0.7538635766749695,0.9932764589523968,1.3077620381619193,1.198940704339425,0.9235752955753599,0.7310236840021951
2023-10-04,0.9463172921822138,1.205224505952591,1.3837613455455504,1.255280711223661,0.9882748216168177,0.746313134868135
2023-10-05,0.90197223129132,1.114076506327894,1.2804972871934974,1.1732024345166827,0.9484946793376922,0.7456214868473652
2023-10-06,0.8180357285032355,1.0392962454152612,1.3536578809332362,1.1766503164585835,0.9822253126693115,0.7887185269435801
2023-10-09,0.8946028698170831,0.9747607813576108,1.1934044001155268,1.0665100348175152,0.9220835329280758,0.8028677314346252
2023-10-10,0.8477697265970799,0.9075946014151148,1.1091378504100713,1.0019567991417426,0.8861692599461604,0.8077073839006675
2023-10-11,0.7947718224736185,0.8454892274984843,1.023474269977324,0.9356326108096316,0.8492502472141512,0.8105647105214421
2023-10-12,0.7398178201645046,0.7879329988684938,0.9731418026094447,0.8961992075022748,0.8571036227107265,0.8300193627973437
2023-10-13,0.7479681608909499,0.8624005185123014,1.029672724371209,0.9755288288574306,0.8978689631253753,0.8448096749044499
2023-10-16,0.7345124842707161,0.904619286296408,1.065310379262058,1.0526414568055669,0.9030495287423407,0.8478319367059525
2023-10-17,0.8024937946581703,0.8522485305783498,0.9644928286191635,0.9639867520676064,0.856969591061882,0.8744134552994816
2023-10-18,0.7327216701429146,0.7997450398416274,0.901956734387981,0.9074704488370551,0.8251514005833527,0.8818229774332961
2023-10-19,0.9314713135603588,1.0428895688779851,1.0366516678050575,0.9835630777457879,0.853166487894775,0.8965127031397723
2023-10-20,0.9480038280584132,1.1431069819391604,1.1522754747783488,1.0828679055967554,0.868548096346066,0.8853765725220879
2023-10-23,1.0430818104449466,1.306865811814983,1.2031512534912627,1.1240455977877262,0.8768883549505192,0.9082414573007384
2023-10-24,0.9442210372205936,1.2349210827957864,1.2206333346245448,1.1353897702869047,0.877646778193333,0.9199939597264736
2023-10-25,0.9040616587094508,1.1408420353137227,1.1237477541913394,1.0533275655329595,0.8407365311872435,0.9084964045627206
2023-10-26,1.0709767068691505,1.3524556703513857,1.274100148341154,1.177028155957239,0.8647440525423291,0.8980078599287686
2023-10-27,1.1237224445433005,1.479679266052083,1.3478907227299055,1.2293108378087894,0.8946628294338614,0.9007172870352161
2023-10-30,1.0354073369124244,1.4395830580031663,1.3750718859429452,1.295893915801989,0.944668151497179,0.8978433756174055
2023-10-31,1.0559279983422278,1.329382883775006,1.2095626298557889,1.1583961589977378,0.8975946072206107,0.8990310489160644
2023-11-01,0.9789857030433744,1.1820022752653985,1.1832207450844998,1.0873149785255587,0.9089995666719407,0.878455168888504
2023-11-02,0.9864999572239316,1.0994912975359232,1.0425112328671144,0.9748647737366287,0.8973471476558508,0.8901611933531963
2023-11-03,1.207476395967936,1.0410718917530468,0.8401562629669194,0.8159523367754415,0.8366009774729366,0.8884957341499707
2023-11-06,1.141950399643448,0.9715765084095078,0.7686462790529947,0.7805195600915978,0.8343089973508354,0.8345274217547938
2023-11-07,1.0253722498660756,0.8977405329766182,0.6843698699308255,0.7053579370623727,0.7843347278715107,0.8224849334078221
2023-11-08,0.9272147222727656,0.8326971398606983,0.6140658592828178,0.6416884806018656,0.7400620106644066,0.8126356227189885
2023-11-09,0.8385788202222615,0.7707382697689809,0.6354658674010072,0.6377994151470332,0.7684772891643131,0.8062735409702164
2023-11-10,0.8565112676885966,0.8839686135049835,0.7556963450342327,0.7177776599684982,0.8494923526498488,0.8130522701430368
2023-11-13,1.0199761045648732,0.8427864456926413,0.7310238106594183,0.6978453845375554,0.8692825092902317,0.7958147703451296
2023-11-14,0.921606286454456,0.8080051584017647,0.735765225660609,0.7016813317181598,0.9037659967911572,0.8325013418444986
2023-11-15,1.1744523946849057,0.7815599152684778,0.7326597577749527,0.6991704895593492,0.9338614286232908,0.804089633894792
2023-11-16,1.0529102627271103,0.7272427544071072,0.651332047608651,0.6327834839871527,0.916876590980996,0.7896204307499645
2023-11-17,0.94662659545663,0.6768094813704976,0.5836846009456177,0.5765990414349972,0.8581534889759147,0.7648092976966
2023-11-20,0.8553924063140897,0.6313701344021967,0.5218142259592963,0.5320466936193973,0.8029385670586612,0.7637175019054728
2023-11-21,0.8359794559005074,0.6017412503081229,0.4947722475216472,0.5347360850308164,0.8093838914306329,0.7351416616546422
2023-11-22,0.7726660184831298,0.6151949805205961,0.5248190169458393,0.5689193144508318,0.8157867148428547,0.7159918861486044
2023-11-24,0.7200500626523161,0.5802940915332082,0.4839827963970042,0.5566595185195322,0.7738805865281962,0.7036396585035896
2023-11-27,0.6627473249607356,0.5429381238943346,0.47148029604601277,0.5620863232716515,0.7474242281815717,0.6906978892570512
2023-11-28,0.6259408947125337,0.5547011952709335,0.5271992123753289,0.6187397425153012,0.7560565407690525,0.6745334007717008
2023-11-29,0.5841117137776632,0.5203715286191726,0.5415849137693841,0.6498527917583286,0.7506772277690108,0.65236258624822
2023-11-30,0.5538001149982859,0.5128648414823367,0.5962395795587657,0.6711773008381269,0.7946354133954019,0.6444244876663668
2023-12-01,0.5398275935366413,0.4591460076197945,0.5881088864963574,0.6326789444719207,0.801143107117565,0.6410325374550835
2023-12-04,0.5612821817283611,0.4410067849433164,0.5738442024380781,0.6222352400924944,0.803447185544135,0.6520483825430505
2023-12-05,0.5980549411576983,0.5400874942746644,0.6655081295755588,0.7113740892134834,0.8573376561517672,0.6448289286337121
2023-12-06,0.562464726589587,0.5216256540245018,0.6814216756844099,0.7595805188341844,0.8570833142303923,0.6534360589574801
2023-12-07,0.575442291015327,0.5830284374333247,0.7228051316948495,0.8343113448090081,0.8666253204056642,0.653926882126523
2023-12-08,0.6218683042414902,0.5563654401980539,0.6790520107725256,0.7912879411771888,0.8139607338289998,0.6507331584904594
2023-12-11,0.6005487857721523,0.5269371543189989,0.6675323077710391,0.7798938896224565,0.7804983698111062,0.6447142303576385
2023-12-12,0.5789388218695273,0.4995571934222139,0.6613699516422052,0.7360476825566874,0.7520701886747401,0.6121988530290415
2023-12-13,0.5699097232945708,0.4757109476144159,0.6467663098874005,0.6884088017605446,0.7214608179190153,0.6106579112061244
2023-12-14,0.7910871326579925,0.4687500727471353,0.5103461492718294,0.5633880071432866,0.6308061182031938,0.5599900517686174
2023-12-15,0.7295353019854348,0.4454822945140577,0.5089494592001521,0.5367785612448543,0.6118881413197318,0.5641208323969
2023-12-18,0.6793490613774888,0.4641598231973731,0.5364841873659785,0.5602918840781096,0.6223392313472946,0.565317374690226
2023-12-19,0.6636570519395476,0.4451203653752378,0.4866378705223638,0.5149360116202383,0.59580084320992,0.5607057567292068
2023-12-20,0.6583367941647228,0.4284619604940153,0.4530551875493318,0.46513628112657635,0.5624584363438057,0.5890150755022959
2023-12-21,0.9058320988611788,0.7867983352965785,0.5653245830768171,0.5621478920354149,0.6172867593900795,0.6052411562169526
2023-12-22,0.9064661413332064,0.7430179699477384,0.46886783419290223,0.5042486432321295,0.5660551068450558,0.610810654324951
2023-12-26,0.8214049409436741,0.6920471766764609,0.4449353569684436,0.5060112626620635,0.5507421556397697,0.6118236780722484
2023-12-27,0.7626982468795032,0.6495642659373487,0.41150772170776806,0.49586966787611036,0.5310950433161342,0.6055170082775576
2023-12-28,0.6991148448043737,0.6074534231219775,0.4056183111972883,0.5039685145669438,0.5251482854391659,0.596809435841352
2023-12-29,0.6447317539492209,0.5719832446350946,0.44262303130558706,0.5191281752159491,0.5319200711615186,0.5933701645556124
2024-01-02,0.622976529854071,0.5872356884003037,0.5045831729992788,0.5531386235826917,0.5776857353640755,0.6091201350305194
2024-01-03,0.6503414864458674,0.6745170141020811,0.5859633860608481,0.6002255399807152,0.6318241763291135,0.6107426726796924
2024-01-04,0.7289859874545729,0.8089790091161084,0.6764313996778526,0.6567104324333085,0.6929137720544818,0.5758931830686014
2024-01-05,0.694607625444765,0.8216565136923064,0.7181650152799883,0.6878705068893735,0.7062470944494238,0.5782822333064526
2024-01-08,0.6413365057668464,0.7619242774998787,0.716904397733586,0.686828056642249,0.7015849401915273,0.5729667715720977
2024-01-09,0.8458627758219056,0.7320755173623908,0.6277069770756815,0.6133293927685188,0.6580107089241651,0.5839558017594734
2024-01-10,0.7760049555650198,0.7199321147669596,0.6570057786898299,0.6375114383925307,0.667694743112062,0.5816946030643346
2024-01-11,0.7413083070416214,0.6783304021978216,0.5959732523038717,0.5868930970718877,0.6367602174859107,0.6146222773404114
2024-01-12,0.6826464560242411,0.6513838555765696,0.6188593361978917,0.6088794591259523,0.6451158813639634,0.6188856504314743
2024-01-16,0.6309742383207434,0.6073622170924369,0.6174985317305188,0.6076093416814794,0.6742641254043281,0.6188930366752026
2024-01-17,0.6224681350782281,0.6509325918708035,0.6366150571922589,0.6234029247560839,0.6788008431286976,0.6186821911008171
2024-01-18,0.6492014175472363,0.7296735684085283,0.6880190612500267,0.6657105357084709,0.6978292937351966,0.6281456097676302
2024-01-19,0.7023365744689051,0.6930823803317198,0.5867236525929259,0.5791427075242129,0.645438690646101,0.6366707559635686
2024-01-22,0.8299168703432592,0.6667918631144344,0.44253866603889946,0.4569632469121195,0.567098336951107,0.6442464995747937
2024-01-23,0.7571241950836068,0.6238911144853518,0.43196066744830397,0.4476490869228904,0.5582395922197231,0.6097074085998124
2024-01-24,0.6995708417790153,0.5865898715702319,0.4020816229683928,0.4214665722507682,0.5381578113014024,0.60518286121746
2024-01-25,0.6451676483524384,0.5494453827515446,0.4064158813186249,0.44707479162800234,0.5379195620395353,0.6099920704103969
2024-01-26,0.633947277161605,0.5237968871835805,0.35060349987146294,0.41295661336506234,0.5012082707868522,0.6115369799354411
2024-01-29,0.5981567912643925,0.5274989424894595,0.37816699426218625,0.46106025873498613,0.5156835488337747,0.6156625590483572
2024-01-30,0.6439715242732627,0.5085121211275452,0.2916499383985599,0.36805644230706247,0.4726121835890908,0.616529044340388
2024-01-31,0.603225489076283,0.5040554752142135,0.3315317798056877,0.3910694434884995,0.5112988686198281,0.6269348176487386
2024-02-01,0.96007347921115,0.8980166137311565,0.476004275835062,0.5075189183910582,0.6122240642066087,0.6158476937812303
2024-02-02,1.0234324105731876,0.8515281786176313,0.3466389979871885,0.37107345038497097,0.5330391523346423,0.6212271343770105
2024-02-05,1.0170344999660983,0.8053487389312202,0.23323617096047686,0.26502943633612036,0.46732165897496003,0.6200032718375541
2024-02-06,0.9379279846243962,0.8270906358108092,0.2719173283748487,0.30230591421779573,0.50816366469946,0.6117481608059198
2024-02-07,0.8530434674575956,0.7698725581520872,0.24769758178778803,0.29361171158097443,0.48308099612465544,0.6119287441820459
2024-02-08,0.8442731955599276,0.728174056448498,0.16112619265733835,0.20347492534790396,0.4166969208977168,0.5939243377817227
2024-02-09,0.7684226664980216,0.680551071818157,0.16901516876385336,0.21137753542948398,0.4423432262811923,0.5913027954569777
2024-02-12,0.7373222293753775,0.6431509170034478,0.1103822787372575,0.14682030136704616,0.38073806232282964,0.5629841941399175
2024-02-13,0.6801132897097146,0.6199711757879895,0.12199067820057202,0.15290506903668416,0.40124849761655024,0.6500265377383857
2024-02-14,0.9115210295875296,0.909512831672836,0.23328824749764535,0.2650647639945194,0.5524292321484288,0.6608847794442384
2024-02-15,0.9032614721514768,0.8546770905357535,0.20217680001048535,0.23476701312609613,0.5368690823615027,0.6426750415858433
2024-02-16,0.861680497121966,0.8017030883473878,0.175053430292242,0.20777056291830454,0.4971264508646464,0.6349596891275885
2024-02-20,0.8256336878539509,0.8509184257623222,0.30060230427391965,0.32861222213010866,0.6208274673196652,0.6343986287309725
2024-02-21,0.8046910162891362,0.9052272916773548,0.35296825452118313,0.37640403377244236,0.658209476345182,0.6382229819800342
2024-02-22,0.7345794904141513,0.8363608390165979,0.35947481957024113,0.3944544868430634,0.653238969978143,0.7078629269679997
2024-02-23,1.1080588878673407,0.8100614427296123,0.6286473428339532,0.6771612827554636,0.9607945867506422,0.6946306407409809
2024-02-26,0.9944039920191656,0.750668645048881,0.5573652649892553,0.6402705074574675,0.8929281839799538,0.6840028577167243
2024-02-27,0.9191630002107176,0.7788384121984623,0.5826456642294418,0.6943271637541529,0.898591730725593,0.684516118175955
2024-02-28,0.8332791577787082,0.7246820335150471,0.5500924709817638,0.6615200641829113,0.8628082721049947,0.6851084101562566
2024-02-29,0.7650954716613498,0.7099551534564782,0.6087012817469096,0.7205505449541796,0.9104921752405903,0.6976751750510044
2024-03-01,0.7133461791190653,0.6383601159509575,0.6062693769147521,0.6860314927636723,0.8958328188995935,0.6837111653688949
2024-03-04,0.7581294859762461,0.6108772488996815,0.5998336343173614,0.6814626074494067,0.9005017349548123,0.6765094502313358
2024-03-05,0.7015138700966883,0.6030894535207496,0.5967614749945642,0.6797161501423504,0.8778294586211716,0.6835875382238521
2024-03-06,0.809024328464129,0.7942261743114026,0.708873076900137,0.7881557982350531,0.9564624690393326,0.6898309028765613
2024-03-07,0.7623555392225871,0.7439505989711741,0.6529138103456121,0.7652235452556186,0.9045873440959319,0.7180105978411092
2024-03-08,0.805789343892574,0.7070060780071834,0.6085123664615952,0.7208710765116038,0.8431607132215797,0.7330614363106209
2024-03-11,0.7974327420442823,0.789425441951942,0.7238348305211803,0.8351571111604401,0.8759984974177496,0.7415621159855977
2024-03-12,0.7335608087486989,0.7597856232389781,0.6880566888647974,0.7954257126341961,0.8685426739370964,0.7619834941678769
2024-03-13,0.8039134853563056,0.7226652812339363,0.6857678692928945,0.7873104261403449,0.8359488252006869,0.7591314570654561
2024-03-14,0.7429501504817452,0.7131805249769045,0.750762314524313,0.8376725301146654,0.88256713130599,0.6947787486406286
2024-03-15,0.6949342621594691,0.7125267154360743,0.7387081309375226,0.7868524480500577,0.8453639032738671,0.6988871654107461
2024-03-18,0.729131815713122,0.8132138922364406,0.8332871092601258,0.8493632345953509,0.8631293549535264,0.7167298864979003
2024-03-19,0.7081628428964456,0.7624826800881934,0.7846010914574918,0.7761911770174577,0.8159733552308683,0.7186444212507987
2024-03-20,0.6860979372565834,0.7162453515415674,0.7349040122468883,0.7165302998644576,0.7730779830217233,0.711856000627572
2024-03-21,0.7352350319646412,0.6809097826637934,0.6330987600126978,0.6472309782593689,0.7543237984764152,0.7074081831907345
2024-03-22,0.6854017728662886,0.6389217678681197,0.615019326267979,0.6535632904386335,0.7316094442666771,0.6360576241597691
2024-03-25,0.6466414866273141,0.6442459640722947,0.6354146524633406,0.6866826949662245,0.7338965853485215,0.6343509866735603
2024-03-26,0.6236545602165198,0.6661517586384408,0.6759267213100059,0.7534433624668208,0.7447608774263156,0.6353631106428217
2024-03-27,0.5956414474253978,0.6677811531633343,0.7249164397402976,0.790771960698928,0.7911980763538167,0.6466894276982065
2024-03-28,0.6514238243879723,0.6357621797678088,0.6584083306442173,0.73046371915759,0.7344981885373097,0.6434188866066612
2024-04-01,0.6074448140846546,0.5831565747194988,0.6983749845522165,0.7476279748900561,0.7386283772093643,0.6335517218924597
2024-04-02,0.5815273834852627,0.5910035081396293,0.7412726780244328,0.7504748669313471,0.7734404144163444,0.659507354387428
2024-04-03,0.6353221330972785,0.6954575386195826,0.8090557460247814,0.7952208215790656,0.8313810289752603,0.6625896960147393
2024-04-04,0.5931634969088145,0.6484262810893614,0.8530806855802593,0.8366024297537159,0.8333205683723038,0.6824790567668043
2024-04-05,0.8060136982705525,0.8881804399601831,0.9380778155174877,0.9045512408240922,0.8607635618628148,0.6824832759749814
2024-04-08,0.8485966320326301,0.8369047372420537,0.8087052440359508,0.836852002592059,0.7992480838234897,0.6509681990867286
2024-04-09,0.7734451068718016,0.7767563465009454,0.8191557514926616,0.8427421329440625,0.8029874601779632,0.66125190716233
2024-04-10,0.709448406107528,0.7217760396178418,0.7564145528714425,0.7521812012996788,0.7885817927464794,0.7120719301333347
2024-04-11,0.8143299904271267,0.8933628912874934,0.9185311331219701,0.8851609626837722,0.892886856186712,0.7191582191154912
2024-04-12,0.7999211813971528,0.8368139876388082,0.8728348700348906,0.8110599103304899,0.8882219259370339,0.7519494287578526
2024-04-15,0.9808661606035712,1.0826736279539753,0.9659974002860032,0.9290924321341896,0.9648762417185004,0.7864960655329838
2024-04-16,1.0684152738421158,1.2588547212755168,1.1564562627665387,1.0800740831687279,1.0831816399318341,0.7717069236089742
2024-04-17,0.9696363069711624,1.1956695676793954,1.1729112023821329,1.091296846017356,1.1287536556623707,0.7736574152324841
2024-04-18,0.9273288822498684,1.2176110848267263,1.1974009314470955,1.1085235158876006,1.127557009998396,0.7781014317503296
2024-04-19,0.8506861047697639,1.1634674658405109,1.2791725052040654,1.1793340011811793,1.147218404450115,0.7845978243861159
2024-04-22,0.8845613876975372,1.2462502843047258,1.302733962563075,1.195294506403926,1.1389492911801098,0.8095031618187318
2024-04-23,0.8836350260786225,1.1537304650036246,1.15486849299219,1.0768706681535158,1.0645643054161995,0.8308198606388804
2024-04-24,0.9371450139888478,1.0759355485568276,1.0413833475893335,1.0350813882530951,1.0456356941598464,0.834350135507191
2024-04-25,0.851253601432352,1.008879911644016,0.9566298408073669,0.9668620280524215,0.9710824027738454,0.8979550537155511
2024-04-26,0.8027272611281075,1.0113664156570257,0.9162868285672332,0.9370345628446886,0.9400029965044925,0.9007373213126338
2024-04-29,0.8258291896280824,0.9453775759094124,0.8369719481809713,0.8644842339499337,0.891678024851563,0.9078748875885524
2024-04-30,0.7629997747711511,0.8768435993865134,0.7829476475162478,0.7798883932098402,0.879425470171954,0.9184927750285996
2024-05-01,1.020356323854406,1.1361751554800197,1.1997137250688679,1.0775199892978924,1.0713729279564181,0.9426456888955224
2024-05-02,0.9392246772071684,1.113568560087898,1.1131611148395655,1.0508952249699492,1.0709048882479477,0.9688403402730856
2024-05-03,0.9296261751493344,1.0362260202992797,0.9996736796374697,1.0041549735817668,1.0483695382635156,0.9725761371558104
2024-05-06,0.9830203432372492,0.9720860553425256,0.919062593746935,0.9790946279156646,1.020635729998707,0.964614929392463
2024-05-07,0.9814453884322688,0.911647334516478,0.8480861197382472,0.9510840315089236,1.0160440488698401,0.9643802688383928
2024-05-08,0.8882449440012984,0.8432644392215499,0.7791242182943667,0.8876430967860044,0.944021896659712,0.9476448684757548
2024-05-09,0.8087395119090716,0.7908887837931429,0.7150172965617103,0.8262741770951411,0.9208399941850198,0.906525268108848
2024-05-10,0.7708285814655114,0.7421761411919553,0.685868371646847,0.7619497123392444,0.9144912248331242,0.8851843689079493
2024-05-13,0.7081166257079076,0.6913352509268259,0.6393576486718979,0.6993079173203046,0.8965623219868644,0.8569003864252238
2024-05-14,0.655528034354301,0.6534987306299272,0.592817681654786,0.6257433562238816,0.8765172253839874,0.8136626352542368
2024-05-15,0.6322411880539553,0.6164550911692284,0.5718069602662619,0.5803326031119264,0.8672861927522393,0.8141327281583984
2024-05-16,0.7769023388935259,0.5953168888171513,0.5649571531635103,0.6010270037189278,0.8457666192806653,0.7994960682384539
2024-05-17,0.7243981342417373,0.6080754344971308,0.5602935105393414,0.5843742298218441,0.8623124223918931,0.7886455450311056
2024-05-20,0.6690198241661794,0.5703625199413507,0.5025986276295106,0.5319003695545566,0.8097717338579112,0.777650513700474
2024-05-21,0.6220302298949398,0.5356845638021921,0.45222403520917737,0.48543086197472973,0.7985212101914616,0.7493385570092654
2024-05-22,0.5868529680036128,0.5062003523932633,0.4361587388134268,0.47353798786596285,0.793197960704539,0.7341700730318504
2024-05-23,0.5772573254144211,0.5443732379513195,0.45850769807091196,0.5156436739175375,0.8136459138065761,0.7514727738638625
2024-05-24,0.6534979528675822,0.6767168493032208,0.6107079827965419,0.6886317015821892,0.904803611196488,0.6752551990232405
2024-05-28,0.659283129002558,0.6406392223448739,0.5678610729955175,0.6674638678392768,0.8630875864033022,0.6647034514171394
2024-05-29,0.6137598169220052,0.5987067822558733,0.5316568308753389,0.6135864640319879,0.8083541491650376,0.6865871435932217
2024-05-30,0.6719499924860842,0.716413603640671,0.6818244995850554,0.7618350886442588,0.9138252265648118,0.6814702778269015
2024-05-31,0.706258566069457,0.8107298196592079,0.7764984476630611,0.8114223482481688,0.9345275319481822,0.6710888631086814
2024-06-03,0.7455935056601154,0.741544362174072,0.7445934514597338,0.7951950271002561,0.9337923682848076,0.66203516443654
2024-06-04,0.6864418431472655,0.6899665028581224,0.6693765214063863,0.7468342483529296,0.8694934395840742,0.6210121862010318
2024-06-05,0.6366076494940914,0.6438996726893049,0.6660117306013041,0.7453960125206617,0.8556260825134944,0.6338123448813336
2024-06-06,0.7649127276541892,0.6184172914495532,0.6399107463920989,0.7523225540115335,0.8304046611472035,0.6366724206248668
2024-06-07,0.7038774571717475,0.5904667211212603,0.5938890903649601,0.701479240735059,0.7750249818619165,0.6378968111621165
2024-06-10,0.6575396654375048,0.5875896159614187,0.591276872592229,0.6651910911758561,0.7808327821947031,0.6372246763214865
2024-06-11,0.6199944721596921,0.5541886277490516,0.5644481637798584,0.6409542061758725,0.7764569274872969,0.6482177543529316
2024-06-12,0.5848505727258558,0.5228357701219803,0.5779720260151503,0.6253017281204634,0.7942303232131382,0.6770090283163841
2024-06-13,0.6385225941261414,0.5030852355008145,0.5664714115457737,0.6207109958072511,0.761408767396968,0.6846732601946223
2024-06-14,0.5984867045419927,0.4757209288089373,0.5105085262557447,0.594941785014756,0.7179401285890628,0.6820407840411529
2024-06-17,0.5631446232662516,0.4493001567995441,0.4800829315131679,0.5550263640956308,0.7097956036352933,0.691531539317089
2024-06-18,0.6174862653179399,0.4356393159680989,0.46545401477980825,0.5365553241888985,0.6901543973729716,0.688218306428547
2024-06-20,0.5834804855115483,0.4148871705283244,0.47180186784251327,0.5194791769230446,0.6707104453343948,0.6957712297391261
2024-06-21,0.5726200883265229,0.4591477015577848,0.5341776442079534,0.5533401105212236,0.6851499788671955,0.6959954428923268
2024-06-24,0.550210553726369,0.471023276945023,0.5534515919292472,0.5831604776902686,0.6797774416828751,0.6969208860998541
2024-06-25,0.5535587468770599,0.5209049070606329,0.5911944728429009,0.6181383007828647,0.7288515100666962,0.6729347552334026
2024-06-26,0.5420389477396991,0.4947236831067454,0.5471541221091896,0.6048031628602814,0.7098972825639422,0.6723044466480143
2024-06-27,0.5168108726382671,0.4669442941037723,0.5357358003789686,0.5904621482117166,0.694712729097475,0.6651788176764284
2024-06-28,0.4969505698362921,0.4420722056836239,0.5608189503161366,0.5996265038272278,0.6862639430468848,0.6575590311098528
2024-07-01,0.5216748082607846,0.4903591424547811,0.6064718105277163,0.6383800801727352,0.7024702276739369,0.6531943206626409
2024-07-02,0.5020119067883827,0.4640733613835195,0.6247407037869994,0.6261786058490293,0.6909747933990608,0.6041071078621785
2024-07-03,0.5467776124905465,0.4466348352361193,0.5501951856710123,0.5865642187753946,0.6816845445490902,0.5627168202273877
2024-07-05,0.5430151860556087,0.4274748198270464,0.5180854735826098,0.5731578270619183,0.6847384298387466,0.5529897253054519
2024-07-08,0.5592215269841869,0.4117697184985535,0.4581636006942363,0.5383956815849631,0.6741519779245017,0.5310190586462002
2024-07-09,0.5302576710502526,0.3908467059127783,0.4620799220285781,0.5392996783597249,0.6710022634890528,0.5277199892164665
2024-07-10,0.5063663490520587,0.371364737561508,0.4899356286863872,0.5430175980047396,0.6674542551896139,0.5173570101501479
2024-07-11,0.6258559682762561,0.3661759026915838,0.39736542622753224,0.45650330250120663,0.5895938009831534,0.5291328264013674
2024-07-12,0.7193243620290475,0.5660781499621891,0.4907252973708366,0.5221956356898487,0.6275476932930407,0.5387004959070996
2024-07-15,0.7050693746530062,0.5390027551625791,0.4225480073469265,0.45909291751477793,0.5834687943789261,0.5186108985504151
2024-07-16,0.6570474469446715,0.5093950129291217,0.4026122178561311,0.43984127678427426,0.569669218443658,0.5068083313218814
2024-07-17,0.6501254213722729,0.4868790879115771,0.3907863469516603,0.41033144873560545,0.5460246170729058,0.5626408834890849
2024-07-18,0.8938803536666855,0.8194356676742143,0.4950686432638793,0.5271713614955753,0.6019042774516753,0.5826078381783955
2024-07-19,0.8958290207036135,0.9238545368078896,0.5595939582280073,0.5953074490589183,0.6313208444948554,0.5990502784842218
2024-07-22,0.878995092804014,0.9932607391574824,0.6177516721052609,0.6456004093715436,0.6555440949891651,0.6137659205598539
2024-07-23,0.8995607648476848,0.9291007725058612,0.4978531044247425,0.5362468872948264,0.595044701472614,0.6163523910271178
2024-07-24,0.8247060485173803,0.8986610399987793,0.5552430447335341,0.5624309577701077,0.6074240293610449,0.6590724643548657
2024-07-25,1.2869922759295658,1.3721018683785058,0.8286245082334344,0.7761094241695827,0.7085574131526159,0.7129875393963304
2024-07-26,1.1838690951365902,1.359502835521922,0.8750710832400729,0.849662902789058,0.7233352242188048,0.7389668194378602
2024-07-29,1.154753455039046,1.2557842354250477,0.7397084583504886,0.7732155994002672,0.6700585765956862,0.7468738491476836
2024-07-30,1.038317691227876,1.1507868363078968,0.7505916071663694,0.8199165678205106,0.6869452933235318,0.755867097576692
2024-07-31,0.9730024395441672,1.1618149426021702,0.7977408152054689,0.8585292008514899,0.7227162992253362,0.8043327559365968
2024-08-01,1.1070027134954328,1.0643456900823245,0.6405540811081142,0.6827986520224609,0.6409720988767698,0.8691786363622127
2024-08-02,1.1978685346821236,1.2816952862105422,1.037044873883487,0.9811043159644875,0.8103611255097019,0.9526143900894604
2024-08-05,1.379054417231261,1.5688707293926396,1.4840804490448711,1.2720762499284104,0.9702587890217989,1.3521579919597444
2024-08-06,1.817497114088578,2.0646005810408905,2.082636366196714,1.6954609871448427,1.119697583200958,1.401262208315212
2024-08-07,1.6581337126933686,1.8692589026154611,1.8322244897828641,1.5209942459769645,1.053126139435421,1.4578773857709952
2024-08-08,1.5149212115499024,1.8181839067475172,1.7099454559158191,1.4344759330133843,1.0683126535529202,1.4904035499077353
2024-08-09,1.6607363469117284,1.6786328097082956,1.546224720427785,1.3171394532789937,1.0148668194889614,1.491751803433332
2024-08-12,1.488279143388566,1.5246021422689666,1.333110717041863,1.1615258839866094,0.944453612630391,1.487539164302265
2024-08-13,1.3293662034055511,1.3855636780735692,1.1424606464750757,1.0191359266015214,0.9217850676680813,1.4913457700086006
2024-08-14,1.3694025175500166,1.288388120612074,1.0547688357850236,0.9532129841960756,0.9193569583790469,1.4958508237384365
2024-08-15,1.2294605530680751,1.1796595809298802,0.9241964439178284,0.8522259329063326,0.8592769518566558,1.4910492320322832
2024-08-16,1.3103641099653816,1.1080728819045385,0.8781864287675121,0.8186745620041449,0.8324661353677432,1.480374181461397
2024-08-19,1.175436599547559,1.0185870408616156,0.7736116001716322,0.7351781773992931,0.7871265148974249,1.4775394345812964
2024-08-20,1.122315832134192,0.9519897095646028,0.7191634097622055,0.6907706289643942,0.7940235784483385,1.4687543211196628
2024-08-21,1.016302201423374,0.9188488460079046,0.6675419246751821,0.6625545641339379,0.760471906459535,1.480285543532706
2024-08-22,0.9253389423947408,0.8524028931356878,0.604083050117268,0.6237256639522304,0.7556639842670142,1.4668370260249557
2024-08-23,0.923712200573478,0.9568648480233664,0.7391114369287153,0.746601870643207,0.8235068444510502,1.4491587057226314
2024-08-26,0.940217017848111,0.8989697581394179,0.6950444119866578,0.7424475817876702,0.7921726304722642,1.438492450529958
2024-08-27,0.864844015802972,0.886061134320689,0.6836075927580569,0.7487546941673203,0.7685381520763938,1.43754460950034
2024-08-28,0.7884595408801196,0.8195047528251739,0.6270500030297476,0.6736722644987289,0.7219859050738398,1.4309878536052263
2024-08-29,0.7803067829992228,0.8842774913648384,0.6984446269895748,0.7352913773923202,0.7497866634401373,1.4114656235640095
2024-08-30,0.7167800787277931,0.8269370511457715,0.6447000410457244,0.690039246481035,0.7382162518885056,1.383557161354295
2024-09-03,0.7601672615078044,0.7438585805082497,0.6417264949637612,0.6563484834596858,0.7505456606846979,1.3569275061258186
2024-09-04,1.185264858619421,1.2135111769706346,0.7824741143398232,0.7745026799581612,0.810033979818472,0.9759630956594716
2024-09-05,1.070927620342095,1.1574597733588976,0.8133320052849092,0.8393753222022767,0.8155874046754105,0.9193747137046676
2024-09-06,0.9752081251843876,1.1153403747727966,0.8885602938879078,0.9010569041821735,0.8216385361895694,0.8625929354012204
2024-09-09,1.1832350246806156,1.3912543826447776,0.9986179014416597,0.9912696856270796,0.8577221176961206,0.8224877367543765
2024-09-10,1.1538676822814544,1.282499751191324,0.8567675270414669,0.8674664126661421,0.7957312823151745,0.8310263500263531
2024-09-11,1.0470629043931674,1.175150455316119,0.8521745042908262,0.8343007930753127,0.7708115122420436,0.9270876713238162
2024-09-12,1.0294841116819091,1.0906342430570743,0.758761693128706,0.7654668956033858,0.7146180989582126,0.9221259098985956
2024-09-13,0.9857480853304827,1.0127470494701658,0.6617354501755732,0.6799769105039513,0.6694164195019494,0.9152628803278916
2024-09-16,0.9109208757408336,0.9381730654021014,0.6056530325654762,0.6610056797469605,0.6406315530235211,0.8892513432457169
2024-09-17,0.8268074303209941,0.8654075895821385,0.6115577176346777,0.6572948420388259,0.637027898768482,0.89491337882397
2024-09-18,0.7548040771532563,0.8037146156379221,0.6589842451561083,0.668725604336495,0.6410478798964035,0.9145013628795784
2024-09-19,0.7139868130828438,0.812735044387433,0.696066012157157,0.6991643043803599,0.6543202094738668,0.976144309815895
2024-09-20,0.967564673967543,0.7808645161433756,0.5219071162285768,0.5244211116647628,0.5625771430112031,0.9649126523571664
2024-09-23,0.8826267916392195,0.7682075989603131,0.553053207767465,0.5508396386198295,0.5757173113091143,0.9502506420425886
2024-09-24,0.8053173418490829,0.7154121150221864,0.5455867395384113,0.5724429682664837,0.5710296803060398,0.9415155216277472
2024-09-25,0.7413505448925953,0.6686867631034544,0.5242753807089763,0.5806266080076059,0.5599884320811479,0.937535906175429
2024-09-26,0.695546174033862,0.6773440499377809,0.5580345117288124,0.6097532897258917,0.5743349770162404,0.9471808420738504
2024-09-27,0.6575181663473595,0.6364053596060676,0.5210948704484762,0.5731720103984244,0.556256477100072,0.9342739361085636
2024-09-30,0.6201437113685522,0.6335621221318348,0.5790068048192097,0.5985476573297566,0.5688510202310567,0.9315327275508872
2024-10-01,0.5986610410037311,0.5701924156623497,0.5691295348637014,0.5643848389028221,0.5563343450595655,0.9279430810342464
2024-10-02,0.7104405819487536,0.7432971357706883,0.6404378154312255,0.6237978174969352,0.6062715000437643,0.894041703621367
2024-10-03,0.6570236631892805,0.6947740630372138,0.6553166359391565,0.6360628268261658,0.6427002527586337,0.8850246445378175
2024-10-04,0.6232272388655402,0.6936152015245565,0.6862795596720058,0.6614552576577185,0.6534787540712225,0.8909153731762327
2024-10-07,0.6844253589366477,0.6596041584888811,0.5797338110004081,0.5732870403563145,0.6047694253856155,0.8692946742869457
2024-10-08,0.7705700083848108,0.8202452551654253,0.6513992381134552,0.6328373253206783,0.6343462844688668,0.8550204229048256
2024-10-09,0.8003151452239329,0.7737556267640336,0.5409740951532417,0.5406182883273567,0.5969199721164877,0.8390957677901915
2024-10-10,0.7789863841649753,0.7279494236614471,0.4643479779116981,0.4749484575402074,0.556008171284319,0.728089590670653
2024-10-11,0.7240963350118991,0.7217813844318643,0.4955662651908028,0.5018880203120735,0.5699238042637749,0.7169000632750039
2024-10-14,0.7044449056595111,0.6797625894162185,0.43148917267749487,0.4462934633047408,0.534356236235518,0.7188467932703765
2024-10-15,0.7251935602127426,0.645627602155748,0.34082752271888556,0.3653967776194411,0.4801707503582988,0.7245274433398345
2024-10-16,0.7698772235715974,0.7777903404288928,0.40589504852754593,0.4237436994037917,0.5430681296435526,0.7135738772564449
2024-10-17,0.7230761339333535,0.7273039805325963,0.3636750124423937,0.3860898356394646,0.5148564499813094,0.6899326198405437
2024-10-18,0.6683073153871392,0.686570999126718,0.3831641521996287,0.4035621386336675,0.5509455563434728,0.5978695477221753
2024-10-21,0.6345782691614913,0.6445543225829885,0.3475798391947297,0.37154978288429463,0.5242538566280858,0.5928081355878432
2024-10-22,0.603244239595977,0.6449657166222764,0.3771431887654042,0.39817653917636114,0.5665079052757507,0.6084223733860331
2024-10-23,0.5702634061507575,0.6240192750277787,0.4184715339627118,0.4371293756672381,0.5898194732791173,0.6316365708973598
2024-10-24,0.6969539722262831,0.7927177279019427,0.4918665634122173,0.5148982526100419,0.6279764704478177,0.6379550045699284
2024-10-25,0.6477484410087763,0.7370865504291799,0.48083323199088046,0.5302995219880893,0.6169267017870642,0.6374448569802527
2024-10-28,0.6063929806497756,0.7033226064559367,0.5045434789217116,0.5506155763070429,0.6253753710660829,0.6441692995898862
2024-10-29,0.5776071073895365,0.6583759305064203,0.4825792926964303,0.5262290693513831,0.6075192951184869,0.6320464984139659
2024-10-30,0.5465751979006495,0.6154719391273337,0.49268404667953897,0.5220023757139867,0.6017575162780398,0.6129528862156934
2024-10-31,0.5476582265892053,0.6466118979083587,0.5581488338331052,0.5726871575126853,0.6180455902245214,0.6345667236212252
2024-11-01,1.0382130142903243,1.0971494522994412,0.6946649810091359,0.6885546953562337,0.6769168329661087,0.6418355734683691
2024-11-04,0.9504485205897452,1.0127012913769544,0.6530140692754585,0.6527083444386722,0.6557890150847753,0.6180857699507359
2024-11-05,0.8733208359279864,0.9837084075296668,0.685754486650187,0.6795477387231934,0.7009723417666045,0.6057368895677402
2024-11-06,0.932251541272075,0.923567214539908,0.5596758506277245,0.5565639204034141,0.6296617004671365,0.7630862157539944
2024-11-07,1.331788046602522,0.8892455130746219,0.3216424872567577,0.36579466848720604,0.49146289828237666,0.7607663050953706
2024-11-08,1.2309808939185678,0.8327653027413398,0.30270559791378004,0.34679298828617594,0.4859446569509137,0.756291479181219
2024-11-11,1.1169196119544569,0.7771265300768901,0.2931177949618638,0.3540664573852492,0.4958951160577222,0.7548429850200786
2024-11-12,1.0075840027127974,0.7221528708830158,0.271521299219337,0.33050991256377554,0.47596952730905384,0.7594178656592333
2024-11-13,0.9289243153470876,0.7435270845157778,0.32371392511411134,0.38485961223891857,0.4994389286407394,0.7554454482808509
2024-11-14,0.8450582487277162,0.6946546861685052,0.3186126033376799,0.3792723380761996,0.492985236295098,0.7570676388960709
2024-11-15,0.835349843531955,0.7888412501394891,0.39472381713370674,0.43427358223325657,0.5271764908776027,0.777151218298834
2024-11-18,0.9695260859009824,1.0198671215146342,0.5389376589685773,0.5644056772788612,0.6323113326865105,0.7790066254804009
2024-11-19,0.8909459781652869,0.943823130185776,0.5229407917760749,0.5266661932972023,0.6378526082494924,0.7952852490486568
2024-11-20,0.8211360691164672,0.8754024804227051,0.49178711694786975,0.4986511762010573,0.6155664638841477,0.8063227717949529
2024-11-21,0.7527079107892609,0.8155618522137916,0.6520388715389401,0.6333991915131489,0.7488080086447996,0.8115031920651699
2024-11-22,0.7207856377138578,0.7632666793176983,0.5974024768973497,0.5880992860584067,0.7135125027397579,0.8055704213068428
2024-11-25,0.673910363724123,0.7129245806380703,0.5711874420362879,0.5662049418330048,0.6929835055758362,0.8060943087891086
2024-11-26,0.6368175448000883,0.6680837911963806,0.5323484009999698,0.5336247840339111,0.6657912929656068,0.7993812866723362
2024-11-27,0.6252442601181851,0.6304314549241409,0.49544877607355936,0.5277996128319011,0.6423477646627165,0.7959933836723224
2024-11-29,0.6104139840039142,0.6600731515328409,0.5168514139081286,0.5502849390127592,0.6801628642203158,0.7925244094769252
2024-12-02,0.6174758124182899,0.597729780488245,0.4804072863094491,0.5177110960784229,0.6520301393501807,0.7639199431889453
2024-12-03,0.5811615606112116,0.5616883946340044,0.46322930443531984,0.5212899480789774,0.6353443078150849,0.7462427591673638
2024-12-04,0.5499666923205278,0.5311906030465167,0.5022186282971796,0.5593408589385286,0.63800590441825,0.7402855989220336
2024-12-05,0.5725659815686843,0.5076109849923751,0.44075576040064346,0.4954409660698837,0.5956117240149983,0.7355515605601979
2024-12-06,0.5535559767386842,0.5221075911026039,0.47287767905785183,0.523257350219093,0.6087503306707968,0.5628399112375808
2024-12-09,0.5287655373364666,0.4931465826310615,0.4849744210834529,0.5151025419407683,0.6003343969213363,0.5608769161290653
2024-12-10,0.5705903588020698,0.5837659195799311,0.56142536087332,0.5611010979564628,0.6545987552334442,0.5593318599729965
2024-12-11,0.5680742408647635,0.6201272180761883,0.5999794812122349,0.6238956060294805,0.6900785927175289,0.565053038331789
2024-12-12,0.6150365038864634,0.5904620496747778,0.512937065351227,0.5723334947728285,0.6386978455424297,0.5551202834216612
2024-12-13,0.6346634358393287,0.6693632609447314,0.5632546967417535,0.6167812481037103,0.6601518222331532,0.5563969400605507
2024-12-16,0.595981516451717,0.640754920613754,0.5885316630269484,0.6680578949322797,0.666819599423033,0.5522042913443972
2024-12-17,0.5808507107774871,0.6041679685460883,0.5752142297513946,0.6244720799033642,0.6413129496654815,0.5256822097811111
2024-12-18,0.590920258410075,0.6593275273209198,0.6509731437789933,0.6622848042745169,0.6584859832610277,0.6298139980316331
2024-12-19,1.4633673406390175,1.5170449214407176,0.851484353960506,0.8300649941417299,0.7371999625995155,0.6309703963504577
2024-12-20,1.3096571182644687,1.3962231092191135,0.9161621846351147,0.8487955317361335,0.7413454439737119,0.6935994232166962
2024-12-23,1.268965551401598,1.2882894958398017,0.8887646324274723,0.9018947675338276,0.7548126333081828,0.6819249349637262
2024-12-24,1.1602413543833558,1.1846819774873043,0.8055514840456651,0.8270651179958842,0.7564369927695997,0.6868725963424743
2024-12-26,1.1341005769498804,1.100134353467193,0.7059828213663008,0.7369173501637631,0.7092449485992198,0.6770742315844456
2024-12-27,1.0222608523635772,1.0213263764116656,0.7279501110963442,0.7269579877504851,0.7010615452560955,0.7146030565627617
2024-12-30,1.050325506851239,1.1622818717371008,0.9612722409030052,0.8805338700769697,0.7706812825807028,0.7771262596353925
2024-12-31,1.090380591898121,1.3028691674634238,1.0388454136031098,0.9423132372970716,0.8279275783958757,0.7868776627533479
2025-01-02,1.0025750437850391,1.243043004883034,1.071702138881606,0.9676554137301845,0.8772864844748336,0.8314709972295584
2025-01-03,0.9193077279114716,1.19490516418697,1.0769479935694617,1.0213819517092393,0.8725735073724219,0.8451489791441726
2025-01-06,0.975510878379962,1.110983540936083,0.9227974178564923,0.9382033369335133,0.8095844808042721,0.8687961800687396
2025-01-07,0.9095913886621756,1.0279248472463436,0.8572642094704729,0.8761365618794328,0.777643376180661,0.8907516816229182
2025-01-08,0.9839656715738466,1.1853946229172134,0.9726217939844856,0.9713008019355496,0.8182330326039844,0.9008711122931036
2025-01-10,0.8922134062137204,1.088603782949715,0.9781376356799856,0.9321201471889553,0.797342639487642,0.9215036594838882
2025-01-13,1.0769451643203642,1.3279782691576798,1.3172986119503274,1.1497778449795828,0.8848044251619882,0.945082227822082
2025-01-14,0.9724930991702596,1.2150391543054355,1.2750283084077632,1.1184170785323442,0.9129338252940363,0.9606591148439024
2025-01-15,0.8822465641535643,1.114799238336569,1.1916772123415689,1.0561076246437167,0.8813240885366818,1.0080372089074183
2025-01-16,1.0969002436081663,1.0470695516038862,1.0935303460262087,0.9818782041132187,0.8438059258217228,1.004503668651954
2025-01-17,0.9967078121874626,1.011380929164719,1.071900048463488,0.965385338477354,0.8317809075960596,1.0215861208292365
2025-01-21,0.9859971464404038,0.9446545053063564,0.9682560796471511,0.9310399926776204,0.7912635705236094,1.022601423373846
2025-01-22,0.9627196647486166,0.8839531436183246,0.8777532733601722,0.8549779995837272,0.7574565114132163,0.961379888112378
2025-01-23,0.8975008574700941,0.8251273233513376,0.788513996366448,0.779169171269121,0.7558543579568354,0.9421678376023848
2025-01-24,0.8414306514806126,0.7721576400459109,0.7131003259248131,0.714175862663532,0.754179904083599,0.8793591030324084
2025-01-27,0.7871141591294534,0.7852672745358074,0.6797450307384958,0.6850341116330175,0.7529031790152305,0.99702918636649
2025-01-28,0.9770837480934804,1.050101574131718,1.0101641080541521,1.0058868014551003,0.8880142823173525,1.0093822144702034
2025-01-29,0.946812394402256,0.9773261966870082,0.9108873249448658,0.918017681510586,0.8841120385050091,1.0089021913813556
2025-01-30,0.8908831433965158,0.9982727449667907,0.8953990248880085,0.9015643977560417,0.9126462884494647,0.992138171160196
2025-01-31,0.8350001234463235,0.9270188747754774,0.8703815252769259,0.845666869311239,0.918457455309483,0.9585239938382264
2025-02-03,0.8106789797302676,0.9383090845436824,0.9287256863307237,0.8565982236100743,0.9592514429973569,1.0360336854311611
2025-02-04,0.813660410975858,1.0085986627769998,0.9673142762316204,0.8866108376926103,1.0113468984248857,1.0034567038417586
2025-02-05,0.7879186839835874,0.938207275223094,0.8671110903001845,0.8080343957142199,0.9982688725532053,0.9988860289641
2025-02-06,0.7377790248238227,0.872053100090162,0.7722496339290617,0.769756977870029,0.9811413052735284,0.9856545815067924
2025-02-07,0.6915566436354466,0.8120644324511853,0.7063432959532491,0.7112817007557184,0.9734902809732672,0.9771435745290789
2025-02-10,0.7761907095474317,0.9504129675084174,0.851899246930751,0.8321321478581383,1.0899082771730582,0.9755709344031636
2025-02-11,0.7589468002133779,0.8863058225480325,0.7714939679911416,0.763612879238707,1.0225492633091535,0.959257938214014
2025-02-12,0.7003132462984123,0.8215413154799561,0.7125851990918313,0.683145642634944,0.9959310841465422,0.9681484078675886
2025-02-13,0.6742889030920038,0.8351638754591709,0.7054888688167613,0.6793162103231111,0.9718760058405329,0.9539964460918402
2025-02-14,0.7539195526117813,0.7876123638336366,0.6660856950265003,0.6800894636464823,0.9298391538883239,0.9026165251779944
2025-02-18,0.6971561746561196,0.7455716095838726,0.5888388925606294,0.6422381369974874,0.9089879592421142,0.9062705675323504
2025-02-19,0.6541869181477361,0.6976416386870481,0.534243563870718,0.6191828558077077,0.8944417497088993,0.886108022356285
2025-02-20,0.6153816430606173,0.6536598426560766,0.5128432841455611,0.5934312137180963,0.859394180387738,0.8856168035246987
2025-02-21,0.6190681393290529,0.70406646828843,0.5859114655794326,0.6657206267790593,0.9186000917636414,0.9004357987670902
2025-02-24,0.9751633938206,1.065545296482126,0.7415476367888575,0.8148874266681521,0.9768817461773949,0.9131067388055242
2025-02-25,0.9157763941021828,1.0775403962968566,0.8263185819174019,0.894833682329498,0.9838741829945511,0.93394182670721
2025-02-26,0.8716044068696533,1.0963107027822712,0.8771664106743414,0.9830984804268125,0.9930771619515365,0.8095152865302793
2025-02-27,0.7964888393091033,1.0120276426739352,0.9328131423520961,1.0342939250400898,0.9821742376783942,0.8237523670768776
2025-02-28,1.035172293652659,1.278739807365619,1.0896314862779422,1.1800211302918697,1.0409892371060445,0.8540904765562117
2025-03-03,1.1275532832305066,1.1611956695202923,0.9350926551749921,1.0365373593281377,0.9871705186763466,0.913450589556274
2025-03-04,1.2923543617249391,1.4392059629216474,1.1013993964610298,1.190929270058004,1.022492160780777,0.9578373321989658
2025-03-05,1.2843674221062256,1.5499556057293964,1.2350872157051882,1.3139727784093642,1.0918837750721537,0.9025126308628348
2025-03-06,1.22941863706037,1.422770500304617,1.1468605491716004,1.1737807290590414,1.07213600382347,0.971324942035165
2025-03-07,1.3691499357899923,1.6633960153406278,1.3179204937174107,1.3230611654880582,1.1551780364878703,1.0076853553171168
2025-03-10,1.2452239865271906,1.5168722178444491,1.2928644535803941,1.2406324944741087,1.1606090493729746,1.0904299583846375
2025-03-11,1.6392554416207008,1.9520052908788736,1.518690723396941,1.3581165650894318,1.1997277923281389,1.1177518760894245
2025-03-12,1.517375438573654,1.9255399367108488,1.557707445537435,1.455648482372015,1.257569229710008,1.1718798247998046
2025-03-13,1.3714699223435909,1.7464411832763993,1.5101693079276737,1.4184566448630276,1.2530286592837685,1.1813762983653486
2025-03-14,1.3748797872005822,1.8455359350582137,1.6059436074872904,1.4887018711994136,1.2670045226233058,1.2099373801181172
2025-03-17,1.4933574783539814,1.6933765550150526,1.4514010188079336,1.4309666765187044,1.1937181166100257,1.2175931402790363
2025-03-18,1.3689219571370173,1.5455641837856329,1.3344620853669558,1.2705588384575268,1.1094562603473999,1.2255476980722275
2025-03-19,1.3275224960630996,1.6211085105436147,1.4664610022495672,1.3185068618166265,1.1183934184870636,1.2463172556604265
2025-03-20,1.2668883439550709,1.4855685669803085,1.295657398116802,1.18487945516981,1.0469070267289515,1.2723161497667972
2025-03-21,1.1505826000879975,1.417601019198364,1.2338575832108474,1.0877197919620127,0.9971385924274284,1.2846331325952656
2025-03-24,1.0382673010283303,1.3005218526288618,1.0607170068066771,0.9825499331295661,0.9237325775622452,1.3063952694139906
2025-03-25,1.1882075654043311,1.210466974181465,0.9941742872401289,0.9766667988342904,0.8891217763225059,1.2983471590447495
2025-03-26,1.072794557053968,1.1131542275741946,0.87073889149516,0.8702033648832206,0.8317054839014693,1.292969990870669
2025-03-27,1.1168755003515676,1.2709961535223633,1.070817201895223,1.0869482143685323,0.9078453686501637,1.2876900217007432
2025-03-28,1.0199830845006828,1.224026617570784,1.0755931794431468,1.1161359852802157,0.8951376641736772,1.2803429917772688
2025-03-31,1.2980044787551257,1.5542553880757153,1.3767471926253625,1.3785599638333215,1.0114647864317114,1.3059880558686006
2025-04-01,1.1941274385120215,1.3806871735227615,1.2053443852281958,1.2871764691248506,0.9942857463652666,1.2767830492398122
2025-04-02,1.0797990422239785,1.2645381037120482,1.1008107925137516,1.1337601934599946,0.9352947944295795,1.2704826937028402
2025-04-03,1.0048486762599051,1.165496001198993,1.0269340054852163,1.0710418705102465,0.8836440948705797,1.4454035572657895
2025-04-04,2.38656293204621,2.458234562626014,3.2065393426072837,2.810190086566236,1.46866904470415,1.5245399892323328
2025-04-07,3.376958370414312,3.525525331565045,4.460826659396339,3.543642296123682,1.7291643715237477,1.9807943108209145
2025-04-08,3.000568911663094,3.167338828442776,3.9029684301997736,3.152469755572931,1.678920840358035,2.2665595764623627
2025-04-09,2.759722937427748,3.1090542985686502,3.7190362055506125,2.890237359601368,1.6524512173047157,2.437966725120369
2025-04-10,4.907266025196099,2.8754686613633305,3.650891024720259,2.7293551060209924,1.5881537042875644,2.5820679078554694
2025-04-11,4.772959344683295,3.4611222449897068,4.078854881770931,2.9983163157940647,1.7207647025906285,2.600951595910974
2025-04-14,4.294604766762922,3.0889878383042766,3.4074050007696153,2.5893981939551773,1.6533761040334152,2.6470746728887318
2025-04-15,3.828766966348057,2.7604660689060467,2.8452848598501053,2.22180525506122,1.509542336248989,2.6507485635435053
2025-04-16,3.401565752407945,2.526507721163841,2.41960491085447,1.9358545248086534,1.458460229789265,2.688979718344403
2025-04-17,3.181782679079153,2.6928325628216085,2.550395465931955,2.025272440573128,1.5469672730357873,2.69251161641798
2025-04-21,2.8260462418532883,2.4096460620173525,2.143381171547312,1.7490604940764194,1.4805636023648678,2.7054187315340235
2025-04-22,2.730159507242364,2.6269408377229606,2.3705272182176578,1.9130332466025517,1.6000621607720669,2.7315408462823543
2025-04-23,2.6508620099271942,2.3786286897066287,2.072726233099085,1.7835341546099173,1.5580799166889514,2.8063216322294537
2025-04-24,2.4381049385721583,2.1521700056048614,1.8075058483838038,1.6647337150790924,1.4893434794749503,2.8180245208390864
2025-04-25,2.3326726371631934,1.9610432222178231,1.6258628056650544,1.524467892585543,1.461694479860867,2.8192480490772747
2025-04-28,2.094039545363978,1.7794513036853068,1.422383375228687,1.3665311685491086,1.3571142462658008,2.8275468944201623
2025-04-29,1.8659607472536368,1.6180522437685734,1.2724636285889566,1.242047146391194,1.2539814764421828,2.8230171709797083
2025-04-30,1.68134307595207,1.4776688323779206,1.1744501590256264,1.1638173565805812,1.16517138049305,2.829312043606592
2025-05-01,1.4986434253050929,1.2787333384738857,1.026380777684219,1.0631419909806046,1.127458143685436,2.8423408563059955
2025-05-02,1.3667985756667251,1.1769500947399487,0.9237784510183026,1.0001758653193111,1.0709556849334974,2.843719618247152
2025-05-05,1.3673789659868962,1.0951454601479822,0.9049552315049432,0.9421526203333263,1.0746165076217702,2.752756621478865
2025-05-06,1.2585142137349508,1.1286224053891496,0.9689803306658931,0.9913334027108401,1.070263268848052,2.699378531814145
2025-05-07,1.2004688064201294,1.2120006733166422,1.086627298040234,1.1044504587534567,1.1421732876795954,2.3743494467926385
2025-05-08,1.0894055672437442,1.1148173209308392,0.9948553681664627,0.9870123792528884,1.100852326968139,2.075931576512657
2025-05-09,1.0188420632269988,1.0315784259776282,0.8913393169721651,0.9407089167449618,1.0305672655515985,1.852553651875242
2025-05-12,0.9268675778389384,0.9859169638327752,0.9513286385518486,1.0044671475841902,1.0760250980045025,1.7177358882309437
2025-05-13,1.6246334814648786,0.9450553739188524,1.0256059903211008,1.0726757630180694,1.1234846673644912,1.68590350419333
2025-05-14,1.4712170331931156,0.8800053392518036,0.9155382498145345,1.0176369267549015,1.0993475830466086,1.572775138493399
2025-05-15,1.3155312557903651,0.8160778335718253,0.8405124775407318,0.9475415673213664,1.0687006781394348,1.5643798108475333
2025-05-16,1.1926909146914677,0.7626759698670047,0.7917628996982526,0.8863752140467464,1.0497892584010078,1.494956896184482
2025-05-19,1.099161583226024,0.7162716942725661,0.7561375453035225,0.8529947543565292,1.037024963448676,1.4983466494933224
2025-05-20,0.9916615102866242,0.6687728112564628,0.702751251214975,0.7647148138731334,1.0112124893571017,1.462252486679208
2025-05-21,0.9175723837638486,0.7029611219018671,0.7774721806693544,0.8026457734071933,1.0647876893428552,1.43412149696339
2025-05-22,1.1444775850970117,1.0693968638448337,0.9217790624051941,0.9004953708592075,1.1638418080580666,1.2535219498400108
2025-05-23,1.03106473722166,0.9890218395894808,0.9573364169567026,0.9347761050233573,1.1329288910123514,1.2618935738113073
2025-05-27,0.9919715859640504,1.0579104384384053,1.011541902862561,0.9910143634515934,1.1367525229484718,1.317413675681254
2025-05-28,1.2477654567374887,0.9958664115371448,0.8492622408660165,0.8894618280357083,1.0852098573235058,1.2966793892921176
2025-05-29,1.1579412060233163,1.0423680388280183,0.9012918965622511,0.9360659374589475,1.1457969231963405,1.3168558319615689
2025-05-30,1.0513208528008406,0.963911315138572,0.9034175469511913,0.9406720948867104,1.1546949454280548,1.2713178658852369
2025-06-02,0.9609138822461732,0.893699441659328,0.8402597003364842,0.9036259598530892,1.140160310660181,1.234445769534024
2025-06-03,0.8996044162577038,0.8333764149592646,0.8136604174218154,0.8387811434576662,1.0966661651128597,1.1926806450242218
2025-06-04,0.848721316661858,0.7792884005988574,0.7535799957716917,0.817059856539707,1.0342088024868386,1.178090983817249
2025-06-05,0.7806478358963216,0.7428899969104026,0.8148236112667456,0.8750066418095344,1.0782289612184783,1.1569849202963347
2025-06-06,0.7609146531611737,0.7997203909416303,0.8955366496240383,0.9542733546844934,1.0811390339851905,1.1560997357783318
2025-06-09,0.8101454659138059,0.7531508877779667,0.7890992238511405,0.8957303327806992,1.0066435044760897,1.1242961586111824
2025-06-10,0.7460022419753854,0.7027230347285215,0.8240274439135611,0.9295487086036294,0.9855117583590696,1.120741609570098
2025-06-11,0.7210550245030592,0.6615184472695701,0.7990438620801122,0.905711998005343,0.9490340365247923,0.9443897338793243
2025-06-12,0.6884135546657676,0.6865426832171463,0.8726888863008488,0.9779166795141548,0.9511120844671856,0.935419421147627
2025-06-13,0.6558186266737875,0.6453483640246692,0.8742949036896869,0.9794751827582644,0.9571032132241319,0.9614333898205412
2025-06-16,0.8038636971943796,0.863535300662465,1.001154634169152,1.0989474583513195,1.0294902098223078,0.9608625644434466
2025-06-17,0.8275209688475829,0.8098129901849606,0.926218849673361,0.9786588421802922,0.958731937018553,0.9634416370669504
2025-06-18,0.861614720192538,0.9390732189049896,1.0383995624454214,1.028472796075137,0.9730607850336759,0.9224874492420974
2025-06-20,0.791445662126381,0.8841103812052543,1.1071454803642533,1.0887017597604103,0.9671544327747573,0.9195210258447848
2025-06-23,0.742748901454185,0.8759533385986401,1.1892907510964303,1.1612894317784985,0.9657678835383833,0.8787869562604033
2025-06-24,0.7884734299104621,0.8212832214006508,1.0582328447040616,1.1014391238898351,0.9088954808468571,0.8814190652703071
2025-06-25,0.8471425277158959,0.7732462767658103,0.916370392748605,1.017479336739771,0.8458103869670436,0.8288417616637942
2025-06-26,0.7779108690094328,0.7223606461009529,0.9708916720090498,1.0376198387985303,0.8417682386588098,0.7146701695918101
2025-06-27,0.7774844775070796,0.6812138573612377,0.8299908732660807,0.8596765732138182,0.754172294202747,0.7127968676309299
2025-06-30,0.7392115801240879,0.6414314989341559,0.8154771027734512,0.8495447612380591,0.7278059704395837,0.6731818373411839
2025-07-01,0.7041990001691464,0.5759572962577572,0.8013821713254473,0.8005745791850798,0.7400299806216305,0.6434018272799295
2025-07-02,0.6573522157035614,0.5603128325617123,0.833482373265255,0.8179770714660984,0.7823008400129706,0.6209523686146708
2025-07-03,0.6353760248963258,0.5311282761403526,0.7852538459203925,0.7761737144968328,0.7953382913340196,0.6182253722001564
2025-07-07,0.6680297356524559,0.5074712604351579,0.7273838792624878,0.7012590682643817,0.7457701062829718,0.6392110809849378
2025-07-08,0.7198005109082745,0.6531587382921636,0.7880048761889694,0.7502260549163805,0.766370068779668,0.6166981991180367
2025-07-09,0.6713648327177613,0.6344802726578913,0.8120065928689086,0.7976677189128198,0.770045445139501,0.5948838189508295
2025-07-10,0.6647144219864257,0.5998001372894354,0.7437813789654794,0.7770233040426655,0.7356920548471341,0.5966845657409859
2025-07-11,0.6275485303023386,0.5655494247923459,0.7267317790781156,0.7543634676767705,0.7209505969152807,0.6082460231141188
2025-07-14,0.6198356888283301,0.6141490716433617,0.7658437177398056,0.7860084047928634,0.7329492285664422,0.5969142614628437
2025-07-15,0.5859022527753244,0.5777877023938375,0.7860245406769287,0.7756383503926525,0.7246831549803798,0.6043652436731926
2025-07-16,0.5979902102199579,0.641142879611199,0.8707065159838328,0.8093742619166675,0.7375805701886977,0.5876466800329512
2025-07-17,0.575760866811719,0.60352961924888,0.8388031923979107,0.7841991479574608,0.7225739356494907,0.5691626252144947
2025-07-18,0.5915981882128455,0.5718183186787917,0.7683668290952519,0.7282284226925203,0.6925664986401399,0.5565011061290761
2025-07-21,0.5647579189650928,0.5642631917342156,0.7920734459371785,0.7472239511297206,0.6991435695907415,0.5502454586380237
2025-07-22,0.5400924252343688,0.5324185140211737,0.7828155527852171,0.7398012516638229,0.7037652691678603,0.5338146723883843
2025-07-23,0.5188285679835779,0.5120081523274913,0.8002941556146368,0.7537407568500755,0.743899764326334,0.5108774367676926
2025-07-24,0.5971901682555855,0.4905759844478286,0.6989186975545383,0.7062138152095843,0.6967120518540825,0.4895735670862727
2025-07-25,0.5657234051594148,0.470338719799199,0.7146247673117405,0.7550174526257883,0.7343456615383794,0.4860900583788858
2025-07-28,0.5578730601762697,0.4486977219830671,0.6726698940207253,0.7510564651210724,0.7097746407547468,0.4828802632770568
2025-07-29,0.5347271707318481,0.4429113575850589,0.3804983625616704,0.46060546940774133,0.5263164457895118,0.475478447498076
2025-07-30,0.5350024007795301,0.4854742878310581,0.43733494893887764,0.49403588297857604,0.5446483210645238,0.4814799319994258
2025-07-31,0.521720003383788,0.495979405575144,0.4896349877762547,0.5192305109174961,0.5658436648467784,0.5156530840822127
2025-08-01,0.5373852190924719,0.5339820255566291,0.5591549409747563,0.5559850008854996,0.6145584713673461,0.57627074465753
2025-08-04,0.9065528038229128,0.9336534630732286,0.6752276597531044,0.6524131085951719,0.698480093443056,0.5895344933074401
2025-08-05,1.0284363613572227,0.8768790608257798,0.4971254122630537,0.5033482677029546,0.6227996327363085,0.5723355952561061
2025-08-06,0.968418424996856,0.923035586940978,0.5467300458008495,0.5456925629087538,0.655321593195222,0.5783713546805951
2025-08-07,0.9283715066146389,0.8611463770477115,0.46069389545607425,0.4719574435612948,0.6342368806224988,0.599543039012284
2025-08-08,0.8504661649227175,0.8271724896907975,0.4869636607638991,0.4946719311725301,0.6441852999222252,0.5990827506238006
2025-08-11,0.8341530682433763,0.7751859638179115,0.40014154214488895,0.41871082470052423,0.6156448055812348,0.5888645927699799
2025-08-12,0.7756796982621907,0.7714005221765989,0.4322503864151044,0.4469765037600503,0.6623371967917486,0.5969047581737493
2025-08-13,0.8282140264847189,0.7273309009749742,0.3136564550527344,0.34416866663068213,0.5975831405197883,0.5902710859506787
2025-08-14,0.7686448622203319,0.6815540966924519,0.2832009265664296,0.3315319434293502,0.5925021866828674,0.5717913952445897
2025-08-15,0.7105529547512393,0.6483452813319808,0.3009913496501168,0.3482794122658284,0.6300583487768666,0.5714679339367564
2025-08-18,0.6744732332881721,0.664437005003829,0.3336422738597518,0.3819605571676683,0.6781859107597762,0.5713349615042128
2025-08-19,0.6313394400187967,0.6385415480676134,0.35896067026456185,0.4017572480300677,0.7198550502957728,0.5758985385196166
2025-08-20,0.6520705616816487,0.7194276517274727,0.43102665971123527,0.44892651657325044,0.775495781227974,0.5985001846307385
2025-08-21,0.6291952777885448,0.7345131991844768,0.4670520066830671,0.4805651921875965,0.8262670486306343,0.6011453711683742
2025-08-22,0.6275301075058143,0.7750398289812226,0.514479327988128,0.5259556591604363,0.842446315052068,0.621902412452395
2025-08-25,0.853013630465894,0.7345280507764986,0.35401466583155977,0.4024748705128139,0.7048494242589972,0.6270557136991557
2025-08-26,0.8143683346607734,0.7829964871266555,0.3992955634969717,0.46734629660613863,0.7295530963261645,0.629264834229991
2025-08-27,0.7622533963332009,0.7324169950729598,0.440219866997906,0.5204820587969893,0.7868967752038335,0.6268164795361457
2025-08-28,0.7068609205943341,0.6851962438081557,0.4351146306510578,0.5129078352398773,0.7621090314464265,0.6181630925978163
2025-08-29,0.6669120152931871,0.6435505746907724,0.4247817522258893,0.5037043615428485,0.7248036454568159,0.5916761856834047
2025-09-02,0.6905537186227703,0.7107124734708221,0.5041092481797382,0.5556237848286599,0.7905213770533559,0.6043583931519106
2025-09-03,0.7354833456842729,0.8273170681173002,0.5823069615943862,0.6430097601915723,0.8216636016213054,0.5981406877740857
2025-09-04,0.7089567726956069,0.7730813380763155,0.5337975904477952,0.6165498893743154,0.7730961687730248,0.5961090510619502
2025-09-05,0.7322375095497679,0.7262055740016196,0.4617867154509491,0.5462367435948323,0.70014866539332,0.6235816313538673
2025-09-08,0.6982215907499614,0.7458575552568941,0.499233323904173,0.6095315086081026,0.7146657445176681,0.5980687687426384
2025-09-09,0.6538694808703167,0.6976658435282872,0.5086592408058906,0.6193291378530913,0.6963449040279059,0.5981299389557813
2025-09-10,0.6159585029198609,0.6540065861196722,0.52087454587417,0.6302698390313726,0.6805789971357818,0.606550523404328
2025-09-11,0.5873879102528378,0.6148487616697091,0.5248365583425659,0.6344287454958677,0.662018369030613,0.6024879951465627
2025-09-12,0.6406857904436303,0.5829843900075545,0.453138345464659,0.550870718523016,0.6328341454495022,0.5986013988004383
2025-09-15,0.6040517283902135,0.5672888935388362,0.5011097208846119,0.5982922544658043,0.6408702108017262,0.5897112387097097
2025-09-16,0.6017164579046211,0.5376877510002571,0.4674334767089656,0.5381886714346844,0.6038351379145149,0.5887485726765015
2025-09-17,0.5772893049255082,0.546016522035099,0.5221020857631372,0.5656330480776405,0.6156850771425666,0.6099811096699129
2025-09-18,0.5562807134414559,0.5509644650205225,0.5692638931779791,0.5899642073626323,0.62649210499464,0.6126419922102169
2025-09-19,0.5554896251167077,0.5223651412058411,0.5472836366106281,0.5755886017928151,0.6002787548734064,0.5915483727374562
2025-09-22,0.5584584781760561,0.4964552653770478,0.49674070590689345,0.5290521574693601,0.5729642174048579,0.5853770718855092
2025-09-23,0.5579400493587922,0.4726162200033904,0.45082943180374646,0.4850140361792092,0.5462107399603295,0.5701232292392718
2025-09-24,0.5976864817473856,0.5745392793929157,0.5025636075279997,0.5579632396223209,0.5993611254041099,0.5716621274323922
2025-09-25,0.5918912879188833,0.6155131443174089,0.5693874523274579,0.5945526703040174,0.6435130987898344,0.5901148615399224
2025-09-26,0.6082849357098623,0.6821737866254485,0.586393137171657,0.6084507649050095,0.6626958338672778,0.5938998082717336
2025-09-29,0.6106812930377832,0.6422937562355063,0.525091905976669,0.5535515105634438,0.6278037096050295,0.5956453590857614
2025-09-30,0.5825268522208144,0.604169572828541,0.5304625498587849,0.5341730398801687,0.6243532093785474,0.5926687224900196
2025-10-01,0.564242942133646,0.545515486513797,0.4983928565013575,0.5050835218889423,0.6335510590991976,0.5381371876921837
2025-10-02,0.548100889764584,0.5163792854938695,0.4694067656823054,0.4800346486764253,0.6435469099203467,0.5345469590267417
2025-10-03,0.5242499243883662,0.4882309182676689,0.4739307936412475,0.4839418613893682,0.6475037051123043,0.536402014947997
2025-10-06,0.5059769374195101,0.474985836317572,0.49585521874185207,0.5286102317243163,0.6542073299191515,0.5015715993028098
2025-10-07,0.5028483555457143,0.4520152765017111,0.4645716051319667,0.4989512951465047,0.662041470322171,0.5064793379623153
2025-10-08,0.525265211655536,0.5165786079626155,0.5065538812943148,0.5358860996698732,0.7097201009987864,0.5044613979934799
2025-10-09,0.5495754980850431,0.4917067558695626,0.44317670739377685,0.4771601322188851,0.6947960125112418,0.4951755112392925
2025-10-10,0.5497874035163297,0.534889495490508,0.5052341627564169,0.510200888897523,0.7465038293154974,0.5781880791237063
2025-10-13,1.3185318022756272,1.3760208673150334,0.6944926166944191,0.6681971091387421,0.846496894848766,0.6291034672300752
2025-10-14,1.3364429570437886,1.268949291401418,0.6599652053593813,0.6399012925744555,0.8187695262998043,0.7110484452628298
2025-10-15,1.2067534530830937,1.1982679846781237,0.6862198700350264,0.6614246530086538,0.8229069010135507,0.7611660489578039
2025-10-16,1.100217391943817,1.104054791976938,0.641592794830406,0.6560928395598093,0.8292569370717687,0.7749443473405792
2025-10-17,1.0499990428018704,1.1590051190068351,0.7037457963512596,0.73972798995423,0.8948989008129506,0.7801267439645331
2025-10-20,0.97455601579285,1.069943681282384,0.6419746254102324,0.6974748455941,0.8894764559336997,0.7819957264648921
2025-10-21,0.9751592688426606,0.9937074763459908,0.552786355087092,0.6124131521598026,0.8608459011770746,0.7792460127601133
2025-10-22,0.8888169870070345,0.9315481473180636,0.6035163936140612,0.6420016895223909,0.8995423475307954,0.7961024528115984
2025-10-23,0.8540770686524972,0.9743899841856688,0.6823680805695443,0.7194826389841672,0.9605376924753627,0.7947133868699249
2025-10-24,0.8121804878534324,0.9053202595733656,0.6314079143267893,0.6920755509132921,0.9092934318389536,0.7879312492717911
2025-10-27,0.8089649856859735,0.8449188653924641,0.6389720533284837,0.7095918292524575,0.9056025096553028,0.7958991648669046
2025-10-28,0.8768784074821802,0.7930975015441158,0.5175864158344824,0.5794254225374119,0.8031675816775601,0.7940807432672556
2025-10-29,0.8064780525271049,0.7402932237108127,0.5249199519769,0.5883232914057055,0.7774196853541995,0.802956379261551
2025-10-30,0.7425945219842038,0.6949775345231998,0.5186701027543008,0.5803446327264633,0.7451700308403547,0.8106452474337854
2025-10-31,0.8566767093682265,0.8980400327898765,0.6129370674544522,0.6897620394744707,0.8249808989309596,0.8219846855221616
2025-11-03,0.7935426355633123,0.8083820930551284,0.5853881896618391,0.693386872310749,0.8354177762016254,0.8285555408521592
2025-11-04,0.7331544898004864,0.7545183022131642,0.5557205252282713,0.6317792200457818,0.8262478801840125,0.8794097094568005
2025-11-05,0.87297334974104,0.9674582956190788,0.6812261537976171,0.7220313522583498,0.9163265700607073,0.8868368277162617
2025-11-06,0.8074922123570425,0.8984972005118694,0.6836652778711994,0.6924927848218084,0.9277081038584272,0.8991523206094207
2025-11-07,0.895265775145006,1.0632629237854712,0.8032449018132388,0.7983876137034233,1.0057136840077485,0.9344955510595336
2025-11-10,0.8191180957944636,0.9830051924210392,0.807961198237753,0.8410662227337361,1.0405466292855319,0.9056645747546472
2025-11-11,0.9783166255592436,0.9188849710359716,0.7639998266411028,0.8376706788579407,1.0455313733208655,0.8769989782784043
2025-11-12,0.8927641299763969,0.8542529296156124,0.7341568587554691,0.8453910334168754,1.0574353608750156,0.8141216883223676
2025-11-13,0.8170704838317419,0.7976975149460191,0.7841557226589668,0.8910774389885289,1.0953084570437601,0.7923197258067003
2025-11-14,1.063581327711523,1.1248080919454182,1.1939493722103398,1.2725929826983946,1.3249139036381694,0.8303062547160283
2025-11-17,0.9656328847995896,1.052945202829092,1.2634791702680426,1.285025012407203,1.3661276721512279,0.852631964167617
2025-11-18,0.9824516777796404,1.166245956354235,1.3867587575801323,1.3249864210723608,1.4309809820403891,0.8757444377909487
2025-11-19,0.9787429185280332,1.246228078876597,1.5012681515047457,1.3567905847198847,1.4226450769053198,0.8938633077930166
2025-11-20,0.900125881015881,1.147764713000819,1.5156183792269895,1.3083601731726293,1.4057548210905404,1.0017421425859714
2025-11-21,1.0764190146280956,1.378676033912135,1.611239623473107,1.3640363006067302,1.4075910920617536,1.0415554274439722
2025-11-24,1.04921607477442,1.2686398380948338,1.461293583897316,1.3198063044751187,1.3227019850157709,1.0505528857519868
2025-11-25,1.118220095690639,1.173411852091798,1.320133292176504,1.267818635276755,1.2496584514453624,1.0668724716184468
2025-11-26,1.074942503311893,1.0858282061299356,1.171573996668774,1.1997724072852265,1.1648009644596828,1.0711175205676766
2025-11-28,1.0075915802702025,1.0063217194699592,1.0395798369734839,1.13308472826098,1.1418970362705099,1.0614790349706396
2025-12-01,0.937561112096354,0.8986632221432194,0.9697928083073398,1.0684551574321552,1.1170363502099139,1.0602085264862728
2025-12-02,0.88708175448033,0.9331975574267292,1.0579514720519847,1.152030123492576,1.1719938807400676,1.05185791207211
2025-12-03,0.8138692002522104,0.8673220140001866,1.0778847957175886,1.17047031136859,1.1918488776796725,1.046343516340423
2025-12-04,0.7579387556792313,0.80876299794619,1.0921375100904305,1.183665808834876,1.1526722104987326,1.0060166935563009
2025-12-05,0.7021873851670322,0.7547117456067292,1.1492934403712327,1.2359966943078213,1.1630433969826734,0.9983248261478368
2025-12-08,0.6562826351808689,0.7063747175897434,1.188210702665107,1.27164279078426,1.180489625183173,0.9906326091389898
2025-12-09,0.6378011129714262,0.730604304236961,1.2742598901328899,1.3493197137807138,1.1757616982640864,0.9552555960067872
2025-12-10,0.6051157221626197,0.7119166198133847,1.3506403600138104,1.4175928381357652,1.2201030652817018,0.9407095546760528
2025-12-11,0.623036689276202,0.6697490772178194,1.3204781868213828,1.3907022239331455,1.221317234539891,0.9484428292450576
2025-12-12,0.591487357325122,0.6295279443278894,1.3567535877323733,1.3590984579211756,1.2492375387313872,0.9606438778018144
2025-12-15,0.749855473798191,0.8352750590371422,1.489081380235744,1.4477934893495314,1.3124491357618195,0.9527277972896848
2025-12-16,0.7026183759254193,0.8182240876418221,1.5714896348608973,1.4451459470647054,1.2912504390989508,0.9041643266053832
2025-12-17,0.6728912167516884,0.8258192594784525,1.6611312374329312,1.4472846747099861,1.2733662821348248,0.8789557293175345
2025-12-18,0.8089123684176379,1.0067365632803111,1.7156284028670348,1.480363134840075,1.3353889398291956,0.8729676502459566
2025-12-19,0.7974773381755899,0.935891922481388,1.6473561508800774,1.3900188160364446,1.3373688094669982,0.8554961552305168
2025-12-22,0.8133754926195079,0.8729755364198415,1.5087614305958366,1.3562656737340244,1.2652064578135174,0.7132755277391783
2025-12-23,0.7831070098196982,0.8150995688807923,1.415333965901373,1.3464935530418456,1.2103892986661733,0.6523162835107084
2025-12-24,0.7404153952473417,0.7621642041895512,1.344457657782702,1.349882252017435,1.1651139348669801,0.6261622251477754
2025-12-26,0.6963538356794863,0.7138497015180635,1.1463058611010293,1.2318716163559036,1.0672780455983244,0.5815699381919845
2025-12-29,0.651210088992137,0.6829004120541027,1.21684191608174,1.2354823591882083,1.0567012183886615,0.580046191888183
2025-12-30,0.6403072171258861,0.72055882760736,1.305849608300644,1.2830431714187187,1.0855693356060105,0.5786264786051648
2025-12-31,0.6092377127870853,0.7094473390149969,1.385022905161299,1.3358783588751062,1.1241527077557223,0.552635651512283
2026-01-02,0.6753216017468608,0.7961758648968016,1.4987945060887982,1.3699882781473998,1.1239527918383379,0.5710228656060109
2026-01-05,0.6333150359966802,0.7436343299095128,1.4724706052054213,1.4118135503468248,1.1361272265349398,0.5729395845288415
2026-01-06,0.645253708638864,0.6982901819467099,1.4092327894442558,1.3932318017257834,1.0996569726706082,0.5675494067302681
2026-01-07,0.6438145696957203,0.6569009292819474,1.3746167663582969,1.3812588565946664,1.1116295185250165,0.5674850086386909
2026-01-08,0.6299946306522923,0.69040166414876,1.4008331940538052,1.4582944029016984,1.104350298170377,0.563418710821119
2026-01-09,0.5953556966194058,0.6614753880799327,1.4744724949356693,1.4494164863254158,1.091869859911321,0.5697832006345604
2026-01-12,0.615330459224547,0.6237890856389502,1.446690775268255,1.3601313468009453,1.0482628832396101,0.5748418963403337
2026-01-13,0.5824762917220598,0.5872665122635874,1.4957741131722435,1.4050912766206842,1.0310132858081742,0.5590971823695311
2026-01-14,0.5676200513379986,0.6035163527898902,1.5783080868284176,1.4775639540535959,1.0775814500902963,0.5582153548112528
2026-01-15,0.5953913474341899,0.6774473260937057,1.597673939148804,1.487047265104961,1.128220924284392,0.5511945404175321
2026-01-16,0.5705994775048855,0.6365525712431295,1.550637588868296,1.4443293839439741,1.1093070658255428,0.5365895417039652
2026-01-20,0.5493657505745582,0.6261373077187431,1.569831720457118,1.3938268794559308,1.0797769119182188,0.6433505136256895
2026-01-21,1.0525081589305023,1.1175534660572404,1.7574601898154592,1.4681591719089806,1.1000630386210761,0.6449128181680301
2026-01-22,1.0566442645954528,1.036392715628127,1.5795906178413301,1.3411608355121427,1.0948600516803713,0.6605170107239484
2026-01-23,0.976724292572931,0.9610611965929804,1.3767778524442025,1.230199745287006,1.0730234252040074,0.6511896513383129
2026-01-26,0.8900747681856446,0.8972108761215437,1.2877061682410222,1.2127858220245809,1.0477512821841022,0.6524374762373288
2026-01-27,0.8344033357555033,0.836119186379079,1.2191885605194785,1.1545715146125726,1.0112976995051104,0.6543393986383959
2026-01-28,0.7785716575323204,0.7806267450904999,1.1199388557725058,1.1072079673181157,0.965846100010056,0.6582352943506687
2026-01-29,0.7206707341623992,0.7430685786034472,1.1661723452634973,1.1267281265320943,1.0093030738298623,0.7146463367383673
2026-01-30,0.6811400667158884,0.7439176217312247,1.2394072512083507,1.1980102514924627,1.056698975944504,0.7340058219666147
2026-02-02,0.659411099321649,0.7381419141300952,1.2613989087485165,1.211355335075365,1.105548078172124,0.744607372126069
2026-02-03,0.643229427609208,0.6927689744139466,1.236007862316328,1.153200204565439,1.0648351737986588,0.7695632566858277
2026-02-04,0.7229251615865181,0.8331627408212327,1.3041067248063598,1.1915063108109414,1.1253119399221305,0.7884068671398329
2026-02-05,0.7149136085204889,0.8802937463123888,1.4029950690220931,1.2128986253124887,1.178287277534485,0.81595500343559
2026-02-06,0.8744610126944118,1.0867581844464054,1.4701441260365313,1.3266382740426614,1.245918375005934,0.8422659330879878
2026-02-09,1.109217759490203,1.0118240381946184,1.2222995434202013,1.1897058134587162,1.1321188095703991,0.8499535995776889
2026-02-10,1.0195348450382902,0.939407576178266,1.1582874779553,1.1378261010567023,1.088731492812608,0.8481625088987966
2026-02-11,0.9395132404661506,0.9327603276615531,1.182154996689922,1.1530771965272013,1.1377765853171364,0.8572024994609384
2026-02-12,0.8598346069867138,0.8830319274739129,1.2541559681090164,1.1576007479286448,1.144579903156691,0.8819901073857951
2026-02-13,1.0508373098949124,1.1606768353998596,1.4119061018510601,1.287484057857826,1.1615158987405327,0.8830386146300613
2026-02-17,0.9550510758301052,1.0711227610294445,1.405410272044526,1.3391451031523198,1.1413095672397784,0.8951256163142969
2026-02-18,0.8726217441816527,0.99136924799937,1.3733304443028715,1.3277051874206023,1.1158571767099832,0.901479054967148
2026-02-19,0.820065494397108,0.9211319491233972,1.231025469617637,1.2047982157514223,1.0816986563869164,0.8293829457941456
2026-02-20,0.7701275171362255,0.9164035814098652,1.3164934454127686,1.2209225549525402,1.1303605358477915,0.8165180449056567
2026-02-23,0.7618856149742772,0.8545674534901199,1.2786562658002643,1.1975161631508253,1.0766687763961063,0.8209683826140846
2026-02-24,0.8478044093412853,1.012557273589666,1.3587047313842646,1.3052375642984229,1.0846533022178477,0.8308957257948484
2026-02-25,0.824910727124521,0.9409690690621688,1.248167526686459,1.271719961430115,1.0326947622109914,0.8329772300547267
2026-02-26,0.8240436736839205,0.8771107759596423,1.1350965229739063,1.1635790158078894,0.9781027736031374,0.8535356420162692
2026-02-27,0.8062159752993631,0.9335704406561124,1.045661453207106,1.0876654764861857,0.9266421984121974,0.8758856940192709
2026-03-02,0.7816161634154095,0.9371470955699532,1.0795847911922902,1.1196771156205219,0.9100305318346545,0.8685284869422327
2026-03-03,0.7233113297426985,0.8730172855538356,0.9835794578715333,1.0365740231997684,0.848710130471321,0.9511155198664916
2026-03-04,0.7878992474086769,0.9975584006007572,1.0648297847165444,1.1177435092794497,0.8719365867197701,0.9531626576396576
2026-03-05,0.7737519003982677,0.9273561348373858,1.0253639162281862,1.0313523800792843,0.8328944066660254,0.9420069554797614
2026-03-06,0.7661339000447368,0.9784868545141542,1.1235340991460572,1.1183084254368092,0.8429081446282743,0.9528242452210915
2026-03-09,0.924147456059723,1.1839463383107307,1.3161604640821196,1.2768439258317552,0.8793892512007079,0.9872104234027728
2026-03-10,0.9083284406382536,1.0947165431297,1.2112821630925097,1.170942201271092,0.8393974541052511,0.98059718060337
2026-03-11,0.8383377925788493,1.0527903868965545,1.14470103650683,1.1148434546020072,0.8159212208680396,0.9835572839885116
2026-03-12,0.7768132375175109,1.0089932205304046,1.2212628938125065,1.1423512754115137,0.8183984073082771,0.9888566022853204
2026-03-13,0.9899475097050908,1.2581005537067769,1.3709604723251205,1.2131419871485887,0.842054848910233,1.0068040368290496
2026-03-16,0.943380248385434,1.2730769394697163,1.4031211831211816,1.2968427410980035,0.849365891590145,1.0219287379526123
2026-03-17,0.9466533067025288,1.1746271688195,1.2629748003424712,1.180460163597803,0.8096098304237545,1.025087155781865
2026-03-18,0.868251823408689,1.0844610167170348,1.1740770433610237,1.092453102227615,0.7778189620578216,1.0165234633069609
2026-03-19,1.0148400507318611,1.2933676986465912,1.2617473056770365,1.156437959221674,0.8009973497209576,1.023643254386764
2026-03-20,0.9345244525044536,1.2451128409060408,1.3442166674641571,1.1696770851647507,0.830541461799086,1.0426978610879856
2026-03-23,1.0700431691325876,1.4390389498565983,1.4238408608912743,1.228169333604168,0.8762422850091793,1.1137066386931045
2026-03-24,1.0527196159216126,1.3222237346868255,1.2740874526496189,1.1177233036880525,0.8325528738366692,1.1131916374282247
2026-03-25,0.9732028517034266,1.286907931390529,1.2978105622268432,1.1374455367334286,0.8508579842559321,1.135113860664835
2026-03-26,0.9098669981502808,1.1854943254038124,1.1680920035551472,1.0402062228771305,0.8101852571984982,1.1507739624302449
2026-03-27,1.1515863351219933,1.468713632209796,1.2743185471679224,1.1197962400953227,0.8427760317065629,1.143517756476618
2026-03-30,1.2906455710354614,1.6893834806961794,1.3713960742806095,1.1916466804634311,0.911794091450159,1.1682882032712911
2026-03-31,1.177761908314509,1.6109122628252954,1.3940776706982152,1.2063578464744613,0.9569323423706473,1.1876452774692787
2026-04-01,1.586391652763932,1.438128126257202,1.024710999585723,0.9292293091533063,0.870153229520264,1.1226377053906549
2026-04-02,1.4520360731973296,1.3207003516656275,0.9182905981304956,0.8467281957392832,0.8228867302919493,1.1750147620395364
2026-04-06,1.3063660951259466,1.2147654160399757,0.8012033600257572,0.7542513637867277,0.7741072089311442,1.1570830995431058
2026-04-07,1.1899154414189796,1.1212590963203015,0.7219755434240167,0.6905142568225425,0.7339585646750273,1.1530295070741012
2026-04-08,1.076864584924384,1.040647345740213,0.7307294885131204,0.6976068345501911,0.7325016853801122,1.2322680648488118
2026-04-09,1.4173821217088258,0.970390736225623,0.7584394462215723,0.7204886784816333,0.7393887038024813,1.2268321953488677
2026-04-10,1.2927011365070695,0.9026561212296154,0.688863776505276,0.6640692403257022,0.70409590040959,1.2182850675764836
2026-04-13,1.1683222972435103,0.8638478436262668,0.6198799789170325,0.607230144158254,0.6759050107758758,1.2245038927839969
2026-04-14,1.1224138913740265,0.8076635139974482,0.590696597553986,0.6008656731045083,0.6904243302927876,1.1964157339582568
2026-04-15,1.1235417127824718,0.7574933514820391,0.5650854470991334,0.5949952199700703,0.6730153979646927,1.1649447743086776
2026-04-16,1.0610800414075976,0.7110545867909865,0.5277600787144023,0.5601369149970609,0.6478356510447266,1.151323846317883
2026-04-17,0.966891910489024,0.6676244917371649,0.5083938291962282,0.5501486536038724,0.6559402471308532,1.1516740280573858
2026-04-20,1.00083380769392,0.6304726425765688,0.5222887497462665,0.5470429719862901,0.6491004784511276,1.1438400403247608
2026-04-21,0.919960863996754,0.6426217849485163,0.5438714764438258,0.5534177141545942,0.6476534834113472,1.1286164636856637
2026-04-22,0.8981813340325576,0.7461967164975146,0.6254759579866506,0.6541379076159897,0.683581914155868,1.055231971218808
2026-04-23,0.911045693786484,0.7013529130454892,0.6063342536571633,0.6567649168709843,0.6649604681826196,1.0660240504184726
2026-04-24,0.8579247313709821,0.7430948362679488,0.6334457491476209,0.7109680213463232,0.6734751364290367,1.0362210913006826
2026-04-27,0.8405478026745348,0.6979700780198741,0.594799637232375,0.6680407037134737,0.6499712705698231,1.0173547394206153
2026-04-28,0.7747382409847838,0.6555626188925145,0.5601548728712346,0.6094719312279346,0.6159244893334807,1.0210931899171796
2026-04-29,0.7568504654247858,0.7220364818179319,0.6484586025031313,0.6612263386440126,0.6414383261625788,0.9750170599044452
2026-04-30,0.703489767975662,0.6916625764982027,0.6998881831577958,0.676984554324522,0.6474797811478907,0.9283571213070227
2026-05-01,0.7590306102676548,0.6255515337821697,0.6549248873673007,0.6396860764693799,0.6270947279495903,0.9204233689453886
2026-05-04,0.708959954818479,0.5901039970341022,0.5964822839424596,0.5873643046256717,0.5985062302141613,0.8516432503005029
2026-05-05,0.6885187147767389,0.6383272480774428,0.6154751528180483,0.6108628024281286,0.6052989494578829,0.8526322758942719
2026-05-06,0.7108702636961395,0.6030792585491768,0.550247983326786,0.5831690346910936,0.574931585251525,0.8295813764293497
2026-05-07,0.8579466858420758,0.5723731041257012,0.3979745675523814,0.44319508417883097,0.49768709662996546,0.6304208663944064
2026-05-08,0.8060787576344135,0.610473411503797,0.4359847839555353,0.4776443061708219,0.5168669270581777,0.615006869323178
2026-05-11,0.8063699707324118,0.5777142923714531,0.373032928133785,0.4287844658338,0.479056077039891,0.6195766715500827
2026-05-12,0.7472239526956336,0.5462618415825499,0.37350249543893893,0.41033699966878495,0.4682768983311286,0.6201314873696249
2026-05-13,0.7014026550467529,0.556898978508761,0.39942939144300277,0.4331885043233907,0.4812703485959626,0.6320115711967629
2026-05-14,0.6848611063561013,0.528040167533431,0.35598993933574824,0.39233201805011453,0.4572470940113886,0.6305773455820198
2026-05-15,0.7058302817171068,0.5021616485468544,0.321904991843136,0.34850440447155157,0.4300900697313909,0.6678783539047893
2026-05-18,0.854619805129848,0.761712412083891,0.45100045105570047,0.463835869131043,0.4985792050141953,0.6715970650449214
2026-05-19,0.7889256741754612,0.7378501025883432,0.4396383720388926,0.45343003639184826,0.4927659900200845,0.683662715317482
2026-05-20,0.7955069719651479,0.8314934005362106,0.5402447949819404,0.5400001330922537,0.5393417240678045,0.6794002683008598
2026-05-21,0.833702743322923,0.779059958023951,0.5258408544693008,0.5277674300107917,0.5329915496637974,0.6851304073353031
2026-05-22,0.7697220185195378,0.7295245187951502,0.47731671905959,0.486172058957551,0.5108482817051215,0.6566674759804771
