Date,garch_fc_vol,egarch_fc_vol,sigma_v5_h1,sigma_v5_h5,sigma_v5_h21,rv_target
2016-07-01,1.526445108390536,1.2611533551426892,1.505764441202068,1.3782953336336012,1.1460229917431815,1.2835579446524568
2016-07-05,1.31902924676614,1.160114883402848,1.3633474290698038,1.2718496599500122,1.0993874462506676,1.2804024001701355
2016-07-06,1.1982248069782715,1.2458674521615722,1.3788752171666765,1.2839250513611729,1.104770731290682,1.2880289640107885
2016-07-07,1.0809272384193418,1.1048938801421926,1.2531115952077994,1.1878920114498779,1.0612574205147962,1.2941798303093883
2016-07-08,0.9592184909126176,1.0589564415321615,1.155216732459977,1.111823311734347,1.0255689540323616,1.310718742264693
2016-07-11,1.0764774667081582,0.8521074195848292,1.056608170265246,1.033969754363379,0.987798874701328,1.3103551477973336
2016-07-12,0.9648313399376496,0.7838773307230638,0.9708010475875142,0.9651154793541591,0.9532325161365675,1.3079220876922313
2016-07-13,0.9193103460417592,0.6827159099680411,0.8946616193697301,0.9030634682968252,0.9210452825442288,1.3016663403055562
2016-07-14,0.8315813977077066,0.6732770298933914,0.8304163493950718,0.8499360992629705,0.8926277462858118,1.3039076607330984
2016-07-15,0.797967390403914,0.5999905148607352,0.7701889213303368,0.7994313704293685,0.8648057556742127,1.300953965742258
2016-07-18,0.7420476186435773,0.6231172583978427,0.7425102086160692,0.7759760511813035,0.8515962481069954,1.279690309496775
2016-07-19,0.703277613902707,0.5856310622410659,0.6919871356900036,0.732735047539384,0.8267279500853904,1.2775593021747804
2016-07-20,0.6698699289401331,0.6030026774769173,0.666331756811729,0.7105537425545507,0.8136961152724994,1.248880830784037
2016-07-21,0.6639756044826015,0.5508426392661152,0.6235551433892035,0.6732109216829794,0.7913042227184963,1.2495115111505628
2016-07-22,0.6648456794445786,0.6337655667771773,0.6612719935707911,0.7061605865432148,0.8110919466839641,1.245723503852854
2016-07-25,0.6642268490822307,0.5756078499577235,0.6189786865712004,0.6691881594040571,0.7888565867747404,1.2323354094462513
2016-07-26,0.6532021053134157,0.6313789531090013,0.6349126463699388,0.6831709700835241,0.797333770650651,0.6816336763945265
2016-07-27,0.6300956478429487,0.6187091007678964,0.5956329063440272,0.648578634038218,0.7762030754629634,0.6511901942522291
2016-07-28,0.6167963024395932,0.6341984883155415,0.5806691499426003,0.635289879616567,0.7679409331221262,0.6008488350680364
2016-07-29,0.6047239583436363,0.6132278013918193,0.5429005886985726,0.5998521129178717,0.7403368409333971,0.5611085634806708
2016-08-01,0.5719598282036998,0.5834575817166533,0.5121362787601157,0.5720456616319308,0.7223943419076039,0.5369156789574369
2016-08-02,0.5681784415074953,0.6006990466899275,0.5004046811249012,0.5613610529593355,0.7153878604010161,0.552948074545966
2016-08-03,0.6498298602795235,0.7483813551712284,0.6130579505241321,0.6622012020972703,0.7791602271603547,0.5423224900595629
2016-08-04,0.6291651720230096,0.6958837634866349,0.5753848885703408,0.6288972017662315,0.7586530953376945,0.5539102307946884
2016-08-05,0.6049250633742033,0.671543866635328,0.5415661218215555,0.5986528677162087,0.7395704161902381,0.5400230437541437
2016-08-08,0.6879736525544444,0.5658196962621121,0.5103285504904204,0.5704027771500698,0.7213206369788908,0.4990339715241871
2016-08-09,0.6483728518299388,0.5795913665879544,0.49420338255294133,0.5556942588665782,0.7116459018553213,0.4923878069986645
2016-08-10,0.6179667868370033,0.5717036136628141,0.46805276413751584,0.5316489315595225,0.6954002356453542,0.4661135286857418
2016-08-11,0.6128848790492005,0.6264639646686245,0.494117731633971,0.5556158913952615,0.7113708859823098,0.4640064331872197
2016-08-12,0.6235999773707135,0.5648854997082258,0.4676032482209869,0.531233471868074,0.6945540815909026,0.4425043704867843
2016-08-15,0.6039944351064487,0.5845921956451752,0.46078298307258253,0.5249203891066931,0.6896053612215679,0.4315761592152584
2016-08-16,0.5971497286842704,0.5475739308537276,0.43742238112498133,0.5031630628767614,0.6740646551699464,0.4323084441844281
2016-08-17,0.640388907214342,0.6697931640805362,0.5278679029647372,0.5863025853957793,0.7289528109921541,0.4386081430132634
2016-08-18,0.6156277100944803,0.6376951406927476,0.49849229875883044,0.5596139618980652,0.7111864809109979,0.4361729237629131
2016-08-19,0.6003604765680578,0.6040147820580356,0.471798852468859,0.5351069940604268,0.694541214259526,0.4338296375482016
2016-08-22,0.5915997790635724,0.6331055033277843,0.4764756478069372,0.5394187809636949,0.6975027913909267,0.434433805847687
2016-08-23,0.5787695756871325,0.6294084843819572,0.45285428960702007,0.5175577275225638,0.6828743340539177,0.4346874953608002
2016-08-24,0.5736167388994624,0.5993195146094903,0.43027271786329535,0.49645956679468695,0.6684633595596963,0.4325845735406006
2016-08-25,0.6248120256853494,0.7142059009167215,0.5205856017569097,0.5797115226423066,0.7243585764437594,0.4222761711323444
2016-08-26,0.6039856384701475,0.7160306654400006,0.5053043201868056,0.5658280420128406,0.7154594100248262,0.4501950795516604
2016-08-29,0.5975136887139689,0.7430797636871124,0.51071658717443,0.5683122876017949,0.7122962365734988,0.4450179184282085
2016-08-30,0.6177319327942008,0.6672754722468974,0.48220618028219503,0.5423614369523544,0.6952825779754569,0.4451922458606541
2016-08-31,0.6049812585298266,0.6942817943621585,0.48924484052327616,0.5487941245109491,0.6995213995916946,0.4300083017718941
2016-09-01,0.5511179531084142,0.6439632951153976,0.5205671627409184,0.5772296218431613,0.7180068322056796,0.4432546390962337
2016-09-02,0.5309524911953828,0.6233064595025887,0.4915832689140406,0.5509464792572603,0.7009039561887995,0.4149721462356716
2016-09-06,0.5505431779064165,0.563986098996643,0.4648787861494813,0.5265110996787644,0.684621292677704,0.419605287401701
2016-09-07,0.5440293525342382,0.5233249386671484,0.44073231476127284,0.5042040958430715,0.6694251475134892,0.4218483592188088
2016-09-08,0.5260508990195508,0.5159844581273606,0.4207482144527487,0.4855715681986492,0.6564788985934346,0.4219728502299067
2016-09-09,0.5285408621208582,0.5590926146466144,0.4469340651812205,0.5100535593739308,0.6733460285416737,0.4697866968036763
2016-09-12,1.279079559145729,1.414665992812184,1.2603566956243595,1.1857301306332857,1.04133670098575,0.517937833293837
2016-09-13,1.284382385844247,1.1754669145376857,1.1472516243909125,1.0983937440707052,1.0009224658358913,0.5544825800770267
2016-09-14,1.316224394904588,1.4300588766338178,1.351987311386351,1.2552759069825574,1.0724646776963165,0.5725964158298648
2016-09-15,1.1359039677990137,1.317209183965953,1.2354284861143052,1.1663689303767448,1.0325600953991882,0.5903761344221155
2016-09-16,1.0863360525697756,1.1273641078227048,1.1258424088556727,1.0813711170311127,0.9930276049750094,0.5883555696318086
2016-09-19,0.970290924412221,1.131940024277731,1.1042990257281442,1.0644272267373451,0.9850048576477433,0.607488629080469
2016-09-20,0.855150666642976,1.0522573329748512,1.0116739516789943,0.9911302250009025,0.949349630591824,0.6155561798212202
2016-09-21,0.7637544798505371,0.9843615032386912,0.9300515762067975,0.9255538816295709,0.9163395731969785,0.6382398095169088
2016-09-22,0.8592017389440821,0.8284749682291384,0.8569181151137505,0.8658887879340434,0.8853073975610251,0.6470154502494488
2016-09-23,0.8151636777037138,0.7322402986496325,0.7925141707315151,0.8125558311862938,0.8566820670076168,0.6437243408498443
2016-09-26,0.7844941531654177,0.8283871649981164,0.8456328881378363,0.8565988736678648,0.880370362673434,0.6494214341720067
2016-09-27,0.8168809285277647,0.9776290836259384,0.9498270477545394,0.9415347334875742,0.9244532134819161,0.6323400378140486
2016-09-28,0.7823551296020897,0.8646002613455278,0.8808763919342978,0.8931725021196385,0.9157813962047896,0.6459692829566119
2016-09-29,0.7379639680925023,0.7758029882735515,0.8154152967468128,0.8387841257879467,0.8864586611779252,0.6615179130519223
2016-09-30,0.8101019264026877,0.9587981595947036,0.9475145171276395,0.9477743651099568,0.9430321975348815,0.6715371878472643
2016-10-03,0.8112997580920096,0.8314656985470072,0.874325441303703,0.8877647809589171,0.9095004292321298,0.6646405434839328
2016-10-04,0.7495542522134241,0.8467249442731726,0.8560544054350571,0.8726037661852466,0.8993761445601418,0.6663742003758528
2016-10-05,0.736788766754555,0.9209065571371176,0.8948364570343215,0.9044977274433204,0.9142605129618847,0.6671680538132779
2016-10-06,0.7070586074990521,0.8320166928630781,0.8278701647503659,0.8483364774180263,0.8829529473841243,0.6696604562252604
2016-10-07,0.6613911535335365,0.7894735027749563,0.768630572286437,0.7976299585434675,0.8540624127767281,0.6809151005120115
2016-10-10,0.652156545843469,0.8324461709355121,0.7830076105520076,0.8083829928152483,0.8590594061948235,0.656121917804466
2016-10-11,0.6587162894687599,0.746067883356683,0.728175908744451,0.7611268184079117,0.8320980017494559,0.6420090850429618
2016-10-12,0.8659311507825123,1.0356575752970445,0.9645942130056536,0.95670132513959,0.936160157986179,0.6139507919664066
2016-10-13,0.7807777455772543,0.9630715872439158,0.8892837706385045,0.896215798275186,0.9054900989791952,0.6372542225469032
2016-10-14,0.7351602968770357,0.9811739784740556,0.8854825783104809,0.8941702016161687,0.9049909137849848,0.6339496116120071
2016-10-17,0.6818857488687381,0.9231145914023412,0.818453491239734,0.8400170524442385,0.8768196344453357,0.6305279501246478
2016-10-18,0.6669267261793854,0.950621864371819,0.8268675768334973,0.8480255832641916,0.8816985688437114,0.6376928215672583
2016-10-19,0.6858003168890304,0.8410437316802998,0.7669244656368251,0.7979282826539196,0.8549127370480609,0.6277595192523315
2016-10-20,0.6539168993898267,0.778051321177767,0.7140364423655375,0.7528537743294126,0.8301144078018876,0.6112177237136555
2016-10-21,0.631395016487917,0.7877520697146632,0.7029334446298423,0.7431403966420865,0.8251348961681906,0.6059495922466164
2016-10-24,0.606727311601107,0.7523190451373422,0.6569743317780057,0.7023462106751158,0.8024416962237805,0.6112000914038659
2016-10-25,0.6146619386922226,0.6834601259027724,0.6153521103128076,0.6642257198228098,0.7810671860928445,0.6046322515034668
2016-10-26,0.6191403355906392,0.7368658074486039,0.6451481234815896,0.6885854187933784,0.7971613025681167,0.6139890874608731
2016-10-27,0.608115775984419,0.7541868298148685,0.6407659685529562,0.6814764770784236,0.7893777651439096,0.6023612343419983
2016-10-28,0.6067221873745556,0.7841366308888038,0.6531103255442148,0.6906766169945902,0.7961975830521375,0.597077522933858
2016-10-31,0.6089644548882973,0.8170895589761811,0.6692302861498285,0.7037964688347688,0.8052685662343458,0.5789199930267824
2016-11-01,0.5687080034673219,0.71658738929418,0.6247650286694605,0.6654993443384414,0.7835129714915331,0.6126642394694025
2016-11-02,0.6539271228888794,0.856508060659167,0.7387677899204126,0.7631308441758194,0.841972328801151,0.6109475409799663
2016-11-03,0.6812921524245689,0.9438154802869853,0.8093473101704869,0.8230576852261158,0.8761519311409283,0.6095102003347564
2016-11-04,0.6751204378299482,0.9840351824594732,0.8401167632584877,0.8503947689866563,0.8912216862131045,0.6136829780039742
2016-11-07,0.6360990605675451,0.9416168823386776,0.7978471421844753,0.8174124251308923,0.8732203173778943,0.6340565274134987
2016-11-08,1.1494358448555202,0.7277941300383712,0.7375942033737612,0.7686754911581305,0.8459129309774958,0.6419214701361803
2016-11-09,1.0174630733030243,0.6597741945305654,0.6858297481367108,0.7258643813023251,0.8212267712932165,0.6842229858494207
2016-11-10,1.0089099986883134,0.5552297338427482,0.6395471448542938,0.686523130056544,0.7979118790167951,0.7146275768111991
2016-11-11,0.8939400272301817,0.5203913383346346,0.59934983013267,0.6513706300594307,0.7765262936828545,0.6895516799677484
2016-11-14,0.8075096383553356,0.5606441807846015,0.6087602560081936,0.6597217166428105,0.7816556777572462,0.6854897213311112
2016-11-15,0.732624755910139,0.5387340634912526,0.5719491667983169,0.6270795036410688,0.7614198930973983,0.6861549433961756
2016-11-16,0.756098575491298,0.4659646206602323,0.5380768332936555,0.5966943427066853,0.7421213664685963,0.6667955336115158
2016-11-17,0.7003886549143618,0.5014743242362745,0.5450469493764303,0.6029770718186439,0.7461507957004787,0.6653988590690633
2016-11-18,0.6874575338256671,0.4514303769697412,0.5139780103137486,0.5748586993293261,0.727959536916507,0.658942339870082
2016-11-21,0.6523341172942507,0.4970180255725149,0.5307298280650466,0.5900571121228512,0.737845864679117,0.6548095997141493
2016-11-22,0.6980146385882289,0.4298252919834203,0.5007835799538782,0.5628209235273368,0.7200422092101068,0.6519968249657697
2016-11-23,0.6541094669561974,0.4101082689093888,0.4741112692297825,0.5383033893792006,0.7036579388801698,0.6524770235603287
2016-11-25,0.6175181880153302,0.4032177285137124,0.44997376419010693,0.5158930276931262,0.6883637405636713,0.6352880798116659
2016-11-28,0.6107034028342904,0.3718229901827551,0.42667739931653015,0.49360591379394425,0.6712424465647711,0.6338259303813657
2016-11-29,0.6286004852668666,0.492074021590424,0.5073945312349328,0.5683356763542572,0.7219791257263277,0.6220975338658968
2016-11-30,0.6034542849371153,0.4672409153488804,0.4800226155454541,0.543262818440741,0.7053318997279406,0.6298174557395146
2016-12-01,0.6012969446769602,0.5046547881400854,0.5034210235728495,0.5647161359182771,0.7195939693012788,0.6000337559140696
2016-12-02,0.6110657266003481,0.5823092919066878,0.5519378124482164,0.6086190695444388,0.747987846715307,0.5905345034493444
2016-12-05,0.5887532703212583,0.5619399175155656,0.520540176691548,0.5802959965655786,0.7297892328146537,0.5933616014511831
2016-12-06,0.6254227614077807,0.4968967135334529,0.4915844861472257,0.553892081700691,0.7124331467219779,0.5868672366542739
2016-12-07,0.611407390414738,0.4610778747391734,0.4655441914797402,0.5298977333849091,0.6963112593448392,0.5623969262545572
2016-12-08,0.8177771354244374,0.3520763236615645,0.44093093655649757,0.506988043975242,0.6805852325531903,0.5466483029951089
2016-12-09,0.7460260680116202,0.3330602208521089,0.41944898039632955,0.48679770007653234,0.6664385118427949,0.4567880476858421
2016-12-12,0.7316135712445853,0.2856079142597151,0.3994767773758726,0.4678531822096951,0.6529045131919876,0.4062556502658294
2016-12-13,0.6799982321806076,0.3199191010211715,0.4044123560935097,0.47255137079118037,0.6562855136054786,0.3950598647107662
2016-12-14,0.6972115420280549,0.2683716282102388,0.3856457341023941,0.4546313562269524,0.6433015576904019,0.4150170043545298
2016-12-15,0.7613154636559272,0.5428123355213276,0.5680871381287131,0.623069906857972,0.757120100343233,0.425607674888154
2016-12-16,0.7175513464340472,0.4950196567133554,0.534817563335219,0.5932144715176578,0.7381452881972542,0.4263945888409183
2016-12-19,0.6746065190560179,0.5317442727730265,0.5435890663759082,0.6011185979014326,0.7432130424247732,0.4270624393169643
2016-12-20,0.6391648801613496,0.5013891888255941,0.5128279086102286,0.5732909803569389,0.7252263703630035,0.4262517728675652
2016-12-21,0.6279232321351109,0.4593743594238256,0.4847821915281718,0.5476470070021493,0.7082741837106804,0.4213082590607599
2016-12-22,0.6182790002420283,0.5195448649390817,0.515855700293288,0.5760383072843017,0.7270242673165771,0.4174840083673746
2016-12-23,0.601965078596095,0.5485722646758502,0.5218263014304112,0.5814566867579005,0.7305512284351762,0.4118190690895524
2016-12-27,0.5841152785331256,0.5228979583619917,0.49316755560331593,0.5553382809457456,0.7134006394626929,0.4129192450050097
2016-12-28,0.5771049615337633,0.4907073660665295,0.4683525420256308,0.5331320861928711,0.7006808190704154,0.4177072514966403
2016-12-29,0.6895072820099523,0.6998384811630151,0.6347657564315153,0.6827636139558292,0.7962553325223791,0.4158514269796289
2016-12-30,0.6459369588273861,0.6772287000124166,0.5996946452168743,0.6519124552514117,0.7774504443928273,0.4204034917556503
2017-01-03,0.6325267148998832,0.7180619412159628,0.6373981410289571,0.6850711196595577,0.7976452597939996,0.4442860089898741
2017-01-04,0.681850719529239,0.6379518160753852,0.5971651762898368,0.6496750241914935,0.7760700669341535,0.4423068671303622
2017-01-05,0.6831891135343916,0.576952977126361,0.5610581759546736,0.6175288445688816,0.7559782919608027,0.4385252172578379
2017-01-06,0.641126431089266,0.5787114154640157,0.5442280466655461,0.6024141144730903,0.746356926128289,0.4463168569901902
2017-01-09,0.6236236214555032,0.5387975367402854,0.5134116543969116,0.5745098330195931,0.7282826115514331,0.4314126434471599
2017-01-10,0.6186471205587106,0.5980760370824091,0.5528192686529337,0.6101400468225192,0.7512895155846365,0.4340185594571976
2017-01-11,0.5919184273859164,0.5818521793411654,0.5215194090446142,0.5818801281353582,0.7330973220109246,0.4447946652411076
2017-01-12,0.5820926467258153,0.546564145178662,0.4928921299276778,0.555755859181644,0.7158960681757566,0.4653925565652421
2017-01-13,0.5809060467466779,0.5874894696293945,0.5174794961169517,0.5782100274508766,0.7307033894199197,0.4576960173967574
2017-01-17,0.5704973747964047,0.5551611254191222,0.4892743259026013,0.5524345649997809,0.7136812692851353,0.4356408801427589
2017-01-18,0.5852036257817508,0.6175993796070758,0.5361114106326855,0.5950930069275038,0.7416550302123435,0.4235559266320967
2017-01-19,0.5729832612712724,0.5828507485966112,0.5061817285364328,0.5679179672048085,0.7239518518434518,0.4240995548716116
2017-01-20,0.5894127391631451,0.6461543756287595,0.5551984775737694,0.6122751492365393,0.7526480546814026,0.4331093494009792
2017-01-23,0.5884265685366027,0.5988947117006285,0.5233365157342637,0.5835291549529574,0.734171048915741,0.4420612522608254
2017-01-24,0.5862473490069036,0.6361196924060679,0.5467905912715357,0.6047201342984723,0.7478333917047186,0.4502237659472166
2017-01-25,0.6274466910400285,0.5723904872333738,0.5154738128988482,0.5763860238508699,0.7295119862708225,0.4574222078021624
2017-01-26,0.7008579026430865,0.5010321470315185,0.48687158817823123,0.550226539122643,0.712206259766764,0.4594048833195777
2017-01-27,0.6552092317906889,0.5153070823130803,0.4820098228262981,0.545752050564357,0.7092059264291607,0.4587777165555071
2017-01-30,0.6247813665689889,0.5392272356125916,0.4863401225441642,0.5488620384793258,0.7083570613811412,0.4736610399893607
2017-01-31,0.6670194596918767,0.6675139218714418,0.5959601533325911,0.6475744292808221,0.7715756167589463,0.4803512082458174
2017-02-01,0.6124676448060766,0.6133484719228752,0.5619764219186496,0.6173655716891868,0.7527563717652438,0.4746938922506949
2017-02-02,0.5818966106467488,0.5892917533291369,0.5295868617867451,0.5882551927758641,0.7341959016654566,0.4482049458206933
2017-02-03,0.5596017777224437,0.5659232327044497,0.5002361619502287,0.5615883380379442,0.7167999555938656,0.4605438213401483
2017-02-06,0.6144027643648854,0.50811422703082,0.4730268485548958,0.5366054979335938,0.7001366014439591,0.4558960132079317
2017-02-07,0.592167363628626,0.533535891610604,0.4843154149330055,0.5470017978329456,0.7071154516562483,0.4477236776141772
2017-02-08,0.5673657317227261,0.5203314645799985,0.45918023900083477,0.5237894778073273,0.6914429641219433,0.4492674659878222
2017-02-09,0.5502775181037156,0.499232138673667,0.43617065446727754,0.5023319061785088,0.6766539331260477,0.4462211525655867
2017-02-10,0.5895276744043817,0.4526691075878472,0.4147431258735889,0.4821592608897618,0.6624693319087823,0.4397038548597585
2017-02-13,0.5859919161838943,0.4213555221009408,0.39532820702020155,0.46371302299496003,0.6492457309034483,0.4156405221252404
2017-02-14,0.6047212971763043,0.3837118878944767,0.3773972265856553,0.4465262875862733,0.636694343982822,0.4210717133424977
2017-02-15,0.5972767950414296,0.3571370838213076,0.36106717397176297,0.4307411155565585,0.62495924605031,0.4159142232387902
2017-02-16,0.6088572048177477,0.3251983827233267,0.34593194466121213,0.4159916944439685,0.6138048995746426,0.4199049673412694
2017-02-17,0.5823268148188412,0.3459928520425724,0.34931159288743,0.4192953829003756,0.6163195441817589,0.4191821135007451
2017-02-21,0.5619972847413369,0.3364183401355686,0.33544044298311715,0.4056965816743618,0.6059051469152928,0.4097131285383651
2017-02-22,0.5976121339965642,0.301592052409922,0.32223398466067416,0.3926519735727442,0.5957548864948269,0.4010389413128574
2017-02-23,0.5743102828029043,0.3246748032226647,0.3282556018760664,0.398611827401714,0.6004112226209068,0.4034503711682806
2017-02-24,0.5541144845504106,0.3219940062566723,0.31608872671115695,0.3865482893918537,0.5909491146903358,0.4023591701066626
2017-02-27,0.5406417821825791,0.3157748003195903,0.3047798229466671,0.37525772937343327,0.5819634564257254,0.401826054621141
2017-02-28,0.5320678920491806,0.3080944867801912,0.29427628972255826,0.3647014364330657,0.57344324144775,0.4051205576105792
2017-03-01,0.5195310960646472,0.2186241113576306,0.3401450355672235,0.4094098647866934,0.6052684628227138,0.4231501918365564
2017-03-02,0.7882707547117787,0.0973271250595482,0.3256771158380635,0.3951837743724783,0.5943041765781744,0.4168854324567337
2017-03-03,0.7768801671040121,0.1839633484722695,0.4628806642398096,0.5260515608325425,0.68900285326374,0.4071966498992554
2017-03-06,0.7018101128208917,0.1867849709467936,0.43939526486587155,0.5042301009998147,0.6740783296044319,0.4134596924663498
2017-03-07,0.6637749833165342,0.2247520282806486,0.47903996030599627,0.5409458614144419,0.6990171296619074,0.4023618543016927
2017-03-08,0.6356753964795442,0.262749805450103,0.5147984668428132,0.5735785683383183,0.7205044888838289,0.4044928811756134
2017-03-09,0.6035117786270366,0.2897732201256503,0.5232157965279202,0.5811978211147473,0.7254349147793023,0.410312447712483
2017-03-10,0.5697468999136235,0.2851194179956369,0.4941651858957205,0.5548025345050179,0.7082094745900941,0.4301538977798175
2017-03-13,0.5595089690337434,0.2521675326338393,0.46759419309833944,0.5304059979440909,0.6919119175092253,0.4243038655885109
2017-03-14,0.5362838729385899,0.2574054338176357,0.4437000097270553,0.5082457481344507,0.6766976752803305,0.4285877724978758
2017-03-15,0.5568258336925658,0.3039066095245027,0.5018625606384829,0.5618235021380592,0.71231300563564,0.4408905150495276
2017-03-16,0.6463724229305249,0.215599856234776,0.47411538399683767,0.5364161332197624,0.6952937267166512,0.4381654606581776
2017-03-17,0.612407174876245,0.2434154588423265,0.48876352143491286,0.5498619872499426,0.7041959496251037,0.4340511154137366
2017-03-20,0.5854423352448492,0.26936146905208,0.4976605403196991,0.5579921247292072,0.7095196844677547,0.4292048284853348
2017-03-21,0.5607560950337959,0.2892739426395211,0.4924126156113684,0.5531999582316429,0.7063743235696803,0.4551603434045874
2017-03-22,0.8153669195337333,0.4404455728215031,0.7896260719861353,0.8123725057985655,0.8615821029096844,0.4613512610405031
2017-03-23,0.7362691555797809,0.4224733714799507,0.7334435354972545,0.765022590265928,0.8352841065127348,0.4703551003735315
2017-03-24,0.674454975143352,0.4430555108019246,0.703751436234787,0.7397267302736142,0.8209268821873479,0.4743202959427299
2017-03-27,0.6255120226912687,0.4606517179162501,0.6706713827572719,0.7113086412191324,0.8045039991400249,0.5149892784517007
2017-03-28,0.590084153598396,0.4810270367939915,0.6468364739029542,0.6906709615368075,0.7923834811669219,0.5307340006451411
2017-03-29,0.6351959082701177,0.403381559411608,0.6051909551546215,0.6542661628274691,0.7705419918081442,0.5307329421904495
2017-03-30,0.5929695854147842,0.4040500143967646,0.5752227016850934,0.6316708276158235,0.7679732248619092,0.4967577915037022
2017-03-31,0.5731519832751945,0.3753230306331269,0.5417695873732451,0.601613887868088,0.7489255371161536,0.4954740969140395
2017-04-03,0.5662132280029809,0.6024012678207983,0.557917056750631,0.6161537487490439,0.7582944695641547,0.5132633374999589
2017-04-04,0.5530854787625799,0.6168044118292744,0.5604139303430309,0.6183409557721932,0.7597777076164587,0.5057115372959761
2017-04-05,0.5338529716672021,0.5925866667547965,0.5286034200869683,0.5893790504826837,0.7413877640286728,0.5318059000474216
2017-04-06,0.5429104369095146,0.6309097490460678,0.5596493193523759,0.6166255600543836,0.7594470888278111,0.534372288759067
2017-04-07,0.5354526018085374,0.5939297647782714,0.5277121210095495,0.5874629756805018,0.7409573213200716,0.5327282471452497
2017-04-10,0.5256830689635865,0.59609629893927,0.5187422822269604,0.5792278681882174,0.735685897560653,0.5207426896146315
2017-04-11,0.5138079411153753,0.5739214811495653,0.4907834944894651,0.5536625914712685,0.718814104296808,0.5389926276747773
2017-04-12,0.5112051237278432,0.5809320654343959,0.48847632262233404,0.5517558282229014,0.7175620708813774,0.5349990741008879
2017-04-13,0.548994669368876,0.6478750658462555,0.5542825477791907,0.6121580658006713,0.7571736021130745,0.5342179576103058
2017-04-17,0.6161984934364237,0.7503059575298848,0.6618339276124213,0.707621176096118,0.8160706044702462,0.5399141448343615
2017-04-18,0.6851311141778066,0.6714650836974639,0.6191779526696338,0.670452262263222,0.7934819063911811,0.5479442470592542
2017-04-19,0.6525963568892853,0.7021761531545512,0.6407747708708932,0.6895618790561892,0.80500335452342,0.5571251858634186
2017-04-20,0.6177346619585852,0.7087911360521338,0.6368314415289844,0.6861497517794586,0.8029493261253902,0.5458106897228465
2017-04-21,0.6699538723162337,0.637503279626771,0.5968754424782002,0.6509495729807085,0.7813964847002878,0.5419800360919172
2017-04-24,0.6435643238680794,0.6754528751984034,0.6252604409642467,0.6760271938917867,0.7968247261024433,0.6250062324332513
2017-04-25,0.7552623154917686,0.5932344237779807,0.586232676869325,0.6414890739543637,0.7755219195319724,0.6188758345676655
2017-04-26,0.7251497178345218,0.5440162532399819,0.5514819788000583,0.6103740104763641,0.7558500977291605,0.5842537200819916
2017-04-27,0.6663643783312007,0.5435539197698162,0.5326313201546772,0.5933437175212054,0.7448780643543704,0.5715389901264954
2017-04-28,0.6190557855572596,0.524513278455901,0.5034106349848252,0.5667196529255296,0.7274168712531284,0.5691638082911026
2017-05-01,0.5882529205652138,0.5015661281347075,0.5171611236502652,0.5776976454180358,0.7295217775203547,0.5693948507244415
2017-05-02,0.5638385703007378,0.4860839686117735,0.4889241696569776,0.5518982264138852,0.7124995358291911,0.5672974322185075
2017-05-03,0.5390540450522864,0.5008787483495833,0.46346369312258007,0.5283975548595776,0.6966541773657918,0.5546124323520139
2017-05-04,0.5265703475006519,0.5260933525940159,0.464101572527478,0.5289895317652605,0.6970603913157648,0.5571740870206131
2017-05-05,0.512072006180354,0.5308658850334386,0.4407853888493739,0.5072625791716323,0.6821162601042271,0.5317644010187911
2017-05-08,0.522240518153866,0.4957812026536106,0.4192507853286197,0.48700670671250307,0.6679026096309245,0.5257059667268642
2017-05-09,0.5092752001008477,0.5141973306212677,0.40313227767831683,0.4717184224155153,0.6569843547288344,0.5222120661229678
2017-05-10,0.5030980943114828,0.5377331683718614,0.40317506955231985,0.4716959467239221,0.6570180746276338,0.5158525733749105
2017-05-11,0.4971735150694369,0.5334367779252032,0.385031426430564,0.45431305692394897,0.6444213459331513,0.5113109989128243
2017-05-12,0.5034610876271417,0.5645591229030491,0.4100011420257951,0.47814722294979106,0.6616813326335717,0.5114047380992112
2017-05-15,0.5044010711560265,0.5937769812245192,0.4248519660289249,0.4921967065836719,0.6716608634933176,0.499225498194465
2017-05-16,0.5410410145197846,0.5377659718152413,0.4045398633123596,0.4729671061353026,0.6579673410229482,0.4923162071991938
2017-05-17,0.5262015097620328,0.5616864315688124,0.40436122299692595,0.47285179616139583,0.657885275189936,0.5066811161993259
2017-05-18,0.9633538614186172,0.7053647116330245,0.9392425171686705,0.9387677328671192,0.9377715401496468,0.5128914220533144
2017-05-19,0.8653179316050812,0.671275072147838,0.8668533506056495,0.8794600990796491,0.9066692354118404,0.5073670725388015
2017-05-22,0.8160235927217506,0.6028315196060117,0.802393016565468,0.8258686208696953,0.8776789414778129,0.5052147123795284
2017-05-23,0.7602619395871762,0.55295350532519,0.7451331373103188,0.7775876753181838,0.8507720596666519,0.3853553911052192
2017-05-24,0.6936807379171893,0.5427754086407977,0.6942566263207838,0.734105727297871,0.8258395259152738,0.3778252308989426
2017-05-25,0.6426104213548337,0.53068439724846,0.6486800601113779,0.6946458072481989,0.8025879228314381,0.3731342467863355
2017-05-26,0.6265650463052904,0.4840436425277944,0.6075235179760508,0.6585696878568803,0.7807687538493807,0.3703599262986288
2017-05-30,0.5873228041825734,0.5025022145498477,0.574808807336748,0.6295673664108621,0.7628052663965819,0.3727449255590309
2017-05-31,0.5602348405274175,0.525523439096434,0.5606313995475597,0.6185456919199019,0.7611087611797897,0.3762006841619936
2017-06-01,0.5339149222335212,0.4928000545852719,0.533574742871449,0.5941469651253044,0.7454430233460063,0.3835187240439813
2017-06-02,0.6119383974297028,0.4154309098826154,0.5036031269205666,0.566850613951307,0.727542077618589,0.380353723495527
2017-06-05,0.5871407396118412,0.3912111162962205,0.4768110174972253,0.5421914841656066,0.7110087516544619,0.3733260088615397
2017-06-06,0.5586516897242632,0.4090107225724408,0.46701367574736313,0.5331093625842472,0.7048282817993787,0.3785647636292586
2017-06-07,0.5603859652934284,0.4401971313744192,0.5092669561155172,0.5720352149723368,0.7309784237542726,0.3822813899403672
2017-06-08,0.5389069404784507,0.4351121225638613,0.48209551772977105,0.5470776339953562,0.714317784519414,0.3829384532458201
2017-06-09,0.5201602307204731,0.4473251401716285,0.4575032161968687,0.524260370756905,0.6987621566175919,0.4196281483886046
2017-06-12,0.5150283103651552,0.4702027017416288,0.46511104740774245,0.5313417675194382,0.7036271872492507,0.4078160596822716
2017-06-13,0.5040419018327649,0.4866148662412358,0.44600617944536514,0.5135151153837344,0.691326049949126,0.4078643198696415
2017-06-14,0.5310562001603799,0.4443542969352468,0.42417810657123983,0.4929715690436097,0.6768909480750125,0.4182483876171183
2017-06-15,0.5209112310418884,0.4658676175448755,0.4296903356812515,0.4981771989531022,0.6805778889467862,0.44683317485705
2017-06-16,0.5191465177654734,0.4911948114809537,0.44828264123913486,0.5156450355571972,0.6928126535125988,0.4262240279636017
2017-06-19,0.5060703526808521,0.5057658073391343,0.42668871072024245,0.49534055931777804,0.6785778581307561,0.4111539522428798
2017-06-20,0.6043355193828538,0.4243060570301621,0.4061970132525614,0.4758981004102596,0.6646776948340094,0.4023189207245866
2017-06-21,0.6558240628073939,0.4752935675277762,0.5423054279359146,0.602052058043988,0.7505777347799722,0.4063794352913039
2017-06-22,0.6082815232221285,0.4920056051186313,0.5169596162612478,0.579057836507251,0.7356209666335629,0.4073042199850169
2017-06-23,0.5731782620531689,0.5100566708061093,0.4979334518788495,0.5616605867254036,0.7241131097786668,0.4086388792549851
2017-06-26,0.5460011645250469,0.5147438097224231,0.47185089344837156,0.5376068381209406,0.7079146195053829,0.4144374351574016
2017-06-27,0.5253382772060615,0.5266706103857377,0.4481550755461186,0.5155350883264417,0.6927399531898133,0.4233298701583263
2017-06-28,0.639898197719723,0.5862651115987515,0.6128165774364818,0.6650185236126938,0.790179796487427,0.4357814480127056
2017-06-29,0.7019880682108882,0.4979260321444513,0.5744675891756649,0.6305067932061913,0.7672942336741141,0.4752136248583702
2017-06-30,0.767018130392941,0.561345459015764,0.7368256554699526,0.7720483127326293,0.8519708168850535,0.4767218254376513
2017-07-03,0.6897947851403899,0.6637521766902754,0.6871510479927754,0.7294253778335421,0.8273255724234205,0.4834775244918842
2017-07-05,0.6339452107104611,0.6323289358667268,0.6426391454696364,0.6907422611685834,0.8043487475030046,0.4894393502797337
2017-07-06,0.5941888171947008,0.6002069219571847,0.6025718274152241,0.655493844706965,0.7828644075439013,0.4966864709802579
2017-07-07,0.7073277751758914,0.7460358890711583,0.7695046054298407,0.7997974342253824,0.8676639911944173,0.502791910559109
2017-07-10,0.6968158758206222,0.6853705783176465,0.7159604001794009,0.7542144281442126,0.8417411331741557,0.5024938764588048
2017-07-11,0.6377769594979007,0.6553732026271512,0.6685349967117665,0.7133074814356083,0.8178251211145616,0.4850633574051881
2017-07-12,0.5948424789728891,0.6473444692569609,0.640191503308529,0.6886025133974485,0.8029130820351185,0.4866163731589749
2017-07-13,0.6385983128604558,0.5893569857272611,0.5998975523078756,0.6531260481402708,0.7810335944741832,0.4843568389049859
2017-07-14,0.5947112622025394,0.5633931987798043,0.5641064002112612,0.6212401321407611,0.761090316477438,0.4812250851410155
2017-07-17,0.588214498662326,0.5247712883533121,0.5314888062203015,0.5918516998091314,0.7422752780364836,0.4536997040262587
2017-07-18,0.5553299438889723,0.5163186484438577,0.5046902888068072,0.5674542430647297,0.7263112973825542,0.4536267648884313
2017-07-19,0.5299551101313144,0.5010072869627817,0.47798633114042377,0.5429014995324514,0.7098382568117397,0.4471142734697761
2017-07-20,0.5546306392805864,0.46294031516286,0.45323853965058725,0.5199182640292901,0.6941282335148454,0.4453993986448322
2017-07-21,0.5294598522034057,0.4514424158576643,0.43112873771681043,0.49918652661952234,0.6796899651312972,0.4476528837696619
2017-07-24,0.5149354021041768,0.4599981737590985,0.42836760409024494,0.496583820110424,0.677869709860157,0.4472326967642654
2017-07-25,0.5015286213501489,0.4576291490774785,0.41311739583959173,0.482151221469675,0.6676261188656992,0.4479501390488083
2017-07-26,0.4974822374906338,0.4366120934346776,0.39425145336640605,0.464158298108992,0.6546415095709807,0.4387182690523816
2017-07-27,0.4881405674970943,0.4311925211849232,0.3771703098646184,0.4477287137049081,0.6425716865836878,0.4549798486516357
2017-07-28,0.4854153136094127,0.4416538474241855,0.3798188886693736,0.45028519682583623,0.6444768539497878,0.4473628907850217
2017-07-31,0.4850797584942305,0.4554444810347158,0.3833691626505107,0.45212942420297253,0.6401507251639144,0.39994613605313
2017-09-01,0.579587647927792,0.4811192972535442,0.5581861883457829,0.6153617687899013,0.7559093217140487,0.4863336752393441
2017-09-05,0.547478509449523,0.474713565241543,0.5263223011749546,0.5866252663375183,0.7374527977346518,0.5070273098824014
2017-09-06,0.6234389622148291,0.5502586224256781,0.6549764119846151,0.700868050532442,0.808494631537769,0.5145219642616555
2017-09-07,0.5930617569887868,0.5144470551621064,0.6134507146263303,0.6644945913499627,0.786527671160463,0.4989528409322587
2017-09-08,0.557162708134207,0.5334821527269182,0.5786706805856787,0.6336761541985275,0.7674564519803515,0.492181501630856
2017-09-11,0.53463928603363,0.5611000007972136,0.5676488716264085,0.6238383332733751,0.7612747504311099,0.487286040224165
2017-09-12,0.6768092093082679,0.4280838212608127,0.5340415441678303,0.5936173123991924,0.7419840885400998,0.4839010456074586
2017-09-13,0.6330584755027091,0.3910804683638244,0.5042721081090618,0.5665503484830791,0.7242998524117115,0.4662551553874979
2017-09-14,0.5869944620771108,0.397661512610257,0.47751548681616673,0.5419679348791118,0.707881567273572,0.4665158694943037
2017-09-15,0.5530916316249308,0.4159687204433939,0.459355554703124,0.5251376996017305,0.6964324939019925,0.4621778523315143
2017-09-18,0.5273529064416412,0.4092977213514124,0.4365409907354742,0.503816346311861,0.6816705526826938,0.4379044221562013
2017-09-19,0.5116945891950023,0.3904278646480871,0.41563596937905795,0.4840965868420149,0.6677464332088164,0.4207592707828337
2017-09-20,0.4958008265328306,0.3886291994034695,0.3966124172754002,0.46599049876470366,0.6547183428599573,0.4217471987063089
2017-09-21,0.4838051006704872,0.397100256068199,0.3792322201660251,0.44930640636892316,0.6424951598394681,0.4116596354459799
2017-09-22,0.4957669599046687,0.4339395263726677,0.4187293273870819,0.4870262472331296,0.6698318422145368,0.3970777031106688
2017-09-25,0.4839509395433764,0.4460485924560721,0.3995196335786752,0.4687678981032796,0.6567318617581823,0.4015859598078842
2017-09-26,0.4885970046674181,0.4788379278959111,0.42329373148240484,0.49134152829603467,0.6728923882663717,0.3922884093784788
2017-09-27,0.4784814607237029,0.485331288326049,0.4036607051202251,0.47271752942226214,0.6595854952098391,0.4020216905009842
2017-09-28,0.4934414655481184,0.4415727473344226,0.3818658081091976,0.45038220284887404,0.6379091379429349,0.3649465698399415
2017-09-29,0.482856618585745,0.4377565566116422,0.36535513449235996,0.43447300516868587,0.6261607328272969,0.3591932504651258
2017-10-02,0.4788604698977655,0.3453268689738439,0.3499629563682841,0.4195204473474983,0.6149278456189254,0.3438637452037286
2017-10-03,0.4960523279754489,0.3235649642982429,0.335712339857479,0.4055672633973274,0.6042699029741236,0.3410908623971134
2017-10-04,0.4851930886458026,0.3095549614561109,0.3227719624064139,0.3928011047168621,0.5943623787610555,0.3081414713600566
2017-10-05,0.4730251742437358,0.2992159373913224,0.3109051627074532,0.3810100012007028,0.5850724578097642,0.3021814842647559
2017-10-06,0.5196245921654353,0.275710134280183,0.2994812245713408,0.3695794594548189,0.5759330572677791,0.3045216659850203
2017-10-09,0.5035696138040935,0.2971134475906368,0.3124196163035341,0.38251942129568167,0.5862694386911135,0.303752498066262
2017-10-10,0.4957336036717502,0.3270435358346543,0.33519148275505284,0.40505520221111563,0.6038756155912973,0.2889618089609064
2017-10-11,0.4885572983972825,0.3113559911323701,0.32224457281468394,0.39227880228134737,0.5939538750622434,0.2883486114891718
2017-10-12,0.4767571608295484,0.2997654680318189,0.31038148850446273,0.38048774949785646,0.5846577008142835,0.2886870170658922
2017-10-13,0.474930222978105,0.3263653716205366,0.32987183489374755,0.39981692795441537,0.5998258492281908,0.2878238531459852
2017-10-16,0.4655798750223683,0.3149186557583534,0.31746434648714256,0.38753739099582113,0.5902316096434091,0.2882130536074331
2017-10-17,0.4591022330853488,0.3038204045492599,0.3059820193819789,0.376093579652555,0.5811557482423215,0.284737800344631
2017-10-18,0.4532134293667344,0.2952618302815633,0.29540877663231424,0.36548482786475206,0.5726236032927159,0.2854983510990673
2017-10-19,0.4492567953567745,0.2863828674800972,0.28557841453181904,0.3555578028199326,0.5645308709427738,0.2909341505066184
2017-10-20,0.4462512855557498,0.2812259631170394,0.27651630490655543,0.346350169077211,0.5569265112797075,0.3081782680654481
2017-10-23,0.487542160580048,0.2609211600491957,0.2676305186455895,0.3372669574124389,0.5493287032318178,0.3109828584849293
2017-10-24,0.5135004797295364,0.3420109928096096,0.34803074692446634,0.41763455265277605,0.6134953356241585,0.3001846101087901
2017-10-25,0.4959850831772945,0.327994085577257,0.33417159295438503,0.4040519551522421,0.603099910426447,0.328194055422744
2017-10-26,0.5389077269658662,0.4258616577176047,0.43318842372591243,0.499046915534559,0.6726514796249009,0.314819187672995
2017-10-27,0.513284547194351,0.4076419180597062,0.41160530935166045,0.4783053036098562,0.6565752424255882,0.3364090591262841
2017-10-30,0.5955069509798586,0.370915945865067,0.39190803973459365,0.45959697145114947,0.6431730771311643,0.3605325607743864
2017-10-31,0.587100207913884,0.4371104103997562,0.4535092989500226,0.5175640139422528,0.683899716683838,0.3604836463974356
2017-11-01,0.5384856728862375,0.411949444929888,0.43080348621528014,0.49637975886066404,0.6692845455847194,0.371887667754185
2017-11-02,0.5091890048184142,0.3947622136743116,0.4100993034003483,0.47688093423185657,0.6555633681294797,0.3832078554536745
2017-11-03,0.4859531942697961,0.3817395752791645,0.39124858872275126,0.458967460339406,0.6427170716717996,0.382464714987317
2017-11-06,0.4833559042708922,0.3604640917498723,0.37369926708185774,0.44214555201196276,0.6304312590639521,0.3788676950403634
2017-11-07,0.4680828154111576,0.346134548469671,0.3577520811606629,0.4267313058147626,0.6189738325229754,0.3804586782096248
2017-11-08,0.4585703734843809,0.3559289608144159,0.35688431085154215,0.4258876523308959,0.6183420882606007,0.3767020112192953
2017-11-09,0.4502839060925627,0.3414250694578934,0.34227006080915096,0.41164249108200396,0.6075640695637448,0.4153347813045344
2017-11-10,0.4800865473687805,0.4105217174013371,0.4070898733290545,0.47402940244394265,0.653536305481615,0.4170061153703256
2017-11-13,0.4656717821412372,0.408713660968774,0.3945180366582487,0.4620838535959653,0.644971204923699,0.4229560562045774
2017-11-14,0.4532511670124733,0.3929753068509595,0.3769211799410647,0.4452434654020778,0.6327124891032732,0.4354808771878052
2017-11-15,0.4625759461977354,0.4304290131622147,0.4084158363395214,0.4752870228987046,0.6544321300007865,0.4518310269285501
2017-11-16,0.5151858204768606,0.520186487157092,0.4987288300251775,0.5591776934786458,0.7117931582926877,0.4665231069438637
2017-11-17,0.6006795272811304,0.4732716315344545,0.4713213179069493,0.5340440398247319,0.695072627112804,0.457150430789872
2017-11-20,0.5784607002888218,0.515921502168927,0.5068777868669253,0.56660072710211,0.7166618806504557,0.4454368310910157
2017-11-21,0.5413088573201054,0.4896912612274702,0.47934355259943395,0.5414282705479921,0.7000241300626698,0.4599567145076083
2017-11-22,0.5732409655494668,0.4509227658099827,0.4538765510617273,0.5179047524929461,0.6841350526528505,0.4586136111649322
2017-11-24,0.5392697366727398,0.4564626415802687,0.44849403327855025,0.5129017096964426,0.6807111883812352,0.4380657055571471
2017-11-27,0.5142774566045029,0.4329728795619753,0.4261598279407604,0.49202120931289095,0.666243555646447,0.434938126828065
2017-11-28,0.4922252830151708,0.432894482673514,0.4142919318029217,0.4801936901801556,0.6556151831107826,0.4247767757510074
2017-11-29,0.6318262742999441,0.3878794067425737,0.3940711637396124,0.46103551779217056,0.6419619907743056,0.408590441836122
2017-11-30,0.5835842565148595,0.3931281471276677,0.3883382264501092,0.4555709675969382,0.6380177197447329,0.4334002091248245
2017-12-01,0.6445776279162632,0.332199530868118,0.3704200583085185,0.4383930936128064,0.62546748361451,0.5175410766280787
2017-12-04,0.6025244229249166,0.3688702409655968,0.3970491878613874,0.46386888920123553,0.6439984827795587,0.5428077929770048
2017-12-05,0.5630201441939658,0.3866418812789088,0.4031491295925149,0.46965924160007,0.6481413078037992,0.5650200932045985
2017-12-06,0.5585104701522934,0.4490114553154363,0.46040462729916526,0.5232499679674233,0.6853704920986924,0.5660222221013032
2017-12-07,0.5228113515433229,0.4366239136397586,0.4370873704498189,0.5015843805598035,0.6705523399114434,0.5729034585575367
2017-12-08,0.5067786061911171,0.4119583670539334,0.41554865379762507,0.4813793367179287,0.6564517939995539,0.5841498479823383
2017-12-11,0.5265185732379769,0.3814026108292445,0.3956521858388156,0.4625407891948359,0.6430449609954941,0.5621128954850952
2017-12-12,0.5082792121017464,0.3608954241812316,0.3776574220527434,0.445350288593746,0.6305788549201069,0.563273138152223
2017-12-13,0.4859901609872242,0.3458860549281161,0.3612628599055449,0.4295551952242273,0.6189176754389332,0.5587506542479219
2017-12-14,0.4677371799987225,0.3456063803224882,0.34852412459573323,0.41719001472446193,0.6096432053754204,0.5510829103945023
2017-12-15,0.4988775004101362,0.4220390647024368,0.42360594704654125,0.48896029400393104,0.6617733528367964,0.5453800877598926
2017-12-18,0.5834877412812731,0.3815706630911384,0.40275644703343366,0.4692872611058676,0.6478739992293189,0.5399189975226905
2017-12-19,0.5968453731528757,0.3501398549378837,0.3838598238948606,0.45129241133798453,0.6349117586297889,0.5401622414265139
2017-12-20,0.5871509812495019,0.4209314524327495,0.4489352788521046,0.51261941406564,0.6781352594687662,0.5442810379578311
2017-12-21,0.5473281148879726,0.4228038284982164,0.4367661267406522,0.5012844172605734,0.6703425797268291,0.5313165093416407
2017-12-22,0.5174017416563249,0.4027410153574277,0.4153563193502819,0.481198004148263,0.6563212657879467,0.5345914254601696
2017-12-26,0.4922092200907742,0.4013063249023131,0.4010202113099177,0.46764042017038565,0.6466970805016855,0.5391070723415482
2017-12-27,0.4782836640822818,0.4165299540059,0.4064904391948593,0.47282417979282954,0.6503874904335567,0.5394375511680195
2017-12-28,0.4607165744399776,0.4022193738176018,0.388469058457285,0.45599845219355023,0.6394000108905249,0.5327161946150892
2017-12-29,0.4516374828341393,0.3835481523171707,0.3712123469756494,0.4394474476073646,0.6272917708508724,0.531205165147875
2018-01-02,0.4752728303703989,0.432207639257526,0.4361167610152441,0.5010098670136887,0.6712724767099936,0.5156213414958059
2018-01-03,0.5381245763036706,0.3946777383165695,0.4143535756466925,0.48057093123204053,0.6567196163459539,0.4275568800070143
2018-01-04,0.5627508744890708,0.3623703099645269,0.39453513001197593,0.4617837545368776,0.6424371915241743,0.390019718552245
2018-01-05,0.5468358662113478,0.3391204531546771,0.37657627844321256,0.44460701005947617,0.6291413431797731,0.3609225292339614
2018-01-08,0.57551129682657,0.309184493895798,0.35986766917894564,0.4284882585159977,0.6164654309973056,0.3654214242281557
2018-01-09,0.5365762578542542,0.2972192614506543,0.34495306219671074,0.4139819777232582,0.6048527888827507,0.353609014844275
2018-01-10,0.5085049260019713,0.2844256087225835,0.33117505206827913,0.4004768503654975,0.5938792302516026,0.3567695424848723
2018-01-11,0.4915457153823833,0.3134263578861791,0.3496486491847455,0.418560665911573,0.6069131400153894,0.3527584282290509
2018-01-12,0.5518866313748018,0.2829610549517438,0.3350351757790251,0.4042705965908063,0.5954732138245777,0.3549810954804543
2018-01-16,0.5761581715087821,0.2567255729549855,0.32163023525610795,0.39106004544326317,0.5847318923951158,0.3993246261706864
2018-01-17,0.5643296980528193,0.3263317914042404,0.3836701456958464,0.45140868461013556,0.6291341899170614,0.4220484065469418
2018-01-18,0.6536866751333219,0.2879779047345149,0.36611726280206836,0.4345325732396174,0.6162800099595043,0.4198317909492943
2018-01-19,0.6052580495474483,0.319610676676626,0.3847779223486463,0.45246915958055567,0.6287277121513732,0.4144663269306181
2018-01-22,0.5832139190620685,0.2978053017138785,0.36759420291221134,0.4359552509374266,0.6162238742989867,0.4207387270671487
2018-01-23,0.631866445406976,0.2655599383335298,0.35147656003550426,0.42032671002632693,0.6042063084492312,0.4173724105601753
2018-01-24,0.5823745343218343,0.2549498964455534,0.3371995482251077,0.40637796761047484,0.5932882178678067,0.4386592015633554
2018-01-25,0.5415689492790636,0.2647204160262649,0.3318198701339349,0.40109320670014237,0.5888483277014984,0.4467028011327827
2018-01-26,0.5076416880124155,0.2600875968797133,0.31923020384082756,0.3885155316556416,0.5789175294433366,0.4481233009105893
2018-01-29,0.6784998275765165,0.2193092490307951,0.3065569573470176,0.3754042563294233,0.5687347710546937,0.4628908092072409
2018-01-30,0.6957657405055624,0.3770220699840923,0.4640493508212318,0.5269477215988472,0.6739723807507647,0.5348935120557543
2018-01-31,0.7948274740027454,0.5960125148938163,0.6891653256234367,0.7246243928806363,0.7946025489629149,0.5495642394055684
2018-02-01,0.7108873585345177,0.6822433411929318,0.6448581676704296,0.6843515366314001,0.7714592538756256,0.5651606719235821
2018-02-02,0.6486784857855482,0.6616795505605998,0.6262158482157634,0.6667565315651751,0.7611419596676995,0.5990874027106119
2018-02-05,1.158616305897366,1.2498754034536286,1.1867851761925496,1.1216954101852226,0.9959451355320228,0.813591951165384
2018-02-06,2.154616935837752,2.307542890486828,2.2295601618906384,1.8736564063173617,1.298417098247497,0.9819683188987856
2018-02-07,2.0311726535782104,2.0117988737204904,1.9809310133203788,1.7018042638187127,1.2357082715080747,1.0290810816639495
2018-02-08,1.773801039681628,1.8611210928524424,1.8702394045912112,1.6240203159943807,1.206354689244928,1.0872374565597285
2018-02-09,2.2932974677439404,2.517009556299513,2.524462833160591,2.0729412895980954,1.3686158461199418,1.2978900114112613
2018-02-12,2.071019846869481,2.177217165101184,2.232335415885543,1.8755579657632462,1.2996208842239034,1.3415250412756268
2018-02-13,1.886478304254438,1.899952262349991,1.9837257564445687,1.703760357047986,1.2366616910548867,1.3536250791518236
2018-02-14,1.6317183625919751,1.6589939151954942,1.772144708597484,1.5543699692637387,1.1794101005145363,1.3635682817361183
2018-02-15,1.518130458647799,1.4716775869591072,1.5893853400210467,1.4226663830651252,1.126615817335291,1.3911486211786066
2018-02-16,1.4169467193973682,1.3148507150997346,1.4316988531264234,1.3067969142147942,1.078161202646624,1.4022396359987932
2018-02-20,1.2320267264980074,1.1738056453110062,1.2960925657268623,1.205161836866736,1.033955307115752,1.4120379253494015
2018-02-21,1.1190235219144418,1.1866375982910384,1.298412785324532,1.2069129328875594,1.0347132418769658,1.4362631177419467
2018-02-22,1.0126571286730448,1.1701753755595143,1.2746623358845632,1.1889140310403792,1.02669100643083,1.4502011435412845
2018-02-23,0.8925150410537159,1.048542681753303,1.159295276214648,1.1005705502189855,0.986506837140276,1.4553051924549147
2018-02-26,1.0304270345782056,0.9618139286921544,1.057160753316395,1.0209548166608018,0.9489353762534369,1.460514359472299
2018-02-27,1.0225155491406694,0.8829442889717836,0.9678220154474342,0.950181964720179,0.9143298779356691,1.4684635067971223
2018-02-28,1.0722709885626391,1.0959089726435964,1.1550965570843585,1.097274841729918,0.9849307767300653,1.4784697236198134
2018-03-01,1.0811916717708976,1.200574759867349,1.2617946270942435,1.1808132925655108,1.0268752218110686,1.4923175743299442
2018-03-02,1.18773228898009,1.4226043682754612,1.4498230430307846,1.3224120199507863,1.0886364287956087,1.5106998440136676
2018-03-05,1.0422515983600342,1.2562343138327103,1.3118247310032694,1.2192317670401505,1.0437779222018846,1.5218814067690982
2018-03-06,1.0363509433352096,1.126665131734323,1.1911648845769196,1.127225640390205,1.0022577814834384,1.5162364637115882
2018-03-07,0.9013585875630058,1.0064706143980682,1.0865325712801959,1.0459697087140456,0.9642298643322093,1.4286956839382083
2018-03-08,0.7897826667285481,0.9202018426799106,1.0017611695624824,0.9790561054867206,0.9318253597577507,1.3210928746329786
2018-03-09,0.7244142142328048,0.8355007969880712,0.9201525088732844,0.9135106820096245,0.8990140997878541,1.2926709248159345
2018-03-12,1.0159807067218771,0.7806028356804776,0.8468854922514709,0.8537553451200556,0.8681202903473715,1.2463898585308226
2018-03-13,0.88616239553603,0.7478033658087555,0.8070995259899407,0.8209303689408587,0.8507048451158689,1.0386553516332842
2018-03-14,0.8490297454329617,0.8449574126744267,0.8788960527257316,0.8798626992824142,0.8817464013210765,0.993989856051212
2018-03-15,0.7971469125570544,0.8918951937507182,0.9129819448305886,0.9075105236530494,0.8959785954806703,0.980253148563549
2018-03-16,0.7097390189870716,0.8387700761162011,0.8624148953763298,0.8663571030764744,0.8748300136495542,0.9507646612184888
2018-03-19,0.6348994543348381,0.7611675347613964,0.7970571483694715,0.8125457276971854,0.8463957757813508,0.943591750962008
2018-03-20,0.8949377533620834,1.0613608854172718,1.041525931118654,1.0101290279194497,0.9472450197827709,0.9265055123406412
2018-03-21,0.7839652971416652,0.950517456216764,0.9552502360982178,0.9415003701395359,0.9134232850060275,0.9296253150710876
2018-03-22,0.7054030844055427,0.9063338581387812,0.9155439773075271,0.9095333578093496,0.8972739176258453,0.9428204633840273
2018-03-23,1.392440779993555,1.5708897643584372,1.4704445038382539,1.3373417977179576,1.0951167728225464,0.9504269501235656
2018-03-26,1.594773622501666,1.8928508146520804,1.784920435772271,1.565767635389305,1.1881074682391435,1.042252538864486
2018-03-27,1.843375165886819,1.6701489425080738,1.5997086491220915,1.432239731464193,1.1346275983492766,1.0884058348208812
2018-03-28,1.7814997826848242,1.85224684355026,1.7885850925305833,1.5683847653397243,1.189244464952022,1.0951779898456926
2018-03-29,1.5229047515107124,1.6722681632028746,1.6594184716437004,1.4755885421415702,1.1524011475253306,1.1158664714333155
2018-04-02,1.4386888549493146,1.442255504230013,1.4933155346765539,1.3546725262268229,1.103583650521927,1.145255313155861
2018-04-03,1.6301058110112965,1.81551744036276,1.8102366177338067,1.5843169429866888,1.196683504078481,1.143326863195942
2018-04-04,1.5093321155168382,1.5851362194828764,1.6228634382110725,1.4495450679223403,1.1429848697078144,1.2222930499891074
2018-04-05,1.379823247622274,1.3947130386964364,1.461391495489531,1.3310630650368476,1.093919020078525,1.2253984181296766
2018-04-06,1.236968648150038,1.2350820693991609,1.3217206050731771,1.2266048880598208,1.0490690764664876,1.2697588613559525
2018-04-09,1.5295458224873502,1.6892958473726924,1.690944722084846,1.4988745287659446,1.1643024233155264,1.3028705010518509
2018-04-10,1.3311802606377496,1.474790690165835,1.5207112058566352,1.3750354578376156,1.1157847560366017,1.3257283735019485
2018-04-11,1.3485434021313158,1.3087095727564444,1.372494380288755,1.2650908893883794,1.072058726516896,1.342702021853421
2018-04-12,1.1988416391421002,1.2804976723574883,1.344590801244198,1.244202025589243,1.066390662116164,1.3339889058903505
2018-04-13,1.0970730206654489,1.1406089797037229,1.2201067337221396,1.1496423512327456,1.027005044453137,1.3364303201269774
2018-04-16,0.9714060032254764,1.0894252829815243,1.1672332284784968,1.1089406551289567,1.011112978779643,1.3420220861036949
2018-04-17,0.9202655691644712,0.980889710016341,1.0652458022721112,1.0293443273765215,0.9758150720829456,1.3502037557989084
2018-04-18,0.9327957711722118,0.8918121739332592,0.9754914091714396,0.9581155180211711,0.9429942250389277,1.3204244668819245
2018-04-19,0.820243890183994,0.8067500662541122,0.8972571440768927,0.8950796263624626,0.9128841354393324,1.3274028711339567
2018-04-20,0.7860848218529222,0.8731441143738959,0.9378289516837328,0.9279390974552228,0.9324677873178426,1.322985999083575
2018-04-23,0.8241677221337468,1.004169048261653,1.0367220418498877,1.0068439606270723,0.9750729284098417,1.2906562753988742
2018-04-24,0.7326369294692684,0.9145610726495444,0.9540033543403593,0.9410661523170447,0.943855182338099,1.3038423148144511
2018-04-25,0.9388860187750546,1.1796120281495146,1.1681860694916495,1.1097240972922158,1.0301789377821715,1.2334035848374008
2018-04-26,0.8291173284417074,1.0510322177834597,1.0665112440323483,1.030506158222935,0.9936785405758708,1.1922027614670347
2018-04-27,0.8559719584320037,0.9504560706656776,0.9766341018854895,0.9594044304814401,0.9587758789777737,1.1767975351238646
2018-04-30,0.7573697541696379,0.8567197628973213,0.8982449064281783,0.8965692563964719,0.9267500168464605,1.146064683790143
2018-05-01,0.7833551287074588,0.9356866065833708,0.975004327032931,0.9537723344483329,0.9568105429222682,1.083482155286566
2018-05-02,0.7014517760348208,0.8458771631829574,0.8956078892517747,0.892548453183015,0.9253278112197827,1.0608289169494671
2018-05-03,0.721838741367215,0.933385940972748,0.9602564109549435,0.9486814704645538,0.9553371950089454,0.9850055521112836
2018-05-04,0.6641142107230323,0.8996818961157876,0.9246100173140761,0.9239552523699203,0.9425695961265795,1.0062159509702375
2018-05-07,0.823704971129371,0.8251174792702316,0.8505388770822494,0.8667393885462623,0.91209582224166,0.9276270569693372
2018-05-08,0.7427781088081863,0.7529837764200517,0.7860659111831557,0.8157516432537196,0.8841380286109035,0.885177781200721
2018-05-09,0.6677784959838726,0.698109149152929,0.7305565968523284,0.7699300387070525,0.8582551067841049,0.8452411939964042
2018-05-10,0.7324063281182651,0.6493825182409438,0.6812113902106135,0.7276295952156332,0.8336817743539843,0.8179620775486509
2018-05-11,0.7684278721768555,0.6069119253444842,0.637243588374986,0.6891994398210216,0.8107467102490876,0.8078375210994984
2018-05-14,0.6959029896166815,0.5642777484087539,0.5982607306464026,0.6546975193145123,0.7896148945979566,0.7911906518123448
2018-05-15,0.6292059351956886,0.5246990624618464,0.5632741636437585,0.6234103465884496,0.7699851133304032,0.7906097067940411
2018-05-16,0.6758062021492262,0.6757726261176971,0.6801451245361028,0.7267882908039015,0.8336426046719815,0.7765043377572292
2018-05-17,0.6334286819277468,0.6251436429458227,0.6367665780526731,0.6888552681317478,0.8109590516699129,0.7814934257035151
2018-05-18,0.5837670527749584,0.6060557729818146,0.614248912400472,0.6689728809817302,0.7988619569157079,0.7684975737148744
2018-05-21,0.56034752302339,0.6276141395888494,0.6270404313125797,0.6794956696771743,0.8059058504648269,0.764512812234565
2018-05-22,0.6077829159071665,0.586347367852516,0.5886544147704844,0.6447239666644822,0.7848136876133593,0.7590149597270576
2018-05-23,0.5821077176857389,0.6174058986722293,0.6099075854045025,0.6624784090867438,0.7966641359982374,0.7101863452526559
2018-05-24,0.546511694625828,0.5731477757270771,0.5736331335731739,0.6300398852765484,0.775355751922251,0.6993700969024037
2018-05-25,0.5268268352188805,0.5885659948082578,0.5813333152297584,0.6369976775631078,0.7778266680702197,0.6860921008991604
2018-05-29,0.5161746638296745,0.6097817116349439,0.5944068517687223,0.6493563207822014,0.7819173626889968,0.7137788093862651
2018-05-30,0.7492571112870893,0.886566118484563,0.8264284566216237,0.849980218715049,0.8945140833703163,0.72014438330688
2018-05-31,0.886919585312688,0.8143010582345948,0.764178296369243,0.7987835611133839,0.8599866702934851,0.7007705860416875
2018-06-01,0.8444218986135152,0.8684755624349707,0.8368534506250521,0.8604818536728615,0.8893075239730971,0.6983524340088708
2018-06-04,0.8570781836214653,0.7930106631049696,0.7765210355557312,0.8097003436023544,0.8576740628996596,0.6367189716122946
2018-06-05,0.7824670601541909,0.7255502141711206,0.7231522228181471,0.7641276529531608,0.8287433132729187,0.576725438828125
2018-06-06,0.6998073994599053,0.6652018572423405,0.6757328791815387,0.7230974774709865,0.803555368107366,0.5786710279445899
2018-06-07,0.7221841778298379,0.6175807216449268,0.6324573236742779,0.6851887017039986,0.7821693014310975,0.5706485314689967
2018-06-08,0.6521529783247871,0.5836855218758306,0.596301577251933,0.653146123855286,0.7641295292623096,0.5595427960360433
2018-06-11,0.603240781177732,0.5434928437894719,0.5613428586488091,0.6218165110427826,0.7459945093371297,0.5548076222664243
2018-06-12,0.5565355424849607,0.5073539917170161,0.5298583783614454,0.5932802487935185,0.7290934900525992,0.5532157779478644
2018-06-13,0.519839741550584,0.4755790193530674,0.5013013148711486,0.5671303159663686,0.7132369469164129,0.5515466739617707
2018-06-14,0.5232680700590235,0.5330606231752439,0.540359757166527,0.6027840807634458,0.7370225087936575,0.5350801618546887
2018-06-15,0.5000279597096088,0.4989152585494733,0.5107254105349933,0.5757232933198287,0.720613584857028,0.548057554959062
2018-06-18,0.4846459525279925,0.5064020451559949,0.5089379161278953,0.5731168411428124,0.7203854010039948,0.5587709702023753
2018-06-19,0.4815178921467016,0.5314178194804742,0.5232046519509902,0.5844122001750425,0.7296198626108302,0.5983332962073296
2018-06-20,0.5074457775652368,0.5972212123206637,0.5739972860716105,0.6267002900691663,0.7594172600985896,0.5882085643668628
2018-06-21,0.4832482661279518,0.5545556081728209,0.5412424299793397,0.59423001334636,0.7416602232887904,0.5897102716131766
2018-06-22,0.5646452054336172,0.682471446583324,0.6461132709647844,0.6827911595761665,0.7998087012261749,0.5857920670808715
2018-06-25,0.5278658211866866,0.6286538002936258,0.6053677424717641,0.6452435031600718,0.7794805082146403,0.6182005273789518
2018-06-26,0.8295628105330786,0.973593657580904,0.8948284260855545,0.8847025890949045,0.920708799726174,0.6214086140153062
2018-06-27,0.7412473809577146,0.877896736308214,0.8241364744775659,0.82750799692876,0.8922243908549339,0.623887914825417
2018-06-28,0.7859438742625084,1.0002621257146893,0.9326531873678977,0.9170513293584804,0.9427661283316092,0.6212558454072166
2018-06-29,0.7384689254066289,0.9024881717673916,0.85569369234594,0.8583666065773669,0.9087223527754745,0.633347747987132
2018-07-02,0.6623039347555116,0.7944011363493944,0.7893343852774244,0.8081866898297145,0.8808841461763487,0.6450217713128046
2018-07-03,0.6060599234270021,0.7251801433072607,0.730394448491129,0.7627510285160918,0.8549461940836489,0.6532450955941657
2018-07-05,0.5913943833435601,0.7544579767637828,0.7475496761912925,0.7811309580506905,0.8655411544821224,0.6683593926303413
2018-07-06,0.6430648160335424,0.6925189474134571,0.6941341640073909,0.7377775964335046,0.8403742817820905,0.671893346323913
2018-07-09,0.684975354907964,0.6392203987554145,0.6484033097309274,0.6983662617423464,0.8168708272257194,0.6703181553794582
2018-07-10,0.7263643087696935,0.5932057782543514,0.6076196863384448,0.6624435427797651,0.79488042511837,0.668591335965541
2018-07-11,0.666944310744173,0.551684161934508,0.5713514631279084,0.6301056383830635,0.7745856376563638,0.6852854723375237
2018-07-12,0.7102790796300714,0.7109373400600585,0.6974495698653291,0.7411093773173478,0.8423488110326883,0.6959228945347925
2018-07-13,0.745188708617634,0.6552867625168193,0.6517504387267331,0.7013469692946436,0.8186054683955137,0.6946585165775012
2018-07-16,0.6691097020138385,0.604904996861421,0.6114101684571586,0.6658185524674516,0.7968870113060907,0.6902134859158389
2018-07-17,0.6126067989312902,0.5902709019123883,0.5922621564886706,0.6488012842067539,0.7862295045439399,0.6860712443446424
2018-07-18,0.5832703340624905,0.549246274718536,0.5574558373215954,0.6176034127553467,0.7664396920251094,0.6697868752905383
2018-07-19,0.5438540409721564,0.5128376585837326,0.5261332616179972,0.5892202417690726,0.7480300375762502,0.6384273078234481
2018-07-20,0.549872781968125,0.5802002161297346,0.5751134130464599,0.6334762762649059,0.7765722182299739,0.6350103515421442
2018-07-23,0.5213398957430531,0.5744347377494898,0.5643877708184448,0.6238182034912595,0.7704524765437993,0.629732367997041
2018-07-24,0.4949021174405373,0.5348156895089885,0.5324368394217869,0.5949252506519523,0.7518062893597038,0.6351641527120828
2018-07-25,0.5112853539117702,0.5009894307046339,0.5031787303320397,0.5681817658631044,0.7341528745198553,0.5924782167035263
2018-07-26,0.6008454291544136,0.4722079424717983,0.4762713118254416,0.5433356984661145,0.7173861054014092,0.5907529256100581
2018-07-27,0.5718450651576265,0.5094533204732211,0.49989854029257624,0.5651742427734935,0.7321528971026372,0.5688879036614332
2018-07-30,0.6335373429920528,0.6612944595016412,0.622824397372485,0.6759158261565662,0.8031018083962874,0.5567254700845186
2018-07-31,0.6410618987108592,0.7427549948631442,0.6923215219372613,0.7362532837012654,0.8381349888732439,0.5399206455276533
2018-08-01,0.6148852783792529,0.6578942834190368,0.6474305754965763,0.6971786915915791,0.8148291866184284,0.5167873887791804
2018-08-02,0.5754293338949605,0.6531959116630017,0.6398415803693269,0.6905246051075573,0.810798444949021,0.5264592804005175
2018-08-03,0.5750291669453598,0.6044753977257852,0.6001896097912492,0.6554919227062407,0.7892702794963549,0.503793618426168
2018-08-06,0.5571515618631335,0.5617720631320164,0.5645278660738259,0.6235619701142925,0.7690953398759496,0.4913590349168202
2018-08-07,0.5361855229668476,0.5242886931557692,0.5323344524941702,0.5944557490159934,0.7500396693604748,0.4864235275106574
2018-08-08,0.5164799796577587,0.4912970629630272,0.5031836805156368,0.5677811333580536,0.731838574717897,0.4858926833858855
2018-08-09,0.4910307756726942,0.480477549922158,0.4850573833641102,0.5510686134230557,0.7201936458136708,0.460701936260517
2018-08-10,0.4786640934459643,0.4923508487627108,0.48729968622612013,0.5531469050724831,0.7214859022093908,0.4626511754606632
2018-08-13,0.5730210357185703,0.6424568509547264,0.6100270920045665,0.6641256521669486,0.7929824660905053,0.4724284397802976
2018-08-14,0.5704227986174774,0.6883066077744202,0.6491292299632887,0.6985753750405826,0.8140032881546587,0.4802662812282289
2018-08-15,0.5886578928580775,0.6351567544312635,0.6084138217553451,0.6627611661596657,0.7921771650319538,0.4983852186469152
2018-08-16,0.6623880818381085,0.7790692825873516,0.7328579931275085,0.7711300505818449,0.8566644137579905,0.5198989160959319
2018-08-17,0.6888432033175733,0.7138425846017562,0.6835094337873564,0.72861299534676,0.8319308227014091,0.5198844778459121
2018-08-20,0.6359603625021628,0.6563972558483869,0.6396484993344173,0.690339052356753,0.8090546653029532,0.5193701094540777
2018-08-21,0.5846532903936194,0.6062990530903094,0.6003113896101258,0.6555951252664263,0.7877529091245157,0.5228344312884581
2018-08-22,0.5456987011158173,0.5627995659388745,0.5648124297532507,0.6238736509364132,0.7678160515716971,0.5047431966723579
2018-08-23,0.5142779843494261,0.546915660611338,0.5442913509640508,0.6053572823428652,0.7559741208639732,0.4990423031690735
2018-08-24,0.4956687323968748,0.5494489593802803,0.5401616044763018,0.6016129429998897,0.7535764363537844,0.4943488726656422
2018-08-27,0.5297765029961633,0.5141771903382663,0.5100349746588531,0.5741608468214745,0.735622998314558,0.4778829930180047
2018-08-28,0.5951997739169391,0.4837453724713934,0.48250299441078776,0.5487396716330212,0.7186729167504184,0.4695954934158965
2018-08-29,0.5492426661461419,0.4547392189915022,0.45665262916371613,0.5238518928549658,0.699589809285214,0.4639123932443333
2018-08-30,0.5550172265560104,0.4305086346673809,0.43396998682189475,0.5021444419660949,0.6847756849654726,0.4634158303483535
2018-08-31,0.5627429609994135,0.5163492774844058,0.4991230257925615,0.5623316362129059,0.7262816040102275,0.4401397503480058
2018-09-04,0.5213545006401307,0.4709926379050269,0.4731704135601548,0.5383439603413404,0.710151580225484,0.4477969762257064
2018-09-05,0.504112755671565,0.4922385244719185,0.48357663972356135,0.5480044978131597,0.7166325730581524,0.4530616962900632
2018-09-06,0.5034161283450734,0.5337067089345336,0.5131443602849433,0.575313087847038,0.7344951320376825,0.4640561994793281
2018-09-07,0.5076995329866284,0.5771255950202355,0.5462397140661405,0.6057752638819508,0.7521908402662792,0.4812573416542933
2018-09-10,0.496354771451991,0.5896076576006093,0.5538096258719812,0.6128910769219088,0.7528233495017258,0.488521785548702
2018-09-11,0.4738662074791838,0.5479553626671662,0.5225372630207336,0.5846652882542918,0.7306667381340527,0.4820917892975562
2018-09-12,0.4690281878099702,0.5116946813395535,0.4940995579851907,0.5586578250329649,0.7099268294910539,0.4743642909571665
2018-09-13,0.4518107826442373,0.4845567978145639,0.4685524977637912,0.53503590297874,0.690742868667045,0.4737177957681719
2018-09-14,0.4965743004951145,0.4562175127442864,0.44475841412514044,0.5128128823083892,0.6724886402689292,0.4440791263217011
2018-09-17,0.4728298914742307,0.4370274226002814,0.4235480517114882,0.4928419337131688,0.6557533114057815,0.4217977151554595
2018-09-18,0.5323131298038836,0.5550307230511939,0.5197764125722517,0.5821800816187822,0.7115250558154477,0.4199291198642736
2018-09-19,0.5423354254756414,0.5181927871633039,0.49141428150576644,0.5562074275989065,0.6919539831191434,0.4180569558487014
2018-09-20,0.507353731070029,0.4852249641930689,0.46602827299383826,0.5327237769148583,0.6739073676694353,0.4409117064694206
2018-09-21,0.5842851864546639,0.4571096091843554,0.4422460271771056,0.5105072547965258,0.6566253186108876,0.4421350651840016
2018-09-24,0.5453925745116038,0.4615622858341205,0.43912514367349154,0.5075737396980698,0.652190273157478,0.4430402924590919
2018-09-25,0.5429558878963882,0.5228675040285683,0.4871599766766419,0.5523046036328313,0.6788133469859281,0.441908305598005
2018-09-26,0.5136194274952909,0.5196045797739296,0.4802735726747249,0.5459298786637944,0.6724038359448302,0.4507790858315698
2018-09-27,0.5147774034156554,0.5645743918722755,0.5168248655679317,0.5794201881791916,0.6911432176722478,0.4581693530466698
2018-09-28,0.4945270003831758,0.5261976117593549,0.48732282985197384,0.5512480586897447,0.6698000054939324,0.4610250372638623
2018-10-01,0.4661175802448437,0.4778947117367886,0.46224730938880937,0.5265725799686874,0.6530988495465746,0.4699290163139518
2018-10-02,0.4639794450916542,0.4501469660294317,0.4390875549621742,0.502423637618725,0.6372739783959621,0.4672830465778658
2018-10-03,0.4499872872534463,0.4471335173770105,0.42955050339443485,0.49087501136364226,0.6296599261720581,0.4705057970995728
2018-10-04,0.4353388973132985,0.4221332712942847,0.4094328969072447,0.46969553052857654,0.6154677757652768,0.4972613795328228
2018-10-05,0.5772000578362981,0.6162529603606225,0.5742809515421345,0.6157362726546173,0.7079133412759323,0.5178973059660616
2018-10-08,0.6071278504847554,0.7093356215070077,0.6565358194534748,0.6848817719838869,0.7479474540342137,0.525853418705811
2018-10-09,0.5582110774113106,0.6615943731070157,0.6120810667543485,0.6466371603280084,0.7260646021366352,0.5300281794463558
2018-10-10,0.5283113616858126,0.6510147764175825,0.6000331799932035,0.6362622421381344,0.7200216801128297,0.5957284608051159
2018-10-11,1.5769165988685994,1.8093414468110267,1.646137549160028,1.4462734626440263,1.1007159003775977,0.7123945546860505
2018-10-12,1.7173199750664614,2.0771046699760576,1.9391143675107774,1.6524605260824266,1.17921464739339,0.8406699380468589
2018-10-15,1.5938051181529975,1.7978574764773585,1.7283672889378952,1.5047877161979764,1.123513179219742,0.8520022090197285
2018-10-16,1.4058232205394747,1.6878046336770989,1.6534594043861983,1.4515048204314163,1.102770688311221,0.885820903110331
2018-10-17,1.542887256176475,1.4807607004473362,1.4824179883406772,1.32810605844444,1.053272051837373,0.9073662593000256
2018-10-18,1.3327383221621074,1.3103783235446247,1.3366311375070767,1.2208207269382712,1.0083986139787964,0.9399251930920554
2018-10-19,1.3489667301998016,1.4955702867172271,1.5056686559714847,1.345030041066092,1.0601877192453335,0.9476243001584312
2018-10-22,1.1707427407899935,1.3367540574945964,1.366606807128327,1.2430510113888273,1.0178477415322011,0.9524857479802264
2018-10-23,1.047531777876683,1.285588157999349,1.3207129320087454,1.2089779173144573,1.0033294019625336,1.0585867428345648
2018-10-24,0.9550945492270644,1.2561125656790952,1.2929023038096132,1.188223263572877,0.9943888438194867,1.1040191978890026
2018-10-25,1.6613701125857203,1.9293316498194604,1.8898246132648393,1.6182013679524132,1.1665103664652987,1.1435123031561536
2018-10-26,1.627912889895114,1.6781535853414682,1.6858110455129431,1.4745699835266182,1.1117910714271309,1.2796259669012602
2018-10-29,1.6369128005849467,1.8632782271438657,1.8856200468685547,1.6306787805897873,1.200329178171412,1.4073122449072084
2018-10-30,1.4407411415493652,1.739484480940849,1.790000809898539,1.5630727966715838,1.1743451557928926,1.4206555229822413
2018-10-31,1.398304158806742,1.5217686883477417,1.6037521209492496,1.4294123583866303,1.1213200529382448,1.449795712199149
2018-11-01,1.3032440482556158,1.3190115724071008,1.443499496625114,1.312073155974797,1.0727858456416568,1.4583141724122073
2018-11-02,1.219741372845016,1.1699313407385734,1.304708516719472,1.20847162536476,1.028130755775438,1.4738664708646054
2018-11-05,1.1086148221377634,1.1835806551141146,1.2983149898311257,1.203650675230275,1.0260074470069491,1.468875632833203
2018-11-06,0.9965414492178398,1.057669758572723,1.178875485855118,1.1127526228199984,0.9851971814632712,1.4636592420002568
2018-11-07,0.9146696265701172,0.9510193101387489,1.0744955239068041,1.0318972493742213,0.9475197890127959,1.4774469623173592
2018-11-08,1.2265636840418324,0.8559534486422637,0.9816571961425227,0.9587472646402588,0.9121838718492793,1.4546817746384182
2018-11-09,1.0786746400194511,0.8281603243073785,0.9359708130511681,0.9222814358069614,0.8940816631040501,1.4168578582210294
2018-11-12,1.0615506877966656,0.998310060379586,1.0633674994176423,1.0231909476840864,0.9433762287232902,1.3583562765516717
2018-11-13,1.2861688931431448,1.3903112544529297,1.3901374623852676,1.2724607799747407,1.0559112790036493,1.3670846669111492
2018-11-14,1.128772102661452,1.27923863057332,1.2937997352506678,1.2002346937163892,1.0244937512441321,1.3799205244678052
2018-11-15,1.0482765582038092,1.2946931579382346,1.3074079658554336,1.210496242205991,1.029010921425807,1.4043128609293511
2018-11-16,1.0195485081669782,1.149620390252576,1.1863696025491595,1.1184967497915068,0.9878147384143671,1.3973384947402416
2018-11-19,0.902922649482716,1.0298782516857443,1.0813761399896795,1.0372678679715464,0.950058306905304,1.4013179340527566
2018-11-20,1.1350887656171802,1.3585899540138633,1.3581626565288447,1.2485953228555728,1.0456233450108057,1.4423645897543034
2018-11-21,1.3260526486176416,1.6519286544504532,1.6229452265175899,1.4433101788896505,1.1269547107227535,1.375885849756456
2018-11-23,1.1621151643676262,1.4487655535636832,1.4607163808314914,1.32478880085636,1.0781281210579623,1.3538496742127493
2018-11-26,1.0724354794365214,1.4305114240970422,1.4479339934649056,1.315384828940738,1.0741494404374026,1.3340225652369722
2018-11-27,1.166641038877623,1.261496532348912,1.3080798280932306,1.2110404507352888,1.0292275591863158,1.2119276671467831
2018-11-28,1.0287080201068743,1.123802249980501,1.1867072345609855,1.1182999051171165,0.98658300489914,1.092021991307716
2018-11-29,1.3428366029020589,1.0022380806639468,1.079783061290098,1.0355996999092911,0.9481716351555561,1.081350364470114
2018-11-30,1.177757198393785,0.9604374296683628,1.029089976748576,0.9958606988035574,0.9291874035559047,1.0470426779789055
2018-12-03,1.0679217347944705,0.8529731005345793,0.9430176228696765,0.9275209668604217,0.8956627064961468,1.10362093228175
2018-12-04,1.092801406546854,0.7767835036305504,0.8664966082530609,0.8658043409542545,0.8643457503535172,1.11734760684759
2018-12-06,1.7785898722786413,1.823963692818444,1.7156192844501217,1.5093558279590682,1.1519926476927085,1.229396724239399
2018-12-07,1.5529324453936342,1.638880512781333,1.5684414565930918,1.4031301427086782,1.1093478826323904,1.2829850602216044
2018-12-10,1.7314160023316352,1.9900337511232544,1.909959898123519,1.6470634298444244,1.205174099038722,1.3248569575851414
2018-12-11,1.5100907044579406,1.7378353005015332,1.7077886836228002,1.5037480542594874,1.1497829112317501,1.3760095510110215
2018-12-12,1.3204278963731957,1.5335069716844894,1.534064761756007,1.3780559865679782,1.0990613630586523,1.396781499667208
2018-12-13,1.1739757539199165,1.3574775100644512,1.3835762505905558,1.2670167888269603,1.0523598754777346,1.3925707276731534
2018-12-14,1.0357135253235656,1.2262704466066483,1.259642434679329,1.173874003673662,1.0116357725251337,1.4041958171289832
2018-12-17,1.257655233458838,1.5444271788497106,1.5415723676792779,1.3835406052760781,1.1013266658299166,1.4136904185614996
2018-12-18,1.4330076532949714,1.820941666228831,1.7996975819096812,1.5692711990800978,1.1754256063424835,1.4024963590693094
2018-12-19,1.2572311343748557,1.6281381918241646,1.6330843570489364,1.4500048998971136,1.1283684188740426,1.4878621810062511
2018-12-20,1.3095069655707947,1.7704961758050273,1.7690470002967216,1.5474907501711945,1.1669639152699594,1.522154423394967
2018-12-21,1.378629616117524,1.9156119421988995,1.9115970250133587,1.648211640187186,1.2056261265826114,1.5586079426476742
2018-12-24,1.5377537601126754,2.133151091168632,2.1243532237953415,1.7959852236181004,1.2603483339086334,1.5883334943578094
2018-12-26,1.815306623886905,2.451788640923322,2.4360126821680885,2.007596346575519,1.3350407771483415,1.693228828890831
2018-12-27,2.668609581904388,2.1035789887900678,2.152816301520193,1.8155401750843085,1.2674234929326218,1.790754949140246
2018-12-28,2.3335538964674143,1.829805651531074,1.9151737245300293,1.6507205862015386,1.2065902710308705,1.8062947403859824
2018-12-31,2.027612732197466,1.6392613620117438,1.768446757799356,1.56702017647725,1.2142374778420788,1.8022060170986132
2019-01-02,1.841326966673852,1.4617632055693688,1.5899856672384527,1.4370937644996529,1.161127479753433,1.847383463574048
2019-01-03,1.603934912098535,1.307358547983351,1.4362893895219881,1.3230054044270527,1.1125570378598746,1.8606034656735728
2019-01-04,1.7993450666212505,1.755094457815644,1.8258542519084475,1.6082877318764845,1.2307533033309694,1.867571775375628
2019-01-07,2.142668472821487,1.5547444929666052,1.6373912766857726,1.4718624871358204,1.175697572338232,1.8523588487295808
2019-01-08,1.890140133494972,1.3861081936958868,1.476762249642449,1.3532621801171376,1.1257546989063278,1.7982310083773083
2019-01-09,1.6913370763651845,1.2427268130275475,1.3372595582143814,1.2482971563903544,1.0797667287628192,1.764192428866234
2019-01-10,1.4860345440541514,1.1203032092350202,1.216136897919161,1.155497575784028,1.0375202177928389,1.734380006369578
2019-01-11,1.305963804602634,1.0151449515093112,1.1103007420632172,1.0729913505597002,0.9985790323913355,1.6937796195621069
2019-01-14,1.146575780262734,0.9255659245521024,1.0176629252165792,0.99956338228709,0.9626867809149531,1.6728757152165117
2019-01-15,1.0581148394852418,0.9847488502874772,1.0561477154154622,1.0302123004620258,0.9778448148147211,1.667558649853794
2019-01-16,1.0535737733339408,0.8977885247256926,0.9690007634229061,0.9604966893980448,0.943124799062926,1.6462828699568142
2019-01-17,0.935640236507429,0.8224740063068467,0.8928649549960764,0.898629820629105,0.9113384849956372,1.618057794567171
2019-01-18,0.888763980821939,0.7565973196245879,0.8249568751357483,0.8426124903660243,0.8819070687404498,1.616819859262392
2019-01-22,0.975025066031628,0.6986986484379057,0.7640900398364292,0.7916702032123798,0.8545075572796449,1.5461768241791805
2019-01-23,1.0837836252580908,0.9944268805891456,1.016350138970206,0.9985158124420629,0.9644414518422011,1.5190903845676484
2019-01-24,0.9600080079049176,0.9064329182167248,0.9347295762155149,0.9327727460152692,0.9320242658747471,1.4415340660148157
2019-01-25,0.853896510630783,0.8300529842180698,0.8627034327909119,0.8738683907877626,0.901972502117671,1.4183799046525312
2019-01-28,0.8405521687106648,0.7632012379804863,0.7980948538637926,0.8202567576586386,0.8737504332905225,1.296288804578175
2019-01-29,0.8443495354978969,0.882958106003908,0.8981434068829443,0.903022373332267,0.9191336150483308,1.1400865405664862
2019-01-30,0.7629616456765769,0.8449818744173117,0.8553215083764463,0.8678774835539912,0.9013085229632359,1.127274618686296
2019-01-31,0.9673475151022626,0.7760464784806267,0.7910469501720082,0.8145165176716274,0.8731824787793954,1.1070490243052895
2019-02-01,0.9299284299408036,0.6984578065953295,0.7343067837482382,0.7666630586546356,0.8470028350937151,1.020101779326761
2019-02-04,0.8282942007083433,0.6492940491261718,0.6843899654437646,0.7239811238375837,0.8229247215303445,0.994328729725171
2019-02-05,0.7953592838722495,0.6062944406942465,0.6390946416469467,0.6847526395260699,0.7999252693728306,0.9005317990334127
2019-02-06,0.7326494965755458,0.5676310691265181,0.5986769559744732,0.6492994570628386,0.7783633622566944,0.8731837315687975
2019-02-07,0.6711923559798899,0.5681043481968355,0.5880816834754171,0.6399333966100667,0.7728974855595822,0.8535173395949928
2019-02-08,0.7726653033521342,0.7663041523952239,0.7669176425067882,0.794286860827322,0.8648000775769653,0.8530494198612798
2019-02-11,0.6977217901496512,0.7094740415420641,0.713464749866687,0.7490284143749432,0.8395306018582428,0.8244378931625089
2019-02-12,0.6359231475888247,0.6590776848019085,0.6657433563025377,0.70829270689829,0.8160111423646582,0.8284444534763329
2019-02-13,0.7990865997006491,0.6156355748815784,0.621838670514172,0.6704752108412785,0.7934660442030776,0.8118168290708794
2019-02-14,0.727908118832301,0.5758699122346823,0.5832130569160104,0.6370405528771595,0.772859681822075,0.8204660073606895
2019-02-15,0.6743450975195541,0.5942409272499811,0.5922887678788297,0.6457123957190579,0.7783666921597495,0.8287721607553542
2019-02-19,0.7669572357609306,0.5575895538706473,0.5559515129306449,0.6138042958508082,0.7583321538942552,0.8176336043441942
2019-02-20,0.6940705883442014,0.5237692074181836,0.5241183991187018,0.5853945441177236,0.7400530280617988,0.7719800701604903
2019-02-21,0.6353529185975075,0.493429777633832,0.4953739357738313,0.5593686870886528,0.722828712555708,0.7377737759046701
2019-02-22,0.6171679981414643,0.5509068079313506,0.5425420408633327,0.6024025233492114,0.7508272240180905,0.6935053522837223
2019-02-25,0.6207960415165846,0.5182654085908325,0.5119060199340709,0.5746271767867364,0.7326162127980415,0.6990286725899897
2019-02-26,0.5739681741010051,0.4884069998938087,0.4845343900605124,0.5495558877864536,0.7158186656627578,0.6599879058877736
2019-02-27,0.5399893045148635,0.4848487633935254,0.47362018276697304,0.5394691176152738,0.7090042763637961,0.6312193103909718
2019-02-28,0.5116717571551487,0.4758476940001325,0.4581375538754735,0.5249112221144209,0.6992111489280057,0.6240795417700621
2019-03-01,0.4995873613439866,0.474391531689868,0.4728329167601386,0.538245129041044,0.7086064343289618,0.6040838216800732
2019-03-04,0.5358178642904446,0.4478437241707967,0.44724772636613686,0.5138453322558126,0.6906883601675919,0.6551887797587673
2019-03-05,0.5434059763580028,0.5132379342694399,0.5013710772649411,0.5638888316876289,0.7247386099127034,0.6496835845717303
2019-03-06,0.5204526604847602,0.5210959051325408,0.5016398242055041,0.5642014577186609,0.7249768696038087,0.6464119328858231
2019-03-07,0.5821417320965534,0.6354681503065905,0.6058581026468493,0.658117344177461,0.785063044328165,0.657690672270021
2019-03-08,0.6821407172366054,0.7903266028461869,0.7519640857163105,0.7850879889654989,0.8600438699485342,0.6815538445127551
2019-03-11,0.6356945313898271,0.7799407738988671,0.7391551838271193,0.7744381410699913,0.8540154871082669,0.6534449911345105
2019-03-12,0.8470591961669424,0.7190060433575768,0.6881278384324762,0.7307063833975095,0.8287644077822115,0.638136756976439
2019-03-13,0.7708299086720759,0.6675145377644602,0.6434044245578231,0.6918306221717966,0.8056990301189548,0.6401386377816948
2019-03-14,0.7433446756004913,0.6210491965139039,0.602948767905307,0.6562239918314242,0.7840172603812489,0.6208036569012993
2019-03-15,0.6763745902596178,0.6028104627730089,0.5793005771570946,0.6351259558071183,0.770957721667333,0.6209980320289534
2019-03-18,0.6457682008214557,0.5636762488897568,0.5452772695480688,0.6043612288887296,0.7516018136879572,0.5984872035467772
2019-03-19,0.6069540136094463,0.5289158477715955,0.5146016735890884,0.5764175765206108,0.7335407817260572,0.6004913355907402
2019-03-20,0.5626511376237507,0.5028571895648077,0.4870799037733424,0.5510927724666799,0.7167987765148983,0.6090136563439991
2019-03-21,0.5538391841104908,0.5474057292353939,0.5231868376778102,0.5840676400235735,0.738703105304657,0.6316702429725646
2019-03-22,0.7004941922988427,0.5124781620584798,0.4938059951398902,0.5573039267206561,0.7210190297749927,0.6579048570046838
2019-03-25,1.1119340794254131,1.0704524578789705,1.0310466270219736,1.0148269019074465,0.9828641953299577,0.6638959241890962
2019-03-26,0.9839353174295894,1.00058237463042,0.9626887242814037,0.9599519874172954,0.9550248471877968,0.6765332615309758
2019-03-27,0.9232125376974982,0.914706641910508,0.887595330026941,0.8987548980865341,0.9230568693380128,0.6978595390852008
2019-03-28,0.866442002661109,0.955789219176521,0.9251994866703701,0.9297032107338307,0.939352903070013,0.6961581079578458
2019-03-29,0.7868801650838715,0.876334387565084,0.854888125708051,0.8718146281796123,0.9086506950197685,0.7078331154306107
2019-04-01,0.7516229462854265,0.784313558212415,0.7922108669480179,0.8194445900921158,0.8800021902522127,0.7050926201502777
2019-04-02,0.8418423491957618,0.7253522899807404,0.7392330319690211,0.777105691966818,0.8634867385807937,0.6502123196005332
2019-04-03,0.754786646031733,0.675068358479493,0.6900091871313276,0.7347361318458135,0.8388240868877211,0.6579238697782303
2019-04-04,0.6836422675439124,0.6300590392305466,0.6457579077841517,0.6961647270712658,0.8157246611858644,0.6559238001955991
2019-04-05,0.6301031950141576,0.5896548934751286,0.6058602831958958,0.6609633348083805,0.7926913365854378,0.641417192152619
2019-04-08,0.6089624179799357,0.5530558764460969,0.5696793648130875,0.6286662437284606,0.770853864865115,0.6190986598626191
2019-04-09,0.5641063458633288,0.5209003085928029,0.5373344429777599,0.5994737827323448,0.7506667396672164,0.6208660305555849
2019-04-10,0.5921920873930371,0.6114467395690186,0.6155915614342494,0.6696007735972124,0.7933704030887392,0.6193451241102637
2019-04-11,0.5631307689649351,0.5728537511728542,0.5785944806600073,0.6366707232894625,0.771562497060382,0.6110943160106298
2019-04-12,0.5297086453199399,0.5534866452553245,0.5507575029999813,0.6116335717397173,0.7544202832564595,0.6299985562086302
2019-04-15,0.5684636874470173,0.5202044795328683,0.5196515936090823,0.5833755679450445,0.7349872749473346,0.6266000481085833
2019-04-16,0.53574263340368,0.513622510001068,0.5046544879436097,0.5696381251157994,0.7248879480493076,0.6292491207847216
2019-04-17,0.5058769865128716,0.485373208777682,0.4783463289592892,0.5453549254624888,0.7077053503171445,0.618141267869966
2019-04-18,0.5041339851066282,0.519488161970183,0.5036604653302099,0.5687228659016224,0.7221815855699257,0.6046280053509703
2019-04-22,0.4839744310119117,0.4904296434969178,0.4773212293831931,0.5444020960848941,0.7051478198089849,0.587855845924691
2019-04-23,0.4654228188224674,0.4643725029442786,0.45343501068480024,0.5221291891973763,0.6893670985767353,0.5552108913992394
2019-04-24,0.582203548148671,0.439291663063364,0.4308847638444397,0.5008902332739399,0.6738845709113251,0.5436409647773554
2019-04-25,0.5594729397727298,0.4733589864823804,0.4559082917172466,0.5244224260261684,0.6892056545868154,0.5194162591295537
2019-04-26,0.5284373285249926,0.4706079070849332,0.44590800391137886,0.5150435872226063,0.6819734696717397,0.494566651703138
2019-04-29,0.5294333503998665,0.4457307907670659,0.4244036256612117,0.49471625356827414,0.6671611333920763,0.4834336786915183
2019-04-30,0.5020864902845467,0.4237150490110757,0.4050089401624734,0.4753753135531814,0.6534300691440948,0.4824674583728018
2019-05-01,0.4745294516101325,0.3784559882530848,0.38731461804391093,0.45748202246912784,0.6405830593421928,0.4656358302743129
2019-05-02,0.5937750397917594,0.5560455914373033,0.5476468765653779,0.6046961813834567,0.7382513209782269,0.4877912121476361
2019-05-03,0.56711916607572,0.576738713463512,0.5599752825092933,0.6146189686924084,0.7444630537022356,0.5058791348857987
2019-05-06,0.6654468406607598,0.5388565318512163,0.5275908026023107,0.5845163975883069,0.7253779208047669,0.6447398005156619
2019-05-07,0.6485168476741794,0.6040403402162108,0.5828692053700748,0.6337233240331863,0.7563170983318147,0.714769511191384
2019-05-08,0.9968544080927187,1.0093566668958875,0.9787546816315946,0.9661838492851214,0.9405181160794872,0.7208829711607377
2019-05-09,0.8883174385944652,0.9615517833299866,0.9273153728337966,0.9247296036907579,0.9193950180667396,0.7555317059672866
2019-05-10,0.8110191842639394,0.9517717342670506,0.9137857804403974,0.9137698426383141,0.9137107392591967,0.8280742158725574
2019-05-13,0.7519554777438261,0.8735223994618931,0.8433223506400865,0.8560397798002529,0.8833820141722496,0.935048362422366
2019-05-14,1.3699416717416983,1.465075532713627,1.4316370690713627,1.3169144173304654,1.1035914519995078,0.9451896155373134
2019-05-15,1.2533507332293152,1.318957220895793,1.2974078377504574,1.215896518817251,1.0588410189951845,0.9616025116304948
2019-05-16,1.1218673072877556,1.1936459134254092,1.1807258563704783,1.1261207974545369,1.0176844097980895,0.978390711645547
2019-05-17,1.0580864437668642,1.0836941308099757,1.0782747810468076,1.045885366959193,0.9795793285621457,1.0048571789433012
2019-05-20,0.9910189560310724,1.1281750018000511,1.1159705942159772,1.07548502237933,0.9939916807334498,1.0137045604498467
2019-05-21,0.9405438579661364,1.169493764230754,1.151854647018774,1.1033959904677582,1.0074596864042915,1.0300851091190433
2019-05-22,0.9131389021684496,1.0627396795175237,1.0532351128823096,1.0256144902900581,0.9701827409179156,1.0286359540286667
2019-05-23,0.8316617267344467,1.0408507249140433,1.025414254691076,1.0034647564570838,0.9593421786515578,1.0437133273238144
2019-05-24,0.9528538893843184,1.2207668031469967,1.198838701518436,1.1394972187947374,1.0244796717422517,1.0611672161965469
2019-05-28,0.8482455068703046,1.109578913008652,1.0947056143606295,1.0582889881529098,0.9860455666527812,1.0747297775142002
2019-05-29,0.8875586398052512,1.211534905320879,1.1909881382880796,1.1334304921781304,1.0216157285857401,1.083030029175288
2019-05-30,0.8622408626715982,1.2430969915943226,1.2187490009042332,1.1548909831417622,1.0315847593231293,1.0884702514718676
2019-05-31,0.7749981534593372,1.1288378027836106,1.112108013171389,1.0719790579357296,0.9928164196873471,1.0972693196003125
2019-06-03,0.9548035208097112,1.293405429638062,1.3031826126022905,1.220872885874088,1.0656405032111425,1.1033546971592072
2019-06-04,0.8626691616571406,1.2310783858073804,1.2339112883840857,1.1678114974274323,1.0430976822371412,1.135206065490876
2019-06-05,1.2107815188183693,1.1084848280408175,1.123983835234605,1.0824359061479985,1.0028192226262884,1.0908019393186217
2019-06-06,1.1224616057241916,1.0090879624473847,1.0286941586499405,1.0071622475305533,0.9660160150262552,1.055770007858445
2019-06-07,1.0234156145001894,0.923395602863314,0.9449806291871118,0.9399784557272289,0.9320227817050392,1.0634346882384471
2019-06-10,0.99695627353513,0.8461250507185819,0.8707069376404638,0.8794352634083985,0.9003721826055945,1.0489540683426546
2019-06-11,0.9013463384625195,0.7811094325925865,0.8053423995433214,0.8253665057173557,0.8711997175337443,1.0151578243049608
2019-06-12,0.8061883729002781,0.7395790635685399,0.7521548862121084,0.780868169001439,0.8464263458426241,0.9183805193979098
2019-06-13,0.7347460646112549,0.7324634424529526,0.7339732893076912,0.7656316589712376,0.8376688689097367,0.8983040396200336
2019-06-14,0.6835973149372593,0.6806271322735281,0.6835693190861185,0.7226105191059583,0.8128838754747332,0.8813374609476959
2019-06-17,0.630700601548245,0.6670903666541769,0.6598862966958292,0.7021878560080947,0.8008295396549526,0.8605857608993677
2019-06-18,0.5823162612189563,0.6263794334939394,0.6175331679739695,0.6652540513141315,0.7787085335797764,0.8412788245519639
2019-06-19,0.6953511364622011,0.5822321907921061,0.5786074704046835,0.6308238415803419,0.7575507587183132,0.83186438519012
2019-06-20,0.6380457047180036,0.547428816097238,0.544272908098092,0.6000811749342367,0.7381803977001805,0.8463159499165086
2019-06-21,0.7073789075881034,0.5118031909056582,0.5125020708967547,0.5713952835227175,0.7196586093411715,0.8502181359980874
2019-06-24,0.6521918440789612,0.5232711807105694,0.5129746325923271,0.5719173068862716,0.7198665683118308,0.8304940916423612
2019-06-25,0.6061846281929124,0.5288859799446158,0.5087771169319437,0.5686046111058678,0.7173350098411096,0.8068408055743106
2019-06-26,0.7386170262676649,0.7411089023859313,0.7098062730246868,0.7467447190093571,0.8251128792505401,0.7860861889816786
2019-06-27,0.674763426442498,0.7186661778652904,0.6812544480713464,0.7221232134981272,0.8109368564242823,0.7743380912322004
2019-06-28,0.6301784096367936,0.6686898519474067,0.6364180406778857,0.683110961661332,0.7879881382842462,0.7572766339111475
2019-07-01,0.6127726623315249,0.597048555249377,0.5961128929501461,0.6475109804978703,0.7664875074257074,0.7732896070937701
2019-07-02,0.676983669643238,0.5552885799890251,0.5591905748675678,0.6138972183040808,0.7446727961632297,0.757911540707551
2019-07-03,0.6249679944535224,0.5229664686257413,0.527419785341044,0.5845150995796969,0.726032088306596,0.6886403084359645
2022-05-24,1.8501383788937191,1.9078692475744805,0.4972722829348469,0.5571820821547189,0.708280488065301,1.8787483527167748
2022-05-25,1.6528821019819462,1.8582965723597695,0.6412376419053546,0.6852420001353821,0.7882173757218995,1.8821926411584349
2022-05-26,1.4832137752227583,1.6679140408326,0.5999101814046627,0.6490869712066402,0.7664395504133802,1.8769655369854328
2022-05-27,1.5818962695910503,1.5330976039811053,0.5617051826088238,0.6152485988976801,0.745519658843406,1.8300174223307084
2022-05-31,1.7802005998920607,1.4291846577490854,0.5268103891571851,0.5839655306832469,0.7256791676072019,1.7952618406964729
2022-06-01,1.5763969906136228,1.369842098309195,0.6163719720331138,0.6635423719044102,0.7752153012169954,1.7730907572518235
2022-06-02,1.437850080828829,1.4132587409218382,0.7534007864409179,0.7812770155384893,0.8435066006823058,1.7864663305663584
2022-06-03,1.524079302898865,1.3147598774937983,0.6994973018204913,0.7354836623132431,0.8175785274046858,1.748963102153121
2022-06-06,1.5700870015810142,1.56710897749067,1.0497695888152365,1.0233532126631213,0.9697914037716084,1.702467073576016
2022-06-07,1.369449714951721,1.408911521586677,0.9637592705468133,0.9545936720314382,0.93554503630419,1.6915131889924284
2022-06-08,1.2663687891448274,1.287945158182121,0.8872520135926452,0.8924647044264274,0.9035607587852232,1.65308500706606
2022-06-09,1.2460049473787234,1.407562760755416,1.050467194077929,1.023906500033887,0.9700623874565801,1.6005427842357849
2022-06-10,1.6239792331481668,1.842178325552721,1.527864982723767,1.388809817272617,1.1356030397892798,1.5865305774781642
2022-06-13,2.031243541220162,2.3256307705845445,2.0340030885436855,1.7528793225634165,1.280821690421866,1.6437466122970563
2022-06-14,2.594855589883053,2.94921719556806,2.664463327226431,2.1835282554072957,1.4348393528310581,1.6351697490629789
2022-06-15,2.2475557092110248,2.651230481387844,2.4106514983684444,2.012728660171512,1.3756853323182159,1.693381420483855
2022-06-16,2.045529903373543,2.361793458088908,2.139413870153236,1.826442684733057,1.3083297138972334,1.7117838481665604
2022-06-17,2.4302235431704657,2.843668784405769,2.6176588932560336,2.1522683529724933,1.4241847324965615,1.6894496350042074
2022-06-21,2.0997904523089463,2.496137567479916,2.316547275809008,1.9485637102896656,1.352839206626924,1.7144822665023702
2022-06-22,2.153407415527222,2.256123780213396,2.123788259883325,1.8631360412335125,1.413489893653086,1.6278783912202506
2022-06-23,1.866880335209024,2.040987368642913,1.9392129207489897,1.730282868613269,1.3604619936600135,1.62710410191725
2022-06-24,1.6736065169573282,1.8321068583524764,1.7461235703474671,1.588748075720826,1.3017556870267377,1.6050552857354057
2022-06-27,2.0648637478076397,1.7061893774465413,1.5769575170651067,1.4623356926828286,1.2471463133639045,1.5928532542804887
2022-06-28,1.8011211108075145,1.6108654722209508,1.50405394262381,1.4070880292547818,1.222565185418642,1.6216283067673771
2022-06-29,1.8751837176298456,1.9119052306722464,1.8030925834921034,1.630796489583214,1.3194512876602844,1.611300514474209
2022-06-30,1.6270760226719605,1.7276999719064186,1.6439794569099262,1.5127072663523982,1.2691694813547716,1.6343586543388755
2022-07-01,1.4843206030865754,1.6672743967021646,1.6470414695822693,1.5149993290477766,1.2701631253450827,1.6276515366902249
2022-07-05,1.3745876552158478,1.514733002280273,1.49266487392969,1.3984126268332648,1.218662982061578,1.6492532124390396
2022-07-06,1.201206284125054,1.3620134783781512,1.358825592564506,1.2955066886941886,1.1714537218191994,1.6421937504710211
2022-07-07,1.0606325329282846,1.233140264552922,1.2415442735198927,1.2037698158267496,1.1278161608820163,1.637823294128618
2022-07-08,1.1540915381044057,1.1493077826121112,1.1374792259285142,1.1210102793476617,1.0870485336262474,1.622732760443978
2022-07-11,1.0173622399356157,1.0696698567403886,1.0623656481859702,1.0603985262171667,1.0562603926907912,1.6165486469732795
2022-07-12,1.0793796692927098,1.2371097839133394,1.2183138535919038,1.1854113253432128,1.1188914984549903,1.6056675467224224
2022-07-13,1.0616223316737334,1.317263222664306,1.2946880691822982,1.2455300709971506,1.147871281971746,1.6065929221516932
2022-07-14,0.9821837366248104,1.3066794306441352,1.2863710712024832,1.2390159818557882,1.1447631152218731,1.5371152872492608
2022-07-15,0.8844712953539525,1.2388731785084417,1.2237834577919824,1.1897396210762579,1.120999062018584,1.544122803515078
2022-07-18,1.1755392019914774,1.1644735084919933,1.121479066381094,1.1081633179707149,1.080587345687827,1.500724244741791
2022-07-19,1.1229391539964084,1.2416783059150946,1.198128187211682,1.169405985756294,1.1110534036014565,1.4479922681062711
2022-07-20,1.5894753044286756,1.1865502613816965,1.098183155683947,1.0893971562160307,1.071088174602055,1.4279576069571247
2022-07-21,1.4076155066523064,1.087611979232716,1.011744332722845,1.0191007496901305,1.0347880793111508,1.3780493574681345
2022-07-22,1.30703954333281,1.0104905228270955,0.9339802028377975,0.9545152364626662,0.9993185448141125,1.3468657312645576
2022-07-25,1.244509831870133,1.1345568616434385,1.058691415734123,1.0569905391175884,1.0534067370449425,1.3166491313289777
2022-07-26,1.0903793813261338,1.0296287798850523,0.9771617467655863,0.9902703576430002,1.0184959342591453,1.2888794324502713
2022-07-27,1.14147881953955,1.2139716041003084,1.1555164119517698,1.134998175694733,1.0929002248196515,1.3206940407357113
2022-07-28,1.560960019870836,1.1598478928855358,1.0605917807313812,1.058533907947709,1.0542021435948403,1.2928092739151198
2022-07-29,1.4691022426544054,1.0794250338591973,0.9778349321942754,0.9908252503980384,1.0187915848528524,1.297025176561268
2022-08-01,1.4395022644190671,0.9790037560968256,0.9042315530130923,0.9297035391156895,0.9858076299463671,1.2658997925304596
2022-08-02,1.2696859633414983,0.964300742324757,0.8971765332636689,0.9237971842360317,0.9825656931432154,1.2589457489811198
2022-08-03,1.1696894566226177,1.0315442058520012,0.9667935727972353,0.98171157646747,1.0139381331196793,1.20962163036621
2022-08-04,1.2474346019504192,0.9762190774887431,0.8943209553623294,0.9214030405032236,0.9812496154019169,1.190153698403588
2022-08-05,1.0959805883877771,0.9149390139679184,0.8438919126198915,0.8789010223757419,0.957587795521913,1.1838425758178186
2022-08-08,0.9737683028040298,0.8817125501259482,0.8184319366530398,0.8572644060474383,0.945329891910003,1.1916452746642656
2022-08-09,0.8690532634412642,0.8416623400568428,0.7854465358799283,0.8290445993407659,0.9291154480583023,1.186680946364714
2022-08-10,0.8110322476162471,0.8660746366037206,0.8123680274462501,0.8520923315006161,0.9423784534883296,1.2265699746457457
2022-08-11,1.2051277115567918,0.8451570384025701,0.7560736136441093,0.803729277089213,0.9143418730653378,1.186420074043105
2022-08-12,1.0585364324790532,0.7860877772052455,0.7074842892464027,0.7614451044118082,0.8891534402924878,1.1346924108867915
2022-08-15,1.208958105638986,0.7638473586475661,0.662265956715151,0.7216056546839877,0.8647951457955839,1.0954082402113128
2022-08-16,1.072245385141347,0.7105025257933435,0.6226549299464736,0.6862885425524412,0.8426527033173072,1.0530147158719152
2022-08-17,0.9472537067590378,0.6575733049552287,0.5870491084075999,0.6541835478894301,0.8220413686433453,1.0421110636939528
2022-08-18,0.9258523625036544,0.7808819807742383,0.7079917618164633,0.76189177243798,0.8894230617432305,1.0329302601559212
2022-08-19,0.8291744605861344,0.7224585477848388,0.663989242782845,0.7231349503221209,0.8657420444959147,1.027730896190124
2022-08-22,1.0180582792277184,1.0100797291976304,0.9494352278044491,0.9736525969520882,1.0267807076730413,1.039917900410584
2022-08-23,1.3894606846163058,1.4522613996091231,1.3753317880161657,1.3162979617199815,1.1999530261372717,1.0400190189464835
2022-08-24,1.2240255733430403,1.3645094908936,1.303239313064309,1.2598778740456757,1.1730865733075917,1.035923392170171
2022-08-25,1.0793733610172311,1.2347782034514612,1.1943481981293074,1.1735369431629523,1.1308201688680606,0.996218348224641
2022-08-26,1.1434279243978274,1.1496701359245698,1.0974291133102982,1.0954475081586592,1.091279302612232,1.0104392010233312
2022-08-29,1.9790292474669375,1.9956591889506208,1.9014936301690897,1.7132636968259265,1.3750940115728287,1.0181667206812943
2022-08-30,1.7534787199434887,1.9163934403545333,1.841127768120401,1.6688766517956741,1.35656274303167,1.0276369059919603
2022-08-31,1.6281582017542615,1.9416732415269988,1.8771041730847953,1.6953621852414824,1.3676485132213823,1.0184368819747982
2022-09-01,1.478368919836651,1.859397025959872,1.8397622565182354,1.6678694182714051,1.356139516750791,1.0352923108800796
2022-09-02,1.2969772063552925,1.664203654106357,1.6628376044839202,1.5361487069704214,1.2996804953852,1.1034715248789264
2022-09-06,1.2643154069968432,1.719907361794429,1.7153325392225516,1.5754922562196105,1.3167811060856023,1.0936495504956252
2022-09-07,1.1327695860679556,1.6241006867188257,1.6253437720341022,1.5079064675242848,1.2872742378821131,1.095375831703301
2022-09-08,1.287064001638763,1.4986249086256769,1.4750843377422527,1.3934672152472443,1.2358147700397166,1.116856001287957
2022-09-09,1.1616268316905511,1.3610315342278922,1.3448290183130154,1.2924953698434953,1.1886878320462428,1.0629343475683404
2022-09-12,1.2381879823379407,1.2645010603235465,1.2298206795981772,1.2018185538051362,1.144825478096767,1.0528866055538175
2022-09-13,1.1855841122749076,1.1682061840153397,1.1290220178750705,1.1210385279247506,1.1043831789603344,1.1772686686511045
2022-09-14,2.4110359614873764,2.407982707695236,2.29419277287521,1.9960204798458197,1.4880692463921008,1.1834727841690278
2022-09-15,2.0957313636164683,2.136105901288036,2.055162397294851,1.82509658248862,1.420780506220749,1.1974144680877052
2022-09-16,1.913544862561132,2.137785846534819,2.0677007400475156,1.83415119456502,1.4244195537356894,1.196506823903213
2022-09-19,1.7139207389743183,2.0605491305857484,2.003918156896173,1.7879824807982425,1.4057723950971222,1.2122456314704964
2022-09-20,1.529117248709,1.8486230120152425,1.8045849529190554,1.6418751903684519,1.3451732258112803,1.2189031340819647
2022-09-21,1.462544834991362,1.897073520538743,1.8781021180976205,1.7130254513383958,1.4108595981740055,1.2466806044473886
2022-09-22,1.5558197960227615,2.074399284420023,2.051735037007964,1.8408125558899566,1.4643144347332802,1.2494534023135726
2022-09-23,1.4300387723635504,2.0226408860931846,2.009725941429005,1.8100868077232628,1.4516295788641314,1.2956815661201644
2022-09-26,1.5139812319694606,2.1629753504353184,2.147642410510559,1.9105257800828772,1.492720974410079,1.3155455044837798
2022-09-27,1.420945532168205,2.1293410247271085,2.1217232412953764,1.891743912640222,1.4851177835389633,1.3404510083497256
2022-09-28,1.254453207664698,1.951196864420288,1.9578668153938754,1.7719909462428693,1.4357566910313693,1.365686466946771
2022-09-29,1.4177613688838442,1.7846379961008385,1.7675269934206173,1.6305031477258616,1.3753099928657444,1.3802009227244576
2022-09-30,1.6282501048033993,2.0657254747577065,2.0382678375304595,1.8309754319981972,1.4602644650860934,1.4083277527530655
2022-10-03,1.6282254419794873,2.1129084960086706,2.1438787201134386,1.9078011211837667,1.49162022524367,1.4491166223293137
2022-10-04,1.8646920569860757,1.9460387465312072,1.9279568791655057,1.7499336805891106,1.4264909570967559,1.5168725790103317
2022-10-05,2.1573034371332422,1.813512623579072,1.7406121983835863,1.6102728407858375,1.3664631959431581,1.5496945800652937
2022-10-06,1.8840212787350483,1.6805750885194222,1.6234562689918086,1.521518828353634,1.3270003998363125,1.5501266380540084
2022-10-07,1.7283177888254604,1.7289390847248889,1.6803581014117084,1.5647700144362298,1.3463662551472164,1.6060035515152806
2022-10-10,2.0537744982218813,2.195539987846949,2.1420439025616536,1.9064725138001963,1.491083159284187,1.6143108324142896
2022-10-11,1.8345725404921391,2.1140580543274963,2.0722486062980976,1.855773626350233,1.47045388723002,1.6348643043158733
2022-10-12,1.637178376551473,2.0181231718625896,1.9868767773365157,1.7933246041540787,1.444665478730372,1.547812087584641
2022-10-13,1.4450093602580885,1.875964039706933,1.85528050248485,1.6960695400983692,1.403623664432399,1.6818724675331884
2022-10-14,1.7476634453319335,1.741692116985271,1.67789256703072,1.5629016762626269,1.3455348680667931,1.7222297340790151
2022-10-17,1.9062518707278089,2.072043626175996,2.010120714892216,1.8103761012119446,1.4517492032341845,1.8141186974590855
2022-10-18,2.033455756628713,1.9091258724572653,1.8122995828130868,1.664029633532609,1.3898550006882027,1.8916400319562243
2022-10-19,1.8453488151888675,1.7343711129967343,1.6417872992956288,1.5354826656196698,1.3332812281548485,1.89679918102416
2022-10-20,1.654186775348893,1.707047417047839,1.6291862315518706,1.5254832430013783,1.327875209304252,1.88352149749761
2022-10-21,1.5122663209914835,1.7105441188075523,1.6452223318430734,1.537689280795109,1.3333563537804192,1.906639929466372
2022-10-24,1.7257611755684146,1.59340923003901,1.4949940181240378,1.4224366634015475,1.2807277312139211,1.8902680760199284
2022-10-25,1.6010951546910446,1.461863785849954,1.3646071145687173,1.320646547455029,1.2325044953353599,1.8755719033753413
2022-10-26,1.5728635941749023,1.3566180896412827,1.2497707024482276,1.2294864296878518,1.1877691674927289,1.860266246873925
2022-10-27,1.4337969975273888,1.390758841855102,1.2984633878568517,1.2683227251567804,1.2070163121488988,1.8391474075810448
2022-10-28,1.2918704044318765,1.3741543629908173,1.2958533069884408,1.2662479366814094,1.2059952025173621,1.824239515108884
2022-10-31,1.5694919301743495,1.2997440725803882,1.1885284059499945,1.1802372320058334,1.1629326533650481,1.8022327276360224
2022-11-01,1.4290072811854038,1.2838661627633927,1.2385402649178017,1.2204895382742074,1.1832647789397202,1.7766175056818765
2022-11-02,1.2793520070059017,1.2621284785872318,1.2240147317685341,1.2088303367223971,1.177401931382494,1.739144174164942
2022-11-03,1.6848014213376974,1.7531779940603422,1.7099894822928305,1.5867645559873567,1.3551688026253865,1.7218044842528524
2022-11-04,1.5677329100091375,1.791529008645348,1.754297252364561,1.6201374621688989,1.3698275823251587,1.7796015315508278
2022-11-07,1.515093851427057,1.6399614026720477,1.59097774416092,1.4963094105489345,1.3146729086325601,1.722970665395891
2022-11-08,1.390858356221271,1.4967655310453996,1.448876068911693,1.3866299469566505,1.2639477415967562,1.7243414374140549
2022-11-09,1.240824978366009,1.3619977669592005,1.3247567898223889,1.2891803595399454,1.2172264870604095,1.718823284472194
2022-11-10,1.5048781219282177,1.7062110216720283,1.6669898423410976,1.5542222005655797,1.340733854765316,1.89092069957362
2022-11-11,2.834095974824765,1.6629037841572318,1.5113934479987792,1.4351193292121656,1.2866056022273424,1.7691601758910314
2022-11-14,2.49914098475652,1.5170066807797222,1.3792047213646264,1.3321295265832875,1.2380222651108224,1.7350160812824915
2022-11-15,2.220603835787593,1.5503976377000392,1.4313456797643058,1.3729630334673055,1.257495196757313,1.6632440022111326
2022-11-16,1.968546864437856,1.4162445416717606,1.309089201353413,1.2767588047213816,1.2111528643849092,1.5693040613805318
2022-11-17,1.765034620932033,1.4447710123339623,1.352067041071574,1.3107596486785988,1.2277195524500508,1.5836954966775272
2022-11-18,1.5540188357862532,1.3761373150550975,1.3013017832907827,1.2724628450296518,1.2137100462965698,1.5679892981364776
2022-11-21,1.3727956079450776,1.2544493774445282,1.1954121664657291,1.1875551140103808,1.1711490423763073,1.540409514307921
2022-11-22,1.2255748289288424,1.2214373221729884,1.1718010993104362,1.168434255399111,1.161364850160616,1.5270861733859131
2022-11-23,1.234349750885488,1.1400792738641874,1.080183345784768,1.0935435736898298,1.1222745913023602,1.5236581413300068
2022-11-25,1.1187034952075214,1.0513028062108585,0.9995536838768008,1.0266468779148932,1.0862505337556452,1.4844942977915672
2022-11-28,0.9916069284114762,0.9757606511850518,0.9325557936193609,0.970296968402012,1.055013393373253,1.4985306755424386
2022-11-29,1.1965909083696462,1.271185629066046,1.2278651337917772,1.2137132316275716,1.1844188299655845,1.4877061616804388
2022-11-30,1.0635552403670292,1.1980755522350883,1.1632145081304954,1.1614574547909973,1.1577800703245387,1.5231603701232208
2022-12-01,1.72284640181179,1.1217180693529067,1.0709943450810469,1.0859668736087993,1.1182524996502055,1.5029108279934211
2022-12-02,1.5115404174761184,1.049542655966517,1.0057279231383152,1.0318124634690453,1.0890724655527648,1.4677354745143951
2022-12-05,1.331413931851221,0.9938284991444524,0.9556319601938442,0.9897975847445201,1.0659202196086448,1.4694474665441202
2022-12-06,1.4826784503365011,1.3419387005582115,1.3018573146819652,1.272908192649344,1.2139333248458206,1.404601501919149
2022-12-07,1.4952440888413885,1.5354878997223362,1.496418286847446,1.4256539238937218,1.2871661289640268,1.4001460184321166
2022-12-08,1.319633831110702,1.4315973696650393,1.3989613169288782,1.3496375452046059,1.2512202412616824,1.3839094275543835
2022-12-09,1.209241503995983,1.3120855192869003,1.281111330372716,1.2563784793136463,1.205757781139828,1.3709000865607854
2022-12-12,1.141029172380464,1.3531552222237349,1.324833510619264,1.291156546487154,1.2228845603284848,1.1217683426263054
2022-12-13,1.196440003305465,1.2576503471544445,1.2152816509835282,1.2035932200326214,1.1792710450930786,1.3108174921384
2022-12-14,1.1047072804673097,1.158625852501873,1.1191837189349314,1.1255646262467442,1.1391105187809059,1.3188285215466051
2022-12-15,1.039694361460722,1.1966743075343649,1.1608793456074287,1.1595668108400137,1.156769155740271,1.3091972546657302
2022-12-16,1.5318492544367956,1.6850185974432492,1.6444447707177263,1.5393778989124036,1.3392129312048584,1.318889541664069
2022-12-19,1.4760785691168687,1.7683520231294876,1.7304063990841632,1.6045389859222081,1.3682188312033674,1.284905787204797
2022-12-20,1.3723957177045112,1.769365043921815,1.7419672176556218,1.6184753291020022,1.38589812298587,1.2716178093785229
2022-12-21,1.2087805433816603,1.593428639123181,1.582992826293338,1.497237363787992,1.3312213058040876,1.2802607205924892
2022-12-22,1.2587076458324615,1.4692969315821724,1.442895755636381,1.3885008859667538,1.280331257162738,1.3502423166798847
2022-12-23,1.3274462583351812,1.6396869184817,1.613655793818726,1.5207931336052176,1.341984170614699,1.3566070550140037
2022-12-27,1.192729962737444,1.4897261841846656,1.4705379796236346,1.4101066676336937,1.2905601625868783,1.359318403307797
2022-12-28,1.0797325616636206,1.435371767617332,1.4201716117406153,1.3706831865305236,1.2717824286574575,1.3466733257453507
2022-12-29,1.1512773632522677,1.5685814324494982,1.5529198315517698,1.4740530730494488,1.3204840106135447,1.361295502260604
2022-12-30,1.3008806342009962,1.4542304916824706,1.416290253312244,1.3676340196076306,1.2702802829223858,1.3255033246147827
2023-01-03,1.1587363390762655,1.3266721894012363,1.3473753366442658,1.3132358261218628,1.2438974180175995,1.351667986023114
2023-01-04,1.0557902080998145,1.2983871103020674,1.3175246035932038,1.2895133339479494,1.2322137206520898,1.3313838340023638
2023-01-05,0.9940619753254314,1.1954124631589618,1.210279171003549,1.2034263880464784,1.188990235725482,1.3076334290498612
2023-01-06,1.0616320975589617,1.339069667884013,1.3502597469013629,1.3154847780649173,1.2449880567895115,1.335017288902255
2023-01-09,1.396987278546356,1.2637180849993597,1.23779977557988,1.2256169125905692,1.200279250733701,1.350150681604555
2023-01-10,1.234323863033566,1.172187907558124,1.151096107340968,1.1552967842676445,1.1641806082961172,1.3473571095982746
2023-01-11,1.1304655929670075,1.0825837776012823,1.0631583849994766,1.0829586560484923,1.125918625373588,1.339861988186064
2023-01-12,1.1458543002756547,1.0154345411919037,0.9845359220851553,1.0173404607368954,1.0901284913546998,1.3525599503993089
2023-01-13,1.0256296766132134,0.9365665091753032,0.9152787056949475,0.9587318100477916,1.0571980303065611,1.1776410922529246
2023-01-17,0.9257549758317072,0.8669868100754455,0.8533710956873662,0.9056264993534907,1.0264989137890674,1.1391569849865204
2023-01-18,0.8397819600911698,0.8455400537589559,0.833413422836249,0.8883503767578258,1.0163370663565219,1.1105021265507382
2023-01-19,1.0952640173918584,1.160065748293074,1.1447193313443984,1.1500900500447866,1.1614729656468914,1.101245323308255
2023-01-20,1.0474517734567836,1.2164439527607047,1.2027387229697146,1.1972848267997405,1.1858845054753047,1.111017581840819
2023-01-23,1.248832605819275,1.1465550549938808,1.1067120365062169,1.1182346684553897,1.1429587269498498,1.1208751080387065
2023-01-24,1.222312753818254,1.0706108649222863,1.023180893501089,1.0490661112753,1.105858984824205,1.1085843874172103
2023-01-25,1.086477754232978,1.0113201282126938,0.9701740916457754,1.0046047526964317,1.0814010094592719,1.0613857737039565
2023-01-26,0.9668717109070548,0.9312416992789884,0.9026409340621605,0.9473259729693964,1.0490884889165628,1.0730517712115144
2023-01-27,0.986668954500592,0.877597934430716,0.8412970855925624,0.89459824429238,1.0185005938906069,1.080588897110755
2023-01-30,0.8843048076205416,0.8110655020833453,0.7870836458243345,0.8474035055678668,0.9903675288492473,1.0847358917686865
2023-01-31,1.0181416836959527,1.043442280011914,1.0190467711584903,1.045579920485681,1.1040097762557384,1.0634292051921368
2023-02-01,1.114128132742532,0.9483826578479396,0.9449297143665424,0.9832966223438836,1.069500399871119,1.0998722247465471
2023-02-02,1.090944097435406,0.8916648815006719,0.8791650376202029,0.9272543326693313,1.0375345326355752,1.0865474869281264
2023-02-03,1.1618177858205905,0.8494072896799573,0.8199410767038218,0.8761174024125149,1.00755225542552,1.1155032416798498
2023-02-06,1.165851790913606,1.025501030095959,0.9977290411174425,1.0278059390210368,1.0942366328594126,1.1180826297919766
2023-02-07,1.086554900871678,1.0739949788378225,1.048944890817862,1.070534400036508,1.1175271363223533,1.0779769410536308
2023-02-08,1.1225724034954576,1.008261977214027,0.971726930422236,1.0059425407934395,1.082165930058829,1.0628584439309676
2023-02-09,1.1432023088251364,1.167711799300066,1.134550819646941,1.1410774129736037,1.1550231773965987,1.1065447493431997
2023-02-10,1.111158385129755,1.2532479988055245,1.2236345657971832,1.213459565427113,1.1923349107665115,1.1017452337114235
2023-02-13,0.9914218978609476,1.1446949031687972,1.1276760513154949,1.1354516039191536,1.152081849013633,1.082193975835599
2023-02-14,1.021325318705076,1.0680738287644442,1.0418129878182425,1.0646025499062202,1.1143482242981972,1.0799770537393247
2023-02-15,0.9145207131063604,0.9978923990565334,0.9751388977123882,1.0088454029760408,1.083791568866276,1.0829034355217435
2023-02-16,0.8291821906545797,0.9204069740395482,0.9068225514509112,0.9509542225926596,1.0511883748659252,1.1006550713607135
2023-02-17,1.0192921455414683,1.1643615800416067,1.1498791060929785,1.1536434885977764,1.161593555687164,1.0938345380183605
2023-02-21,0.9242656193287409,1.122306709899196,1.109984712955264,1.1209692608854847,1.1444722866041896,1.0948338132160431
2023-02-22,1.2923906873990083,1.495711140249257,1.4825754816432473,1.4193129924798817,1.294561001968907,1.086808995996284
2023-02-23,1.149231041866652,1.3921732467813517,1.3817027583551347,1.3402232874705606,1.2567614517760506,1.127242961915747
2023-02-24,1.042570037346791,1.2732074808956622,1.2670087260878717,1.2489610955969028,1.2117830764556525,1.1100643622825628
2023-02-27,1.0779431024474204,1.388913812346163,1.3826434450219014,1.340927971927947,1.2571195011568697,1.1241116621042964
2023-02-28,0.9679772493404034,1.266444292221101,1.2680057364834987,1.2497417126493895,1.2121749936064548,1.1169969731251714
2023-03-01,0.8933215286058916,1.190553209633637,1.237680908752692,1.2253623331191963,1.1998891187288347,1.0963654863497163
2023-03-02,0.8339446363133229,1.1708204246756868,1.2137523111944886,1.2060581082258597,1.1900665504925607,1.1040962595747346
2023-03-03,0.8200100923683474,1.0838923706318089,1.1185492551458804,1.1285229961128724,1.1498700388298115,1.0643025317279369
2023-03-06,1.0214640812346063,1.0258065889030796,1.0334338885302983,1.0581542324880218,1.1122246150852875,1.0425810373624915
2023-03-07,0.9137681802486616,0.9394674810292424,0.9591274106581568,0.9958260358662833,1.0778585654953472,0.9962956095353254
2023-03-08,1.1189104772166936,1.218852036662466,1.233624588147328,1.2221472846368235,1.1981935686597072,0.9892655229106542
2023-03-09,0.9977078458624696,1.1125015204994009,1.1366946626023233,1.1434236814126981,1.1576505681836402,1.012871043262611
2023-03-10,1.2730573273302228,1.4415235280362215,1.4601208705177602,1.4018039540432665,1.2862032958741239,1.0361251724521745
2023-03-13,1.3375073516325684,1.6157716996197755,1.631959751770721,1.5346284291289733,1.3478125146757631,1.0625924521481886
2023-03-14,1.1896277077522024,1.4972192715651529,1.513327674751246,1.4432265329684382,1.3056629752368594,1.1329603170152474
2023-03-15,1.281585253389159,1.3908665441921673,1.381674467359296,1.3402110036850565,1.2565235252320612,1.179599431383786
2023-03-16,1.1841845585849982,1.3949556200321431,1.3883909216185426,1.345509392571211,1.258942206099466,1.1894424241439128
2023-03-17,1.3046148434030442,1.3034175655082905,1.2718180910274288,1.2528450927787615,1.2131775885749814,1.1964656771917503
2023-03-20,1.2971693151255477,1.4357652340543414,1.4093232298797915,1.3619894860690531,1.2663976072961827,1.1632023956015924
2023-03-21,1.219662382620735,1.3214225567303837,1.2909323373441932,1.268139265327971,1.2203611149934095,1.1819413715473654
2023-03-22,1.2232175018408622,1.228799026875226,1.1863045057758217,1.1838505081294384,1.1775640573822128,1.2082194668265969
2023-03-23,1.3735792276854937,1.5000842595127506,1.4639998348164691,1.4043940325841453,1.2851342222567084,1.2489042736390952
2023-03-24,1.2190106325887278,1.3624450504305805,1.3395151202824342,1.3064186967782099,1.2380206434797512,1.224168190223064
2023-03-27,1.1148412315742997,1.2501247670733897,1.2296591715823681,1.218538272526521,1.1942989373246022,1.2062758562980995
2023-03-28,0.9946889963561636,1.1406415033068629,1.133091601767302,1.1400825888598611,1.1538714540116755,1.17461153597534
2023-03-29,0.902526251103282,1.0955161767210475,1.0902562225661447,1.1048892171663183,1.1348919630859422,1.1947297760520377
2023-03-30,1.02954605009933,1.0326528707720737,1.0083759154751497,1.036877172362491,1.097569352776482,1.2011827233618368
2023-03-31,0.949448637330799,0.9572022699523388,0.9362662623403027,0.9761361052827595,1.0637805382033676,1.1942943489982738
2023-04-03,1.0496237420205003,0.8666542818316322,0.8711441384722652,0.9205312098564566,1.0320742407830892,1.1798796259212996
2023-04-04,0.9485156637702936,0.8053288657372313,0.8137588570141542,0.8708830316309377,1.003002229590301,1.1763165816105898
2023-04-05,0.9029509777228026,0.8671458786420148,0.8747244675089345,0.9235851225501469,1.033962323236495,1.166832320721913
2023-04-06,0.8294697278654025,0.861051126525639,0.8679823271728723,0.9177231021385778,1.0305787997886253,1.167559346220737
2023-04-10,0.76446652970116,0.8005202565974553,0.8109146689745237,0.8682243701152671,1.0015474345207749,1.135339717640239
2023-04-11,0.6966781668260679,0.7400876476740164,0.7599232135899372,0.8234193944710735,0.9745336284039001,1.1030467395638095
2023-04-12,0.6405354656032863,0.6917636839550183,0.7140727612581288,0.7825767428281354,0.9493085863981358,1.0349321775636864
2023-04-13,0.636203253985567,0.7352741029273032,0.7545076800602938,0.8183636914115848,0.9715226759794685,0.9662795512943004
2023-04-14,0.8221415661602178,0.7087329002317703,0.7079498369917673,0.7769691683185871,0.9458479325914397,0.9190528391255964
2023-04-17,0.7607995292203188,0.7164131785732785,0.7149790282645315,0.7832073115365207,0.9498753723416942,0.8837904250011642
2023-04-18,0.7049905028565682,0.6702468003582867,0.67309081769377,0.7457702748354824,0.9260915914343772,0.8703650757243051
2023-04-19,0.6469468097514632,0.6222711654285318,0.6353892133746205,0.7117643464903501,0.9037615770722801,0.8740951344563218
2023-04-20,0.6005812442825088,0.5940389601982782,0.6045357413779495,0.6835558874232207,0.8849277224327273,0.862824481258724
2023-04-21,0.6328814450674559,0.6796880082896763,0.6874544131153003,0.7587199027824496,0.9340951119306942,0.7964336701881138
2023-04-24,0.5870863914007796,0.631045187710589,0.6395955206951282,0.7112857540963247,0.8911493806395239,0.7153242859811688
2023-04-25,0.549541201933528,0.5877939675250383,0.6044008146516293,0.6792210969366212,0.8702557357886488,0.7018778713423376
2023-04-26,0.9390630386625416,0.9646254981437226,0.9740042066086323,1.0014713833545663,1.0637321014539447,0.6943768307042711
2023-04-27,0.8768783285697314,0.9800067395606152,0.9877134211016423,1.013026097005609,1.070080411240559,0.7106067087898402
2023-04-28,1.1800687367648657,0.9418309176940672,0.9151657815231615,0.9523228436568231,1.0364683727526698,0.6703181036009632
2023-05-01,1.1059923975059776,0.8582306026220097,0.8512716181042764,0.8982200726533663,1.0056636502599754,0.6561990380858745
2023-05-02,0.9915830242103238,0.8220563455874798,0.8143925710519236,0.8664890547897657,0.9868588944738066,0.6885424339937968
2023-05-03,1.0522429090845922,1.016605897333786,1.007040512282917,1.0298262111261582,1.0768420720857932,0.7130146723933843
2023-05-04,1.0073877894767376,1.08200032200298,1.0719851206285953,1.0834342648933935,1.1003413537442641,0.709354074210366
2023-05-05,0.975425672991346,1.143796229932763,1.133425061332032,1.1336371910254959,1.1191737880881618,0.7442186187931408
2023-05-08,1.19127589531539,1.0807543712236696,1.0450167206272087,1.0611443577422985,1.0746269451688688,0.7372165793887588
2023-05-09,1.0614196841622392,0.9958160181620316,0.9682155394736125,0.9972644381282626,1.0341912502798167,0.7242278501165416
2023-05-10,0.9801153341500966,1.0114887982484035,0.9856339297222052,1.0118350186939256,1.035764347944839,0.7679655201994633
2023-05-11,0.8974708431565056,0.935706637010402,0.9148975206693878,0.9521620751736866,0.9981170594393389,0.758324854223483
2023-05-12,0.8186803775323017,0.9052886722656528,0.8854532273173759,0.9270421277924661,0.9790968803637198,0.7620515696261894
2023-05-15,0.7498274846785528,0.8697963242199794,0.8507765531464009,0.897375151440329,0.9577128011334876,0.7496370344242591
2023-05-16,0.695497895661972,0.8070400126031955,0.794544186395565,0.8488431014431355,0.9258414807048782,0.7495527902035711
2023-05-17,0.7288854387541513,0.8950824237175504,0.881696410833566,0.9239563274104453,0.9625706889186938,0.7670366310722077
2023-05-18,0.8446385221353129,0.8471237692611285,0.8212437024902025,0.8723046373970045,0.929971145515262,0.7590356805838677
2023-05-19,0.864653659199525,0.7992593341699485,0.7673354960658351,0.8255726423991333,0.8997967895788075,0.7370244795523448
2023-05-22,0.7892438194532342,0.7781188793780383,0.7477686112819816,0.8084558660380577,0.8862585794895673,0.737317858093955
2023-05-23,0.7185988377043351,0.7234774630780314,0.7030799634671027,0.7693027112800177,0.8608453641991595,0.7553888415382686
2023-05-24,0.8652996612516876,0.9343012000221144,0.9136979875289162,0.9517824315425637,0.9572726602983135,0.7466843604371207
2023-05-25,0.867885167292705,1.018548012793014,0.9987244055919682,1.0211022023725067,0.9899366226816504,0.7666677327570832
2023-05-26,0.862682525294929,0.9499591166146122,0.9263896930060238,0.955961135095989,0.9555753555086857,0.7565506722827035
2023-05-30,0.957189783205483,0.8976312621963379,0.861447586177625,0.8951951101109884,0.9235263241288383,0.7643424912817567
2023-05-31,0.8608764348712421,0.8308001947763392,0.8044798527129692,0.8411845955530239,0.8942758749590344,0.7737033906423879
2023-06-01,0.832307346610161,0.8565247943608608,0.8652176856792526,0.8871088383101939,0.9191852716734682,0.7563994489045869
2023-06-02,0.8522080030613319,0.8068411655682756,0.8053508523910284,0.8331742852025151,0.8898662689186876,0.746813555285158
2023-06-05,0.9902387047887642,0.7720125675755517,0.7492322215799473,0.7840957181986807,0.8624095880714154,0.7437185160442732
2023-06-06,0.8984959565030949,0.7629691704223598,0.7357223649938139,0.7723851282790605,0.855748961131852,0.7043087800124314
2023-06-07,0.8134845305949245,0.7091081196428466,0.6863920576298812,0.7299583700701642,0.8311531303905817,0.7083203755562537
2023-06-08,0.7653997695768511,0.7384190991223943,0.7107934552973815,0.7510101552650185,0.8434776500562534,0.7084785474760343
2023-06-09,0.7380090832935419,0.6944908157489208,0.6636815421096207,0.7102490096685847,0.8194922184212152,0.6642057271721508
2023-06-12,0.6770768869027837,0.6468708441709565,0.621777112871503,0.6735263726932931,0.7973047713625298,0.6615780212479265
2023-06-13,0.7289988504158994,0.6180416171919417,0.5833796441202522,0.6394717177633221,0.7762013579845116,0.642931556548866
2023-06-14,0.7178776995084973,0.5872406077740681,0.5489307150121956,0.6085692773743289,0.7565776488415723,0.6572288136596669
2023-06-15,0.6590396454565235,0.5489968437681477,0.518250885333907,0.5807401531014539,0.7384874530683019,0.6770923921391884
2023-06-16,0.8058076284217923,0.5362694032781474,0.48938778894604584,0.5542895444341644,0.7208999267481946,0.6647153073894704
2023-06-20,0.758529265709268,0.5835256759870918,0.5340047802963627,0.5950696524094857,0.7478430083451973,0.674049751784024
2023-06-21,0.7467454043194017,0.6653767875261898,0.6138162593501175,0.6664824406939456,0.7929582569757978,0.6732846984608233
2023-06-22,0.7364610605309293,0.7358087888888314,0.6825354185393743,0.7265887258094914,0.8291498385787028,0.671486282828666
2023-06-23,0.6861110064537385,0.6874717534490453,0.6391283019719172,0.6890057348954928,0.8074319822387563,0.6797888950183156
2023-06-26,0.7419152484133636,0.8113783483782167,0.7612907690438111,0.7943764758165475,0.8690567080045232,0.6776876906484697
2023-06-27,0.716078525786091,0.8422984020711559,0.7903650616071336,0.8189788317209026,0.8828688818267003,0.6531139352573778
2023-06-28,0.8032049311672512,0.7969433009001375,0.7344960120485596,0.7715999748873104,0.8560589032254958,0.6460570764851588
2023-06-29,0.7307137642403783,0.738676513361587,0.685475578270295,0.7294583448952874,0.8315454261011317,0.6320722038619605
2023-06-30,0.6843512884029296,0.6906804777557967,0.6411996766530319,0.6909137168797059,0.8085182775292957,0.6387643680685046
2023-07-03,0.8028571127106203,0.6364234728451866,0.6006694186283694,0.655184658975051,0.7867065418920995,0.6139699718995054
2023-07-05,0.7306619875432065,0.5933777178223053,0.5650921397090997,0.6234249236708156,0.7669002102626474,0.5989542792672964
2023-07-06,0.6785401750684139,0.5943749622416269,0.5619910849758695,0.6206077671398179,0.7657602950520788,0.6247317135731036
2023-07-07,0.7432335569123082,0.7374336801366733,0.7021027766035232,0.7438019681967786,0.8414536514653902,0.6466608376996288
2023-07-10,0.6980235682987878,0.7442781594129315,0.7057061156014452,0.7468759010310819,0.8438139905622986,0.639697854981828
2023-07-11,0.6469450931401287,0.6931181848344604,0.6595101530764297,0.7068236868202367,0.820645158748255,0.6406955827080596
2023-07-12,0.6501964803928562,0.6546520175564564,0.6176423676027782,0.6700925248457337,0.7987549172092687,0.6698663164207997
2023-07-13,0.6855617753727825,0.6233452394502532,0.5797774328744226,0.6364746881025003,0.7778345321264987,0.6751023695823256
2023-07-14,0.709273943827924,0.594918469086856,0.5455905025545085,0.6057677907897876,0.758151355245826,0.6771335381500105
2023-07-17,0.6555449064892621,0.5787063671605949,0.5273141353306005,0.5892073464535564,0.7474712934599798,0.6564135593874932
2023-07-18,0.6186250923288694,0.5457877377417011,0.49846845553938335,0.5628483487176461,0.7304786949439745,0.6372359216904603
2023-07-19,0.6494176914650928,0.5238371185409401,0.47189446629061765,0.5383075780807737,0.7164135361862451,0.6254304737495407
2023-07-20,0.6052295623974026,0.493624540734016,0.44817089815221434,0.5161868227568376,0.7049304793833439,0.6137697110262564
2023-07-21,0.6625639378376886,0.6218078045545606,0.574910201075798,0.632130935477162,0.7876058290298703,0.6138475803269874
2023-07-24,0.6143305540994447,0.5909964999672062,0.5419162153028593,0.6024501349817029,0.7730339756658765,0.6150472888526443
2023-07-25,0.5960713782468184,0.5588588726189243,0.5111667206000142,0.5742595190939253,0.7578852079656624,0.5828468431698106
2023-07-26,0.5644800286655942,0.5263661322836863,0.48382869531440104,0.5492094023079365,0.744900034549983,0.5803943129480025
2023-07-27,0.5333190208457964,0.5017623803363219,0.45920159645663106,0.5264476834076286,0.7325576722982637,0.6199294967400444
2023-07-28,0.6131455738469409,0.6286109975045946,0.5841195705974622,0.6408472065812313,0.813763152176451,0.6520323350525756
2023-07-31,0.7014306828891963,0.6033455030598218,0.5493023833590651,0.6099991268149418,0.7935923845831537,0.6529718776355417
2023-08-01,0.64532794555941,0.5418356524717924,0.5185131645451408,0.582421800753041,0.7733766539025476,0.635292667990406
2023-08-02,0.6227472995684882,0.5764244950142132,0.5483872591733953,0.609920717745216,0.7903192362493058,0.6647888713317731
2023-08-03,0.893583058773062,0.8909005918138482,0.8648535630478028,0.8839577188973813,0.9554309795193439,0.6756300620679563
2023-08-04,0.8256937580920656,0.8878876647270761,0.8577732584505596,0.8775097316821745,0.9501568189788169,0.6744294982508545
2023-08-07,0.7897966083228802,0.9186847992232594,0.8851513392279052,0.8996757663987928,0.9609484812584693,0.6555374641842389
2023-08-08,0.8028211500957907,0.8609162481037097,0.8196876909506647,0.8448103998262287,0.9286683366115939,0.6931351807619284
2023-08-09,0.7689215062722107,0.8912509979903852,0.847981361113781,0.8685807369792397,0.9403303765366544,0.6922028475661394
2023-08-10,0.7829978428838287,0.9673165770265606,0.9227861487440339,0.9333913272230141,0.9727186518413627,0.6995126337868309
2023-08-11,0.7143444354613381,0.8945463963729516,0.853432712110153,0.8807574555135177,0.9399385456314384,0.7034662278241887
2023-08-14,0.6596570385608449,0.847109523979593,0.8026414205871816,0.8431381348305197,0.9147893590780767,0.7027584439635008
2023-08-15,0.6458445981163955,0.7910466738055746,0.7460998199257967,0.7993622999450608,0.8859106720863026,0.7123397867320006
2023-08-16,0.8305679438568546,0.9973290590881592,0.9544566768700802,0.9818568086989352,0.9811016002306697,0.7167793620155284
2023-08-17,0.8429935924341876,1.074109012869074,1.0329222455463163,1.050065919153066,1.0115031654088624,0.7254780939898015
2023-08-18,0.8582312344983213,1.1471346554673578,1.1096599384564239,1.1139195782460583,1.0388285830887352,0.743395745320547
2023-08-21,0.7778377460542811,1.0521654376376093,1.0253341021910303,1.0433678816178453,1.0011842939766764,0.7542917688966034
2023-08-22,0.7540723730892843,0.9756966708444942,0.9501611809587901,0.9764557476630987,0.9667595300372546,0.7580222150043998
2023-08-23,0.7088913955069924,0.9600707458464832,0.935985775200468,0.9587688886516379,0.959880973571419,0.7646128638711502
2023-08-24,0.8003360832740339,0.9022606270958788,0.8702142981215825,0.8976372807505162,0.9310983230793985,0.7771357745581716
2023-08-25,0.9948077269199526,1.145543584526933,1.1204701179202934,1.0958981387451192,1.0392980866557733,0.7717519741256722
2023-08-28,0.936839690483542,1.0595774209400075,1.033244633913641,1.0209199728531855,1.008697562025174,0.7558575684501806
2023-08-29,0.880110148165387,0.9819822717045216,0.953053449841629,0.9538191069476761,0.9801752659481126,0.7696232022615147
2023-08-30,1.0054877140954508,0.9279015995196735,0.8791988213630779,0.8929478158351587,0.9532225929086915,0.7672702045266884
2023-08-31,0.915075585699013,0.8606575852892958,0.8142455839057325,0.8388727542475097,0.9284562738659343,0.7452710163786298
2023-09-01,0.8338107889394353,0.8003269185548949,0.7845684307553271,0.8139123972247184,0.9193562477346869,0.746031197895744
2023-09-05,0.7592401076465192,0.7430065587436883,0.7301024174836686,0.7676356440124502,0.8968923891961665,0.7202071392826045
2023-09-06,0.7336157798623913,0.7858426879551794,0.7677365110772816,0.7996687263457719,0.9209141858328259,0.7316015381784817
2023-09-07,0.7564140599112985,0.8750681082012101,0.853150656795665,0.8713219783090191,0.9675630788663834,0.7188203528899553
2023-09-08,0.7150663250195487,0.8777657727597489,0.8507904431931517,0.8693584732865335,0.9711391792116513,0.716661043335769
2023-09-11,0.6583040088303361,0.8117532354091601,0.7891840622961376,0.8177848315135968,0.9452756088320808,0.6896724638884288
2023-09-12,0.6624812290021418,0.7617323928647644,0.7338029295630901,0.7707765461167893,0.9206983415194425,0.6866760515430137
2023-09-13,0.6781145958181574,0.8270179995897529,0.7960547586358164,0.8236037406090599,0.9567039451001476,0.6841747084611954
2023-09-14,0.626894257261162,0.765693046259518,0.7404150876933078,0.7770056895708707,0.9318621331405865,0.6849172071097573
2023-09-15,0.6809215743016988,0.7241097800930425,0.6900072775535782,0.7352470667898933,0.9082133881216194,0.6878244934020646
2023-09-18,0.8614079542020633,0.9500718501739406,0.9184894196719456,0.9312763964219151,1.0282184111638488,0.6781710885703176
2023-09-19,0.7814376242880591,0.8755516808085921,0.8494464411303413,0.8798502236748728,0.9986450664599353,0.664004604907659
2023-09-20,0.7258771041823394,0.8587386010994654,0.8277691491747626,0.8673457869502228,0.9913361868638886,0.6570883772103787
2023-09-21,0.8087135912728658,0.9938972709826348,0.9624495147453861,0.9863204449935423,1.0595012311404264,0.6733503900878917
2023-09-22,1.0833615207783978,1.2863089900125575,1.260109583930731,1.2333272871941579,1.1885381916036108,0.6731027863492608
2023-09-25,0.981522902124426,1.2262611701606585,1.1970717789450853,1.1864565159860834,1.1650175283889153,0.6576231688488138
2023-09-26,0.896682337168549,1.1267071190781557,1.1026723495150335,1.1100243172066075,1.1256256866811452,0.6479629805252033
2023-09-27,1.0780490828846252,1.3506006603419942,1.3349165757674017,1.2968372320196069,1.2198956302316086,0.6627642195814891
2023-09-28,0.9669767182960608,1.2344444571965902,1.2249044566835041,1.209236042785086,1.1766141783429076,0.6653201623269456
2023-09-29,0.8994471360636679,1.1367742853695335,1.1273950123118825,1.1303136296588954,1.136317586767833,0.6990804207046015
2023-10-02,0.826279373859792,1.0618783875793496,1.0876594563800352,1.097792743048785,1.119319767321329,0.709529679928442
2023-10-03,0.7538635766749695,0.9932764589523968,1.0138174788834293,1.0366842082834768,1.0866387231424388,0.7310236840021951
2023-10-04,0.9463172921822138,1.205224505952591,1.2283678007655534,1.2116498315611866,1.1775625029876666,0.746313134868135
2023-10-05,0.90197223129132,1.114076506327894,1.130363573845866,1.1321686439471021,1.1352577753194852,0.7456214868473652
2023-10-06,0.8180357285032355,1.0392962454152612,1.0512569686919582,1.0673204008266939,1.0969655202198336,0.7887185269435801
2023-10-09,0.8946028698170831,0.9747607813576108,0.9729607679202658,1.0021763104012504,1.0557575944919633,0.8028677314346252
2023-10-10,0.8477697265970799,0.9075946014151148,0.9036911869446671,0.9437765498565552,1.0168156863305617,0.8077073839006675
2023-10-11,0.7947718224736185,0.8454892274984843,0.8417822273015018,0.8910196705229266,0.9807154932585924,0.8105647105214421
2023-10-12,0.7398178201645046,0.7879329988684938,0.7864564111920402,0.8432338416461495,0.9471876633552279,0.8300193627973437
2023-10-13,0.7479681608909499,0.8624005185123014,0.861810897671302,0.9084180228980542,0.97842546607265,0.8448096749044499
2023-10-16,0.7345124842707161,0.904619286296408,0.9041761999202107,0.9446341951862827,0.9926108220031381,0.8478319367059525
2023-10-17,0.8024937946581703,0.8522485305783498,0.8419220240711907,0.8913841792491787,0.9579264820575398,0.8744134552994816
2023-10-18,0.7327216701429146,0.7997450398416274,0.787984413813884,0.844638473522258,0.9266502636703248,0.8818229774332961
2023-10-19,0.9314713135603588,1.0428895688779851,1.039523629834604,1.0581961604862518,1.0358162882779214,0.8965127031397723
2023-10-20,0.9480038280584132,1.1431069819391604,1.1426282800731289,1.1428342740914548,1.0725309448001425,0.8853765725220879
2023-10-23,1.0430818104449466,1.306865811814983,1.3095604301346735,1.2757682634869074,1.1281102715338736,0.9082414573007384
2023-10-24,0.9442210372205936,1.2349210827957864,1.2348221074563492,1.2161892921898334,1.0956304273800659,0.9199939597264736
2023-10-25,0.9040616587094508,1.1408420353137227,1.1358316857570567,1.136156721392915,1.0532338311130378,0.9084964045627206
2023-10-26,1.0709767068691505,1.3524556703513857,1.354189853144301,1.3103944752371273,1.1293812890640569,0.8980078599287686
2023-10-27,1.1237224445433005,1.479679266052083,1.4844493081678765,1.4097738052420439,1.1691950448950643,0.9007172870352161
2023-10-30,1.0354073369124244,1.4395830580031663,1.4420343865212804,1.371699850305825,1.1506275459672135,0.8978433756174055
2023-10-31,1.0559279983422278,1.329382883775006,1.317844926042854,1.2675483071701945,1.1038201696802714,0.8990310489160644
2023-11-01,0.9789857030433744,1.1820022752653985,1.2090735139410438,1.1741760828063261,1.0608457952946149,0.878455168888504
2023-11-02,0.9864999572239316,1.0994912975359232,1.1123618475767547,1.0905756046088921,1.0210154383434515,0.8901611933531963
2023-11-03,1.207476395967936,1.0410718917530468,1.0247324705561616,1.0151544106371777,0.983866332233706,0.8884957341499707
2023-11-06,1.141950399643448,0.9715765084095078,0.9457819565296687,0.948303981927258,0.9498090439311677,0.8345274217547938
2023-11-07,1.0253722498660756,0.8977405329766182,0.8744866887495115,0.888735141116261,0.9184790675328885,0.8224849334078221
2023-11-08,0.9272147222727656,0.8326971398606983,0.8102397710586365,0.8350386476506669,0.8893550121167577,0.8126356227189885
2023-11-09,0.8385788202222615,0.7707382697689809,0.7531154848820961,0.7867127326685243,0.8623598457144731,0.8062735409702164
2023-11-10,0.8565112676885966,0.8839686135049835,0.8649378371458128,0.8804915935112679,0.914042057756748,0.8130522701430368
2023-11-13,1.0199761045648732,0.8427864456926413,0.8004059090389204,0.8266368435060342,0.8847007751114051,0.7958147703451296
2023-11-14,0.921606286454456,0.8080051584017647,0.762306208999341,0.7944671671817387,0.8667319653879579,0.8325013418444986
2023-11-15,1.1744523946849057,0.7815599152684778,0.7085239230635665,0.7485433633635366,0.8404618157192784,0.804089633894792
2023-11-16,1.0529102627271103,0.7272427544071072,0.6619173328560247,0.7082171291837721,0.8167451948294904,0.7896204307499645
2023-11-17,0.94662659545663,0.6768094813704976,0.6201427580055472,0.6716254064730544,0.7946533171660141,0.7648092976966
2023-11-20,0.8553924063140897,0.6313701344021967,0.5825256270704869,0.6382830861125423,0.7740161556066331,0.7637175019054728
2023-11-21,0.8359794559005074,0.6017412503081229,0.5483880160390131,0.6079017187588021,0.7554758890515847,0.7351416616546422
2023-11-22,0.7726660184831298,0.6151949805205961,0.5608755760026647,0.6191413509823267,0.7626646314562057,0.7159918861486044
2023-11-24,0.7200500626523161,0.5802940915332082,0.5287856410937753,0.5901620133682975,0.7440004796670354,0.7036396585035896
2023-11-27,0.6627473249607356,0.5429381238943346,0.49999787042858973,0.5638855060730094,0.7266882863132479,0.6906978892570512
2023-11-28,0.6259408947125337,0.5547011952709335,0.5094624781441042,0.5725554317557147,0.7324412502299199,0.6745334007717008
2023-11-29,0.5841117137776632,0.5203715286191726,0.4824158391731977,0.5476987133768064,0.715827993917189,0.65236258624822
2023-11-30,0.5538001149982859,0.5128648414823367,0.47150091745512696,0.5375949127401739,0.7089725361356901,0.6444244876663668
2023-12-01,0.5398275935366413,0.4591460076197945,0.44758962486776255,0.515304851868358,0.6936303323835877,0.6410325374550835
2023-12-04,0.5612821817283611,0.4410067849433164,0.42558549241819205,0.4945955021394505,0.6790873130650462,0.6520483825430505
2023-12-05,0.5980549411576983,0.5400874942746644,0.5203827665720253,0.5825189016648454,0.73902173014704,0.6448289286337121
2023-12-06,0.562464726589587,0.5216256540245018,0.4961856296157211,0.5603815809558328,0.7243700993269317,0.6534360589574801
2023-12-07,0.575442291015327,0.5830284374333247,0.5538984660082826,0.6128639173619113,0.7586769428656384,0.653926882126523
2023-12-08,0.6218683042414902,0.5563654401980539,0.5221234302028834,0.584101422608086,0.7400585961307491,0.6507331584904594
2023-12-11,0.6005487857721523,0.5269371543189989,0.49361231997219795,0.5580147845967839,0.7227846160580992,0.6447142303576385
2023-12-12,0.5789388218695273,0.4995571934222139,0.4677335214360594,0.5340931277055267,0.70659856273618,0.6121988530290415
2023-12-13,0.5699097232945708,0.4757109476144159,0.4440958562274248,0.5120299481918128,0.691359625143506,0.6106579112061244
2023-12-14,0.7910871326579925,0.4687500727471353,0.42167089419053083,0.49089506174604114,0.676475298075465,0.5599900517686174
2023-12-15,0.7295353019854348,0.4454822945140577,0.40212573410616875,0.4723010855160046,0.6631154323001467,0.5641208323969
2023-12-18,0.6793490613774888,0.4641598231973731,0.41746960773526187,0.48691349029919734,0.6736420306710191,0.565317374690226
2023-12-19,0.6636570519395476,0.4451203653752378,0.398054353438873,0.46840677795652264,0.6602838390680498,0.5607057567292068
2023-12-20,0.6583367941647228,0.4284619604940153,0.38020918298800244,0.4512454979066521,0.6476651255715298,0.5890150755022959
2023-12-21,0.9058320988611788,0.7867983352965785,0.7637140639778585,0.7991681417649279,0.8794929381488121,0.6052411562169526
2023-12-22,0.9064661413332064,0.7430179699477384,0.7113431606966398,0.7542861682406269,0.8536061133322734,0.610810654324951
2023-12-26,0.8214049409436741,0.6920471766764609,0.6650847363088352,0.7141333569245721,0.8298048692156662,0.6118236780722484
2023-12-27,0.7626982468795032,0.6495642659373487,0.6233120353371109,0.6774269965081701,0.807475183011045,0.6055170082775576
2023-12-28,0.6991148448043737,0.6074534231219775,0.5858921436510648,0.6441494323930642,0.7867221838172753,0.596809435841352
2023-12-29,0.6447317539492209,0.5719832446350946,0.5522191917824604,0.6138628659649491,0.7673883834939126,0.5933701645556124
2024-01-02,0.622976529854071,0.5872356884003037,0.5797393866990977,0.6386393362915568,0.7832493824959209,0.6091201350305194
2024-01-03,0.6503414864458674,0.6745170141020811,0.6639222749591858,0.713121137435013,0.8292109110256078,0.6107426726796924
2024-01-04,0.7289859874545729,0.8089790091161084,0.7978123232244602,0.8280843149118348,0.8958147078277165,0.5758931830686014
2024-01-05,0.694607625444765,0.8216565136923064,0.8054753705731785,0.8345476838821507,0.8994207720757039,0.5782822333064526
2024-01-08,0.6413365057668464,0.7619242774998787,0.7494055339903968,0.7869687060174396,0.8725353571202527,0.5729667715720977
2024-01-09,0.8458627758219056,0.7320755173623908,0.6981029482867459,0.7428642971657683,0.8468950879837052,0.5839558017594734
2024-01-10,0.7760049555650198,0.7199321147669596,0.6825276049166583,0.7293591506521302,0.8388949558999573,0.5816946030643346
2024-01-11,0.7413083070416214,0.6783304021978216,0.6388707455214725,0.6911698519816889,0.8158993628562228,0.6146222773404114
2024-01-12,0.6826464560242411,0.6513838555765696,0.6084539138028734,0.6642744523835145,0.7993942051652753,0.6188856504314743
2024-01-16,0.6309742383207434,0.6073622170924369,0.5725859610326115,0.6322293072455097,0.7792406850143958,0.6188930366752026
2024-01-17,0.6224681350782281,0.6509325918708035,0.6145560952098356,0.6696719665396382,0.8027666888779205,0.6186821911008171
2024-01-18,0.6492014175472363,0.7296735684085283,0.693597641636039,0.7389461049824665,0.8446733693250328,0.6281456097676302
2024-01-19,0.7023365744689051,0.6930823803317198,0.6485290817980793,0.6996354383994279,0.8211776158410399,0.6366707559635686
2024-01-22,0.8299168703432592,0.6667918631144344,0.6076617214467426,0.663549113073784,0.7990494882769046,0.6442464995747937
2024-01-23,0.7571241950836068,0.6238911144853518,0.5717365848351785,0.6314519417562723,0.7788456405520305,0.6097074085998124
2024-01-24,0.6995708417790153,0.5865898715702319,0.5387127521586819,0.6013963851925896,0.7587216584926983,0.60518286121746
2024-01-25,0.6451676483524384,0.5494453827515446,0.5093692962153521,0.5746073093030537,0.7410536387367603,0.6099920704103969
2024-01-26,0.633947277161605,0.5237968871835805,0.4823100689984299,0.5496475265326811,0.7242289806336561,0.6115369799354411
2024-01-29,0.5981567912643925,0.5274989424894595,0.48305879348942393,0.5503419213192855,0.7246973837422561,0.6156625590483572
2024-01-30,0.6439715242732627,0.5085121211275452,0.45812530946607494,0.5271145482460865,0.7087181579511791,0.616529044340388
2024-01-31,0.603225489076283,0.5040554752142135,0.45114381309132373,0.5205631567981217,0.7041457471663165,0.6269348176487386
2024-02-01,0.96007347921115,0.8980166137311565,0.893375186384219,0.9076008183946135,0.9385295293345454,0.6158476937812303
2024-02-02,1.0234324105731876,0.8515281786176313,0.826618724395379,0.8520187422462844,0.90837324938204,0.6212271343770105
2024-02-05,1.0170344999660983,0.8053487389312202,0.7673939671338783,0.8020107175869219,0.8804175454356419,0.6200032718375541
2024-02-06,0.9379279846243962,0.8270906358108092,0.787048675628065,0.8187499671237916,0.889838450241259,0.6117481608059198
2024-02-07,0.8530434674575956,0.7698725581520872,0.7327454236271499,0.772500666363739,0.8634952260245007,0.6119287441820459
2024-02-08,0.8442731955599276,0.728174056448498,0.6836529893117266,0.7301242570867109,0.8387055499784669,0.5939243377817227
2024-02-09,0.7684226664980216,0.680551071818157,0.6403055522687596,0.6922341381103683,0.815914305493766,0.5913027954569777
2024-02-12,0.7373222293753775,0.6431509170034478,0.6008113530452948,0.6573164478060258,0.7943509187311117,0.5629841941399175
2024-02-13,0.6801132897097146,0.6199711757879895,0.574099478755983,0.6334339241384337,0.7792773828575296,0.6500265377383857
2024-02-14,0.9115210295875296,0.909512831672836,0.8794249766191037,0.8961872162018684,0.9323583639889395,0.6608847794442384
2024-02-15,0.9032614721514768,0.8546770905357535,0.814570128168429,0.8420252687109899,0.9027975626854304,0.6426750415858433
2024-02-16,0.861680497121966,0.8017030883473878,0.7569743949740094,0.7932463200787225,0.8753725542317733,0.6349596891275885
2024-02-20,0.8256336878539509,0.8509184257623222,0.8060769276037189,0.8348282315621322,0.8987916579981573,0.6343986287309725
2024-02-21,0.8046910162891362,0.9052272916773548,0.860574417075693,0.8804244972055054,0.9238309450642475,0.6382229819800342
2024-02-22,0.7345794904141513,0.8363608390165979,0.7985399183547033,0.8284101353767649,0.8951990510400414,0.7078629269679997
2024-02-23,1.1080588878673407,0.8100614427296123,0.7453876997557092,0.7856737646229982,0.8780012524047802,0.6946306407409809
2024-02-26,0.9944039920191656,0.750668645048881,0.6961415108401109,0.7431706431133898,0.8531163617217082,0.6840028577167243
2024-02-27,0.9191630002107176,0.7788384121984623,0.7247554822955377,0.7679396291144813,0.8676866270981778,0.684516118175955
2024-02-28,0.8332791577787082,0.7246820335150471,0.6775330177795792,0.7269817219837782,0.8434394574699745,0.6851084101562566
2024-02-29,0.7650954716613498,0.7099551534564782,0.6606543603667587,0.7122200442936774,0.834536513253725,0.6976751750510044
2024-03-01,0.7133461791190653,0.6383601159509575,0.619747785654098,0.6761394547304308,0.8124104304465508,0.6837111653688949
2024-03-04,0.7581294859762461,0.6108772488996815,0.5823316932476355,0.6427577350114229,0.7914153628380307,0.6765094502313358
2024-03-05,0.7015138700966883,0.6030894535207496,0.5700569675632554,0.6317086554207725,0.7844510965469452,0.6835875382238521
2024-03-06,0.809024328464129,0.7942261743114026,0.7665805629910999,0.803857111438757,0.8886868350663221,0.6898309028765613
2024-03-07,0.7623555392225871,0.7439505989711741,0.714736625554227,0.759333772368629,0.8629714038535825,0.7180105978411092
2024-03-08,0.805789343892574,0.7070060780071834,0.6678217363655576,0.7185194919184639,0.8387025939712983,0.7330614363106209
2024-03-11,0.7974327420442823,0.789425441951942,0.7508131322918237,0.7903498094902974,0.8811115674167069,0.7415621159855977
2024-03-12,0.7335608087486989,0.7597856232389781,0.7173762958326714,0.7615876368911297,0.8644108575233692,0.7619834941678769
2024-03-13,0.8039134853563056,0.7226652812339363,0.6701054074512182,0.7204942423360728,0.8403929165133174,0.7591314570654561
2024-03-14,0.7429501504817452,0.7131805249769045,0.6588314897640692,0.7106078570334918,0.8380574019263786,0.6947787486406286
2024-03-15,0.6949342621594691,0.7125267154360743,0.6568620764924668,0.7088708497373842,0.8411964684802642,0.6988871654107461
2024-03-18,0.729131815713122,0.8132138922364406,0.7611636359680933,0.7991705979924458,0.8993434240640457,0.7167298864979003
2024-03-19,0.7081628428964456,0.7624826800881934,0.709800379143348,0.7550058498574532,0.8773885845700559,0.7186444212507987
2024-03-20,0.6860979372565834,0.7162453515415674,0.6637693898732556,0.7149196913063025,0.8568321212850772,0.711856000627572
2024-03-21,0.7352350319646412,0.6809097826637934,0.6220399427826744,0.6781305789655704,0.8373146444176746,0.7074081831907345
2024-03-22,0.6854017728662886,0.6389217678681197,0.5849530751197957,0.6450486537257555,0.8191189443314556,0.6360576241597691
2024-03-25,0.6466414866273141,0.6442459640722947,0.588338588364668,0.6478490782769566,0.8230986913242745,0.6343509866735603
2024-03-26,0.6236545602165198,0.6661517586384408,0.6096537447167318,0.6668899778132422,0.8378959142412288,0.6353631106428217
2024-03-27,0.5956414474253978,0.6677811531633343,0.6100369150398474,0.6673180596504238,0.8392977164989176,0.6466894276982065
2024-03-28,0.6514238243879723,0.6357621797678088,0.5736004447792458,0.6348285112511923,0.8174523623630143,0.6434188866066612
2024-04-01,0.6074448140846546,0.5831565747194988,0.5450405831199947,0.6090455578048839,0.7994618548491408,0.6335517218924597
2024-04-02,0.5815273834852627,0.5910035081396293,0.549654704487165,0.6132540698062035,0.8014053688239176,0.659507354387428
2024-04-03,0.6353221330972785,0.6954575386195826,0.6559963931029009,0.7082236059581287,0.8620686058594059,0.6625896960147393
2024-04-04,0.5931634969088145,0.6484262810893614,0.6158092425900366,0.6726634508909738,0.8381695459506773,0.6824790567668043
2024-04-05,0.8060136982705525,0.8881804399601831,0.8650198694684599,0.8871962964927463,0.9654845868063067,0.6824832759749814
2024-04-08,0.8485966320326301,0.8369047372420537,0.8021784111162648,0.8379699776450047,0.9340261186053376,0.6509681990867286
2024-04-09,0.7734451068718016,0.7767563465009454,0.7469556611025557,0.7946670712392172,0.9052212418825408,0.66125190716233
2024-04-10,0.709448406107528,0.7217760396178418,0.6975165291838417,0.7552161524146634,0.8783844226107332,0.7120719301333347
2024-04-11,0.8143299904271267,0.8933628912874934,0.8725849780694573,0.9103753720605341,0.9639525624483762,0.7191582191154912
2024-04-12,0.7999211813971528,0.8368139876388082,0.8095055728000423,0.8599692178398078,0.9327351702390722,0.7519494287578526
2024-04-15,0.9808661606035712,1.0826736279539753,1.0682027836854862,1.0784156697754848,1.04503284522761,0.7864960655329838
2024-04-16,1.0684152738421158,1.2588547212755168,1.2525516050589582,1.227329942173316,1.1138583964714361,0.7717069236089742
2024-04-17,0.9696363069711624,1.1956695676793954,1.1857805254753484,1.1733766671415886,1.085149842935587,0.7736574152324841
2024-04-18,0.9273288822498684,1.2176110848267263,1.208101125616219,1.1901840500106808,1.090472340229134,0.7781014317503296
2024-04-19,0.8506861047697639,1.1634674658405109,1.151089768959738,1.1417096656775576,1.0655019271795472,0.7845978243861159
2024-04-22,0.8845613876975372,1.2462502843047258,1.2372683839059995,1.2060197467410183,1.095386778778744,0.8095031618187318
2024-04-23,0.8836350260786225,1.1537304650036246,1.1370163357835625,1.1214691856805425,1.0545001082280339,0.8308198606388804
2024-04-24,0.9371450139888478,1.0759355485568276,1.047722595121624,1.0448793757125696,1.015915004729496,0.834350135507191
2024-04-25,0.851253601432352,1.008879911644016,0.9781282579939891,0.9843672712782627,0.9849945462434829,0.8979550537155511
2024-04-26,0.8027272611281075,1.0113664156570257,0.9798099269516493,0.983165471098886,0.9843668068213185,0.9007373213126338
2024-04-29,0.8258291896280824,0.9453775759094124,0.9051958527550855,0.9208457799247636,0.9516128534453703,0.9078748875885524
2024-04-30,0.7629997747711511,0.8768435993865134,0.8391424900476991,0.8651514883779684,0.9214273266232255,0.9184927750285996
2024-05-01,1.020356323854406,1.1361751554800197,1.143192354874187,1.1121785975697043,1.0491662546837048,0.9426456888955224
2024-05-02,0.9392246772071684,1.113568560087898,1.1111382276334163,1.0866165148282925,1.036632503414491,0.9688403402730856
2024-05-03,0.9296261751493344,1.0362260202992797,1.020265382633915,1.0137291077394401,1.0000891428640974,0.9725761371558104
2024-05-06,0.9830203432372492,0.9720860553425256,0.9397139581004459,0.9481141210935508,0.9660864016042922,0.964614929392463
2024-05-07,0.9814453884322688,0.911647334516478,0.8684980503680922,0.8892267109472493,0.9345885684263082,0.9643802688383928
2024-05-08,0.8882449440012984,0.8432644392215499,0.8059962083990199,0.8367977085868941,0.905687011656093,0.9476448684757548
2024-05-09,0.8087395119090716,0.7908887837931429,0.7503362896725192,0.7894676747985782,0.8788362176809146,0.906525268108848
2024-05-10,0.7708285814655114,0.7421761411919553,0.7000287900811184,0.7461230577944796,0.8535560533518658,0.8851843689079493
2024-05-13,0.7081166257079076,0.6913352509268259,0.6553018289869639,0.7070948587800091,0.830177679517051,0.8569003864252238
2024-05-14,0.655528034354301,0.6534987306299272,0.6151686802627893,0.6716510989924913,0.8084001366224547,0.8136626352542368
2024-05-15,0.6322411880539553,0.6164550911692284,0.578560486755258,0.6389451802428325,0.7878074528165351,0.8141327281583984
2024-05-16,0.7769023388935259,0.5953168888171513,0.544747643009663,0.6083931447787858,0.7681054993327017,0.7994960682384539
2024-05-17,0.7243981342417373,0.6080754344971308,0.5558401123037051,0.6184539268658483,0.7746444322522767,0.7886455450311056
2024-05-20,0.6690198241661794,0.5703625199413507,0.5251569947196664,0.5905312829280172,0.7563657582932781,0.777650513700474
2024-05-21,0.6220302298949398,0.5356845638021921,0.4973261230161458,0.5649458392279076,0.7392430031490261,0.7493385570092654
2024-05-22,0.5868529680036128,0.5062003523932633,0.4718822909385825,0.5413223802448103,0.7230962392567963,0.7341700730318504
2024-05-23,0.5772573254144211,0.5443732379513195,0.5065642957483485,0.5731027150494137,0.7434721877589365,0.7514727738638625
2024-05-24,0.6534979528675822,0.6767168493032208,0.6423789422300462,0.6952905217374118,0.8215776168749266,0.6752551990232405
2024-05-28,0.659283129002558,0.6406392223448739,0.6028450199596713,0.660269687236329,0.7999195080839441,0.6647034514171394
2024-05-29,0.6137598169220052,0.5987067822558733,0.5677063625784474,0.6287757707403622,0.7799644623784279,0.6865871435932217
2024-05-30,0.6719499924860842,0.716413603640671,0.687125251605431,0.7344318233608833,0.8451649472483505,0.6814702778269015
2024-05-31,0.706258566069457,0.8107298196592079,0.7818595561137458,0.8158126286952647,0.8923420442463311,0.6710888631086814
2024-06-03,0.7455935056601154,0.741544362174072,0.7278452029817176,0.76965115016356,0.8658753720428081,0.66203516443654
2024-06-04,0.6864418431472655,0.6899665028581224,0.6802184946796429,0.728416901345484,0.8415778386436104,0.6210121862010318
2024-06-05,0.6366076494940914,0.6438996726893049,0.6374154717985425,0.6908976105466862,0.818885694664337,0.6338123448813336
2024-06-06,0.7649127276541892,0.6184172914495532,0.5978926421733556,0.6558346380909551,0.7971348199619162,0.6366724206248668
2024-06-07,0.7038774571717475,0.5904667211212603,0.563635807758905,0.6250939056280153,0.7775984518227902,0.6378968111621165
2024-06-10,0.6575396654375048,0.5875896159614187,0.5558440275040216,0.6180538529164752,0.773059863124051,0.6372246763214865
2024-06-11,0.6199944721596921,0.5541886277490516,0.5249352254823207,0.5899415139410645,0.754680273416705,0.6482177543529316
2024-06-12,0.5848505727258558,0.5228357701219803,0.49693849186108235,0.5642128629189815,0.7374848604230722,0.6770090283163841
2024-06-13,0.6385225941261414,0.5030852355008145,0.4709332111808855,0.5400711782574347,0.7210024440557679,0.6846732601946223
2024-06-14,0.5984867045419927,0.4757209288089373,0.4477905039058274,0.5183770953318159,0.7058928817845094,0.6820407840411529
2024-06-17,0.5631446232662516,0.4493001567995441,0.426774033831003,0.4984934312854956,0.6918235253847413,0.691531539317089
2024-06-18,0.6174862653179399,0.4356393159680989,0.4068520687679034,0.47947611985054034,0.6782405549581304,0.688218306428547
2024-06-20,0.5834804855115483,0.4148871705283244,0.38907802026725175,0.4623609566103014,0.6656776646132672,0.6957712297391261
2024-06-21,0.5726200883265229,0.4591477015577848,0.4291630397026939,0.5007603113641691,0.6937200693265241,0.6959954428923268
2024-06-24,0.550210553726369,0.471023276945023,0.4363068514902754,0.5075306287384271,0.6992718657303544,0.6969208860998541
2024-06-25,0.5535587468770599,0.5209049070606329,0.4832161598561348,0.5513264652104649,0.7323728349713572,0.6729347552334026
2024-06-26,0.5420389477396991,0.4947236831067454,0.4587960278227135,0.528547112041654,0.7196784822371802,0.6723044466480143
2024-06-27,0.5168108726382671,0.4669442941037723,0.43674594822492774,0.5077843894136235,0.7080535283240539,0.6651788176764284
2024-06-28,0.4969505698362921,0.4420722056836239,0.4165479916209832,0.48859340388020145,0.6973331529380884,0.6575590311098528
2024-07-01,0.5216748082607846,0.4903591424547811,0.4814851028369921,0.5497189969142895,0.7444154546133925,0.6531943206626409
2024-07-02,0.5020119067883827,0.4640733613835195,0.45738228513897805,0.5272228594295199,0.7317068345803615,0.6041071078621785
2024-07-03,0.5467776124905465,0.4466348352361193,0.43494839255207257,0.5060851578881467,0.7194212460652634,0.5627168202273877
2024-07-05,0.5430151860556087,0.4274748198270464,0.41463510304476775,0.4867688254549784,0.7079543529369264,0.5529897253054519
2024-07-08,0.5592215269841869,0.4117697184985535,0.39589514531438885,0.46879261466580374,0.6970190908156424,0.5310190586462002
2024-07-09,0.5302576710502526,0.3908467059127783,0.37911330352672257,0.45255981599448214,0.6869924937007417,0.5277199892164665
2024-07-10,0.5063663490520587,0.371364737561508,0.3636914373351558,0.43752895281746074,0.6775163303460088,0.5173570101501479
2024-07-11,0.6258559682762561,0.3661759026915838,0.3486503246940678,0.4227840708763122,0.6678750800879064,0.5291328264013674
2024-07-12,0.7193243620290475,0.5660781499621891,0.5526199149864014,0.6151745805018696,0.8133050834521593,0.5387004959070996
2024-07-15,0.7050693746530062,0.5390027551625791,0.5216817199081462,0.5870557776348178,0.7963375692878712,0.5186108985504151
2024-07-16,0.6570474469446715,0.5093950129291217,0.4939173519212322,0.5615186611346443,0.7804957464321973,0.5068083313218814
2024-07-17,0.6501254213722729,0.4868790879115771,0.4683649258601581,0.5383166577464614,0.7650301033405819,0.5626408834890849
2024-07-18,0.8938803536666855,0.8194356676742143,0.8161206804810468,0.8493641351341975,0.9670910063388537,0.5826078381783955
2024-07-19,0.8958290207036135,0.9238545368078896,0.9180862724076959,0.9385881618499682,1.0149192489872803,0.5990502784842218
2024-07-22,0.878995092804014,0.9932607391574824,0.983409159785403,0.9969063047799894,1.0433647022675663,0.6137659205598539
2024-07-23,0.8995607648476848,0.9291007725058612,0.9071051268019364,0.9378387484936436,1.0076412755210202,0.6163523910271178
2024-07-24,0.8247060485173803,0.8986610399987793,0.8708833268696604,0.9104936252907794,0.9914623752950484,0.6590724643548657
2024-07-25,1.2869922759295658,1.3721018683785058,1.379216908613567,1.3249694537909498,1.204829353138553,0.7129875393963304
2024-07-26,1.1838690951365902,1.359502835521922,1.3617065320195596,1.3120512276773553,1.197627160868792,0.7389668194378602
2024-07-29,1.154753455039046,1.2557842354250477,1.2459560470357194,1.2210249278902312,1.1519945115267238,0.7468738491476836
2024-07-30,1.038317691227876,1.1507868363078968,1.1454017621999026,1.140315640390831,1.11155807903707,0.755867097576692
2024-07-31,0.9730024395441672,1.1618149426021702,1.1548846672800275,1.1481300657371505,1.114555854081407,0.8043327559365968
2024-08-01,1.1070027134954328,1.0643456900823245,1.0636240749488866,1.0737617170453553,1.0743588680263396,0.8691786363622127
2024-08-02,1.1978685346821236,1.2816952862105422,1.2881025612136128,1.2547938820275464,1.1653415717125313,0.9526143900894604
2024-08-05,1.379054417231261,1.5688707293926396,1.5850736281805362,1.4855286086057427,1.2725465696929958,1.3521579919597444
2024-08-06,1.817497114088578,2.0646005810408905,2.0982735926507603,1.8663319421528175,1.4329074820229044,1.401262208315212
2024-08-07,1.6581337126933686,1.8692589026154611,1.8881850160492517,1.7126279186829594,1.3716743803709504,1.4578773857709952
2024-08-08,1.5149212115499024,1.8181839067475172,1.8332445031746034,1.6711442028146137,1.3556475204965517,1.4904035499077353
2024-08-09,1.6607363469117284,1.6786328097082956,1.6574100197673136,1.536984041699506,1.3001911449537407,1.491751803433332
2024-08-12,1.488279143388566,1.5246021422689666,1.505995829274083,1.4171134274442703,1.249595597678846,1.487539164302265
2024-08-13,1.3293662034055511,1.3855636780735692,1.3740156538796686,1.310959098618206,1.2029859616107086,1.4913457700086006
2024-08-14,1.3694025175500166,1.288388120612074,1.2567243890951483,1.2157979027185863,1.1593040687501714,1.4958508237384365
2024-08-15,1.2294605530680751,1.1796595809298802,1.1541970185071682,1.1339635633428824,1.1193372419888639,1.4910492320322832
2024-08-16,1.3103641099653816,1.1080728819045385,1.06117766598258,1.0593256833613904,1.0817662868786442,1.480374181461397
2024-08-19,1.175436599547559,1.0185870408616156,0.9785381052687989,0.993402265458919,1.0474550511839884,1.4775394345812964
2024-08-20,1.122315832134192,0.9519897095646028,0.904509919122453,0.9327040626851195,1.0151671360538923,1.4687543211196628
2024-08-21,1.016302201423374,0.9188488460079046,0.8706465271606092,0.905938615055979,1.0005237797342452,1.480285543532706
2024-08-22,0.9253389423947408,0.8524028931356878,0.8107941455833519,0.8548005767158439,0.9715256478288999,1.4668370260249557
2024-08-23,0.923712200573478,0.9568648480233664,0.9197903365030122,0.9457030590517114,1.0235958063082382,1.4491587057226314
2024-08-26,0.940217017848111,0.8989697581394179,0.8538298683179182,0.8914836823519618,0.991762493636607,1.438492450529958
2024-08-27,0.864844015802972,0.886061134320689,0.8411421499888863,0.8825507103325327,0.9848983535210052,1.43754460950034
2024-08-28,0.7884595408801196,0.8195047528251739,0.7847432674903161,0.834953405076079,0.9564547404857056,1.4309878536052263
2024-08-29,0.7803067829992228,0.8842774913648384,0.8517984387907103,0.8937778316765551,0.9904939499767386,1.4114656235640095
2024-08-30,0.7167800787277931,0.8269370511457715,0.7929935953495638,0.8452447408969979,0.9625009616170331,1.383557161354295
2024-09-03,0.7601672615078044,0.7438585805082497,0.7415820432598317,0.8003984513661497,0.9359351203731624,1.3569275061258186
2024-09-04,1.185264858619421,1.2135111769706346,1.2221846223351087,1.2018298331585953,1.1549918353640507,0.9759630956594716
2024-09-05,1.070927620342095,1.1574597733588976,1.1629622415226784,1.1541890979152682,1.1313136291815509,0.9193747137046676
2024-09-06,0.9752081251843876,1.1153403747727966,1.1181651232559633,1.117803795089263,1.1129670240133278,0.8625929354012204
2024-09-09,1.1832350246806156,1.3912543826447776,1.4001952958296513,1.3422304224965664,1.2235885537634263,0.8224877367543765
2024-09-10,1.1538676822814544,1.282499751191324,1.280214002879538,1.2478574212803466,1.178532073703057,0.8310263500263531
2024-09-11,1.0470629043931674,1.175150455316119,1.1752647729775068,1.1639786053774037,1.137068960793956,0.9270876713238162
2024-09-12,1.0294841116819091,1.0906342430570743,1.0820755899797425,1.0882641500295882,1.0984153183110483,0.9221259098985956
2024-09-13,0.9857480853304827,1.0127470494701658,0.9996597631064785,1.0202475646954148,1.062599239553471,0.9152628803278916
2024-09-16,0.9109208757408336,0.9381730654021014,0.926735115733738,0.9590587058313147,1.0294368857091392,0.8892513432457169
2024-09-17,0.8268074303209941,0.8654075895821385,0.8620879170213346,0.9037257469219063,0.998734761992363,0.89491337882397
2024-09-18,0.7548040771532563,0.8037146156379221,0.8043957892369934,0.8532721935548261,0.9701776984106065,0.9145013628795784
2024-09-19,0.7139868130828438,0.812735044387433,0.810543226160359,0.8571311329343391,0.9734226418697357,0.976144309815895
2024-09-20,0.967564673967543,0.7808645161433756,0.7565779451239799,0.8099678986191184,0.9457762820638425,0.9649126523571664
2024-09-23,0.8826267916392195,0.7682075989603131,0.7428496354124656,0.7979767623951236,0.9387139249816047,0.9502506420425886
2024-09-24,0.8053173418490829,0.7154121150221864,0.6969285263611249,0.7582297664680718,0.914577390369813,0.9415155216277472
2024-09-25,0.7413505448925953,0.6686867631034544,0.654949316778624,0.7216299649529796,0.8914864001220805,0.937535906175429
2024-09-26,0.695546174033862,0.6773440499377809,0.6600460933393854,0.7273560197688527,0.8951367798410396,0.9471808420738504
2024-09-27,0.6575181663473595,0.6364053596060676,0.6217413166067718,0.693307200748195,0.873228208652869,0.9342739361085636
2024-09-30,0.6201437113685522,0.6335621221318348,0.6158402645900852,0.6881882690412143,0.869889054426364,0.9315327275508872
2024-10-01,0.5986610410037311,0.5701924156623497,0.5821658983521634,0.6574173103894662,0.8495631679367533,0.9279430810342464
2024-10-02,0.7104405819487536,0.7432971357706883,0.7526895649216001,0.8102525997887311,0.9464965330466747,0.894041703621367
2024-10-03,0.6570236631892805,0.6947740630372138,0.7062016257278642,0.7692950468568505,0.9214577414423815,0.8850246445378175
2024-10-04,0.6232272388655402,0.6936152015245565,0.6997913675656171,0.7636097553684579,0.9179328261787223,0.8909153731762327
2024-10-07,0.6844253589366477,0.6596041584888811,0.6577148921752576,0.7260368387262799,0.8943036989720583,0.8692946742869457
2024-10-08,0.7705700083848108,0.8202452551654253,0.8186337835182204,0.8675557482668559,0.9804543645090906,0.8550204229048256
2024-10-09,0.8003151452239329,0.7737556267640336,0.7646566497925891,0.8207181551852395,0.9523543546921697,0.8390957677901915
2024-10-10,0.7789863841649753,0.7279494236614471,0.7163821006268016,0.7783036888334836,0.9254944984269374,0.728089590670653
2024-10-11,0.7240963350118991,0.7217813844318643,0.7073931627254911,0.7703409145866681,0.9184579993057608,0.7169000632750039
2024-10-14,0.7044449056595111,0.6797625894162185,0.6648588245930114,0.7324329152307771,0.8916770175558085,0.7188467932703765
2024-10-15,0.7251935602127426,0.645627602155748,0.6262180115222971,0.6976001756839768,0.8659547286405778,0.7245274433398345
2024-10-16,0.7698772235715974,0.7777903404288928,0.7600657157281282,0.8166860237906242,0.935677062512942,0.7135738772564449
2024-10-17,0.7230761339333535,0.7273039805325963,0.7124827749093671,0.7748377226428669,0.9071560533623384,0.6899326198405437
2024-10-18,0.6683073153871392,0.686570999126718,0.6699846902676472,0.7370255118931777,0.8808088684051032,0.5978695477221753
2024-10-21,0.6345782691614913,0.6445543225829885,0.6312462868659394,0.7021648694310824,0.8562037732160298,0.5928081355878432
2024-10-22,0.603244239595977,0.6449657166222764,0.6285105292371628,0.6996917688042212,0.8527231867003737,0.6084223733860331
2024-10-23,0.5702634061507575,0.6240192750277787,0.5999199483649496,0.6716343523326831,0.8314154818794521,0.6316365708973598
2024-10-24,0.6969539722262831,0.7927177279019427,0.7717663221499694,0.8244053765861272,0.9229035790498618,0.6379550045699284
2024-10-25,0.6477484410087763,0.7370865504291799,0.7227327975326294,0.781529754719812,0.8956793636952469,0.6374448569802527
2024-10-28,0.6063929806497756,0.7033226064559367,0.6853397845861064,0.7484685618669364,0.8736388817670394,0.6441692995898862
2024-10-29,0.5776071073895365,0.6583759305064203,0.6447769142051829,0.7122217887020124,0.8493619279578324,0.6320464984139659
2024-10-30,0.5465751979006495,0.6154719391273337,0.6082309867219297,0.6791543261964592,0.8267592355807535,0.6129528862156934
2024-10-31,0.5476582265892053,0.6466118979083587,0.6357330733178835,0.7038037761707989,0.8403151400715283,0.6345667236212252
2024-11-01,1.0382130142903243,1.0971494522994412,1.1212889597810423,1.115671982964826,1.0644218675279378,0.6418355734683691
2024-11-04,0.9504485205897452,1.0127012913769544,1.0342226028189188,1.0426231665776182,1.0266363511959082,0.6180857699507359
2024-11-05,0.8733208359279864,0.9837084075296668,0.9982955648328112,1.0100763762351008,1.0093994601226324,0.6057368895677402
2024-11-06,0.932251541272075,0.923567214539908,0.9243064502395129,0.9455342473848627,0.975324478882473,0.7630862157539944
2024-11-07,1.331788046602522,0.8892455130746219,0.8570242556894421,0.8863829092489601,0.943153793462766,0.7607663050953706
2024-11-08,1.2309808939185678,0.8327653027413398,0.79789427349188,0.8343332028390613,0.9139396074573305,0.756291479181219
2024-11-11,1.1169196119544569,0.7771265300768901,0.7445105651138065,0.7874869551946458,0.8868824994063953,0.7548429850200786
2024-11-12,1.0075840027127974,0.7221528708830158,0.6961770431401666,0.7453649997534819,0.861819611135037,0.7594178656592333
2024-11-13,0.9289243153470876,0.7435270845157778,0.7136609584298036,0.7612459508218066,0.8707113091577707,0.7554454482808509
2024-11-14,0.8450582487277162,0.6946546861685052,0.6680513526684886,0.7227888489325494,0.8467635293243327,0.7570676388960709
2024-11-15,0.835349843531955,0.7888412501394891,0.7612253124032315,0.8046284371119435,0.8944783457246805,0.777151218298834
2024-11-18,0.9695260859009824,1.0198671215146342,0.9985492006124534,1.003563323489213,1.0062794984403318,0.7790066254804009
2024-11-19,0.8909459781652869,0.943823130185776,0.9220419317929901,0.9402287596906032,0.97645088315866,0.7952852490486568
2024-11-20,0.8211360691164672,0.8754024804227051,0.8548003457261748,0.8831763333680368,0.9486588276997397,0.8063227717949529
2024-11-21,0.7527079107892609,0.8155618522137916,0.7972685435883257,0.8329575542842221,0.9248204289140186,0.8115031920651699
2024-11-22,0.7207856377138578,0.7632666793176983,0.7435620261285759,0.7860089891442248,0.9001699324307608,0.8055704213068428
2024-11-25,0.673910363724123,0.7129245806380703,0.6949027461691921,0.7435974406135553,0.876041306645503,0.8060943087891086
2024-11-26,0.6368175448000883,0.6680837911963806,0.6509072068874623,0.7050135842709687,0.853437621900826,0.7993812866723362
2024-11-27,0.6252442601181851,0.6304314549241409,0.6110855683042737,0.6697069420792856,0.8334182703548355,0.7959933836723224
2024-11-29,0.6104139840039142,0.6600731515328409,0.6359282549119767,0.6917739871229714,0.8502440147255137,0.7925244094769252
2024-12-02,0.6174758124182899,0.597729780488245,0.5974753378151,0.6575468468787363,0.8309328836136991,0.7639199431889453
2024-12-03,0.5811615606112116,0.5616883946340044,0.5631332342094791,0.6266310765730135,0.8129698749218923,0.7462427591673638
2024-12-04,0.5499666923205278,0.5311906030465167,0.5321490810851437,0.5984317617244879,0.7960991963437711,0.7402855989220336
2024-12-05,0.5725659815686843,0.5076109849923751,0.503491322630566,0.572077121617247,0.7800237801131934,0.7355515605601979
2024-12-06,0.5535559767386842,0.5221075911026039,0.5104130924676074,0.5784704981056417,0.7867036004407143,0.5628399112375808
2024-12-09,0.5287655373364666,0.4931465826310615,0.48411593040402795,0.5541071421047388,0.7714661764768538,0.5608769161290653
2024-12-10,0.5705903588020698,0.5837659195799311,0.5701806145726358,0.6330588235614187,0.828558159315899,0.5593318599729965
2024-12-11,0.5680742408647635,0.6201272180761883,0.6009695021621977,0.6636787961358606,0.8491864187273733,0.565053038331789
2024-12-12,0.6150365038864634,0.5904620496747778,0.5657547104641297,0.6345591650073478,0.8297838279884497,0.5551202834216612
2024-12-13,0.6346634358393287,0.6693632609447314,0.6420877235781686,0.7062672887796189,0.8770628869290895,0.5563969400605507
2024-12-16,0.595981516451717,0.640754920613754,0.6073636157673131,0.6776474107380427,0.8584979977854765,0.5522042913443972
2024-12-17,0.5808507107774871,0.6041679685460883,0.5718936577449971,0.6471487994277588,0.8381766421270912,0.5256822097811111
2024-12-18,0.590920258410075,0.6593275273209198,0.6271298254194934,0.6960896231658525,0.870067833858854,0.6298139980316331
2024-12-19,1.4633673406390175,1.5170449214407176,1.5608766737051187,1.458745478854441,1.2734950494734707,0.6309703963504577
2024-12-20,1.3096571182644687,1.3962231092191135,1.4275108408214527,1.3558117358180921,1.2223522904349406,0.6935994232166962
2024-12-23,1.268965551401598,1.2882894958398017,1.3048520685310634,1.2617452815780636,1.1798335292098328,0.6819249349637262
2024-12-24,1.1602413543833558,1.1846819774873043,1.196102003338944,1.1764789656996264,1.1371009315361316,0.6868725963424743
2024-12-26,1.1341005769498804,1.100134353467193,1.0983015175531463,1.099581501158319,1.0978228426581693,0.6770742315844456
2024-12-27,1.0222608523635772,1.0213263764116656,1.0128449540317987,1.0311810522362,1.0616225116976028,0.7146030565627617
2024-12-30,1.050325506851239,1.1622818717371008,1.1574176267159808,1.1501044699148175,1.1230818353623653,0.7771262596353925
2024-12-31,1.090380591898121,1.3028691674634238,1.30223059233729,1.2660814517406194,1.180790104898298,0.7868776627533479
2025-01-02,1.0025750437850391,1.243043004883034,1.2642974291379794,1.2360403018123682,1.1667173149466366,0.8314709972295584
2025-01-03,0.9193077279114716,1.19490516418697,1.207977135706679,1.1911763039028422,1.1449370993857848,0.8451489791441726
2025-01-06,0.975510878379962,1.110983540936083,1.1107985458499927,1.1127922056387611,1.1053406357804096,0.8687961800687396
2025-01-07,0.9095913886621756,1.0279248472463436,1.025584541463288,1.042757042438856,1.0690137531060138,0.8907516816229182
2025-01-08,0.9839656715738466,1.1853946229172134,1.1872702481998,1.1745708109627235,1.1368707890743137,0.9008711122931036
2025-01-10,0.8922134062137204,1.088603782949715,1.0937041087636805,1.098471453361535,1.0981911234330854,0.9215036594838882
2025-01-13,1.0769451643203642,1.3279782691576798,1.3407571650337047,1.295528070919687,1.19613785202179,0.945082227822082
2025-01-14,0.9724930991702596,1.2150391543054355,1.2290480346017116,1.2051051143678304,1.1519479330744895,0.9606591148439024
2025-01-15,0.8822465641535643,1.114799238336569,1.1305150729750604,1.1229743387978783,1.1094872740166386,1.0080372089074183
2025-01-16,1.0969002436081663,1.0470695516038862,1.0418893403341005,1.047166570415721,1.068948356546123,1.004503668651954
2025-01-17,0.9967078121874626,1.011380929164719,1.001223322036161,1.0126995785972155,1.047895739719164,1.0215861208292365
2025-01-21,0.9859971464404038,0.9446545053063564,0.9272269350749274,0.9512086913103461,1.0116688720684706,1.022601423373846
2025-01-22,0.9627196647486166,0.8839531436183246,0.860616479543001,0.8961195538770227,0.9803401239069869,0.961379888112378
2025-01-23,0.8975008574700941,0.8251273233513376,0.8005296396921442,0.8463334398620649,0.9528791314026704,0.9421678376023848
2025-01-24,0.8414306514806126,0.7721576400459109,0.7460628624642465,0.8013567326575939,0.927316734627823,0.8793591030324084
2025-01-27,0.7871141591294534,0.7852672745358074,0.7533023620454294,0.8072127026163338,0.9276451270543042,0.99702918636649
2025-01-28,0.9770837480934804,1.050101574131718,1.0316406552822641,1.0434814802968584,1.0598862955191997,1.0093822144702034
2025-01-29,0.946812394402256,0.9773261966870082,0.9539956402265354,0.9795348849790371,1.026421849610432,1.0089021913813556
2025-01-30,0.8908831433965158,0.9982727449667907,0.9733605795091163,0.9959797437787576,1.0360192731667874,0.992138171160196
2025-01-31,0.8350001234463235,0.9270188747754774,0.9025364386156685,0.9368157961351374,1.0043481088371733,0.9585239938382264
2025-02-03,0.8106789797302676,0.9383090845436824,0.9461601039433597,0.9731690096470687,1.0249789123717883,1.0360336854311611
2025-02-04,0.813660410975858,1.0085986627769998,1.0146350220091955,1.0297111717106262,1.0560327159032108,1.0034567038417586
2025-02-05,0.7879186839835874,0.938207275223094,0.9394967588091667,0.9668621198148319,1.0229129253964753,0.9988860289641
2025-02-06,0.7377790248238227,0.872053100090162,0.8726238383585734,0.909665601774409,0.9922011190466185,0.9856545815067924
2025-02-07,0.6915566436354466,0.8120644324511853,0.8130621684861616,0.856932177753743,0.9636106216620117,0.9771435745290789
2025-02-10,0.7761907095474317,0.9504129675084174,0.9535564343735912,0.9731710549535514,1.030968968116797,0.9755709344031636
2025-02-11,0.7589468002133779,0.8863058225480325,0.8848535219007392,0.9132559010016511,0.9995841613085129,0.959257938214014
2025-02-12,0.7003132462984123,0.8215413154799561,0.8239919373162499,0.8595886460101185,0.9706139032023554,0.9681484078675886
2025-02-13,0.6742889030920038,0.8351638754591709,0.8319130549972178,0.8663769105094018,0.9753481253577843,0.9539964460918402
2025-02-14,0.7539195526117813,0.7876123638336366,0.7742217131135115,0.8192018958474651,0.9475636371987405,0.9026165251779944
2025-02-18,0.6971561746561196,0.7455716095838726,0.7240804195751861,0.7779881048075198,0.9226164798685131,0.9062705675323504
2025-02-19,0.6541869181477361,0.6976416386870481,0.6776462056384495,0.7393861094423743,0.8986640563144878,0.886108022356285
2025-02-20,0.6153816430606173,0.6536598426560766,0.6358752826993992,0.7041798279524778,0.8762843507918492,0.8856168035246987
2025-02-21,0.6190681393290529,0.70406646828843,0.6839123618662031,0.7481084688822772,0.9041142166044036,0.9004357987670902
2025-02-24,0.9751633938206,1.065545296482126,1.0682809456027667,1.0754327088331275,1.0906466627788627,0.9131067388055242
2025-02-25,0.9157763941021828,1.0775403962968566,1.0762734168679629,1.081977643274185,1.0940669700809924,0.93394182670721
2025-02-26,0.8716044068696533,1.0963107027822712,1.0914698120198554,1.0940152649868784,1.0993540085551543,0.8095152865302793
2025-02-27,0.7964888393091033,1.0120276426739352,1.008343509938148,1.0257260077421195,1.063333870986121,0.8237523670768776
2025-02-28,1.035172293652659,1.278739807365619,1.2873623485330996,1.2512771204746638,1.1783907017801438,0.8540904765562117
2025-03-03,1.1275532832305066,1.1611956695202923,1.1800817297191966,1.165753736532532,1.1360500762482284,0.913450589556274
2025-03-04,1.2923543617249391,1.4392059629216474,1.467933887576017,1.3923103777792767,1.2452752229050694,0.9578373321989658
2025-03-05,1.2843674221062256,1.5499556057293964,1.5769709388494,1.4758917686900246,1.2833729252776733,0.9025126308628348
2025-03-06,1.22941863706037,1.422770500304617,1.43448533278779,1.3664418581897166,1.2332660467313452,0.971324942035165
2025-03-07,1.3691499357899923,1.6633960153406278,1.684002627892625,1.556893683112184,1.3193145556343555,1.0076853553171168
2025-03-10,1.2452239865271906,1.5168722178444491,1.5283016196956856,1.4387217945493382,1.2665696138343532,1.0904299583846375
2025-03-11,1.6392554416207008,1.9520052908788736,1.985557633560582,1.7801922152722331,1.4139585665178704,1.1177518760894245
2025-03-12,1.517375438573654,1.9255399367108488,1.9482352554361233,1.7529164522417804,1.4027212080196594,1.1718798247998046
2025-03-13,1.3714699223435909,1.7464411832763993,1.757824415255671,1.6121986293355488,1.3433433820407101,1.1813762983653486
2025-03-14,1.3748797872005822,1.8455359350582137,1.856827905692028,1.6856972113603645,1.3746603922771437,1.2099373801181172
2025-03-17,1.4933574783539814,1.6933765550150526,1.6772518927132778,1.551786169225121,1.317098525852549,1.2175931402790363
2025-03-18,1.3689219571370173,1.5455641837856329,1.5222351812794856,1.4340147095407467,1.2644628101368924,1.2255476980722275
2025-03-19,1.3275224960630996,1.6211085105436147,1.6013395960155312,1.494353429485876,1.2916944978833895,1.2463172556604265
2025-03-20,1.2668883439550709,1.4855685669803085,1.4557507138975143,1.3828362214581913,1.240939357480323,1.2723161497667972
2025-03-21,1.1505826000879975,1.417601019198364,1.3835237555019988,1.3267533584681825,1.21466538793422,1.2846331325952656
2025-03-24,1.0382673010283303,1.3005218526288618,1.2659768112249399,1.2343011777825632,1.1701522958389037,1.3063952694139906
2025-03-25,1.1882075654043311,1.210466974181465,1.1610106332755232,1.1503913609215553,1.1283355989306618,1.2983471590447495
2025-03-26,1.072794557053968,1.1131542275741946,1.0697404359232994,1.0762584729375617,1.0901474780184577,1.292969990870669
2025-03-27,1.1168755003515676,1.2709961535223633,1.237876870804535,1.2113393419516003,1.1572140440663563,1.2876900217007432
2025-03-28,1.0199830845006828,1.224026617570784,1.1878352298515154,1.1713435246577824,1.1373042813018719,1.2803429917772688
2025-03-31,1.2980044787551257,1.5542553880757153,1.5421122316403275,1.4485023576194456,1.2692634550719064,1.3059880558686006
2025-04-01,1.1941274385120215,1.3806871735227615,1.4042113650031336,1.3421999146064842,1.2202301659565773,1.2767830492398122
2025-04-02,1.0797990422239785,1.2645381037120482,1.283782147789872,1.2477652096161322,1.1750720673110673,1.2704826937028402
2025-04-03,1.0048486762599051,1.165496001198993,1.1776084230145218,1.1631316586344884,1.133175976056452,1.4454035572657895
2025-04-04,2.38656293204621,2.458234562626014,2.566107658866748,2.1921217186893727,1.5724011928311032,1.5245399892323328
2025-04-07,3.376958370414312,3.525525331565045,3.670637544067246,2.9333217864434924,1.8278775520431392,1.9807943108209145
2025-04-08,3.000568911663094,3.167338828442776,3.260291907961547,2.663600269933539,1.7389789267777644,2.2665595764623627
2025-04-09,2.759722937427748,3.1090542985686502,3.175575717450547,2.607148645288688,1.7198301297109817,2.437966725120369
2025-04-10,4.907266025196099,2.8754686613633305,2.801027783431114,2.3540619497699704,1.6314005028819059,2.5820679078554694
2025-04-11,4.772959344683295,3.4611222449897068,3.433790792134138,2.7783709757137505,1.7772954275821482,2.600951595910974
2025-04-14,4.294604766762922,3.0889878383042766,3.0269718798378173,2.507439498528286,1.6854882544105618,2.6470746728887318
2025-04-15,3.828766966348057,2.7604660689060467,2.682493661903672,2.2726818017631425,1.6019718850843125,2.6507485635435053
2025-04-16,3.401565752407945,2.526507721163841,2.440267524468492,2.104246876426318,1.539432530995785,2.688979718344403
2025-04-17,3.181782679079153,2.6928325628216085,2.6252539252835,2.233144785038251,1.587464803143356,2.69251161641798
2025-04-21,2.8260462418532883,2.4096460620173525,2.3405187182313183,2.0339911853269435,1.5126300703543207,2.7054187315340235
2025-04-22,2.730159507242364,2.6269408377229606,2.5775215400618046,2.200051824557941,1.5752558556390637,2.7315408462823543
2025-04-23,2.6508620099271942,2.3786286897066287,2.297560049006949,2.003563300330334,1.5008965224263577,2.8063216322294537
2025-04-24,2.4381049385721583,2.1521700056048614,2.058199520362025,1.8320084679323432,1.4330366964915264,2.8180245208390864
2025-04-25,2.3326726371631934,1.9610432222178231,1.8513723846465704,1.6807565509103464,1.370609366395845,2.8192480490772747
2025-04-28,2.094039545363978,1.7794513036853068,1.6896315973157112,1.5681695415443502,1.3397518440824407,2.8275468944201623
2025-04-29,1.8659607472536368,1.6180522437685734,1.5351626263402764,1.450489726281946,1.2868057687430106,2.8230171709797083
2025-04-30,1.68134307595207,1.4776688323779206,1.3997028083513232,1.3454646444902896,1.237767937360685,2.829312043606592
2025-05-01,1.4986434253050929,1.2787333384738857,1.281442864505402,1.252217602740179,1.1926531663088071,2.8423408563059955
2025-05-02,1.3667985756667251,1.1769500947399487,1.176767729314576,1.1683364014769133,1.1506514101180343,2.843719618247152
2025-05-05,1.3673789659868962,1.0951454601479822,1.0836307638136058,1.0925189677145328,1.1114158397616511,2.752756621478865
2025-05-06,1.2585142137349508,1.1286224053891496,1.1150718542615805,1.1182332113421414,1.1248620508095855,2.699378531814145
2025-05-07,1.2004688064201294,1.2120006733166422,1.1983265718016938,1.1857008225775854,1.1593984771354195,2.3743494467926385
2025-05-08,1.0894055672437442,1.1148173209308392,1.1036424536682325,1.1088804767978886,1.119911583997882,2.075931576512657
2025-05-09,1.0188420632269988,1.0315784259776282,1.0195489742215633,1.0396036536783795,1.083152013356909,1.852553651875242
2025-05-12,0.9268675778389384,0.9859169638327752,0.9694868895877088,0.9978727305240683,1.0604305254130475,1.7177358882309437
2025-05-13,1.6246334814648786,0.9450553739188524,0.8979269540262828,0.9375179608342056,1.0267783448384873,1.68590350419333
2025-05-14,1.4712170331931156,0.8800053392518036,0.8363625243540646,0.8848794908166904,0.9965725671302885,1.572775138493399
2025-05-15,1.3155312557903651,0.8160778335718253,0.7816936144551334,0.8375334177458352,0.968650750039029,1.5643798108475333
2025-05-16,1.1926909146914677,0.7626759698670047,0.7322507691452969,0.7941884130112008,0.942414022892426,1.494956896184482
2025-05-19,1.099161583226024,0.7162716942725661,0.6875998287943278,0.7545600614107033,0.9178154222222494,1.4983466494933224
2025-05-20,0.9916615102866242,0.6687728112564628,0.6477587549858496,0.7187943556742179,0.8950725987887459,1.462252486679208
2025-05-21,0.9175723837638486,0.7029611219018671,0.6790870272898257,0.7469531499208357,0.9130355693870433,1.43412149696339
2025-05-22,1.1444775850970117,1.0693968638448337,1.0578217798241838,1.0712921243577012,1.1001083628540966,1.2535219498400108
2025-05-23,1.03106473722166,0.9890218395894808,0.979459496148746,1.0062547217590587,1.0650208224257043,1.2618935738113073
2025-05-27,0.9919715859640504,1.0579104384384053,1.046827669469027,1.0622030468118377,1.0951603256766518,1.317413675681254
2025-05-28,1.2477654567374887,0.9958664115371448,0.9706571844069933,1.0004936101491513,1.0661802485162946,1.2966793892921176
2025-05-29,1.1579412060233163,1.0423680388280183,1.0172261602090795,1.0393743777368243,1.0873082657679034,1.3168558319615689
2025-05-30,1.0513208528008406,0.963911315138572,0.9433692180182948,0.9775035507999692,1.0533174863502857,1.2713178658852369
2025-06-02,0.9609138822461732,0.893699441659328,0.8990262052328344,0.9399211647635944,1.032136384367699,1.234445769534024
2025-06-03,0.8996044162577038,0.8333764149592646,0.8377198516786322,0.8874008491500539,1.0018339755935506,1.1926806450242218
2025-06-04,0.848721316661858,0.7792884005988574,0.7827813876833942,0.8397391443275654,0.9736655850356281,1.178090983817249
2025-06-05,0.7806478358963216,0.7428899969104026,0.7390162817844663,0.8013339734045979,0.950366807142261,1.1569849202963347
2025-06-06,0.7609146531611737,0.7997203909416303,0.7921516512117164,0.847947245300692,0.9784133217077846,1.1560997357783318
2025-06-09,0.8101454659138059,0.7531508877779667,0.7414188748106291,0.8035203165423691,0.9512939252392211,1.1242961586111824
2025-06-10,0.7460022419753854,0.7027230347285215,0.6965787350390348,0.7637870548157046,0.9264708954709701,1.120741609570098
2025-06-11,0.7210550245030592,0.6615184472695701,0.6556703150463572,0.727109815020432,0.9031605629755826,0.9443897338793243
2025-06-12,0.6884135546657676,0.6865426832171463,0.6757464937631902,0.7451826222803571,0.914705950832175,0.935419421147627
2025-06-13,0.6558186266737875,0.6453483640246692,0.637006013232283,0.7102320312388133,0.8922861105676279,0.9614333898205412
2025-06-16,0.8038636971943796,0.863535300662465,0.8582676478174436,0.9051963827318243,1.0114554862034688,0.9608625644434466
2025-06-17,0.8275209688475829,0.8098129901849606,0.8008820919681398,0.8555903482029475,0.9823808269496683,0.9634416370669504
2025-06-18,0.861614720192538,0.9390732189049896,0.9302294339145276,0.9663532297516233,1.0461745094367942,0.9224874492420974
2025-06-20,0.791445662126381,0.8841103812052543,0.868965242565124,0.9141304328640957,1.0165626548211668,0.9195210258447848
2025-06-23,0.742748901454185,0.8759533385986401,0.8566043670146566,0.9034532298016592,1.0101073201250155,0.8787869562604033
2025-06-24,0.7884734299104621,0.8212832214006508,0.7993418071558335,0.8539554769023757,0.9803889494228929,0.8814190652703071
2025-06-25,0.8471425277158959,0.7732462767658103,0.7478045349252704,0.808856513358915,0.9515055675954726,0.8288417616637942
2025-06-26,0.7779108690094328,0.7223606461009529,0.7023444602465019,0.7685838334703867,0.9239457098476327,0.7146701695918101
2025-06-27,0.7774844775070796,0.6812138573612377,0.659245684779963,0.729412026319046,0.8947349053805034,0.7127968676309299
2025-06-30,0.7392115801240879,0.6414314989341559,0.621789461286147,0.6955404787001267,0.8701738242796815,0.6731818373411839
2025-07-01,0.7041990001691464,0.5759572962577572,0.5878527321954238,0.6644354947354705,0.8480542898732357,0.6434018272799295
2025-07-02,0.6573522157035614,0.5603128325617123,0.5636348438390736,0.6419279720618737,0.8337131065081256,0.6209523686146708
2025-07-03,0.6353760248963258,0.5311282761403526,0.5349483302056095,0.61513079666003,0.8161155343935796,0.6182253722001564
2025-07-07,0.6680297356524559,0.5074712604351579,0.5085143079776984,0.590258802616791,0.7993680118949973,0.6392110809849378
2025-07-08,0.7198005109082745,0.6531587382921636,0.6516241724880875,0.7222426963900589,0.8877056965867669,0.6166981991180367
2025-07-09,0.6713648327177613,0.6344802726578913,0.6257736634800424,0.6989316654636086,0.8731783605341602,0.5948838189508295
2025-07-10,0.6647144219864257,0.5998001372894354,0.5912156585020536,0.6675008260729478,0.8527593256776328,0.5966845657409859
2025-07-11,0.6275485303023386,0.5655494247923459,0.5601411990589426,0.6388895570893636,0.833807032884947,0.6082460231141188
2025-07-14,0.6198356888283301,0.6141490716433617,0.6037691232149685,0.6790842752186566,0.8598016615348103,0.5969142614628437
2025-07-15,0.5859022527753244,0.5777877023938375,0.5717680279495818,0.6496054804363033,0.8380890616018027,0.6043652436731926
2025-07-16,0.5979902102199579,0.641142879611199,0.6308687008256885,0.7034841495127643,0.8703566835270852,0.5876466800329512
2025-07-17,0.575760866811719,0.60352961924888,0.5962255600896298,0.6713879454716974,0.8467013240250609,0.5691626252144947
2025-07-18,0.5915981882128455,0.5718183186787917,0.5644807299438921,0.6409806985066764,0.8242883568782826,0.5565011061290761
2025-07-21,0.5647579189650928,0.5642631917342156,0.5502943868485106,0.6259731276224486,0.8125259150974717,0.5502454586380237
2025-07-22,0.5400924252343688,0.5324185140211737,0.5230294038928112,0.5989322048851187,0.7926077809445874,0.5338146723883843
2025-07-23,0.5188285679835779,0.5120081523274913,0.4981488728742489,0.5739250499305846,0.7743369707078469,0.5108774367676926
2025-07-24,0.5971901682555855,0.4905759844478286,0.4744057213289173,0.5507138362905353,0.756337236837606,0.4895735670862727
2025-07-25,0.5657234051594148,0.470338719799199,0.452886766533628,0.5314359848341562,0.7399047253834033,0.4860900583788858
2025-07-28,0.5578730601762697,0.4486977219830671,0.43226640155187657,0.5132261564912125,0.7241967131284573,0.4828802632770568
2025-07-29,0.5347271707318481,0.4429113575850589,0.4166962923493858,0.4988948016440317,0.709673955784677,0.475478447498076
2025-07-30,0.5350024007795301,0.4854742878310581,0.45329581071614156,0.5358939160549562,0.7341842790294438,0.4814799319994258
2025-07-31,0.521720003383788,0.495979405575144,0.4579940178727283,0.5415650411082683,0.7360860849802631,0.5156530840822127
2025-08-01,0.5373852190924719,0.5339820255566291,0.5170914511035878,0.5975504630840942,0.7728348451928779,0.57627074465753
2025-08-04,0.9065528038229128,0.9336534630732286,0.9358054491164316,0.9679252423609979,0.9899412417099126,0.5895344933074401
2025-08-05,1.0284363613572227,0.8768790608257798,0.8692732976474098,0.9103891408566217,0.9576490098918131,0.5723355952561061
2025-08-06,0.968418424996856,0.923035586940978,0.9121195679199766,0.9439399110597488,0.9750052220180742,0.5783713546805951
2025-08-07,0.9283715066146389,0.8611463770477115,0.8487352779727088,0.8868454400474739,0.9437477178420549,0.599543039012284
2025-08-08,0.8504661649227175,0.8271724896907975,0.8083031983183308,0.8491428189806695,0.9226083895266598,0.5990827506238006
2025-08-11,0.8341530682433763,0.7751859638179115,0.7555020996649691,0.8006955818374559,0.8949246073517072,0.5888645927699799
2025-08-12,0.7756796982621907,0.7714005221765989,0.7462962740237726,0.7904892268989788,0.8888846871907069,0.5969047581737493
2025-08-13,0.8282140264847189,0.7273309009749742,0.6975917905367042,0.7473229650710774,0.8633003353157789,0.5902710859506787
2025-08-14,0.7686448622203319,0.6815540966924519,0.6537991505076584,0.7088871133589947,0.8398061123335946,0.5717913952445897
2025-08-15,0.7105529547512393,0.6483452813319808,0.6144277647032436,0.6738248782048826,0.8181639390192813,0.5714679339367564
2025-08-18,0.6744732332881721,0.664437005003829,0.6248376018653756,0.6830292896459323,0.8240443397895314,0.5713349615042128
2025-08-19,0.6313394400187967,0.6385415480676134,0.5923171183795928,0.6538806039146202,0.8058038774072305,0.5758985385196166
2025-08-20,0.6520705616816487,0.7194276517274727,0.671924085286975,0.7244110203821709,0.8496970240921081,0.5985001846307385
2025-08-21,0.6291952777885448,0.7345131991844768,0.6831058048443125,0.7338675275243894,0.855605608114109,0.6011453711683742
2025-08-22,0.6275301075058143,0.7750398289812226,0.7210315405961161,0.7668093357461099,0.8758431820153105,0.621902412452395
2025-08-25,0.853013630465894,0.7345280507764986,0.6733839989391491,0.7256361213209983,0.8518071126450444,0.6270557136991557
2025-08-26,0.8143683346607734,0.7829964871266555,0.7206774946294582,0.7674365294627411,0.8781237131183911,0.629264834229991
2025-08-27,0.7622533963332009,0.7324169950729598,0.6748684943477502,0.7282554913335101,0.8567594484829034,0.6268164795361457
2025-08-28,0.7068609205943341,0.6851962438081557,0.6331120680034535,0.6915054884171296,0.8351461036683441,0.6181630925978163
2025-08-29,0.6669120152931871,0.6435505746907724,0.5953651863332763,0.6577883121372232,0.8152252809730415,0.5916761856834047
2025-09-02,0.6905537186227703,0.7107124734708221,0.6873222777278898,0.7390413854409059,0.8676675773832894,0.6043583931519106
2025-09-03,0.7354833456842729,0.8273170681173002,0.8015234590244731,0.8369537939875634,0.927975274365089,0.5981406877740857
2025-09-04,0.7089567726956069,0.7730813380763155,0.7468389210612115,0.7898696313410195,0.9036688160964249,0.5961090510619502
2025-09-05,0.7322375095497679,0.7262055740016196,0.6974181339308162,0.7469115077739025,0.8809659574221271,0.6235816313538673
2025-09-08,0.6982215907499614,0.7458575552568941,0.7106026730791553,0.7583403728570859,0.8911674662598672,0.5980687687426384
2025-09-09,0.6538694808703167,0.6976658435282872,0.6652882406295266,0.71887863517961,0.8698517805139876,0.5981299389557813
2025-09-10,0.6159585029198609,0.6540065861196722,0.6245230209206627,0.6829495354993639,0.8498881204721997,0.606550523404328
2025-09-11,0.5873879102528378,0.6148487616697091,0.5876630479007061,0.6501042033651363,0.83125140026564,0.6024879951465627
2025-09-12,0.6406857904436303,0.5829843900075545,0.5538230954433242,0.619570904836146,0.8134348553347935,0.5986013988004383
2025-09-15,0.6040517283902135,0.5672888935388362,0.5303223444149712,0.5982322124059277,0.8012352735463247,0.5897112387097097
2025-09-16,0.6017164579046211,0.5376877510002571,0.5021744839648083,0.5725881250346032,0.785360946345835,0.5887485726765015
2025-09-17,0.5772893049255082,0.546016522035099,0.504042024616462,0.5747819564764237,0.7887959799221007,0.6099811096699129
2025-09-18,0.5562807134414559,0.5509644650205225,0.5030374450739334,0.5748543779500447,0.7902560914096134,0.6126419922102169
2025-09-19,0.5554896251167077,0.5223651412058411,0.47736789011275954,0.5514313322480981,0.7750492507817277,0.5915483727374562
2025-09-22,0.5584584781760561,0.4964552653770478,0.45397929799720066,0.5299435878936898,0.7606946614268953,0.5853770718855092
2025-09-23,0.5579400493587922,0.4726162200033904,0.4328198675947058,0.5103478382255335,0.7471739100629534,0.5701232292392718
2025-09-24,0.5976864817473856,0.5745392793929157,0.5332045681809914,0.6055738349661537,0.8172465352570719,0.5716621274323922
2025-09-25,0.5918912879188833,0.6155131443174089,0.5707107722010326,0.6408762608726886,0.8421063588666203,0.5901148615399224
2025-09-26,0.6082849357098623,0.6821737866254485,0.6345151363609127,0.699831693248573,0.8798070049508745,0.5938998082717336
2025-09-29,0.6106812930377832,0.6422937562355063,0.5972861641788298,0.6678012919173841,0.8588707473282172,0.5956453590857614
2025-09-30,0.5825268522208144,0.604169572828541,0.5641143609495746,0.638897299200122,0.8394652540898949,0.5926687224900196
2025-10-01,0.564242942133646,0.545515486513797,0.53417006540765,0.6122345847350905,0.8212122865928481,0.5381371876921837
2025-10-02,0.548100889764584,0.5163792854938695,0.5073656704191516,0.5877179236926938,0.8041076987364814,0.5345469590267417
2025-10-03,0.5242499243883662,0.4882309182676689,0.48338685995784664,0.5653859242671406,0.7881595901213918,0.536402014947997
2025-10-06,0.5059769374195101,0.474985836317572,0.46192165934271845,0.5451218319627635,0.7734467911040354,0.5015715993028098
2025-10-07,0.5028483555457143,0.4520152765017111,0.44177999089333053,0.5257768064607132,0.7591460984732984,0.5064793379623153
2025-10-08,0.525265211655536,0.5165786079626155,0.5014507039266776,0.5829539569887445,0.8007710139421418,0.5044613979934799
2025-10-09,0.5495754980850431,0.4917067558695626,0.4778060874319742,0.5605618779321158,0.7847372328594853,0.4951755112392925
2025-10-10,0.5497874035163297,0.534889495490508,0.5159562981386451,0.5967162518175276,0.8105078462606811,0.5781880791237063
2025-10-13,1.3185318022756272,1.3760208673150334,1.427459332774636,1.3657080006940714,1.2434388076071716,0.6291034672300752
2025-10-14,1.3364429570437886,1.268949291401418,1.304205644915959,1.2689465807173035,1.197100843717779,0.7110484452628298
2025-10-15,1.2067534530830937,1.1982679846781237,1.2199249879195475,1.2018081075873177,1.1639595818403514,0.7611660489578039
2025-10-16,1.100217391943817,1.104054791976938,1.1224576932521182,1.123055625928777,1.1239254334244093,0.7749443473405792
2025-10-17,1.0499990428018704,1.1590051190068351,1.1713433088393943,1.1626068087310524,1.1442809809531347,0.7801267439645331
2025-10-20,0.97455601579285,1.069943681282384,1.079394218977791,1.087584882681877,1.10563219310635,0.7819957264648921
2025-10-21,0.9751592688426606,0.9937074763459908,0.9974877390045178,1.0197919903437405,1.06956484270177,0.7792460127601133
2025-10-22,0.8888169870070345,0.9315481473180636,0.9258883715032206,0.9597557470410218,1.0365992071744463,0.7961024528115984
2025-10-23,0.8540770686524972,0.9743899841856688,0.9648228484442335,0.9924418849142854,1.054741027628585,0.7947133868699249
2025-10-24,0.8121804878534324,0.9053202595733656,0.8959057598621619,0.9344176162615693,1.022422586223139,0.7879312492717911
2025-10-27,0.8089649856859735,0.8449188653924641,0.8379789501404059,0.8876266551801912,1.003108995020794,0.7958991648669046
2025-10-28,0.8768784074821802,0.7930975015441158,0.7823736556289805,0.8395324230884371,0.9746146479832895,0.7940807432672556
2025-10-29,0.8064780525271049,0.7402932237108127,0.7333065492627944,0.7964968720204252,0.9483912443209921,0.802956379261551
2025-10-30,0.7425945219842038,0.6949775345231998,0.6893207944738533,0.7574465921984032,0.9240302766893541,0.8106452474337854
2025-10-31,0.8566767093682265,0.8980400327898765,0.8964342025954519,0.9379904126680573,1.0319280375660704,0.8219846855221616
2025-11-03,0.7935426355633123,0.8083820930551284,0.8356363917830779,0.8859050681140024,1.001770344525487,0.8285555408521592
2025-11-04,0.7331544898004864,0.7545183022131642,0.7813071448725798,0.8387303443389227,0.9735825054661187,0.8794097094568005
2025-11-05,0.87297334974104,0.9674582956190788,0.9952281117398815,1.0212501857363676,1.077259411706137,0.8868368277162617
2025-11-06,0.8074922123570425,0.8984972005118694,0.9238658932857391,0.9612614915250229,1.0437664119003465,0.8991523206094207
2025-11-07,0.895265775145006,1.0632629237854712,1.0877192439872003,1.097835401223231,1.1178525804833983,0.9344955510595336
2025-11-10,0.8191180957944636,0.9830051924210392,1.0063423389445414,1.0305441708914016,1.0816442221884877,0.9056645747546472
2025-11-11,0.9783166255592436,0.9188849710359716,0.9326582560246337,0.968741684486669,1.046634356273526,0.8769989782784043
2025-11-12,0.8927641299763969,0.8542529296156124,0.8681252134874751,0.9138595134902943,1.0143978440953947,0.8141216883223676
2025-11-13,0.8170704838317419,0.7976975149460191,0.8105625612172993,0.8642444908936948,0.9849091269179467,0.7923197258067003
2025-11-14,1.063581327711523,1.1248080919454182,1.1485577022094964,1.1476141307960397,1.1400030347222359,0.8303062547160283
2025-11-17,0.9656328847995896,1.052945202829092,1.0634465034604768,1.077927612365636,1.1037819841979544,0.852631964167617
2025-11-18,0.9824516777796404,1.166245956354235,1.1751698035461497,1.1691957298841689,1.1512793854549237,0.8757444377909487
2025-11-19,0.9787429185280332,1.246228078876597,1.2518835923432756,1.230893597517048,1.1819755890739725,0.8938633077930166
2025-11-20,0.900125881015881,1.147764713000819,1.1514409345137526,1.1498226421468876,1.138859529989715,1.0017421425859714
2025-11-21,1.0764190146280956,1.378676033912135,1.3892595714770946,1.3395509574561622,1.227636550799571,1.0415554274439722
2025-11-24,1.04921607477442,1.2686398380948338,1.271927436642623,1.246666307190569,1.177687755437027,1.0505528857519868
2025-11-25,1.118220095690639,1.173411852091798,1.1701909686629015,1.1660020667495805,1.1343568492514888,1.0668724716184468
2025-11-26,1.074942503311893,1.0858282061299356,1.0789498998906242,1.0911817517881497,1.0913996713736127,1.0711175205676766
2025-11-28,1.0075915802702025,1.0063217194699592,0.9981888992392249,1.023670868732655,1.0517811129390076,1.0614790349706396
2025-12-01,0.937561112096354,0.8986632221432194,0.9265024064311655,0.9631715000708834,1.0151742001329607,1.0602085264862728
2025-12-02,0.88708175448033,0.9331975574267292,0.9529124559590917,0.9854093778769658,1.0232324853573573,1.05185791207211
2025-12-03,0.8138692002522104,0.8673220140001866,0.8863417104478419,0.9289043934266119,0.9888613433506648,1.046343516340423
2025-12-04,0.7579387556792313,0.80876299794619,0.8265578051387695,0.8769215744613816,0.9568859520026831,1.0060166935563009
2025-12-05,0.7021873851670322,0.7547117456067292,0.7729368661539043,0.8297593385782029,0.9273207852071526,0.9983248261478368
2025-12-08,0.6562826351808689,0.7063747175897434,0.7248580655955276,0.7871688952435161,0.8997746481568049,0.9906326091389898
2025-12-09,0.6378011129714262,0.730604304236961,0.7410687956750419,0.8012325211872512,0.9053193578636889,0.9552555960067872
2025-12-10,0.6051157221626197,0.7119166198133847,0.7128311488589427,0.776536613749693,0.8880218812620412,0.9407095546760528
2025-12-11,0.623036689276202,0.6697490772178194,0.6697555938620725,0.7388350312549331,0.862959469412705,0.9484428292450576
2025-12-12,0.591487357325122,0.6295279443278894,0.631062637194116,0.704403385302876,0.840103547521122,0.9606438778018144
2025-12-15,0.749855473798191,0.8352750590371422,0.8412668798757865,0.8886515227510007,0.9462592589404168,0.9527277972896848
2025-12-16,0.7026183759254193,0.8182240876418221,0.8151510042512905,0.8627631814858284,0.9319825598966887,0.9041643266053832
2025-12-17,0.6728912167516884,0.8258192594784525,0.8163647688945016,0.8596214359419373,0.9348023354205423,0.8789557293175345
2025-12-18,0.8089123684176379,1.0067365632803111,1.0032156125732876,1.0117331129330265,1.0219373087841828,0.8729676502459566
2025-12-19,0.7974773381755899,0.935891922481388,0.9303671963114807,0.9475237073690321,0.9923548742886178,0.8554961552305168
2025-12-22,0.8133754926195079,0.8729755364198415,0.8636570094935182,0.8895908277306092,0.9646528071455287,0.7132755277391783
2025-12-23,0.7831070098196982,0.8150995688807923,0.8026094931318954,0.8375143178900718,0.9388883080882262,0.6523162835107084
2025-12-24,0.7404153952473417,0.7621642041895512,0.7476455755602317,0.7904972724354945,0.9149282030205197,0.6261622251477754
2025-12-26,0.6963538356794863,0.7138497015180635,0.6956189248522265,0.7455942262357578,0.8880361716268089,0.5815699381919845
2025-12-29,0.651210088992137,0.6829004120541027,0.6539847724006086,0.7090889150965745,0.868230438966142,0.580046191888183
2025-12-30,0.6403072171258861,0.72055882760736,0.6857353495646403,0.7370067912868158,0.8886809382254202,0.5786264786051648
2025-12-31,0.6092377127870853,0.7094473390149969,0.666611954581985,0.7202757376773885,0.8809455663305374,0.552635651512283
2026-01-02,0.6753216017468608,0.7961758648968016,0.7830368754152437,0.821075799419456,0.9455774282204978,0.5710228656060109
2026-01-05,0.6333150359966802,0.7436343299095128,0.7303656828832868,0.7758573905067779,0.9210326171408828,0.5729395845288415
2026-01-06,0.645253708638864,0.6982901819467099,0.6827067968621995,0.7344785887644569,0.8978358805038265,0.5675494067302681
2026-01-07,0.6438145696957203,0.6569009292819474,0.6399441782259931,0.6971093859268641,0.8761399442630686,0.5674850086386909
2026-01-08,0.6299946306522923,0.69040166414876,0.6660936825584635,0.7204848367463608,0.8933432179952188,0.563418710821119
2026-01-09,0.5953556966194058,0.6614753880799327,0.6274225220683659,0.6865681856417335,0.8733522779191261,0.5697832006345604
2026-01-12,0.615330459224547,0.6237890856389502,0.5900206276828662,0.6559076299494565,0.8531226489061456,0.5748418963403337
2026-01-13,0.5824762917220598,0.5872665122635874,0.5566999165215507,0.628250489944071,0.834433312111689,0.5590971823695311
2026-01-14,0.5676200513379986,0.6035163527898902,0.5662303258708209,0.6392849430834325,0.84214488475945,0.5582153548112528
2026-01-15,0.5953913474341899,0.6774473260937057,0.6376549646845597,0.7065663179721643,0.8870333003691279,0.5511945404175321
2026-01-16,0.5705994775048855,0.6365525712431295,0.5998989229867652,0.6745184245452835,0.8661777797015583,0.5365895417039652
2026-01-20,0.5493657505745582,0.6261373077187431,0.5843824310506909,0.6602834433954409,0.8568206350663078,0.6433505136256895
2026-01-21,1.0525081589305023,1.1175534660572404,1.1230727262738507,1.1234029313572993,1.127844057099607,0.6449128181680301
2026-01-22,1.0566442645954528,1.036392715628127,1.0360930901829517,1.0522683823307362,1.0904258301517462,0.6605170107239484
2026-01-23,0.976724292572931,0.9610611965929804,0.9594232925626325,0.9887324626323619,1.0559100491671176,0.6511896513383129
2026-01-26,0.8900747681856446,0.8972108761215437,0.8915899523693256,0.9316717609811684,1.0240017046161822,0.6524374762373288
2026-01-27,0.8344033357555033,0.836119186379079,0.8306301028247421,0.8797091586017981,0.9940795147136814,0.6543393986383959
2026-01-28,0.7785716575323204,0.7806267450904999,0.7761744032025787,0.8325652970015762,0.9658739547844635,0.6582352943506687
2026-01-29,0.7206707341623992,0.7430685786034472,0.7295613501840659,0.7917356860988325,0.9410951872952918,0.7146463367383673
2026-01-30,0.6811400667158884,0.7439176217312247,0.7242448150250994,0.7870691639969634,0.9382263209711936,0.7340058219666147
2026-02-02,0.659411099321649,0.7381419141300952,0.739661076074726,0.800718741155298,0.9466135517646996,0.744607372126069
2026-02-03,0.643229427609208,0.6927689744139466,0.6944023080618195,0.7606228002605319,0.9218170696681434,0.7695632566858277
2026-02-04,0.7229251615865181,0.8331627408212327,0.8359262700129703,0.8845237904041416,0.9966117618098631,0.7884068671398329
2026-02-05,0.7149136085204889,0.8802937463123888,0.8780500011350896,0.9206248528681377,1.0174344131165765,0.81595500343559
2026-02-06,0.8744610126944118,1.0867581844464054,1.0917796347945132,1.099176535946896,1.1150627920969287,0.8422659330879878
2026-02-09,1.109217759490203,1.0118240381946184,1.0079235309349706,1.0299964509327544,1.0782194166977188,0.8499535995776889
2026-02-10,1.0195348450382902,0.939407576178266,0.9346712342820661,0.9686766898375838,1.0445498249688276,0.8481625088987966
2026-02-11,0.9395132404661506,0.9327603276615531,0.9205316208199634,0.9567498130493814,1.0378832224272088,0.8572024994609384
2026-02-12,0.8598346069867138,0.8830319274739129,0.8615061766552343,0.9065261383124905,1.009357142437737,0.8819901073857951
2026-02-13,1.0508373098949124,1.1606768353998596,1.1560332941258409,1.151577012119123,1.1422371708181556,0.8830386146300613
2026-02-17,0.9550510758301052,1.0711227610294445,1.0665422514807448,1.078502687438761,1.104180703710834,0.8951256163142969
2026-02-18,0.8726217441816527,0.99136924799937,0.9871001108672898,1.012662777755564,1.0688151552982643,0.901479054967148
2026-02-19,0.820065494397108,0.9211319491233972,0.9161186823347671,0.9530006185130995,1.0357923143647951,0.8293829457941456
2026-02-20,0.7701275171362255,0.9164035814098652,0.9040469223445687,0.9427722349395496,1.030031787382538,0.8165180449056567
2026-02-23,0.7618856149742772,0.8545674534901199,0.8417871856218176,0.8895969438409717,0.9995812965952766,0.8209683826140846
2026-02-24,0.8478044093412853,1.012557273589666,1.0047901366854695,1.0274051379013052,1.0768337411293065,0.8308957257948484
2026-02-25,0.824910727124521,0.9409690690621688,0.9316660928693253,0.966152902000193,1.043157642611923,0.8329772300547267
2026-02-26,0.8240436736839205,0.8771107759596423,0.8663572657389342,0.9106814309508721,1.0117578673939118,0.8535356420162692
2026-02-27,0.8062159752993631,0.9335704406561124,0.9184552433274412,0.9540530640128921,1.0337318813127825,0.8758856940192709
2026-03-02,0.7816161634154095,0.9371470955699532,0.949981187045043,0.9806143258685586,1.0485089957684228,0.8685284869422327
2026-03-03,0.7233113297426985,0.8730172855538356,0.8832329675054186,0.9241759209058301,1.0168704273918345,0.9511155198664916
2026-03-04,0.7878992474086769,0.9975584006007572,1.0071776065295397,1.0283896472297775,1.0746097640687682,0.9531626576396576
2026-03-05,0.7737519003982677,0.9273561348373858,0.9336209970447857,0.9668516676282625,1.0408767385519098,0.9420069554797614
2026-03-06,0.7661339000447368,0.9784868545141542,0.9796235822574488,1.005439229056162,1.0621462380967623,0.9528242452210915
2026-03-09,0.924147456059723,1.1839463383107307,1.1920491834695943,1.1795246577180147,1.1535355610450706,0.9872104234027728
2026-03-10,0.9083284406382536,1.0947165431297,1.097456303274921,1.1027864227862847,1.1141125463000885,0.98059718060337
2026-03-11,0.8383377925788493,1.0527903868965545,1.044752848259176,1.0594995479500762,1.0912872055543474,0.9835572839885116
2026-03-12,0.7768132375175109,1.0089932205304046,0.9913067592151918,1.0151848726769324,1.0674481214429825,0.9888566022853204
2026-03-13,0.9899475097050908,1.2581005537067769,1.2542461920285908,1.2293607776613147,1.1784606501670338,1.0068040368290496
2026-03-16,0.943380248385434,1.2730769394697163,1.2628086473614493,1.2361850540946664,1.1818280033617934,1.0219287379526123
2026-03-17,0.9466533067025288,1.1746271688195,1.1598157980017947,1.1535075177614245,1.140277379690125,1.025087155781865
2026-03-18,0.868251823408689,1.0844610167170348,1.0694897852453973,1.079866238454872,1.1020302665907826,1.0165234633069609
2026-03-19,1.0148400507318611,1.2933676986465912,1.2882524586125887,1.2564132032169293,1.1917478652003528,1.023643254386764
2026-03-20,0.9345244525044536,1.2451128409060408,1.2295189617944389,1.2096042790662582,1.168588139573494,1.0426978610879856
2026-03-23,1.0700431691325876,1.4390389498565983,1.4320381359262762,1.3693754233469362,1.245978088198174,1.1137066386931045
2026-03-24,1.0527196159216126,1.3222237346868255,1.3086689605946824,1.2725907012553679,1.1996536779855005,1.1131916374282247
2026-03-25,0.9732028517034266,1.286907931390529,1.2647037255739735,1.2376943202101722,1.1825331408696278,1.135113860664835
2026-03-26,0.9098669981502808,1.1854943254038124,1.1618957321389247,1.155190359647018,1.1411010719086279,1.1507739624302449
2026-03-27,1.1515863351219933,1.468713632209796,1.4628410096789772,1.3932937680678599,1.257154434558821,1.143517756476618
2026-03-30,1.2906455710354614,1.6893834806961794,1.6901484879143878,1.5653367794873392,1.3313716757593117,1.1682882032712911
2026-03-31,1.177761908314509,1.6109122628252954,1.5972327250818277,1.4949518738417225,1.300045109545391,1.1876452774692787
2026-04-01,1.586391652763932,1.438128126257202,1.4513596762924788,1.3828795114064305,1.2486785683458836,1.1226377053906549
2026-04-02,1.4520360731973296,1.3207003516656275,1.3255685099167043,1.2845403515704954,1.2019602475353002,1.1750147620395364
2026-04-06,1.3063660951259466,1.2147654160399757,1.2156543995115356,1.1971815525839005,1.1589742184233456,1.1570830995431058
2026-04-07,1.1899154414189796,1.1212590963203015,1.118411908421989,1.1186560151826441,1.1190223936380184,1.1530295070741012
2026-04-08,1.076864584924384,1.040647345740213,1.0327702445136235,1.0484378744334635,1.0821241625156284,1.2322680648488118
2026-04-09,1.4173821217088258,0.970390736225623,0.9545317154446525,0.9833346260404151,1.046834458247808,1.2268321953488677
2026-04-10,1.2927011365070695,0.9026561212296154,0.8866123276985157,0.9260016944551465,1.014838227007053,1.2182850675764836
2026-04-13,1.1683222972435103,0.8638478436262668,0.8389476646646895,0.8852889780756047,0.9915246926471233,1.2245038927839969
2026-04-14,1.1224138913740265,0.8076635139974482,0.7829000057951173,0.8368635558777833,0.9631064639929442,1.1964157339582568
2026-04-15,1.1235417127824718,0.7574933514820391,0.7323629615375526,0.7926425150344336,0.9364423976592134,1.1649447743086776
2026-04-16,1.0610800414075976,0.7110545867909865,0.6872527861081272,0.7526900410255648,0.9117424936767168,1.151323846317883
2026-04-17,0.966891910489024,0.6676244917371649,0.6470257265290461,0.716651349548257,0.8889093306625528,1.1516740280573858
2026-04-20,1.00083380769392,0.6304726425765688,0.6097580360218834,0.6828773000781806,0.8670064169840693,1.1438400403247608
2026-04-21,0.919960863996754,0.6426217849485163,0.6163586057554041,0.6888787668935392,0.8709324756116235,1.1286164636856637
2026-04-22,0.8981813340325576,0.7461967164975146,0.7220896013190689,0.7835868806580424,0.930864291994927,1.055231971218808
2026-04-23,0.911045693786484,0.7013529130454892,0.6777925009025298,0.7442232704827693,0.9063629152083188,1.0660240504184726
2026-04-24,0.8579247313709821,0.7430948362679488,0.7166434176418184,0.7787252853072302,0.927817563207162,1.0362210913006826
2026-04-27,0.8405478026745348,0.6979700780198741,0.6730896814698027,0.7399959966567863,0.9036337397350322,1.0173547394206153
2026-04-28,0.7747382409847838,0.6555626188925145,0.6342915815772566,0.7050945585959323,0.8813162394513495,1.0210931899171796
2026-04-29,0.7568504654247858,0.7220364818179319,0.7002036837621549,0.7645582251973148,0.9202443292879027,0.9750170599044452
2026-04-30,0.703489767975662,0.6916625764982027,0.6619433779598974,0.7303893449531148,0.8987278799342296,0.9283571213070227
2026-05-01,0.7590306102676548,0.6255515337821697,0.6235126490279002,0.6956989588434211,0.8763824171148236,0.9204233689453886
2026-05-04,0.708959954818479,0.5901039970341022,0.5893548794357581,0.6645297003074567,0.8558308864549767,0.8516432503005029
2026-05-05,0.6885187147767389,0.6383272480774428,0.6329322044403776,0.7042487327980969,0.8818701554994532,0.8526322758942719
2026-05-06,0.7108702636961395,0.6030792585491768,0.5974118994277585,0.6719260212663396,0.8606842095376782,0.8295813764293497
2026-05-07,0.8579466858420758,0.5723731041257012,0.564620689984297,0.6417641747098957,0.840472352006413,0.6304208663944064
2026-05-08,0.8060787576344135,0.610473411503797,0.5978750719763398,0.6723682208629752,0.8609282125648333,0.615006869323178
2026-05-11,0.8063699707324118,0.5777142923714531,0.5655689671452161,0.6426530380207108,0.8410229099788074,0.6195766715500827
2026-05-12,0.7472239526956336,0.5462618415825499,0.5367176011914632,0.6158498557120446,0.8226823211113454,0.6201314873696249
2026-05-13,0.7014026550467529,0.556898978508761,0.5403992581216144,0.6192803553297022,0.8250294650935986,0.6320115711967629
2026-05-14,0.6848611063561013,0.528040167533431,0.5134537838586469,0.5940233027210851,0.8074556953653045,0.6305773455820198
2026-05-15,0.7058302817171068,0.5021616485468544,0.48863223826925783,0.5705219312648715,0.7907825395616284,0.6678783539047893
2026-05-18,0.854619805129848,0.761712412083891,0.7670994337057728,0.8234206885669819,0.9559228426343231,0.6715970650449214
2026-05-19,0.7889256741754612,0.7378501025883432,0.7327062626208172,0.7932188855069248,0.9376362915233258,0.683662715317482
2026-05-20,0.7955069719651479,0.8314934005362106,0.8266309645050341,0.8749799664543674,0.9864076776883306,0.6794002683008598
2026-05-21,0.833702743322923,0.779059958023951,0.7718718320952239,0.8275100094375826,0.9583737588265189,0.6851304073353031
2026-05-22,0.7697220185195378,0.7295245187951502,0.72341575077157,0.784988315799241,0.9325947857687037,0.6566674759804771
