Date,mod_a,mod_b,mod_c,garch_fc_vol,egarch_fc_vol,rv_yz
2016-07-01,0.8807738252744982,0.9453318803786728,1.6103705382620346,1.526445108390536,1.2611533551426892,1.2835579446524568
2016-07-05,0.8218388197342901,0.8986887205717718,1.4299164729305491,1.31902924676614,1.160114883402848,1.2804024001701355
2016-07-06,0.9477087946207681,1.0190417368963371,1.3495970045398369,1.1982248069782715,1.2458674521615722,1.2880289640107885
2016-07-07,0.8160242893422637,0.9050728565716285,1.2045620415392975,1.0809272384193418,1.1048938801421926,1.2941798303093883
2016-07-08,0.8147618227111576,0.9070669452407519,1.0805134079007992,0.9592184909126176,1.0589564415321615,1.310718742264693
2016-07-11,0.5698288796422242,0.6840976570157028,0.9736646010557173,1.0764774667081582,0.8521074195848292,1.3103551477973336
2016-07-12,0.5245902322781654,0.6383297165997729,0.8827246887185718,0.9648313399376496,0.7838773307230638,1.3079220876922313
2016-07-13,0.4264385000411649,0.5402527356721802,0.8058260475707908,0.9193103460417592,0.6827159099680411,1.3016663403055562
2016-07-14,0.45912005330222044,0.5635322684750719,0.741321460448564,0.8315813977077066,0.6732770298933914,1.3039076607330984
2016-07-15,0.389526200427565,0.49394243245849284,0.687549182683787,0.797967390403914,0.5999905148607352,1.300953965742258
2016-07-18,0.4467886458555368,0.5410919874012233,0.6484640007586241,0.7420476186435773,0.6231172583978427,1.279690309496775
2016-07-19,0.42325902498214446,0.5168808149627439,0.6111165619941643,0.703277613902707,0.5856310622410659,1.2775593021747804
2016-07-20,0.4669261872564542,0.5560924611264122,0.5841435102653773,0.6698699289401331,0.6030026774769173,1.248880830784037
2016-07-21,0.413695938478632,0.5073986423880245,0.5590026263997889,0.6639756044826015,0.5508426392661152,1.2495115111505628
2016-07-22,0.5186855192030201,0.5983825915088592,0.5873506333914691,0.6648456794445786,0.6337655667771773,1.245723503852854
2016-07-25,0.4557017787644587,0.5414538861209433,0.5615814758615518,0.6642268490822307,0.5756078499577235,1.2323354094462513
2016-07-26,0.5338191537794225,0.6093664726589518,0.5663986048423818,0.6532021053134157,0.6313789531090013,0.6816336763945265
2016-07-27,0.5434763617018453,0.6154761815074296,0.544775749503275,0.6300956478429487,0.6187091007678964,0.6511901942522291
2016-07-28,0.5780799759225541,0.6193414171129555,0.5315991305852924,0.6167963024395932,0.6341984883155415,0.6008488350680364
2016-07-29,0.5665110786523545,0.5822866563206547,0.511722318292576,0.6047239583436363,0.6132278013918193,0.5611085634806708
2016-08-01,0.5438645419027025,0.5407752558770088,0.5009982695926721,0.5719598282036998,0.5834575817166533,0.5369156789574369
2016-08-02,0.5720156743981524,0.5408991487465892,0.4955584516839925,0.5681784415074953,0.6006990466899275,0.552948074545966
2016-08-03,0.7121711367996532,0.6420572650834784,0.636444513386717,0.6498298602795235,0.7483813551712284,0.5423224900595629
2016-08-04,0.6524600576417348,0.570016198829366,0.5991902925353995,0.6291651720230096,0.6958837634866349,0.5539102307946884
2016-08-05,0.6307299951049286,0.534436857029425,0.5694756502365438,0.6049250633742033,0.671543866635328,0.5400230437541437
2016-08-08,0.4924630156648974,0.4028626437075284,0.5459907929795697,0.6879736525544444,0.5658196962621121,0.4990339715241871
2016-08-09,0.5172633010076132,0.4123019761184091,0.5289357713032402,0.6483728518299388,0.5795913665879544,0.4923878069986645
2016-08-10,0.5181637767650843,0.3984346314121191,0.5143081018282936,0.6179667868370033,0.5717036136628141,0.4661135286857418
2016-08-11,0.5778806281234286,0.43908767111266966,0.5269906677589496,0.6128848790492005,0.6264639646686245,0.4640064331872197
2016-08-12,0.5020699018888024,0.360022412888661,0.5127997745549255,0.6235999773707135,0.5648854997082258,0.4425043704867843
2016-08-15,0.5308216782050278,0.37387121375061794,0.5048525413582824,0.6039944351064487,0.5845921956451752,0.4315761592152584
2016-08-16,0.49071414407988984,0.3250590114213779,0.4957125699440529,0.5971497286842704,0.5475739308537276,0.4323084441844281
2016-08-17,0.613222004483449,0.4254578967600106,0.5886416386385478,0.640388907214342,0.6697931640805362,0.4386081430132634
2016-08-18,0.5814512996913613,0.38574752449764377,0.5611150030401737,0.6156277100944803,0.6376951406927476,0.4361729237629131
2016-08-19,0.5428592507250141,0.3450515222606956,0.5394205316674504,0.6003604765680578,0.6040147820580356,0.4338296375482016
2016-08-22,0.574938834666326,0.36923222999130456,0.5306427933057841,0.5915997790635724,0.6331055033277843,0.434433805847687
2016-08-23,0.5837071223489405,0.3661975539981042,0.5156410778641286,0.5787695756871325,0.6294084843819572,0.4346874953608002
2016-08-24,0.5550749754623114,0.33064422942133537,0.5040202736791104,0.5736167388994624,0.5993195146094903,0.4325845735406006
2016-08-25,0.6715484122294724,0.4294282138686288,0.5924268184945878,0.6248120256853494,0.7142059009167215,0.4222761711323444
2016-08-26,0.686761330091194,0.4306243577622899,0.5658031533770921,0.6039856384701475,0.7160306654400006,0.4501950795516604
2016-08-29,0.6968264698837529,0.379380219141862,0.5474593608987196,0.5975136887139689,0.7430797636871124,0.4450179184282085
2016-08-30,0.6042629931807711,0.2949916691602289,0.5264860723690451,0.6177319327942008,0.6672754722468974,0.4451922458606541
2016-08-31,0.638984893326084,0.319730410663426,0.5206559200951776,0.6049812585298266,0.6942817943621585,0.4300083017718941
2016-09-01,0.6926473621208812,0.36367376242200256,0.5368401648087332,0.5511179531084142,0.6439632951153976,0.4432546390962337
2016-09-02,0.6850854665866668,0.3502620676104889,0.5181200088004985,0.5309524911953828,0.6233064595025887,0.4149721462356716
2016-09-06,0.5930307551324774,0.2743931435673692,0.5034478760628454,0.5505431779064165,0.563986098996643,0.419605287401701
2016-09-07,0.539978662985461,0.22518363883419262,0.4920201925494673,0.5440293525342382,0.5233249386671484,0.4218483592188088
2016-09-08,0.54740088953676,0.2279627827587681,0.4832011992708198,0.5260508990195508,0.5159844581273606,0.4219728502299067
2016-09-09,0.5985584597362911,0.2709687336942418,0.49800673645819515,0.5285408621208582,0.5590926146466144,0.4697866968036763
2016-09-12,1.2874516950309332,1.198136305395837,1.6145607535526794,1.279079559145729,1.414665992812184,0.517937833293837
2016-09-13,0.9651346476532009,0.8581914684766543,1.4241452543189073,1.284382385844247,1.1754669145376857,0.5544825800770267
2016-09-14,1.2334333880594062,1.035448483565309,1.5605505593427569,1.316224394904588,1.4300588766338178,0.5725964158298648
2016-09-15,1.174086736645958,0.9378584258948887,1.3778982815557532,1.1359039677990137,1.317209183965953,0.5903761344221155
2016-09-16,0.9473258805283,0.7155818350374853,1.220937640561685,1.0863360525697756,1.1273641078227048,0.5883555696318086
2016-09-19,0.9783241206523027,0.7338242445488737,1.1142921743526302,0.970290924412221,1.131940024277731,0.607488629080469
2016-09-20,0.9341704003766581,0.682595098946098,0.9960329938187765,0.855150666642976,1.0522573329748512,0.6155561798212202
2016-09-21,0.9049275830281436,0.6431421765473855,0.8959189617957783,0.7637544798505371,0.9843615032386912,0.6382398095169088
2016-09-22,0.6873423977070869,0.45645175351269673,0.811736455761181,0.8592017389440821,0.8284749682291384,0.6470154502494488
2016-09-23,0.5685024325405301,0.35633859414349284,0.7414921831835283,0.8151636777037138,0.7322402986496325,0.6437243408498443
2016-09-26,0.6778681193742178,0.46438046415010803,0.7673651901130074,0.7844941531654177,0.8283871649981164,0.6494214341720067
2016-09-27,0.8411875487126526,0.6116994509115912,0.8739425934704969,0.8168809285277647,0.9776290836259384,0.6323400378140486
2016-09-28,0.7078786971787709,0.5976328611733206,0.7949729994822226,0.7823551296020897,0.8646002613455278,0.6459692829566119
2016-09-29,0.6087486193133387,0.5102270725606212,0.728306981013035,0.7379639680925023,0.7758029882735515,0.6615179130519223
2016-09-30,0.8052832617189879,0.6949615465605588,0.8863663559217165,0.8101019264026877,0.9587981595947036,0.6715371878472643
2016-10-03,0.6579470017619993,0.5616013756423873,0.8043609457420025,0.8112997580920096,0.8314656985470072,0.6646405434839328
2016-10-04,0.702156084709611,0.6015078128091874,0.751747045025357,0.7495542522134241,0.8467249442731726,0.6663742003758528
2016-10-05,0.7902736918971742,0.6880999008791815,0.7647094973959977,0.736788766754555,0.9209065571371176,0.6671680538132779
2016-10-06,0.689853389962644,0.6008340274200633,0.7032959179797184,0.7070586074990521,0.8320166928630781,0.6696604562252604
2016-10-07,0.6669351941496527,0.5818593599890691,0.6528669408383608,0.6613911535335365,0.7894735027749563,0.6809151005120115
2016-10-10,0.7280742645526074,0.6386853235285757,0.6494777936807797,0.652156545843469,0.8324461709355121,0.656121917804466
2016-10-11,0.6297331520605309,0.5458336316134995,0.6091045735982351,0.6587162894687599,0.746067883356683,0.6420090850429618
2016-10-12,0.9218716550414643,0.8129452784133951,0.9910594870538639,0.8659311507825123,1.0356575752970445,0.6139507919664066
2016-10-13,0.8744251290857497,0.7578395883123721,0.8922425077415251,0.7807777455772543,0.9630715872439158,0.6372542225469032
2016-10-14,0.9235448593911583,0.7858305588632878,0.8355898764596522,0.7351602968770357,0.9811739784740556,0.6339496116120071
2016-10-17,0.8913101915078814,0.7467657623489811,0.7620170777652489,0.6818857488687381,0.9231145914023412,0.6305279501246478
2016-10-18,0.9363039597479024,0.781351588591886,0.7349583752489476,0.6669267261793854,0.950621864371819,0.6376928215672583
2016-10-19,0.8012268336792272,0.654008131774243,0.6788078788945625,0.6858003168890304,0.8410437316802998,0.6277595192523315
2016-10-20,0.7393499741948475,0.5958757552424886,0.6328991362469765,0.6539168993898267,0.778051321177767,0.6112177237136555
2016-10-21,0.7606254133830792,0.6196789532021136,0.6073904454874808,0.631395016487917,0.7877520697146632,0.6059495922466164
2016-10-24,0.7334382429220716,0.5993596850234499,0.5752223953612631,0.606727311601107,0.7523190451373422,0.6112000914038659
2016-10-25,0.6460887884851697,0.5209672987903858,0.5495661866143988,0.6146619386922226,0.6834601259027724,0.6046322515034668
2016-10-26,0.7093736471883123,0.5798585864037207,0.5704775593723431,0.6191403355906392,0.7368658074486039,0.6139890874608731
2016-10-27,0.7325817710797389,0.580626138294599,0.5589452683884225,0.608115775984419,0.7541868298148685,0.6023612343419983
2016-10-28,0.7821823178691288,0.616459852047665,0.5622476869107881,0.6067221873745556,0.7841366308888038,0.597077522933858
2016-10-31,0.835708213875012,0.6523278346725301,0.5704027582513088,0.6089644548882973,0.8170895589761811,0.5789199930267824
2016-11-01,0.833680007969202,0.6311524803416507,0.5457413325826102,0.5687080034673219,0.71658738929418,0.6126642394694025
2016-11-02,0.9836453648141797,0.7459989065187572,0.6967188676827525,0.6539271228888794,0.856508060659167,0.6109475409799663
2016-11-03,1.0867811672607264,0.8217731622422476,0.7504124540260335,0.6812921524245689,0.9438154802869853,0.6095102003347564
2016-11-04,1.169368938959997,0.8591863351999812,0.7492822285501207,0.6751204378299482,0.9840351824594732,0.6136829780039742
2016-11-07,1.1779890370309178,0.830775791218163,0.6942247835335105,0.6360990605675451,0.9416168823386776,0.6340565274134987
2016-11-08,0.8165103208273771,0.5021687542041792,0.6455936216586896,1.1494358448555202,0.7277941300383712,0.6419214701361803
2016-11-09,0.7559681067952312,0.4290242858117788,0.6060445994486179,1.0174630733030243,0.6597741945305654,0.6842229858494207
2016-11-10,0.5837757470053037,0.28450135598970405,0.5741841529781276,1.0089099986883134,0.5552297338427482,0.7146275768111991
2016-11-11,0.5600993389255877,0.2582514911895898,0.5487454193927002,0.8939400272301817,0.5203913383346346,0.6895516799677484
2016-11-14,0.6219587300988444,0.32153854805648424,0.5481013816794441,0.8075096383553356,0.5606441807846015,0.6854897213311112
2016-11-15,0.6202831137897474,0.32189098715417724,0.5280953897397257,0.732624755910139,0.5387340634912526,0.6861549433961756
2016-11-16,0.5011836929375103,0.221803907040766,0.5123765855809518,0.756098575491298,0.4659646206602323,0.6667955336115158
2016-11-17,0.560241100190664,0.27708312445426625,0.5138519686102312,0.7003886549143618,0.5014743242362745,0.6653988590690633
2016-11-18,0.48836912041356545,0.21287672778669925,0.5012539542748248,0.6874575338256671,0.4514303769697412,0.658942339870082
2016-11-21,0.5499106114864812,0.27591723692359915,0.5112040116977571,0.6523341172942507,0.4970180255725149,0.6548095997141493
2016-11-22,0.43865833685255995,0.1822788911821704,0.49919325564341166,0.6980146385882289,0.4298252919834203,0.6519968249657697
2016-11-23,0.42706659630897414,0.16620923051101097,0.48987195653616966,0.6541094669561974,0.4101082689093888,0.6524770235603287
2016-11-25,0.4416104005972377,0.17362555284803585,0.4826706899572293,0.6175181880153302,0.4032177285137124,0.6352880798116659
2016-11-28,0.39679195728030625,0.2163053396876667,0.4771277500153235,0.6107034028342904,0.3718229901827551,0.6338259303813657
2016-11-29,0.5278594197376912,0.33943747972514726,0.5576033350059502,0.6286004852668666,0.492074021590424,0.6220975338658968
2016-11-30,0.5075477899297594,0.32295242023188725,0.5355986696198497,0.6034542849371153,0.4672409153488804,0.6298174557395146
2016-12-01,0.5726998172104592,0.3844044852544198,0.5397661675562476,0.6012969446769602,0.5046547881400854,0.6000337559140696
2016-12-02,0.658626190240307,0.46709627265582704,0.5704784736461995,0.6110657266003481,0.5823092919066878,0.5905345034493444
2016-12-05,0.6523264804245116,0.46571349469645895,0.5458014538902619,0.5887532703212583,0.5619399175155656,0.5933616014511831
2016-12-06,0.5441407986228806,0.3810645126559064,0.5262830906561325,0.6254227614077807,0.4968967135334529,0.5868672366542739
2016-12-07,0.4937423243934259,0.34274379606589345,0.5109576151762144,0.611407390414738,0.4610778747391734,0.5623969262545572
2016-12-08,0.32073866779096877,0.18958190655977805,0.4990027123314456,0.8177771354244374,0.3520763236615645,0.5466483029951089
2016-12-09,0.3121332667255079,0.16771732776320902,0.4897244847827816,0.7460260680116202,0.3330602208521089,0.4567880476858421
2016-12-12,0.24588115976631691,0.10198651246913146,0.48255736849498104,0.7316135712445853,0.2856079142597151,0.4062556502658294
2016-12-13,0.31028673819065394,0.1415469232622961,0.4824605458246844,0.6799982321806076,0.3199191010211715,0.3950598647107662
2016-12-14,0.23903871765828083,0.10000000000000002,0.47696658290240407,0.6972115420280549,0.2683716282102388,0.4150170043545298
2016-12-15,0.5179639198747885,0.4574651557632488,0.7031220194399727,0.7613154636559272,0.5428123355213276,0.425607674888154
2016-12-16,0.46336704655929833,0.39368410734948434,0.6528636270934541,0.7175513464340472,0.4950196567133554,0.4263945888409183
2016-12-19,0.518042049502139,0.434153928680618,0.624160858184122,0.6746065190560179,0.5317442727730265,0.4270624393169643
2016-12-20,0.4868808672999088,0.401654981187649,0.588741458292829,0.6391648801613496,0.5013891888255941,0.4262517728675652
2016-12-21,0.4317943145914692,0.3466710741119711,0.5603407892784201,0.6279232321351109,0.4593743594238256,0.4213082590607599
2016-12-22,0.5010009708112423,0.40707172796675767,0.5655173442974002,0.6182790002420283,0.5195448649390817,0.4174840083673746
2016-12-23,0.5390327948026543,0.44195809623211574,0.5526311963502498,0.601965078596095,0.5485722646758502,0.4118190690895524
2016-12-27,0.5142675888894567,0.4195841068723173,0.5316695059405723,0.5841152785331256,0.5228979583619917,0.4129192450050097
2016-12-28,0.48408866467151335,0.46620654560898056,0.5153176388658101,0.5771049615337633,0.4907073660665295,0.4177072514966403
2016-12-29,0.6717117631289123,0.6343693434412656,0.7214736053960267,0.6895072820099523,0.6998384811630151,0.4158514269796289
2016-12-30,0.6687748708519894,0.640417069669,0.6685166698827544,0.6459369588273861,0.6772287000124166,0.4204034917556503
2017-01-03,0.7326761712968554,0.7021047709833337,0.6654571933388764,0.6325267148998832,0.7180619412159628,0.4442860089898741
2017-01-04,0.5990512066651708,0.590212318184558,0.6225291841737401,0.681850719529239,0.6379518160753852,0.4423068671303622
2017-01-05,0.5037253847051348,0.5106844676440115,0.5877293008981841,0.6831891135343916,0.576952977126361,0.4385252172578379
2017-01-06,0.5250077336217834,0.5360505380226538,0.5619619272566343,0.641126431089266,0.5787114154640157,0.4463168569901902
2017-01-09,0.47105137255829316,0.49301405935757525,0.539238246497939,0.6236236214555032,0.5387975367402854,0.4314126434471599
2017-01-10,0.5431246612486241,0.5624646182173053,0.5605895875232428,0.6186471205587106,0.5980760370824091,0.4340185594571976
2017-01-11,0.5428084235781917,0.5711264845097949,0.5381489531373894,0.5919184273859164,0.5818521793411654,0.4447946652411076
2017-01-12,0.4966525958424787,0.5363792337662195,0.5204064206001319,0.5820926467258153,0.546564145178662,0.4653925565652421
2017-01-13,0.5490122349787528,0.5885333409171036,0.5301829909959836,0.5809060467466779,0.5874894696293945,0.4576960173967574
2017-01-17,0.509557692912883,0.560861865915192,0.5141403152056191,0.5704973747964047,0.5551611254191222,0.4356408801427589
2017-01-18,0.5815471607706665,0.6287180351332158,0.547770402063928,0.5852036257817508,0.6175993796070758,0.4235559266320967
2017-01-19,0.547920598601724,0.5986029321897753,0.5279975996104758,0.5729832612712724,0.5828507485966112,0.4240995548716116
2017-01-20,0.6241611070959503,0.6653884882482651,0.5623016735597239,0.5894127391631451,0.6461543756287595,0.4331093494009792
2017-01-23,0.5539963902247509,0.6107762579664846,0.5395079679470619,0.5884265685366027,0.5988947117006285,0.4420612522608254
2017-01-24,0.5996491900983538,0.6578523675158294,0.5462167484454044,0.5862473490069036,0.6361196924060679,0.4502237659472166
2017-01-25,0.4920294639685741,0.5666088108638795,0.5267704703619668,0.6274466910400285,0.5723904872333738,0.4574222078021624
2017-01-26,0.3717371913975389,0.4542298359886849,0.5114621057037307,0.7008579026430865,0.5010321470315185,0.4594048833195777
2017-01-27,0.40968479178575934,0.48768403692024415,0.5037297379075214,0.6552092317906889,0.5153070823130803,0.4587777165555071
2017-01-30,0.44396238953204975,0.4966968202421194,0.4991282397818727,0.6247813665689889,0.5392272356125916,0.4736610399893607
2017-01-31,0.583344230976804,0.6143180181414081,0.624354770864088,0.6670194596918767,0.6675139218714418,0.4803512082458174
2017-02-01,0.5798619383929868,0.6183436525240094,0.5885144894704933,0.6124676448060766,0.6133484719228752,0.4746938922506949
2017-02-02,0.5676206458220953,0.6148674037889384,0.5596081215113445,0.5818966106467488,0.5892917533291369,0.4482049458206933
2017-02-03,0.5544513484060242,0.6075653069011393,0.5365126124055958,0.5596017777224437,0.5659232327044497,0.4605438213401483
2017-02-06,0.44638768440275584,0.5139289246975882,0.5182044983024903,0.6144027643648854,0.50811422703082,0.4558960132079317
2017-02-07,0.4911631902927369,0.5524738573144969,0.5160256970845668,0.592167363628626,0.533535891610604,0.4477236776141772
2017-02-08,0.49547269598930743,0.5589948354955653,0.5020828808309974,0.5673657317227261,0.5203314645799985,0.4492674659878222
2017-02-09,0.4801283588063408,0.5457318346217314,0.4911814562423278,0.5502775181037156,0.499232138673667,0.4462211525655867
2017-02-10,0.39621321097244294,0.46932744117943304,0.48270082219699456,0.5895276744043817,0.4526691075878472,0.4397038548597585
2017-02-13,0.3511919237742301,0.424411579953426,0.476130141783458,0.5859919161838943,0.4213555221009408,0.4156405221252404
2017-02-14,0.29188178624196,0.36208928234303095,0.4710566337860082,0.6047212971763043,0.3837118878944767,0.4210717133424977
2017-02-15,0.25645563362387935,0.3214632833743952,0.46714943068085935,0.5972767950414296,0.3571370838213076,0.4159142232387902
2017-02-16,0.2112707214011265,0.26662457652809896,0.46414706887662716,0.6088572048177477,0.3251983827233267,0.4199049673412694
2017-02-17,0.26666639904423134,0.30167594168356754,0.4648935910076343,0.5823268148188412,0.3459928520425724,0.4191821135007451
2017-02-21,0.2732851206014722,0.29721588640563784,0.46241589726071597,0.5619972847413369,0.3364183401355686,0.4097131285383651
2017-02-22,0.2161940975168704,0.23434874721596294,0.46051733428022695,0.5976121339965642,0.301592052409922,0.4010389413128574
2017-02-23,0.27205709559752367,0.2705355322447227,0.46240174515570626,0.5743102828029043,0.3246748032226647,0.4034503711682806
2017-02-24,0.2946838263635616,0.28018717786182573,0.4605061169511708,0.5541144845504106,0.3219940062566723,0.4023591701066626
2017-02-27,0.3044796277072568,0.28057482595997635,0.45905490315800435,0.5406417821825791,0.3157748003195903,0.401826054621141
2017-02-28,0.31173019053352186,0.2765083723605071,0.45794485104671334,0.5320678920491806,0.3080944867801912,0.4051205576105792
2017-03-01,0.40038521135779315,0.334634778271355,0.4795129866805165,0.5195310960646472,0.2186241113576306,0.4231501918365564
2017-03-02,0.24530583305063014,0.1888788558825581,0.4718991892697253,0.7882707547117787,0.0973271250595482,0.4168854324567337
2017-03-03,0.4286900370605156,0.34612705248397835,0.610309676093415,0.7768801671040121,0.1839633484722695,0.4071966498992554
2017-03-06,0.43129249512021345,0.35413310910232615,0.5762014811446634,0.7018101128208917,0.1867849709467936,0.4134596924663498
2017-03-07,0.49935580878323116,0.4215874432921817,0.579303722473858,0.6637749833165342,0.2247520282806486,0.4023618543016927
2017-03-08,0.5575724921403222,0.48476610782661717,0.5818484811316064,0.6356753964795442,0.262749805450103,0.4044928811756134
2017-03-09,0.5887577422611836,0.5240847938712716,0.5651819385294685,0.6035117786270366,0.2897732201256503,0.410312447712483
2017-03-10,0.5671216136079498,0.5123492831586431,0.5397452796776485,0.5697468999136235,0.2851194179956369,0.4301538977798175
2017-03-13,0.5108220837730334,0.46981265698329494,0.5193940610197573,0.5595089690337434,0.2521675326338393,0.4243038655885109
2017-03-14,0.5061173195659487,0.47370724703500383,0.5032287858949209,0.5362838729385899,0.2574054338176357,0.4285877724978758
2017-03-15,0.5859657046128549,0.5476677686607744,0.5456841810619047,0.5568258336925658,0.3039066095245027,0.4408905150495276
2017-03-16,0.4578914607781359,0.4371285752747845,0.524132231801651,0.6463724229305249,0.215599856234776,0.4381654606581776
2017-03-17,0.5025993987698455,0.4825415123089836,0.5216490049559573,0.612407174876245,0.2434154588423265,0.4340511154137366
2017-03-20,0.5366903967856445,0.5212812664023667,0.5167845280985339,0.5854423352448492,0.26936146905208,0.4292048284853348
2017-03-21,0.554034992600687,0.5465014658930208,0.5058212257658442,0.5607560950337959,0.2892739426395211,0.4551603434045874
2017-03-22,0.8206251049563525,0.7886269220738622,0.944763561705098,0.8153669195337333,0.4404455728215031,0.4613512610405031
2017-03-23,0.744967704916525,0.7396873157742666,0.8549182528186401,0.7362691555797809,0.4224733714799507,0.4703551003735315
2017-03-24,0.7395406720362568,0.7458126750301284,0.7818664718395277,0.674454975143352,0.4430555108019246,0.4743202959427299
2017-03-27,0.7280702231668713,0.7464621893892542,0.7191891217044744,0.6255120226912687,0.4606517179162501,0.5149892784517007
2017-03-28,0.7192006619189957,0.7517079926036089,0.6686781936651015,0.590084153598396,0.4810270367939915,0.5307340006451411
2017-03-29,0.5839802234951835,0.6420762181167404,0.6239082511052644,0.6351959082701177,0.403381559411608,0.5307329421904495
2017-03-30,0.5416325143012442,0.6573216178776926,0.5899668477498318,0.5929695854147842,0.4040500143967646,0.4967577915037022
2017-03-31,0.4918399093321606,0.6141766163673124,0.5610073179943523,0.5731519832751945,0.3753230306331269,0.4954740969140395
2017-04-03,0.5469767132600445,0.6546883079400173,0.5564566031244651,0.5662132280029809,0.6024012678207983,0.5132633374999589
2017-04-04,0.5813653613031944,0.6825080477910282,0.5446552737495862,0.5530854787625799,0.6168044118292744,0.5057115372959761
2017-04-05,0.5643277644905305,0.6728430010788127,0.5245929536304272,0.5338529716672021,0.5925866667547965,0.5318059000474216
2017-04-06,0.6219991698058643,0.7184288884860741,0.5405875568620845,0.5429104369095146,0.6309097490460678,0.534372288759067
2017-04-07,0.5705118704435461,0.6753262176541914,0.5213477478957316,0.5354526018085374,0.5939297647782714,0.5327282471452497
2017-04-10,0.5929545874458999,0.6911890557939513,0.5099256773796104,0.5256830689635865,0.59609629893927,0.5207426896146315
2017-04-11,0.5959017090850061,0.681785692468782,0.4970270982166425,0.5138079411153753,0.5739214811495653,0.5389926276747773
2017-04-12,0.6371673378777511,0.6993751834874459,0.4923516990022194,0.5112051237278432,0.5809320654343959,0.5349990741008879
2017-04-13,0.7349044679653225,0.7656105972205243,0.5535736121717717,0.548994669368876,0.6478750658462555,0.5342179576103058
2017-04-17,0.8536542448795942,0.8592512225684219,0.6658457289716057,0.6161984934364237,0.7503059575298848,0.5399141448343615
2017-04-18,0.6962384440938477,0.724353786051127,0.6228964745747089,0.6851311141778066,0.6714650836974639,0.5479442470592542
2017-04-19,0.7429272595377618,0.7659362301811531,0.6158194366314437,0.6525963568892853,0.7021761531545512,0.5571251858634186
2017-04-20,0.7659453022142559,0.7860165446823559,0.5928826189841891,0.6177346619585852,0.7087911360521338,0.5458106897228465
2017-04-21,0.6305475621635181,0.6677078582508641,0.5633664079712034,0.6699538723162337,0.637503279626771,0.5419800360919172
2017-04-24,0.6964082473484818,0.7180198035128935,0.574184375244302,0.6435643238680794,0.6754528751984034,0.6250062324332513
2017-04-25,0.508833287049033,0.571560839758573,0.548272555543632,0.7552623154917686,0.5932344237779807,0.6188758345676655
2017-04-26,0.4220361255497201,0.5011634266600375,0.5274826724918449,0.7251497178345218,0.5440162532399819,0.5842537200819916
2017-04-27,0.44611077812320005,0.5255582290695766,0.5123850614388308,0.6663643783312007,0.5435539197698162,0.5715389901264954
2017-04-28,0.43781380925101426,0.5258683986533064,0.4989681361222302,0.6190557855572596,0.524513278455901,0.5691638082911026
2017-05-01,0.4739710398393226,0.552605897301928,0.5019184302260329,0.5882529205652138,0.5015661281347075,0.5693948507244415
2017-05-02,0.4298337332350718,0.5261641877971883,0.48943101554058405,0.5638385703007378,0.4860839686117735,0.5672974322185075
2017-05-03,0.430475239747424,0.5318029699201078,0.47964015535842885,0.5390540450522864,0.5008787483495833,0.5546124323520139
2017-05-04,0.458707280376981,0.5607360275336241,0.47801613255025177,0.5265703475006519,0.5260933525940159,0.5571740870206131
2017-05-05,0.44046121035006974,0.5522539780763497,0.470734257107038,0.512072006180354,0.5308658850334386,0.5317644010187911
2017-05-08,0.3876020796418499,0.5065794688686623,0.46507616273057595,0.522240518153866,0.4957812026536106,0.5257059667268642
2017-05-09,0.3970488925313778,0.5208387610336894,0.4608094926694326,0.5092752001008477,0.5141973306212677,0.5222120661229678
2017-05-10,0.41948464937019714,0.5452587441365656,0.4609495954102978,0.5030980943114828,0.5377331683718614,0.5158525733749105
2017-05-11,0.39719117927350134,0.528484914567066,0.4575027286550842,0.4971735150694369,0.5334367779252032,0.5113109989128243
2017-05-12,0.4463647094678237,0.5694155853226887,0.47230464076802736,0.5034610876271417,0.5645591229030491,0.5114047380992112
2017-05-15,0.4764194464740686,0.6013017071024305,0.4777674154971612,0.5044010711560265,0.5937769812245192,0.499225498194465
2017-05-16,0.39480259699889125,0.5307114261175235,0.4705410016121231,0.5410410145197846,0.5377659718152413,0.4923162071991938
2017-05-17,0.4243389209494758,0.5538492695683592,0.4684065776011356,0.5262015097620328,0.5616864315688124,0.5066811161993259
2017-05-18,0.9532446655156344,0.8953974479529871,1.206475924180709,0.9633538614186172,0.7053647116330245,0.5128914220533144
2017-05-19,0.832780867258883,0.8164678551501209,1.07799328897878,0.8653179316050812,0.671275072147838,0.5073670725388015
2017-05-22,0.6755416109631609,0.7141975062401381,0.9680446258294568,0.8160235927217506,0.6028315196060117,0.5052147123795284
2017-05-23,0.5613708384764705,0.6397197194006551,0.8744678697050148,0.7602619395871762,0.55295350532519,0.3853553911052192
2017-05-24,0.5093860741934036,0.60965245289905,0.7953289981901961,0.6936807379171893,0.5427754086407977,0.3778252308989426
2017-05-25,0.4594307192770676,0.5773927968326351,0.7288808162432341,0.6426104213548337,0.53068439724846,0.3731342467863355
2017-05-26,0.38672821759481846,0.5151729815407534,0.6735297357809135,0.6265650463052904,0.4840436425277944,0.3703599262986288
2017-05-30,0.39740394045070127,0.5259171071731665,0.6279435644762242,0.5873228041825734,0.5025022145498477,0.3727449255590309
2017-05-31,0.41226438611043753,0.5304391724156506,0.5934481913509286,0.5602348405274175,0.525523439096434,0.3762006841619936
2017-06-01,0.4238441311392279,0.5390837613532443,0.5624800350277813,0.5339149222335212,0.4928000545852719,0.3835187240439813
2017-06-02,0.3147833481119331,0.4397563034761675,0.5372786869323378,0.6119383974297028,0.4154309098826154,0.380353723495527
2017-06-05,0.2828156183380158,0.40498961905897335,0.5171024345802087,0.5871407396118412,0.3912111162962205,0.3733260088615397
2017-06-06,0.32372318537575556,0.4300068025831927,0.5031715606309074,0.5586516897242632,0.4090107225724408,0.3785647636292586
2017-06-07,0.409564422811523,0.49231735754490946,0.5291452250322729,0.5603859652934284,0.4401971313744192,0.3822813899403672
2017-06-08,0.38857699464241563,0.4740555736382278,0.5106244644316307,0.5389069404784507,0.4351121225638613,0.3829384532458201
2017-06-09,0.3902329651575611,0.47638901073142614,0.495939877214596,0.5201602307204731,0.4473251401716285,0.4196281483886046
2017-06-12,0.4319139003475312,0.5086161516783204,0.4935365609535165,0.5150283103651552,0.4702027017416288,0.4078160596822716
2017-06-13,0.45014322682081753,0.5196875368896005,0.4826490304950388,0.5040419018327649,0.4866148662412358,0.4078643198696415
2017-06-14,0.37878493781159883,0.4599402920145844,0.4739498947034689,0.5310562001603799,0.4443542969352468,0.4182483876171183
2017-06-15,0.41760602028823246,0.49020093763382155,0.47380420706631143,0.5209112310418884,0.4658676175448755,0.44683317485705
2017-06-16,0.46308293537225215,0.528668343987138,0.482239557003512,0.5191465177654734,0.4911948114809537,0.4262240279636017
2017-06-19,0.45565487716850583,0.5327615033739662,0.47362961192749753,0.5060703526808521,0.5057658073391343,0.4111539522428798
2017-06-20,0.33997574971276306,0.43081152947920465,0.46691410189362836,0.6043355193828538,0.4243060570301621,0.4023189207245866
2017-06-21,0.5070571031637732,0.5567074363639319,0.6253831126130233,0.6558240628073939,0.4752935675277762,0.4063794352913039
2017-06-22,0.5013786358924532,0.5641130635939605,0.588435920675764,0.6082815232221285,0.4920056051186313,0.4073042199850169
2017-06-23,0.49698021873800263,0.5740382069300454,0.5589223668384278,0.5731782620531689,0.5100566708061093,0.4086388792549851
2017-06-26,0.4625268341083696,0.559528174271317,0.5344207855470392,0.5460011645250469,0.5147438097224231,0.4144374351574016
2017-06-27,0.4427261091912879,0.5538235875347979,0.514824205388883,0.5253382772060615,0.5266706103857377,0.4233298701583263
2017-06-28,0.6093174743731589,0.689062512536206,0.7095998563805668,0.639898197719723,0.5862651115987515,0.4357814480127056
2017-06-29,0.44896827832696756,0.5538966836885361,0.6554769027388847,0.7019880682108882,0.4979260321444513,0.4752136248583702
2017-06-30,0.6339051006381589,0.7008001900578054,0.8234443653955487,0.767018130392941,0.561345459015764,0.4767218254376513
2017-07-03,0.5730284669473305,0.6668442876917821,0.7521294801028664,0.6897947851403899,0.6637521766902754,0.4834775244918842
2017-07-05,0.5297013646607731,0.6384493146968778,0.6924061225857023,0.6339452107104611,0.6323289358667268,0.4894393502797337
2017-07-06,0.4853124331772597,0.6044504874571267,0.6427949947271518,0.5941888171947008,0.6002069219571847,0.4966864709802579
2017-07-07,0.6820091847518622,0.7529379968788228,0.830993249189798,0.7073277751758914,0.7460358890711583,0.502791910559109
2017-07-10,0.5471143597558265,0.6547026619355939,0.7584777067707249,0.6968158758206222,0.6853705783176465,0.5024938764588048
2017-07-11,0.5176168646187653,0.6368016693169587,0.6977028496543686,0.6377769594979007,0.6553732026271512,0.4850633574051881
2017-07-12,0.5205960348288433,0.6463422752694727,0.6488334505170019,0.5948424789728891,0.6473444692569609,0.4866163731589749
2017-07-13,0.4006616468039766,0.5454431481886468,0.606888833409088,0.6385983128604558,0.5893569857272611,0.4843568389049859
2017-07-14,0.379628622023664,0.5277940843028289,0.5726014235969301,0.5947112622025394,0.5633931987798043,0.4812250851410155
2017-07-17,0.3167648037048845,0.4717703008887936,0.5448128883136111,0.588214498662326,0.5247712883533121,0.4536997040262587
2017-07-18,0.3388216907139726,0.4849015870058197,0.5225298564459142,0.5553299438889723,0.5163186484438577,0.4536267648884313
2017-07-19,0.3469175412896224,0.4869931905542742,0.504696029163599,0.5299551101313144,0.5010072869627817,0.4471142734697761
2017-07-20,0.28215261463874847,0.4237438051329662,0.4905635381132642,0.5546306392805864,0.46294031516286,0.4453993986448322
2017-07-21,0.2979234160714564,0.43078689760051914,0.4794295288700076,0.5294598522034057,0.4514424158576643,0.4476528837696619
2017-07-24,0.3326490308977304,0.4572279263310832,0.4739695696470789,0.5149354021041768,0.4599981737590985,0.4472326967642654
2017-07-25,0.3503430638259957,0.47229415148160764,0.46668324980093323,0.5015286213501489,0.4576291490774785,0.4479501390488083
2017-07-26,0.32298304808328165,0.4485199798019494,0.46076145653496026,0.4974822374906338,0.4366120934346776,0.4387182690523816
2017-07-27,0.33919459521355655,0.4599853943016842,0.4561624127560211,0.4881405674970943,0.4311925211849232,0.4549798486516357
2017-07-28,0.374280352378171,0.48489589623626816,0.4563012729375378,0.4854153136094127,0.4416538474241855,0.4473628907850217
2017-07-31,0.4026474626469268,0.49659890326879474,0.4514904235524347,0.4850797584942305,0.4554444810347158,0.39994613605313
2017-09-01,0.369447635754963,0.47427034350310837,0.5396326341728621,0.579587647927792,0.4811192972535442,0.4863336752393441
2017-09-05,0.35911764952910763,0.4614749865302462,0.5167768919830484,0.547478509449523,0.474713565241543,0.5070273098824014
2017-09-06,0.5433182199969155,0.5892926654719435,0.6732367943167743,0.6234389622148291,0.5502586224256781,0.5145219642616555
2017-09-07,0.485525503852915,0.5439754424441092,0.6259855675069642,0.5930617569887868,0.5144470551621064,0.4989528409322587
2017-09-08,0.4918133971085332,0.5509949939517005,0.5870574107845922,0.557162708134207,0.5334821527269182,0.492181501630856
2017-09-11,0.521043540068327,0.5722792357729062,0.5600480540268846,0.53463928603363,0.5611000007972136,0.487286040224165
2017-09-12,0.3680448283844345,0.44159918119960356,0.5332446029040461,0.6768092093082679,0.4280838212608127,0.4839010456074586
2017-09-13,0.3330881338246875,0.40713759697647156,0.5116445331087117,0.6330584755027091,0.3910804683638244,0.4662551553874979
2017-09-14,0.34707520014962495,0.4142222063879283,0.49436610194515773,0.5869944620771108,0.397661512610257,0.4665158694943037
2017-09-15,0.371672610975531,0.4321428922624171,0.4810556773929436,0.5530916316249308,0.4159687204433939,0.4621778523315143
2017-09-18,0.36236982968504494,0.42503560625165104,0.47011874633552186,0.5273529064416412,0.4092977213514124,0.4379044221562013
2017-09-19,0.342680666825989,0.4075099385863378,0.4615189961006411,0.5116945891950023,0.3904278646480871,0.4207592707828337
2017-09-20,0.343837337429304,0.40598943831726525,0.454784973700521,0.4958008265328306,0.3886291994034695,0.4217471987063089
2017-09-21,0.35128315823720935,0.4132543377343273,0.44952995871514534,0.4838051006704872,0.397100256068199,0.4116596354459799
2017-09-22,0.4098062886008471,0.46637351624517975,0.4762273809947263,0.4957669599046687,0.4339395263726677,0.3970777031106688
2017-09-25,0.4046555115209453,0.47160009442356887,0.4663174036350081,0.4839509395433764,0.4460485924560721,0.4015859598078842
2017-09-26,0.4457026432412933,0.5092599312273779,0.47620667642200154,0.4885970046674181,0.4788379278959111,0.3922884093784788
2017-09-27,0.4332060747132216,0.5051348254637514,0.4663011225376594,0.4784814607237029,0.485331288326049,0.4020216905009842
2017-09-28,0.36592575344633904,0.4429521568499588,0.45143599566051856,0.4934414655481184,0.4415727473344226,0.3649465698399415
2017-09-29,0.35250510374589133,0.43438135787267224,0.4451417838719434,0.482856618585745,0.4377565566116422,0.3591932504651258
2017-10-02,0.30798152449517224,0.39421829851424844,0.44022770877755724,0.4788604698977655,0.3453268689738439,0.3438637452037286
2017-10-03,0.2593596466245919,0.34620561608516964,0.43640131162786383,0.4960523279754489,0.3235649642982429,0.3410908623971134
2017-10-04,0.24874799635273248,0.32897497844776324,0.4334279787375782,0.4851930886458026,0.3095549614561109,0.3081414713600566
2017-10-05,0.2550927915686608,0.32565700041829454,0.43112153718822926,0.4730251742437358,0.2992159373913224,0.3021814842647559
2017-10-06,0.19253253214084634,0.2616674868662836,0.4293352284418369,0.5196245921654353,0.275710134280183,0.3045216659850203
2017-10-09,0.24768755389002298,0.2950681579713581,0.43398911410620883,0.5035696138040935,0.2971134475906368,0.303752498066262
2017-10-10,0.31130031121964236,0.3350385422726405,0.444047576519775,0.4957336036717502,0.3270435358346543,0.2889618089609064
2017-10-11,0.2906917232791615,0.31055629827124903,0.43937483184075943,0.4885572983972825,0.3113559911323701,0.2883486114891718
2017-10-12,0.2871821480566531,0.3012013411112894,0.4357379396830791,0.4767571608295484,0.2997654680318189,0.2886870170658922
2017-10-13,0.33734029370165824,0.33765735752038517,0.44308301286252255,0.474930222978105,0.3263653716205366,0.2878238531459852
2017-10-16,0.329614778843028,0.33174847112947714,0.4386233670252777,0.4655798750223683,0.3149186557583534,0.2882130536074331
2017-10-17,0.32425681146383417,0.32452791968138717,0.4351538334450123,0.4591022330853488,0.3038204045492599,0.284737800344631
2017-10-18,0.33329742830905057,0.32656383234410646,0.43245984540833005,0.4532134293667344,0.2952618302815633,0.2854983510990673
2017-10-19,0.33430915368253517,0.3244819438029242,0.43037130442581345,0.4492567953567745,0.2863828674800972,0.2909341505066184
2017-10-20,0.346207565624147,0.33264405519011686,0.42875410759018573,0.4462512855557498,0.2812259631170394,0.3081782680654481
2017-10-23,0.2849120670810469,0.2765679903204994,0.42750339991826874,0.487542160580048,0.2609211600491957,0.3109828584849293
2017-10-24,0.39679735623936907,0.356512759113759,0.49271640621610563,0.5135004797295364,0.3420109928096096,0.3001846101087901
2017-10-25,0.3853364174624421,0.3428461193482209,0.4777033579193928,0.4959850831772945,0.327994085577257,0.328194055422744
2017-10-26,0.4982172069485524,0.4353545436457619,0.561803834100149,0.5389077269658662,0.4258616577176047,0.314819187672995
2017-10-27,0.4735550959586171,0.41665684479337406,0.5249971117129058,0.513284547194351,0.4076419180597062,0.3364090591262841
2017-10-30,0.3499173374768822,0.32087191020491657,0.5016057265277766,0.5955069509798586,0.370915945865067,0.3605325607743864
2017-10-31,0.43613813431342097,0.39441930950915915,0.5376897934223024,0.587100207913884,0.4371104103997562,0.3604836463974356
2017-11-01,0.4103807687950373,0.38239677785441234,0.5119187972084295,0.5384856728862375,0.411949444929888,0.371887667754185
2017-11-02,0.3935149710588895,0.3743882819096489,0.49101739111805476,0.5091890048184142,0.3947622136743116,0.3832078554536745
2017-11-03,0.39141360747571774,0.38043234044220403,0.47418598179347926,0.4859531942697961,0.3817395752791645,0.382464714987317
2017-11-06,0.3385758066713159,0.3463368562799264,0.46071938173684407,0.4833559042708922,0.3604640917498723,0.3788676950403634
2017-11-07,0.32377392588066595,0.33794887838292575,0.4500058613442559,0.4680828154111576,0.346134548469671,0.3804586782096248
2017-11-08,0.35234816582747325,0.3623896109688435,0.4437257408885632,0.4585703734843809,0.3559289608144159,0.3767020112192953
2017-11-09,0.33639356133169246,0.35097423292302515,0.43657071806707165,0.4502839060925627,0.3414250694578934,0.4153347813045344
2017-11-10,0.4237232251170748,0.42174584290892225,0.4887930049073656,0.4800865473687805,0.4105217174013371,0.4170061153703256
2017-11-13,0.44153548157219136,0.43622225288019656,0.47281201038401044,0.4656717821412372,0.408713660968774,0.4229560562045774
2017-11-14,0.43835415828102836,0.43196144809888204,0.45962363234347386,0.4532511670124733,0.3929753068509595,0.4354808771878052
2017-11-15,0.4913063796886927,0.4764186362992381,0.47276311345020133,0.4625759461977354,0.4304290131622147,0.4518310269285501
2017-11-16,0.6014059065481169,0.5606839349448076,0.559153913546776,0.5151858204768606,0.520186487157092,0.4665231069438637
2017-11-17,0.46630208112550037,0.45271367082496256,0.5294400036696861,0.6006795272811304,0.4732716315344545,0.457150430789872
2017-11-20,0.5222007750920219,0.506683262913898,0.5386379174906192,0.5784607002888218,0.515921502168927,0.4454368310910157
2017-11-21,0.4811379062764554,0.4877584271141539,0.5126906670349171,0.5413088573201054,0.4896912612274702,0.4599567145076083
2017-11-22,0.3744362904534936,0.40858085718814197,0.4916415262207934,0.5732409655494668,0.4509227658099827,0.4586136111649322
2017-11-24,0.3963834102408025,0.43391851604890425,0.477998847811789,0.5392697366727398,0.4564626415802687,0.4380657055571471
2017-11-27,0.36226740087159964,0.4121705739722961,0.4637627564396258,0.5142774566045029,0.4329728795619753,0.434938126828065
2017-11-28,0.3734450882416436,0.42369612850723454,0.44812456890931607,0.4922252830151708,0.432894482673514,0.4247767757510074
2017-11-29,0.2502098695657141,0.31031878027514653,0.4385942593419276,0.6318262742999441,0.3878794067425737,0.408590441836122
2017-11-30,0.29498915743515,0.3354862119800035,0.4327933203956506,0.5835842565148595,0.3931281471276677,0.4334002091248245
2017-12-01,0.20691233907218004,0.24296443252723557,0.42646581375813025,0.6445776279162632,0.332199530868118,0.5175410766280787
2017-12-04,0.29263484231015624,0.29477498310277694,0.441884032039713,0.6025244229249166,0.3688702409655968,0.5428077929770048
2017-12-05,0.35143815436608233,0.3320899701883636,0.4404884201993903,0.5630201441939658,0.3866418812789088,0.5650200932045985
2017-12-06,0.44336474594714764,0.40749699938721234,0.489960319454746,0.5585104701522934,0.4490114553154363,0.5660222221013032
2017-12-07,0.4448061682367352,0.4193011309177198,0.4720710743463382,0.5228113515433229,0.4366239136397586,0.5729034585575367
2017-12-08,0.39280360456955715,0.38984219478875104,0.45769191365064327,0.5067786061911171,0.4119583670539334,0.5841498479823383
2017-12-11,0.3153778899452687,0.333430250892207,0.4462022390048693,0.5265185732379769,0.3814026108292445,0.5621128954850952
2017-12-12,0.2819260445284085,0.31015937352751627,0.43706803977806374,0.5082792121017464,0.3608954241812316,0.563273138152223
2017-12-13,0.2765324280420527,0.303954501866057,0.4298382814019684,0.4859901609872242,0.3458860549281161,0.5587506542479219
2017-12-14,0.30444142034173577,0.3249181457258225,0.42419748061852774,0.4677371799987225,0.3456063803224882,0.5510829103945023
2017-12-15,0.40788470774640134,0.4098199203317513,0.49452408846046336,0.4988775004101362,0.4220390647024368,0.5453800877598926
2017-12-18,0.29221251029435424,0.3190612558437402,0.4757542078803478,0.5834877412812731,0.3815706630911384,0.5399189975226905
2017-12-19,0.22130333196517935,0.2555159874679159,0.46064529435184604,0.5968453731528757,0.3501398549378837,0.5401622414265139
2017-12-20,0.3340968491585668,0.3405494425224746,0.5114867815234934,0.5871509812495019,0.4209314524327495,0.5442810379578311
2017-12-21,0.3548780403941977,0.3657804781767133,0.4906309686175037,0.5473281148879726,0.4228038284982164,0.5313165093416407
2017-12-22,0.33053572507950313,0.35308229838331495,0.4726119043161164,0.5174017416563249,0.4027410153574277,0.5345914254601696
2017-12-26,0.34940890688906723,0.37359247509517235,0.4584301522615889,0.4922092200907742,0.4013063249023131,0.5391070723415482
2017-12-27,0.38445657479769474,0.4071967811027719,0.4532845252048098,0.4782836640822818,0.4165299540059,0.5394375511680195
2017-12-28,0.39402734790507377,0.4248366624009086,0.4422462664323633,0.4607165744399776,0.4022193738176018,0.5327161946150892
2017-12-29,0.36991030998230257,0.40934161140320313,0.4338253773124651,0.4516374828341393,0.3835481523171707,0.531205165147875
2018-01-02,0.4584976102605695,0.48299833413818877,0.490612772013401,0.4752728303703989,0.432207639257526,0.5156213414958059
2018-01-03,0.35202840148521647,0.39929091567264086,0.47250738849933666,0.5381245763036706,0.3946777383165695,0.4275568800070143
2018-01-04,0.2707087541034252,0.330756951085928,0.45794516325054224,0.5627508744890708,0.3623703099645269,0.390019718552245
2018-01-05,0.22851482889551245,0.28948918388573996,0.446301914375919,0.5468358662113478,0.3391204531546771,0.3609225292339614
2018-01-08,0.16237388559346563,0.22119993864361387,0.43704112325610656,0.57551129682657,0.309184493895798,0.3654214242281557
2018-01-09,0.16422420171589158,0.21287352027363676,0.42970709467503126,0.5365762578542542,0.2972192614506543,0.353609014844275
2018-01-10,0.1618699068527202,0.19889742746433792,0.42392086615894276,0.5085049260019713,0.2844256087225835,0.3567695424848723
2018-01-11,0.22831764011435807,0.2422481450106104,0.43061801769695535,0.4915457153823833,0.3134263578861791,0.3527584282290509
2018-01-12,0.15837776249075414,0.16973865296256738,0.4246390444668048,0.5518866313748018,0.2829610549517438,0.3549810954804543
2018-01-16,0.10373892289034489,0.1092378480350606,0.41993439055365334,0.5761581715087821,0.2567255729549855,0.3993246261706864
2018-01-17,0.24479972076171252,0.19668880806421193,0.4702231398360048,0.5643296980528193,0.3263317914042404,0.4220484065469418
2018-01-18,0.1581426468276376,0.10885914862603778,0.45611514305161494,0.6536866751333219,0.2879779047345149,0.4198317909492943
2018-01-19,0.24203741254280056,0.15735240528839545,0.4576470762155827,0.6052580495474483,0.319610676676626,0.4144663269306181
2018-01-22,0.20992267600721273,0.11722866391821449,0.44606430009335285,0.5832139190620685,0.2978053017138785,0.4207387270671487
2018-01-23,0.13758552012520836,0.10000000000000002,0.4368528359726985,0.631866445406976,0.2655599383335298,0.4173724105601753
2018-01-24,0.140745472986329,0.10000000000000002,0.4295583151042889,0.5823745343218343,0.2549498964455534,0.4386592015633554
2018-01-25,0.1913587110576184,0.12357483739880808,0.424529688767815,0.5415689492790636,0.2647204160262649,0.4467028011327827
2018-01-26,0.2262673813744564,0.1352060463525987,0.4198479689723382,0.5076416880124155,0.2600875968797133,0.4481233009105893
2018-01-29,0.1210417004711553,0.10000000000000002,0.4161754266795394,0.6784998275765165,0.2193092490307951,0.4628908092072409
2018-01-30,0.5222056789970629,0.3034784217108987,0.6007905623174818,0.6957657405055624,0.3770220699840923,0.5348935120557543
2018-01-31,0.7855640501841642,0.5218347778467626,0.8662695569535425,0.7948274740027454,0.5960125148938163,0.5495642394055684
2018-02-01,0.7119853799188007,0.5256916049441894,0.7868476615657488,0.7108873585345177,0.6822433411929318,0.5651606719235821
2018-02-02,0.6855100088674922,0.5527128462690103,0.7231506121240426,0.6486784857855482,0.6616795505605998,0.5990874027106119
2018-02-05,1.2661922437803226,0.9699591187322197,1.553351971988748,1.158616305897366,1.2498754034536286,0.813591951165384
2018-02-06,2.6433607510181227,1.6984341237645317,3.053521418412719,2.154616935837752,2.307542890486828,0.9819683188987856
2018-02-07,2.1035228758480007,1.3170267445467416,2.6911982954333613,2.0311726535782104,2.0117988737204904,1.0290810816639495
2018-02-08,1.962825876181127,1.3090368003014543,2.3989238487712363,1.773801039681628,1.8611210928524424,1.0872374565597285
2018-02-09,2.7054506226726778,1.8395577315350107,3.2291460129413365,2.2932974677439404,2.517009556299513,1.2978900114112613
2018-02-12,2.1587644531893453,1.4945398182296856,2.84516413144751,2.071019846869481,2.177217165101184,1.3415250412756268
2018-02-13,1.7320136590836055,1.2212409394019486,2.5085992287652776,1.886478304254438,1.899952262349991,1.3536250791518236
2018-02-14,1.5451101002760768,1.1356086130651422,2.213829048033605,1.6317183625919751,1.6589939151954942,1.3635682817361183
2018-02-15,1.2084001316828645,0.9311303879667163,1.9559250646693724,1.518130458647799,1.4716775869591072,1.3911486211786066
2018-02-16,0.9886354701916101,0.761369430374793,1.7305656375391196,1.4169467193973682,1.3148507150997346,1.4022396359987932
2018-02-20,0.9545991809483734,0.7637744531451957,1.5339627997970728,1.2320267264980074,1.1738056453110062,1.4120379253494015
2018-02-21,1.0727887589503842,0.8622023711203652,1.4204217003865651,1.1190235219144418,1.1866375982910384,1.4362631177419467
2018-02-22,1.1170577842644538,0.9289639316026308,1.3035206945855875,1.0126571286730448,1.1701753755595143,1.4502011435412845
2018-02-23,1.0210122697906474,0.9000312414500587,1.1627855327618015,0.8925150410537159,1.048542681753303,1.4553051924549147
2018-02-26,0.7895602321494948,0.7010209617080548,1.0411184183803175,1.0304270345782056,0.9618139286921544,1.460514359472299
2018-02-27,0.6508543967601186,0.5698718463657503,0.9363630787783322,1.0225155491406694,0.8829442889717836,1.4684635067971223
2018-02-28,0.9883812437057247,0.8042845590036374,1.1655997689427982,1.0722709885626391,1.0959089726435964,1.4784697236198134
2018-03-01,1.1839450595614913,0.998692507435768,1.2270288759136874,1.0811916717708976,1.200574759867349,1.4923175743299442
2018-03-02,1.4519606640304614,1.2262148062290763,1.443834348340936,1.18773228898009,1.4226043682754612,1.5106998440136676
2018-03-05,1.22111585163515,1.101477184543914,1.2818228753010856,1.0422515983600342,1.2562343138327103,1.5218814067690982
2018-03-06,0.9979274300140023,0.9112053545786855,1.1417362608928165,1.0363509433352096,1.126665131734323,1.5162364637115882
2018-03-07,0.9184082116912179,0.8669030292778745,1.0210454322466451,0.9013585875630058,1.0064706143980682,1.4286956839382083
2018-03-08,0.8842938205638553,0.8711721696241195,0.9178238646503479,0.7897826667285481,0.9202018426799106,1.3210928746329786
2018-03-09,0.7878357222354078,0.7971433543584514,0.8294431889626005,0.7244142142328048,0.8355007969880712,1.2926709248159345
2018-03-12,0.5867601361840227,0.5747325351563042,0.7544874279126228,1.0159807067218771,0.7806028356804776,1.2463898585308226
2018-03-13,0.6340163275985048,0.6197814705574861,0.6960548602693605,0.88616239553603,0.7478033658087555,1.0386553516332842
2018-03-14,0.7938490762806445,0.7509270304584597,0.765861839641118,0.8490297454329617,0.8449574126744267,0.993989856051212
2018-03-15,0.8853610124194876,0.8366963076648168,0.7750322819193526,0.7971469125570544,0.8918951937507182,0.980253148563549
2018-03-16,0.8551329635027292,0.8443019557465531,0.7120656609237216,0.7097390189870716,0.8387700761162011,0.9507646612184888
2018-03-19,0.7904884734760541,0.8176870110481403,0.6558475408794805,0.6348994543348381,0.7611675347613964,0.943591750962008
2018-03-20,1.123439673521201,1.0449948459574214,1.0668195651557475,0.8949377533620834,1.0613608854172718,0.9265055123406412
2018-03-21,1.008926996650582,0.980455590552321,0.9567254769368526,0.7839652971416652,0.950517456216764,0.9296253150710876
2018-03-22,0.9768580829836339,0.9785626848538619,0.8713778167003546,0.7054030844055427,0.9063338581387812,0.9428204633840273
2018-03-23,1.6611079739120114,1.4084520376127805,1.8090848797156085,1.392440779993555,1.5708897643584372,0.9504269501235656
2018-03-26,1.9455193034776335,1.6524271433825612,2.115471305775766,1.594773622501666,1.8928508146520804,1.042252538864486
2018-03-27,1.3916425616165633,1.1728593211580047,1.8657519144924357,1.843375165886819,1.6701489425080738,1.0884058348208812
2018-03-28,1.6329715955269386,1.3963681224388966,1.9833034435556567,1.7814997826848242,1.85224684355026,1.0951779898456926
2018-03-29,1.5053454614635147,1.346701807165589,1.7608863516402922,1.5229047515107124,1.6722681632028746,1.1158664714333155
2018-04-02,1.2029587831424358,1.100307425512159,1.5619493921565213,1.4386888549493146,1.442255504230013,1.145255313155861
2018-04-03,1.6741951931552874,1.4396430309718404,1.9720341018600869,1.6301058110112965,1.81551744036276,1.143326863195942
2018-04-04,1.3314154128726516,1.1693820183496006,1.7419472999467933,1.5093321155168382,1.5851362194828764,1.2222930499891074
2018-04-05,1.103139603666017,0.9697306746363538,1.5415676797951774,1.379823247622274,1.3947130386964364,1.2253984181296766
2018-04-06,0.9521429096314059,0.836826982011851,1.3674224682527163,1.236968648150038,1.2350820693991609,1.2697588613559525
2018-04-09,1.5222486952027579,1.2668121242276473,1.8925651276797522,1.5295458224873502,1.6892958473726924,1.3028705010518509
2018-04-10,1.3151606305763919,1.1322545042488794,1.672697281335596,1.3311802606377496,1.474790690165835,1.3257283735019485
2018-04-11,1.0549283263985603,0.8780015260896854,1.4813397248308917,1.3485434021313158,1.3087095727564444,1.342702021853421
2018-04-12,1.1195667733468742,0.9568093468112369,1.3579295390334614,1.1988416391421002,1.2804976723574883,1.3339889058903505
2018-04-13,0.9527500762489333,0.823596964631247,1.2082547908090628,1.0970730206654489,1.1406089797037229,1.3364303201269774
2018-04-16,0.9524041401589622,0.8711735780228537,1.0953780342965642,0.9714060032254764,1.0894252829815243,1.3420220861036949
2018-04-17,0.8049575384762463,0.7483868131810866,0.9818053420033491,0.9202655691644712,0.980889710016341,1.3502037557989084
2018-04-18,0.6593943656732261,0.6074632633426782,0.884478943903829,0.9327957711722118,0.8918121739332592,1.3204244668819245
2018-04-19,0.6534089546744589,0.6187332470541834,0.8015295961303143,0.820243890183994,0.8067500662541122,1.3274028711339567
2018-04-20,0.7805266257550718,0.7364035066868323,0.8141373085945436,0.7860848218529222,0.8731441143738959,1.322985999083575
2018-04-23,0.9484084737280257,0.8936721251624948,0.9222367625643021,0.8241677221337468,1.004169048261653,1.2906562753988742
2018-04-24,0.8780356202494237,0.8877773552597589,0.8337065940669849,0.7326369294692684,0.9145610726495444,1.3038423148144511
2018-04-25,1.1532215463480282,1.115219124053855,1.1558634617896577,0.9388860187750546,1.1796120281495146,1.2334035848374008
2018-04-26,1.0163129484991804,1.0394053874547378,1.03381948078859,0.8291173284417074,1.0510322177834597,1.1922027614670347
2018-04-27,0.8264666572042564,0.8676652978862595,0.9289913300486935,0.8559719584320037,0.9504560706656776,1.1767975351238646
2018-04-30,0.7670331445457439,0.8455528994123875,0.8394053061873074,0.7573697541696379,0.8567197628973213,1.146064683790143
2018-05-01,0.9042579141456624,0.9697474255904841,0.9068289609435135,0.7833551287074588,0.9356866065833708,1.083482155286566
2018-05-02,0.8143992181889532,0.921623288616155,0.8208928729078955,0.7014517760348208,0.8458771631829574,1.0608289169494671
2018-05-03,0.9117864447315238,1.012787966988531,0.8628809235091027,0.721838741367215,0.933385940972748,0.9850055521112836
2018-05-04,0.8838529819848305,1.0164256400701144,0.7960866774904448,0.6641142107230323,0.8996818961157876,1.0062159509702375
2018-05-07,0.6906254220193441,0.8093060811556576,0.7269881742074505,0.823704971129371,0.8251174792702316,0.9276270569693372
2018-05-08,0.6378690004008375,0.7545451676261571,0.6688744643778484,0.7427781088081863,0.7529837764200517,0.885177781200721
2018-05-09,0.6329679875592573,0.7545059764190823,0.6203783276665185,0.6677784959838726,0.698109149152929,0.8452411939964042
2018-05-10,0.5202806259659777,0.6189017424504528,0.5802404025938467,0.7324063281182651,0.6493825182409438,0.8179620775486509
2018-05-11,0.4361333229014868,0.5007109429855977,0.5472982141766181,0.7684278721768555,0.6069119253444842,0.8078375210994984
2018-05-14,0.42336584946666495,0.47614250405367253,0.5204858368599121,0.6959029896166815,0.5642777484087539,0.7911906518123448
2018-05-15,0.4438014621387183,0.4923827772452173,0.49883713445755873,0.6292059351956886,0.5246990624618464,0.7906097067940411
2018-05-16,0.6531019444150359,0.639200958383009,0.65304809342346,0.6758062021492262,0.6757726261176971,0.7765043377572292
2018-05-17,0.5836635169169873,0.585960942787193,0.6072429870331558,0.6334286819277468,0.6251436429458227,0.7814934257035151
2018-05-18,0.5914284278898335,0.613572320699559,0.5719787180800807,0.5837670527749584,0.6060557729818146,0.7684975737148744
2018-05-21,0.6297485289157548,0.6657386951542553,0.563677873350417,0.56034752302339,0.6276141395888494,0.764512812234565
2018-05-22,0.5320069683448477,0.5645848831513248,0.5337901634767345,0.6077829159071665,0.586347367852516,0.7590149597270576
2018-05-23,0.5911092112061674,0.626264620346415,0.5396624841729207,0.5821077176857389,0.6174058986722293,0.7101863452526559
2018-05-24,0.5409109837667474,0.59438857750201,0.5143037274181015,0.546511694625828,0.5731477757270771,0.6993700969024037
2018-05-25,0.5716006546692967,0.6391915969483104,0.5109261295694241,0.5268268352188805,0.5885659948082578,0.6860921008991604
2018-05-29,0.6104446107016411,0.6842771356210315,0.514225776523834,0.5161746638296745,0.6097817116349439,0.7137788093862651
2018-05-30,0.9257648110496409,0.8900352153105151,0.8883676917275452,0.7492571112870893,0.886566118484563,0.72014438330688
2018-05-31,0.7164886861739705,0.6876302295054506,0.8057434554952767,0.886919585312688,0.8143010582345948,0.7007705860416875
2018-06-01,0.8250135340430214,0.7918014044824196,0.8333743715793493,0.8444218986135152,0.8684755624349707,0.6983524340088708
2018-06-04,0.6539604629353264,0.6449751514454076,0.7586510538253711,0.8570781836214653,0.7930106631049696,0.6367189716122946
2018-06-05,0.5689570155818471,0.5811277633460759,0.6955985634764513,0.7824670601541909,0.7255502141711206,0.576725438828125
2018-06-06,0.5427703707228769,0.580760355972352,0.642791572201924,0.6998073994599053,0.6652018572423405,0.5786710279445899
2018-06-07,0.4418120345681183,0.47270464352330643,0.5989203832781623,0.7221841778298379,0.6175807216449268,0.5706485314689967
2018-06-08,0.4561446120328925,0.4936585803684966,0.5628182173084976,0.6521529783247871,0.5836855218758306,0.5595427960360433
2018-06-11,0.4343146955475615,0.4657901864107756,0.533281152439816,0.603240781177732,0.5434928437894719,0.5548076222664243
2018-06-12,0.43660229119789373,0.4641138999921409,0.5093468547918238,0.5565355424849607,0.5073539917170161,0.5532157779478644
2018-06-13,0.43864269416070995,0.4630291931921786,0.4901017070373229,0.519839741550584,0.4755790193530674,0.5515466739617707
2018-06-14,0.5301368037958992,0.5366697423962344,0.5167206797909559,0.5232680700590235,0.5330606231752439,0.5350801618546887
2018-06-15,0.4929384385599749,0.5111012477149194,0.49601562435600366,0.5000279597096088,0.4989152585494733,0.548057554959062
2018-06-18,0.5144887154925462,0.5465256316686408,0.48632432767285577,0.4846459525279925,0.5064020451559949,0.5587709702023753
2018-06-19,0.5502783420176286,0.5917967334008599,0.48970143880699357,0.4815178921467016,0.5314178194804742,0.5983332962073296
2018-06-20,0.6285722877086164,0.6626008074123749,0.5340167106278437,0.5074457775652368,0.5972212123206637,0.5882085643668628
2018-06-21,0.5809193068514098,0.6377835458780374,0.5099405257508226,0.4832482661279518,0.5545556081728209,0.5897102716131766
2018-06-22,0.725747623879386,0.746935514702285,0.6338884187148898,0.5646452054336172,0.682471446583324,0.5857920670808715
2018-06-25,0.6629246890704159,0.7101938743685606,0.5915605532162147,0.5278658211866866,0.6286538002936258,0.6182005273789518
2018-06-26,1.0201710006043725,0.9503899292540652,1.0371102683305689,0.8295628105330786,0.973593657580904,0.6214086140153062
2018-06-27,0.8959972783000452,0.8814663344721893,0.9323539538182967,0.7412473809577146,0.877896736308214,0.623887914825417
2018-06-28,1.0352470814343897,0.9894162312439319,0.996136122099738,0.7859438742625084,1.0002621257146893,0.6212558454072166
2018-06-29,0.8899550838495193,0.8635364686206475,0.8958830525068098,0.7384689254066289,0.9024881717673916,0.633347747987132
2018-07-02,0.8183553755728669,0.8177070153016252,0.8111017848044468,0.6623039347555116,0.7944011363493944,0.6450217713128046
2018-07-03,0.7536305337766576,0.7683790183305128,0.7392421757587408,0.6060599234270021,0.7251801433072607,0.6532450955941657
2018-07-05,0.8069312502601664,0.8137879276117146,0.7154198116412231,0.5913943833435601,0.7544579767637828,0.6683593926303413
2018-07-06,0.6792604936933693,0.6832003870488359,0.6588176741891963,0.6430648160335424,0.6925189474134571,0.671893346323913
2018-07-09,0.5622956005833623,0.5649366142486628,0.6116872496513457,0.684975354907964,0.6392203987554145,0.6703181553794582
2018-07-10,0.46328162655285887,0.45223198961611394,0.5727701180557935,0.7263643087696935,0.5932057782543514,0.668591335965541
2018-07-11,0.4382777983869902,0.4200654195739741,0.5409066689590892,0.666944310744173,0.551684161934508,0.6852854723375237
2018-07-12,0.6448569676022682,0.5834683691364829,0.6966789352918563,0.7102790796300714,0.7109373400600585,0.6959228945347925
2018-07-13,0.5213597740303412,0.468482097328338,0.6431707861477526,0.745188708617634,0.6552867625168193,0.6946585165775012
2018-07-16,0.5044735713302235,0.47807010873794686,0.5987302987660038,0.6691097020138385,0.604904996861421,0.6902134859158389
2018-07-17,0.5267870237478732,0.5142037971813903,0.5650316702557023,0.6126067989312902,0.5902709019123883,0.6860712443446424
2018-07-18,0.47436318549235407,0.47160098001186296,0.5346045472149785,0.5832703340624905,0.549246274718536,0.6697868752905383
2018-07-19,0.4553067685908019,0.4604369388520439,0.5099460917629317,0.5438540409721564,0.5128376585837326,0.6384273078234481
2018-07-20,0.5538541029485383,0.5480992271241469,0.5463735666085979,0.549872781968125,0.5802002161297346,0.6350103515421442
2018-07-23,0.5676038315506666,0.5805913931484658,0.5245717073988827,0.5213398957430531,0.5744347377494898,0.629732367997041
2018-07-24,0.5331462033357659,0.562766535322046,0.5018611239606466,0.4949021174405373,0.5348156895089885,0.6351641527120828
2018-07-25,0.4742105755783648,0.5009136108659609,0.48365261780554275,0.5112853539117702,0.5009894307046339,0.5924782167035263
2018-07-26,0.3962513687288879,0.3992699716516355,0.46915486917325344,0.6008454291544136,0.4722079424717983,0.5907529256100581
2018-07-27,0.4692520905526431,0.46465887752981433,0.4819229499281525,0.5718450651576265,0.5094533204732211,0.5688879036614332
2018-07-30,0.6395877753865372,0.6080110194060067,0.6384291581961572,0.6335373429920528,0.6612944595016412,0.5567254700845186
2018-07-31,0.730564052999923,0.6994115744934474,0.6798101413074165,0.6410618987108592,0.7427549948631442,0.5399206455276533
2018-08-01,0.6221641489861682,0.6236338821275794,0.6295732685417086,0.6148852783792529,0.6578942834190368,0.5167873887791804
2018-08-02,0.629505638172241,0.6531649789839313,0.597370490442718,0.5754293338949605,0.6531959116630017,0.5264592804005175
2018-08-03,0.5375829694261721,0.5742729856951306,0.5613925772260219,0.5750291669453598,0.6044753977257852,0.503793618426168
2018-08-06,0.47487899846500087,0.5196023465486057,0.5319867223515761,0.5571515618631335,0.5617720631320164,0.4913590349168202
2018-08-07,0.43007398190676865,0.47787299685538476,0.5081476928548786,0.5361855229668476,0.5242886931557692,0.4864235275106574
2018-08-08,0.3960512279330625,0.4444088933411518,0.48896962376633496,0.5164799796577587,0.4912970629630272,0.4858926833858855
2018-08-09,0.41115250899440975,0.4697782727252574,0.47439557583463127,0.4910307756726942,0.480477549922158,0.460701936260517
2018-08-10,0.44662858109261144,0.5084986207915339,0.47012607159392156,0.4786640934459643,0.4923508487627108,0.4626511754606632
2018-08-13,0.6232101520176166,0.6376599399481777,0.6258678021094299,0.5730210357185703,0.6424568509547264,0.4724284397802976
2018-08-14,0.6979034444924022,0.6963970620830963,0.631243109328803,0.5704227986174774,0.6883066077744202,0.4802662812282289
2018-08-15,0.5941469878102027,0.598657638549825,0.58928488772379,0.5886578928580775,0.6351567544312635,0.4983852186469152
2018-08-16,0.7604531446158381,0.729819101772368,0.7301707677198891,0.6623880818381085,0.7790692825873516,0.5198989160959319
2018-08-17,0.6251192109638857,0.6070068560189328,0.6716580997487223,0.6888432033175733,0.7138425846017562,0.5198844778459121
2018-08-20,0.5587388386527842,0.5595397013673831,0.6227887204761634,0.6359603625021628,0.6563972558483869,0.5193701094540777
2018-08-21,0.5223246687721637,0.5365644861852714,0.582305673994746,0.5846532903936194,0.6062990530903094,0.5228344312884581
2018-08-22,0.49863330603723954,0.512700845029475,0.5490498612198895,0.5456987011158173,0.5627995659388745,0.5047431966723579
2018-08-23,0.5082121704839331,0.5360312946104686,0.5233113556377884,0.5142779843494261,0.546915660611338,0.4990423031690735
2018-08-24,0.5316340137203253,0.5683591024826142,0.5081712236284749,0.4956687323968748,0.5494489593802803,0.4943488726656422
2018-08-27,0.4594257183260533,0.4901383310959206,0.4889887397629423,0.5297765029961633,0.5141771903382663,0.4778829930180047
2018-08-28,0.3902364321380116,0.3951770315510556,0.4736650100525133,0.5951997739169391,0.4837453724713934,0.4695954934158965
2018-08-29,0.4115766387621388,0.4068626070358473,0.46054808860487995,0.5492426661461419,0.4547392189915022,0.4639123932443333
2018-08-30,0.3760809643306229,0.349432102610244,0.4509357596738768,0.5550172265560104,0.4305086346673809,0.4634158303483535
2018-08-31,0.511785561514875,0.44635877371733645,0.5124439943986046,0.5627429609994135,0.5163492774844058,0.4401397503480058
2018-09-04,0.5146661139512843,0.4634275415111599,0.492216659413035,0.5213545006401307,0.4709926379050269,0.4477969762257064
2018-09-05,0.5549362752282008,0.5069538141308475,0.48839124366826475,0.504112755671565,0.4922385244719185,0.4530616962900632
2018-09-06,0.6145441604361747,0.5627245152382048,0.5028413266974873,0.5034161283450734,0.5337067089345336,0.4640561994793281
2018-09-07,0.674460551911673,0.6177493383353231,0.5207800611877088,0.5076995329866284,0.5771255950202355,0.4812573416542933
2018-09-10,0.6988028842776111,0.6490431093375085,0.5138975484775117,0.496354771451991,0.5896076576006093,0.488521785548702
2018-09-11,0.6507952140261309,0.6208701089923427,0.4933838060782953,0.4738662074791838,0.5479553626671662,0.4820917892975562
2018-09-12,0.5873684933289643,0.5737073801293375,0.47696438626608384,0.4690281878099702,0.5116946813395535,0.4743642909571665
2018-09-13,0.5713034123307128,0.5762589339127748,0.46390716610084265,0.4518107826442373,0.4845567978145639,0.4737177957681719
2018-09-14,0.4937317040449362,0.4975803475463433,0.45358298574193684,0.4965743004951145,0.4562175127442864,0.4440791263217011
2018-09-17,0.4892733454629514,0.5084121163458817,0.4454586153723135,0.4728298914742307,0.4370274226002814,0.4217977151554595
2018-09-18,0.6235259164202482,0.6100643819077242,0.553028377040823,0.5323131298038836,0.5550307230511939,0.4199291198642736
2018-09-19,0.5417017283089608,0.5324484405459606,0.5249948906669428,0.5423354254756414,0.5181927871633039,0.4180569558487014
2018-09-20,0.5100731765927382,0.524365876533701,0.5023118002949589,0.507353731070029,0.4852249641930689,0.4409117064694206
2018-09-21,0.42186304446038375,0.42135154052725027,0.48409711266136574,0.5842851864546639,0.4571096091843554,0.4421350651840016
2018-09-24,0.4507975806965866,0.4551131931976349,0.47312360578104806,0.5453925745116038,0.4615622858341205,0.4430402924590919
2018-09-25,0.529498130921864,0.527180553516109,0.5067586062904783,0.5429558878963882,0.5228675040285683,0.441908305598005
2018-09-26,0.5392947904625786,0.5514837443002361,0.4911847921794376,0.5136194274952909,0.5196045797739296,0.4507790858315698
2018-09-27,0.5943447308355264,0.6070786052669271,0.5117118577751497,0.5147774034156554,0.5645743918722755,0.4581693530466698
2018-09-28,0.5361892597528701,0.5607700494734001,0.4886265912349378,0.4945270003831758,0.5261976117593549,0.4610250372638623
2018-10-01,0.5197518239429918,0.5652517889946572,0.47260739993459444,0.4661175802448437,0.4778947117367886,0.4699290163139518
2018-10-02,0.47385104460651106,0.5204237027364712,0.45983340171502635,0.4639794450916542,0.4501469660294317,0.4672830465778658
2018-10-03,0.48572060197474015,0.5400463978079125,0.4512024347152377,0.4499872872534463,0.4471335173770105,0.4705057970995728
2018-10-04,0.4718658475251262,0.5402116363611786,0.4428888897573911,0.4353388973132985,0.4221332712942847,0.4972613795328228
2018-10-05,0.682945931303124,0.6834333191205928,0.6594724000998633,0.5772000578362981,0.6162529603606225,0.5178973059660616
2018-10-08,0.7762080817659277,0.7664075738038857,0.707227621668235,0.6071278504847554,0.7093356215070077,0.525853418705811
2018-10-09,0.745323889787784,0.7502633351280374,0.6523593285163702,0.5582110774113106,0.6615943731070157,0.5300281794463558
2018-10-10,0.7546102560976118,0.7585785222045103,0.6134642729747098,0.5283113616858126,0.6510147764175825,0.5957284608051159
2018-10-11,1.8428836251748224,1.411606774076866,2.10729102037008,1.5769165988685994,1.8093414468110267,0.7123945546860505
2018-10-12,2.0619418857020833,1.6420742167155595,2.333146522464677,1.7173199750664614,2.0771046699760576,0.8406699380468589
2018-10-15,1.5811212182434662,1.310439990772259,2.0614300314911356,1.5938051181529975,1.7978574764773585,0.8520022090197285
2018-10-16,1.4888957106009926,1.3067579489347516,1.8579047003851734,1.4058232205394747,1.6878046336770989,0.885820903110331
2018-10-17,1.0778109409404368,0.9518489864712105,1.6458396868020457,1.542887256176475,1.4807607004473362,0.9073662593000256
2018-10-18,0.9804320393495306,0.9216674890230172,1.4608308056940627,1.3327383221621074,1.3103783235446247,0.9399251930920554
2018-10-19,1.268571558227629,1.1408652431285797,1.5904921136993053,1.3489667301998016,1.4955702867172271,0.9476243001584312
2018-10-22,1.1671842554816065,1.0948768946272183,1.4130240829443026,1.1707427407899935,1.3367540574945964,0.9524857479802264
2018-10-23,1.1656645321618926,1.1155300959640315,1.2897716210245223,1.047531777876683,1.285588157999349,1.0585867428345648
2018-10-24,1.1972082719651134,1.1423412500560666,1.1953715588419926,0.9550945492270644,1.2561125656790952,1.1040191978890026
2018-10-25,1.9444530533707411,1.6404574632745201,2.2142189847429212,1.6613701125857203,1.9293316498194604,1.1435123031561536
2018-10-26,1.5418842089886946,1.2793313453495936,1.9573347140653636,1.627912889895114,1.6781535853414682,1.2796259669012602
2018-10-29,1.7843990162538936,1.5098134527455087,2.073404210659524,1.6369128005849467,1.8632782271438657,1.4073122449072084
2018-10-30,1.703027274472808,1.4887701244713119,1.8694289843137708,1.4407411415493652,1.739484480940849,1.4206555229822413
2018-10-31,1.3899537392909784,1.196940994128365,1.6577012955634989,1.398304158806742,1.5217686883477417,1.449795712199149
2018-11-01,1.1715949645980974,1.002396605293748,1.472754293234433,1.3032440482556158,1.3190115724071008,1.4583141724122073
2018-11-02,0.9866637665570593,0.8353570156414812,1.311543514822762,1.219741372845016,1.1699313407385734,1.4738664708646054
2018-11-05,1.0745774348994366,0.9331851171027106,1.2300868343125997,1.1086148221377634,1.1835806551141146,1.468875632833203
2018-11-06,0.9753946687974128,0.8428594155508223,1.1007498543092857,0.9965414492178398,1.057669758572723,1.4636592420002568
2018-11-07,0.894758371864978,0.7515633921776327,0.988905346802162,0.9146696265701172,0.9510193101387489,1.4774469623173592
2018-11-08,0.6551434909073529,0.4937589786065631,0.8926050141384477,1.2265636840418324,0.8559534486422637,1.4546817746384182
2018-11-09,0.7102554489911301,0.5560061221764071,0.8181978458879461,1.0786746400194511,0.8281603243073785,1.4168578582210294
2018-11-12,0.9393526198001433,0.7654372876461183,0.9707984702739136,1.0615506877966656,0.998310060379586,1.3583562765516717
2018-11-13,1.371283844213507,1.1301454459137208,1.479946932347508,1.2861688931431448,1.3903112544529297,1.3670846669111492
2018-11-14,1.265128440176227,1.1188241792795568,1.3231090265743157,1.128772102661452,1.27923863057332,1.3799205244678052
2018-11-15,1.3129070398697837,1.188169745528176,1.2584745130167896,1.0482765582038092,1.2946931579382346,1.4043128609293511
2018-11-16,1.097669166636164,0.9971227889432396,1.1253531918652668,1.0195485081669782,1.149620390252576,1.3973384947402416
2018-11-19,0.9877051266354622,0.9388222876079712,1.0101459516496125,0.902922649482716,1.0298782516857443,1.4013179340527566
2018-11-20,1.341891211901231,1.2251630559681366,1.4113928363145383,1.1350887656171802,1.3585899540138633,1.4423645897543034
2018-11-21,1.639084390174618,1.4825811405210938,1.7252820642878746,1.3260526486176416,1.6519286544504532,1.375885849756456
2018-11-23,1.3931806375942504,1.3411926176449345,1.5317476257751081,1.1621151643676262,1.4487655535636832,1.3538496742127493
2018-11-26,1.399156573454432,1.371073449238138,1.4272023654014983,1.0724354794365214,1.4305114240970422,1.3340225652369722
2018-11-27,1.0874062210368705,1.0811164513816427,1.2719022313400592,1.166641038877623,1.261496532348912,1.2119276671467831
2018-11-28,0.9917586790319494,1.0111828312543876,1.1405241068873948,1.0287080201068743,1.123802249980501,1.092021991307716
2018-11-29,0.7434174252383343,0.700630594056404,1.025996912074731,1.3428366029020589,1.0022380806639468,1.081350364470114
2018-11-30,0.8135118341447355,0.7443383739215775,0.9368236583057766,1.177757198393785,0.9604374296683628,1.0470426779789055
2018-12-03,0.7508149318412641,0.6614489129527156,0.8499788864216498,1.0679217347944705,0.8529731005345793,1.10362093228175
2018-12-04,0.6165646834851062,0.49785858534520233,0.7754860327356888,1.092801406546854,0.7767835036305504,1.11734760684759
2018-12-06,1.866739737827339,1.4329233448070864,2.1734382610155625,1.7785898722786413,1.823963692818444,1.229396724239399
2018-12-07,1.6035934055858845,1.3633645052465975,1.9320228876855128,1.5529324453936342,1.638880512781333,1.2829850602216044
2018-12-10,1.911510470263535,1.6729746077503211,2.257995848047376,1.7314160023316352,1.9900337511232544,1.3248569575851414
2018-12-11,1.6265796690914667,1.519515926777121,2.0040341540608324,1.5100907044579406,1.7378353005015332,1.3760095510110215
2018-12-12,1.4380909835063471,1.4173453258241746,1.7808796829764335,1.3204278963731957,1.5335069716844894,1.396781499667208
2018-12-13,1.2618876262973795,1.266749470585073,1.5850716782028018,1.1739757539199165,1.3574775100644512,1.3925707276731534
2018-12-14,1.1797300395629224,1.2153122706643398,1.4137184525959081,1.0357135253235656,1.2262704466066483,1.4041958171289832
2018-12-17,1.5204413725298103,1.472746629888961,1.7167434526728722,1.257655233458838,1.5444271788497106,1.4136904185614996
2018-12-18,1.816211249257727,1.6981082884475747,1.9654907461475206,1.4330076532949714,1.820941666228831,1.4024963590693094
2018-12-19,1.668068746674016,1.5865614942371196,1.7483769697084053,1.2572311343748557,1.6281381918241646,1.4878621810062511
2018-12-20,1.831980682435569,1.7086393666976685,1.818736806013866,1.3095069655707947,1.7704961758050273,1.522154423394967
2018-12-21,2.0294941919707536,1.8308420719687275,1.9145860362246705,1.378629616117524,1.9156119421988995,1.5586079426476742
2018-12-24,2.284382087591978,1.9991564786676852,2.1363015574318296,1.5377537601126754,2.133151091168632,1.5883334943578094
2018-12-26,2.7243684535297716,2.2329420479320787,2.527019664792339,1.815306623886905,2.451788640923322,1.693228828890831
2018-12-27,1.9468686575799645,1.4376233152993805,2.240687270894713,2.668609581904388,2.1035789887900678,1.790754949140246
2018-12-28,1.7566811882211173,1.256384491420033,1.9888168894638527,2.3335538964674143,1.829805651531074,1.8062947403859824
2018-12-31,1.749773137085187,1.269950483709067,1.7921800579716654,2.027612732197466,1.6392613620117438,1.8022060170986132
2019-01-02,1.5362419558593654,1.1069922609195848,1.6021292084537768,1.841326966673852,1.4617632055693688,1.847383463574048
2019-01-03,1.4110031366645532,1.0698087315098836,1.434743994710444,1.603934912098535,1.307358547983351,1.8606034656735728
2019-01-04,1.8786567933581935,1.476671635267315,1.969452660365365,1.7993450666212505,1.755094457815644,1.867571775375628
2019-01-07,1.3502686896984255,1.0061351978806392,1.758490368813232,2.142668472821487,1.5547444929666052,1.8523588487295808
2019-01-08,1.1858193718487697,0.8870666451574676,1.5724367912996449,1.890140133494972,1.3861081936958868,1.7982310083773083
2019-01-09,1.0394278400736654,0.7605306567066279,1.4086215357775755,1.6913370763651845,1.2427268130275475,1.764192428866234
2019-01-10,0.9665716259748992,0.7073545977503454,1.2646753185695465,1.4860345440541514,1.1203032092350202,1.734380006369578
2019-01-11,0.9158317034758402,0.6741092623079017,1.1384970569936899,1.305963804602634,1.0151449515093112,1.6937796195621069
2019-01-14,0.8869946894213669,0.689394700970114,1.0282188760640658,1.146575780262734,0.9255659245521024,1.6728757152165117
2019-01-15,1.002109757059187,0.8097603515392603,1.005750767678173,1.0581148394852418,0.9847488502874772,1.667558649853794
2019-01-16,0.8581799379126139,0.6629268514750329,0.9126557561761326,1.0535737733339408,0.8977885247256926,1.6462828699568142
2019-01-17,0.8384550436492403,0.6478885693179499,0.8319907210829826,0.935640236507429,0.8224740063068467,1.618057794567171
2019-01-18,0.7617292599299936,0.5626771754658745,0.7624391039585597,0.888763980821939,0.7565973196245879,1.616819859262392
2019-01-22,0.6503988063763254,0.41522505402307125,0.7028015650749054,0.975025066031628,0.6986986484379057,1.5461768241791805
2019-01-23,1.058021854418911,0.7346954723921346,1.0627815214464544,1.0837836252580908,0.9944268805891456,1.5190903845676484
2019-01-24,0.9959001565058354,0.7173373819664467,0.9622362870476376,0.9600080079049176,0.9064329182167248,1.4415340660148157
2019-01-25,0.9550467107135122,0.7242780211073333,0.8749050178279855,0.853896510630783,0.8300529842180698,1.4183799046525312
2019-01-28,0.8303946555483455,0.6196574075146785,0.7993961043036174,0.8405521687106648,0.7632012379804863,1.296288804578175
2019-01-29,0.991287850891489,0.7710428977876191,0.8723617385922487,0.8443495354978969,0.882958106003908,1.1400865405664862
2019-01-30,0.9845748825099032,0.7980484905773,0.8014001542925772,0.7629616456765769,0.8449818744173117,1.127274618686296
2019-01-31,0.797183697535989,0.6049275901947558,0.7402164805801719,0.9673475151022626,0.7760464784806267,1.1070490243052895
2019-02-01,0.6998700570847155,0.5054436747520977,0.6851349014267798,0.9299284299408036,0.6984578065953295,1.020101779326761
2019-02-04,0.6964450474023278,0.5226253470072418,0.6380875831075552,0.8282942007083433,0.6492940491261718,0.994328729725171
2019-02-05,0.6274891219151632,0.4485975312702877,0.5981581883951641,0.7953592838722495,0.6062944406942465,0.9005317990334127
2019-02-06,0.5983114467164103,0.41457254851817915,0.564492626951267,0.7326494965755458,0.5676310691265181,0.8731837315687975
2019-02-07,0.638740653942921,0.4615716713365865,0.5422879663994924,0.6711923559798899,0.5681043481968355,0.8535173395949928
2019-02-08,0.8617114884817345,0.6551111032172111,0.780117765788748,0.7726653033521342,0.7663041523952239,0.8530494198612798
2019-02-11,0.7998910820277366,0.6465154414142443,0.7193821958828192,0.6977217901496512,0.7094740415420641,0.8244378931625089
2019-02-12,0.7663198460710816,0.6482440874025922,0.667305292995741,0.6359231475888247,0.6590776848019085,0.8284444534763329
2019-02-13,0.6273442165070894,0.4940543280572163,0.6229262603921142,0.7990865997006491,0.6156355748815784,0.8118168290708794
2019-02-14,0.6081157756602497,0.4682075626442999,0.5853487135371679,0.727908118832301,0.5758699122346823,0.8204660073606895
2019-02-15,0.675582418158385,0.5251730338390289,0.5700277038664858,0.6743450975195541,0.5942409272499811,0.8287721607553542
2019-02-19,0.5681714364898254,0.4033128229322475,0.5409214304645154,0.7669572357609306,0.5575895538706473,0.8176336043441942
2019-02-20,0.5670641660510362,0.4031609957348443,0.5166769148665477,0.6940705883442014,0.5237692074181836,0.7719800701604903
2019-02-21,0.5521746935294561,0.3987585676106377,0.496612116071921,0.6353529185975075,0.493429777633832,0.7377737759046701
2019-02-22,0.6360116997822921,0.48230095551492097,0.5268667560496862,0.6171679981414643,0.5509068079313506,0.6935053522837223
2019-02-25,0.5589928933282942,0.41713146377901245,0.5050302734114532,0.6207960415165846,0.5182654085908325,0.6990286725899897
2019-02-26,0.5632120355625992,0.41965558057739605,0.4870196621348668,0.5739681741010051,0.4884069998938087,0.6599879058877736
2019-02-27,0.5977332448100968,0.45351534810564204,0.47426006688285693,0.5399893045148635,0.4848487633935254,0.6312193103909718
2019-02-28,0.6120229574074091,0.48020843650926465,0.4625810098438757,0.5116717571551487,0.4758476940001325,0.6240795417700621
2019-03-01,0.650628036696056,0.5268328062438521,0.466382991008221,0.4995873613439866,0.474391531689868,0.6040838216800732
2019-03-04,0.568589291022592,0.4572662839271584,0.45439992556222564,0.5358178642904446,0.4478437241707967,0.6551887797587673
2019-03-05,0.6524834143600807,0.534323328461716,0.49750995645379686,0.5434059763580028,0.5132379342694399,0.6496835845717303
2019-03-06,0.6701012695187276,0.5695011872676894,0.487738117106279,0.5204526604847602,0.5210959051325408,0.6464119328858231
2019-03-07,0.7927833163345958,0.6782973046017037,0.5997738946265696,0.5821417320965534,0.6354681503065905,0.657690672270021
2019-03-08,0.9399700338644855,0.8136451754065585,0.7620759218913947,0.6821407172366054,0.7903266028461869,0.6815538445127551
2019-03-11,0.9051806065148423,0.8302297007944268,0.7143645702510475,0.6356945313898271,0.7799407738988671,0.6534449911345105
2019-03-12,0.6953221683654145,0.6350774231145201,0.6630306856636485,0.8470591961669424,0.7190060433575768,0.638136756976439
2019-03-13,0.6263065227949041,0.5882429405332896,0.6192687583633981,0.7708299086720759,0.6675145377644602,0.6401386377816948
2019-03-14,0.5457082695101493,0.5082014938563854,0.5822025765159531,0.7433446756004913,0.6210491965139039,0.6208036569012993
2019-03-15,0.5603023823962545,0.5339763090388052,0.5523856734527194,0.6763745902596178,0.6028104627730089,0.6209980320289534
2019-03-18,0.5042627574939362,0.4790762263724768,0.5260885329479454,0.6457682008214557,0.5636762488897568,0.5984872035467772
2019-03-19,0.47663095632504276,0.44523145801105496,0.5042435628711587,0.6069540136094463,0.5289158477715955,0.6004913355907402
2019-03-20,0.4942776778266519,0.4608821274959302,0.48620896665252145,0.5626511376237507,0.5028571895648077,0.6090136563439991
2019-03-21,0.5748446041649097,0.5270042810215717,0.50575408291953,0.5538391841104908,0.5474057292353939,0.6316702429725646
2019-03-22,0.4705881912130339,0.3971426351537071,0.4874537637727455,0.7004941922988427,0.5124781620584798,0.6579048570046838
2019-03-25,1.1087296010080478,0.8536758348325014,1.2720854233012173,1.1119340794254131,1.0704524578789705,0.6638959241890962
2019-03-26,1.002631429949279,0.8472487950845007,1.1493168498261763,0.9839353174295894,1.00058237463042,0.6765332615309758
2019-03-27,0.8233370235827132,0.7318557839552873,1.0406344100128748,0.9232125376974982,0.914706641910508,0.6978595390852008
2019-03-28,0.868510789681,0.8087284279287476,0.9977781567227177,0.866442002661109,0.955789219176521,0.6961581079578458
2019-03-29,0.7585359868321679,0.7457945439895006,0.9081319480891482,0.7868801650838715,0.876334387565084,0.7078331154306107
2019-04-01,0.6482411890945813,0.6566635209169066,0.8301260330754536,0.7516229462854265,0.784313558212415,0.7050926201502777
2019-04-02,0.5212560559615641,0.5138495730639365,0.7633741957831132,0.8418423491957618,0.7253522899807404,0.6502123196005332
2019-04-03,0.5242513660213809,0.52409125912697,0.7058078357624399,0.754786646031733,0.675068358479493,0.6579238697782303
2019-04-04,0.5207591864603522,0.5165920417332124,0.6564948165853562,0.6836422675439124,0.6300590392305466,0.6559238001955991
2019-04-05,0.5055365358467734,0.4945334816556565,0.6145113666387152,0.6301031950141576,0.5896548934751286,0.641417192152619
2019-04-08,0.4639433390773304,0.4444190341371575,0.5789982189223639,0.6089624179799357,0.5530558764460969,0.6190986598626191
2019-04-09,0.47527141902479636,0.4536690840935905,0.5491553372676945,0.5641063458633288,0.5209003085928029,0.6208660305555849
2019-04-10,0.6125522772111937,0.5583139624788546,0.6092884934203326,0.5921920873930371,0.6114467395690186,0.6193451241102637
2019-04-11,0.5636622878663815,0.521985914386826,0.5745970564515767,0.5631307689649351,0.5728537511728542,0.6110943160106298
2019-04-12,0.5608261322044813,0.541161992756566,0.5457289778827742,0.5297086453199399,0.5534866452553245,0.6299985562086302
2019-04-15,0.47826540968691017,0.4623946841867756,0.5213922003270272,0.5684636874470173,0.5202044795328683,0.6266000481085833
2019-04-16,0.4948637342889732,0.49183731763917915,0.5027813641547895,0.53574263340368,0.513622510001068,0.6292491207847216
2019-04-17,0.4869785152132974,0.49940036952107497,0.48588137658663727,0.5058769865128716,0.485373208777682,0.618141267869966
2019-04-18,0.5394007574046678,0.5545583062450962,0.4947084747424806,0.5041339851066282,0.519488161970183,0.6046280053509703
2019-04-22,0.5060572811293685,0.5384153549173385,0.47925405799423454,0.4839744310119117,0.4904296434969178,0.587855845924691
2019-04-23,0.49654834381722573,0.5390462227791386,0.4666137834428978,0.4654228188224674,0.4643725029442786,0.5552108913992394
2019-04-24,0.41476571357471903,0.43328445928893866,0.45632488732064547,0.582203548148671,0.439291663063364,0.5436409647773554
2019-04-25,0.4884578050918322,0.48791915828814575,0.4676662080205606,0.5594729397727298,0.4733589864823804,0.5194162591295537
2019-04-26,0.5142356418309814,0.512846647815143,0.45869319904978245,0.5284373285249926,0.4706079070849332,0.494566651703138
2019-04-29,0.4711448788749318,0.4608300714550833,0.44990035467863276,0.5294333503998665,0.4457307907670659,0.4834336786915183
2019-04-30,0.4719288568127735,0.45394765138627224,0.44279146888552934,0.5020864902845467,0.4237150490110757,0.4824674583728018
2019-05-01,0.48328083105851605,0.4626483035834444,0.43706238202462816,0.4745294516101325,0.3784559882530848,0.4656358302743129
2019-05-02,0.6830115052294937,0.6035841823741634,0.6302341918969963,0.5937750397917594,0.5560455914373033,0.4877912121476361
2019-05-03,0.7021750027097258,0.6388678676250801,0.6061590626237491,0.56711916607572,0.576738713463512,0.5058791348857987
2019-05-06,0.5667170487980219,0.5123674804029703,0.5714472734614336,0.6654468406607598,0.5388565318512163,0.6447398005156619
2019-05-07,0.6731973058376931,0.5897092670302925,0.5976797661522172,0.6485168476741794,0.6040403402162108,0.714769511191384
2019-05-08,1.1327969161270341,0.9073668882297304,1.1703524019499343,0.9968544080927187,1.0093566668958875,0.7208829711607377
2019-05-09,1.092321345322135,0.9058802372812238,1.0617591949466942,0.8883174385944652,0.9615517833299866,0.7555317059672866
2019-05-10,1.0871898158191062,0.9288833534651048,0.9809601450509311,0.8110191842639394,0.9517717342670506,0.8280742158725574
2019-05-13,0.9277008640395243,0.8380838381410705,0.8930611413185621,0.7519554777438261,0.8735223994618931,0.935048362422366
2019-05-14,1.5326961625146551,1.2869890417940169,1.7516380576325858,1.3699416717416983,1.465075532713627,0.9451896155373134
2019-05-15,1.2306759640336322,1.104580913352394,1.5700502494110584,1.2533507332293152,1.318957220895793,0.9616025116304948
2019-05-16,1.0243239798593695,0.9872387554265825,1.4097728034522876,1.1218673072877556,1.1936459134254092,0.978390711645547
2019-05-17,0.8354261872684373,0.8419265217827142,1.2685803921403294,1.0580864437668642,1.0836941308099757,1.0048571789433012
2019-05-20,0.9162706097463779,0.9347338570150855,1.2107081661178531,0.9910189560310724,1.1281750018000511,1.0137045604498467
2019-05-21,0.9794046860705412,1.0186525341429071,1.1659246125706855,0.9405438579661364,1.169493764230754,1.0300851091190433
2019-05-22,0.8005863306281253,0.8739512518437984,1.0545053288587338,0.9131389021684496,1.0627396795175237,1.0286359540286667
2019-05-23,0.8059159858895544,0.9110768279652791,0.9752803262434422,0.8316617267344467,1.0408507249140433,1.0437133273238144
2019-05-24,1.0400581602768824,1.0929732392963494,1.1614604825398078,0.9528538893843184,1.2207668031469967,1.0611672161965469
2019-05-28,0.91621685823237,1.0275336483734259,1.0505970226387562,0.8482455068703046,1.109578913008652,1.0747297775142002
2019-05-29,1.0573845224198721,1.1435313684640107,1.1105085249570519,0.8875586398052512,1.211534905320879,1.083030029175288
2019-05-30,1.1069128689153285,1.2021857312530322,1.0863407816868702,0.8622408626715982,1.2430969915943226,1.0884702514718676
2019-05-31,0.9856725628919529,1.117413605594161,0.984913688205835,0.7749981534593372,1.1288378027836106,1.0972693196003125
2019-06-03,1.2159567996942917,1.294173892441213,1.2169496601928864,0.9548035208097112,1.293405429638062,1.1033546971592072
2019-06-04,1.159931194750831,1.270439786886356,1.1108202431855474,0.8626691616571406,1.2310783858073804,1.135206065490876
2019-06-05,0.8612556731670477,0.9488530521207655,1.0071008327300686,1.2107815188183693,1.1084848280408175,1.0908019393186217
2019-06-06,0.7398248720384804,0.8187450973018543,0.916557326331106,1.1224616057241916,1.0090879624473847,1.055770007858445
2019-06-07,0.667120149804278,0.7286482393286235,0.8378411980241739,1.0234156145001894,0.923395602863314,1.0634346882384471
2019-06-10,0.5844052431792263,0.6027980577575583,0.769728897999465,0.99695627353513,0.8461250507185819,1.0489540683426546
2019-06-11,0.5653775188616731,0.5555521816280645,0.7111016141473064,0.9013463384625195,0.7811094325925865,1.0151578243049608
2019-06-12,0.6030176445108073,0.5802318117369727,0.661094675838847,0.8061883729002781,0.7395790635685399,0.9183805193979098
2019-06-13,0.6598843273667522,0.6261673613296506,0.6276004575900497,0.7347460646112549,0.7324634424529526,0.8983040396200336
2019-06-14,0.6273800011393612,0.5810437284173432,0.590084676898304,0.6835973149372593,0.6806271322735281,0.8813374609476959
2019-06-17,0.6567395024452207,0.6144399454839958,0.5625538790431112,0.630700601548245,0.6670903666541769,0.8605857608993677
2019-06-18,0.6558375131960502,0.6224074588699925,0.5355546878365333,0.5823162612189563,0.6263794334939394,0.8412788245519639
2019-06-19,0.5574092134375637,0.4973461101002858,0.5131399997942151,0.6953511364622011,0.5822321907921061,0.83186438519012
2019-06-20,0.547399464127571,0.4854682489680883,0.4946454599613829,0.6380457047180036,0.547428816097238,0.8463159499165086
2019-06-21,0.47564058469673903,0.38121812837247054,0.47947567854466355,0.7073789075881034,0.5118031909056582,0.8502181359980874
2019-06-24,0.5483894411015453,0.431874036622586,0.47534132372501375,0.6521918440789612,0.5232711807105694,0.8304940916423612
2019-06-25,0.5989338575023146,0.47632866190741036,0.46963841991626176,0.6061846281929124,0.5288859799446158,0.8068408055743106
2019-06-26,0.8392023212368049,0.67457161442263,0.7532999595177411,0.7386170262676649,0.7411089023859313,0.7860861889816786
2019-06-27,0.8233456329804468,0.6961761515360447,0.6996293790508316,0.674763426442498,0.7186661778652904,0.7743380912322004
2019-06-28,0.7543949776152797,0.6502813069905282,0.6511513384805211,0.6301784096367936,0.6686898519474067,0.7572766339111475
2019-07-01,0.6778858038512241,0.5868038887744607,0.6099820380393495,0.6127726623315249,0.597048555249377,0.7732896070937701
2019-07-02,0.5708226047962063,0.47993022486363324,0.5758996995648008,0.676983669643238,0.5552885799890251,0.757911540707551
2019-07-03,0.535350905934641,0.4630290751063781,0.5470246068241212,0.6249679944535224,0.5229664686257413,0.6886403084359645
2022-05-24,0.4536962073691157,0.3772578840746362,0.522985585356464,1.8501383788937191,1.9078692475744805,1.8787483527167748
2022-05-25,0.8406495670467977,0.5412949691971579,0.6834518577269514,1.6528821019819462,1.8582965723597695,1.8821926411584349
2022-05-26,0.8754527329475479,0.4517249498027071,0.6377198824313531,1.4832137752227583,1.6679140408326,1.8769655369854328
2022-05-27,0.7860325589343418,0.2567685494557521,0.5989644749246554,1.5818962695910503,1.5330976039811053,1.8300174223307084
2022-05-31,0.6504569853224338,0.10000000000000002,0.566337978975921,1.7802005998920607,1.4291846577490854,1.7952618406964729
2022-06-01,0.9141952252470483,0.2853107034775125,0.6371376270378917,1.5763969906136228,1.369842098309195,1.7730907572518235
2022-06-02,1.1742898649739533,0.4875045284755604,0.7736422282445593,1.437850080828829,1.4132587409218382,1.7864663305663584
2022-06-03,1.009887133680705,0.29574673330229545,0.714802306541634,1.524079302898865,1.3147598774937983,1.748963102153121
2022-06-06,1.4241895595404874,0.7521440452460988,1.199710080804468,1.5700870015810142,1.56710897749067,1.702467073576016
2022-06-07,1.355363964183665,0.7241779763774218,1.085327477439943,1.369449714951721,1.408911521586677,1.6915131889924284
2022-06-08,1.2229614015980494,0.6119798053413998,0.9851860137122157,1.2663687891448274,1.287945158182121,1.65308500706606
2022-06-09,1.4249690209022887,0.8277097481061387,1.114261974698153,1.2460049473787234,1.407562760755416,1.6005427842357849
2022-06-10,1.8880200216641747,1.2782885343293289,1.7698716882826377,1.6239792331481668,1.842178325552721,1.5865305774781642
2022-06-13,2.3224040104819728,1.7275473111382753,2.382474613366045,2.031243541220162,2.3256307705845445,1.6437466122970563
2022-06-14,2.957549240865504,2.24391653043625,3.162141331497349,2.594855589883053,2.94921719556806,1.6351697490629789
2022-06-15,2.6565869317989605,2.0889698424238956,2.8287262448442014,2.2475557092110248,2.651230481387844,1.693381420483855
2022-06-16,2.203770809516028,1.7394729158390685,2.526641092813252,2.045529903373543,2.361793458088908,1.7117838481665604
2022-06-17,2.746174030590736,2.163232618889462,3.0378290386876245,2.4302235431704657,2.843668784405769,1.6894496350042074
2022-06-21,2.409296607620507,1.9556613900316555,2.712392181565808,2.0997904523089463,2.496137567479916,1.7144822665023702
2022-06-22,2.005296535406356,1.5487223861016812,2.4631566743816475,2.153407415527222,2.256123780213396,1.6278783912202506
2022-06-23,1.9062491224386946,1.4954389810481041,2.1947110253429756,1.866880335209024,2.040987368642913,1.62710410191725
2022-06-24,1.7246292313476157,1.2704450569409578,1.9549146102419885,1.6736065169573282,1.8321068583524764,1.6050552857354057
2022-06-27,1.388124834743986,0.8097391278416175,1.74358648723522,2.0648637478076397,1.7061893774465413,1.5928532542804887
2022-06-28,1.4614254886688582,0.8943611042374665,1.5759366334081966,1.8011211108075145,1.6108654722209508,1.6216283067673771
2022-06-29,1.8947726576569879,1.3317000150071248,1.9130896766940206,1.8751837176298456,1.9119052306722464,1.611300514474209
2022-06-30,1.7947912007105,1.2940245508754897,1.7075166076991832,1.6270760226719605,1.7276999719064186,1.6343586543388755
2022-07-01,1.8678815408275489,1.38897767974329,1.6091159457813944,1.4843206030865754,1.6672743967021646,1.6276515366902249
2022-07-05,1.642793313891566,1.1695234061851123,1.439453992211554,1.3745876552158478,1.514733002280273,1.6492532124390396
2022-07-06,1.5721870883352618,1.111510795767526,1.2906411733792476,1.201206284125054,1.3620134783781512,1.6421937504710211
2022-07-07,1.4923128968966919,1.0380166778596807,1.16044576596191,1.0606325329282846,1.233140264552922,1.637823294128618
2022-07-08,1.3242596416737622,0.8071370291596136,1.0468873771094436,1.1540915381044057,1.1493077826121112,1.622732760443978
2022-07-11,1.317162040534985,0.8382155480387123,0.9495984309443969,1.0173622399356157,1.0696698567403886,1.6165486469732795
2022-07-12,1.5484669501872284,1.073864316458872,1.124302369643296,1.0793796692927098,1.2371097839133394,1.6056675467224224
2022-07-13,1.6799900620060417,1.2185325041334,1.1579428359966815,1.0616223316737334,1.317263222664306,1.6065929221516932
2022-07-14,1.6938498848948171,1.2736375885413593,1.0955005963931719,0.9821837366248104,1.3066794306441352,1.5371152872492608
2022-07-15,1.644268418276464,1.2713253082058085,1.002029233849214,0.8844712953539525,1.2388731785084417,1.544122803515078
2022-07-18,1.368809271962656,0.9536214834451076,0.9093351978860995,1.1755392019914774,1.1644735084919933,1.500724244741791
2022-07-19,1.5018135147888634,1.1033074738568356,0.9783936433143485,1.1229391539964084,1.2416783059150946,1.4479922681062711
2022-07-20,1.2121741894121605,0.7186155771566046,0.8888907763134826,1.5894753044286756,1.1865502613816965,1.4279576069571247
2022-07-21,1.149428197028013,0.6373743437061147,0.811692416178228,1.4076155066523064,1.087611979232716,1.3780493574681345
2022-07-22,1.045757995015271,0.5204052821711246,0.7497927960693873,1.30703954333281,1.0104905228270955,1.3468657312645576
2022-07-25,1.2508319873602065,0.7486600233843625,0.9041662958991082,1.244509831870133,1.1345568616434385,1.3166491313289777
2022-07-26,1.2130185908833517,0.744880266844018,0.8258325626602085,1.0903793813261338,1.0296287798850523,1.2888794324502713
2022-07-27,1.4535076915138165,0.9942046428838653,1.0602811440019633,1.14147881953955,1.2139716041003084,1.3206940407357113
2022-07-28,1.1589901880909195,0.6385518495718873,0.9611071725872675,1.560960019870836,1.1598478928855358,1.2928092739151198
2022-07-29,1.0301354676287358,0.4794415821121258,0.8750512238808058,1.4691022426544054,1.0794250338591973,1.297025176561268
2022-08-01,0.9008960390424394,0.3110063517813081,0.8007320106622701,1.4395022644190671,0.9790037560968256,1.2658997925304596
2022-08-02,1.009288934229015,0.4116748356902769,0.759666569270582,1.2696859633414983,0.964300742324757,1.2589457489811198
2022-08-03,1.1831633039650056,0.5881773844961913,0.8138320872063789,1.1696894566226177,1.0315442058520012,1.20962163036621
2022-08-04,1.017169927204698,0.3965808749236363,0.7481174779885696,1.2474346019504192,0.9762190774887431,1.190153698403588
2022-08-05,1.0315264047583939,0.4468227091385548,0.6932142825277426,1.0959805883877771,0.9149390139679184,1.1838425758178186
2022-08-08,1.0558337669126177,0.5138809698909069,0.6538299587677165,0.9737683028040298,0.8817125501259482,1.1916452746642656
2022-08-09,1.0663450346977237,0.5668882104357835,0.6162942794040024,0.8690532634412642,0.8416623400568428,1.186680946364714
2022-08-10,1.1346639735352535,0.669701758169269,0.6311659352574726,0.8110322476162471,0.8660746366037206,1.2265699746457457
2022-08-11,0.9061167376431121,0.41096638946315567,0.5929904729647645,1.2051277115567918,0.8451570384025701,1.186420074043105
2022-08-12,0.9165344672073112,0.44842870568151816,0.5610696927615825,1.0585364324790532,0.7860877772052455,1.1346924108867915
2022-08-15,0.7702011555607453,0.25889260498003486,0.5345711885702077,1.208958105638986,0.7638473586475661,1.0954082402113128
2022-08-16,0.7693505827752433,0.22776402867592838,0.512718605524805,1.072245385141347,0.7105025257933435,1.0530147158719152
2022-08-17,0.7855418846439312,0.2293890234267702,0.4948148929121252,0.9472537067590378,0.6575733049552287,1.0421110636939528
2022-08-18,0.9646403528332838,0.4470200044198455,0.6536782439482203,0.9258523625036544,0.7808819807742383,1.0329302601559212
2022-08-19,0.9234963271745381,0.43090070982916895,0.6119082041206607,0.8291744605861344,0.7224585477848388,1.027730896190124
2022-08-22,1.2170236643909564,0.8189263767926044,1.0291915973868588,1.0180582792277184,1.0100797291976304,1.039917900410584
2022-08-23,1.6462999834562864,1.254091320931183,1.6149175459776801,1.3894606846163058,1.4522613996091231,1.0400190189464835
2022-08-24,1.5592667543317142,1.2326827231309005,1.4540975497670379,1.2240255733430403,1.3645094908936,1.035923392170171
2022-08-25,1.4037023159322175,1.1272486254100826,1.3050247351081121,1.0793733610172311,1.2347782034514612,0.996218348224641
2022-08-26,1.1840306098904674,0.8865813151426865,1.1777401233117653,1.1434279243978274,1.1496701359245698,1.0104392010233312
2022-08-29,2.0413429256155715,1.6660661127056204,2.4041328971367153,1.9790292474669375,1.9956591889506208,1.0181667206812943
2022-08-30,1.9433441864256131,1.6323957535622748,2.1822487524601817,1.7534787199434887,1.9163934403545333,1.0276369059919603
2022-08-31,1.9569041924002157,1.6790565409763318,2.0654184390054176,1.6281582017542615,1.9416732415269988,1.0184368819747982
2022-09-01,1.8969788031998511,1.660192714150665,1.9042147944290764,1.478368919836651,1.859397025959872,1.0352923108800796
2022-09-02,1.6942661309861733,1.478262023910041,1.701076822137641,1.2969772063552925,1.664203654106357,1.1034715248789264
2022-09-06,1.768172638648773,1.5510799365644794,1.6604446418808843,1.2643154069968432,1.719907361794429,1.0936495504956252
2022-09-07,1.7273224363421675,1.5009822353800417,1.5049500607887363,1.1327695860679556,1.6241006867188257,1.095375831703301
2022-09-08,1.4362499039148027,1.1525619847055217,1.3545027395695999,1.287064001638763,1.4986249086256769,1.116856001287957
2022-09-09,1.3043080292241331,1.0131552606141767,1.2182564006761143,1.1616268316905511,1.3610315342278922,1.0629343475683404
2022-09-12,1.1186210948997277,0.7741591710758706,1.1028971311475304,1.2381879823379407,1.2645010603235465,1.0528866055538175
2022-09-13,1.0359203060315485,0.6247174635715546,1.000114289662732,1.1855841122749076,1.1682061840153397,1.1772686686511045
2022-09-14,2.4206020179526435,2.0916415887429767,2.928365449528198,2.4110359614873764,2.407982707695236,1.1834727841690278
2022-09-15,2.0486675329445996,1.8232745167863977,2.606148586229231,2.0957313636164683,2.136105901288036,1.1974144680877052
2022-09-16,2.0329455507814505,1.847074760675535,2.428595819096059,1.913544862561132,2.137785846534819,1.196506823903213
2022-09-19,1.9577123779924623,1.8052545267548585,2.2164692879611505,1.7139207389743183,2.0605491305857484,1.2122456314704964
2022-09-20,1.7011699137188825,1.5405949622153965,1.9771737042497317,1.529117248709,1.8486230120152425,1.2189031340819647
2022-09-21,1.843096062223068,1.6395365883064448,1.9244364669397438,1.462544834991362,1.897073520538743,1.2466806044473886
2022-09-22,2.0607637827306973,1.8196917042177159,2.040198415072868,1.5558197960227615,2.074399284420023,1.2494534023135726
2022-09-23,2.024307490786794,1.81021979274882,1.9023228175612412,1.4300387723635504,2.0226408860931846,1.2956815661201644
2022-09-26,2.215221142284591,1.9437242261182028,2.0007418642023462,1.5139812319694606,2.1629753504353184,1.3155455044837798
2022-09-27,2.2756216425110964,1.9367404247193145,1.8966878830130873,1.420945532168205,2.1293410247271085,1.3404510083497256
2022-09-28,2.1995916887269242,1.8173146047580029,1.7097026453963728,1.254453207664698,1.951196864420288,1.365686466946771
2022-09-29,1.8889886148374442,1.416288207234666,1.543418776597505,1.4177613688838442,1.7846379961008385,1.3802009227244576
2022-09-30,2.2551750135977846,1.7185101590013974,1.9049899126858303,1.6282501048033993,2.0657254747577065,1.4083277527530655
2022-10-03,2.3877338904650016,1.8564212763073442,1.961790808880144,1.6282254419794873,2.1129084960086706,1.4491166223293137
2022-10-04,1.969331353954454,1.370998416862057,1.7705319087503348,1.8646920569860757,1.9460387465312072,1.5168725790103317
2022-10-05,1.6154829626489264,0.9201446881161924,1.6063671465574778,2.1573034371332422,1.813512623579072,1.5496945800652937
2022-10-06,1.6359601561317185,0.9665303638859387,1.4524624516353528,1.8840212787350483,1.6805750885194222,1.5501266380540084
2022-10-07,1.837280076837318,1.1528822515584751,1.4573996990108693,1.7283177888254604,1.7289390847248889,1.6060035515152806
2022-10-10,2.3624041169594276,1.6825708682856777,2.1851732030234094,2.0537744982218813,2.195539987846949,1.6143108324142896
2022-10-11,2.342155947913205,1.7052823838196836,2.0146938325483426,1.8345725404921391,2.1140580543274963,1.6348643043158733
2022-10-12,2.3341893234756377,1.7030529669060968,1.8491172912788538,1.637178376551473,2.0181231718625896,1.547812087584641
2022-10-13,2.275660022254906,1.653751691065538,1.6727183218807435,1.4450093602580885,1.875964039706933,1.6818724675331884
2022-10-14,1.9290257494595537,1.2091100536368304,1.5161668440358038,1.7476634453319335,1.741692116985271,1.7222297340790151
2022-10-17,2.3259387836341308,1.6123126717021539,1.9721585406131383,1.9062518707278089,2.072043626175996,1.8141186974590855
2022-10-18,1.9585057544732203,1.1879700115416951,1.779136726634291,2.033455756628713,1.9091258724572653,1.8916400319562243
2022-10-19,1.7848290794107748,0.9999123850218384,1.600544851225478,1.8453488151888675,1.7343711129967343,1.89679918102416
2022-10-20,1.8798269897522402,1.1443028938225501,1.5170120421291204,1.654186775348893,1.707047417047839,1.88352149749761
2022-10-21,1.9602876124284185,1.2784413486711073,1.4635004783784265,1.5122663209914835,1.7105441188075523,1.906639929466372
2022-10-24,1.66882607498901,0.927343377036651,1.3324520121343437,1.7257611755684146,1.59340923003901,1.8902680760199284
2022-10-25,1.551675361567691,0.7640506891139514,1.20815239099369,1.6010951546910446,1.461863785849954,1.8755719033753413
2022-10-26,1.407413074201919,0.5691434766960054,1.1014828598239548,1.5728635941749023,1.3566180896412827,1.860266246873925
2022-10-27,1.5523587142584754,0.7559531168411538,1.1051004553914419,1.4337969975273888,1.390758841855102,1.8391474075810448
2022-10-28,1.6189304752330682,0.8801917669871295,1.0577058193424824,1.2918704044318765,1.3741543629908173,1.824239515108884
2022-10-31,1.3494358586874786,0.5857022619837925,0.9786362251782413,1.5694919301743495,1.2997440725803882,1.8022327276360224
2022-11-01,1.477554153535922,0.7633583531737173,0.9998093994113041,1.4290072811854038,1.2838661627633927,1.7766175056818765
2022-11-02,1.5166019687446484,0.8678989316826122,0.9517749192743973,1.2793520070059017,1.2621284785872318,1.739144174164942
2022-11-03,1.9557194996494074,1.417927259041896,1.795303896785063,1.6848014213376974,1.7531779940603422,1.7218044842528524
2022-11-04,1.932437066218123,1.53967246548789,1.736554111320623,1.5677329100091375,1.791529008645348,1.7796015315508278
2022-11-07,1.6185882319090916,1.2692125994346237,1.5659989945454538,1.515093851427057,1.6399614026720477,1.722970665395891
2022-11-08,1.433635971881221,1.101612239383748,1.4130369304012191,1.390858356221271,1.4967655310453996,1.7243414374140549
2022-11-09,1.3570788179244173,1.0117778509582287,1.2765900809756543,1.240824978366009,1.3619977669592005,1.718823284472194
2022-11-10,1.7622274062241987,1.4112885857998414,1.728923765474867,1.5048781219282177,1.7062110216720283,1.89092069957362
2022-11-11,1.204937710479712,0.7422858357075898,1.6051274369954307,2.834095974824765,1.6629037841572318,1.7691601758910314
2022-11-14,1.098016662445032,0.6282362636828287,1.447689370407065,2.49914098475652,1.5170066807797222,1.7350160812824915
2022-11-15,1.280980040419761,0.8274341219421709,1.4091687455219555,2.220603835787593,1.5503976377000392,1.6632440022111326
2022-11-16,1.198467701904525,0.720096849676933,1.2740994107204027,1.968546864437856,1.4162445416717606,1.5693040613805318
2022-11-17,1.3429498703765947,0.8884588940352744,1.2465933697567115,1.765034620932033,1.4447710123339623,1.5836954966775272
2022-11-18,1.3622723444058285,0.9680994716609175,1.1548996354596386,1.5540188357862532,1.3761373150550975,1.5679892981364776
2022-11-21,1.26802545015196,0.9044065630809622,1.0500970145931952,1.3727956079450776,1.2544493774445282,1.540409514307921
2022-11-22,1.2874621504641346,0.9777049293960504,0.9834696662724058,1.2255748289288424,1.2214373221729884,1.5270861733859131
2022-11-23,1.1061367730465892,0.7895600141463065,0.9045023032213404,1.234349750885488,1.1400792738641874,1.5236581413300068
2022-11-25,1.0163408350537326,0.7148930979103646,0.8312160949301111,1.1187034952075214,1.0513028062108585,1.4844942977915672
2022-11-28,1.012595567065172,0.7466233531438532,0.7661902552278438,0.9916069284114762,0.9757606511850518,1.4985306755424386
2022-11-29,1.3550735217934624,1.0876583854814763,1.2214189531807211,1.1965909083696462,1.271185629066046,1.4877061616804388
2022-11-30,1.3070449541152052,1.1059391960320846,1.113278199090096,1.0635552403670292,1.1980755522350883,1.5231603701232208
2022-12-01,0.9755224803255963,0.6995520823143941,1.039303543214863,1.72284640181179,1.1217180693529067,1.5029108279934211
2022-12-02,0.980042316755334,0.7410270767971012,0.9489726721940356,1.5115404174761184,1.049542655966517,1.4677354745143951
2022-12-05,0.9771295141475401,0.7858651814168186,0.8716505286023026,1.331413931851221,0.9938284991444524,1.4694474665441202
2022-12-06,1.349775779869242,1.1664143811759078,1.378580789843423,1.4826784503365011,1.3419387005582115,1.404601501919149
2022-12-07,1.5384821495344798,1.3985408200490126,1.5363556523158852,1.4952440888413885,1.5354878997223362,1.4001460184321166
2022-12-08,1.4506106112582877,1.3714888302830877,1.3908717932678871,1.319633831110702,1.4315973696650393,1.3839094275543835
2022-12-09,1.2875090376092329,1.2070871496542965,1.2593372234545652,1.209241503995983,1.3120855192869003,1.3709000865607854
2022-12-12,1.3790811852947795,1.3020833902889668,1.2321221198262737,1.141029172380464,1.3531552222237349,1.1217683426263054
2022-12-13,1.2298988131086603,1.0581652598675115,1.1227946511498108,1.196440003305465,1.2576503471544445,1.3108174921384
2022-12-14,1.1344723230797609,0.9280794066197553,1.0228423121794328,1.1047072804673097,1.158625852501873,1.3188285215466051
2022-12-15,1.2186608210816274,1.0397959273955966,1.0141148889995673,1.039694361460722,1.1966743075343649,1.3091972546657302
2022-12-16,1.6943471887982542,1.5069298206163193,1.7886862079761765,1.5318492544367956,1.6850185974432492,1.318889541664069
2022-12-19,1.722529571241865,1.6253004322566265,1.770271279303568,1.4760785691168687,1.7683520231294876,1.284905787204797
2022-12-20,1.6780471909852974,1.6748138860130781,1.6773977878161632,1.3723957177045112,1.769365043921815,1.2716178093785229
2022-12-21,1.4816363551665739,1.551829183160002,1.5153043153593435,1.2087805433816603,1.593428639123181,1.2802607205924892
2022-12-22,1.2075536889925877,1.2591834590097903,1.3760762285797747,1.2587076458324615,1.4692969315821724,1.3502423166798847
2022-12-23,1.4379427964478178,1.4665120015148265,1.5272551636683092,1.3274462583351812,1.6396869184817,1.3566070550140037
2022-12-27,1.2679862569243905,1.314993739522535,1.3824107006908521,1.192729962737444,1.4897261841846656,1.359318403307797
2022-12-28,1.2798190947003838,1.334484627531997,1.2762063230021339,1.0797325616636206,1.435371767617332,1.3466733257453507
2022-12-29,1.4527016117110327,1.4980723928683735,1.3896382146608586,1.1512773632522677,1.5685814324494982,1.361295502260604
2022-12-30,1.1907242796859767,1.1780733671906753,1.2673190045052805,1.3008806342009962,1.4542304916824706,1.3255033246147827
2023-01-03,1.203041940121088,1.1957194686348789,1.162254911674807,1.1587363390762655,1.3266721894012363,1.351667986023114
2023-01-04,1.2624888438991804,1.235604433937254,1.089165226999722,1.0557902080998145,1.2983871103020674,1.3313838340023638
2023-01-05,1.1480232024222314,1.0882168014807625,0.9953347806366195,0.9940619753254314,1.1954124631589618,1.3076334290498612
2023-01-06,1.3510775052652888,1.272681204935576,1.1512028027965493,1.0616320975589617,1.339069667884013,1.335017288902255
2023-01-09,1.0748218625265546,0.9256836608733934,1.0635221430696602,1.396987278546356,1.2637180849993597,1.350150681604555
2023-01-10,1.0882198198365538,0.9395840228158576,0.9714835746050409,1.234323863033566,1.172187907558124,1.3473571095982746
2023-01-11,1.0009910144027419,0.8367813191420277,0.891615289474223,1.1304655929670075,1.0825837776012823,1.339861988186064
2023-01-12,0.8939756056348085,0.6681699378078374,0.8259175713573041,1.1458543002756547,1.0154345411919037,1.3525599503993089
2023-01-13,0.8576465098504475,0.6382672438841897,0.7630708988261494,1.0256296766132134,0.9365665091753032,1.1776410922529246
2023-01-17,0.8206408389405956,0.6069349569728043,0.7085622130903859,0.9257549758317072,0.8669868100754455,1.1391569849865204
2023-01-18,0.8768729043008868,0.6678621220344261,0.6702530227943815,0.8397819600911698,0.8455400537589559,1.1105021265507382
2023-01-19,1.2252093573074452,1.0148794254823819,1.1604451345022615,1.0952640173918584,1.160065748293074,1.101245323308255
2023-01-20,1.2850795033618303,1.1246727223071409,1.1475016565126224,1.0474517734567836,1.2164439527607047,1.111017581840819
2023-01-23,1.0338440044423196,0.8444383251040446,1.0555865363111807,1.248832605819275,1.1465550549938808,1.1208751080387065
2023-01-24,0.9038716290556239,0.6778244281296391,0.9689969413483501,1.222312753818254,1.0706108649222863,1.1085843874172103
2023-01-25,0.9238425436512414,0.7184396044484439,0.890848516523057,1.086477754232978,1.0113201282126938,1.0613857737039565
2023-01-26,0.9149125492102527,0.7309724451036606,0.8198436848392643,0.9668717109070548,0.9312416992789884,1.0730517712115144
2023-01-27,0.8062300019764309,0.5872270033252018,0.7623893923579268,0.986668954500592,0.877597934430716,1.080588897110755
2023-01-30,0.7986840460710205,0.5778479191729526,0.7079944383103242,0.8843048076205416,0.8110655020833453,1.0847358917686865
2023-01-31,1.0904097566025066,0.8628240228054412,1.016580620820022,1.0181416836959527,1.043442280011914,1.0634292051921368
2023-02-01,0.9171408001858513,0.6598489351979347,0.9369945658984355,1.114128132742532,0.9483826578479396,1.0998722247465471
2023-02-02,0.7981702442288415,0.5270890027421223,0.8641103889400226,1.090944097435406,0.8916648815006719,1.0865474869281264
2023-02-03,0.6855247500401082,0.3598603773465291,0.804096932482738,1.1618177858205905,0.8494072896799573,1.1155032416798498
2023-02-06,0.941921538093213,0.6430137810931082,0.9905636604043653,1.165851790913606,1.025501030095959,1.1180826297919766
2023-02-07,1.0458976673953968,0.7790583255216766,0.9818695377025218,1.086554900871678,1.0739949788378225,1.0779769410536308
2023-02-08,0.8856657397253047,0.6057305212225819,0.9052334375645191,1.1225724034954576,1.008261977214027,1.0628584439309676
2023-02-09,1.1067969193472689,0.8475838907284927,1.0703524799767077,1.1432023088251364,1.167711799300066,1.1065447493431997
2023-02-10,1.2334222794520617,1.0055184841182299,1.1134528647226278,1.111158385129755,1.2532479988055245,1.1017452337114235
2023-02-13,1.1471020042812645,0.9571403168350552,1.0159216143724774,0.9914218978609476,1.1446949031687972,1.082193975835599
2023-02-14,0.9988577977290021,0.7812585333391877,0.9340062545461022,1.021325318705076,1.0680738287644442,1.0799770537393247
2023-02-15,0.9782611367333774,0.8008569593479029,0.8581443230971165,0.9145207131063604,0.9978923990565334,1.0829034355217435
2023-02-16,0.9138108403766383,0.7596906537592373,0.7916094444555416,0.8291821906545797,0.9204069740395482,1.1006550713607135
2023-02-17,1.1975971329860422,1.0382820681912925,1.1213156529435881,1.0192921455414683,1.1643615800416067,1.0938345380183605
2023-02-21,1.1737580327753203,1.0624594847241502,1.0341037688214165,0.9242656193287409,1.122306709899196,1.0948338132160431
2023-02-22,1.559217808745815,1.4262085253903993,1.5697141386929365,1.2923906873990083,1.495711140249257,1.086808995996284
2023-02-23,1.4526562163340435,1.3752972684040259,1.4220275543720722,1.149231041866652,1.3921732467813517,1.127242961915747
2023-02-24,1.2879100294882662,1.2314709630422287,1.2890385845816528,1.042570037346791,1.2732074808956622,1.1100643622825628
2023-02-27,1.4131886451221924,1.3706779366600441,1.3447477454823475,1.0779431024474204,1.388913812346163,1.1241116621042964
2023-02-28,1.2727189300702115,1.2566443644978627,1.219958801005173,0.9679772493404034,1.266444292221101,1.1169969731251714
2023-03-01,1.2590498127311343,1.2709982512221196,1.1322921411002618,0.8933215286058916,1.190553209633637,1.0963654863497163
2023-03-02,1.249447141009812,1.285067497895261,1.0583927846510484,0.8339446363133229,1.1708204246756868,1.1040962595747346
2023-03-03,1.0945045165579397,1.1201490995458803,0.9687099241992371,0.8200100923683474,1.0838923706318089,1.0643025317279369
2023-03-06,0.8982425356342739,0.8694529324719104,0.8984155928994276,1.0214640812346063,1.0258065889030796,1.0425810373624915
2023-03-07,0.8846886345906388,0.861348522585006,0.8257725696169274,0.9137681802486616,0.9394674810292424,0.9962956095353254
2023-03-08,1.2015994751573673,1.1550086782869697,1.220345425220928,1.1189104772166936,1.218852036662466,0.9892655229106542
2023-03-09,1.1035552054935052,1.0933110127564194,1.1094432913042622,0.9977078458624696,1.1125015204994009,1.012871043262611
2023-03-10,1.473867683804097,1.402519654207035,1.530551502063048,1.2730573273302228,1.4415235280362215,1.0361251724521745
2023-03-13,1.6788524080929121,1.5715920996060797,1.6496151137443154,1.3375073516325684,1.6157716996197755,1.0625924521481886
2023-03-14,1.6277141030899895,1.4935117265679707,1.4931929928635128,1.1896277077522024,1.4972192715651529,1.1329603170152474
2023-03-15,1.37245834635564,1.1795828963747996,1.3591379833708699,1.281585253389159,1.3908665441921673,1.179599431383786
2023-03-16,1.4828802920218642,1.2491419448802779,1.2917105167186302,1.1841845585849982,1.3949556200321431,1.1894424241439128
2023-03-17,1.2466366620512053,0.9647836565618122,1.1825498050565246,1.3046148434030442,1.3034175655082905,1.1964656771917503
2023-03-20,1.4848795197719646,1.170862947088751,1.2977146558835781,1.2971693151255477,1.4357652340543414,1.1632023956015924
2023-03-21,1.3340826081263142,1.0004081504236348,1.1809012345951442,1.219662382620735,1.3214225567303837,1.1819413715473654
2023-03-22,1.1447207303823395,0.8034908166190807,1.0805958544911185,1.2232175018408622,1.228799026875226,1.2082194668265969
2023-03-23,1.4564214733156906,1.1542977763766555,1.4481091412376257,1.3735792276854937,1.5000842595127506,1.2489042736390952
2023-03-24,1.3439884979477374,1.087739124619788,1.3115741708294715,1.2190106325887278,1.3624450504305805,1.224168190223064
2023-03-27,1.2141070961108849,0.9747658458004814,1.191565564865427,1.1148412315742997,1.2501247670733897,1.2062758562980995
2023-03-28,1.1396775068101967,0.9426320703530421,1.0840109860235394,0.9946889963561636,1.1406415033068629,1.17461153597534
2023-03-29,1.1272033206395136,0.9788427876045451,0.9985534274697069,0.902526251103282,1.0955161767210475,1.1947297760520377
2023-03-30,0.9460312880473238,0.770705586483032,0.9224391839830339,1.02954605009933,1.0326528707720737,1.2011827233618368
2023-03-31,0.8812499397138285,0.6984682398224354,0.8483565437269872,0.949448637330799,0.9572022699523388,1.1942943489982738
2023-04-03,0.7587715391396509,0.5253080423333338,0.7916723170231375,1.0496237420205003,0.8666542818316322,1.1798796259212996
2023-04-04,0.7488841369952111,0.4992205324324153,0.7333745837711101,0.9485156637702936,0.8053288657372313,1.1763165816105898
2023-04-05,0.8856209297853366,0.6381659571015007,0.7635311420713872,0.9029509777228026,0.8671458786420148,1.166832320721913
2023-04-06,0.9340595373256467,0.7101463107847733,0.7264041673188542,0.8294697278654025,0.861051126525639,1.167559346220737
2023-04-10,0.8794266204927274,0.6706259771540093,0.6768849083584231,0.76446652970116,0.8005202565974553,1.135339717640239
2023-04-11,0.8735752186055645,0.678533061073353,0.633376962443568,0.6966781668260679,0.7400876476740164,1.1030467395638095
2023-04-12,0.8782662470762077,0.6972381399176057,0.5960066207145643,0.6405354656032863,0.6917636839550183,1.0349321775636864
2023-04-13,0.954651347917963,0.7877705189246547,0.617852290916777,0.636203253985567,0.7352741029273032,0.9662795512943004
2023-04-14,0.8076028238894349,0.612008383066942,0.5942483036386534,0.8221415661602178,0.7087329002317703,0.9190528391255964
2023-04-17,0.8403332846086333,0.6771863971978581,0.5825243341919891,0.7607995292203188,0.7164131785732785,0.8837904250011642
2023-04-18,0.7894585783890177,0.6382099237091604,0.5535952379538467,0.7049905028565682,0.6702468003582867,0.8703650757243051
2023-04-19,0.7761253544800738,0.6466841774416586,0.5282605029877504,0.6469468097514632,0.6222711654285318,0.8740951344563218
2023-04-20,0.7691780060687102,0.6673238426985671,0.5070330429641032,0.6005812442825088,0.5940389601982782,0.862824481258724
2023-04-21,0.8684279754597435,0.7784141584423401,0.5943563613956448,0.6328814450674559,0.6796880082896763,0.7964336701881138
2023-04-24,0.8281200373898193,0.7690044597237171,0.5602527737201795,0.5870863914007796,0.631045187710589,0.7153242859811688
2023-04-25,0.8008289938587122,0.7559836765019365,0.5341299168282345,0.549541201933528,0.5877939675250383,0.7018778713423376
2023-04-26,1.1427565057399145,1.057033542465807,1.0968797886944281,0.9390630386625416,0.9646254981437226,0.6943768307042711
2023-04-27,1.1380472030564663,1.0867029486267323,1.0348786892018187,0.8768783285697314,0.9800067395606152,0.7106067087898402
2023-04-28,0.876430708060501,0.7851889862943696,0.9617091854155061,1.1800687367648657,0.9418309176940672,0.6703181036009632
2023-05-01,0.7545072523489195,0.660191112978309,0.8857944872812529,1.1059923975059776,0.8582306026220097,0.6561990380858745
2023-05-02,0.7601368200170209,0.6855445492023747,0.8184537662146855,0.9915830242103238,0.8220563455874798,0.6885424339937968
2023-05-03,0.9910763008872927,0.8966335138217107,1.0211849045834795,1.0522429090845922,1.016605897333786,0.7130146723933843
2023-05-04,1.0700672457991443,0.9934360131519901,1.0243929126515618,1.0073877894767376,1.08200032200298,0.709354074210366
2023-05-05,1.1628207569805749,1.0811055551171094,1.0324944658783328,0.975425672991346,1.143796229932763,0.7442186187931408
2023-05-08,0.9064871209881005,0.7968809124437222,0.9577395228885826,1.19127589531539,1.0807543712236696,0.7372165793887588
2023-05-09,0.8661261036494752,0.7907569855227878,0.8794530790874477,1.0614196841622392,0.9958160181620316,0.7242278501165416
2023-05-10,0.9267204655109778,0.8614219619230706,0.8532616996782126,0.9801153341500966,1.0114887982484035,0.7679655201994633
2023-05-11,0.8417285415431415,0.781517446938635,0.7885760950395523,0.8974708431565056,0.935706637010402,0.758324854223483
2023-05-12,0.8497759754918288,0.8103261529667523,0.7386492585941945,0.8186803775323017,0.9052886722656528,0.7620515696261894
2023-05-15,0.8499959809116552,0.8283781119056834,0.6921182081026455,0.7498274846785528,0.8697963242199794,0.7496370344242591
2023-05-16,0.7992072490101323,0.771463706466175,0.6478184778160354,0.695497895661972,0.8070400126031955,0.7495527902035711
2023-05-17,0.9272103609685767,0.8859496839829326,0.7321604715982278,0.7288854387541513,0.8950824237175504,0.7670366310722077
2023-05-18,0.7804222576005511,0.7051112097317795,0.6892996052302245,0.8446385221353129,0.8471237692611285,0.7590356805838677
2023-05-19,0.6792271968522469,0.5760420771567558,0.6496900972069025,0.864653659199525,0.7992593341699485,0.7370244795523448
2023-05-22,0.7230346269437835,0.6199612866348194,0.6169033544680358,0.7892438194532342,0.7781188793780383,0.737317858093955
2023-05-23,0.7328559297208662,0.6275070025194294,0.5814975939900945,0.7185988377043351,0.7234774630780314,0.7553888415382686
2023-05-24,0.9875903515242874,0.8550217875594198,0.8825103443526146,0.8652996612516876,0.9343012000221144,0.7466843604371207
2023-05-25,1.1079961372561171,0.9693871922587575,0.9262007866362625,0.867885167292705,1.018548012793014,0.7666677327570832
2023-05-26,0.9760463095534013,0.8215635150770644,0.8537864158665165,0.862682525294929,0.9499591166146122,0.7565506722827035
2023-05-30,0.8250152021351254,0.6374848858464344,0.7934143145879405,0.957189783205483,0.8976312621963379,0.7643424912817567
2023-05-31,0.814185990110985,0.6459862489063439,0.735252270905332,0.8608764348712421,0.8308001947763392,0.7737033906423879
2023-06-01,0.9158697226827152,0.7570141438737088,0.7640153247485065,0.832307346610161,0.8565247943608608,0.7563994489045869
2023-06-02,0.77177271159473,0.6236157850791803,0.7128886853164557,0.8522080030613319,0.8068411655682756,0.746813555285158
2023-06-05,0.6128599465899589,0.4434650479450065,0.6732200907030335,0.9902387047887642,0.7720125675755517,0.7437185160442732
2023-06-06,0.6514397790391449,0.5055264395405391,0.641732421733217,0.8984959565030949,0.7629691704223598,0.7043087800124314
2023-06-07,0.6154699880952307,0.49510516832906376,0.6040891907469127,0.8134845305949245,0.7091081196428466,0.7083203755562537
2023-06-08,0.6686841083935428,0.58029982999168,0.6094227283180402,0.7653997695768511,0.7384190991223943,0.7084785474760343
2023-06-09,0.5898950855869419,0.5070374548698472,0.5778341417810454,0.7380090832935419,0.6944908157489208,0.6642057271721508
2023-06-12,0.5713450791907679,0.5014625813253043,0.5494292647901144,0.6770768869027837,0.6468708441709565,0.6615780212479265
2023-06-13,0.507662093473502,0.39337949203985917,0.5291946603277934,0.7289988504158994,0.6180416171919417,0.642931556548866
2023-06-14,0.47333461824184553,0.3235503334000546,0.51032005067691,0.7178776995084973,0.5872406077740681,0.6572288136596669
2023-06-15,0.4877948545497187,0.33407585091890374,0.49235441511526795,0.6590396454565235,0.5489968437681477,0.6770923921391884
2023-06-16,0.40733700240270904,0.20292695352592505,0.48541712978245377,0.8058076284217923,0.5362694032781474,0.6647153073894704
2023-06-20,0.5093602760257265,0.3062388157439803,0.5153569776214992,0.758529265709268,0.5835256759870918,0.674049751784024
2023-06-21,0.6258169129221874,0.44250667027780183,0.5891796910188871,0.7467454043194017,0.6653767875261898,0.6732846984608233
2023-06-22,0.6938700969375351,0.5640041216902698,0.6407243048540983,0.7364610605309293,0.7358087888888314,0.671486282828666
2023-06-23,0.6172966292140002,0.5232034866759263,0.6047473095080145,0.6861110064537385,0.6874717534490453,0.6797888950183156
2023-06-26,0.7381411316406516,0.6636836075560498,0.734474050015509,0.7419152484133636,0.8113783483782167,0.6776876906484697
2023-06-27,0.7702043914470347,0.732211842944118,0.7280417273939902,0.716078525786091,0.8422984020711559,0.6531139352573778
2023-06-28,0.6261761793933693,0.5963885888219447,0.6842284902065124,0.8032049311672512,0.7969433009001375,0.6460570764851588
2023-06-29,0.6048819068679829,0.6021903819525797,0.6409427446176158,0.7307137642403783,0.738676513361587,0.6320722038619605
2023-06-30,0.5597624876141395,0.5609353111518498,0.6044280829978431,0.6843512884029296,0.6906804777557967,0.6387643680685046
2023-07-03,0.46069574158003596,0.430313823482188,0.5797018941143491,0.8028571127106203,0.6364234728451866,0.6139699718995054
2023-07-05,0.47503089287114925,0.4373294491500474,0.5513440060244126,0.7306619875432065,0.5933777178223053,0.5989542792672964
2023-07-06,0.5319020263431238,0.4821633720865226,0.5348676861561225,0.6785401750684139,0.5943749622416269,0.6247317135731036
2023-07-07,0.7212199875819758,0.6294380484243797,0.7003687082475345,0.7432335569123082,0.7374336801366733,0.6466608376996288
2023-07-10,0.7420194087909656,0.6752123910123033,0.6725676270951029,0.6980235682987878,0.7442781594129315,0.639697854981828
2023-07-11,0.6964089464863354,0.6464115135633124,0.6311766660673109,0.6469450931401287,0.6931181848344604,0.6406955827080596
2023-07-12,0.6256567695369171,0.5708476480688929,0.5973345439089979,0.6501964803928562,0.6546520175564564,0.6698663164207997
2023-07-13,0.5404685383642948,0.48135988552186937,0.56977317127518,0.6855617753727825,0.6233452394502532,0.6751023695823256
2023-07-14,0.47703034455391824,0.4001438455729703,0.5463600444172171,0.709273943827924,0.594918469086856,0.6771335381500105
2023-07-17,0.5071876900715386,0.43548756972898434,0.5243544952126556,0.6555449064892621,0.5787063671605949,0.6564135593874932
2023-07-18,0.48852773275999023,0.4116280966584286,0.5051700633957801,0.6186250923288694,0.5457877377417011,0.6372359216904603
2023-07-19,0.436734247534153,0.33984785005915796,0.49178132486211146,0.6494176914650928,0.5238371185409401,0.6254304737495407
2023-07-20,0.44741400550568233,0.3351205422912598,0.4774737660255581,0.6052295623974026,0.493624540734016,0.6137697110262564
2023-07-21,0.6140020871010228,0.4776886031204656,0.6158222146975498,0.6625639378376886,0.6218078045545606,0.6138475803269874
2023-07-24,0.60326048021622,0.4978252221474035,0.5820977613060242,0.6143305540994447,0.5909964999672062,0.6150472888526443
2023-07-25,0.5595749455411021,0.4632625048309305,0.554739608332382,0.5960713782468184,0.5588588726189243,0.5828468431698106
2023-07-26,0.5411475807963589,0.4467148497250971,0.53084646181458,0.5644800286655942,0.5263661322836863,0.5803943129480025
2023-07-27,0.542468435566177,0.46617542306614,0.5102524008716752,0.5333190208457964,0.5017623803363219,0.6199294967400444
2023-07-28,0.6850815127698038,0.5940042994206005,0.6355089654950461,0.6131455738469409,0.6286109975045946,0.6520323350525756
2023-07-31,0.5675162533003781,0.48196682809311087,0.6039964008973243,0.7014306828891963,0.6033455030598218,0.6529718776355417
2023-08-01,0.5517961470093967,0.47670939770591536,0.5725274397618393,0.64532794555941,0.5418356524717924,0.635292667990406
2023-08-02,0.611633584080127,0.5425961474798697,0.5722328949943056,0.6227472995684882,0.5764244950142132,0.6647888713317731
2023-08-03,0.9242625533804533,0.8027715628953414,1.0053658214447019,0.893583058773062,0.8909005918138482,0.6756300620679563
2023-08-04,0.9089655370357164,0.8370061799189111,0.9383784283992889,0.8256937580920656,0.8878876647270761,0.6744294982508545
2023-08-07,0.948269775292349,0.8921602862142327,0.9054755372412003,0.7897966083228802,0.9186847992232594,0.6555374641842389
2023-08-08,0.8039428909469106,0.7641956289969964,0.8369705959258802,0.8028211500957907,0.8609162481037097,0.6931351807619284
2023-08-09,0.8517769188414276,0.8245915058271419,0.817590504709197,0.7689215062722107,0.8912509979903852,0.6922028475661394
2023-08-10,0.9248072705878495,0.9153810679467712,0.8584969930164743,0.7829978428838287,0.9673165770265606,0.6995126337868309
2023-08-11,0.8601990214664677,0.8921452329491831,0.793071768970443,0.7143444354613381,0.8945463963729516,0.7034662278241887
2023-08-14,0.8087890534367065,0.8850633091783545,0.7366805446901743,0.6596570385608449,0.847109523979593,0.7027584439635008
2023-08-15,0.7151662746629064,0.7984427957989609,0.6880427381265128,0.6458445981163955,0.7910466738055746,0.7123397867320006
2023-08-16,0.9416553967907019,0.9750552181582681,0.9563707911957583,0.8305679438568546,0.9973290590881592,0.7167793620155284
2023-08-17,1.0128667844443773,1.0562443698829673,0.9848856741576488,0.8429935924341876,1.074109012869074,0.7254780939898015
2023-08-18,1.088193615558745,1.1300380154075425,1.0150402882798109,0.8582312344983213,1.1471346554673578,0.743395745320547
2023-08-21,0.9999331829887298,1.07901101710984,0.9308334137248275,0.7778377460542811,1.0521654376376093,0.7542917688966034
2023-08-22,0.8827073601575925,0.9584920019626961,0.8580476869906899,0.7540723730892843,0.9756966708444942,0.7580222150043998
2023-08-23,0.8961740538773846,0.947073074991066,0.808370825649767,0.7088913955069924,0.9600707458464832,0.7646128638711502
2023-08-24,0.7511845916669233,0.7946641759814039,0.7546490640421171,0.8003360832740339,0.9022606270958788,0.7771357745581716
2023-08-25,1.0236820457455813,0.9975062007348875,1.0909284379307733,0.9948077269199526,1.145543584526933,0.7717519741256722
2023-08-28,0.8690209449583357,0.8854414505805887,1.0003563770855308,0.936839690483542,1.0595774209400075,0.7558575684501806
2023-08-29,0.7559798833713972,0.7951209336022477,0.9200376327266983,0.880110148165387,0.9819822717045216,0.7696232022615147
2023-08-30,0.5999508604277038,0.6257907941236678,0.8549523274427265,1.0054877140954508,0.9279015995196735,0.7672702045266884
2023-08-31,0.5598279341579182,0.5882001282565789,0.7913445257423546,0.915075585699013,0.8606575852892958,0.7452710163786298
2023-09-01,0.5876687492570707,0.6266660747857365,0.7402266923735759,0.8338107889394353,0.8003269185548949,0.746031197895744
2023-09-05,0.5599044904611581,0.6164401933359895,0.6906122200262841,0.7592401076465192,0.7430065587436883,0.7202071392826045
2023-09-06,0.6448258196316556,0.6924928079442515,0.6972587635017446,0.7336157798623913,0.7858426879551794,0.7316015381784817
2023-09-07,0.7562397797919685,0.7945542225427313,0.7675771117679588,0.7564140599112985,0.8750681082012101,0.7188203528899553
2023-09-08,0.7679887971879507,0.8320805323799235,0.73755660989897,0.7150663250195487,0.8777657727597489,0.716661043335769
2023-09-11,0.7047980381725932,0.8042097132371828,0.6882392990393341,0.6583040088303361,0.8117532354091601,0.6896724638884288
2023-09-12,0.6153553946548365,0.7179364751020243,0.64728485283847,0.6624812290021418,0.7617323928647644,0.6866760515430137
2023-09-13,0.7090598491491018,0.796932632928918,0.6929751770730052,0.6781145958181574,0.8270179995897529,0.6841747084611954
2023-09-14,0.6601546983017067,0.7758707659577537,0.649515462390424,0.626894257261162,0.765693046259518,0.6849172071097573
2023-09-15,0.5515533910631434,0.6679871316903064,0.6154073986040759,0.6809215743016988,0.7241097800930425,0.6878244934020646
2023-09-18,0.7964574067482308,0.8571160719218484,0.929724991720494,0.8614079542020633,0.9500718501739406,0.6781710885703176
2023-09-19,0.7356404315485375,0.8363315255091914,0.8564750182440385,0.7814376242880591,0.8755516808085921,0.664004604907659
2023-09-20,0.7324360784307188,0.8523643380782037,0.8017206231988335,0.7258771041823394,0.8587386010994654,0.6570883772103787
2023-09-21,0.8744301244084499,0.9661805492422385,0.9265306585530901,0.8087135912728658,0.9938972709826348,0.6733503900878917
2023-09-22,1.1619488762935206,1.1761948738273091,1.3123115304214623,1.0833615207783978,1.2863089900125575,0.6731027863492608
2023-09-25,1.0870510814944698,1.1466120086674656,1.2039166522196159,0.981522902124426,1.2262611701606585,0.6576231688488138
2023-09-26,0.9602132589610342,1.0420611763260057,1.100271250553162,0.896682337168549,1.1267071190781557,0.6479629805252033
2023-09-27,1.2067674935495107,1.2075811028102645,1.3406097630539422,1.0780490828846252,1.3506006603419942,0.6627642195814891
2023-09-28,1.1021359630724528,1.1380136365459612,1.2216119572440212,0.9669767182960608,1.2344444571965902,0.6653201623269456
2023-09-29,0.9655047693136087,1.0153775496781594,1.1163501796882531,0.8994471360636679,1.1367742853695335,0.6990804207046015
2023-10-02,0.9615570589340111,1.0116141295055763,1.032342185674123,0.826279373859792,1.0618783875793496,0.709529679928442
2023-10-03,0.9287532572983155,0.9843247723503169,0.9479325010091273,0.7538635766749695,0.9932764589523968,0.7310236840021951
2023-10-04,1.1776025360251914,1.1438254636923484,1.1875083336092032,0.9463172921822138,1.205224505952591,0.746313134868135
2023-10-05,1.0292087880715446,1.0074932360981976,1.0864725063390008,0.90197223129132,1.114076506327894,0.7456214868473652
2023-10-06,0.9926097461636394,0.9832467213346453,0.9958415317904494,0.8180357285032355,1.0392962454152612,0.7887185269435801
2023-10-09,0.8387719488241573,0.8183006251812237,0.9190475453101202,0.8946028698170831,0.9747607813576108,0.8028677314346252
2023-10-10,0.7750513949674729,0.73582286073252,0.8487487838108558,0.8477697265970799,0.9075946014151148,0.8077073839006675
2023-10-11,0.7276288011206461,0.6764125454328034,0.7865978707651748,0.7947718224736185,0.8454892274984843,0.8105647105214421
2023-10-12,0.6881225133228445,0.6360430237567555,0.7318885337541007,0.7398178201645046,0.7879329988684938,0.8300193627973437
2023-10-13,0.812941761168069,0.7390471216984461,0.7750947037192067,0.7479681608909499,0.8624005185123014,0.8448096749044499
2023-10-16,0.9261557036459689,0.8146454020398071,0.7805199270470442,0.7345124842707161,0.904619286296408,0.8478319367059525
2023-10-17,0.7973631831713166,0.6880780134901393,0.7296868266425945,0.8024937946581703,0.8522485305783498,0.8744134552994816
2023-10-18,0.8073065067954673,0.7009861063122363,0.6817219209613018,0.7327216701429146,0.7997450398416274,0.8818229774332961
2023-10-19,1.0861829862560015,0.9157801718818048,1.0255603260290882,0.9314713135603588,1.0428895688779851,0.8965127031397723
2023-10-20,1.2282208648812634,1.026675589854308,1.0791445120548229,0.9480038280584132,1.1431069819391604,0.8853765725220879
2023-10-23,1.3895147079502739,1.1688961179918935,1.224442941929776,1.0430818104449466,1.306865811814983,0.9082414573007384
2023-10-24,1.3013506421209777,1.1471396615045044,1.1238469736696852,0.9442210372205936,1.2349210827957864,0.9199939597264736
2023-10-25,1.1211612499331127,1.017769410225185,1.0310461664531918,0.9040616587094508,1.1408420353137227,0.9084964045627206
2023-10-26,1.3267175659889292,1.1972913269587957,1.2751816568252456,1.0709767068691505,1.3524556703513857,0.8980078599287686
2023-10-27,1.4285355450137,1.3110348330315482,1.364500702625362,1.1237224445433005,1.479679266052083,0.9007172870352161
2023-10-30,1.3895144441474598,1.3045848480493603,1.2726919926113651,1.0354073369124244,1.4395830580031663,0.8978433756174055
2023-10-31,1.161471317284181,1.103863005764684,1.1652446919798003,1.0559279983422278,1.329382883775006,0.8990310489160644
2023-11-01,1.0183100472651898,0.994183629383912,1.0673992805094454,0.9789857030433744,1.1820022752653985,0.878455168888504
2023-11-02,0.8575026085234909,0.8488806328999532,0.9824398276603489,0.9864999572239316,1.0994912975359232,0.8901611933531963
2023-11-03,0.6558695470747339,0.6331014980073216,0.914300453922832,1.207476395967936,1.0410718917530468,0.8884957341499707
2023-11-06,0.5728212720735216,0.540967855880826,0.8465436380912537,1.141950399643448,0.9715765084095078,0.8345274217547938
2023-11-07,0.5698717719499883,0.5357721018685011,0.784590045287698,1.0253722498660756,0.8977405329766182,0.8224849334078221
2023-11-08,0.5612637226946121,0.5225751973236082,0.730371840401541,0.9272147222727656,0.8326971398606983,0.8126356227189885
2023-11-09,0.5705115407452043,0.5372389885850869,0.6827756169727673,0.8385788202222615,0.7707382697689809,0.8062735409702164
2023-11-10,0.7391334191094042,0.6768257715930068,0.790657313571341,0.8565112676885966,0.8839686135049835,0.8130522701430368
2023-11-13,0.5741740089250675,0.5119785618249557,0.7436146419363259,1.0199761045648732,0.8427864456926413,0.7958147703451296
2023-11-14,0.6075573546060014,0.5500040521790794,0.6965768222371014,0.921606286454456,0.8080051584017647,0.8325013418444986
2023-11-15,0.44678072201971475,0.36378118339016224,0.6675294885104421,1.1744523946849057,0.7815599152684778,0.804089633894792
2023-11-16,0.4624306262008378,0.36749927596920534,0.6283751279122535,1.0529102627271103,0.7272427544071072,0.7896204307499645
2023-11-17,0.4858738809519678,0.3824216578020122,0.59446687032715,0.94662659545663,0.6768094813704976,0.7648092976966
2023-11-20,0.49825499176259597,0.396328876328236,0.5653604575869252,0.8553924063140897,0.6313701344021967,0.7637175019054728
2023-11-21,0.44494943827398487,0.34013882622874414,0.5420673919278155,0.8359794559005074,0.6017412503081229,0.7351416616546422
2023-11-22,0.5109577206749117,0.40168159988795726,0.5365887890326975,0.7726660184831298,0.6151949805205961,0.7159918861486044
2023-11-24,0.48126537581623874,0.38024671635721047,0.5168291109819787,0.7200500626523161,0.5802940915332082,0.7036396585035896
2023-11-27,0.4843031613282762,0.40001837981773564,0.4995792780457283,0.6627473249607356,0.5429381238943346,0.6906978892570512
2023-11-28,0.5252914512967525,0.4520781534499929,0.49655258655811174,0.6259408947125337,0.5547011952709335,0.6745334007717008
2023-11-29,0.5171222215509874,0.4632210692483939,0.4825338799931649,0.5841117137776632,0.5203715286191726,0.65236258624822
2023-11-30,0.5358501984361097,0.49574768384263257,0.4725738684159636,0.5538001149982859,0.5128648414823367,0.6444244876663668
2023-12-01,0.5005889153973881,0.46689669155482905,0.46306765654372684,0.5398275935366413,0.4591460076197945,0.6410325374550835
2023-12-04,0.45199972360805163,0.4166430773306495,0.4559743780770631,0.5612821817283611,0.4410067849433164,0.6520483825430505
2023-12-05,0.5700728113710178,0.5178107844877399,0.5455448973110721,0.5980549411576983,0.5400874942746644,0.6448289286337121
2023-12-06,0.5653241204743296,0.5393349122585066,0.5240118595385179,0.562464726589587,0.5216256540245018,0.6534360589574801
2023-12-07,0.6263293278067009,0.6118039284417424,0.5589091235836613,0.575442291015327,0.5830284374333247,0.653926882126523
2023-12-08,0.5384744469629242,0.5327558811324132,0.5373049258604121,0.6218683042414902,0.5563654401980539,0.6507331584904594
2023-12-11,0.4917213597084325,0.49732512302851306,0.5175665955807964,0.6005487857721523,0.5269371543189989,0.6447142303576385
2023-12-12,0.4633449950480328,0.46890309868007735,0.5007610084584537,0.5789388218695273,0.4995571934222139,0.6121988530290415
2023-12-13,0.4282563118165891,0.4339792460419392,0.48684386644184907,0.5699097232945708,0.4757109476144159,0.6106579112061244
2023-12-14,0.32610103340890506,0.30644213231289785,0.4818294406344483,0.7910871326579925,0.4687500727471353,0.5599900517686174
2023-12-15,0.33332031939761053,0.29285306539876166,0.47057527297800117,0.7295353019854348,0.4454822945140577,0.5641208323969
2023-12-18,0.4006507380210132,0.34348877210063505,0.47090600041421427,0.6793490613774888,0.4641598231973731,0.565317374690226
2023-12-19,0.373876246157377,0.30026181172623073,0.46234016399616107,0.6636570519395476,0.4451203653752378,0.5607057567292068
2023-12-20,0.34716891239970915,0.25344509756086187,0.4554537579742221,0.6583367941647228,0.4284619604940153,0.5890150755022959
2023-12-21,0.7431719966504101,0.5717231988648285,0.9406435144719176,0.9058320988611788,0.7867983352965785,0.6052411562169526
2023-12-22,0.6226497882614016,0.4769706238313854,0.869755510452574,0.9064661413332064,0.7430179699477384,0.610810654324951
2023-12-26,0.5849079096403997,0.47284722100934906,0.8053265917611464,0.8214049409436741,0.6920471766764609,0.6118236780722484
2023-12-27,0.5381119980763188,0.4429096519286744,0.7492122936537423,0.7626982468795032,0.6495642659373487,0.6055170082775576
2023-12-28,0.5157004762445849,0.4435250217010062,0.6998237029665013,0.6991148448043737,0.6074534231219775,0.596809435841352
2023-12-29,0.5120857689209691,0.46191835385847463,0.6568125931857315,0.6447317539492209,0.5719832446350946,0.5933701645556124
2024-01-02,0.5595894891777514,0.5227089370988204,0.6428426475924104,0.622976529854071,0.5872356884003037,0.6091201350305194
2024-01-03,0.6526164618407674,0.616545419763286,0.6921104009020883,0.6503414864458674,0.6745170141020811,0.6107426726796924
2024-01-04,0.7773693492542004,0.738168398936808,0.8106859650079792,0.7289859874545729,0.8089790091161084,0.5758931830686014
2024-01-05,0.7788064994933489,0.7763889345901019,0.7771341856368587,0.694607625444765,0.8216565136923064,0.5782822333064526
2024-01-08,0.70600393944274,0.7510583598811936,0.7241321395760957,0.6413365057668464,0.7619242774998787,0.5729667715720977
2024-01-09,0.5527900476369833,0.5904218471513194,0.6840106861449253,0.8458627758219056,0.7320755173623908,0.5839558017594734
2024-01-10,0.570936926260962,0.6204935575405327,0.6493334523177716,0.7760049555650198,0.7199321147669596,0.5816946030643346
2024-01-11,0.5118854714115486,0.5621046170213269,0.6142437666109652,0.7413083070416214,0.6783304021978216,0.6146222773404114
2024-01-12,0.519097122398218,0.581287526878651,0.583597431616274,0.6826464560242411,0.6513838555765696,0.6188856504314743
2024-01-16,0.5150105260109842,0.5858836379899396,0.5568338352690875,0.6309742383207434,0.6073622170924369,0.6188930366752026
2024-01-17,0.5960767684558013,0.6471925171149767,0.5765394136332662,0.6224681350782281,0.6509325918708035,0.6186821911008171
2024-01-18,0.7035663862703795,0.7279669833958721,0.6416907887071683,0.6492014175472363,0.7296735684085283,0.6281456097676302
2024-01-19,0.6054312310996195,0.6255833761183244,0.6092584180425805,0.7023365744689051,0.6930823803317198,0.6366707559635686
2024-01-22,0.49406292604125335,0.49758765777195374,0.5842066123526549,0.8299168703432592,0.6667918631144344,0.6442464995747937
2024-01-23,0.48970101411943295,0.4918760780461933,0.5575010224546626,0.7571241950836068,0.6238911144853518,0.6097074085998124
2024-01-24,0.4696474801909967,0.47667980121547204,0.5337601214896925,0.6995708417790153,0.5865898715702319,0.60518286121746
2024-01-25,0.47959840124808045,0.48424958126851225,0.5147737062325735,0.6451676483524384,0.5494453827515446,0.6099920704103969
2024-01-26,0.4518341998628041,0.4392363328703575,0.49959539436868683,0.633947277161605,0.5237968871835805,0.6115369799354411
2024-01-29,0.4988669861917639,0.4803867511462389,0.4917645042856124,0.5981567912643925,0.5274989424894595,0.6156625590483572
2024-01-30,0.447976220897813,0.40878331385318745,0.4813348020959978,0.6439715242732627,0.5085121211275452,0.616529044340388
2024-01-31,0.4880474434167443,0.44521306488454115,0.4729819397504627,0.603225489076283,0.5040554752142135,0.6269348176487386
2024-02-01,0.8757164558823513,0.7442793254096548,1.0753162446038906,0.96007347921115,0.8980166137311565,0.6158476937812303
2024-02-02,0.6920810906055032,0.5962938540236962,0.9895956832579568,1.0234324105731876,0.8515281786176313,0.6212271343770105
2024-02-05,0.5788569439376925,0.4886047070857569,0.9129494915678342,1.0170344999660983,0.8053487389312202,0.6200032718375541
2024-02-06,0.639846995895201,0.5596201023029387,0.8705558956022944,0.9379279846243962,0.8270906358108092,0.6117481608059198
2024-02-07,0.5904035984472009,0.5391505033481536,0.8063984921768148,0.8530434674575956,0.7698725581520872,0.6119287441820459
2024-02-08,0.5060209190527724,0.45877725086191773,0.7512822578175185,0.8442731955599276,0.728174056448498,0.5939243377817227
2024-02-09,0.5091809804795704,0.47594334673372307,0.7018162136335873,0.7684226664980216,0.680551071818157,0.5913027954569777
2024-02-12,0.46611720447956334,0.42730759566898713,0.6595253092352839,0.7373222293753775,0.6431509170034478,0.5629841941399175
2024-02-13,0.5043521314723785,0.4573431390030974,0.6227473355103322,0.6801132897097146,0.6199711757879895,0.6500265377383857
2024-02-14,0.8431058201157039,0.6989908922697587,1.0087565928667719,0.9115210295875296,0.909512831672836,0.6608847794442384
2024-02-15,0.7073889601828787,0.5976392937398773,0.9294358894504497,0.9032614721514768,0.8546770905357535,0.6426750415858433
2024-02-16,0.6210124688529536,0.5296723816886669,0.8588866139423044,0.861680497121966,0.8017030883473878,0.6349596891275885
2024-02-20,0.7022984713256138,0.6170862131591551,0.8486861022130177,0.8256336878539509,0.8509184257623222,0.6343986287309725
2024-02-21,0.7885971872443142,0.702350305633121,0.851709470586223,0.8046910162891362,0.9052272916773548,0.6382229819800342
2024-02-22,0.7517844097736921,0.6934871673259744,0.7897045798710713,0.7345794904141513,0.8363608390165979,0.7078629269679997
2024-02-23,0.5627112078265865,0.4900393734458107,0.7448502438954047,1.1080588878673407,0.8100614427296123,0.6946306407409809
2024-02-26,0.5639608494485093,0.5067056444781278,0.6968258209907724,0.9944039920191656,0.750668645048881,0.6840028577167243
2024-02-27,0.6318937535449303,0.5835871587823791,0.6896793669310912,0.9191630002107176,0.7788384121984623,0.684516118175955
2024-02-28,0.6001996111040673,0.5767731683024818,0.6489613867251323,0.8332791577787082,0.7246820335150471,0.6851084101562566
2024-02-29,0.6206082943125507,0.6130160865252688,0.6186151972274135,0.7650954716613498,0.7099551534564782,0.6976751750510044
2024-03-01,0.5763445251616847,0.581798948777274,0.5879129773003022,0.7133461791190653,0.6383601159509575,0.6837111653688949
2024-03-04,0.4915075036242019,0.4868370463180853,0.563447782750234,0.7581294859762461,0.6108772488996815,0.6765094502313358
2024-03-05,0.5301730756312351,0.5272023966051314,0.5441765319729995,0.7015138700966883,0.6030894535207496,0.6835875382238521
2024-03-06,0.7448571705364618,0.7039921612366018,0.789549316565405,0.809024328464129,0.7942261743114026,0.6898309028765613
2024-03-07,0.6717062600447942,0.6460474965503156,0.7363002914139325,0.7623555392225871,0.7439505989711741,0.7180105978411092
2024-03-08,0.5771438455035636,0.5390981992997039,0.6912882293040272,0.805789343892574,0.7070060780071834,0.7330614363106209
2024-03-11,0.6997135427210215,0.6496875441222514,0.7403464042091592,0.7974327420442823,0.789425441951942,0.7415621159855977
2024-03-12,0.7076018463012517,0.6744666016624542,0.6947369570502964,0.7335608087486989,0.7597856232389781,0.7619834941678769
2024-03-13,0.5890403903324176,0.5576180396486405,0.6556433920997219,0.8039134853563056,0.7226652812339363,0.7591314570654561
2024-03-14,0.615028144954189,0.6019768842385547,0.6262969742935955,0.7429501504817452,0.7131805249769045,0.6947787486406286
2024-03-15,0.6506942804412371,0.6479136978428999,0.6054863341879108,0.6949342621594691,0.7125267154360743,0.6988871654107461
2024-03-18,0.7609478878197086,0.7577132050443662,0.7044525902357786,0.729131815713122,0.8132138922364406,0.7167298864979003
2024-03-19,0.6734424081389662,0.6843194032834589,0.6624149023942872,0.7081628428964456,0.7624826800881934,0.7186444212507987
2024-03-20,0.6049846802095503,0.623935578742939,0.6259785612138116,0.6860979372565834,0.7162453515415674,0.711856000627572
2024-03-21,0.5133357893330455,0.5274021485161431,0.5958686523236357,0.7352350319646412,0.6809097826637934,0.7074081831907345
2024-03-22,0.49142265250530437,0.507701509636415,0.5683971309067316,0.6854017728662886,0.6389217678681197,0.6360576241597691
2024-03-25,0.5370930978533562,0.560250926495403,0.5556548741552645,0.6466414866273141,0.6442459640722947,0.6343509866735603
2024-03-26,0.5894302879265234,0.617002925466672,0.5583847786132257,0.6236545602165198,0.6661517586384408,0.6353631106428217
2024-03-27,0.6128246085398117,0.6547511309107713,0.5474291378169066,0.5956414474253978,0.6677811531633343,0.6466894276982065
2024-03-28,0.5204402753902949,0.5608777273350526,0.528032253099725,0.6514238243879723,0.6357621797678088,0.6434188866066612
2024-04-01,0.5320173337750389,0.5818770386355586,0.5110268911972177,0.6074448140846546,0.5831565747194988,0.6335517218924597
2024-04-02,0.5750893093071823,0.6221741566099328,0.50701068797221,0.5815273834852627,0.5910035081396293,0.659507354387428
2024-04-03,0.7041808250517085,0.725461852710249,0.619210214571216,0.6353221330972785,0.6954575386195826,0.6625896960147393
2024-04-04,0.673921501311934,0.713005685464156,0.5884884556367818,0.5931634969088145,0.6484262810893614,0.6824790567668043
2024-04-05,0.9195693670090279,0.8982517299899069,0.9140997591968458,0.8060136982705525,0.8881804399601831,0.6824832759749814
2024-04-08,0.7769721316989537,0.7553929636227462,0.8462631500096169,0.8485966320326301,0.8369047372420537,0.6509681990867286
2024-04-09,0.7454415825881215,0.7475680867471213,0.7858687640399541,0.7734451068718016,0.7767563465009454,0.66125190716233
2024-04-10,0.7137349315633752,0.7313597252470441,0.7329640820822685,0.709448406107528,0.7217760396178418,0.7120719301333347
2024-04-11,0.8895355619638887,0.8776623955232312,0.9058375567433004,0.8143299904271267,0.8933628912874934,0.7191582191154912
2024-04-12,0.7602136702891309,0.7713841386924404,0.8386434558810921,0.7999211813971528,0.8368139876388082,0.7519494287578526
2024-04-15,1.0261927491054241,0.9764823046861711,1.1280728233223674,0.9808661606035712,1.0826736279539753,0.7864960655329838
2024-04-16,1.2102770815550883,1.126249398870515,1.2722797123974254,1.0684152738421158,1.2588547212755168,0.7717069236089742
2024-04-17,1.1394831503622507,1.1034373723594566,1.1682874206571596,0.9696363069711624,1.1956695676793954,0.7736574152324841
2024-04-18,1.150180605697281,1.1375521452540944,1.1259925957969452,0.9273288822498684,1.2176110848267263,0.7781014317503296
2024-04-19,1.0938663616633377,1.1151248788710124,1.0401909283875108,0.8506861047697639,1.1634674658405109,0.7845978243861159
2024-04-22,1.176397699080504,1.186641247764501,1.0865427261423588,0.8845613876975372,1.2462502843047258,0.8095031618187318
2024-04-23,0.9830828649584589,1.0218698137823534,0.9985817589585737,0.8836350260786225,1.1537304650036246,0.8308198606388804
2024-04-24,0.8047540231755238,0.8513716598583553,0.9201445556663227,0.9371450139888478,1.0759355485568276,0.834350135507191
2024-04-25,0.791391000831546,0.8523130496128227,0.8513991523716568,0.851253601432352,1.008879911644016,0.8979550537155511
2024-04-26,0.8236306554773679,0.8981503591456858,0.8213742076494154,0.8027272611281075,1.0113664156570257,0.9007373213126338
2024-04-29,0.6991491273674072,0.775673546570492,0.7644544070135785,0.8258291896280824,0.9453775759094124,0.9078748875885524
2024-04-30,0.6534538067387368,0.7369905655629972,0.7143963415377101,0.7629997747711511,0.8768435993865134,0.9184927750285996
2024-05-01,0.9743539128445614,0.9937947988742093,1.151966963709551,1.020356323854406,1.1361751554800197,0.9426456888955224
2024-05-02,0.9397881413979863,1.0167642711807736,1.0733587235603907,0.9392246772071684,1.113568560087898,0.9688403402730856
2024-05-03,0.7764512956008061,0.8825485922829872,0.9867143528623573,0.9296261751493344,1.0362260202992797,0.9725761371558104
2024-05-06,0.6179523360403544,0.7324651726655098,0.9102017199897475,0.9830203432372492,0.9720860553425256,0.964614929392463
2024-05-07,0.5178316083636425,0.6211015092282033,0.8425431354046693,0.9814453884322688,0.911647334516478,0.9643802688383928
2024-05-08,0.5195473675030566,0.6304131030262667,0.7826872039548451,0.8882449440012984,0.8432644392215499,0.9476448684757548
2024-05-09,0.5276135394698321,0.6524473675340889,0.7302648033580101,0.8087395119090716,0.7908887837931429,0.906525268108848
2024-05-10,0.476971710602239,0.5999271105959516,0.6847036283324761,0.7708285814655114,0.7421761411919553,0.8851843689079493
2024-05-13,0.4774839581104231,0.6067621500634743,0.6450440515242313,0.7081166257079076,0.6913352509268259,0.8569003864252238
2024-05-14,0.5027719277449826,0.6278164607718624,0.6108021207371531,0.655528034354301,0.6534987306299272,0.8136626352542368
2024-05-15,0.47725005364526113,0.5888445810733819,0.5815006662391832,0.6322411880539553,0.6164550911692284,0.8141327281583984
2024-05-16,0.3805447997189529,0.4645203727844396,0.5571495762670967,0.7769023388935259,0.5953168888171513,0.7994960682384539
2024-05-17,0.44923049173531665,0.5253688353526729,0.5491148909308899,0.7243981342417373,0.6080754344971308,0.7886455450311056
2024-05-20,0.44752125209459415,0.5326066870635615,0.5288688834524732,0.6690198241661794,0.5703625199413507,0.777650513700474
2024-05-21,0.45100266510531967,0.542783388778676,0.5117672171289814,0.6220302298949398,0.5356845638021921,0.7493385570092654
2024-05-22,0.43755903600697965,0.5348254780511627,0.4974176227658344,0.5868529680036128,0.5062003523932633,0.7341700730318504
2024-05-23,0.505812071529425,0.5988266602221388,0.5133456561061586,0.5772573254144211,0.5443732379513195,0.7514727738638625
2024-05-24,0.6445015471763221,0.7254075992164135,0.6582923447536667,0.6534979528675822,0.6767168493032208,0.6752551990232405
2024-05-28,0.5450072890099344,0.648732475084295,0.6222346584302315,0.659283129002558,0.6406392223448739,0.6647034514171394
2024-05-29,0.5401354463091846,0.6503848568627953,0.5912052695830933,0.6137598169220052,0.5987067822558733,0.6865871435932217
2024-05-30,0.6869725130144115,0.7620067028911748,0.6989162290983598,0.6719499924860842,0.716413603640671,0.6814702778269015
2024-05-31,0.7837068162516352,0.8537076156570935,0.7644174170375964,0.706258566069457,0.8107298196592079,0.6710888631086814
2024-06-03,0.6389238167365814,0.7305422916427334,0.714351425369332,0.7455935056601154,0.741544362174072,0.66203516443654
2024-06-04,0.6108268414629812,0.7215248028530113,0.6707638193598229,0.6864418431472655,0.6899665028581224,0.6210121862010318
2024-06-05,0.5883196466742401,0.7091682385359416,0.6330023296420486,0.6366076494940914,0.6438996726893049,0.6338123448813336
2024-06-06,0.4711812805665816,0.5704686363462654,0.6004554381554515,0.7649127276541892,0.6184172914495532,0.6366724206248668
2024-06-07,0.4868787145988843,0.5876330894775553,0.5725468436297122,0.7038774571717475,0.5904667211212603,0.6378968111621165
2024-06-10,0.5130480741143,0.6197521725637292,0.5533512157658488,0.6575396654375048,0.5875896159614187,0.6372246763214865
2024-06-11,0.4905418499024423,0.591835632684873,0.5324373450178143,0.6199944721596921,0.5541886277490516,0.6482177543529316
2024-06-12,0.481106585206867,0.5751550475739694,0.5147544126254947,0.5848505727258558,0.5228357701219803,0.6770090283163841
2024-06-13,0.4116332616448364,0.49085905051874357,0.49987257850580336,0.6385225941261414,0.5030852355008145,0.6846732601946223
2024-06-14,0.41206147360493145,0.48892518219037084,0.4874002424676658,0.5984867045419927,0.4757209288089373,0.6820407840411529
2024-06-17,0.4350731627486388,0.5062012010823709,0.4769882340985508,0.5631446232662516,0.4493001567995441,0.691531539317089
2024-06-18,0.3848762432109941,0.4313853947041811,0.4683270624851462,0.6174862653179399,0.4356393159680989,0.688218306428547
2024-06-20,0.3893787501343994,0.42661721139268266,0.4611432591073255,0.5834804855115483,0.4148871705283244,0.6957712297391261
2024-06-21,0.47912684965827446,0.4965668701644538,0.48231909631342207,0.5726200883265229,0.4591477015577848,0.6959954428923268
2024-06-24,0.522855514413878,0.5409945469363951,0.4792512834509211,0.550210553726369,0.471023276945023,0.6969208860998541
2024-06-25,0.5909122944478862,0.6091202655446213,0.5071593545653932,0.5535587468770599,0.5209049070606329,0.6729347552334026
2024-06-26,0.5434223370996519,0.5747885204157533,0.4933956047116706,0.5420389477396991,0.4947236831067454,0.6723044466480143
2024-06-27,0.5287609666070346,0.5761084815159182,0.4818853895972631,0.5168108726382671,0.4669442941037723,0.6651788176764284
2024-06-28,0.5102265179382616,0.572938143737714,0.4722955265756642,0.4969505698362921,0.4420722056836239,0.6575590311098528
2024-07-01,0.5797018419947947,0.6474729272323759,0.5188404668508885,0.5216748082607846,0.4903591424547811,0.6531943206626409
2024-07-02,0.5428119737353644,0.6305895923453857,0.5031981532561773,0.5020119067883827,0.4640733613835195,0.6041071078621785
2024-07-03,0.47044980139627707,0.5578327940968087,0.49007872974148614,0.5467776124905465,0.4466348352361193,0.5627168202273877
2024-07-05,0.4363822179982093,0.5168872783693662,0.47911865536496406,0.5430151860556087,0.4274748198270464,0.5529897253054519
2024-07-08,0.40184471218281054,0.4620919032804418,0.46999579816253445,0.5592215269841869,0.4117697184985535,0.5310190586462002
2024-07-09,0.4182406177179403,0.46914093118216715,0.46242595359908834,0.5302576710502526,0.3908467059127783,0.5277199892164665
2024-07-10,0.4348659573778842,0.47721865046469275,0.45616257012838596,0.5063663490520587,0.371364737561508,0.5173570101501479
2024-07-11,0.36788569386746756,0.3785407864776921,0.4509937749026924,0.6258559682762561,0.3661759026915838,0.5291328264013674
2024-07-12,0.5872102762799628,0.5495858470053964,0.6768480703822626,0.7193243620290475,0.5660781499621891,0.5387004959070996
2024-07-15,0.5131446194954522,0.4842955405461715,0.6381306728574466,0.7050693746530062,0.5390027551625791,0.5186108985504151
2024-07-16,0.49881451454994946,0.46817482126946747,0.6047394077988749,0.6570474469446715,0.5093950129291217,0.5068083313218814
2024-07-17,0.4582237322704235,0.4136137803439292,0.5760911732915499,0.6501254213722729,0.4868790879115771,0.5626408834890849
2024-07-18,0.803090870949205,0.6892924536805326,0.995832472886445,0.8938803536666855,0.8194356676742143,0.5826078381783955
2024-07-19,0.9083262343156902,0.8005089783119264,1.0233811148405731,0.8958290207036135,0.9238545368078896,0.5990502784842218
2024-07-22,0.9730317658445279,0.8804054499934038,1.0200566971576428,0.878995092804014,0.9932607391574824,0.6137659205598539
2024-07-23,0.7944302511186202,0.7352705196290372,0.939116983669808,0.8995607648476848,0.9291007725058612,0.6163523910271178
2024-07-24,0.7803314394301983,0.7543410543001599,0.872452345477399,0.8247060485173803,0.8986610399987793,0.6590724643548657
2024-07-25,1.2567127247892997,1.128972207944624,1.574270405555425,1.2869922759295658,1.3721018683785058,0.7129875393963304
2024-07-26,1.222870608967022,1.1409966497191952,1.4648938707013512,1.1838690951365902,1.359502835521922,0.7389668194378602
2024-07-29,0.9880558239143495,0.9542931653819683,1.334467241760367,1.154753455039046,1.2557842354250477,0.7468738491476836
2024-07-30,0.9207787155100237,0.9228785898099096,1.2180774934280303,1.038317691227876,1.1507868363078968,0.755867097576692
2024-07-31,0.9776503215388703,0.9727041935583587,1.1538768330043523,0.9730024395441672,1.1618149426021702,0.8043327559365968
2024-08-01,0.7786045896104901,0.759590745456599,1.0573858573868142,1.1070027134954328,1.0643456900823245,0.8691786363622127
2024-08-02,1.0690064556185273,0.9816507498032649,1.2844168753920064,1.1978685346821236,1.2816952862105422,0.9526143900894604
2024-08-05,1.4449304929918751,1.240032925654819,1.612994388959707,1.379054417231261,1.5688707293926396,1.3521579919597444
2024-08-06,2.237085817656701,1.6273612105872348,2.276110010822578,1.817497114088578,2.0646005810408905,1.401262208315212
2024-08-07,1.9390575804279266,1.417972858751861,2.0615941649184846,1.6581337126933686,1.8692589026154611,1.4578773857709952
2024-08-08,1.9178286892688243,1.444841481766468,1.9102275340290669,1.5149212115499024,1.8181839067475172,1.4904035499077353
2024-08-09,1.5223554238778707,1.1192881982148242,1.73315715146801,1.6607363469117284,1.6786328097082956,1.491751803433332
2024-08-12,1.3291903643123795,1.048974673432636,1.574447779674054,1.488279143388566,1.5246021422689666,1.487539164302265
2024-08-13,1.2387232968108504,1.0372390853497695,1.4323891537843894,1.3293662034055511,1.3855636780735692,1.4913457700086006
2024-08-14,0.9920700593242007,0.838460189048145,1.3054402763398458,1.3694025175500166,1.288388120612074,1.4958508237384365
2024-08-15,0.8929892910959415,0.815874359673478,1.192208339711858,1.2294605530680751,1.1796595809298802,1.4910492320322832
2024-08-16,0.6932601862604404,0.6346506289209688,1.0914393279472334,1.3103641099653816,1.1080728819045385,1.480374181461397
2024-08-19,0.6639984961724065,0.6408222688368327,1.001992499292612,1.175436599547559,1.0185870408616156,1.4775394345812964
2024-08-20,0.5752006703105346,0.5556692907737547,0.9228352776037888,1.122315832134192,0.9519897095646028,1.4687543211196628
2024-08-21,0.6384092630680204,0.6211869087875699,0.8583890043434945,1.016302201423374,0.9188488460079046,1.480285543532706
2024-08-22,0.6317918262783889,0.6119678722212977,0.7963917967227112,0.9253389423947408,0.8524028931356878,1.4668370260249557
2024-08-23,0.8225073297847807,0.7716626672333339,0.8724980481665014,0.923712200573478,0.9568648480233664,1.4491587057226314
2024-08-26,0.7021972504873685,0.662724889735092,0.8085636160931852,0.940217017848111,0.8989697581394179,1.438492450529958
2024-08-27,0.7512508779159388,0.7310353484448826,0.7655697140318098,0.864844015802972,0.886061134320689,1.43754460950034
2024-08-28,0.7247030589967448,0.7400977790643634,0.7150905144820325,0.7884595408801196,0.8195047528251739,1.4309878536052263
2024-08-29,0.8425287967258953,0.8528240813930005,0.7535822535756025,0.7803067829992228,0.8842774913648384,1.4114656235640095
2024-08-30,0.8061831927707939,0.8677450478506985,0.7046610590406337,0.7167800787277931,0.8269370511457715,1.383557161354295
2024-09-03,0.6859846671928023,0.7611215132656654,0.662225205387824,0.7601672615078044,0.7438585805082497,1.3569275061258186
2024-09-04,1.2185284738869535,1.1333601858384361,1.3739110421687155,1.185264858619421,1.2135111769706346,0.9759630956594716
2024-09-05,1.2090855517726187,1.140667955178651,1.2586351376124405,1.070927620342095,1.1574597733588976,0.9193747137046676
2024-09-06,1.180357910342146,1.135374423018069,1.159053892720159,0.9752081251843876,1.1153403747727966,0.8625929354012204
2024-09-09,1.4611038397368847,1.3396952826160775,1.4574213513924137,1.1832350246806156,1.3912543826447776,0.8224877367543765
2024-09-10,1.212162090852473,1.130332772113432,1.3273621579035195,1.1538676822814544,1.282499751191324,0.8310263500263531
2024-09-11,1.0910313709098283,1.0314337563007332,1.2113606055033401,1.0470629043931674,1.175150455316119,0.9270876713238162
2024-09-12,0.9295615472925719,0.8777031397391567,1.1081246581351192,1.0294841116819091,1.0906342430570743,0.9221259098985956
2024-09-13,0.8183296030606066,0.7687667083536858,1.0164837338728383,0.9857480853304827,1.0127470494701658,0.9152628803278916
2024-09-16,0.7564565775680248,0.7100742803212613,0.9353752789458435,0.9109208757408336,0.9381730654021014,0.8892513432457169
2024-09-17,0.7539954904501436,0.7050856567997362,0.8638302143648873,0.8268074303209941,0.8654075895821385,0.89491337882397
2024-09-18,0.7696798859540309,0.7140705393888106,0.8009598329996235,0.7548040771532563,0.8037146156379221,0.9145013628795784
2024-09-19,0.843842929024716,0.769770668614804,0.7661330639070661,0.7139868130828438,0.812735044387433,0.976144309815895
2024-09-20,0.6735520873492561,0.5792778297937639,0.7155829100662494,0.967564673967543,0.7808645161433756,0.9649126523571664
2024-09-23,0.7191450123932952,0.6328305836056886,0.6793458292576575,0.8826267916392195,0.7682075989603131,0.9502506420425886
2024-09-24,0.6979652684964477,0.6220521459091529,0.6432642721193179,0.8053173418490829,0.7154121150221864,0.9415155216277472
2024-09-25,0.6710633797341176,0.6078439963370682,0.609793467557665,0.7413505448925953,0.6686867631034544,0.937535906175429
2024-09-26,0.7144358146092636,0.6654583979604994,0.5951920233326667,0.695546174033862,0.6773440499377809,0.9471808420738504
2024-09-27,0.6726386383601713,0.6328364503373564,0.5686104475568802,0.6575181663473595,0.6364053596060676,0.9342739361085636
2024-09-30,0.7266846701329064,0.6772274935047446,0.5525122470094553,0.6201437113685522,0.6335621221318348,0.9315327275508872
2024-10-01,0.7013113587391703,0.6429045535549769,0.5323426491746344,0.5986610410037311,0.5701924156623497,0.9279430810342464
2024-10-02,0.9212230274612702,0.8038460537648843,0.7356416648331284,0.7104405819487536,0.7432971357706883,0.894041703621367
2024-10-03,0.9163330715220914,0.8034545299490733,0.6896967997835949,0.6570236631892805,0.6947740630372138,0.8850246445378175
2024-10-04,0.9716527208214341,0.8327217914508025,0.6585573545078411,0.6232272388655402,0.6936152015245565,0.8909153731762327
2024-10-07,0.8771784488436744,0.7190241181443648,0.6229586949972553,0.6844253589366477,0.6596041584888811,0.8692946742869457
2024-10-08,1.105775770654,0.868800704595473,0.7947351102703006,0.7705700083848108,0.8202452551654253,0.8550204229048256
2024-10-09,1.0096421898707562,0.7459786750025686,0.741215830713357,0.8003151452239329,0.7737556267640336,0.8390957677901915
2024-10-10,0.9513192769705374,0.6661670647840818,0.6945449400171498,0.7789863841649753,0.7279494236614471,0.728089590670653
2024-10-11,1.003808564463442,0.7077402411112073,0.6619773084588997,0.7240963350118991,0.7217813844318643,0.7169000632750039
2024-10-14,0.9494486898935504,0.6384628637470093,0.6259060881270329,0.7044449056595111,0.6797625894162185,0.7188467932703765
2024-10-15,0.8761118303640306,0.549757726572012,0.5948869497820479,0.7251935602127426,0.645627602155748,0.7245274433398345
2024-10-16,1.047125915708092,0.6941979081371531,0.7280720774556402,0.7698772235715974,0.7777903404288928,0.7135738772564449
2024-10-17,0.9826694816939273,0.646442404487317,0.6831180199327561,0.7230761339333535,0.7273039805325963,0.6899326198405437
2024-10-18,0.9683647576458343,0.6591355479269282,0.6441567530062738,0.6683073153871392,0.686570999126718,0.5978695477221753
2024-10-21,0.9034088628666839,0.6198486287664214,0.61056100915819,0.6345782691614913,0.6445543225829885,0.5928081355878432
2024-10-22,0.9239465168895183,0.6543457959193675,0.5895906580102444,0.603244239595977,0.6449657166222764,0.6084223733860331
2024-10-23,0.9127772033405422,0.6671628344906838,0.5645384040346194,0.5702634061507575,0.6240192750277787,0.6316365708973598
2024-10-24,1.0723178081719518,0.8108726110601866,0.762259527644305,0.6969539722262831,0.7927177279019427,0.6379550045699284
2024-10-25,1.010646910278837,0.772673074542728,0.7128190637036815,0.6477484410087763,0.7370865504291799,0.6374448569802527
2024-10-28,1.0136320909761596,0.7726753621893586,0.6701432604124108,0.6063929806497756,0.7033226064559367,0.6441692995898862
2024-10-29,0.971796248138248,0.7277763881401808,0.6329257567741651,0.5776071073895365,0.6583759305064203,0.6320464984139659
2024-10-30,0.9473307742288086,0.7075406253044381,0.6008974253131953,0.5465751979006495,0.6154719391273337,0.6129528862156934
2024-10-31,1.0102912771137964,0.7527878789980054,0.6000920342533299,0.5476582265892053,0.6466118979083587,0.6345667236212252
2024-11-01,1.4267288635641486,1.0678258526068254,1.2890587691933761,1.0382130142903243,1.0971494522994412,0.6418355734683691
2024-11-04,1.2955140506622964,0.967283186965446,1.178411231046132,0.9504485205897452,1.0127012913769544,0.6180857699507359
2024-11-05,1.2763989959930815,0.9642498444718278,1.0872003754867936,0.8733208359279864,0.9837084075296668,0.6057368895677402
2024-11-06,1.0946977507534947,0.7875601642737505,0.9989004998217449,0.932251541272075,0.923567214539908,0.7630862157539944
2024-11-07,0.7945985741793772,0.5119021461809681,0.9207124702101918,1.331788046602522,0.8892455130746219,0.7607663050953706
2024-11-08,0.6948960660427586,0.4404840286940629,0.8517078183520329,1.2309808939185678,0.8327653027413398,0.756291479181219
2024-11-11,0.6474875280069503,0.4141868151932217,0.7910415377399043,1.1169196119544569,0.7771265300768901,0.7548429850200786
2024-11-12,0.6444855429340162,0.434073656566491,0.7379295981764233,1.0075840027127974,0.7221528708830158,0.7594178656592333
2024-11-13,0.6980384788388652,0.5137943020063654,0.7150561165121656,0.9289243153470876,0.7435270845157778,0.7554454482808509
2024-11-14,0.6714323867730527,0.5342375313534432,0.6717802566714637,0.8450582487277162,0.6946546861685052,0.7570676388960709
2024-11-15,0.7674956969113403,0.6586792922361212,0.7375413501337802,0.835349843531955,0.7888412501394891,0.777151218298834
2024-11-18,0.9863862607109594,0.8758112314366816,1.021441271839099,0.9695260859009824,1.0198671215146342,0.7790066254804009
2024-11-19,0.868486249060401,0.8123658196591674,0.9406452085199923,0.8909459781652869,0.943823130185776,0.7952852490486568
2024-11-20,0.8031067783753829,0.7623687666498917,0.8692743347765861,0.8211360691164672,0.8754024804227051,0.8063227717949529
2024-11-21,0.8000101452583216,0.7645948085145389,0.80750513939467,0.7527079107892609,0.8155618522137916,0.8115031920651699
2024-11-22,0.7452502240824364,0.7004225342677881,0.7528167508809922,0.7207856377138578,0.7632666793176983,0.8055704213068428
2024-11-25,0.7007054541852474,0.6715028166492333,0.7050584386813827,0.673910363724123,0.7129245806380703,0.8060943087891086
2024-11-26,0.6553705363142133,0.64141983791475,0.663548782060174,0.6368175448000883,0.6680837911963806,0.7993812866723362
2024-11-27,0.5976234819563714,0.5911356823051127,0.627648939209586,0.6252442601181851,0.6304314549241409,0.7959933836723224
2024-11-29,0.6533562947490033,0.657115173630967,0.6222974465429102,0.6104139840039142,0.6600731515328409,0.7925244094769252
2024-12-02,0.57878442009435,0.5930243438395333,0.5921684247932549,0.6174758124182899,0.597729780488245,0.7639199431889453
2024-12-03,0.5614822300960833,0.5903708350803618,0.5663985013480997,0.5811615606112116,0.5616883946340044,0.7462427591673638
2024-12-04,0.5609846139575851,0.6049802164365807,0.544468867756611,0.5499666923205278,0.5311906030465167,0.7402855989220336
2024-12-05,0.5084062041223828,0.5439059516756101,0.5258989050027544,0.5725659815686843,0.5076109849923751,0.7355515605601979
2024-12-06,0.5558678510252363,0.5916358041450003,0.5191538714514451,0.5535559767386842,0.5221075911026039,0.5628399112375808
2024-12-09,0.5352779595852889,0.5857939424846133,0.5045786393248152,0.5287655373364666,0.4931465826310615,0.5608769161290653
2024-12-10,0.6475913898426623,0.6744124639944592,0.5766615004796538,0.5705903588020698,0.5837659195799311,0.5593318599729965
2024-12-11,0.6917604502395114,0.721487803307372,0.5820661539652778,0.5680742408647635,0.6201272180761883,0.565053038331789
2024-12-12,0.5949289965540819,0.623380955498122,0.5577891848366601,0.6150365038864634,0.5904620496747778,0.5551202834216612
2024-12-13,0.6854024395821372,0.707465847332234,0.6154522436873814,0.6346634358393287,0.6693632609447314,0.5563969400605507
2024-12-16,0.666835356054971,0.7096089290919948,0.5864153815157956,0.595981516451717,0.640754920613754,0.5522042913443972
2024-12-17,0.6233946783192547,0.6539553146070678,0.5614935167320957,0.5808507107774871,0.6041679685460883,0.5256822097811111
2024-12-18,0.7185909156264946,0.7178803484542297,0.5912384500977289,0.590920258410075,0.6593275273209198,0.6298139980316331
2024-12-19,1.6647072551203195,1.2584502927763241,1.8479505393859024,1.4633673406390175,1.5170449214407176,0.6309703963504577
2024-12-20,1.549482318776471,1.1841109525662707,1.6796963518832,1.3096571182644687,1.3962231092191135,0.6935994232166962
2024-12-23,1.2393886665658667,0.9807463032786911,1.5339677840765369,1.268965551401598,1.2882894958398017,0.6819249349637262
2024-12-24,1.0474631807516799,0.8768958681875376,1.3973951285133237,1.1602413543833558,1.1846819774873043,0.6868725963424743
2024-12-26,0.8261545746014787,0.7270876932109165,1.2753321200250398,1.1341005769498804,1.100134353467193,0.6770742315844456
2024-12-27,0.7790532375876736,0.7302919667459826,1.1664542641900704,1.0222608523635772,1.0213263764116656,0.7146030565627617
2024-12-30,0.9459756548570964,0.8921706409456556,1.2353977481480223,1.050325506851239,1.1622818717371008,0.7771262596353925
2024-12-31,1.099733750316003,1.0435160227248252,1.3147434483756384,1.090380591898121,1.3028691674634238,0.7868776627533479
2025-01-02,1.0717031090389828,1.05934480072785,1.2203039062664134,1.0025750437850391,1.243043004883034,0.8314709972295584
2025-01-03,1.0466716828616518,1.0572215476045597,1.1266602870558997,0.9193077279114716,1.19490516418697,0.8451489791441726
2025-01-06,0.8493690596052696,0.8747299704728123,1.034218453310683,0.975510878379962,1.110983540936083,0.8687961800687396
2025-01-07,0.7650333803994728,0.7946085836619985,0.9522735618464518,0.9095913886621756,1.0279248472463436,0.8907516816229182
2025-01-08,0.9884659483902575,0.9691592576646431,1.1024165592355049,0.9839656715738466,1.1853946229172134,0.9008711122931036
2025-01-10,0.9334389180819548,0.9333408767195084,1.0127032854428928,0.8922134062137204,1.088603782949715,0.9215036594838882
2025-01-13,1.2113567794705011,1.151843308302486,1.2957230823376606,1.0769451643203642,1.3279782691576798,0.945082227822082
2025-01-14,1.1171953539494843,1.090612023510849,1.1846256685415402,0.9724930991702596,1.2150391543054355,0.9606591148439024
2025-01-15,1.0438484234310197,1.0417343870952271,1.085717604408406,0.8822465641535643,1.114799238336569,1.0080372089074183
2025-01-16,0.802481228463861,0.8061511744137109,0.9978952547095973,1.0969002436081663,1.0470695516038862,1.004503668651954
2025-01-17,0.8247047316647602,0.8410400414016204,0.9269956579467469,0.9967078121874626,1.011380929164719,1.0215861208292365
2025-01-21,0.7080775356720246,0.7198855460286614,0.8575907963230668,0.9859971464404038,0.9446545053063564,1.022601423373846
2025-01-22,0.615436536716301,0.6216290011149046,0.796573044281172,0.9627196647486166,0.8839531436183246,0.961379888112378
2025-01-23,0.5768834138807237,0.5738288711768735,0.7431534750439159,0.8975008574700941,0.8251273233513376,0.9421678376023848
2025-01-24,0.5471545104754,0.52998861352195,0.6965988514919066,0.8414306514806126,0.7721576400459109,0.8793591030324084
2025-01-27,0.6262736215756252,0.6054772206099572,0.6793204148549823,0.7871141591294534,0.7852672745358074,0.99702918636649
2025-01-28,0.9606720942339155,0.8620360499619546,1.046484343586404,0.9770837480934804,1.050101574131718,1.0093822144702034
2025-01-29,0.8266286082738392,0.755747179567905,0.9638275698919799,0.946812394402256,0.9773261966870082,1.0089021913813556
2025-01-30,0.8824629748938208,0.8329420779036582,0.9280610111566948,0.8908831433965158,0.9982727449667907,0.992138171160196
2025-01-31,0.7895558152479915,0.7688059348078385,0.8591149237030382,0.8350001234463235,0.9270188747754774,0.9585239938382264
2025-02-03,0.8680664664697401,0.8563612281676981,0.8563675079739146,0.8106789797302676,0.9383090845436824,1.0360336854311611
2025-02-04,0.9866982257533039,0.9524646332697148,0.8872295395700857,0.813660410975858,1.0085986627769998,1.0034567038417586
2025-02-05,0.8756231394916747,0.859481287097291,0.8231471910794025,0.7879186839835874,0.938207275223094,0.9988860289641
2025-02-06,0.7954493689717627,0.8086209855469221,0.7668748306577341,0.7377790248238227,0.872053100090162,0.9856545815067924
2025-02-07,0.7385593068024777,0.7703967809344409,0.7176741985484941,0.6915566436354466,0.8120644324511853,0.9771435745290789
2025-02-10,0.9031422518786392,0.9171190842314512,0.8603364982615008,0.7761907095474317,0.9504129675084174,0.9755709344031636
2025-02-11,0.791099132605753,0.8252072648284534,0.7995035125769294,0.7589468002133779,0.8863058225480325,0.959257938214014
2025-02-12,0.7700352658680363,0.8197525637624286,0.7461755338656787,0.7003132462984123,0.8215413154799561,0.9681484078675886
2025-02-13,0.810226572329409,0.8692052015901497,0.7242585964880516,0.6742889030920038,0.8351638754591709,0.9539964460918402
2025-02-14,0.6799178339677397,0.7386516089776861,0.6805749173806008,0.7539195526117813,0.7876123638336366,0.9026165251779944
2025-02-18,0.677077401179238,0.7525951138403526,0.6427226222090056,0.6971561746561196,0.7455716095838726,0.9062705675323504
2025-02-19,0.653692603513582,0.72381282986122,0.6100773525458622,0.6541869181477361,0.6976416386870481,0.886108022356285
2025-02-20,0.640548337326414,0.7055370207583875,0.5820721729209228,0.6153816430606173,0.6536598426560766,0.8856168035246987
2025-02-21,0.7289308630545636,0.7791924002062215,0.6083375863470729,0.6190681393290529,0.70406646828843,0.9004357987670902
2025-02-24,1.0962625990922872,1.0573748547471638,1.157284829832191,0.9751633938206,1.065545296482126,0.9131067388055242
2025-02-25,1.1168553912161412,1.0906547586396342,1.0946886296638263,0.9157763941021828,1.0775403962968566,0.93394182670721
2025-02-26,1.1440471179848075,1.123048521320019,1.0423678193111647,0.8716044068696533,1.0963107027822712,0.8095152865302793
2025-02-27,1.0798326767989954,1.0810945743059852,0.9615411139995337,0.7964888393091033,1.0120276426739352,0.8237523670768776
2025-02-28,1.3459195711573817,1.2741696101902835,1.282652933862786,1.035172293652659,1.278739807365619,0.8540904765562117
2025-03-03,1.0984010569096894,1.028907606402516,1.175664510791876,1.1275532832305066,1.1611956695202923,0.913450589556274
2025-03-04,1.4234971827181266,1.2603403770588255,1.4820201521944292,1.2923543617249391,1.4392059629216474,0.9578373321989658
2025-03-05,1.5514369143507325,1.3642376516276493,1.5168940748395734,1.2843674221062256,1.5499556057293964,0.9025126308628348
2025-03-06,1.327569100497041,1.164898373526243,1.3854053304391611,1.22941863706037,1.422770500304617,0.971324942035165
2025-03-07,1.6222914992659152,1.3762755055174782,1.6321772001970252,1.3691499357899923,1.6633960153406278,1.0076853553171168
2025-03-10,1.4519821700663096,1.2351685841519973,1.4888656389899322,1.2452239865271906,1.5168722178444491,1.0904299583846375
2025-03-11,1.9451601114827626,1.587258850144324,2.0621301213175145,1.6392554416207008,1.9520052908788736,1.1177518760894245
2025-03-12,1.9244352057430496,1.593741688878071,1.935837034254479,1.517375438573654,1.9255399367108488,1.1718798247998046
2025-03-13,1.6794809151464278,1.428443492592858,1.761879936409752,1.3714699223435909,1.7464411832763993,1.1813762983653486
2025-03-14,1.7717759220958695,1.5388253978496569,1.780698532681102,1.3748797872005822,1.8455359350582137,1.2099373801181172
2025-03-17,1.3934856387588885,1.2157567617106977,1.6223226873776706,1.4933574783539814,1.6933765550150526,1.2175931402790363
2025-03-18,1.2156273659272354,1.084260664628853,1.4800170044941328,1.3689219571370173,1.5455641837856329,1.2255476980722275
2025-03-19,1.3552217359731402,1.2182863233837233,1.4893064642311973,1.3275224960630996,1.6211085105436147,1.2463172556604265
2025-03-20,1.149412697490169,1.0502763378981321,1.3606667734540177,1.2668883439550709,1.4855685669803085,1.2723161497667972
2025-03-21,1.1443868893882125,1.0764177805787445,1.2564788783338334,1.1505826000879975,1.417601019198364,1.2846331325952656
2025-03-24,1.0852000003483708,1.0570392538322126,1.1522784263157715,1.0382673010283303,1.3005218526288618,1.3063952694139906
2025-03-25,0.8573431793243351,0.8356919786966964,1.059316555076167,1.1882075654043311,1.210466974181465,1.2983471590447495
2025-03-26,0.8212569007667506,0.8177708017782015,0.9765959351017954,1.072794557053968,1.1131542275741946,1.292969990870669
2025-03-27,1.04307777781698,1.015523154538869,1.1349662550035933,1.1168755003515676,1.2709961535223633,1.2876900217007432
2025-03-28,1.0453541135506095,1.0447027732578813,1.0547138553676683,1.0199830845006828,1.224026617570784,1.2803429917772688
2025-03-31,1.4175860669746045,1.3408311497977021,1.5202859100315276,1.2980044787551257,1.5542553880757153,1.3059880558686006
2025-04-01,1.2769646583546912,1.2066604253186601,1.3880512624131145,1.1941274385120215,1.3806871735227615,1.2767830492398122
2025-04-02,1.2032402166015082,1.1396418677985563,1.2695819631937646,1.0797990422239785,1.2645381037120482,1.2704826937028402
2025-04-03,1.111831058449994,1.0372647555234955,1.163649965846245,1.0048486762599051,1.165496001198993,1.4454035572657895
2025-04-04,2.445977207826072,1.9664577452255714,3.0939367949767385,2.38656293204621,2.458234562626014,1.5245399892323328
2025-04-07,3.6912934634147114,2.7377711306254655,4.459011920754553,3.376958370414312,3.525525331565045,1.9807943108209145
2025-04-08,3.527761944076423,2.4644998055936376,4.040111275528552,3.000568911663094,3.167338828442776,2.2665595764623627
2025-04-09,3.756600572871092,2.450725720015083,3.770923708130605,2.759722937427748,3.1090542985686502,2.437966725120369
2025-04-10,2.414512728017781,1.3079678195829274,3.417020490774885,4.907266025196099,2.8754686613633305,2.5820679078554694
2025-04-11,3.2180626919837474,2.0451622730767727,4.027419670269855,4.772959344683295,3.4611222449897068,2.600951595910974
2025-04-14,2.7730486502813285,1.7187187323446038,3.6487638145440275,4.294604766762922,3.0889878383042766,2.6470746728887318
2025-04-15,2.3728732192277753,1.5347428681951698,3.306644051043675,3.828766966348057,2.7604660689060467,2.6507485635435053
2025-04-16,2.211208624365639,1.5343658196863048,3.0019594070501987,3.401565752407945,2.526507721163841,2.688979718344403
2025-04-17,2.4672031765616205,1.8200465908638261,3.0132930732374636,3.181782679079153,2.6928325628216085,2.69251161641798
2025-04-21,2.2109774502495245,1.7243649393915221,2.7327656812716286,2.8260462418532883,2.4096460620173525,2.7054187315340235
2025-04-22,2.5243635591682594,2.0012377095646894,2.83969089630421,2.730159507242364,2.6269408377229606,2.7315408462823543
2025-04-23,2.060177442997479,1.5975559454727741,2.576076283851747,2.6508620099271942,2.3786286897066287,2.8063216322294537
2025-04-24,1.778627824344064,1.3665123801503305,2.3382399054340945,2.4381049385721583,2.1521700056048614,2.8180245208390864
2025-04-25,1.4908724378327116,1.1054323009180425,2.123793897150905,2.3326726371631934,1.9610432222178231,2.8192480490772747
2025-04-28,1.3936359821663824,1.0512106277574185,1.9394029757434428,2.094039545363978,1.7794513036853068,2.8275468944201623
2025-04-29,1.376460186924859,1.0701409251093126,1.7635752852930107,1.8659607472536368,1.6180522437685734,2.8230171709797083
2025-04-30,1.2882117918504499,1.008074053426061,1.6055588900105888,1.68134307595207,1.4776688323779206,2.829312043606592
2025-05-01,1.2900892008017837,1.0307016769676487,1.463729752897242,1.4986434253050929,1.2787333384738857,2.8423408563059955
2025-05-02,1.2238001397856262,0.9619651261367608,1.3366219071837855,1.3667985756667251,1.1769500947399487,2.843719618247152
2025-05-05,1.0709372887973647,0.8055324854461178,1.2229104693589374,1.3673789659868962,1.0951454601479822,2.752756621478865
2025-05-06,1.2081131366603848,0.9371494820092134,1.1700529429563642,1.2585142137349508,1.1286224053891496,2.699378531814145
2025-05-07,1.3751570798352861,1.0975258403816173,1.1796715464826892,1.2004688064201294,1.2120006733166422,2.3743494467926385
2025-05-08,1.2956913576856122,1.0583461650460717,1.0828572562285081,1.0894055672437442,1.1148173209308392,2.075931576512657
2025-05-09,1.1920454136515466,0.9818173996281176,0.9967305327243055,1.0188420632269988,1.0315784259776282,1.852553651875242
2025-05-12,1.1923527691905413,1.0178744628618968,0.9233090963270345,0.9268675778389384,0.9859169638327752,1.7177358882309437
2025-05-13,0.8380133444749953,0.6623549784950327,0.8554293239887087,1.6246334814648786,0.9450553739188524,1.68590350419333
2025-05-14,0.78333247661118,0.6103768991134865,0.7956270786188967,1.4712170331931156,0.8800053392518036,1.572775138493399
2025-05-15,0.7996090320059341,0.6318735146406966,0.7431601784811771,1.3155312557903651,0.8160778335718253,1.5643798108475333
2025-05-16,0.7645599962548401,0.6014500005732663,0.6973318500191693,1.1926909146914677,0.7626759698670047,1.494956896184482
2025-05-19,0.7152572462368538,0.5539182517925612,0.6574895997768245,1.099161583226024,0.7162716942725661,1.4983466494933224
2025-05-20,0.741648061946715,0.577874829817026,0.6230205715831335,0.9916615102866242,0.6687728112564628,1.462252486679208
2025-05-21,0.8292899312411423,0.6680057014879863,0.6247437622114277,0.9175723837638486,0.7029611219018671,1.43412149696339
2025-05-22,1.2105378018831068,0.9938783904901081,1.1521951294644739,1.1444775850970117,1.0693968638448337,1.2535219498400108
2025-05-23,1.1518007229905092,0.9903911662785604,1.0583902555037923,1.03106473722166,0.9890218395894808,1.2618935738113073
2025-05-27,1.2610342946305113,1.0858538040456707,1.0529958034580245,0.9919715859640504,1.0579104384384053,1.317413675681254
2025-05-28,0.9817985256079806,0.8354306721548673,0.9716427540826438,1.2477654567374887,0.9958664115371448,1.2966793892921176
2025-05-29,1.067431815309672,0.9370446803083666,0.9594707946279746,1.1579412060233163,1.0423680388280183,1.3168558319615689
2025-05-30,0.9941426680276508,0.8886573761798503,0.8873559358699301,1.0513208528008406,0.963911315138572,1.2713178658852369
2025-06-02,0.9870327837969538,0.9149577307847572,0.8263231240430537,0.9609138822461732,0.893699441659328,1.234445769534024
2025-06-03,0.9051014067108222,0.8464570722561108,0.7701314018064934,0.8996044162577038,0.8333764149592646,1.1926806450242218
2025-06-04,0.8330688938664069,0.7828803974096216,0.7209698135057743,0.848721316661858,0.7792884005988574,1.178090983817249
2025-06-05,0.8401007859980003,0.8042406919647709,0.6783359723606471,0.7806478358963216,0.7428899969104026,1.1569849202963347
2025-06-06,0.9350902765134023,0.8903441857555314,0.7004351898098895,0.7609146531611737,0.7997203909416303,1.1560997357783318
2025-06-09,0.7979781421550642,0.7645461546037797,0.6603375199379676,0.8101454659138059,0.7531508877779667,1.1242961586111824
2025-06-10,0.7931441333282025,0.7701733613683941,0.6256656753081234,0.7460022419753854,0.7027230347285215,1.120741609570098
2025-06-11,0.7380902455861402,0.7111293321204205,0.59583762845805,0.7210550245030592,0.6615184472695701,0.9443897338793243
2025-06-12,0.8061589338451289,0.7750427707903682,0.59402656014485,0.6884135546657676,0.6865426832171463,0.935419421147627
2025-06-13,0.7807054161008827,0.7319508424441115,0.5687603524875676,0.6558186266737875,0.6453483640246692,0.9614333898205412
2025-06-16,1.0547040890776271,0.9227544775521956,0.8529060589144165,0.8038636971943796,0.863535300662465,0.9608625644434466
2025-06-17,0.9307763782487203,0.7961610793401082,0.793460639532108,0.8275209688475829,0.8098129901849606,0.9634416370669504
2025-06-18,1.1222184112962321,0.9341692997524911,0.8938372237221087,0.861614720192538,0.9390732189049896,0.9224874492420974
2025-06-20,1.0927910885933154,0.9294986194338418,0.829505504361194,0.791445662126381,0.8841103812052543,0.9195210258447848
2025-06-23,1.1145099097142483,0.9543728369309905,0.7849361356744952,0.742748901454185,0.8759533385986401,0.8787869562604033
2025-06-24,0.983426302149148,0.8182829288751385,0.7339011791998385,0.7884734299104621,0.8212832214006508,0.8814190652703071
2025-06-25,0.8378562772592041,0.6826643197915675,0.689398603010479,0.8471425277158959,0.7732462767658103,0.8288417616637942
2025-06-26,0.819651452113708,0.6921571513682216,0.6507766507431759,0.7779108690094328,0.7223606461009529,0.7146701695918101
2025-06-27,0.7292168838414658,0.6042219063187214,0.6171011977142103,0.7774844775070796,0.6812138573612377,0.7127968676309299
2025-06-30,0.6866599588607467,0.5561600787533151,0.5886087648741246,0.7392115801240879,0.6414314989341559,0.6731818373411839
2025-07-01,0.6613560524450546,0.5140843765779969,0.5642582756248512,0.7041990001691464,0.5759572962577572,0.6434018272799295
2025-07-02,0.6989490321268234,0.543076672543209,0.5438743125177801,0.6573522157035614,0.5603128325617123,0.6209523686146708
2025-07-03,0.6722111092571391,0.5029332420371201,0.5262970128907031,0.6353760248963258,0.5311282761403526,0.6182253722001564
2025-07-07,0.6148815722621128,0.424368598034356,0.5114854198485506,0.6680297356524559,0.5074712604351579,0.6392110809849378
2025-07-08,0.8094951366324769,0.5771877282548304,0.6612941085213075,0.7198005109082745,0.6531587382921636,0.6166981991180367
2025-07-09,0.8134758890909091,0.6030749975082885,0.6274053691956678,0.6713648327177613,0.6344802726578913,0.5948838189508295
2025-07-10,0.7341525374382487,0.5389615639078362,0.5974441420701769,0.6647144219864257,0.5998001372894354,0.5966845657409859
2025-07-11,0.7039081085952786,0.519694827385145,0.5717959406839923,0.6275485303023386,0.5655494247923459,0.6082460231141188
2025-07-14,0.7782854420386317,0.5938257691316075,0.5866657108262109,0.6198356888283301,0.6141490716433617,0.5969142614628437
2025-07-15,0.7679106092519835,0.5827719167861257,0.562602075453716,0.5859022527753244,0.5777877023938375,0.6043652436731926
2025-07-16,0.8540571638112063,0.6624433512581679,0.5963461846109307,0.5979902102199579,0.641142879611199,0.5876466800329512
2025-07-17,0.8092202133004691,0.6258883148446556,0.5708585948250189,0.575760866811719,0.60352961924888,0.5691626252144947
2025-07-18,0.7387720873830073,0.5571383634684289,0.5491534481028427,0.5915981882128455,0.5718183186787917,0.5565011061290761
2025-07-21,0.7578865640800476,0.5846073667647916,0.532455715982796,0.5647579189650928,0.5642631917342156,0.5502454586380237
2025-07-22,0.7443379024046431,0.5723977635836907,0.5166673683812025,0.5400924252343688,0.5324185140211737,0.5338146723883843
2025-07-23,0.750293937880038,0.585162929984523,0.5033979918110971,0.5188285679835779,0.5120081523274913,0.5108774367676926
2025-07-24,0.6552566241825356,0.4898161764901138,0.49228985051142976,0.5971901682555855,0.4905759844478286,0.4895735670862727
2025-07-25,0.6647320956195899,0.5051984100393374,0.48302219905104443,0.5657234051594148,0.470338719799199,0.4860900583788858
2025-07-28,0.6251760889423973,0.4663097105563878,0.47531496013280217,0.5578730601762697,0.4486977219830671,0.4828802632770568
2025-07-29,0.639959033258463,0.49019444148476854,0.46811377585936065,0.5347271707318481,0.4429113575850589,0.475478447498076
2025-07-30,0.708546078411586,0.547732713421725,0.4873003705966794,0.5350024007795301,0.4854742878310581,0.4814799319994258
2025-07-31,0.7281128839263584,0.5790143659873757,0.4841958428172723,0.521720003383788,0.495979405575144,0.5156530840822127
2025-08-01,0.8045085477991686,0.6444634632818594,0.5233600344388804,0.5373852190924719,0.5339820255566291,0.57627074465753
2025-08-04,1.181235827368904,0.9235663667950564,1.0827525998144834,0.9065528038229128,0.9336534630732286,0.5895344933074401
2025-08-05,0.9424572640879874,0.7188058581489919,0.997019043291266,1.0284363613572227,0.8768790608257798,0.5723355952561061
2025-08-06,0.998850883476324,0.7935341565276466,0.9667269270946766,0.968418424996856,0.923035586940978,0.5783713546805951
2025-08-07,0.865531732721936,0.6886041551064972,0.8941409803062124,0.9283715066146389,0.8611463770477115,0.599543039012284
2025-08-08,0.8527811880677595,0.7045435503004257,0.83145771471632,0.8504661649227175,0.8271724896907975,0.5990827506238006
2025-08-11,0.732742599010591,0.6090191883142277,0.7749028801013819,0.8341530682433763,0.7751859638179115,0.5888645927699799
2025-08-12,0.7699496947924127,0.6506191785768592,0.7343353676947799,0.7756796982621907,0.7714005221765989,0.5969047581737493
2025-08-13,0.6412023483300948,0.5277631714680766,0.6899646980542247,0.8282140264847189,0.7273309009749742,0.5902710859506787
2025-08-14,0.6082319966044059,0.501569907307863,0.6514165715134849,0.7686448622203319,0.6815540966924519,0.5717913952445897
2025-08-15,0.6223244977266124,0.5222749555725191,0.6180915194562864,0.7105529547512393,0.6483452813319808,0.5714679339367564
2025-08-18,0.6768338197068596,0.5763318048210794,0.6048117152826141,0.6744732332881721,0.664437005003829,0.5713349615042128
2025-08-19,0.6804037146384684,0.5945202487908703,0.5781816471855075,0.6313394400187967,0.6385415480676134,0.5758985385196166
2025-08-20,0.781175813184623,0.689051520188592,0.6382257932403239,0.6520705616816487,0.7194276517274727,0.5985001846307385
2025-08-21,0.80658463637417,0.7307904973669324,0.6259340310541763,0.6291952777885448,0.7345131991844768,0.6011453711683742
2025-08-22,0.86310502034954,0.7886282815509391,0.639879935162774,0.6275301075058143,0.7750398289812226,0.621902412452395
2025-08-25,0.6618116710537686,0.6008665434176866,0.6081536172309354,0.853013630465894,0.7345280507764986,0.6270557136991557
2025-08-26,0.7364543154575403,0.6809436292371724,0.6344372074740641,0.8143683346607734,0.7829964871266555,0.629264834229991
2025-08-27,0.6724426904100017,0.6326290782571732,0.6040032562448248,0.7622533963332009,0.7324169950729598,0.6268164795361457
2025-08-28,0.6479028514849707,0.6137416070401263,0.5772592411335865,0.7068609205943341,0.6851962438081557,0.6181630925978163
2025-08-29,0.6108040720476724,0.5797980912038494,0.5544758337824046,0.6669120152931871,0.6435505746907724,0.5916761856834047
2025-09-02,0.7393352711371834,0.6882674102574329,0.638249997149636,0.6905537186227703,0.7107124734708221,0.6043583931519106
2025-09-03,0.8878016179431791,0.8049961400370788,0.7449768642241182,0.7354833456842729,0.8273170681173002,0.5981406877740857
2025-09-04,0.7987012969106925,0.7262745529111707,0.6988876507547624,0.7089567726956069,0.7730813380763155,0.5961090510619502
2025-09-05,0.6901014759875164,0.6206708803292527,0.6588851548588492,0.7322375095497679,0.7262055740016196,0.6235816313538673
2025-09-08,0.7371852706652854,0.6750841243798026,0.6467153704033392,0.6982215907499614,0.7458575552568941,0.5980687687426384
2025-09-09,0.6978864368981804,0.6494633843106232,0.6138646688391002,0.6538694808703167,0.6976658435282872,0.5981299389557813
2025-09-10,0.6693189890790094,0.6271904453700973,0.5856881426941368,0.6159585029198609,0.6540065861196722,0.606550523404328
2025-09-11,0.6466370401013242,0.5993813120972344,0.561644025455753,0.5873879102528378,0.6148487616697091,0.6024879951465627
2025-09-12,0.5682858237906523,0.5072563895532148,0.54122887445516,0.6406857904436303,0.5829843900075545,0.5986013988004383
2025-09-15,0.5973316983051269,0.5344522707656358,0.5243376045205045,0.6040517283902135,0.5672888935388362,0.5897112387097097
2025-09-16,0.5708447868960081,0.48328111663322654,0.5097656997629757,0.6017164579046211,0.5376877510002571,0.5887485726765015
2025-09-17,0.6389152591982689,0.5273244638439532,0.5039634539120369,0.5772893049255082,0.546016522035099,0.6099811096699129
2025-09-18,0.6798747685414278,0.5657123508087611,0.49798241934112203,0.5562807134414559,0.5509644650205225,0.6126419922102169
2025-09-19,0.6417679373234411,0.5206752908244877,0.4877192054102722,0.5554896251167077,0.5223651412058411,0.5915483727374562
2025-09-22,0.6062890941755315,0.47563030520460653,0.4791795945336308,0.5584584781760561,0.4964552653770478,0.5853770718855092
2025-09-23,0.5890281305157321,0.4357638000820786,0.47209514401595054,0.5579400493587922,0.4726162200033904,0.5701232292392718
2025-09-24,0.7334525619849674,0.5499327941883958,0.5640071019059529,0.5976864817473856,0.5745392793929157,0.5716621274323922
2025-09-25,0.7897454735597059,0.6148765462659875,0.5739605063261479,0.5918912879188833,0.6155131443174089,0.5901148615399224
2025-09-26,0.8624718166155716,0.6933912892899338,0.6135084275005042,0.6082849357098623,0.6821737866254485,0.5938998082717336
2025-09-29,0.7594186958388126,0.6225732665840061,0.5853417882226054,0.6106812930377832,0.6422937562355063,0.5956453590857614
2025-09-30,0.7257470635314672,0.5960199065076046,0.561308989918383,0.5825268522208144,0.604169572828541,0.5926687224900196
2025-10-01,0.6933451777261163,0.5594983031651742,0.5409057210539968,0.564242942133646,0.545515486513797,0.5381371876921837
2025-10-02,0.6724225596441565,0.5306197203870854,0.5236662802393273,0.548100889764584,0.5163792854938695,0.5345469590267417
2025-10-03,0.6845209179726037,0.5321839501122684,0.509165097855774,0.5242499243883662,0.4882309182676689,0.536402014947997
2025-10-06,0.7066668418259427,0.5498213192994063,0.4970182997895208,0.5059769374195101,0.474985836317572,0.5015715993028098
2025-10-07,0.6819326291081602,0.5172111768737557,0.486880435045817,0.5028483555457143,0.4520152765017111,0.5064793379623153
2025-10-08,0.7777643105648492,0.5900823030136402,0.5249260994057697,0.525265211655536,0.5165786079626155,0.5044613979934799
2025-10-09,0.7114145388550921,0.5228977369054343,0.5102229964345228,0.5495754980850431,0.4917067558695626,0.4951755112392925
2025-10-10,0.7723440052117683,0.5826957399830789,0.5256976370903775,0.5497874035163297,0.534889495490508,0.5781880791237063
2025-10-13,1.489924703344034,1.1349132081735311,1.6729479802040872,1.3185318022756272,1.3760208673150334,0.6291034672300752
2025-10-14,1.1793751745119776,0.8954917302565467,1.5229785112283025,1.3364429570437886,1.268949291401418,0.7110484452628298
2025-10-15,1.1576136136574093,0.8935106781514043,1.3904578667764582,1.2067534530830937,1.1982679846781237,0.7611660489578039
2025-10-16,1.0759177410644338,0.8215870096953097,1.2701347763892268,1.100217391943817,1.104054791976938,0.7749443473405792
2025-10-17,1.258713742850669,0.9186319533891713,1.2287557499520096,1.0499990428018704,1.1590051190068351,0.7801267439645331
2025-10-20,1.1391298749349923,0.8311507431660637,1.125880555739015,0.97455601579285,1.069943681282384,0.7819957264648921
2025-10-21,0.9647603083235253,0.6977962843852167,1.0343723784740295,0.9751592688426606,0.9937074763459908,0.7792460127601133
2025-10-22,0.9324356284165872,0.7099869456696672,0.9532066666753833,0.8888169870070345,0.9315481473180636,0.7961024528115984
2025-10-23,1.0077398906404167,0.7973683820201702,0.9320920988760719,0.8540770686524972,0.9743899841856688,0.7947133868699249
2025-10-24,0.8954292205555362,0.721600400039081,0.8628234726020403,0.8121804878534324,0.9053202595733656,0.7879312492717911
2025-10-27,0.7778562678231471,0.6266429531375808,0.8023559699512277,0.8089649856859735,0.8449188653924641,0.7958991648669046
2025-10-28,0.6505254351409203,0.4981216751034206,0.7492418365543002,0.8768784074821802,0.7930975015441158,0.7940807432672556
2025-10-29,0.648854500375246,0.48995694602456424,0.702908330540997,0.8064780525271049,0.7402932237108127,0.802956379261551
2025-10-30,0.6776922032112832,0.5128094580508861,0.6626833941348229,0.7425945219842038,0.6949775345231998,0.8106452474337854
2025-10-31,0.9156314830927771,0.7302991153256189,0.897256774550584,0.8566767093682265,0.8980400327898765,0.8219846855221616
2025-11-03,0.8567415973658011,0.6955822408804673,0.8324931293571304,0.7935426355633123,0.8083820930551284,0.8285555408521592
2025-11-04,0.8233986445908664,0.6834409007398635,0.7756199687033866,0.7331544898004864,0.7545183022131642,0.8794097094568005
2025-11-05,1.0678813328537824,0.8901588563451914,1.0022463717541308,0.87297334974104,0.9674582956190788,0.8868368277162617
2025-11-06,0.9736836934986274,0.8383132982085397,0.9251271017747061,0.8074922123570425,0.8984972005118694,0.8991523206094207
2025-11-07,1.1545326044219935,1.0034488276993978,1.0608215210783922,0.895265775145006,1.0632629237854712,0.9344955510595336
2025-11-10,1.078590759867985,0.9711527750346174,0.9769948151213695,0.8191180957944636,0.9830051924210392,0.9056645747546472
2025-11-11,0.8655614355799679,0.7678806605349161,0.9028062228698319,0.9783166255592436,0.9188849710359716,0.8769989782784043
2025-11-12,0.8274755064453805,0.7460011150868603,0.8373769635808764,0.8927641299763969,0.8542529296156124,0.8141216883223676
2025-11-13,0.8209359202942595,0.7490360810598686,0.7799002750505921,0.8170704838317419,0.7976975149460191,0.7923197258067003
2025-11-14,1.1916451688103207,1.0322281644655156,1.2135799861159826,1.063581327711523,1.1248080919454182,0.8303062547160283
2025-11-17,1.131190244754148,1.0061097213934076,1.112770474820844,0.9656328847995896,1.052945202829092,0.852631964167617
2025-11-18,1.2919615992687052,1.1188861878242031,1.1579974971806946,0.9824516777796404,1.166245956354235,0.8757444377909487
2025-11-19,1.4327044608511152,1.2005936518543585,1.1702157523123948,0.9787429185280332,1.246228078876597,0.8938633077930166
2025-11-20,1.3344435849599143,1.1019650442219568,1.0741389482661918,0.900125881015881,1.147764713000819,1.0017421425859714
2025-11-21,1.626087422375746,1.2971833122451726,1.3304511348235792,1.0764190146280956,1.378676033912135,1.0415554274439722
2025-11-24,1.4087490595130725,1.11600408208459,1.2169254291813953,1.04921607477442,1.2686398380948338,1.0505528857519868
2025-11-25,1.158392426090343,0.9114025733756307,1.1149306476747904,1.118220095690639,1.173411852091798,1.0668724716184468
2025-11-26,0.9931708404684605,0.7895759964185246,1.0260566501276351,1.074942503311893,1.0858282061299356,1.0711175205676766
2025-11-28,0.8744579735014301,0.7111298108980783,0.9471213807809332,1.0075915802702025,1.0063217194699592,1.0614790349706396
2025-12-01,0.7884965082465977,0.6579649533922423,0.8772378150706661,0.937561112096354,0.8986632221432194,1.0602085264862728
2025-12-02,0.870737986705728,0.7520365489023272,0.857080279332457,0.88708175448033,0.9331975574267292,1.05185791207211
2025-12-03,0.8251323624775404,0.74268848744282,0.7978533118086267,0.8138692002522104,0.8673220140001866,1.046343516340423
2025-12-04,0.7676135320780906,0.7122548403276864,0.7458806964845808,0.7579387556792313,0.80876299794619,1.0060166935563009
2025-12-05,0.7484554419738145,0.7216633856701569,0.7004739440470741,0.7021873851670322,0.7547117456067292,0.9983248261478368
2025-12-08,0.7165626703107053,0.7128488459708112,0.6609885251253325,0.6562826351808689,0.7063747175897434,0.9906326091389898
2025-12-09,0.7820115051186128,0.7752150582659421,0.6503118303749229,0.6378011129714262,0.730604304236961,0.9552555960067872
2025-12-10,0.7987943969241087,0.7994194481753322,0.619606917090223,0.6051157221626197,0.7119166198133847,0.9407095546760528
2025-12-11,0.7128519838283146,0.7200729595277319,0.5912061745673115,0.623036689276202,0.6697490772178194,0.9484428292450576
2025-12-12,0.6773732273927021,0.7035933599021678,0.5669002768337135,0.591487357325122,0.6295279443278894,0.9606438778018144
2025-12-15,0.885581961151246,0.8925451269596573,0.8280439903103706,0.749855473798191,0.8352750590371422,0.9527277972896848
2025-12-16,0.8762601850650511,0.9117004271232078,0.7772354293909955,0.7026183759254193,0.8182240876418221,0.9041643266053832
2025-12-17,0.8886675763255807,0.9456634360274256,0.7446932296091018,0.6728912167516884,0.8258192594784525,0.8789557293175345
2025-12-18,1.0638597138527555,1.0996740153380986,0.9460337285701912,0.8089123684176379,1.0067365632803111,0.8729676502459566
2025-12-19,0.912727414085151,0.9704275930147964,0.8762767676367355,0.7974773381755899,0.935891922481388,0.8554961552305168
2025-12-22,0.7586340402787328,0.8394650524901307,0.8147438619797006,0.8133754926195079,0.8729755364198415,0.7132755277391783
2025-12-23,0.6609591702873877,0.7575174848968648,0.760679811092991,0.7831070098196982,0.8150995688807923,0.6523162835107084
2025-12-24,0.6040973751527905,0.69973352599942,0.7133822523823179,0.7404153952473417,0.7621642041895512,0.6261622251477754
2025-12-26,0.56249005623846,0.6564192102627313,0.6709546399332258,0.6963538356794863,0.7138497015180635,0.5815699381919845
2025-12-29,0.5726879990922285,0.6677764453465841,0.6353916664284419,0.651210088992137,0.6829004120541027,0.580046191888183
2025-12-30,0.6480900271556067,0.7263854860183664,0.6386709208449257,0.6403072171258861,0.72055882760736,0.5786264786051648
2025-12-31,0.6647960428180909,0.7435550222434512,0.6116100557820048,0.6092377127870853,0.7094473390149969,0.552635651512283
2026-01-02,0.7961602929908509,0.8519243806767096,0.7242488882661492,0.6753216017468608,0.7961758648968016,0.5710228656060109
2026-01-05,0.7359333215346706,0.81003316021937,0.6815255983756255,0.6333150359966802,0.7436343299095128,0.5729395845288415
2026-01-06,0.6524840041288689,0.7133381032625662,0.644497641826894,0.645253708638864,0.6982901819467099,0.5675494067302681
2026-01-07,0.5946153781933334,0.6365885853155657,0.6125654366758273,0.6438145696957203,0.6569009292819474,0.5674850086386909
2026-01-08,0.6759103333220441,0.6929588652097419,0.613944926739199,0.6299946306522923,0.69040166414876,0.563418710821119
2026-01-09,0.6843766228679716,0.6975402014867389,0.5863762277290187,0.5953556966194058,0.6614753880799327,0.5697832006345604
2026-01-12,0.6086794596083646,0.6138990636609051,0.5628056819849062,0.615330459224547,0.6237890856389502,0.5748418963403337
2026-01-13,0.6104537731587465,0.6037414232591223,0.5427757319913816,0.5824762917220598,0.5872665122635874,0.5590971823695311
2026-01-14,0.6747664139446338,0.6456775095404809,0.5382968243984353,0.5676200513379986,0.6035163527898902,0.5582153548112528
2026-01-15,0.7866952662944985,0.7266218904889142,0.5940696466649248,0.5953913474341899,0.6774473260937057,0.5511945404175321
2026-01-16,0.7423089324873144,0.6886827228359482,0.5693631669995414,0.5705994775048855,0.6365525712431295,0.5365895417039652
2026-01-20,0.7514169380399137,0.7032596977093251,0.5504554233995732,0.5493657505745582,0.6261373077187431,0.6433505136256895
2026-01-21,1.2444073177070818,1.056041180240545,1.2975726031003258,1.0525081589305023,1.1175534660572404,0.6449128181680301
2026-01-22,1.0008188822235817,0.8732996349246819,1.1883290753334512,1.0566442645954528,1.036392715628127,0.6605170107239484
2026-01-23,0.8664127389005023,0.7903789279361502,1.0909212564387054,0.976724292572931,0.9610611965929804,0.6511896513383129
2026-01-26,0.8275679479403119,0.7819699764961751,1.0042924559056918,0.8900747681856446,0.8972108761215437,0.6524374762373288
2026-01-27,0.7539972492110483,0.7120785122762561,0.9274788214546303,0.8344033357555033,0.836119186379079,0.6543393986383959
2026-01-28,0.7122521959385111,0.6610609316715086,0.8593276945717783,0.7785716575323204,0.7806267450904999,0.6582352943506687
2026-01-29,0.7250894718249674,0.6730756872369282,0.7997483847011987,0.7206707341623992,0.7430685786034472,0.7146463367383673
2026-01-30,0.7737411056307535,0.7112704164672508,0.756150755915988,0.6811400667158884,0.7439176217312247,0.7340058219666147
2026-02-02,0.8353417999455987,0.7625865490765289,0.7298787042036277,0.659411099321649,0.7381419141300952,0.744607372126069
2026-02-03,0.7634354106538926,0.6992534940246833,0.6865549343767586,0.643229427609208,0.6927689744139466,0.7695632566858277
2026-02-04,0.9374591097301334,0.8407486159562789,0.8118722817381772,0.7229251615865181,0.8331627408212327,0.7884068671398329
2026-02-05,1.0049268609673696,0.9063612139009468,0.8077920522450267,0.7149136085204889,0.8802937463123888,0.81595500343559
2026-02-06,1.2513954435767898,1.085349650608353,1.044314345305706,0.8744610126944118,1.0867581844464054,0.8422659330879878
2026-02-09,1.003704119242457,0.8225357167866645,0.9630677627770826,1.109217759490203,1.0118240381946184,0.8499535995776889
2026-02-10,0.9031924369582882,0.7588912214421396,0.8911477059959038,1.0195348450382902,0.939407576178266,0.8481625088987966
2026-02-11,0.9287466793898121,0.80540130120702,0.8414971490986418,0.9395132404661506,0.9327603276615531,0.8572024994609384
2026-02-12,0.9064644348703543,0.8117416472832253,0.784183640892929,0.8598346069867138,0.8830319274739129,0.8819901073857951
2026-02-13,1.2296889266267859,1.0643831626289166,1.1569699058676666,1.0508373098949124,1.1606768353998596,0.8830386146300613
2026-02-17,1.1630034631141408,1.0261758056465455,1.0631372584906473,0.9550510758301052,1.0711227610294445,0.8951256163142969
2026-02-18,1.1008271589695702,0.9811343146540188,0.9797604441861928,0.8726217441816527,0.99136924799937,0.901479054967148
2026-02-19,1.0102150874874087,0.8979949712179036,0.90590356329531,0.820065494397108,0.9211319491233972,0.8293829457941456
2026-02-20,1.0484295980335836,0.9296837315663106,0.8542856327375105,0.7701275171362255,0.9164035814098652,0.8165180449056567
2026-02-23,0.9419826278775831,0.8227614107059431,0.7952986819078306,0.7618856149742772,0.8545674534901199,0.8209683826140846
2026-02-24,1.1492951004847645,0.9788626112000958,0.9490025229196086,0.8478044093412853,1.012557273589666,0.8308957257948484
2026-02-25,1.0223730245310327,0.8648987811093017,0.878723529908419,0.824910727124521,0.9409690690621688,0.8329772300547267
2026-02-26,0.8922887622049146,0.7511570505449102,0.8167792159676254,0.8240436736839205,0.8771107759596423,0.8535356420162692
2026-02-27,0.9838144063311516,0.842037395174176,0.82640448699943,0.8062159752993631,0.9335704406561124,0.8758856940192709
2026-03-02,1.058696778824619,0.9109634579277851,0.8188616849105707,0.7816161634154095,0.9371470955699532,0.8685284869422327
2026-03-03,1.0555260009396077,0.8946366454175084,0.7644251464105908,0.7233113297426985,0.8730172855538356,0.9511155198664916
2026-03-04,1.2486244764051126,1.019509972608321,0.8780936769034742,0.7878992474086769,0.9975584006007572,0.9531626576396576
2026-03-05,1.123585388357672,0.9083556883664773,0.8164459893545528,0.7737519003982677,0.9273561348373858,0.9420069554797614
2026-03-06,1.2421079380942754,0.9846496971119563,0.8268648840907267,0.7661339000447368,0.9784868545141542,0.9528242452210915
2026-03-09,1.5732180028337446,1.1692153119237783,1.079989596360661,0.924147456059723,1.1839463383107307,0.9872104234027728
2026-03-10,1.4205554141247507,1.0170311501354283,0.9950032045713058,0.9083284406382536,1.0947165431297,0.98059718060337
2026-03-11,1.4124745843535798,1.0220333488757836,0.9242497778097486,0.8383377925788493,1.0527903868965545,0.9835572839885116
2026-03-12,1.3877161130756377,1.0211220887255983,0.8601295536970521,0.7768132375175109,1.0089932205304046,0.9888566022853204
2026-03-13,1.6735028310422795,1.2366817175907205,1.187173194408555,0.9899475097050908,1.2581005537067769,1.0068040368290496
2026-03-16,1.7008609028166737,1.2665643674251696,1.1377966480343265,0.943380248385434,1.2730769394697163,1.0219287379526123
2026-03-17,1.457368186489405,1.0858133168739812,1.0463862958983325,0.9466533067025288,1.1746271688195,1.025087155781865
2026-03-18,1.3368969260885701,1.0254214930228438,0.9651785602027404,0.868251823408689,1.0844610167170348,1.0165234633069609
2026-03-19,1.5696142836244886,1.2214465452804093,1.202455215890596,1.0148400507318611,1.2933676986465912,1.023643254386764
2026-03-20,1.5125137055103421,1.210070147624372,1.1129717217586312,0.9345244525044536,1.2451128409060408,1.0426978610879856
2026-03-23,1.730862606911007,1.3788097143484122,1.316595104191824,1.0700431691325876,1.4390389498565983,1.1137066386931045
2026-03-24,1.5291059918492407,1.1788906284191483,1.2058076334713161,1.0527196159216126,1.3222237346868255,1.1131916374282247
2026-03-25,1.5570920889591777,1.1912639133503853,1.123581368172717,0.9732028517034266,1.286907931390529,1.135113860664835
2026-03-26,1.4366466283489534,1.0823973832782845,1.0337419958213192,0.9098669981502808,1.1854943254038124,1.1507739624302449
2026-03-27,1.761646815872875,1.340839365967088,1.4055893647249593,1.1515863351219933,1.468713632209796,1.143517756476618
2026-03-30,2.032313517359118,1.532926979780914,1.6159655281323362,1.2906455710354614,1.6893834806961794,1.1682882032712911
2026-03-31,1.9834838775892984,1.48924299312945,1.4867971945274427,1.177761908314509,1.6109122628252954,1.1876452774692787
2026-04-01,1.5262138777908292,1.0785030982120292,1.3585991045861807,1.586391652763932,1.438128126257202,1.1226377053906549
2026-04-02,1.3789177430578143,0.9632080294083042,1.2438060576009393,1.4520360731973296,1.3207003516656275,1.1750147620395364
2026-04-06,1.3263970827451745,0.9457134442922354,1.1412286202480784,1.3063660951259466,1.2147654160399757,1.1570830995431058
2026-04-07,1.2552740529218949,0.8812721849063281,1.0497844173578101,1.1899154414189796,1.1212590963203015,1.1530295070741012
2026-04-08,1.274545481300024,0.8808480300472163,0.9684869089708423,1.076864584924384,1.040647345740213,1.2322680648488118
2026-04-09,0.9798219340041576,0.5958278243392614,0.896437542591693,1.4173821217088258,0.970390736225623,1.2268321953488677
2026-04-10,0.9113350623817273,0.5505693094888842,0.8327996846140827,1.2927011365070695,0.9026561212296154,1.2182850675764836
2026-04-13,0.9258421623647249,0.59713668675633,0.7777293437406175,1.1683222972435103,0.8638478436262668,1.2245038927839969
2026-04-14,0.826849553542198,0.5027626556711129,0.7285608141948934,1.1224138913740265,0.8076635139974482,1.1964157339582568
2026-04-15,0.7182197908662378,0.38761484613784586,0.6856738086242229,1.1235417127824718,0.7574933514820391,1.1649447743086776
2026-04-16,0.6710722481161463,0.32460246289891637,0.6484418226730665,1.0610800414075976,0.7110545867909865,1.151323846317883
2026-04-17,0.6866583229398587,0.3309278327357065,0.6162773385143132,0.966891910489024,0.6676244917371649,1.1516740280573858
2026-04-20,0.5978085670553005,0.22554016803525875,0.58862995162388,1.00083380769392,0.6304726425765688,1.1438400403247608
2026-04-21,0.7029670053793474,0.30154905281911165,0.5764255872160566,0.919960863996754,0.6426217849485163,1.1286164636856637
2026-04-22,0.8800327409093135,0.4661119086532868,0.6694928477146485,0.8981813340325576,0.7461967164975146,1.055231971218808
2026-04-23,0.7858033146971554,0.3739471552868724,0.6344441963874922,0.911045693786484,0.7013529130454892,1.0660240504184726
2026-04-24,0.8884407619613447,0.4793033349191692,0.6437261255672178,0.8579247313709821,0.7430948362679488,1.0362210913006826
2026-04-27,0.8117455253196394,0.41279172989713064,0.6122157061985074,0.8405478026745348,0.6979700780198741,1.0173547394206153
2026-04-28,0.8040510303523987,0.4266720033677577,0.5851474378899099,0.7747382409847838,0.6555626188925145,1.0210931899171796
2026-04-29,0.8946013755386568,0.5592940440072947,0.6283577815714526,0.7568504654247858,0.7220364818179319,0.9750170599044452
2026-04-30,0.8991301081355386,0.590534838084673,0.5995935699493764,0.703489767975662,0.6916625764982027,0.9283571213070227
2026-05-01,0.7712525162694381,0.49752941228552283,0.5747843802356122,0.7590306102676548,0.6255515337821697,0.9204233689453886
2026-05-04,0.7475435401268372,0.4918435220364541,0.553538988492034,0.708959954818479,0.5901039970341022,0.8516432503005029
2026-05-05,0.8403836868450384,0.5748424790221295,0.574256600420017,0.6885187147767389,0.6383272480774428,0.8526322758942719
2026-05-06,0.7530375643393457,0.5010891794794434,0.5530886294944358,0.7108702636961395,0.6030792585491768,0.8295813764293497
2026-05-07,0.6321026767869611,0.37233656048525693,0.5350465425371945,0.8579466858420758,0.5723731041257012,0.6304208663944064
2026-05-08,0.725283395113597,0.45107917752880966,0.5479827351928505,0.8060787576344135,0.610473411503797,0.615006869323178
2026-05-11,0.6601638189001704,0.3772661408213986,0.5307053597611519,0.8063699707324118,0.5777142923714531,0.6195766715500827
2026-05-12,0.6857538068462655,0.375622870850967,0.5160564619896674,0.7472239526956336,0.5462618415825499,0.6201314873696249
2026-05-13,0.751962380220717,0.4257066732652987,0.5109316796757879,0.7014026550467529,0.556898978508761,0.6320115711967629
2026-05-14,0.7163380890591744,0.38228319741635824,0.49936820252667186,0.6848611063561013,0.528040167533431,0.6305773455820198
2026-05-15,0.6575949916119538,0.31592632487488986,0.48965008745838556,0.7058302817171068,0.5021616485468544,0.6678783539047893
2026-05-18,0.9466009664232761,0.5659196268361566,0.8368801921565716,0.854619805129848,0.761712412083891,0.6715970650449214
2026-05-19,0.9285268157318504,0.593861592695373,0.7825570589130276,0.7889256741754612,0.7378501025883432,0.683662715317482
2026-05-20,1.0171161892404001,0.7047853747015926,0.825411397449728,0.7955069719651479,0.8314934005362106,0.6794002683008598
2026-05-21,0.8627150333632724,0.591318203323931,0.7714448884613497,0.833702743322923,0.779059958023951,0.6851304073353031
2026-05-22,0.819262827068024,0.5827385184548849,0.7240340687666743,0.7697220185195378,0.7295245187951502,0.6566674759804771
