Date,F1_logVIX,F2_VIX_TERM,F3_CREDIT,F4_YIELD_CURVE,F5_MOMENTUM,F6_VOL_Z,SPY,VIX
2011-04-01,2.8564701842969358,-4.440000534057617,-0.4720446379480892,3.395999975502491,0.0019338641794210225,-0.21732288944993777,101.76103973388672,17.399999618530273
2011-04-04,2.8622008809294686,-2.6700000762939453,-0.46823638493560593,3.3959999941289425,0.010280662191880043,-0.9842898927530679,101.84513854980469,17.5
2011-04-05,2.847812143477369,-3.589999198913574,-0.4698768626668543,3.421999990940094,0.0180127827661087,-0.6857454751873064,101.82984161376953,17.25
2011-04-06,2.8273135993568546,-4.169999122619629,-0.46447122918322736,3.4950000755488873,0.012448173621152277,-0.6868547840820769,102.15087127685547,16.899999618530273
2011-04-07,2.8396631235763143,-3.5699996948242188,-0.4620134688398131,3.5200000666081905,0.011334857446697308,0.03584176827801863,101.8910140991211,17.110000610351562
2011-04-08,2.8831233761345922,-2.8400001525878906,-0.46145915418135414,3.5349999330937862,0.026557878600857295,-0.2955709515955469,101.53945922851562,17.8700008392334
2011-04-11,2.8088001133999354,-1.6200008392333984,-0.46252947559523444,3.5349999330937862,0.01664055189125437,-0.6836965014126317,101.23374938964844,16.59000015258789
2011-04-12,2.8384935060559893,-1.3999996185302734,-0.4691992224371446,3.4549999982118607,0.015194499805866941,-0.11411249626739178,100.47713470458984,17.09000015258789
2011-04-13,2.8284963586871754,-2.020000457763672,-0.46616165161871503,3.4160000793635845,0.02664175143037425,-0.11467731249992967,100.46949768066406,16.920000076293945
2011-04-14,2.78932294936639,-3.969999313354492,-0.4676977523191032,3.419999897480011,0.04608844353953728,-0.13503695316840153,100.54590606689453,16.270000457763672
2011-04-15,2.729159144392355,-4.890000343322754,-0.47163937953786766,3.350000087171793,0.03658255858418603,-0.01700081654831282,100.91278839111328,15.319999694824219
2011-04-18,2.8308575763821904,-2.2900009155273438,-0.47650516740104365,3.3160000517964363,0.021679678454165862,0.5701407054421096,99.78165435791016,16.959999084472656
2011-04-19,2.761906869073341,-3.270000457763672,-0.4751224526339969,3.3009999468922615,0.012028834130358025,-0.7157910274812403,100.3548583984375,15.829999923706055
2011-04-20,2.7127059923878543,-3.439999580383301,-0.47177548710758416,3.345000095665455,0.029042863233272327,-0.2354870378807453,101.72286987304688,15.069999694824219
2011-04-21,2.687166961621,-5.320000648498535,-0.47030646436148354,3.3550000935792923,0.03128105250572584,-0.5321980972258539,102.24256896972656,14.6899995803833
2011-04-25,2.7581094300024462,-3.4999990463256836,-0.4723924446710252,3.317999914288521,0.020715802593803283,-1.5443469697745165,102.13555908203125,15.770000457763672
2011-04-26,2.748552137084977,-3.1100006103515625,-0.4747669323641699,3.264999933540821,0.026233040843102177,-0.3518752886118007,103.01443481445312,15.619999885559082
2011-04-27,2.731115498884654,-3.2899999618530273,-0.4728449149099512,3.31800002977252,0.035180595970331616,-0.4047138354984953,103.6869888305664,15.350000381469727
2011-04-28,2.6823904464939363,-4.710000038146973,-0.47548558733065277,3.2770000360906124,0.03172277776467933,-0.6728684536676068,104.02328491210938,14.619999885559082
2011-04-29,2.691243082785829,-4.409999847412109,-0.4750155656295562,3.256000004708767,0.027193209696999003,-0.7912905484135054,104.26782989501953,14.75
2011-05-02,2.771963512531802,-3.229999542236328,-0.47785684288928415,3.2560000140219927,0.027009436042695418,-0.6162646295271659,104.10733032226562,15.989999771118164
2011-05-03,2.8154087651077058,-3.40000057220459,-0.47718633730201704,3.230000114068389,0.019191739364608443,-0.4275100734057893,103.73287200927734,16.700000762939453
2011-05-04,2.8379081838935654,-3.0699996948242188,-0.4789628741363147,3.2030000500380993,0.011712580308447594,0.22095351266944363,103.0450210571289,17.079999923706055
2011-05-05,2.901421636002499,-0.9699993133544922,-0.4865280330078232,3.1579999830573797,0.0027729470723886923,0.8614037441764906,102.11260223388672,18.200000762939453
2011-05-06,2.9123506438828892,-1.0200004577636719,-0.4814227259656301,3.1520000649616122,0.004031486146338425,0.7768788064693574,102.56352233886719,18.399999618530273
2011-05-09,2.842581085167748,-2.6400012969970703,-0.4811158436939257,3.1369999600574374,0.010446064105638376,-0.8433868773838826,102.96095275878906,17.15999984741211
2011-05-10,2.7669478327590045,-3.7900009155273438,-0.47488880300906655,3.169999932870269,0.02240263179333393,-0.8396688343416067,103.83988189697266,15.90999984741211
2011-05-11,2.8302678788376356,-2.25,-0.47803035370827474,3.1370000652968884,0.014837255896298161,0.32750212995510064,102.74697875976562,16.950000762939453
2011-05-12,2.774462009456489,-3.3400001525878906,-0.4747043061854434,3.210000019520521,0.027088182806408848,-0.004016381771788901,103.23607635498047,16.030000686645508
2011-05-13,2.8373225189284472,-1.9400005340576172,-0.4818023821511631,3.167000036686659,0.019435621406236704,-0.22020322950508528,102.4412841796875,17.06999969482422
2011-05-16,2.903616972097839,-0.1600017547607422,-0.4827386137663119,3.1289999298751354,0.012313591079464994,-0.46961430014784056,101.79164123535156,18.239999771118164
2011-05-17,2.8650539064395404,-1.1200008392333984,-0.48235868394696624,3.0860000513494015,0.008520965330550221,0.28465756604765713,101.77633666992188,17.549999237060547
2011-05-18,2.7868613533217137,-2.280000686645508,-0.4786481317598194,3.131000004708767,0.028689633629080523,-0.5890724075183656,102.6858139038086,16.229999542236328
2011-05-19,2.742129544250154,-3.25,-0.4807921783192192,3.131000004708767,0.025340366000859454,-0.8320456319347052,102.93038177490234,15.520000457763672
2011-05-20,2.85819287704058,-0.9499988555908203,-0.4808279916181571,3.111999951303005,0.0038239942413400407,0.11606799477521632,102.11260223388672,17.43000030517578
2011-05-23,2.905260395445398,-0.9200000762939453,-0.48496393559132306,3.0890000611543655,-0.012940485142351733,-0.08106556204014677,100.92802429199219,18.270000457763672
2011-05-24,2.8803214049171983,-1.2999992370605469,-0.4878543123429006,3.072999905794859,-0.012726836554491602,-0.3936697516650056,100.84393310546875,17.81999969482422
2011-05-25,2.8373225189284472,-2.0400009155273438,-0.48587202747780145,3.0839999467134476,-0.0179654466214005,-0.31189465468888666,101.18025970458984,17.06999969482422
2011-05-26,2.7781979704876907,-3.570000648498535,-0.49106197057090584,3.0160001069307327,-0.019876209552943735,-0.10165386847976304,101.64643096923828,16.09000015258789
2011-05-27,2.771337911692091,-3.339999198913574,-0.4890965557254974,3.0289998911321163,-0.019287250251559758,-0.7831838034248656,102.03618621826172,15.979999542236328
2011-05-31,2.737608990998456,-2.669999122619629,-0.48629870304203404,3.009999953210354,-0.01127770809100775,-0.07593025197446514,103.0985336303711,15.449999809265137
2011-06-01,2.906901018156694,-0.26000022888183594,-0.4971168861135325,2.9260000810027122,-0.03245454397571369,0.9954743854654396,100.7828140258789,18.299999237060547
2011-06-02,2.895359307842134,-0.3899993896484375,-0.4886800876735772,2.994999971240759,-0.029913638024657175,0.47358522996995883,100.67579650878906,18.09000015258789
2011-06-03,2.8875901574378777,-1.4799995422363281,-0.49480231127819047,2.9669999796897173,-0.033254587458525345,1.038809969734565,99.67465209960938,17.950000762939453
2011-06-06,2.917230033020351,-0.6099987030029297,-0.49550933497917493,2.9720000941306353,-0.03480211657164446,0.17345709206713353,98.6199951171875,18.489999771118164
2011-06-07,2.8942530877156045,-1.0900001525878906,-0.4997117106738278,2.9709999188780785,-0.03982855051755579,-0.11706115453004784,98.55884552001953,18.06999969482422
2011-06-08,2.933324862149553,-0.9300003051757812,-0.5050993525497692,2.926999893039465,-0.047892136078527124,0.46581512887419285,98.14614868164062,18.790000915527344
2011-06-09,2.8775116679270365,-1.1499996185302734,-0.501729662464775,2.9579999074339867,-0.04879061970015877,-0.10777750817730869,98.89508056640625,17.770000457763672
2011-06-10,2.9370433095675357,-1.1900005340576172,-0.5071168617518542,2.93599995598197,-0.052217944209608916,1.178379615663265,97.51941680908203,18.860000610351562
2011-06-13,2.9760396713327606,-0.15999984741210938,-0.5120023894774361,2.950999937951565,-0.0561832603100073,0.6749614708744207,97.59586334228516,19.610000610351562
2011-06-14,2.9047128877014243,-0.9899997711181641,-0.5027655607382846,3.0489999763667583,-0.0358481257689968,-0.06371786870781769,98.83399963378906,18.260000228881836
2011-06-15,3.0596455849835826,0.6500015258789062,-0.5125132142722657,2.928000047802925,-0.04743227945186363,3.3140071768306085,97.0761489868164,21.31999969482422
2011-06-16,3.123685617725267,2.019998550415039,-0.5285502294861228,2.873999919742346,-0.0450799195215418,3.275974167192697,97.29014587402344,22.729999542236328
2011-06-17,3.084200939000168,0.6899986267089844,-0.5179335775629699,2.919000005349517,-0.05099647711862555,1.5928344254968616,97.58048248291016,21.850000381469727
2011-06-20,2.995232137062492,-0.4799995422363281,-0.5111614411095045,2.9480000594630837,-0.04827247525124406,-0.0648501777541551,98.07969665527344,19.989999771118164
2011-06-21,2.9370433095675357,-0.31999969482421875,-0.5042065193121756,2.96499989554286,-0.026684727034911572,0.6687237526835869,99.42378997802734,18.860000610351562
2011-06-22,2.9188512539352938,-2.0799999237060547,-0.5128006503548039,2.9830000307410955,-0.02105983296659765,0.28926142741276906,98.82472229003906,18.520000457763672
2011-06-23,2.959586874378878,-0.8600006103515625,-0.5100571169414808,2.903999920003116,-0.023106118889166066,3.3928483570079075,98.54053497314453,19.290000915527344
2011-06-24,3.0492730585611545,0.5499992370605469,-0.5153911530769568,2.8610000517219305,-0.03811685034093,1.1689311950624366,97.39616394042969,21.100000381469727
2011-06-27,3.0233474146113988,0.48999977111816406,-0.5123759376156322,2.9120000461116433,-0.033842461940393,0.004895964530831377,98.26402282714844,20.559999465942383
2011-06-28,2.9533465610374146,-0.6900005340576172,-0.5013964869113787,3.0200000759214163,-0.024700871132138064,-0.0747342579049664,99.54667663574219,19.170000076293945
2011-06-29,2.8489709186648793,-2.460000991821289,-0.4892652377632933,3.088000040501356,-0.026530772675343605,1.4707701773997428,100.39921569824219,17.270000457763672
2011-06-30,2.804571795802497,-3.7699995040893555,-0.4840166933852767,3.1429999927058816,0.0057036212779698284,1.0175593052282874,101.35928344726562,16.520000457763672
2011-07-01,2.76443052732717,-2.640000343322754,-0.47877297460230533,3.1870000269263983,0.02143383258170076,0.5828803552110191,102.8569564819336,15.869999885559082
2011-07-05,2.776331675264716,-2.260000228881836,-0.48100709026824207,3.125999918207526,0.030606544155754006,-0.167645083398157,102.77251434326172,16.059999465942383
2011-07-06,2.793616098770161,-2.75,-0.4826550703349619,3.090000028721988,0.04243862010014299,-0.637635616784069,102.89537048339844,16.34000015258789
2011-07-07,2.7694588172725547,-2.4800004959106445,-0.47899525885080024,3.1289999298751354,0.053380888780920045,-0.10078254553966601,103.96295928955078,15.949999809265137
2011-07-08,2.7694588172725547,-2.399998664855957,-0.48813688411304723,2.9960000328719616,0.050459510683805796,0.37870228180632665,103.22563171386719,15.949999809265137
2011-07-11,2.911807005426911,0.15999984741210938,-0.5013507490030207,2.9020000556483865,0.024611970705006377,0.40102322472062996,101.35928344726562,18.389999389648438
2011-07-12,2.9892110987999296,0.5699996948242188,-0.5049209384062869,2.8779999930411577,0.03429164466930331,0.7619834151687883,100.92151641845703,19.8700008392334
2011-07-13,2.991222110412223,-0.20000076293945312,-0.49970876505423384,2.8860000325366855,0.036850728044389866,0.5269003235219191,101.25942993164062,19.90999984741211
2011-07-14,3.03495295002749,0.6000003814697266,-0.49406821837493947,2.9390000058338046,0.017317951815177625,0.9565584836302451,100.56050872802734,20.799999237060547
2011-07-15,2.971951780047087,-1.1200008392333984,-0.4966450990853252,2.902999992482364,0.041051767557926756,0.8083434790300098,101.14422607421875,19.530000686645508
2011-07-18,3.042138682785304,0.28999900817871094,-0.49453737366740663,2.903999920003116,0.030614965258104344,0.3249099287182899,100.31474304199219,20.950000762939453
2011-07-19,2.9554309291215706,-0.8099994659423828,-0.4948878595880938,2.8660000320523977,0.04373611795756739,-0.28278534462098365,101.94297790527344,19.209999084472656
2011-07-20,2.9491646457307357,-0.6200008392333984,-0.49167473192859895,2.913000088185072,0.0380303706742856,-0.8951435119846769,101.88153839111328,19.09000015258789
2011-07-21,2.865623557793666,-1.6599998474121094,-0.48533640913053416,2.9749999903142452,0.03819524402538798,1.2911527443005,103.29476165771484,17.559999465942383
2011-07-22,2.8633431116363086,-2.240001678466797,-0.4880729824840451,2.933999987319112,0.04490766977603132,-1.1333862061814006,103.3638687133789,17.520000457763672
2011-07-25,2.9626924391899885,0.1399993896484375,-0.4886574205933221,2.9689999483525753,0.042199312146310355,-0.9783557581200948,102.7878646850586,19.350000381469727
2011-07-26,3.007166628551692,-0.05999946594238281,-0.4909862141562531,2.8859999775886536,0.050137526952485384,-1.0816890484392927,102.40385437011719,20.229999542236328
2011-07-27,3.1346242525005192,1.7199993133544922,-0.4959174898765898,2.910000018775463,0.020578041132354816,1.3487499347759233,100.30705261230469,22.979999542236328
2011-07-28,3.1671613795403326,4.569999694824219,-0.49653516211955884,2.8859999775886536,0.004695734743809408,0.4696678547233357,100.01522064208984,23.739999771118164
2011-07-29,3.228826155721369,7.440000534057617,-0.5044846820268392,2.7150000631809235,-0.010690299898276662,2.416722888320574,99.33163452148438,25.25
2011-08-01,3.1637858521010482,4.470001220703125,-0.5052184242885572,2.665000006556511,-0.02446902873453578,2.6125762572328495,98.90921783447266,23.65999984741211
2011-08-02,3.2104403829784154,4.180000305175781,-0.5259800305951603,2.57400007173419,-0.06501642489437119,2.785771365607772,96.38232421875,24.790000915527344
2011-08-03,3.151880920148567,1.5799999237060547,-0.5261857846454129,2.588999977335334,-0.05879125144043116,2.9428024792976837,96.90457153320312,23.3799991607666
2011-08-04,3.4550540496332864,11.329999923706055,-0.5626456432751418,2.447999944910407,-0.10795943428470949,4.457854563560042,92.36547088623047,31.65999984741211
2011-08-05,3.4657359027997265,7.990001678466797,-0.5512357655321242,2.5480000879615545,-0.11977978876317859,4.883574505433938,92.22718048095703,32.0
2011-08-08,3.871201010907891,29.900001525878906,-0.5852171202653879,2.3239999869838357,-0.18000279684841325,4.408541910925234,86.22105407714844,48.0
2011-08-09,3.5570609186628257,12.310001373291016,-0.5640584882184569,2.1519999224692583,-0.11630658852899142,3.8970676176620414,90.23026275634766,35.060001373291016
2011-08-10,3.7609675695513807,20.079998016357422,-0.5900581298362728,2.122000084258616,-0.1571617384869619,3.117516892887066,86.24407958984375,42.9900016784668
2011-08-11,3.6635616461296463,13.15999984741211,-0.551325236174947,2.325999965891242,-0.11659855073524521,1.7612518901297496,90.11505889892578,39.0
2011-08-12,3.5934692860956243,5.659999847412109,-0.567355789675541,2.231999988667667,-0.10296183869445442,0.5009930778685574,90.72180938720703,36.36000061035156
2011-08-15,3.461665154762266,2.8599987030029297,-0.5530710685851903,2.280000085942447,-0.08780514214858819,0.09601179209459343,92.64197540283203,31.8700008392334
2011-08-16,3.4919516984807277,2.6499996185302734,-0.5630621150372855,2.1939999870955944,-0.08814674161130957,0.3375505632319191,91.85083770751953,32.849998474121094
2011-08-17,3.452524006411602,1.1899986267089844,-0.5548421800635761,2.159999961964786,-0.10357892010067404,-0.07543948291391762,91.91228485107422,31.579999923706055
2011-08-18,3.753496054287916,9.950000762939453,-0.5683977736689719,2.072999944910407,-0.14705176900595124,1.8221170714951425,87.94916534423828,42.66999816894531
2011-08-19,3.762362213151569,9.509998321533203,-0.5759126844450331,2.0610000994056463,-0.17729293760648043,1.1853491614514746,86.5129165649414,43.04999923706055
2011-08-22,3.7480912813873695,6.310001373291016,-0.5710317059266404,2.0830000592395663,-0.17716307801921505,0.10238664695463333,86.58203887939453,42.439998626708984
2011-08-23,3.590990965915811,3.020000457763672,-0.5520889201661664,2.1320000840350986,-0.1391942922758447,0.47674643482030604,89.43150329589844,36.27000045776367
2011-08-24,3.580737337997823,2.6300010681152344,-0.5447403374536038,2.2499999906867743,-0.12146545026833494,-0.12785265737575716,90.69107055664062,35.900001525878906
2011-08-25,3.682861339573413,7.470001220703125,-0.5583336665060084,2.211999883875251,-0.11613811896410184,0.32005004582507124,89.30860900878906,39.7599983215332
2011-08-26,3.5720647038094824,1.9300003051757812,-0.5487204170294568,2.1779999639838934,-0.09879526171826998,0.31591281132414584,90.60660552978516,35.59000015258789
2011-08-29,3.4744478055856653,1.4099998474121094,-0.541876861698996,2.2659999085590243,-0.0636060648000983,-0.5722008262337293,93.21028137207031,32.279998779296875
2011-08-30,3.4931686416436056,2.1999969482421875,-0.5453176455656868,2.1610001185908914,-0.05671095213110052,-0.2122036627784391,93.45606994628906,32.88999938964844
2011-08-31,3.4537898583225464,0.6600017547607422,-0.5355429023922156,2.2029999354854226,-0.026403497783039822,0.2106618452319457,93.87079620361328,31.6200008392334
2011-09-01,3.46009501331895,-0.20999908447265625,-0.5369367839460952,2.135999908670783,-0.04233542733408468,-0.1311132886716682,92.88770294189453,31.81999969482422
2011-09-02,3.5240047569421358,-1.8500003814697266,-0.5477801572915307,1.9810000518336892,-0.020243878400846748,-0.13351006736288612,90.51443481445312,33.91999816894531
2011-09-06,3.6109179126442243,3.8600006103515625,-0.5655285523243053,1.963999972678721,-0.026069476085775884,0.06633357615842365,89.85393524169922,37.0
2011-09-07,3.5079569502323475,-0.5200004577636719,-0.562595340434086,2.0210000136867166,0.06908799578961125,-0.48160087155999975,92.38848876953125,33.380001068115234
2011-09-08,3.5357282657276934,0.7000007629394531,-0.5585932844945626,1.9759999420493841,0.013191253793725273,-0.19713481440137026,91.42839813232422,34.31999969482422
2011-09-09,3.651177598813717,3.779998779296875,-0.5686924119966263,1.909999961964786,0.031815532506470665,0.7296706022662688,89.03209686279297,38.52000045776367
2011-09-12,3.6529931795036057,3.3899993896484375,-0.5712532498027214,1.9249999476596713,-0.0056412178496249845,0.17778272692850178,89.6081314086914,38.59000015258789
2011-09-13,3.6084825129078544,1.5699996948242188,-0.5634703964332439,1.9889999581500888,-0.0032219635016947834,-0.07808334940936151,90.42997741699219,36.90999984741211
2011-09-14,3.543853637963131,0.06999969482421875,-0.5564054455530341,2.0059999180957675,-0.010417609401886274,0.26330235303240773,91.68187713623047,34.599998474121094
2011-09-15,3.4647979415939423,-0.7299995422363281,-0.5462490782407303,2.0800000382587314,0.015268657663828478,0.3150859092987698,93.2640380859375,31.969999313354492
2011-09-16,3.4333418202126196,-0.43000030517578125,-0.5468243756682473,2.0709999753162265,0.02050122854645459,-0.0002996286826201042,93.81604766845703,30.979999542236328
2011-09-19,3.488292074527031,0.7899971008300781,-0.5538198526184115,1.9350000573322177,0.05456986220889593,-0.32719043340134013,92.88190460205078,32.72999954223633
2011-09-20,3.492256131183424,0.8700027465820312,-0.5526502844210885,1.9420000268146396,0.06987058510361771,-0.4977124972141482,92.7738037109375,32.86000061035156
2011-09-21,3.619529367801871,1.5699996948242188,-0.5636146897311103,1.8700000001117587,0.039171125484094495,0.20615807593158222,90.04085540771484,37.31999969482422
2011-09-22,3.722072384568154,4.340000152587891,-0.5792271636735282,1.7100000334903598,-0.026067840902893883,1.6187636385928839,87.13034057617188,41.349998474121094
2011-09-23,3.71965111278069,3.1100006103515625,-0.5703427207833845,1.8029999686405063,-0.03404660545520457,0.10643587388557235,87.65531921386719,41.25
2011-09-26,3.664074346926479,2.1399993896484375,-0.5647323843808697,1.8990000439807773,0.0048161375309341715,-0.2449949314412686,89.7397689819336,39.02000045776367
2011-09-27,3.6299252869921603,1.720001220703125,-0.5603644023240432,2.006000032648444,0.0015087145181110788,0.11329714663056875,90.743408203125,37.709999084472656
2011-09-28,3.7155214296332555,3.2900009155273438,-0.5676239048979352,1.9920000936836004,-0.04745203599960292,-0.07679835391378512,88.89056396484375,41.08000183105469
2011-09-29,3.6594506473517514,1.6100006103515625,-0.5684421948000397,1.9470000173896551,-0.042213246048902336,-0.0012058023330742266,89.59309387207031,38.84000015258789
2011-09-30,3.760269428889451,2.4899978637695312,-0.5935205192800117,1.9140000250190496,-0.07194783509702735,-0.08367815163280616,87.35423278808594,42.959999084472656
2011-10-03,3.8166128374098345,5.259998321533203,-0.607505126636583,1.7649999670684338,-0.0902906087519602,0.4668754429737933,84.86830139160156,45.45000076293945
2011-10-04,3.709172149905565,1.0200004577636719,-0.6018045883680875,1.7760000182315707,-0.04272229858921313,1.1349514654456598,86.72888946533203,40.81999969482422
2011-10-05,3.632573654223682,-0.7299995422363281,-0.5937940864941762,1.8999999715015292,-0.017052383866179688,-0.1928867208221542,88.33470153808594,37.810001373291016
2011-10-06,3.590990965915811,-2.0800018310546875,-0.5743921536624551,1.9809999419376254,-0.02694000178130781,-0.40145284242093054,89.93276977539062,36.27000045776367
2011-10-07,3.5890591399074006,-3.69000244140625,-0.5726526307400835,2.0630000783130527,-0.0232121573512846,0.0013595485551117343,89.3305892944336,36.20000076293945
2011-10-10,3.4971134523552063,-3.490001678466797,-0.5533015338081262,2.0709999753162265,0.03624567469730682,-0.6284452695324175,92.31832122802734,33.02000045776367
2011-10-11,3.492256131183424,-4.05000114440918,-0.567091941829427,2.155000085942447,0.030799654435470135,-0.7946964200966231,92.41097259521484,32.86000061035156
2011-10-12,3.442339332315206,-3.950000762939453,-0.5456117332639633,2.2110000709071755,0.030403424351484364,-0.24707960909341947,93.2215805053711,31.260000228881836
2011-10-13,3.424262679444599,-5.0,-0.5506929370156257,2.1539999106898904,0.014665101039089213,-0.775978210393757,93.03630828857422,30.700000762939453
2011-10-14,3.3407394045201606,-3.8999996185302734,-0.5431000145937652,2.2170001128688455,0.014504940646783347,-0.787707104884406,94.6266860961914,28.239999771118164
2011-10-17,3.508256435676091,0.3500022888183594,-0.5481848561808665,2.1349999718368053,-0.010672150828837629,-0.865799819569572,92.82015228271484,33.38999938964844
2011-10-18,3.4518904790556957,0.22999954223632812,-0.5463325506559099,2.1260000225156546,0.018692277519116132,0.012559987383734237,94.63440704345703,31.559999465942383
2011-10-19,3.539218639684645,0.3100013732910156,-0.5521649845570661,2.1389999203383923,0.00795745077961345,-0.7080482026432187,93.5149917602539,34.439998626708984
2011-10-20,3.549042473828289,2.5,-0.5456007534777342,2.1650000670924783,0.04222409123733732,-0.45466010017840713,93.92415618896484,34.779998779296875
2011-10-21,3.4442568613788036,0.18000221252441406,-0.5368657185723668,2.188000068999827,0.09389138544000573,-0.34346172297051125,95.70748901367188,31.31999969482422
2011-10-24,3.376221403414324,-0.279998779296875,-0.5152778941692934,2.228999967686832,0.1000707757120124,-0.9784804474528979,96.88096618652344,29.260000228881836
2011-10-25,3.4725874156353305,1.2099990844726562,-0.5380757679719044,2.113000021316111,0.05693379292906667,-0.4454174899064787,94.99723815917969,32.220001220703125
2011-10-26,3.396519812551485,-0.6100006103515625,-0.5330984380360003,2.188000068999827,0.055919128299685816,-0.28991209890282993,95.9622573852539,29.860000610351562
2011-10-27,3.2371085571698197,-2.0799999237060547,-0.5183253546716807,2.384999981150031,0.11079115981085615,0.5586220546956996,99.30512237548828,25.459999084472656
2011-10-28,3.1998968862624686,-3.489999771118164,-0.5251684329735637,2.2959999945014715,0.10268556161273665,-0.8039440196905813,99.28195190429688,24.530000686645508
2011-10-31,3.3998631280906957,0.5099983215332031,-0.536802406028875,2.169999952428043,0.10359127103833972,-0.766634809574761,96.88868713378906,29.959999084472656
2011-11-01,3.548754959185248,2.700000762939453,-0.5598027642160417,1.9959999276325107,0.1041773395415602,0.7634900970272579,94.18660736083984,34.77000045776367
2011-11-02,3.488597623209536,0.18000030517578125,-0.5539761052468267,2.0010000420734286,0.09867092176527363,-0.610655933360975,95.72293853759766,32.7400016784668
2011-11-03,3.417726683613366,-2.1200008392333984,-0.5446579899868127,2.0609999848529696,0.09838782889906965,-0.19003861335742211,97.46768188476562,30.5
2011-11-04,3.406516538080475,-2.799999237060547,-0.5476639396393106,2.044999952428043,0.0743410639174287,-0.5529947187397353,96.87325286865234,30.15999984741211
2011-11-07,3.396184852618166,-2.989999771118164,-0.5470606258140501,1.9889999581500888,0.08725648436239225,-1.150596719792676,97.4754409790039,29.850000381469727
2011-11-08,3.3134584506960816,-4.950000762939453,-0.5386164523874915,2.0600000573322177,0.06710677882369569,-0.8855088144322149,98.72610473632812,27.479999542236328
2011-11-09,3.5879535313041777,2.6499977111816406,-0.5574186049156128,1.950000043027103,0.028495486825818248,0.716274701516616,95.08214569091797,36.15999984741211
2011-11-10,3.490733388828877,-1.6199989318847656,-0.5513738224353297,2.050999994389713,0.02913693790386833,-0.776374044146077,95.97772979736328,32.810001373291016
2011-11-11,3.4025298573728757,-3.5699996948242188,-0.5364632314909977,2.050999994389713,0.049773363515742935,-1.3386391727669777,97.78421783447266,30.040000915527344
2011-11-14,3.438171957494525,-1.4900016784667969,-0.543099031183338,2.037999982945621,0.023304506507325164,-1.6972946093370742,96.8578109741211,31.1299991607666
2011-11-15,3.4410588930935155,-0.9500007629394531,-0.5447616811091711,2.0469999220222235,0.04750974553007352,-1.3221136002235945,97.3364486694336,31.219999313354492
2011-11-16,3.511843851660683,-0.2700004577636719,-0.5513699647474438,2.0189999295398593,0.012162352365333274,-0.6212893705588148,95.79241180419922,33.5099983215332
2011-11-17,3.541249088472797,-2.700000762939453,-0.5483274543756821,1.9529999447986484,0.008057635596238942,0.8353350175136991,94.27154541015625,34.5099983215332
2011-11-18,3.4657359027997265,-3.940000534057617,-0.550632247588199,2.0070000840350986,0.0026265901345941802,-0.9081524719927828,94.17118072509766,32.0
2011-11-21,3.493776558318728,-1.4399986267089844,-0.5578803538730337,1.9570000125095248,-0.035385084187807954,-0.6725710169019099,92.38008880615234,32.90999984741211
2011-11-22,3.4647979415939423,-3.210000991821289,-0.5629631121748311,1.9240000108256936,-0.0515070949949215,-0.8603455215881053,92.01724243164062,31.969999313354492
2011-11-23,3.525772102772224,-2.270000457763672,-0.57603496531213,1.863999948836863,-0.054184559160459625,-0.7198105448093187,89.98682403564453,33.97999954223633
2011-11-25,3.540089415942267,-2.5,-0.5720575548651106,1.9620000077411532,-0.06618127461455021,-2.432615675904789,89.81694793701172,34.470001220703125
2011-11-28,3.4697902063713157,-2.059999465942383,-0.5504007192146847,1.947999944910407,-0.07186805042319921,-0.8418255138510348,92.4186782836914,32.130001068115234
2011-11-29,3.4223063249523,-2.809999465942383,-0.5416534131920111,1.9810000518336892,-0.06879825664673098,-0.9908277551568495,92.68119049072266,30.639999389648438
2011-11-30,3.3250359932527256,-3.1499996185302734,-0.5292958980720393,2.05300007853657,-0.004072095697705036,0.7986885740878382,96.49494934082031,27.799999237060547
2011-12-01,3.310907904747825,-3.030000686645508,-0.5272198480495353,2.1020001033321023,0.02405270771747229,-1.2769160136294004,96.4795150756836,27.40999984741211
2011-12-02,3.3149130296989973,-2.0699996948242188,-0.5300314435448537,2.0270000556483865,0.006992220688304907,-0.6436781196479491,96.39459991455078,27.520000457763672
2011-12-05,3.3264738409471057,-1.0599994659423828,-0.5318263257052844,2.038999901153147,-0.0002374397384521873,-0.5706126400726503,97.44454193115234,27.84000015258789
2011-12-06,3.3368365926676593,-1.6599998474121094,-0.5220200920202837,2.087999935261905,0.006197006273365368,-1.207274089078189,97.4754409790039,28.1299991607666
2011-12-07,3.3558512825563858,-0.43000030517578125,-0.5314597072088605,2.0119999600574374,0.0037152938433343942,-0.38175532190375544,97.83826446533203,28.670000076293945
2011-12-08,3.4206731631509744,-0.4699993133544922,-0.5346077668417369,1.9670000029727817,-0.031214443529834778,-0.3147306222176525,95.69202423095703,30.59000015258789
2011-12-09,3.272606115475923,-5.090000152587891,-0.522175755910247,2.047000045888126,0.023194629009397297,-0.7435193924816621,97.31331634521484,26.3799991607666
2011-12-12,3.2453229978551543,-4.180000305175781,-0.5276367193845066,2.0040000630542636,-0.0008852093446680162,-0.6333832488220769,95.89280700683594,25.670000076293945
2011-12-13,3.2351427913270396,-4.540000915527344,-0.5348254346926923,1.9570000125095248,-0.02891537301397119,-0.2023557933794256,94.99723815917969,25.40999984741211
2011-12-14,3.259633852498868,-4.799999237060547,-0.538248449747264,1.8960000229999423,-0.030099256453845594,-0.27749474456354417,93.98590087890625,26.040000915527344
2011-12-15,3.2232661974766046,-5.3899993896484375,-0.5362834736436687,1.9079999877139926,-0.03142081576017937,-0.8209638402156247,94.32560729980469,25.110000610351562
2011-12-16,3.1900647807056135,-6.270000457763672,-0.5371764628408754,1.8489999724552035,-0.01394983586070085,-0.5101935564792935,94.46540069580078,24.290000915527344
2011-12-19,3.215670696980807,-5.579999923706055,-0.5419676098838607,1.8079999638721347,-0.008694525531867957,-1.017190303518009,93.45545196533203,24.920000076293945
2011-12-20,3.1450139466984486,-5.320001602172852,-0.5288626353395984,1.9199999524280429,0.02218190223198935,-0.41073347951370487,96.28341674804688,23.219999313354492
2011-12-21,3.0647918237260727,-4.939998626708984,-0.5217959612345336,1.9620000077411532,0.043319360149055006,-0.8821701207827316,96.46987915039062,21.43000030517578
2011-12-22,3.0521125997789507,-5.560001373291016,-0.5231832706476526,1.9459999753162265,0.056074397538039986,-1.9815845501986085,97.324462890625,21.15999984741211
2011-12-23,3.031581904365504,-7.409999847412109,-0.5155000408335183,2.024999971501529,0.08728799423134594,-2.265439734371793,98.1946029663086,20.729999542236328
2011-12-27,3.0869431466430717,-4.940000534057617,-0.515305740295822,2.0040000630542636,0.08996874992804166,-2.226810929038247,98.27232360839844,21.90999984741211
2011-12-28,3.157851142493167,-4.329999923706055,-0.5218760598271782,1.9029999924823642,0.04820300018310287,-1.6767939394308533,96.98265075683594,23.520000457763672
2011-12-29,3.1201598350871125,-6.829999923706055,-0.5153991315294568,1.8919999552890658,0.05564746577155426,-1.5531101084373444,97.98486328125,22.649999618530273
2011-12-30,3.1527360060615304,-7.5,-0.5190681123813248,1.8660000516101718,0.010394261019185972,-1.8549502340177706,97.503173828125,23.399999618530273
2012-01-03,3.134188986807863,-5.420000076293945,-0.5150400480629981,1.9550000382587314,0.026364804233583686,-0.49128149827013545,99.0570068359375,22.969999313354492
2012-01-04,3.1009927533093453,-5.989999771118164,-0.5175040141820714,1.985000004991889,0.02881269373976654,-1.4559159605739853,99.21238708496094,22.219999313354492
2012-01-05,3.0671222483295058,-6.450000762939453,-0.5175513233424205,1.9830000307410955,0.020638494793829426,-0.7252163102215476,99.47654724121094,21.479999542236328
2012-01-06,3.0267462864029175,-7.079999923706055,-0.5245721600440953,1.9459999660030007,0.017740928849774792,-1.0826792777883716,99.22017669677734,20.6299991607666
2012-01-09,3.047850213332197,-6.510000228881836,-0.5217284372972707,1.9550000382587314,0.016449916785461274,-1.7453784842073827,99.46100616455078,21.06999969482422
2012-01-10,3.029650517569806,-6.200000762939453,-0.5210662237967106,1.9620000030845404,0.047263962163164995,-1.457733542751849,100.32339477539062,20.690000534057617
2012-01-11,3.046900523884235,-6.989999771118164,-0.5218983942147147,1.8890000442042947,0.031005076671957458,-1.4635590742658005,100.3777847290039,21.049999237060547
2012-01-12,3.018960366129206,-7.39000129699707,-0.525525295276673,1.9129999689757824,0.04810614674282283,-1.3110166651840882,100.61859893798828,20.469999313354492
2012-01-13,3.040227506143178,-6.979999542236328,-0.530235140218032,1.8330000452697277,0.0523024161986198,-0.43266869962470333,100.09805297851562,20.90999984741211
2012-01-17,3.1000923232448754,-2.9300003051757812,-0.5312674098682982,1.8300000242888927,0.06687902520688473,-1.084205858372733,100.48654174804688,22.200000762939453
2012-01-18,3.0392705463510703,-3.510000228881836,-0.5264632783988535,1.871999954804778,0.0742665607593716,-0.6324275889437767,101.5975341796875,20.889999389648438
2012-01-19,2.9892110987999296,-6.239999771118164,-0.5247492670695313,1.9320000037550926,0.07804825593247794,-1.1228675758084643,102.13361358642578,19.8700008392334
2012-01-20,2.9058076035886677,-6.69999885559082,-0.5222154634791301,1.9880001172423363,0.09251732890235158,-0.9275764213700504,102.51428985595703,18.280000686645508
2012-01-23,2.9269179616400773,-4.19999885559082,-0.5172725543815491,2.0319999121129513,0.060126112703778836,-1.0210599356602381,102.2501449584961,18.670000076293945
2012-01-24,2.9396908746012023,-3.950000762939453,-0.5183025779797867,2.0289998911321163,0.057051066722307794,-1.3443509569317382,102.13361358642578,18.90999984741211
2012-01-25,2.907447329518881,-4.0,-0.5129745447625322,1.9719999693334103,0.05656401784046107,-0.0030449276081009,102.98819732666016,18.309999465942383
2012-01-26,2.921547358930808,-5.280000686645508,-0.518356479201695,1.8859999924898148,0.04252024732663925,-0.17843635443386532,102.45989990234375,18.56999969482422
2012-01-27,2.9193910773531506,-4.770000457763672,-0.5234514973268378,1.8480000011622906,0.04127399646082973,-0.8522132649607309,102.41328430175781,18.530000686645508
2012-01-30,2.9652730464058945,-3.450000762939453,-0.5253542493643575,1.7920000106096268,0.05106477817098222,-0.6677012689490672,102.06367492675781,19.399999618530273
2012-01-31,2.9673328265043923,-3.6499996185302734,-0.5257485166130486,1.7440000250935555,0.04040368934539525,-0.5004514026492881,102.0248794555664,19.440000534057617
2012-02-01,2.9204697479246318,-4.670000076293945,-0.5278725529135864,1.7909999564290047,0.05405036081802417,-0.34866394035293147,102.91828155517578,18.549999237060547
2012-02-02,2.8892600035838703,-5.2300004959106445,-0.5292705517778233,1.7500000447034836,0.039823881117415284,-1.1980436552032638,103.0814437866211,17.979999542236328
2012-02-03,2.8390784858167852,-4.709999084472656,-0.5249406000109867,1.879000000655651,0.052177867670317374,-0.3786946718964564,104.5265121459961,17.100000381469727
2012-02-06,2.8769487504515148,-3.75,-0.5272951215794753,1.8360000252723694,0.04884994828015148,-1.245571866999696,104.45661926269531,17.760000228881836
2012-02-07,2.87073576176629,-4.029998779296875,-0.523426528935979,1.8859999626874924,0.053955739601501455,-0.7404982651938725,104.72073364257812,17.649999618530273
2012-02-08,2.8992213647707303,-4.350000381469727,-0.5235768658672315,1.9000000208616257,0.05449465250998704,-0.6564493370529937,105.03150177001953,18.15999984741211
2012-02-09,2.924773139566078,-4.780000686645508,-0.5199565322764413,1.9619999304413795,0.04711828953477483,-0.4774508909925837,105.1635971069336,18.6299991607666
2012-02-10,3.03447214590683,-3.6200008392333984,-0.5277248636883524,1.8889999836683273,0.03916095248028776,-0.10220505871693521,104.38665771484375,20.790000915527344
2012-02-13,2.9465420774476376,-3.6700000762939453,-0.5282885063153753,1.895000010728836,0.044180084637746996,-1.037768054406618,105.1635971069336,19.040000915527344
2012-02-14,2.972463693468645,-3.5900001525878906,-0.5290612314433097,1.8140000253915787,0.04811008665086763,-0.10883371472212208,105.03150177001953,19.540000915527344
2012-02-15,3.0511669515702105,-2.8600006103515625,-0.5308965905539536,1.8259999975562096,0.039565535081259706,0.43678189995933936,104.54204559326172,21.139999389648438
2012-02-16,2.955951367816573,-6.049999237060547,-0.5249738738952526,1.898000031709671,0.03958199004768233,0.27554867986691994,105.69961547851562,19.219999313354492
2012-02-17,2.87807426870474,-6.159999847412109,-0.5237543141321396,1.9349999874830246,0.03696227249012545,-0.7540810100040956,105.97933959960938,17.780000686645508
2012-02-21,2.9008720218899873,-4.909999847412109,-0.5183684862087594,1.975000075995922,0.03368143459642397,-0.6667980143988127,106.02592468261719,18.190000534057617
2012-02-22,2.9008720218899873,-5.0,-0.5213814674882956,1.9250001162290573,0.03303257852965407,-0.8336202333384374,105.68413543701172,18.190000534057617
2012-02-23,2.8213788409961493,-5.950000762939453,-0.5191412205556933,1.8989999666810036,0.038573609293132805,-0.541257632310329,106.1502456665039,16.799999237060547
2012-02-24,2.8512843383355686,-6.090000152587891,-0.5168573507169809,1.8869999945163727,0.03243436787526339,-1.1639692300666482,106.38331604003906,17.309999465942383
2012-02-27,2.9008720218899873,-4.930000305175781,-0.5203143184961287,1.8220000490546227,0.039255655384885,-0.3180703247033458,106.56201934814453,18.190000534057617
2012-02-28,2.888147011898142,-5.030000686645508,-0.5215084256242376,1.8340000212192535,0.04262271997156953,-0.6745520100966529,106.8727798461914,17.959999084472656
2012-02-29,2.913979788240374,-4.94999885559082,-0.5211392939767847,1.9019999951124191,0.04210929829362075,0.5238541500818054,106.45327758789062,18.43000030517578
2012-03-01,2.8483916989161067,-5.970000267028809,-0.5170616481318848,1.9669999405741692,0.04765755351129349,-0.3231707003654095,107.0048599243164,17.260000228881836
2012-03-02,2.850128352646461,-6.820000648498535,-0.5215537029023775,1.9259999431669712,0.035885181134322576,-0.8568949448746837,106.6785888671875,17.290000915527344
2012-03-05,2.8931456425107753,-6.010000228881836,-0.525356305250985,1.9450001157820225,0.03021430682200244,-0.3696704319252665,106.2435073852539,18.049999237060547
2012-03-06,3.0383127613015377,-3.799999237060547,-0.5372217550194082,1.8740000054240227,0.0015596022500499829,1.093799489772995,104.68965911865234,20.8700008392334
2012-03-07,2.9481164036094025,-5.349998474121094,-0.5340078685735304,1.8969999998807907,0.009180206029053105,-0.2715133438719637,105.41996765136719,19.06999969482422
2012-03-08,2.8875901574378777,-4.8600006103515625,-0.5264227264621826,1.9389999359846115,0.01655510411503413,-0.8941301469626801,106.46882629394531,17.950000762939453
2012-03-09,2.8396631235763143,-5.919999122619629,-0.5248051434791375,1.9580001085996628,0.017451787150570258,-0.7298185914001525,106.88057708740234,17.110000610351562
2012-03-12,2.7498317570687476,-5.2699995040893555,-0.5228308609739801,1.9559998959302902,0.016267711275532726,-1.1815392302462437,106.88835906982422,15.640000343322754
2012-03-13,2.69462719365756,-3.25,-0.5128262311439674,2.0270001143217087,0.04154839908821542,0.902854300745831,108.81511688232422,14.800000190734863
2012-03-14,2.7285062370776063,-4.030000686645508,-0.5033820567263252,2.19399993121624,0.03306115481158874,-0.08545876378601096,108.69853973388672,15.3100004196167
2012-03-15,2.73566537308291,-6.250000953674316,-0.5046069700186876,2.2059998959302902,0.040090986695972025,0.5101226721384089,109.32786560058594,15.420000076293945
2012-03-16,2.6720775590973527,-6.90000057220459,-0.5097309638473186,2.2180000990629196,0.04614567508406844,0.21482196467133538,109.479248046875,14.470000267028809
2012-03-19,2.710713315985326,-5.320000648498535,-0.5045844493603051,2.3039999455213547,0.03904625839492884,-0.5883164657442738,109.9084243774414,15.039999961853027
2012-03-20,2.7459880355456865,-4.649998664855957,-0.5047423764887029,2.276999980211258,0.03348800676115067,-0.6772916138806225,109.58847045898438,15.579999923706055
2012-03-21,2.7166795353641056,-3.880000114440918,-0.5124802379359548,2.2089999094605446,0.03140997371706811,-0.6320093518406451,109.40904998779297,15.130000114440918
2012-03-22,2.745345966245664,-3.6499996185302734,-0.5083968416597031,2.2050000950694084,0.027409004720315037,-0.18389938339481846,108.62089538574219,15.569999694824219
2012-03-23,2.695977599275783,-4.309999465942383,-0.511277925578355,2.166999988257885,0.026235887210268087,-0.6640288470626532,108.9720458984375,14.819999694824219
2012-03-26,2.6574584310367695,-3.130000114440918,-0.5073949302864237,2.173999957740307,0.03798022402706251,-0.6771537412961458,110.5014877319336,14.260000228881836
2012-03-27,2.7466296928572342,-3.1399993896484375,-0.513348558953131,2.1070000380277634,0.03319003954151634,-0.7164154880293506,110.15816497802734,15.59000015258789
2012-03-28,2.738902681846048,-3.8600006103515625,-0.5147432636362819,2.1210000962018967,0.025306724993219704,0.28491778123198275,109.61189270019531,15.470000267028809
2012-03-29,2.739548838590284,-4.289999961853027,-0.5168392079567139,2.1039999201893806,0.027529604590781156,0.8634151621201681,109.42460632324219,15.479999542236328
2012-03-30,2.740840023925201,-4.410000801086426,-0.5164031164717723,2.1510000824928284,0.026489655873440286,-0.23275241272943487,109.87725830078125,15.5
2012-04-02,2.7498317570687476,-3.6899986267089844,-0.517258914368882,2.1330000795423985,0.03683137156146738,0.34437105939769086,110.68096160888672,15.640000343322754
2012-04-03,2.751109680818858,-4.449999809265137,-0.5085785654904109,2.208999916911125,0.03682033481658226,0.5368912198946718,110.22834014892578,15.65999984741211
2012-04-04,2.79971742211329,-6.530000686645508,-0.5141617947399336,2.173000030219555,0.0415939898787193,0.17710555699147454,109.13594818115234,16.440000534057617
2012-04-05,2.8154087651077058,-5.119999885559082,-0.5182678444211681,2.104999952018261,0.03414161027628568,-0.17262733869379498,109.0813217163086,16.700000762939453
2012-04-09,2.934388614920721,-3.339998245239258,-0.529919063147942,1.9619999378919601,0.012946142695283575,-0.5504428664020031,107.85614776611328,18.809999465942383
2012-04-10,3.0150445546524955,-2.780000686645508,-0.534255389963263,1.90300003439188,-0.007840824092111546,3.3542828064193952,106.04582214355469,20.389999389648438
2012-04-11,2.9967317967523925,-3.779998779296875,-0.5271543409506574,1.943000115454197,0.00014802540982390754,0.364510422577547,106.90418243408203,20.020000457763672
2012-04-12,2.844909428176351,-4.260000228881836,-0.5186723768567549,1.9640000239014626,-0.004736560484710181,0.350277736746961,108.3009262084961,17.200000762939453
2012-04-13,2.972975247406338,-2.9200000762939453,-0.5266471563415761,1.9180000275373459,-0.015624111986886504,0.8778487069836984,107.01342010498047,19.549999237060547
2012-04-16,2.972975247406338,-1.9100017547607422,-0.525090189460707,1.8989999741315842,-0.022053678218284762,0.09888354262884114,106.94317626953125,19.549999237060547
2012-04-17,2.9156061794795076,-2.010000228881836,-0.5220589651962882,1.9340000599622726,-0.00873356137682899,0.09163230768319644,108.52726745605469,18.459999084472656
2012-04-18,2.925309776513262,-2.270000457763672,-0.5222184667344724,1.9169999957084656,-0.016031352830304706,-0.7925115150465771,108.16049194335938,18.639999389648438
2012-04-19,2.910174418435893,-3.1399993896484375,-0.5247893989002836,1.887000024318695,-0.01955776414910102,1.9387328638914416,107.46598815917969,18.360000610351562
2012-04-20,2.858766449103403,-3.6299991607666016,-0.5229807032200915,1.9050000309944153,-0.016250046152237765,-0.10527370714398021,107.64551544189453,17.440000534057617
2012-04-23,2.942858747750533,-2.289999008178711,-0.5252578963109515,1.8629999682307243,-0.017464914436935992,0.9209695335254562,106.74031066894531,18.969999313354492
2012-04-24,2.895911959347455,-2.6399993896484375,-0.5211225617100224,1.880999967455864,-0.016898537330435427,-0.36667335948498747,107.14604949951172,18.100000381469727
2012-04-25,2.822568636401176,-3.3199996948242188,-0.5155669141614787,1.8989999666810036,-0.01723683472422052,0.1443860433719542,108.61311340332031,16.81999969482422
2012-04-26,2.7874773206398227,-3.84999942779541,-0.5165408647933241,1.8739999905228615,-0.007180402518051675,-0.37118583854067233,109.3700180053711,16.239999771118164
2012-04-27,2.7923913308364643,-4.090000152587891,-0.5184399162104754,1.8479999676346779,-0.000569520504206678,-0.5861733852609239,109.54948425292969,16.31999969482422
2012-04-30,2.841998151368816,-2.770000457763672,-0.515864077236198,1.8249999582767487,-0.002570426033775001,-1.166112051369819,109.1436996459961,17.149999618530273
2012-05-01,2.8094027183426014,-3.4999990463256836,-0.5131968313223921,1.8709999695420265,-0.0004978383583923219,-0.23434783419984073,109.82257080078125,16.600000381469727
2012-05-02,2.8261294394501912,-2.780000686645508,-0.51262314291362,1.8420000523328781,-0.010774464791024386,-0.8950887088594778,109.49483489990234,16.8799991607666
2012-05-03,2.865623557793666,-2.559999465942383,-0.5138829286821271,1.8490000218153,-0.014331031314177678,-0.03442715863898712,108.65991973876953,17.559999465942383
2012-05-04,2.9528247645788372,-2.299999237060547,-0.5169790398146064,1.8099999949336052,-0.02066139410259183,1.8655366473607522,106.90418243408203,19.15999984741211
2012-05-07,2.941276115955272,-1.9900016784667969,-0.5170461154215474,1.8019999712705612,-0.019431060916839243,-0.6869003036767263,106.98221588134766,18.940000534057617
2012-05-08,2.947067061523394,-1.7199993133544922,-0.5197492839524082,1.7470000088214874,-0.01215534581021145,2.456145218356003,106.55305480957031,19.049999237060547
2012-05-09,2.9997242910240294,-1.2900009155273438,-0.5215597002198671,1.745000034570694,-0.00117777431858873,2.536555745941916,105.9209976196289,20.079999923706055
2012-05-10,2.9354513386173378,-2.230001449584961,-0.5206053654479441,1.7939999401569366,-0.007178930116197719,0.08914925100437901,106.13947296142578,18.829999923706055
2012-05-11,2.990217062179527,-1.3599987030029297,-0.5210690232549866,1.7509999573230743,-0.023178425408885303,0.1828679265745519,105.81954956054688,19.889999389648438
2012-05-14,3.0851158730624024,-0.4099998474121094,-0.5287310430755284,1.7029999867081642,-0.02234146026955862,0.5411403158826648,104.64909362792969,21.8700008392334
2012-05-15,3.08967785514274,-1.2900009155273438,-0.5323399620698377,1.6869999468326569,-0.027443499664829483,1.9970109302560284,104.04818725585938,21.969999313354492
2012-05-16,3.1032405018244478,-2.510000228881836,-0.5427132906961455,1.6699999868869781,-0.045979466153688496,1.9550446044524423,103.65022277832031,22.270000457763672
2012-05-17,3.1982648616181457,-0.9699993133544922,-0.5491809402809538,1.6120000183582306,-0.05753597809189101,3.072852622013476,102.1130142211914,24.489999771118164
2012-05-18,3.222867861335735,-1.0599994659423828,-0.5452915840708977,1.627000018954277,-0.05968983833321841,4.358086148841664,101.23905181884766,25.100000381469727
2012-05-21,3.091496905937363,-2.779998779296875,-0.5360812252428947,1.6750000156462193,-0.04431673837442319,0.6220091506613492,102.97917938232422,22.010000228881836
2012-05-22,3.1126260046623373,-3.1999988555908203,-0.5335090061678868,1.7079999819397926,-0.034130829325122014,1.1012844420254595,103.15864562988281,22.479999542236328
2012-05-23,3.1059310624354097,-3.3600006103515625,-0.536952552394221,1.6409999579191208,-0.03739554984989727,1.2527859451645602,103.2132568359375,22.329999923706055
2012-05-24,3.069911714231832,-5.560001373291016,-0.5368986075051331,1.6689999401569366,-0.04903112932949486,0.26211386548863186,103.4161376953125,21.540000915527344
2012-05-25,3.0800734325062087,-5.720001220703125,-0.5425765043025206,1.665000006556511,-0.059225691342462264,-0.5657258061355878,103.0805892944336,21.760000228881836
2012-05-29,3.045950022365369,-4.409999847412109,-0.5330964635219695,1.655999943614006,-0.04882623660005602,-0.12179643148471439,104.3290786743164,21.030000686645508
2012-05-30,3.183870190385559,-2.8000011444091797,-0.5384575175862544,1.5600000023841858,-0.05973118483833482,0.137016061991181,102.81529998779297,24.139999389648438
2012-05-31,3.180550688349624,-3.809999465942383,-0.5561458199755388,1.5209999717772007,-0.06813531225938389,0.9976335474413963,102.58900451660156,24.059999465942383
2012-06-01,3.283164309027086,-2.269998550415039,-0.5709959383412319,1.4020000100135803,-0.09064585384123562,2.3389092612698,100.00613403320312,26.65999984741211
2012-06-04,3.2627013365381456,-3.450000762939453,-0.5625702416591033,1.4619999527931213,-0.08345977489610876,1.0343853395952953,99.95931243896484,26.1200008392334
2012-06-05,3.205993211402494,-3.700000762939453,-0.5540848047283605,1.4759999960660934,-0.05962603638154745,0.09289357569734467,100.71622467041016,24.68000030517578
2012-06-06,3.098288854993348,-5.399999618530273,-0.5405305328880731,1.571000024676323,-0.03813578805464018,0.5802612417172204,102.97917938232422,22.15999984741211
2012-06-07,3.078233463452221,-4.849998474121094,-0.5388591152237463,1.574000045657158,-0.03351050434102627,0.571806596019403,103.04157257080078,21.719999313354492
2012-06-08,3.055415254153051,-3.789999008178711,-0.5387160781554583,1.5569999665021896,-0.019640557659656863,-0.4734866061061594,103.86094665527344,21.229999542236328
2012-06-11,3.159550336115405,0.8899993896484375,-0.545105408802693,1.5250000208616257,-0.034479757258816225,0.1608779635607981,102.54218292236328,23.559999465942383
2012-06-12,3.095125024339581,-0.720001220703125,-0.5351698425765421,1.5710000097751617,-0.02003596848107831,0.4777644251515511,103.72045135498047,22.09000015258789
2012-06-13,3.1892410385998065,-0.3099994659423828,-0.5417154675121095,1.5089999735355377,-0.015328785610962329,0.2150463791505462,103.05718231201172,24.270000457763672
2012-06-14,3.076390190647819,0.2199993133544922,-0.5330817562747538,1.5159999430179596,0.0009748283490056926,1.6661382372644125,104.14966583251953,21.68000030517578
2012-06-15,3.0497468907731404,0.6499996185302734,-0.535402834243598,1.5020000115036964,0.014982329910495463,0.10654496924158188,105.21483612060547,21.110000610351562
2012-06-18,2.9079933425879174,-2.9599990844726562,-0.5346388322017088,1.508999988436699,0.03186030258996496,-0.8654428491299415,105.41874694824219,18.31999969482422
2012-06-19,2.9112630712673986,-2.3899993896484375,-0.5266682495999209,1.530000001192093,0.05008206165766713,-0.7226912500700562,106.43842315673828,18.3799991607666
2012-06-20,2.8472322519593383,-3.3999996185302734,-0.5232121986811366,1.561999961733818,0.0314175427785681,1.014046326287218,106.2658920288086,17.239999771118164
2012-06-21,2.9997242910240294,-2.239999771118164,-0.5329819699984432,1.5430000275373459,0.006981454702524472,0.9532949966265669,103.88136291503906,20.079999923706055
2012-06-22,2.896464305597782,-3.5699996948242188,-0.5254228482113604,1.5970000475645065,0.014124625745092182,-0.9814239797977293,104.68144989013672,18.110000610351562
2012-06-25,3.014553986615314,-2.6300010681152344,-0.529541524718844,1.533000037074089,-0.004003811266858997,-0.5774520964491539,103.0029067993164,20.3799991607666
2012-06-26,2.981633314354737,-3.729999542236328,-0.5320109175368503,1.5330000221729279,0.004259075756916038,-0.7160580637399959,103.52055358886719,19.719999313354492
2012-06-27,2.9678471092901333,-5.239999771118164,-0.5273851809234898,1.5410000532865524,0.0011963921693112563,-1.550672066186441,104.45397186279297,19.450000762939453
2012-06-28,2.9811260747147372,-4.1100006103515625,-0.5290268181207949,1.502000018954277,0.012954851261340708,0.022206269322109385,104.15592193603516,19.709999084472656
2012-06-29,2.8379081838935654,-5.309999465942383,-0.5193072110702224,1.5790000408887863,0.039779047832206565,1.093931384682094,106.75215148925781,17.079999923706055
2012-07-02,2.8213788409961493,-4.680001258850098,-0.5235208391505843,1.510000042617321,0.06828607127117894,-1.0118987380657083,107.07372283935547,16.799999237060547
2012-07-03,2.8130106275797595,-4.6399993896484375,-0.5207447868992804,1.5560000389814377,0.07532611291148206,-2.147663890934276,107.77970123291016,16.65999984741211
2012-07-05,2.8622008809294686,-4.330000877380371,-0.523176284710755,1.5219999998807907,0.06325983948464686,-1.0121525092816896,107.2933578491211,17.5
2012-07-06,2.8390784858167852,-5.030000686645508,-0.5270268879372209,1.4740000292658806,0.03149127386181336,-0.40928594026444953,106.27372741699219,17.100000381469727
2012-07-09,2.8892600035838703,-3.240001678466797,-0.5273730681715089,1.4430000111460686,0.0296299697964568,-1.5405203139137538,106.14037322998047,17.979999542236328
2012-07-10,2.9295924343696638,-2.770000457763672,-0.5315190823060609,1.4080000221729279,0.012951365023531338,0.03444396996142706,105.21483612060547,18.719999313354492
2012-07-11,2.8875901574378777,-2.989999771118164,-0.5300125283598204,1.4080000221729279,0.025879065656664337,-0.6053235447786974,105.23051452636719,17.950000762939453
2012-07-12,2.908539057689369,-2.6800003051757812,-0.5372511877576666,1.3839999735355377,0.009596867891365601,-0.5545255970718869,104.72063446044922,18.329999923706055
2012-07-13,2.817801051388579,-4.689999580383301,-0.5345088422821337,1.4089999496936798,0.032651206267788835,-0.876497241938055,106.4776611328125,16.739999771118164
2012-07-16,2.8396631235763143,-3.0799999237060547,-0.5411172909601486,1.37899998575449,0.019746169739795413,-1.609403690325248,106.2266616821289,17.110000610351562
2012-07-17,2.8021474967044036,-3.2899999618530273,-0.5363902730805583,1.4060000479221344,0.01641401345045466,-0.6145025026769355,106.95608520507812,16.479999542236328
2012-07-18,2.782539043650629,-3.940000534057617,-0.5377272083208601,1.3939999714493752,0.02185766636918146,-1.2152470905765012,107.74832153320312,16.15999984741211
2012-07-19,2.737608990998456,-4.290000915527344,-0.5369597172786602,1.4349999874830246,0.014848679458695564,-0.7966120719818593,108.03068542480469,15.449999809265137
2012-07-20,2.78932294936639,-4.029999732971191,-0.5424022485459278,1.375000037252903,0.007280331626447952,-0.48548021149166043,107.04236602783203,16.270000457763672
2012-07-23,2.924236316920531,-2.1599998474121094,-0.5408098452744027,1.3449999392032623,0.01981157294331478,-0.4200157819066707,105.9599380493164,18.6200008392334
2012-07-24,3.018960366129206,-1.1000003814697266,-0.5485476880615511,1.3090000450611115,0.0035153269755311568,0.2353287542176786,105.05008697509766,20.469999313354492
2012-07-25,2.9621754979149046,-2.5699996948242188,-0.5525521734431857,1.311000019311905,0.019904145561149143,-0.8066907314827301,105.0736312866211,19.34000015258789
2012-07-26,2.8639137381028803,-2.440000534057617,-0.543895434089449,1.327999971807003,0.03125406737813888,-0.16418420144640997,106.80708312988281,17.530000686645508
2012-07-27,2.8154087651077058,-3.3600006103515625,-0.5332785773612985,1.4549999460577965,0.040542814328033513,1.675431905507308,108.77584838867188,16.700000762939453
2012-07-30,2.8920370752987252,-1.269998550415039,-0.535851313403941,1.4139999449253082,0.04340030228446987,-1.3550271299150867,108.77584838867188,18.030000686645508
2012-07-31,2.9407479813425086,-0.9200000762939453,-0.5433723246659358,1.3919999822974205,0.011760435612025137,-1.0213566935597027,108.0150146484375,18.93000030517578
2012-08-01,2.9423314485395675,0.12000083923339844,-0.5368421287886395,1.4490000307559967,0.007880799798568537,-0.6206462435469638,107.92088317871094,18.959999084472656
2012-08-02,2.866192884829866,-3.5900001525878906,-0.5415474304394136,1.3930000439286232,-0.005619394484686809,0.7824870792891212,107.17574310302734,17.56999969482422
2012-08-03,2.7498317570687476,-4.4800004959106445,-0.5349939439446657,1.502000018954277,0.018542102737495975,-0.1732923072203142,109.30136108398438,15.640000343322754
2012-08-06,2.7694588172725547,-3.8899993896484375,-0.5369731591421402,1.4829999655485153,0.03002642238811034,-1.7856624954690505,109.51313781738281,15.949999809265137
2012-08-07,2.771963512531802,-4.129999160766602,-0.5337060331815442,1.5280000194907188,0.03628305039695669,-1.215981163395244,110.06218719482422,15.989999771118164
2012-08-08,2.729159144392355,-5.059999465942383,-0.5302148840727542,1.5349999889731407,0.046251979977669486,-1.607463679402748,110.19552612304688,15.319999694824219
2012-08-09,2.7265447662626667,-5.229999542236328,-0.5294382628438572,1.5779999643564224,0.04695690459965477,-1.5433538843182226,110.28966522216797,15.279999732971191
2012-08-10,2.6905648712332506,-5.689999580383301,-0.5331494384420965,1.554000049829483,0.05344830515533589,-1.2960769875009028,110.47005462646484,14.739999771118164
2012-08-13,2.6173958189118265,-4.920000076293945,-0.53051731265117,1.5590000450611115,0.0363120376972981,-1.6724301575683214,110.4151382446289,13.699999809265137
2012-08-14,2.6979998909369054,-5.489999771118164,-0.5244692954495982,1.6209999546408653,0.03881437864740842,-1.1448973708622059,110.43084716796875,14.850000381469727
2012-08-15,2.6830742228543785,-6.4900007247924805,-0.5245729730345169,1.724999949336052,0.03310715857544944,-1.738875570132509,110.55636596679688,14.630000114440918
2012-08-16,2.6595599892722888,-6.19999885559082,-0.517897749744221,1.7609999626874924,0.03307836078307102,-0.8570664627780649,111.37206268310547,14.289999961853027
2012-08-17,2.598979091866817,-6.850000381469727,-0.5192495900838447,1.7359999865293503,0.03179838881993944,-1.3732220518129745,111.52108764648438,13.449999809265137
2012-08-20,2.640484914257205,-6.350000381469727,-0.5208302370843809,1.7290000095963478,0.04105973524509988,-1.607942508941465,111.52897644042969,14.020000457763672
2012-08-21,2.7093826768129303,-5.589999198913574,-0.520333297562964,1.699999950826168,0.048194212839453215,-0.9345085515557732,111.191650390625,15.020000457763672
2012-08-22,2.715356753563089,-6.270000457763672,-0.5270116316321789,1.6189999803900719,0.05724150692909948,-0.25717068275121296,111.2387466430664,15.109999656677246
2012-08-23,2.770085594411824,-6.420000076293945,-0.5279822369948406,1.5710000097751617,0.04880444057313485,-0.7579112647789393,110.32888793945312,15.960000038146973
2012-08-24,2.71997879207129,-6.1399993896484375,-0.5246066434088044,1.5879999697208405,0.03846608944515859,-1.023195634895588,110.99557495117188,15.180000305175781
2012-08-27,2.794227920674744,-5.029999732971191,-0.5266168379104845,1.554000049829483,0.02041337891689338,-1.6823009923401193,111.01914978027344,16.350000381469727
2012-08-28,2.8027541226914687,-4.609999656677246,-0.5289014958230576,1.5299999937415123,0.019423369174173737,-1.4662519302548789,110.90929412841797,16.489999771118164
2012-08-29,2.8367365107588656,-5.169999122619629,-0.5254080629793669,1.5590000450611115,0.02722009322915817,-1.6394268363050841,110.99557495117188,17.059999465942383
2012-08-30,2.880882427596084,-4.049999237060547,-0.5261761033608594,1.530000001192093,0.020857902591579495,-0.9233821475521832,110.19552612304688,17.829999923706055
2012-08-31,2.8604850848416996,-4.89000129699707,-0.5304653229619212,1.4770000353455544,0.03254434164706021,0.42861908546880584,110.72108459472656,17.469999313354492
2012-09-04,2.8892600035838703,-3.25,-0.5281176274463787,1.4909999668598175,0.011983805193604046,-0.33004746882325187,110.61908721923828,17.979999542236328
2012-09-05,2.8758219639794134,-2.0900001525878906,-0.5284252046595574,1.4939999803900719,0.009196817218954094,-0.7825822723909558,110.52495574951172,17.739999771118164
2012-09-06,2.7472709387086787,-3.6400012969970703,-0.5181430175022668,1.5729999765753746,0.024289617575984995,0.6559226995605141,112.7682876586914,15.600000381469727
2012-09-07,2.66583836025124,-4.340000152587891,-0.5184997987666187,1.5610000118613243,0.026965888059116372,-0.5995796128845244,113.20747375488281,14.380000114440918
2012-09-10,2.7899374027516357,-1.3599987030029297,-0.5200380844047321,1.5879999697208405,0.020414461592926654,-1.0820365089225865,112.5643081665039,16.280000686645508
2012-09-11,2.79789089580353,-1.3500003814697266,-0.5140755037767326,1.5950000509619713,0.02156369778967705,-0.9937731374700296,112.87806701660156,16.40999984741211
2012-09-12,2.7600099521047476,-1.6500005722045898,-0.5090677203759993,1.6699999868869781,0.02539060113075522,-0.989901585511512,113.2545394897461,15.800000190734863
2012-09-13,2.64262240935519,-1.9900007247924805,-0.5079876656190644,1.6610000431537628,0.04037051338215667,2.471050435388592,114.98020935058594,14.050000190734863
2012-09-14,2.674838082670172,-2.7799997329711914,-0.5020959152746939,1.7750000059604645,0.0436581732370757,1.0710042573989198,115.4899673461914,14.510000228881836
2012-09-17,2.6803363729930827,-3.029998779296875,-0.5063670367425138,1.748000055551529,0.03290623029265919,-0.1894620183406847,115.09786224365234,14.59000015258789
2012-09-18,2.6518325426255456,-3.189999580383301,-0.5090170193250015,1.712000034749508,0.03075053775509366,-0.7015954706758917,115.00369262695312,14.180000305175781
2012-09-19,2.630448963323681,-3.4200000762939453,-0.5119549395583437,1.6769999489188194,0.031225237047760434,0.08314663307337915,115.06643676757812,13.880000114440918
2012-09-20,2.6440448494364763,-3.859999656677246,-0.5158316650751161,1.671999953687191,0.03432260474530202,0.7943336836519025,115.07428741455078,14.069999694824219
2012-09-21,2.6376277040614813,-3.570000648498535,-0.5190493414313155,1.6599999889731407,0.03348122693876896,-0.40636792152958273,115.02620697021484,13.979999542236328
2012-09-24,2.649714597130255,-3.3600006103515625,-0.521828131723393,1.623000055551529,0.040184569766751166,-0.7323965251277895,114.85269165039062,14.149999618530273
2012-09-25,2.73631368615315,-2.8000001907348633,-0.532771090321362,1.577000044286251,0.023461426510070646,0.2709221422458097,113.63047790527344,15.430000305175781
2012-09-26,2.8219739156502905,-2.059999465942383,-0.5405738083406056,1.518000029027462,0.01761192088448743,0.609653536117909,112.99172973632812,16.809999465942383
2012-09-27,2.697326248021437,-3.0199995040893555,-0.5292390393780632,1.5549999848008156,0.027979130792133176,-0.2935023679132979,114.05625915527344,14.84000015258789
2012-09-28,2.755569687968872,-2.3700008392333984,-0.5362139898441397,1.5469999611377716,0.022558695824652183,0.8164143844972297,113.52794647216797,15.729999542236328
2012-10-01,2.7923913308364643,-2.2899999618530273,-0.5405692892943915,1.5450000017881393,0.03242884644640408,0.39635481543073714,113.8276138305664,16.31999969482422
2012-10-02,2.7542974546957266,-3.179999351501465,-0.5383923444696032,1.5250000059604645,0.028709955068349342,-0.25459648717319466,113.94595336914062,15.710000038146973
2012-10-03,2.73631368615315,-3.4700002670288086,-0.5365487901825144,1.5380000248551369,0.03370540255132409,-0.028564452555527572,114.41109466552734,15.430000305175781
2012-10-04,2.6775910067264266,-3.6299991607666016,-0.5315031411867662,1.5699999630451202,0.04169954679746808,0.0702112907100388,115.23123931884766,14.550000190734863
2012-10-05,2.662355236516009,-4.700000762939453,-0.530481982668891,1.6319999918341637,0.02167398397491969,0.07599238349375848,115.23910522460938,14.329999923706055
2012-10-08,2.715356753563089,-3.190000534057617,-0.5345180629087625,1.651000052690506,0.014359490375454186,-1.2179046830200118,114.84480285644531,15.109999656677246
2012-10-09,2.7954504426495905,-2.030000686645508,-0.5384044196436416,1.6250000298023224,0.01012054742980618,0.8027935769747196,113.70930480957031,16.3700008392334
2012-10-10,2.7905514788157535,-2.1999988555908203,-0.5425982559133427,1.5959999859333038,0.0009366923381884425,0.10555892566770478,112.98384857177734,16.290000915527344
2012-10-11,2.7466296928572342,-3.09999942779541,-0.5404370902153156,1.579999953508377,-0.001835224159797118,0.08976914587568036,113.04688262939453,15.59000015258789
2012-10-12,2.78130062502572,-2.25,-0.5398468838951951,1.5629999861121178,-0.02024118524130694,0.09463100197956578,112.67626953125,16.139999389648438
2012-10-15,2.725890149208515,-2.7900009155273438,-0.5384083891493299,1.5679999887943268,-0.016371097025579512,-0.36809959426066713,113.61466217041016,15.270000457763672
2012-10-16,2.722610369978139,-3.3999996185302734,-0.5341067084104886,1.6200000271201134,-0.0028877457642752305,-0.33324028810545525,114.7659683227539,15.220000267028809
2012-10-17,2.7127059923878543,-3.390000343322754,-0.529905731084206,1.705999992787838,0.0024550957729972743,0.24607889610929284,115.28638458251953,15.069999694824219
2012-10-18,2.7100481859984953,-2.9300003051757812,-0.5285661853675585,1.7309999763965607,-0.0006924561296665516,0.7996547909516211,114.98678588867188,15.029999732971191
2012-10-19,2.8367365107588656,-0.48000144958496094,-0.5354027207733061,1.6780000030994415,-0.017565473571051253,1.8209869811383754,113.07060241699219,17.059999465942383
2012-10-22,2.810606839922692,-1.0900001525878906,-0.5328229675131563,1.707999974489212,-0.017008644774999943,0.1517409611624557,113.08631134033203,16.6200008392334
2012-10-23,2.9354513386173378,1.1599998474121094,-0.5383069310920917,1.6640000566840172,-0.029472240130317365,1.9665882115074618,111.51712036132812,18.829999923706055
2012-10-24,2.908539057689369,-0.3299999237060547,-0.5364772785863903,1.6699999794363976,-0.021605764469133704,-0.014959233552294896,111.20173645019531,18.329999923706055
2012-10-25,2.8970163469301413,-0.8400001525878906,-0.5319943461664691,1.7179999500513077,-0.013065833163594841,0.4725492124008835,111.5250015258789,18.1200008392334
2012-10-26,2.8797600673151793,-2.220001220703125,-0.5392756541660727,1.6450000032782555,-0.023008462699865985,0.8056736457999979,111.46195983886719,17.809999465942383
2012-10-31,2.9231616012282804,-0.15999984741210938,-0.5411807955478719,1.580999992787838,-0.018365665712657936,-0.4890329273523692,111.46195983886719,18.600000381469727
2012-11-01,2.814809769672402,-0.37999916076660156,-0.5373215458258159,1.6250000298023224,-0.01058579718611676,-0.5457508452585478,112.62901306152344,16.690000534057617
2012-11-02,2.8673305674241623,-0.03999900817871094,-0.536765976745528,1.6359999477863312,-0.020556580449453268,0.6369604469457611,111.62752532958984,17.59000015258789
2012-11-05,2.9134370349690686,1.480001449584961,-0.5388806184516743,1.5940000116825104,-0.02258358629174795,-0.6018982504236315,111.85623931884766,18.420000076293945
2012-11-06,2.866761887917216,1.0599994659423828,-0.5325288974827954,1.6419999822974205,-0.02193180938288962,-0.33294558709971483,112.73152160644531,17.579999923706055
2012-11-07,2.948640662021506,0.060001373291015625,-0.5405502197685174,1.5419999659061432,-0.044924842328823995,4.045859750087929,110.17657470703125,19.079999923706055
2012-11-08,2.917230033020351,-1.6499996185302734,-0.5428378179800474,1.5469999685883522,-0.05359422137696101,1.6597035433992005,108.85181427001953,18.489999771118164
2012-11-09,2.9236991034511264,-1.5699996948242188,-0.5421219581321635,1.523000031709671,-0.042788763408820284,2.0831785710844204,108.94644927978516,18.610000610351562
2012-11-12,2.8142104152265106,-2.8799991607666016,-0.5419577789563088,1.5239999443292618,-0.03559270372703555,-0.671822342516512,109.03317260742188,16.68000030517578
2012-11-13,2.812410193515358,-2.719999313354492,-0.5446680527233908,1.50399998575449,-0.03962750747861188,-0.015179381483701402,108.65471649169922,16.649999618530273
2012-11-14,2.885917411804259,-1.2000007629394531,-0.5522197419635074,1.4939999878406525,-0.04993485649836643,1.75111663037832,107.1879653930664,17.920000076293945
2012-11-15,2.8898160352397158,-0.8600006103515625,-0.5506889458539291,1.5139999836683273,-0.05992205691895012,1.3561986759274456,107.00659942626953,17.989999771118164
2012-11-16,2.79789089580353,-1.8700008392333984,-0.5481551270741596,1.498999997973442,-0.06507922526021877,2.738657630498776,107.5349349975586,16.40999984741211
2012-11-19,2.723923535240007,-2.020000457763672,-0.5387046931836332,1.5359999388456345,-0.04956630354977998,0.5419600622059451,109.71137237548828,15.239999771118164
2012-11-20,2.7133693575205298,-2.0400009155273438,-0.5354795701792153,1.5710000172257423,-0.04653305827062471,-0.26513827434347687,109.75868225097656,15.079999923706055
2012-11-21,2.7285062370776063,-2.25,-0.536543702757456,1.5970000326633453,-0.027862257182516753,-1.2038014513652853,109.96368408203125,15.3100004196167
2012-11-23,2.7173402706858383,-2.3299999237060547,-0.5335915230420185,1.6029999554157257,-0.014467978998613105,-1.5521423252335576,111.46195983886719,15.140000343322754
2012-11-26,2.740840023925201,-1.2999992370605469,-0.535017117652243,1.5740000307559967,-0.0026194636812132484,-0.6971269433588144,111.22538757324219,15.5
2012-11-27,2.7675761852085703,-1.5,-0.5346169765161353,1.5499999821186066,-0.004904968648443414,-0.01280010029229114,110.65763092041016,15.920000076293945
2012-11-28,2.7414849919454967,-1.4800004959106445,-0.5342366851482472,1.5249999836087227,0.0002121844499606656,1.1400495348831217,111.54866790771484,15.510000228881836
2012-11-29,2.7120422502347417,-1.619999885559082,-0.5305507378216905,1.540000006556511,0.005432683357700161,0.47531046158762974,112.06914520263672,15.0600004196167
2012-11-30,2.76443052732717,-1.4600000381469727,-0.5289638327322417,1.530999943614006,0.005643497354066006,0.08588288697450386,112.0927734375,15.869999885559082
2012-12-03,2.8118093987132804,-0.7199993133544922,-0.5250175691055893,1.5510000213980675,-0.009708954561810845,-0.2320874317911207,111.5407943725586,16.639999389648438
2012-12-04,2.8402474197342373,-1.0,-0.5259197700759084,1.5180000364780426,-0.0021923726395773635,-0.1487036161295919,111.38306427001953,17.1200008392334
2012-12-05,2.8009331396275767,-1.8500003814697266,-0.5263560168428301,1.5009999573230743,-0.0024707843155876517,0.35112536631091834,111.58020782470703,16.459999084472656
2012-12-06,2.8081971451055843,-1.890000343322754,-0.5243688849931288,1.4909999668598175,-0.006878936681268677,-0.7887099693278288,111.95870971679688,16.579999923706055
2012-12-07,2.766319085234379,-2.0400009155273438,-0.5234954770560077,1.5469999760389328,0.01907029104438197,-0.6261590889476808,112.29783630371094,15.899999618530273
2012-12-10,2.7757088020408553,-2.190000534057617,-0.5235386979755551,1.5410000532865524,0.031587864490568524,-0.8758129113022641,112.3450927734375,16.049999237060547
2012-12-11,2.745345966245664,-1.7899999618530273,-0.5188805195915094,1.574000045657158,0.037504533797644894,0.4867559902042202,113.11002349853516,15.569999694824219
2012-12-12,2.7694588172725547,-2.1700000762939453,-0.5128385085458813,1.6370000280439854,0.03719631761581345,0.29212291466114243,113.16517639160156,15.949999809265137
2012-12-13,2.806990116707257,-2.1099987030029297,-0.5148002971756653,1.6760000437498093,0.03452274292240383,0.004650967720153781,112.47127532958984,16.559999465942383
2012-12-14,2.833213344056216,-1.5400009155273438,-0.5162939155629221,1.6829999443143606,0.044390866633558616,0.09951212359644064,112.0533218383789,17.0
2012-12-17,2.793616098770161,-0.9300003051757812,-0.509215021992951,1.741000011563301,0.05776840700185516,0.26835158145950055,113.3702392578125,16.34000015258789
2012-12-18,2.745345966245664,-0.5900001525878906,-0.5061943525666409,1.7720000222325325,0.06391039370780192,1.2033083864698786,114.63190460205078,15.569999694824219
2012-12-19,2.854168744390704,0.6099987030029297,-0.5111575072450879,1.7549999505281448,0.03641593150011804,0.43309719063475666,113.7802505493164,17.360000610351562
2012-12-20,2.8718682906493154,0.9000015258789062,-0.5086288664537266,1.7499999515712261,0.04172092993627541,0.9038121041385542,114.43478393554688,17.670000076293945
2012-12-21,2.881443135704996,-0.6700000762939453,-0.5132416283410695,1.7039999477565289,0.03073645452896364,2.8255452529527525,113.39605712890625,17.84000015258789
2012-12-24,2.881443135704996,1.25,-0.5162195848762237,1.724000047892332,0.014117030738016316,-2.0919696370592327,113.046630859375,17.84000015258789
2012-12-26,2.969388274715227,1.5499992370605469,-0.5152200508066819,1.7030000165104866,0.012017603001740693,-0.7593026699246985,112.57011413574219,19.479999542236328
2012-12-27,2.968874784117261,1.760000228881836,-0.5163990622328518,1.6450000330805779,0.01579402614774805,0.7691930428169542,112.41923522949219,19.469999313354492
2012-12-28,3.123245563630877,5.05000114440918,-0.5213071291090186,1.700999965891242,-0.0030926157415965805,0.2858202240007229,111.2042236328125,22.719999313354492
2012-12-31,2.891482277583281,1.5400009155273438,-0.511737018097184,1.7210000418126583,0.009105861786516772,2.502883067402333,113.09429168701172,18.020000457763672
2013-01-02,2.6864860439749103,-3.7500009536743164,-0.5046646649880857,1.7839999869465828,0.034201765211004403,1.2282320563044933,115.99285888671875,14.680000305175781
2013-01-03,2.678278071588368,-3.439999580383301,-0.5022911915914605,1.834000051021576,0.036876845614515645,0.10401951245867247,115.73085021972656,14.5600004196167
2013-01-04,2.6268401401601125,-4.720000267028809,-0.5011542239872647,1.8499999642372131,0.04267350686010543,-0.5599307973514016,116.23904418945312,13.829999923706055
2013-01-07,2.6239436890389327,-4.460000991821289,-0.5019619775897841,1.844999998807907,0.03816883894595967,-0.7155148174362663,115.92141723632812,13.789999961853027
2013-01-08,2.6115392923189495,-4.690000534057617,-0.5036164439883688,1.8110000528395176,0.03190099228812227,-0.44771252723395566,115.58788299560547,13.619999885559082
2013-01-09,2.6253929978061894,-4.899999618530273,-0.5013734589507618,1.7969999983906746,0.03141550003423256,-1.145318890195225,115.88172912597656,13.8100004196167
2013-01-10,2.601948653252886,-4.950000762939453,-0.5001719796715278,1.839000053703785,0.0389127288624552,-0.23221761707253832,116.80291748046875,13.489999771118164
2013-01-11,2.5922651424106884,-4.789999961853027,-0.5001902412629583,1.811999998986721,0.032059437257317545,-0.6177097967157038,116.7950210571289,13.359999656677246
2013-01-14,2.604170104473077,-4.14000129699707,-0.4995826411979785,1.7969999946653843,0.030891578271039555,-1.1707628092251332,116.71558380126953,13.520000457763672
2013-01-15,2.6063865614020836,-4.279999732971191,-0.49854273775335795,1.7509999722242355,0.037722582911518504,-1.0658288382711654,116.7950210571289,13.550000190734863
2013-01-16,2.5967461372286285,-4.409999847412109,-0.5002383900582216,1.7520000040531158,0.04130906143433533,-0.7832985211231211,116.7790756225586,13.420000076293945
2013-01-17,2.6078614513577736,-3.689999580383301,-0.4948967166946514,1.8049999997019768,0.036064813164044404,-0.12061430680000268,117.53353881835938,13.569999694824219
2013-01-18,2.5225235164208617,-4.390000343322754,-0.49451870870755044,1.7730000540614128,0.027225085278525733,0.6976461923535682,117.79563903808594,12.460000038146973
2013-01-22,2.5201129300741707,-3.510000228881836,-0.4938850978461823,1.7750000394880772,0.04006129138971351,-0.6487124580401971,118.43096923828125,12.430000305175781
2013-01-23,2.5225235164208617,-3.4600000381469727,-0.4962899605894612,1.7629999443888664,0.03593245474003978,-0.7961191872631765,118.62147521972656,12.460000038146973
2013-01-24,2.540814248659574,-3.5500001907348633,-0.4926661280868541,1.7689999788999557,0.04531908827971873,0.18752152831974497,118.65328979492188,12.6899995803833
2013-01-25,2.5564518435859096,-3.0299997329711914,-0.48841297322218713,1.8770000264048576,0.05401163017093711,0.19791799661705398,119.32036590576172,12.890000343322754
2013-01-28,2.6078614513577736,-2.059999465942383,-0.48810678507732747,1.913999978452921,0.05703692801968214,-0.5693719208190805,119.17740631103516,13.569999694824219
2013-01-29,2.5885156639334435,-1.5799999237060547,-0.48754306593041946,1.9250000342726707,0.06230172165626631,-0.7424093497519739,119.64592742919922,13.3100004196167
2013-01-30,2.6616571402213416,-1.1800003051757812,-0.49140801522043237,1.9460000433027744,0.06924482889029732,0.0033354712846791782,119.17740631103516,14.319999694824219
2013-01-31,2.6588599382119416,-1.5200004577636719,-0.49525393858457495,1.9200000166893005,0.0499225535604423,-0.6504939564177518,118.88355255126953,14.279999732971191
2013-02-01,2.5572272817963295,-3.939999580383301,-0.48934362707632195,1.9499999918043613,0.034850845844026784,-0.1410201194563695,120.10657501220703,12.899999618530273
2013-02-04,2.685804597355568,-1.5399999618530273,-0.4968871210143025,1.9180000498890877,0.025808198877489558,0.4966152073600394,118.75653076171875,14.670000076293945
2013-02-05,2.61885464176048,-2.520000457763672,-0.49261751238536494,1.9460000321269035,0.03147374260133613,-0.5613077005581514,119.95570373535156,13.720000267028809
2013-02-06,2.5960006859149227,-3.1000003814697266,-0.49672360484162703,1.9030000567436218,0.03493748190403638,0.009967334008894749,120.04299926757812,13.40999984741211
2013-02-07,2.6026896854443837,-3.1599998474121094,-0.4989929018503191,1.8859999775886536,0.03649559873707323,0.554002739796745,119.8842544555664,13.5
2013-02-08,2.5664866719389225,-3.4200000762939453,-0.5009558120026273,1.8889999985694885,0.039505610834311373,-0.8584084154661566,120.55133819580078,13.020000457763672
2013-02-11,2.560323256644879,-2.820000648498535,-0.5005607822978411,1.8809999823570251,0.03138973716615568,-1.5518585093764012,120.52748107910156,12.9399995803833
2013-02-12,2.536866415880321,-3.479999542236328,-0.4961204654297973,1.898999996483326,0.03310330905825684,-1.7082871342751464,120.72602844238281,12.640000343322754
2013-02-13,2.5634096760090963,-3.5399999618530273,-0.4922717735007167,1.934000052511692,0.03463829549629835,-1.2645128130559364,120.8292465209961,12.979999542236328
2013-02-14,2.538447404663274,-3.619999885559082,-0.4954686491647185,1.905000001192093,0.03487760310298975,-1.2686580946789305,120.94042205810547,12.65999984741211
2013-02-15,2.5225235164208617,-3.4700002670288086,-0.49494228262394874,1.9119999706745148,0.0338318771723899,2.027699146908447,120.79752349853516,12.460000038146973
2013-02-19,2.510411974283827,-2.559999465942383,-0.493728083668599,1.9260000213980675,0.03485806427513838,-0.8795380957900749,121.70277404785156,12.3100004196167
2013-02-20,2.6864860439749103,-0.05000019073486328,-0.4963663676591998,1.905999906361103,0.020089203925857117,0.8018599664067384,120.18598937988281,14.680000305175781
2013-02-21,2.722610369978139,0.3000001907348633,-0.4968841612702679,1.8559999540448189,0.00861243192204689,1.3602693688670018,119.45535278320312,15.220000267028809
2013-02-22,2.651127059086777,-0.39999961853027344,-0.49509632555929567,1.8470000103116035,0.01673042146856086,-0.6042911872741187,120.62275695800781,14.170000076293945
2013-02-25,2.9439125127714383,3.9300003051757812,-0.5041058421841742,1.779999978840351,-0.0027476408937252097,2.7457031697094476,118.32772064208984,18.989999771118164
2013-02-26,2.825536946304965,0.8600006103515625,-0.49794867903723544,1.7689999490976334,-0.001532098584218631,1.273996790166628,119.1376953125,16.8700008392334
2013-02-27,2.689886199397575,-0.75,-0.4959148628456755,1.802999995648861,0.012186702910411644,0.3800383846870355,120.638671875,14.729999542236328
2013-02-28,2.7414849919454967,-0.1900005340576172,-0.49667247359521066,1.7880000099539757,0.006286064220560297,-0.20697078370845004,120.40039825439453,15.510000228881836
2013-03-01,2.731766705367784,-1.7400007247924805,-0.49696708281068297,1.7530000433325768,0.013502592155694276,0.8731396837300343,120.79752349853516,15.359999656677246
2013-03-04,2.6397713766859487,-2.489999771118164,-0.4961126963021987,1.7919999733567238,0.021281649549061032,-0.8664392072913386,121.44070434570312,14.010000228881836
2013-03-05,2.601207071525431,-2.4099998474121094,-0.4924208916961987,1.809000052511692,0.01996551773884836,-0.31074799963686117,122.5286636352539,13.479999542236328
2013-03-06,2.6049094224466427,-2.809999465942383,-0.49013680033535967,1.845999963581562,0.03263038966504173,-0.9526122014508639,122.69551849365234,13.529999732971191
2013-03-07,2.5695541559782002,-3.0500001907348633,-0.4853797699932021,1.901000052690506,0.024393617880699676,-1.1283904148985877,122.91783905029297,13.0600004196167
2013-03-08,2.5329028601760246,-3.75,-0.48068060108548233,1.9689999967813492,0.02792098253833576,-0.2198137310738631,123.44194793701172,12.59000015258789
2013-03-11,2.4475508995432533,-3.0500001907348633,-0.4819923607535013,1.9689999967813492,0.03303310411369719,-1.1609848335536375,123.91053771972656,11.5600004196167
2013-03-12,2.507157296030372,-2.1000003814697266,-0.4844345579289473,1.9310000017285347,0.02523854988938262,-0.6331111870429377,123.63259887695312,12.270000457763672
2013-03-13,2.470638671541103,-3.0900001525878906,-0.4832992154163002,1.935999907553196,0.026848266189977325,-0.9442893706774343,123.80726623535156,11.829999923706055
2013-03-14,2.4248027425974863,-3.020000457763672,-0.47989700953611586,1.9429999887943268,0.030512111828129296,-0.1290716792654952,124.4664077758789,11.300000190734863
2013-03-15,2.4248027425974863,-3.760000228881836,-0.48134585931118573,1.9130000546574593,0.028336416201660535,0.16696508441917937,124.30208587646484,11.300000190734863
2013-03-18,2.5922651424106884,-1.9300003051757812,-0.4835643218975269,1.8839999735355377,0.021882599009300344,-0.11402771698026018,123.61608123779297,13.359999656677246
2013-03-19,2.6665335447577023,-0.869999885559082,-0.48693261744038113,1.8379999920725822,0.020739073722315822,0.8466558638061017,123.32891082763672,14.390000343322754
2013-03-20,2.539237000354669,-1.2800006866455078,-0.480720648823231,1.874000035226345,0.020234316992211863,-0.4208576009604758,124.1904296875,12.670000076293945
2013-03-21,2.638342772317001,0.48000049591064453,-0.4835249261370409,1.8720000423491001,0.024196451394639076,-0.05025234309962391,123.12953186035156,13.989999771118164
2013-03-22,2.6078614513577736,-0.030000686645507812,-0.4843517081422498,1.8499999642372131,0.038295543024880585,-0.45360544056649316,124.11868286132812,13.569999694824219
2013-03-25,2.6203112701361366,-1.0799999237060547,-0.48583628811886526,1.8569999635219574,0.024383494255785874,0.5189468131739066,123.60011291503906,13.739999771118164
2013-03-26,2.54709870589125,-3.0,-0.4847024504803131,1.8340000212192535,0.05156467593604871,-1.034463742294027,124.58930206298828,12.770000457763672
2013-03-27,2.5764217296146685,-2.640000343322754,-0.489906441183754,1.7709999531507492,0.04474281677519008,-0.7364552255672961,124.58930206298828,13.149999618530273
2013-03-28,2.541601978446052,-3.6100006103515625,-0.4875201728854475,1.7870000004768372,0.035291100006621015,-0.6558199214919107,124.97216033935547,12.699999809265137
2013-04-01,2.608598116512439,-2.309999465942383,-0.48429184249522506,1.7750000357627869,0.03330287890178051,-0.7286901417724185,124.47759246826172,13.579999923706055
2013-04-02,2.5478814280551156,-3.0900001525878906,-0.48495210323585397,1.7929999381303787,0.03493211932066184,-0.6475826584469455,125.09180450439453,12.779999732971191
2013-04-03,2.6539459447935254,-1.1899995803833008,-0.4889659584252147,1.7570000365376472,0.01943118699797942,0.8412903876541586,123.82351684570312,14.210000038146973
2013-04-04,2.631169181483513,-1.6800003051757812,-0.494611114790358,1.6939999461174011,0.014562127565354653,0.2402209175421963,124.32599639892578,13.890000343322754
2013-04-05,2.6333266603871603,-1.7899999618530273,-0.4967211508197448,1.6340000070631504,0.008699979717545766,1.0443025398939416,123.76762390136719,13.920000076293945
2013-04-08,2.5794589349159778,-1.5600004196166992,-0.49656671852568246,1.676999993622303,0.01363431832339959,-1.0694037962628817,124.60521697998047,13.1899995803833
2013-04-09,2.552565310145607,-2.0399999618530273,-0.4943764216354045,1.683999978005886,0.012830183208720088,-0.6196606665806265,125.03593444824219,12.84000015258789
2013-04-10,2.5144654242526223,-2.6499996185302734,-0.4885581594355827,1.7399999499320984,0.02121590577471544,0.35064077396747356,126.56749725341797,12.359999656677246
2013-04-11,2.5047092583846835,-3.119999885559082,-0.48922023786000834,1.7280000075697899,0.026733449920660433,-0.3994903466471185,126.9822998046875,12.239999771118164
2013-04-12,2.4898942260931265,-2.65000057220459,-0.49385638050958747,1.6659999564290047,0.022869151152731155,-0.21209457749956093,126.67125701904297,12.0600004196167
2013-04-15,2.8489709186648793,3.6399993896484375,-0.5005396057431877,1.6470000222325325,-0.005887756262293707,2.5308846180595213,123.73573303222656,17.270000457763672
2013-04-16,2.6361961000668175,-0.6900005340576172,-0.49184586826327104,1.6669999808073044,0.01008825559658145,0.5889896297609339,125.56242370605469,13.960000038146973
2013-04-17,2.803966271795261,1.8400001525878906,-0.49483112273992913,1.6539999954402447,0.0009033969856343735,2.5885057293784444,123.7278060913086,16.510000228881836
2013-04-18,2.865623557793666,1.779998779296875,-0.4973221952741825,1.634999942034483,-0.0030444750790725164,1.0000641692718724,122.95401000976562,17.559999465942383
2013-04-19,2.7060482162691324,-0.9200000762939453,-0.4993318290310114,1.6579999476671219,-0.001350164724709308,0.5244701710045921,124.02286529541016,14.970000267028809
2013-04-22,2.6665335447577023,-0.8099994659423828,-0.4973338710052286,1.6529999524354935,0.011657540232070036,-0.5783274230291214,124.57331848144531,14.390000343322754
2013-04-23,2.601207071525431,-1.739999771118164,-0.4947459931520473,1.6529999524354935,0.013912799736784871,0.9578706560888794,125.85758972167969,13.479999542236328
2013-04-24,2.6108047914376025,-1.6500005722045898,-0.49336853063925656,1.6499999538064003,0.018732839625470146,-0.8471308360636081,125.93731689453125,13.609999656677246
2013-04-25,2.6115392923189495,-1.9600000381469727,-0.4900677633149539,1.6609999649226665,0.014807370875386805,0.05181121913021687,126.44786834716797,13.619999885559082
2013-04-26,2.6108047914376025,-2.0399999618530273,-0.49471843712658925,1.6179999858140945,0.013039464326817823,-0.8400404663306263,126.22451782226562,13.609999656677246
2013-04-29,2.6181254963566425,-1.4200000762939453,-0.49291545023573285,1.622999981045723,0.016647238184592215,-1.0132526363337784,127.07001495361328,13.710000038146973
2013-04-30,2.604170104473077,-1.4099998474121094,-0.4880630913204603,1.6299999505281448,0.02299515700919004,-0.3105273371711221,127.37313842773438,13.520000457763672
2013-05-01,2.673458740536743,-0.5799999237060547,-0.49441373307446335,1.5890000574290752,0.009266925007965136,0.27953926289043884,126.25640869140625,14.489999771118164
2013-05-02,2.609334239391006,-1.8400001525878906,-0.488026746094423,1.5810000412166119,0.028701933133281753,-0.8095308088869946,127.42898559570312,13.59000015258789
2013-05-03,2.5533438410275884,-2.7699995040893555,-0.477015127764123,1.7069999724626541,0.03474211356598326,0.415004480505896,128.72125244140625,12.850000381469727
2013-05-06,2.538447404663274,-2.6700000762939453,-0.4762251225683773,1.7410000283271074,0.04178113672563549,-1.5139998019576637,129.04832458496094,12.65999984741211
2013-05-07,2.551786172681018,-2.6200008392333984,-0.4762103105576598,1.7479999922215939,0.040091945224664874,-0.9039407301741268,129.70237731933594,12.829999923706055
2013-05-08,2.538447404663274,-3.1299991607666016,-0.4735819277751302,1.7249999903142452,0.041181655523690935,-0.7071189029456864,130.29261779785156,12.65999984741211
2013-05-09,2.5748996970306925,-2.8400001525878906,-0.4743468280879199,1.7779999636113644,0.02618739808335369,-0.45321204641488216,129.92575073242188,13.130000114440918
2013-05-10,2.5329028601760246,-3.560000419616699,-0.4743423680714299,1.8649999760091305,0.026164010115888685,-0.5425520880670857,130.3485107421875,12.59000015258789
2013-05-13,2.5297206807757897,-1.9700002670288086,-0.47585411255747095,1.887999977916479,0.0294117457339415,-1.0895659592037668,130.45220947265625,12.550000190734863
2013-05-14,2.54709870589125,-1.6499996185302734,-0.472131387306982,1.912000022828579,0.0631390440875086,-0.17209335969273096,131.80020141601562,12.770000457763672
2013-05-15,2.5502261486656055,-1.4200000762939453,-0.47553108559766893,1.9059999585151672,0.05385653483884733,-0.14493455868392888,132.51019287109375,12.8100004196167
2013-05-16,2.5703195042867972,-2.179999351501465,-0.47768945877664515,1.8400000091642141,0.06386915632024391,-0.44344620011881325,131.8880157470703,13.069999694824219
2013-05-17,2.5217206075906473,-2.5699996948242188,-0.47336822399201645,1.9190000016242266,0.07977337093905712,0.12221407485403829,133.164306640625,12.449999809265137
2013-05-20,2.5664866719389225,-2.1700000762939453,-0.4711557420628387,1.9300000332295895,0.07105776292299851,-1.1041890838930495,133.15631103515625,13.020000457763672
2013-05-21,2.5930133825543216,-2.219999313354492,-0.47301765978403265,1.9040000066161156,0.0680660295110265,-0.7828694936631204,133.34776306152344,13.369999885559082
2013-05-22,2.6261167962573397,-1.7699995040893555,-0.47127797317133263,1.991000022739172,0.05036408474363168,3.0806671197475675,132.35862731933594,13.819999694824219
2013-05-23,2.6440448494364763,-1.9300003051757812,-0.4750181216453002,1.9830000028014183,0.04683369282430127,2.106475665497316,131.97572326660156,14.069999694824219
2013-05-24,2.638342772317001,-2.7300004959106445,-0.4762481904310222,1.9739999175071716,0.04194188682279805,0.7070463312588666,131.86412048339844,13.989999771118164
2013-05-28,2.6727683553440564,-0.26999950408935547,-0.4702793583310245,2.0999999903142452,0.049680583019982766,0.5234574959432484,132.65380859375,14.479999542236328
2013-05-29,2.6966521510052726,-0.3899993896484375,-0.47389176195697175,2.0840000733733177,0.03648894510731225,0.9744207586572228,131.79229736328125,14.829999923706055
2013-05-30,2.6762154592044345,-1.3200006484985352,-0.47313932495901984,2.099000072106719,0.037791696951451834,-0.456530491554627,132.27890014648438,14.529999732971191
2013-05-31,2.7911650610066143,-0.42999839782714844,-0.48150803182265994,2.1340000350028276,0.03214139799345791,1.4239707436849296,130.38038635253906,16.299999237060547
2013-06-03,2.7899374027516357,0.020000457763671875,-0.4797513673715137,2.104000063613057,0.02838781862428499,1.155290532623557,131.09825134277344,16.280000686645508
2013-06-04,2.78932294936639,-0.37000083923339844,-0.4758173377367249,2.0970000848174095,0.013479472863881315,0.8437880677338194,130.4680938720703,16.270000457763672
2013-06-05,2.8622008809294686,0.5400009155273438,-0.4830596642071223,2.054999902844429,-0.0031577556216675928,2.1733736900074754,128.64146423339844,17.5
2013-06-06,2.811208242739808,-0.2999992370605469,-0.47950822290314743,2.0300000458955765,0.0007991935109774393,1.7957560266131707,129.8060760498047,16.6299991607666
2013-06-07,2.7173402706858383,-2.5099992752075195,-0.4749204776171716,2.12100001424551,0.008899069754564068,1.4409163002714165,131.457275390625,15.140000343322754
2013-06-10,2.7369615174193824,-1.5699996948242188,-0.4738874333563883,2.174999915063381,0.011718757777133272,-0.6493955671876149,131.457275390625,15.4399995803833
2013-06-11,2.8373225189284472,-0.4400005340576172,-0.47819760226111796,2.1499999314546585,-0.0018990173341743557,0.6919292791428163,130.10121154785156,17.06999969482422
2013-06-12,2.9226238099414155,0.030000686645507812,-0.47397907630840247,2.190000019967556,-0.011005542525876683,1.10772642532351,129.02438354492188,18.59000015258789
2013-06-13,2.79789089580353,-2.2100000381469727,-0.4732567979675486,2.1310000233352184,-0.006191751647167049,0.7416670905448459,130.9866485595703,16.40999984741211
2013-06-14,2.841998151368816,-1.3999996185302734,-0.47138598479352367,2.0859999284148216,-0.01785651049084086,0.17737759729601954,130.16502380371094,17.149999618530273
2013-06-17,2.8213788409961493,-0.75,-0.47003657707604707,2.131000004708767,-0.005457855817712437,0.05027400341835197,131.17015075683594,16.799999237060547
2013-06-18,2.810004960371233,-0.12999916076660156,-0.4655864924369808,2.1369999200105667,-0.00721452615392385,-0.4738790340554135,132.20704650878906,16.610000610351562
2013-06-19,2.8118093987132804,-0.15999984741210938,-0.46636092138947494,2.2710001096129417,-0.02106748229981469,1.7564160248754388,130.38038635253906,16.639999389648438
2013-06-20,3.0199369510803917,3.059999465942383,-0.46236222855961706,2.378999911248684,-0.047594231742805984,3.912516258418301,127.14984130859375,20.489999771118164
2013-06-21,2.939161901882013,1.0699996948242188,-0.46063165564038944,2.4739999398589134,-0.03694425864770774,2.6467484700301336,127.5579605102539,18.899999618530273
2013-06-24,3.00121723413521,1.5900001525878906,-0.4664942030813494,2.50800009816885,-0.04676317915643334,1.5911347560458402,125.94619750976562,20.110000610351562
2013-06-25,2.9161477570348886,-0.6900005340576172,-0.45564459936435914,2.5309999883174896,-0.036349416923509945,0.38597343997184524,127.1570053100586,18.469999313354492
2013-06-26,2.8454905570260416,-1.7999992370605469,-0.4549447518187392,2.4840000346302986,-0.03246743836611422,-0.17135375147988646,128.41604614257812,17.209999084472656
2013-06-27,2.824943988774869,-2.4599990844726562,-0.45913415093236903,2.438000038266182,-0.020099243990657753,-0.2884680374658213,129.16981506347656,16.860000610351562
2013-06-28,2.824943988774869,-2.4099998474121094,-0.4653185311258805,2.4479999262839556,-0.027890739863440362,0.31536265191374396,128.64051818847656,16.860000610351562
2013-07-01,2.7954504426495905,-1.8500003814697266,-0.4624952645435161,2.4800000097602606,-0.007591758908511641,-0.2711533594091676,129.39431762695312,16.3700008392334
2013-07-02,2.79971742211329,-2.4600000381469727,-0.4687449453167619,2.434000100940466,-0.014012499373463681,0.19446895043210957,129.2740478515625,16.440000534057617
2013-07-03,2.785011289333365,-1.869999885559082,-0.4635300622973741,2.4659999273717403,-0.008760587999708195,-1.3853522249999255,129.33010864257812,16.200000762939453
2013-07-05,2.700689869753188,-3.799999237060547,-0.46151289611811774,2.6799999140203,0.016070357434439853,-0.428048744326421,130.72547912597656,14.890000343322754
2013-07-08,2.6932748974531537,-2.189999580383301,-0.4559744907814957,2.609999980777502,0.012746485008163857,-0.7262296510266362,131.4712371826172,14.779999732971191
2013-07-09,2.663749968788886,-2.4600000381469727,-0.4563087313865238,2.5950001142919064,0.0072775351794023115,-0.5080506435732767,132.41744995117188,14.350000381469727
2013-07-10,2.6539459447935254,-2.260000228881836,-0.44944715853675093,2.6500000674277544,0.00764091234204714,-0.4600761119431579,132.465576171875,14.210000038146973
2013-07-11,2.6397713766859487,-2.4600000381469727,-0.448672331705242,2.543999882414937,0.03153878192488393,-0.18258278476566597,134.26983642578125,14.010000228881836
2013-07-12,2.62756296121466,-3.3199996948242188,-0.4468375984249688,2.5710000712424517,0.040267964193443515,-0.8122259572258376,134.32595825195312,13.84000015258789
2013-07-15,2.6239436890389327,-2.5699996948242188,-0.4490244392660004,2.535999994724989,0.02898769330425121,-1.467374288159015,134.83921813964844,13.789999961853027
2013-07-16,2.6686161371476453,-2.390000343322754,-0.4500170170956338,2.497000064700842,0.03152617401360235,-1.0499698058436642,134.33399963378906,14.420000076293945
2013-07-17,2.6232182462075144,-2.9900007247924805,-0.44646060026925544,2.465999936684966,0.026397474881619688,-0.9400993882777396,134.67881774902344,13.779999732971191
2013-07-18,2.6224923459841123,-3.080000877380371,-0.43786742607739476,2.5119999200105667,0.02398680393568922,-0.6995460025278666,135.41661071777344,13.770000457763672
2013-07-19,2.5289235321627515,-3.4300003051757812,-0.44399080665127655,2.47099993750453,0.03967440962029353,-0.6781702006755701,135.65713500976562,12.539999961853027
2013-07-22,2.50878592047404,-2.8999996185302734,-0.44549959276087836,2.482999916188419,0.06671324251448231,-1.1553545309093878,135.92176818847656,12.289999961853027
2013-07-23,2.538447404663274,-2.3000001907348633,-0.4463895127732204,2.4960000328719616,0.061382610293707805,-1.0922130808844397,135.6331024169922,12.65999984741211
2013-07-24,2.578700552228821,-2.059999465942383,-0.4499839594289947,2.5680000595748425,0.07042620113989485,-0.4575414993971382,135.1359100341797,13.180000305175781
2013-07-25,2.562639018916541,-2.1800003051757812,-0.4510241950058511,2.5920001128688455,0.06328866461408966,-0.4868723385014386,135.4647216796875,12.970000267028809
2013-07-26,2.543175578904807,-2.8299999237060547,-0.45164016043255395,2.546000109054148,0.05450090647322886,-0.5576181369530878,135.60906982421875,12.720000267028809
2013-07-29,2.5945081853433165,-1.880000114440918,-0.4521399045839845,2.5650000385940075,0.045568404282224834,-1.1157137429903567,135.19204711914062,13.390000343322754
2013-07-30,2.5945081853433165,-1.4499998092651367,-0.45099825984236225,2.5729999262839556,0.04967450516645493,-0.9888263452235148,135.19204711914062,13.390000343322754
2013-07-31,2.598979091866817,-1.5900001525878906,-0.4481771979525408,2.5629999358206987,0.044543698611222954,0.14617843480968307,135.28831481933594,13.449999809265137
2013-08-01,2.560323256644879,-2.3000001907348633,-0.4496997337121611,2.688000049442053,0.05696519903666971,-0.49441196775111396,136.85195922851562,12.9399995803833
2013-08-02,2.4832385544766455,-3.8299999237060547,-0.44853949630243667,2.5719999987632036,0.05822976362555884,-0.8575929716872361,137.0845489501953,11.979999542236328
2013-08-05,2.47148364234335,-3.25,-0.449866337059868,2.605000104755163,0.04603443771361861,-1.577933349465606,136.88401794433594,11.84000015258789
2013-08-06,2.543175578904807,-2.760000228881836,-0.45146364337689043,2.6019999608397484,0.034647485034508076,-0.9181774951286737,136.10621643066406,12.720000267028809
2013-08-07,2.5634096760090963,-2.8600006103515625,-0.4568332563803531,2.559999905526638,0.024230367379066274,-0.962964208752201,135.6651611328125,12.979999542236328
2013-08-08,2.5439613766098743,-3.1499996185302734,-0.4567544724306487,2.541999891400337,0.027525140407069937,-0.6212698651157099,136.162353515625,12.729999542236328
2013-08-09,2.5960006859149227,-1.8700008392333984,-0.456644773546524,2.531999923288822,0.011106670915962695,-0.8198302724115663,135.76943969726562,13.40999984741211
2013-08-12,2.5502261486656055,-1.489999771118164,-0.4569938948458205,2.557000018656254,0.009506889457554318,-1.2624098129426184,135.60906982421875,12.8100004196167
2013-08-13,2.510411974283827,-2.189999580383301,-0.449857543859021,2.662999913096428,0.008645167949303095,-1.0053100175189393,136.00997924804688,12.3100004196167
2013-08-14,2.5680215535731254,-1.9600000381469727,-0.45014544148350644,2.6619998924434185,0.0072564444393913895,-1.003704098952587,135.3123321533203,13.039999961853027
2013-08-15,2.689886199397575,0.1900005340576172,-0.44819481653150856,2.7100001126527786,-0.009391697407754666,0.38321596695517157,133.4198760986328,14.729999542236328
2013-08-16,2.665142692127056,-0.22999954223632812,-0.44660588987307687,2.7889999970793724,-0.018166043626696056,-0.039742359781535765,132.9788360595703,14.369999885559082
2013-08-19,2.714694769083774,-0.9099998474121094,-0.4477720388221361,2.8440000638365746,-0.02635366719110526,-0.7047422561970099,132.12876892089844,15.100000381469727
2013-08-20,2.7020321185427174,-2.039999008178711,-0.44469609705005525,2.7689998894929886,-0.023398628179970935,-0.8386641429963837,132.77830505371094,14.90999984741211
2013-08-21,2.768831647037307,-1.580000877380371,-0.44231811060801635,2.8220000192523003,-0.027451213275215075,0.5538296099826648,131.96044921875,15.9399995803833
2013-08-22,2.691920834679226,-3.0,-0.4414997169311302,2.8810000233352184,-0.014705280040263712,-0.5764279648033317,133.16323852539062,14.760000228881836
2013-08-23,2.6376277040614813,-3.7300004959106445,-0.4440358063335276,2.7960000783205032,-0.013769120401739422,-0.7686695275583506,133.61227416992188,13.979999542236328
2013-08-26,2.707383296845538,-2.279998779296875,-0.445973804844932,2.7920000664889812,-0.018561426798653545,-0.7720903904536958,133.1151885986328,14.989999771118164
2013-08-27,2.8195916031316988,-1.6399993896484375,-0.4567162413764566,2.6879999563097954,-0.03169705002170527,0.6137586813369508,130.97406005859375,16.770000457763672
2013-08-28,2.8027541226914687,-2.15000057220459,-0.45315200463465366,2.7520000655204058,-0.028151999248463615,-0.40178069949214595,131.43919372558594,16.489999771118164
2013-08-29,2.8219739156502905,-2.489999771118164,-0.45007155452430064,2.730999927967787,-0.027278944490504203,-0.16170522524413591,131.64767456054688,16.809999465942383
2013-08-30,2.8338014198634927,-2.179999351501465,-0.4509464305954403,2.729000072926283,-0.04194304327763196,0.16866452898315945,131.23068237304688,17.010000228881836
2013-09-03,2.810004960371233,-1.669999122619629,-0.452294264674711,2.8330000499263406,-0.03912944812123692,0.3260861631773577,131.8240966796875,16.610000610351562
2013-09-04,2.7650604630255966,-3.0199995040893555,-0.444880733585037,2.882000074721873,-0.029426847699484223,-0.568420189710376,132.91464233398438,15.880000114440918
2013-09-05,2.7581094300024462,-2.7599992752075195,-0.441702865946345,2.9640000918880105,-0.02246218767841824,-1.2494894345281344,133.0830535888672,15.770000457763672
2013-09-06,2.76316952439078,-2.6000003814697266,-0.43982566312004345,2.922999964095652,-0.018734733937755203,0.8045723537442103,133.1471710205078,15.850000381469727
2013-09-09,2.749192151755261,-1.8199996948242188,-0.4398975842606992,2.887000074610114,-0.012862277031879806,-0.723863566157435,134.42221069335938,15.630000114440918
2013-09-10,2.6762154592044345,-2.760000228881836,-0.43197022271467905,2.944000110961497,-0.0026021189366974757,-0.3191878414778267,135.41661071777344,14.529999732971191
2013-09-11,2.6261167962573397,-3.299999237060547,-0.4353326078305232,2.9050000766292214,0.001713005559080986,-0.5372052419402463,135.84156799316406,13.819999694824219
2013-09-12,2.6595599892722888,-2.820000648498535,-0.43582075170518797,2.897000065073371,-0.003899195224220867,-0.7557761572293982,135.48068237304688,14.289999961853027
2013-09-13,2.6504210774895927,-3.09999942779541,-0.4372172811267812,2.888000002130866,0.003490697662872994,-0.9532511470948035,135.78549194335938,14.15999984741211
2013-09-16,2.66583836025124,-1.5399999618530273,-0.43290825804924543,2.871000072453171,0.023345512134708618,-0.22278576796215538,136.57127380371094,14.380000114440918
2013-09-17,2.6762154592044345,-1.1700000762939453,-0.4323241075790654,2.847999925725162,0.031109563301878636,-0.7195013610107243,137.18077087402344,14.529999732971191
2013-09-18,2.609334239391006,-1.7800006866455078,-0.4373513009820635,2.7029999447986484,0.04903006212710084,1.8716407469785459,138.76849365234375,13.59000015258789
2013-09-19,2.5771819143023467,-2.9900007247924805,-0.43390013478723694,2.7429999066516757,0.042448668051123024,0.8572963481751176,138.53590393066406,13.15999984741211
2013-09-20,2.574137774793312,-2.8999996185302734,-0.43597641526783515,2.727000112645328,0.041611603327669056,0.6546871945337586,137.5673828125,13.119999885559082
2013-09-23,2.6609586228916786,-1.9499998092651367,-0.4420057325369643,2.7089999867603183,0.02789974305423276,-0.1551187262776872,136.93077087402344,14.3100004196167
2013-09-24,2.6447553453112924,-1.890000343322754,-0.4467257993511288,2.6380001166835427,0.022176744596880335,-0.07009224889938193,136.60845947265625,14.079999923706055
2013-09-25,2.6397713766859487,-1.7700004577636719,-0.45153347518182063,2.5990000823512673,0.02300946598296118,0.31694137337242,136.21360778808594,14.010000228881836
2013-09-26,2.643333916227234,-1.2899999618530273,-0.44962218027712164,2.6399998874403536,0.0430632050312057,-1.0328200856257448,136.7374267578125,14.0600004196167
2013-09-27,2.7382560456267386,0.17999839782714844,-0.4499192899471757,2.613999958150089,0.03491108770202025,-0.25221592768394174,136.10891723632812,15.460000038146973
2013-09-30,2.8094027183426014,0.9300003051757812,-0.45055433970448094,2.610000009648502,0.027983052558742914,1.3097199280167626,135.38360595703125,16.600000381469727
2013-10-01,2.7434173424847415,-1.4599990844726562,-0.4452217074737131,2.6329999081790447,0.03904076656366616,0.7527618426691154,136.45535278320312,15.539999961853027
2013-10-02,2.8094027183426014,-0.9999990463256836,-0.44778794453230686,2.6159999277442694,0.03358403062801173,0.24102113957057378,136.3264617919922,16.600000381469727
2013-10-03,2.8718682906493154,-0.12000083923339844,-0.44766143310458895,2.585999947041273,0.016081562782627783,2.3785346634486233,135.06939697265625,17.670000076293945
2013-10-04,2.817801051388579,-0.5899982452392578,-0.44494741944366534,2.633999951183796,0.02236319015994622,-0.35926514318037145,136.09274291992188,16.739999771118164
2013-10-07,2.965788389319616,1.1100006103515625,-0.4493283452458812,2.6160000637173653,0.013198883172862172,-0.36685080452124375,134.9162139892578,19.40999984741211
2013-10-08,3.0125893981222767,2.030000686645508,-0.44958919600799274,2.5909999161958694,-0.008046023235010028,2.306898156365134,133.34498596191406,20.34000015258789
2013-10-09,2.9755295856992126,1.0999984741210938,-0.4465993604040149,2.6130000948905945,-0.014692068289613388,1.9427744113851562,133.4416046142578,19.600000381469727
2013-10-10,2.8021474967044036,0.13000106811523438,-0.4434359042870341,2.6449999436736107,0.0035039863393810343,2.6039247703241597,136.31838989257812,16.479999542236328
2013-10-11,2.7549338039876257,0.22999954223632812,-0.44291119740253954,2.618999920785427,0.012586939187407439,-0.1647935335929625,137.19674682617188,15.720000267028809
2013-10-14,2.7769541607590176,2.1800003051757812,-0.43830854958661414,2.632999986410141,0.014325080245103806,0.040300205445063596,137.74462890625,16.06999969482422
2013-10-15,2.926382187241926,5.130001068115234,-0.43880945521523645,2.6280000284314156,0.0012746702473079605,1.32640574846815,136.74546813964844,18.65999984741211
2013-10-16,2.688527537206614,-0.07999992370605469,-0.44090423231998305,2.5790000036358833,0.010691143969007479,1.460870165613596,138.65525817871094,14.710000038146973
2013-10-17,2.601207071525431,-2.5099992752075195,-0.4434005683107003,2.5499998927116394,0.005844778833925519,0.4848527083263156,139.58193969726562,13.479999542236328
2013-10-18,2.5680215535731254,-2.010000228881836,-0.44266900719916635,2.5639999862760305,0.014253884749157097,0.7258616685432686,140.52471923828125,13.039999961853027
2013-10-21,2.5771819143023467,-2.3500003814697266,-0.4423091546714782,2.583999967202544,0.021326562224411233,-0.31084878162002133,140.53273010253906,13.15999984741211
2013-10-22,2.5900171284671405,-2.2900009155273438,-0.44538931590264563,2.479000084102154,0.0317395780693335,0.3619843787064605,141.3466033935547,13.329999923706055
2013-10-23,2.5967461372286285,-2.739999771118164,-0.44427476579894787,2.4549998957663774,0.029296099186915937,-0.2727297555566833,140.6697540283203,13.420000076293945
2013-10-24,2.5802168151427143,-2.9499998092651367,-0.442914283716478,2.492000075057149,0.03550756899394482,-1.2942036081395518,141.13711547851562,13.199999809265137
2013-10-25,2.5718485915786373,-3.2799997329711914,-0.4425064283635783,2.473000021651387,0.03622654220237188,-0.6132827011742626,141.78176879882812,13.09000015258789
2013-10-28,2.5885156639334435,-2.8400001525878906,-0.44367392451055054,2.4920000843703747,0.042423530379499995,-0.8711126385917477,142.0073699951172,13.3100004196167
2013-10-29,2.5960006859149227,-2.4600000381469727,-0.4434583353446941,2.4669999703764915,0.05308646732018221,-0.7735032943782865,142.76483154296875,13.40999984741211
2013-10-30,2.6137394936844682,-2.15000057220459,-0.44552678432060555,2.491999950259924,0.040222043016495915,0.7796775763166924,142.0557403564453,13.649999618530273
2013-10-31,2.6210388241125804,-2.630000114440918,-0.443603809671203,2.5090000554919243,0.03832654019764599,0.5756491662657682,141.65280151367188,13.75
2013-11-01,2.5862591239406965,-2.9600000381469727,-0.4426231207587207,2.586999885737896,0.04997689272246958,0.8193260716545109,141.99127197265625,13.279999732971191
2013-11-04,2.5595502163859143,-2.869999885559082,-0.44116271253946904,2.5689999982714653,0.04594159189620711,-0.9157907587240773,142.49090576171875,12.930000305175781
2013-11-05,2.5855058828402475,-2.7799997329711914,-0.4395676169768284,2.616999939084053,0.051452026506828265,-0.9121646422637936,142.03961181640625,13.270000457763672
2013-11-06,2.539237000354669,-3.0500001907348633,-0.4377995805943628,2.5950001031160355,0.06825909252831353,-0.8547765395041502,142.76483154296875,12.670000076293945
2013-11-07,2.632607994965697,-2.1700000762939453,-0.4391672526283398,2.5649999156594276,0.054811055551944196,1.2112820263096946,140.9598388671875,13.90999984741211
2013-11-08,2.5572272817963295,-2.6599998474121094,-0.43105019210586415,2.6940000504255295,0.046882349487095125,0.5783450434917589,142.8614959716797,12.899999618530273
2013-11-11,2.528125747596819,-2.09999942779541,-0.4331463567491831,2.6989999264478683,0.04062930137175117,-1.6489763241676256,142.8857421875,12.529999732971191
2013-11-12,2.551006427687861,-1.859999656677246,-0.43525940829234,2.7099998891353607,0.034611705481558626,-1.010149522366468,142.59567260742188,12.819999694824219
2013-11-13,2.5273274022345453,-2.0799999237060547,-0.4337733423398465,2.654999904334545,0.04988357538338853,-0.3913414420136924,143.7398223876953,12.520000457763672
2013-11-14,2.5152741771529077,-3.190000534057617,-0.4363180448492293,2.6339998990297318,0.04099151190974264,-0.39064130677141284,144.45704650878906,12.369999885559082
2013-11-15,2.5006159090701527,-3.640000343322754,-0.4348142184074517,2.6390001103281975,0.03867169466866685,-0.4131347764109094,145.08554077148438,12.1899995803833
2013-11-18,2.572612259326932,-3.130000114440918,-0.44217788320314,2.612999975681305,0.028434813768530503,-0.3620350173676492,144.57786560058594,13.100000381469727
2013-11-19,2.5945081853433165,-3.380000114440918,-0.4391108428892608,2.631999894976616,0.02620184073517342,-0.6708075125868586,144.26361083984375,13.390000343322754
2013-11-20,2.5952546784889754,-2.9600000381469727,-0.43577938755262396,2.715000055730343,0.017294677091778128,0.27684826032030124,143.81240844726562,13.399999618530273
2013-11-21,2.538447404663274,-3.810000419616699,-0.4342691239176719,2.713999919593334,0.030131121131142677,-0.716917132190089,144.97279357910156,12.65999984741211
2013-11-22,2.506341949177057,-3.809999465942383,-0.4370240474685039,2.687000095844269,0.03180431426641305,-1.066075333755066,145.69802856445312,12.260000228881836
2013-11-25,2.548663612608189,-2.9099998474121094,-0.4372704071986213,2.6809999383985996,0.0262509930072123,-1.0882211736749636,145.55296325683594,12.789999961853027
2013-11-26,2.5502261486656055,-3.0,-0.43852781199276186,2.628000095486641,0.024937897658975684,-0.8405464007257649,145.59326171875,12.8100004196167
2013-11-27,2.5634096760090963,-2.940000534057617,-0.43934458964481854,2.6730000600218773,0.022050384042304114,-1.64263789889996,145.94781494140625,12.979999542236328
2013-11-29,2.6173958189118265,-1.4399995803833008,-0.4374892559172036,2.6859999373555183,0.026366857073223324,-1.6601921627158305,145.8511199951172,13.699999809265137
2013-12-02,2.655352379932845,-0.8899993896484375,-0.43241269687634093,2.751000117510557,0.026607142665783054,-0.34624553907978983,145.4723663330078,14.229999542236328
2013-12-03,2.6775910067264266,-0.8099994659423828,-0.4359270855072028,2.74000009521842,0.01989051120191293,0.14522655536708542,144.8438262939453,14.550000190734863
2013-12-04,2.6878474808095296,-0.8599996566772461,-0.43526370767508243,2.789000079035759,0.016266460675838697,0.3146065412875339,144.8276824951172,14.699999809265137
2013-12-05,2.7133693575205298,-0.3599996566772461,-0.43381766894442964,2.8139999881386757,0.015033852878870695,-0.14953988713716398,144.19114685058594,15.079999923706055
2013-12-06,2.6239436890389327,-2.25,-0.4331285260622928,2.8309998959302902,0.021055727167886246,0.4718283561825659,145.80271911621094,13.789999961853027
2013-12-09,2.601948653252886,-1.4099998474121094,-0.43096805073489836,2.8050001114606857,0.03631857515340535,-1.2709066528015884,146.17340087890625,13.489999771118164
2013-12-10,2.632607994965697,-0.5700006484985352,-0.43500088005811444,2.726999931037426,0.019328325910915604,-0.9294231629335207,145.64962768554688,13.90999984741211
2013-12-11,2.73566537308291,1.3700008392333984,-0.43520522934507194,2.7760000973939896,0.007863781072284314,0.5531084383223649,144.0137939453125,15.420000076293945
2013-12-12,2.7434173424847415,0.48999977111816406,-0.4353683220575897,2.814000092446804,0.006589478465687291,0.07641278233077904,143.5384063720703,15.539999961853027
2013-12-13,2.757475098952692,0.9599990844726562,-0.436472926250295,2.8080000318586826,-0.0015145007067275545,-0.16308646316634176,143.5222930908203,15.760000228881836
2013-12-16,2.774462009456489,0.7300014495849609,-0.4364005614580742,2.819000095129013,-0.0002790039313705484,-0.5298805463652979,144.416748046875,16.030000686645508
2013-12-17,2.7856282792684133,0.5599994659423828,-0.43926631337818267,2.7799999341368675,-0.007805782008372028,-0.7135004904391244,143.9574432373047,16.209999084472656
2013-12-18,2.624668605984526,-2.0399999618530273,-0.4375468478541641,2.8249999918043613,0.012627826893593118,3.6079875151748078,146.41514587402344,13.800000190734863
2013-12-19,2.649714597130255,-2.5,-0.4371361131699919,2.8669999539852142,0.013647789152811406,0.6958039255292524,146.24598693847656,14.149999618530273
2013-12-20,2.6239436890389327,-2.280000686645508,-0.44111511191572406,2.832000084221363,0.022580220631099605,2.331400977161428,147.09666442871094,13.789999961853027
2013-12-23,2.5680215535731254,-2.2900009155273438,-0.4387958565407559,2.870999902486801,0.019871891543289964,-0.8007243090720445,147.8824920654297,13.039999961853027
2013-12-24,2.5241273262614996,-3.130000114440918,-0.4390709550887055,2.9150000363588333,0.0170709880193807,-1.8445513631038726,148.2065887451172,12.479999542236328
2013-12-26,2.512035310988585,-3.109999656677246,-0.43741497809076857,2.9300000108778477,0.02313813689222168,-1.3381898066728168,148.96005249023438,12.329999923706055
2013-12-27,2.5225235164208617,-2.5,-0.4366470632931339,2.9480000436306,0.02280691591933239,-1.3452759263334613,148.9519500732422,12.460000038146973
2013-12-30,2.6071243134574336,-1.7800006866455078,-0.43875943744369145,2.9210000708699226,0.020211238530383563,-1.4250458870212446,148.9276123046875,13.5600004196167
2013-12-31,2.61885464176048,-1.0200004577636719,-0.4355778464602416,2.9630000218749046,0.025595961510081304,-0.6334188310446942,149.63250732421875,13.720000267028809
2014-01-02,2.655352379932845,-1.4300003051757812,-0.43578037810465886,2.9269998967647552,0.018566352635321064,0.24799312535321175,148.198486328125,14.229999542236328
2014-01-03,2.621765849139052,-2.9200000762939453,-0.43758727425458904,2.936999887228012,0.022732468479368818,-0.7361393364802844,148.1741943359375,13.760000228881836
2014-01-06,2.6063865614020836,-2.309999465942383,-0.4376196197102707,2.9159999638795853,0.019941490137764348,-0.023390790774247817,147.7447509765625,13.550000190734863
2014-01-07,2.55877650425956,-2.8400001525878906,-0.436835378882638,2.8940000347793102,0.03046925641878459,-0.6077532389347379,148.65216064453125,12.920000076293945
2014-01-08,2.554899012715967,-2.6700000762939453,-0.4331993078732525,2.953000031411648,0.019572409929833924,-0.30062940633029034,148.68453979492188,12.869999885559082
2014-01-09,2.5564518435859096,-2.5399999618530273,-0.43397048600904103,2.9300000593066216,0.01768720426529652,-0.4394203684270884,148.78179931640625,12.890000343322754
2014-01-10,2.4965058139116447,-3.969999313354492,-0.43637360448378276,2.826999895274639,0.02399609030387534,-0.0803263707896277,149.18692016601562,12.140000343322754
2014-01-13,2.5862591239406965,-1.8899993896484375,-0.4393515204174464,2.796999903395772,0.02189636771200208,1.312931456813017,147.2019500732422,13.279999732971191
2014-01-14,2.5079719009739794,-3.179999351501465,-0.4349032670022882,2.835999958217144,0.03604152070231095,-0.008617635882951703,148.8061065673828,12.279999732971191
2014-01-15,2.5079719009739794,-3.8199996948242188,-0.4331359109467441,2.8490000627934933,0.041529297695658295,-0.17675616803722713,149.60816955566406,12.279999732971191
2014-01-16,2.528125747596819,-3.59999942779541,-0.4359067818728765,2.8129999358206987,0.03401614885211684,-0.9394244886092297,149.41375732421875,12.529999732971191
2014-01-17,2.5209170535797867,-3.1700000762939453,-0.43682076220882127,2.796999903395772,0.032963075672504026,0.16014828752224491,148.78179931640625,12.4399995803833
2014-01-21,2.554899012715967,-2.1599998474121094,-0.43415455312269724,2.7970000468194485,0.018970877533843224,-0.41061704615462785,149.2192840576172,12.869999885559082
2014-01-22,2.552565310145607,-2.1700000762939453,-0.43321452608266775,2.8299998957663774,0.02077856222834625,-1.2229694333303964,149.31655883789062,12.84000015258789
2014-01-23,2.6224923459841123,-0.7699995040893555,-0.43831498365452987,2.743000002577901,0.00675123988812915,0.9547510808442864,148.09310913085938,13.770000457763672
2014-01-24,2.8981194110402666,3.440000534057617,-0.44426458386270523,2.701999895274639,-0.020142954177313002,2.988089877640012,144.93350219726562,18.139999389648438
2014-01-27,2.8576189758040322,1.9100017547607422,-0.44267822548767993,2.7180000320076942,-0.027263970528141702,2.088404110165942,144.22047424316406,17.420000076293945
2014-01-28,2.7600099521047476,1.0900001525878906,-0.4431301436460656,2.7010000497102737,-0.02639788728374372,0.15187152145441574,145.0792694091797,15.800000190734863
2014-01-29,2.8535925283795955,2.1599998474121094,-0.44811979768942706,2.634999953210354,-0.03599486251229051,2.8111293990035437,143.685791015625,17.350000381469727
2014-01-30,2.850128352646461,0.5799999237060547,-0.44691905715062924,2.67800007853657,-0.025287018588848735,0.2934197024638233,145.20889282226562,17.290000915527344
2014-01-31,2.912893986956671,1.2299995422363281,-0.4502538952885641,2.6579999830573797,-0.03588462550695004,2.1439040765030186,144.3582000732422,18.40999984741211
2014-02-03,3.065258361112005,3.8100013732910156,-0.45968339520573687,2.5610000900924206,-0.04901730834282881,3.2713984793721123,141.10935974121094,21.440000534057617
2014-02-04,2.9502117901910383,1.2900009155273438,-0.45368583570778986,2.5690000727772713,-0.04187317005267156,1.2206019703595612,142.0977783203125,19.110000610351562
2014-02-05,2.993229181578451,1.6299991607666016,-0.45049584135879667,2.6120000556111336,-0.040225741603600894,1.1649109853899944,141.9195556640625,19.950000762939453
2014-02-06,2.8466520239720103,0.8799991607666016,-0.445989961258541,2.6419999040663242,-0.03324769491350592,0.45078557853936885,143.79107666015625,17.229999542236328
2014-02-07,2.727199017446074,-1.8299999237060547,-0.4440524553257464,2.6029999554157257,-0.02114585917583389,1.253034661272503,145.573486328125,15.289999961853027
2014-02-10,2.7252350408551207,-2.09999942779541,-0.443840541322871,2.6229999735951424,-0.019964834145641104,-0.45980368743096073,145.84085083007812,15.260000228881836
2014-02-11,2.674838082670172,-2.7100000381469727,-0.4400617561778146,2.674000099301338,-0.011799800050609476,0.11485637259259394,147.4368896484375,14.510000228881836
2014-02-12,2.6602595506039637,-2.979999542236328,-0.4386401379298345,2.720000009983778,0.002089030670725586,-0.41355171762686443,147.50978088378906,14.300000190734863
2014-02-13,2.649007684748678,-3.439999580383301,-0.43990249347678634,2.711000060662627,-0.0035998305065318512,-0.2896329151365094,148.27139282226562,14.140000343322754
2014-02-14,2.6078614513577736,-4.329999923706055,-0.4401981967693462,2.7360000517219305,-0.0034716967731500906,-0.37766229357458186,149.0896759033203,13.569999694824219
2014-02-18,2.629728226075773,-3.0399999618530273,-0.44087850333853024,2.6959999660030007,-0.0009767860838756851,-0.7270108626650755,149.26788330078125,13.869999885559082
2014-02-19,2.740840023925201,-2.3900012969970703,-0.4423172126292735,2.688999965786934,-0.0033817214187598717,0.2956072706782334,148.27951049804688,15.5
2014-02-20,2.6939512741434677,-2.4700002670288086,-0.43793939414251903,2.7139999493956566,-0.00043397267164707517,-0.18618836870323408,149.154541015625,14.789999961853027
2014-02-21,2.6864860439749103,-2.6000003814697266,-0.43812159985169685,2.6989999674260616,-0.0022271735520757933,0.09892198732528389,148.984375,14.680000305175781
2014-02-24,2.655352379932845,-1.9499998092651367,-0.43641016039382924,2.717000000178814,0.011531403669378626,0.011963092462336495,149.8107147216797,14.229999542236328
2014-02-25,2.615203656316981,-2.640000343322754,-0.4391049463338834,2.6609999760985374,0.032718901458835645,0.07119951073378156,149.75399780273438,13.670000076293945
2014-02-26,2.663749968788886,-2.6399993896484375,-0.44066087694742023,2.63300009816885,0.03770504049304822,-0.34966419270121074,149.7621307373047,14.350000381469727
2014-02-27,2.641910395880644,-3.2100000381469727,-0.44046663771250366,2.606999959796667,0.03700182051697357,-0.4644344956607968,150.5480194091797,14.039999961853027
2014-02-28,2.6390573296152584,-2.770000457763672,-0.4388156708119058,2.6149999909102917,0.0491788047426009,0.7990089870450193,150.92872619628906,14.0
2014-03-03,2.772588722239781,-0.7100009918212891,-0.4423496199198,2.5640001110732555,0.03157776841426061,1.1445848088822566,149.867431640625,16.0
2014-03-04,2.6461748244387127,-2.469999313354492,-0.4333674478858699,2.6429999843239784,0.05141113335753726,1.1063802314802476,151.97390747070312,14.100000381469727
2014-03-05,2.631169181483513,-3.280000686645508,-0.4346491007345272,2.6479999534785748,0.07507969076476212,-0.6897805712993446,152.11166381835938,13.890000343322754
2014-03-06,2.6539459447935254,-2.75,-0.43312504783827577,2.691999986767769,0.07038721048910435,-0.8062660845203657,152.46005249023438,14.210000038146973
2014-03-07,2.6468837415328474,-3.130000114440918,-0.4333263207708749,2.744999960064888,0.07206708894238592,-0.08053805585242636,152.52484130859375,14.109999656677246
2014-03-10,2.653241951175182,-2.8299999237060547,-0.4316635397494621,2.743999920785427,0.05843462632921451,-0.9561781585684288,152.4438018798828,14.199999809265137
2014-03-11,2.69462719365756,-2.2200002670288086,-0.43307340503017255,2.7210000306367874,0.04116037511579743,-0.40572510074874046,151.69036865234375,14.800000190734863
2014-03-12,2.6720775590973527,-2.229999542236328,-0.4349107020529327,2.686000071465969,0.03959226467579042,-0.29020935696250083,151.73085021972656,14.470000267028809
2014-03-13,2.786245006354004,0.07999992370605469,-0.4410955682421729,2.6130001172423363,0.017431387150189322,0.8175838489936251,150.02944946289062,16.219999313354492
2014-03-14,2.8803214049171983,2.7099990844726562,-0.440724819058139,2.6049999818205833,0.014125188720718572,0.7809923766878779,149.60816955566406,17.81999969482422
2014-03-17,2.7498317570687476,-0.8200006484985352,-0.43805004092004274,2.655999880284071,0.017978499805651558,-0.4622859369368799,150.96119689941406,15.640000343322754
2014-03-18,2.675527040923073,-1.9300003051757812,-0.4381654659947631,2.630999993532896,0.019587393773284313,-0.3824923657719382,152.0387420654297,14.520000457763672
2014-03-19,2.716018363182543,-1.3199996948242188,-0.4360427080369779,2.7220000736415386,0.01304957606037952,1.2470140779523096,151.22853088378906,15.119999885559082
2014-03-20,2.675527040923073,-1.6399993896484375,-0.43401682844758566,2.723000094294548,0.025515804444434933,-0.0737232476888211,152.11166381835938,14.520000457763672
2014-03-21,2.70805020110221,-1.4800004959106445,-0.4380988444419537,2.7049999982118607,0.01574577863789685,1.0220102695142919,151.5216827392578,15.0
2014-03-24,2.7140322828916124,-0.8000001907348633,-0.4396694002431303,2.6900000385940075,0.012743329947306934,0.05247237633378544,150.89508056640625,15.09000015258789
2014-03-25,2.640484914257205,-1.6599998474121094,-0.4379942414737095,2.689999893307686,0.011946894314977278,-0.33279790081636274,151.61122131347656,14.020000457763672
2014-03-26,2.7033726319915394,-0.5199995040893555,-0.4416360871151677,2.6639999747276306,0.005107332383454466,0.038913261417804025,150.5207977294922,14.930000305175781
2014-03-27,2.6823904464939363,-0.6999998092651367,-0.4433788467939436,2.638999931514263,0.002941828212668148,0.5594568711920723,150.20335388183594,14.619999885559082
2014-03-28,2.667922399422403,-1.0500001907348633,-0.44091033883152164,2.6789998933672905,0.002626304133808488,-0.4703842121664999,150.9439239501953,14.40999984741211
2014-03-31,2.630448963323681,-1.3299999237060547,-0.43934036969446405,2.695000048726797,0.008261683641919709,-0.5415128814030299,152.18081665039062,13.880000114440918
2014-04-01,2.572612259326932,-2.109999656677246,-0.43498913571672626,2.729000063613057,0.02192668741564562,-0.8374599045481007,153.1898193359375,13.100000381469727
2014-04-02,2.5718485915786373,-2.3199996948242188,-0.43467501939892356,2.7849999740719795,0.011310861357934892,-1.1011393262390041,153.70262145996094,13.09000015258789
2014-04-03,2.5930133825543216,-1.9700002670288086,-0.43614270375491787,2.7749999621883035,0.009079919953296699,-1.1071598866862042,153.49911499023438,13.369999885559082
2014-04-04,2.6361961000668175,-1.7799997329711914,-0.4377514297335814,2.7060000710189342,-0.005100648663225091,1.2050728190279316,151.68438720703125,13.960000038146973
2014-04-07,2.745345966245664,0.18000030517578125,-0.4422698472932328,2.6749999336898327,-0.016638574736978856,0.46301328851126866,150.00804138183594,15.569999694824219
2014-04-08,2.700689869753188,-1.0199995040893555,-0.44257627040607217,2.655999993905425,-0.011992581357074508,-0.2663250471678258,150.62652587890625,14.890000343322754
2014-04-09,2.6261167962573397,-2.140000343322754,-0.44183903541244046,2.6560000143945217,0.003655551625499114,-0.5864729435929135,152.2458953857422,13.819999694824219
2014-04-10,2.765690002154839,0.43000030517578125,-0.4460614755819723,2.6000000201165676,-0.01784051608706363,1.237271673772845,149.0478973388672,15.890000343322754
2014-04-11,2.8349765349943556,0.8499984741210938,-0.45099756344604836,2.5889999587088823,-0.015613621062006302,1.0584145612595601,147.70513916015625,17.030000686645508
2014-04-14,2.779440235075385,-0.37000083923339844,-0.4484835029549399,2.608999939635396,-0.004954156620636912,0.18315405803933213,148.8688201904297,16.110000610351562
2014-04-15,2.74791171253357,-0.9600000381469727,-0.44953969111017866,2.598000021651387,-0.007093249157373241,0.7872761889325716,149.89418029785156,15.609999656677246
2014-04-16,2.6518325426255456,-1.7099990844726562,-0.44943274228790886,2.612000083550811,-0.0037826327455859382,-0.5301005791242897,151.4647216796875,14.180000305175781
2014-04-17,2.5922651424106884,-3.1599998474121094,-0.44482816904835515,2.6959999557584524,0.0029564022043011636,-0.5490002700759813,151.67628479003906,13.359999656677246
2014-04-21,2.583997552432231,-1.760000228881836,-0.4461894559859867,2.6959999557584524,0.0006150309316347324,-1.4582824269305574,152.2052459716797,13.25
2014-04-22,2.5794589349159778,-2.09999942779541,-0.4456374307894949,2.7010000701993704,0.009035178946399833,-1.0144534844632336,152.89691162109375,13.1899995803833
2014-04-23,2.5855058828402475,-2.1599998474121094,-0.44752602622485166,2.671000109054148,0.010834645749136257,-1.3307437366134267,152.5388641357422,13.270000457763672
2014-04-24,2.589266642201148,-1.5,-0.44748299272639713,2.680999963544309,0.008125119938902844,-0.9421122636689906,152.8480987548828,13.319999694824219
2014-04-25,2.643333916227234,-1.2400007247924805,-0.44763212214710946,2.6589998891577125,0.007110126446145189,-0.6108510373979833,151.59483337402344,14.0600004196167
2014-04-28,2.636912192383316,-0.8500003814697266,-0.44665715659956257,2.67400004575029,0.012383831956185525,0.32268638881268624,152.07501220703125,13.970000267028809
2014-04-29,2.6181254963566425,-1.1999998092651367,-0.44534117653070293,2.679999933578074,0.0121101420125232,-1.0171410140593238,152.78298950195312,13.710000038146973
2014-04-30,2.5960006859149227,-1.9700002670288086,-0.448350177300954,2.6280000023543835,0.0069273951609640574,-0.5353583056955806,153.2386932373047,13.40999984741211
2014-05-01,2.583997552432231,-2.0900001525878906,-0.4535676940902575,2.5879999473690987,0.0004254308946111251,-0.7564404020607091,153.2550048828125,13.25
2014-05-02,2.5580021930391945,-3.450000762939453,-0.4533374497277614,2.5760000804439187,-0.004351134313575719,-0.5920250591380173,153.03529357910156,12.90999984741211
2014-05-05,2.5870118698548024,-2.5,-0.45122880618353073,2.5960000613704324,-0.0011139715247228295,-1.304330020321676,153.32821655273438,13.289999961853027
2014-05-06,2.624668605984526,-1.9300003051757812,-0.45270472611098167,2.5750000290572643,0.002036495719544452,-0.964909799568437,151.9936065673828,13.800000190734863
2014-05-07,2.5952546784889754,-1.8000001907348633,-0.45138704811946523,2.5699999146163464,0.019021718681678415,-0.24589871608629194,152.88876342773438,13.399999618530273
2014-05-08,2.5974910332585845,-2.0699996948242188,-0.4518522488023818,2.5799999982118607,0.013842217952302283,-0.65902037626425,152.7260284423828,13.430000305175781
2014-05-09,2.55877650425956,-3.2100000381469727,-0.4497996507251889,2.6009999066591263,0.004639842704965015,-0.9705230567047365,152.9539337158203,12.920000076293945
2014-05-12,2.503891912269508,-2.6800003051757812,-0.4462007068311526,2.6359998993575573,0.03555733902610394,-0.8531235161553353,154.4429931640625,12.229999542236328
2014-05-13,2.4956817323904943,-3.2899999618530273,-0.4483322964190086,2.598000030964613,0.04550316753453916,-1.5027063407507457,154.58145141601562,12.130000114440918
2014-05-14,2.4989739132684536,-3.020000457763672,-0.4527699533357436,2.522999983280897,0.03290617798416365,-1.2765267972925567,153.84901428222656,12.170000076293945
2014-05-15,2.5779415215481998,-1.5099992752075195,-0.4554832841009956,2.4840000942349434,0.017223108660264493,1.433341091746348,152.49818420410156,13.170000076293945
2014-05-16,2.5209170535797867,-3.3299999237060547,-0.45229941911000254,2.502999887801707,0.010262688556823198,-0.4593642353833984,153.02716064453125,12.4399995803833
2014-05-19,2.5193080826481626,-3.09999942779541,-0.4498966640894982,2.518000014126301,0.012529304143358806,-1.5398479221044237,153.58863830566406,12.420000076293945
2014-05-20,2.5618676938675677,-2.1999998092651367,-0.4511644716871031,2.484000062569976,0.002722927056133176,0.02380789279675657,152.62025451660156,12.960000038146973
2014-05-21,2.477378370555463,-3.3999996185302734,-0.4494209308114889,2.5119999404996634,0.006577952177433741,-0.7008146773474474,153.90597534179688,11.90999984741211
2014-05-22,2.487403507789679,-3.559999465942383,-0.44834546616270454,2.527000065892935,0.01135179202199618,-1.5367343893764864,154.2803192138672,12.029999732971191
2014-05-23,2.4300983830709315,-4.130000114440918,-0.4491215272595741,2.508000012487173,0.01332741479041351,-1.496468805393217,154.8988037109375,11.359999656677246
2014-05-27,2.443216242619268,-2.9900007247924805,-0.45169813661232383,2.4899998866021633,0.027688136165559284,-1.121383225027742,155.85086059570312,11.510000228881836
2014-05-28,2.457878003528144,-3.190000534057617,-0.45614542331801416,2.4099999628961086,0.023794391565616104,-1.2538932654441775,155.7369384765625,11.680000305175781
2014-05-29,2.448415514829113,-3.3999996185302734,-0.4522741241500373,2.417000027373433,0.02430935592426664,-1.2950996150255065,156.5425567626953,11.569999694824219
2014-05-30,2.4336133219381924,-4.020000457763672,-0.4513880817188351,2.42700001783669,0.02294144256619043,-0.9054698070849997,156.7948455810547,11.399999618530273
2014-06-02,2.4492794655564256,-3.4099998474121094,-0.4490081752971693,2.5089999195188284,0.02397587848056723,-1.2317429108954423,156.9738311767578,11.579999923706055
2014-06-03,2.474014198980387,-2.809999465942383,-0.44433814674599836,2.5629999358206987,0.024892005572790827,-1.193518168478191,156.8924560546875,11.869999885559082
2014-06-04,2.4915511861909447,-2.1800003051757812,-0.44382926475050455,2.5759999472647905,0.025000442180185118,-1.4546662759920936,157.20980834960938,12.079999923706055
2014-06-05,2.457878003528144,-2.6999998092651367,-0.4435111995063196,2.554000111296773,0.04024406935883389,-0.32173461294623257,158.23519897460938,11.680000305175781
2014-06-06,2.373043513980568,-3.5799999237060547,-0.44277239458636986,2.568999882787466,0.03914338954775621,-0.7200103605568637,158.9920196533203,10.729999542236328
2014-06-09,2.4114394636935956,-3.25,-0.43958609467537885,2.5829999167472124,0.041231280149347994,-1.1319110756198738,159.1547393798828,11.149999618530273
2014-06-10,2.396985747589157,-3.489999771118164,-0.43824975269135974,2.5999999903142452,0.03984243562235411,-1.3386007564686448,159.1710205078125,10.989999771118164
2014-06-11,2.4510051309976397,-2.8400001525878906,-0.43890679943886307,2.6070001050829887,0.02667150743867153,-0.958914642842519,158.61764526367188,11.600000381469727
2014-06-12,2.530517194449025,-2.119999885559082,-0.44275223208809633,2.5529999658465385,0.018670398219416337,0.20639509400926342,157.49465942382812,12.5600004196167
2014-06-13,2.4997952873372333,-2.310000419616699,-0.4414228237871036,2.5740000922232866,0.026463687703846998,-0.5225722018405293,157.9747772216797,12.180000305175781
2014-06-16,2.537657185017819,-1.4300003051757812,-0.4418651947706215,2.5719998832792044,0.036106749638109115,-0.3457482643233748,158.10501098632812,12.649999618530273
2014-06-17,2.4898942260931265,-0.9799995422363281,-0.4392208894772063,2.6219999715685844,0.03541908099883811,-0.41850427217394365,158.54437255859375,12.0600004196167
2014-06-18,2.361796920267479,-2.0699996948242188,-0.4404397196577267,2.5949999168515205,0.039069921446860445,0.27568562905177485,159.70809936523438,10.609999656677246
2014-06-19,2.362739005037812,-2.630000114440918,-0.4371070761917453,2.6119999792426825,0.04651510302842356,-0.3513891244255272,159.88710021972656,10.619999885559082
2014-06-20,2.384165115144968,-2.5399999618530273,-0.4381035304366998,2.6140000727027655,0.0401540117117451,0.17740803582848966,160.211669921875,10.850000381469727
2014-06-23,2.3960753943907034,-2.6499996185302734,-0.4381254960141174,2.6179999066516757,0.037418903798047104,-0.836952117128496,160.16268920898438,10.979999542236328
2014-06-24,2.4956817323904943,-1.369999885559082,-0.4431728585217668,2.563999965786934,0.027375331961204747,0.058574603902158066,159.19778442382812,12.130000114440918
2014-06-25,2.4501426705171383,-2.0,-0.4427110589567025,2.539000015705824,0.025757643640027524,-0.3912970921972775,159.9173583984375,11.59000015258789
2014-06-26,2.453587976370721,-1.8099994659423828,-0.4456049909779471,2.5000000949949026,0.02577271174241558,-0.3127134821890157,159.80287170410156,11.630000114440918
2014-06-27,2.421256643038528,-2.1700000762939453,-0.44543817004846664,2.514000065624714,0.02255557731381578,-0.7533919356630353,160.11358642578125,11.260000228881836
2014-06-30,2.448415514829113,-1.8400001525878906,-0.44535553267141637,2.4960000328719616,0.02043421105937576,-0.7775750017292827,160.0317840576172,11.569999694824219
2014-07-01,2.4114394636935956,-2.689999580383301,-0.44121582232113354,2.537999963387847,0.025964686515586755,-0.05846675859286361,161.1029815673828,11.149999618530273
2014-07-02,2.3813962452135495,-3.0699996948242188,-0.43703250849500797,2.621000020764768,0.027497476885687083,-1.373897756191177,161.26646423339844,10.819999694824219
2014-07-03,2.33408373048212,-3.6999998092651367,-0.4374922294750813,2.6450000018812716,0.030382713488931592,-1.3272075365707088,162.0595703125,10.319999694824219
2014-07-07,2.427454068306116,-2.3999996185302734,-0.4400112161854941,2.6100001027807593,0.020394270497406653,-1.01980119013968,161.49542236328125,11.329999923706055
2014-07-08,2.4832385544766455,-1.5699996948242188,-0.44351661147278404,2.54000005684793,0.00917198836603832,0.7144779544713943,160.45700073242188,11.979999542236328
2014-07-09,2.4553061472675264,-2.510000228881836,-0.4458568240864314,2.5319999316707253,0.012623284692758432,-0.5816530847097356,161.17652893066406,11.649999618530273
2014-07-10,2.5329028601760246,-1.5699996948242188,-0.4481693232727248,2.5170000651851296,0.008556167220013889,0.3991661636230662,160.53875732421875,12.59000015258789
2014-07-11,2.4915511861909447,-2.130000114440918,-0.4495869981482806,2.50499998126179,0.013413033589099453,-0.9192200667030184,160.759521484375,12.079999923706055
2014-07-14,2.4697929861593577,-2.310000419616699,-0.44780230590819464,2.5340000251308084,0.02554074824219159,-1.174640879453322,161.56900024414062,11.819999694824219
2014-07-15,2.481567751712032,-2.0799999237060547,-0.44829634127944645,2.529000025242567,0.020622671790639424,1.2204116842125299,161.26646423339844,11.960000038146973
2014-07-16,2.3978952727983707,-2.369999885559082,-0.4522451850741895,2.520000107586384,0.023493162872036136,-0.17385600208789523,161.86337280273438,11.0
2014-07-17,2.6769034694817853,1.2599992752075195,-0.46305678055867644,2.4679999044165015,0.009287402699753486,2.906909905806624,160.02369689941406,14.539999961853027
2014-07-18,2.4898942260931265,-1.3099994659423828,-0.4575529830921267,2.4739999677985907,0.01214138726099515,1.8552547573536788,161.65899658203125,12.0600004196167
2014-07-21,2.5502261486656055,-0.8500003814697266,-0.45925881513702305,2.4609999768435955,0.009147543057005327,-0.7778585551893228,161.35638427734375,12.8100004196167
2014-07-22,2.5047092583846835,-1.9600000381469727,-0.4586266071946128,2.4460000805556774,0.011468107683695446,-0.7569749539821875,162.0595703125,12.239999771118164
2014-07-23,2.4440846950041744,-2.5500001907348633,-0.4578825986308414,2.4439999870955944,0.013991791469450744,-0.8429362293779421,162.41940307617188,11.520000457763672
2014-07-24,2.47148364234335,-2.5699996948242188,-0.4521350881166509,2.4890000633895397,0.020084801577413474,-1.2071136891022831,162.4275665283203,11.84000015258789
2014-07-25,2.540814248659574,-2.1599998474121094,-0.45769293303668723,2.4490001015365124,0.010882293467746816,-0.2843823356308647,161.66712951660156,12.6899995803833
2014-07-28,2.530517194449025,-1.8999996185302734,-0.4595022520566108,2.465999936684966,0.012003003805468315,-0.6097580919177541,161.7325439453125,12.5600004196167
2014-07-29,2.5862591239406965,-0.75,-0.461811918339928,2.433999892324209,0.005754006000470223,-0.07152302686292338,161.03753662109375,13.279999732971191
2014-07-30,2.5900171284671405,-0.9700002670288086,-0.4613692867410997,2.5259998999536037,0.0064173898708198675,1.0593428480844065,161.06207275390625,13.329999923706055
2014-07-31,2.8302678788376356,3.210000991821289,-0.4667735908212307,2.5379999950528145,-0.02019972091566537,4.077778116112655,157.8813934326172,16.950000762939453
2014-08-01,2.8349765349943556,2.229999542236328,-0.47200997274640066,2.4870001152157784,-0.024273961386032394,3.74473365785987,157.39901733398438,17.030000686645508
2014-08-04,2.716018363182543,-0.9400005340576172,-0.46619633624876855,2.4759999373927712,-0.021985493436112415,0.22277000697233013,158.53549194335938,15.119999885559082
2014-08-05,2.825536946304965,0.05000114440917969,-0.4691521440150905,2.4580000396817923,-0.028241488959811482,2.282444107861095,156.99835205078125,16.8700008392334
2014-08-06,2.7954504426495905,-0.6800003051757812,-0.46500733351123175,2.4539999775588512,-0.02147836734260489,0.3031514489257114,157.04739379882812,16.3700008392334
2014-08-07,2.8130106275797595,-0.45999908447265625,-0.4669665096543709,2.404000025242567,-0.03138214637195971,1.6519462442194608,156.19700622558594,16.65999984741211
2014-08-08,2.7581094300024462,-1.3000001907348633,-0.46359129111739666,2.394999962300062,-0.015915153390722366,0.9955757477441788,158.0039825439453,15.770000457763672
2014-08-11,2.655352379932845,-0.9200000762939453,-0.45929096890684135,2.3950000759214163,-0.0143952220829804,-0.41608453969571413,158.46192932128906,14.229999542236328
2014-08-12,2.648300204795581,-1.2100000381469727,-0.4590010681436627,2.416999911889434,-0.020812066412682028,-0.4513014618778764,158.2411651611328,14.130000114440918
2014-08-13,2.5572272817963295,-2.2200002670288086,-0.45812919150482884,2.3830001074820757,-0.01219200034434464,-0.6022424364957696,159.31224060058594,12.899999618530273
2014-08-14,2.5193080826481626,-2.140000343322754,-0.45729894447112407,2.3720000945031643,-0.011175463504319838,-0.9751153521536636,160.06454467773438,12.420000076293945
2014-08-15,2.5764217296146685,-0.07999992370605469,-0.45878820988239205,2.323000028729439,5.053597695413177e-05,1.813018915076701,160.0317840576172,13.149999618530273
2014-08-18,2.511223933334612,-1.8400001525878906,-0.4536661323561816,2.365000084042549,-0.0017719241458115426,-0.37112417419040894,161.372802734375,12.319999694824219
2014-08-19,2.5022552912468536,-2.7899999618530273,-0.453314591840314,2.3799999710172415,0.0053070135916746,-0.8938226664835496,162.21498107910156,12.210000038146973
2014-08-20,2.46640315555546,-2.9600000381469727,-0.4503101352134934,2.401000117883086,0.0036264978496388482,-0.423402554299128,162.64834594726562,11.779999732971191
2014-08-21,2.4647039619332216,-2.5900001525878906,-0.4537435392438768,2.3920000651851296,0.004320007370943478,-0.5961587620828851,163.12257385253906,11.760000228881836
2014-08-22,2.4397349544219074,-3.4300003051757812,-0.4574367127925871,2.3880001166835427,0.0027149021689736015,-0.32411133435365247,162.869140625,11.470000267028809
2014-08-25,2.4595888255015854,-3.1499996185302734,-0.4568991648522541,2.372000084258616,0.012464960433028464,-0.7346482591541208,163.69491577148438,11.699999809265137
2014-08-26,2.453587976370721,-3.5699996948242188,-0.4568245009046242,2.3660000320523977,0.012709727986316584,-1.2731278599312175,163.80123901367188,11.630000114440918
2014-08-27,2.46640315555546,-4.029999732971191,-0.4594432507668741,2.336000060662627,0.01661681882324072,-1.2342926620567791,163.73582458496094,11.779999732971191
2014-08-28,2.4890646757652832,-3.7899999618530273,-0.46308844386448805,2.31200011074543,0.01591485945003333,-0.8716402765129592,163.64585876464844,12.050000190734863
2014-08-29,2.4923786772477015,-4.310000419616699,-0.46309309790315323,2.324999935925007,0.03870494895916712,-0.6216044001884572,164.1119842529297,12.09000015258789
2014-09-02,2.505525936990736,-4.140000343322754,-0.4571519200880955,2.398999910801649,0.04126626089948121,-0.4103331523081164,164.03016662597656,12.25
2014-09-03,2.5144654242526223,-3.560000419616699,-0.46104695668634527,2.3900000862777233,0.03352342606471134,-0.9091162028642906,163.9402313232422,12.359999656677246
2014-09-04,2.536866415880321,-2.739999771118164,-0.4572432951174464,2.4279999546706676,0.04181935840203528,0.01764876302099863,163.70314025878906,12.640000343322754
2014-09-05,2.4923786772477015,-3.809999465942383,-0.45858979569724034,2.4409999661147594,0.04599202143223271,0.5672822263435473,164.43899536132812,12.09000015258789
2014-09-08,2.538447404663274,-2.3400001525878906,-0.45787327770088687,2.4490001015365124,0.04883255581095659,-0.6936881400923908,164.01380920410156,12.65999984741211
2014-09-09,2.6026896854443837,-1.510000228881836,-0.4598025582027685,2.485000000335276,0.030979047865165622,0.10116345984102353,162.97540283203125,13.5
2014-09-10,2.555675729561372,-1.890000343322754,-0.4577662801562341,2.5189999202266335,0.03184069611328172,-0.6104403257092575,163.58865356445312,12.880000114440918
2014-09-11,2.5494451858267326,-2.6100006103515625,-0.4570051275575856,2.52099989913404,0.034383794316967656,-0.6059574077729117,163.77671813964844,12.800000190734863
2014-09-12,2.5885156639334435,-1.760000228881836,-0.453356678457522,2.6040000822395086,0.021779568384073165,1.0574099618378023,162.82005310058594,13.3100004196167
2014-09-15,2.647592223960215,-0.3099994659423828,-0.4554481317651147,2.58100008033216,0.01631472622574416,-0.29431301485277717,162.69737243652344,14.119999885559082
2014-09-16,2.5439613766098743,-1.640000343322754,-0.4532255506977558,2.5739999869838357,0.024029690663861118,0.9977939351374235,163.9238739013672,12.729999542236328
2014-09-17,2.537657185017819,-2.809999465942383,-0.44727105379200943,2.5869999043643475,0.017030466489834258,2.0564377867687176,164.14459228515625,12.649999618530273
2014-09-18,2.487403507789679,-3.179999351501465,-0.44873612668691976,2.6189999487251043,0.017141246454540935,0.26417923944369553,165.01951599121094,12.029999732971191
2014-09-19,2.494031529214649,-3.9700002670288086,-0.45113897254894425,2.5799998929724097,0.013572046848855181,1.090844197738998,164.87086486816406,12.109999656677246
2014-09-22,2.616665608649028,-1.8000001907348633,-0.45389761997791694,2.562999984715134,0.0029074467720320374,1.1753654053363518,163.5975341796875,13.6899995803833
2014-09-23,2.7033726319915394,-0.4699993133544922,-0.4605725340986759,2.5280000856146216,-0.001278525956497203,0.7234259230210254,162.66104125976562,14.930000305175781
2014-09-24,2.5855058828402475,-2.3299999237060547,-0.46123294429590045,2.562000005505979,0.0014617509995025787,0.5819047841595295,163.9343719482422,13.270000457763672
2014-09-25,2.7498317570687476,-0.6500005722045898,-0.4710475040660754,2.5059999180957675,-0.01545480433425431,1.8309139440231452,161.2891845703125,15.640000343322754
2014-09-26,2.6979998909369054,-0.9800004959106445,-0.46950422183161283,2.530000085942447,-0.007141356366989549,0.40689908090561044,162.57069396972656,14.850000381469727
2014-09-29,2.771337911692091,-0.7099990844726562,-0.4711579398779753,2.485999937169254,-0.008412587970419959,0.14085986411304743,162.2749481201172,15.979999542236328
2014-09-30,2.7917783838887393,-0.31999969482421875,-0.4661595954336444,2.494999896734953,-0.013892489280054682,1.2017452321351367,161.8478240966797,16.309999465942383
2014-10-01,2.816007287818112,-0.9000015258789062,-0.4711047998585676,2.3900001160800457,-0.027038756016453735,2.433081836313442,159.6544189453125,16.709999084472656
2014-10-02,2.782539043650629,-1.3099994659423828,-0.4690581201422611,2.4279999639838934,-0.026335598405004164,1.7690031603592888,159.6791229248047,16.15999984741211
2014-10-03,2.6775910067264266,-2.1800012588500977,-0.4685509865159836,2.4370000269263983,-0.01393905382472749,0.7338156988582781,161.43710327148438,14.550000190734863
2014-10-06,2.7382560456267386,-1.2399988174438477,-0.46797183718019836,2.4149999525398016,-0.019595430840138265,0.25914051602680166,161.24810791015625,15.460000038146973
2014-10-07,2.844909428176351,-0.7800006866455078,-0.47537906880077213,2.3399999048560858,-0.03256289629677879,1.429939368102045,158.75906372070312,17.200000762939453
2014-10-08,2.715356753563089,-1.6900005340576172,-0.47569831150121633,2.3249999238178134,-0.008873553527774998,2.355372263811492,161.53562927246094,15.109999656677246
2014-10-09,2.9317269557786028,3.530000686645508,-0.48219332589483443,2.3219999028369784,-0.03266164272368565,2.768345650172396,158.33189392089844,18.760000228881836
2014-10-10,3.0558861855977573,2.020000457763672,-0.4911631280546547,2.3019999219104648,-0.04529066241469547,2.810535481793796,156.52462768554688,21.239999771118164
2014-10-13,3.2043711138945574,5.099998474121094,-0.49872874109369625,2.281000013463199,-0.05599576439036314,2.784426153612726,153.95338439941406,24.639999389648438
2014-10-14,3.12632188342992,3.239999771118164,-0.4976562575448957,2.2010000897571445,-0.05369604740692282,2.3020329155941397,154.1915740966797,22.790000915527344
2014-10-15,3.2296179395150086,8.350000381469727,-0.4981825673514422,2.079999914392829,-0.0679950038886653,4.629075912721567,153.1483612060547,25.270000457763672
2014-10-16,3.226844024792752,7.629999160766602,-0.4903161515142201,2.1330001167953014,-0.07019918310081019,2.549725998377271,153.0169219970703,25.200000762939453
2014-10-17,3.090587794158219,2.559999465942383,-0.48147345984874695,2.176999881863594,-0.06377393618271288,1.5808893999935343,154.82412719726562,21.989999771118164
2014-10-20,2.921547358930808,-0.2199993133544922,-0.4761394241000762,2.160999994724989,-0.05320975900415347,0.2154585017266593,156.3274383544922,18.56999969482422
2014-10-21,2.777576259006172,-1.4900016784667969,-0.46747562526353076,2.18999994546175,-0.025839377499680318,0.5940898793699178,159.42442321777344,16.079999923706055
2014-10-22,2.8831233761345922,-0.6999988555908203,-0.4723776163761309,2.2140000918880105,-0.027234770217805918,0.5225861321351448,158.29078674316406,17.8700008392334
2014-10-23,2.805176953372285,-2.0999984741210938,-0.4708900908468361,2.2600000957027078,-0.02347444347591446,0.5537865392686804,160.13092041015625,16.530000686645508
2014-10-24,2.779440235075385,-3.1599998474121094,-0.4685009441735452,2.2680000020191073,0.00045844610653909536,-0.058330579872574555,161.36314392089844,16.110000610351562
2014-10-27,2.7750856595161313,-1.7700004577636719,-0.4738569224765934,2.2519999695941806,-0.008830781416994164,-0.6286628029290489,161.14138793945312,16.040000915527344
2014-10-28,2.6665335447577023,-2.0699987411499023,-0.4688930171155655,2.2689999202266335,0.004394528884845197,-0.2419771527381226,162.98963928222656,14.390000343322754
2014-10-29,2.718000506775858,-1.989999771118164,-0.46780754495696186,2.307999954558909,0.005516928706425038,0.35478779505031127,162.74319458007812,15.149999618530273
2014-10-30,2.675527040923073,-2.739999771118164,-0.46890951830012456,2.302000066731125,0.025552333069310516,-0.10619505235887376,163.78652954101562,14.520000457763672
2014-10-31,2.6411978750816676,-2.7100000381469727,-0.4678773816387178,2.3320000381208956,0.03676778939216838,0.4360081177741457,165.65943908691406,14.029999732971191
2014-11-03,2.689886199397575,-2.039999008178711,-0.46379714211590994,2.3450000495649874,0.026364279214539026,-0.4328865157589027,165.7498779296875,14.729999542236328
2014-11-04,2.700689869753188,-2.119999885559082,-0.4683732825073947,2.320000007748604,0.02405992898141789,-0.43669072800010583,165.17477416992188,14.890000343322754
2014-11-05,2.651127059086777,-3.219999313354492,-0.46674011838623514,2.329999905079603,0.04591301411202356,-0.45171903406501407,166.2180938720703,14.170000076293945
2014-11-06,2.615203656316981,-3.6100006103515625,-0.4610985618826857,2.3570000007748604,0.03257022604556986,-0.19406866453028115,166.8834991455078,13.670000076293945
2014-11-07,2.574137774793312,-4.699999809265137,-0.46643915386892254,2.2940000370144844,0.053537008406123514,-0.49006800305987597,167.03952026367188,13.119999885559082
2014-11-10,2.539237000354669,-3.7200002670288086,-0.4609567183916724,2.3439999679103494,0.06815989955666779,-0.8725529790987644,167.56532287597656,12.670000076293945
2014-11-11,2.55877650425956,-3.8199996948242188,-0.45860164984354757,2.3449998954311013,0.0857032950649241,-1.060887178868363,167.72959899902344,12.920000076293945
2014-11-12,2.5664866719389225,-4.34999942779541,-0.46176183174036256,2.3459999673068523,0.08307927624720558,-0.48392853066455865,167.5488739013672,13.020000457763672
2014-11-13,2.6239436890389327,-3.9200000762939453,-0.4647901342251054,2.341999883763492,0.09099505331163807,-0.5479235269717317,167.73782348632812,13.789999961853027
2014-11-14,2.5885156639334435,-4.609999656677246,-0.47107440637392783,2.316999933216721,0.09209861644638985,-0.6318754763517777,167.77891540527344,13.3100004196167
2014-11-17,2.638342772317001,-4.510000228881836,-0.4688182323944363,2.329999914392829,0.08099355987750101,-0.6400820054327081,167.8856964111328,13.989999771118164
2014-11-18,2.6290069689909954,-4.210000038146973,-0.47163395699469673,2.307000027038157,0.0770877425913403,-0.7144747478117641,168.8550262451172,13.859999656677246
2014-11-19,2.6361961000668175,-4.550000190734863,-0.4665149337109074,2.3360000709071755,0.05586353183792253,-0.6147309729389855,168.58389282226562,13.960000038146973
2014-11-20,2.608598116512439,-5.100000381469727,-0.4702211630307491,2.320000038482249,0.06475268073861783,-0.7731520765848522,168.87966918945312,13.579999923706055
2014-11-21,2.5572272817963295,-5.340000152587891,-0.4690638891240846,2.312000057194382,0.058530973736400364,0.37224066003660333,169.78326416015625,12.899999618530273
2014-11-24,2.5352828480448486,-4.40000057220459,-0.47077251725917724,2.3049999428912997,0.053667568052538674,-0.926010965565887,170.25970458984375,12.619999885559082
2014-11-25,2.505525936990736,-4.59999942779541,-0.4734211929612379,2.241999991238117,0.05431874124100107,-0.716247206157825,170.136474609375,12.25
2014-11-26,2.4907230098256137,-4.199999809265137,-0.4755452029222666,2.2239999677985907,0.04547044808979733,-1.0078403026940066,170.57192993164062,12.069999694824219
2014-11-28,2.5900171284671405,-2.950000762939453,-0.48782371600757546,2.1890000058338046,0.04486223262781567,-1.0764274949115915,170.21046447753906,13.329999923706055
2014-12-01,2.6504210774895927,-2.0299997329711914,-0.49446806645641583,2.2109999349340796,0.03149792247999045,-0.30004378230034073,169.02757263183594,14.15999984741211
2014-12-02,2.5533438410275884,-3.390000343322754,-0.48230103170077804,2.2700000861659646,0.02657029122543282,-0.8136321506326942,170.12005615234375,12.850000381469727
2014-12-03,2.5257286443082556,-3.369999885559082,-0.4816516697814779,2.281999940983951,0.029880285383794673,-0.9017624554478703,170.7772674560547,12.5
2014-12-04,2.516082276500466,-3.760000228881836,-0.4839148239032982,2.243999969214201,0.03224891584417317,-0.514173359006542,170.5883026123047,12.380000114440918
2014-12-05,2.475697739577606,-4.600000381469727,-0.48055871171340386,2.2969999220222235,0.02758886514916648,-0.5294540320633501,170.86770629882812,11.890000343322754
2014-12-08,2.6539459447935254,-1.3100004196166992,-0.4903857636993835,2.2519999695941806,0.016887782514898243,-0.23259785085265594,169.72572326660156,14.210000038146973
2014-12-09,2.731115498884654,-1.9599990844726562,-0.49178288259334146,2.192000027745962,0.015275752965279396,0.038545544569235854,169.6107635498047,15.350000381469727
2014-12-10,2.9193910773531506,2.5699996948242188,-0.5029834829845339,2.1439999099820852,-0.00402829618756274,0.619499864525237,166.8916778564453,18.530000686645508
2014-12-11,2.9997242910240294,1.3600006103515625,-0.5055854511356762,2.1559999734163284,4.903300144866566e-05,0.5915596900264262,167.73782348632812,20.079999923706055
2014-12-12,3.048324720053904,2.8199996948242188,-0.5208427216809091,2.0879999259486794,-0.015166594729531219,1.3017594669024608,165.0269012451172,21.079999923706055
2014-12-15,3.016514816472756,0.10000038146972656,-0.5237648316822119,2.1059999372810125,-0.02318651527058956,1.0580110710627537,163.893310546875,20.420000076293945
2014-12-16,3.159974704000404,1.1599998474121094,-0.5269908139990713,2.041000099852681,-0.03148378479805654,2.139550065598336,162.57888793945312,23.56999969482422
2014-12-17,2.9673328265043923,-2.3899993896484375,-0.5070765379554034,2.1280000023543835,-0.012704886277558445,1.9469158027728075,165.76622009277344,19.440000534057617
2014-12-18,2.8219739156502905,-4.0199995040893555,-0.5001048048745914,2.1709999963641167,0.005966127393520174,1.9124767609033724,169.86544799804688,16.809999465942383
2014-12-19,2.8027541226914687,-4.69999885559082,-0.490026047014198,2.151000117883086,0.0118186659193388,1.6499695154255078,170.58815002441406,16.489999771118164
2014-12-22,2.7245795030534206,-4.890000343322754,-0.49564552515894666,2.1469999412074685,0.014655584030692535,0.16988252040322507,171.3729248046875,15.25
2014-12-23,2.69462719365756,-6.840000152587891,-0.48446919819826495,2.2369999699294567,0.010667790725285193,-0.23202112074787024,171.6041717529297,14.800000190734863
2014-12-24,2.665142692127056,-6.909999847412109,-0.48429035660878883,2.2439999394118786,0.007962113122755172,-1.3909133732045178,171.62074279785156,14.369999885559082
2014-12-26,2.6741486494265287,-5.069999694824219,-0.488154658252581,2.2400000002235174,0.011905460785655077,-1.153880978675363,172.17413330078125,14.5
2014-12-29,2.7120422502347417,-4.4800004959106445,-0.489529579528994,2.2040000171400607,0.010691747008816518,-0.8163761122163293,172.40542602539062,15.0600004196167
2014-12-30,2.7675761852085703,-4.160000801086426,-0.492370339418751,2.170000057667494,0.007432965753358057,-0.887498000974767,171.4803466796875,15.920000076293945
2014-12-31,2.954910318770165,-0.7899990081787109,-0.49571439038911536,2.133000075817108,0.004433891652479825,-0.04000158910127203,169.7786865234375,19.200000762939453
2015-01-02,2.8786365531407747,-2.989999771118164,-0.49922524083583075,2.107999906875193,-0.002543912030583933,-0.16280486214640802,169.68783569335938,17.790000915527344
2015-01-05,2.9917242559864694,-1.3400001525878906,-0.5126131491449938,2.0360000343061984,-0.024624381271449777,0.5372652482397977,166.6233367919922,19.920000076293945
2015-01-06,3.0502204985744896,-0.8899993896484375,-0.5205151449575977,1.9430000595748425,-0.032981200304892294,1.0870475688391446,165.05386352539062,21.1200008392334
2015-01-07,2.9606230687833737,-2.489999771118164,-0.5156376698547211,1.9339999966323376,-0.022233492833790103,-0.13449388816006635,167.1106414794922,19.309999465942383
2015-01-08,2.8338014198634927,-3.619999885559082,-0.5049069979301872,1.9980000331997871,0.002062306098787628,0.1956990759190072,170.07611083984375,17.010000228881836
2015-01-09,2.8650539064395404,-4.119999885559082,-0.5025502835781633,1.9559999564662576,-0.005306159547811234,0.37830755139787187,168.71316528320312,17.549999237060547
2015-01-12,2.9755295856992126,-2.279998779296875,-0.5056727419406933,1.8989999406039715,0.0029907470789950993,0.18886324151198636,167.3915557861328,19.600000381469727
2015-01-13,3.0233474146113988,-1.6400012969970703,-0.5065800622803828,1.8669999856501818,-0.004883153346578918,1.2559493377615343,166.9207305908203,20.559999465942383
2015-01-14,3.0671222483295058,0.2999992370605469,-0.5106468740217072,1.812000012025237,0.0053549303108605525,0.9408328671929534,165.91297912597656,21.479999542236328
2015-01-15,3.1086144033506558,1.6199989318847656,-0.5219665660049839,1.7519999761134386,0.0030448215442592476,0.8428699490488171,164.39309692382812,22.389999389648438
2015-01-16,3.042138682785304,0.3299999237060547,-0.5125780044278001,1.7970000579953194,0.02412618801878442,1.5200641302147382,166.5489959716797,20.950000762939453
2015-01-20,2.990217062179527,1.0699996948242188,-0.5166680924291661,1.799000040628016,0.006841543950587106,0.09617917832036448,166.90420532226562,19.889999389648438
2015-01-21,2.9365129341311405,0.31999969482421875,-0.510904036486948,1.8330000452697277,-0.012551331393693799,-0.04899871778934113,167.74673461914062,18.850000381469727
2015-01-22,2.797281311569803,-3.020000457763672,-0.5090764500247849,1.8810000279918313,-0.00203567355284808,0.8823084989755243,170.24124145507812,16.399999618530273
2015-01-23,2.8130106275797595,-2.9200000762939453,-0.5149003549262298,1.8040000312030315,-0.01212321622681598,-0.1435865795932943,169.30787658691406,16.65999984741211
2015-01-26,2.742129544250154,-3.140000343322754,-0.5101091895916849,1.82299994956702,-0.01113271761015503,-0.5905709821861668,169.704345703125,15.520000457763672
2015-01-27,2.8460714591247,-1.5500011444091797,-0.5116196388177107,1.8070000484585762,-0.02450751256981715,0.17149857094916374,167.4658660888672,17.219999313354492
2015-01-28,3.0174937914635667,0.3400001525878906,-0.5204861996441708,1.7089999774470925,-0.040633948028046284,0.7752627918037459,165.31825256347656,20.440000534057617
2015-01-29,2.9317269557786028,-1.2199993133544922,-0.5145860785987715,1.741000046953559,-0.03277581253663481,0.8442700559249605,166.84629821777344,18.760000228881836
2015-01-30,3.0430928121696454,-0.6499996185302734,-0.5255390506810964,1.6699999524280429,-0.04004967805103156,1.2509815480834905,164.74832153320312,20.969999313354492
2015-02-02,2.966818279095771,-1.5200004577636719,-0.5226376546134317,1.6679999781772494,-0.01776903170209377,0.614672272091652,166.7885284423828,19.43000030517578
2015-02-03,2.8524390993250943,-2.9499988555908203,-0.5088812932156244,1.7649999717250466,-0.0028763538385329817,-0.07432127282665335,169.20045471191406,17.329999923706055
2015-02-04,2.908539057689369,-2.950000762939453,-0.5144631824062765,1.7920000506564975,0.01153341748210779,0.09502313440995439,168.5561981201172,18.329999923706055
2015-02-05,2.8243506794375235,-3.9600000381469727,-0.5054348200934163,1.8070000568404794,0.031041697273921007,-0.5592455112256417,170.2577667236328,16.850000381469727
2015-02-06,2.850128352646461,-4.94999885559082,-0.49415554497992736,1.922999964095652,0.015888428770513517,-0.07126805712327522,169.78697204589844,17.290000915527344
2015-02-09,2.9204697479246318,-3.7900009155273438,-0.49723828308920837,1.9449999541975558,-0.006187353991072677,-0.7563212947200615,169.02703857421875,18.549999237060547
2015-02-10,2.8466520239720103,-4.529999732971191,-0.4911022108940009,1.9860000563785434,0.012455674887822258,-0.5982289236422321,170.82774353027344,17.229999542236328
2015-02-11,2.8308575763821904,-5.429999351501465,-0.4920915413781261,1.9830000353977084,0.020900148579400934,-0.7012668907460529,170.9268798828125,16.959999084472656
2015-02-12,2.7304638058861697,-5.9800004959106445,-0.4947609780744979,1.977999941445887,0.033287497923969324,-0.6041718072029516,172.57061767578125,15.34000015258789
2015-02-13,2.687166961621,-6.369998931884766,-0.48936853576432876,2.0159999085590243,0.04345124734343175,-0.6767804018281877,173.28102111816406,14.6899995803833
2015-02-17,2.7600099521047476,-4.829998970031738,-0.48538200197316483,2.136999980546534,0.054226016941730425,-0.9786638412750466,173.55360412597656,15.800000190734863
2015-02-18,2.737608990998456,-6.260000228881836,-0.4855520538050028,2.05299998447299,0.041292009667051884,-0.9113186953838465,173.57009887695312,15.449999809265137
2015-02-19,2.727199017446074,-5.670000076293945,-0.4876883496485592,2.0999999158084393,0.0384473355046217,-0.7184833774169151,173.44618225097656,15.289999961853027
2015-02-20,2.6602595506039637,-5.55000114440918,-0.48643886955270943,2.1229998972266912,0.03939484014757274,0.1716647892975036,174.4869842529297,14.300000190734863
2015-02-23,2.678278071588368,-5.380001068115234,-0.4890605653581196,2.044000015594065,0.02449144864386493,-1.0541399568469834,174.46217346191406,14.5600004196167
2015-02-24,2.616665608649028,-5.7699995040893555,-0.4945702796902817,1.97000003606081,0.032826217925665375,-1.0897048166110725,174.9578399658203,13.6899995803833
2015-02-25,2.62756296121466,-5.2300004959106445,-0.49219998803762,1.9539999822154641,0.029637074950984083,-1.0492725028859762,174.8091583251953,13.84000015258789
2015-02-26,2.632607994965697,-5.470000267028809,-0.48700161654064716,2.003000032156706,0.04173307647115196,-1.060302640077875,174.6026153564453,13.90999984741211
2015-02-27,2.5907670519258503,-6.289999008178711,-0.4891669596298287,1.9940000930801034,0.051228479590917184,-0.42222880441962374,174.0079345703125,13.34000015258789
2015-03-02,2.5680215535731254,-5.60999870300293,-0.4806458900859996,2.0790001107379794,0.04832137783502778,-0.8158937468082367,175.10650634765625,13.039999961853027
2015-03-03,2.6290069689909954,-4.970000267028809,-0.4829118314671092,2.108999978750944,0.05686275670938693,-0.41248134513922957,174.38783264160156,13.859999656677246
2015-03-04,2.655352379932845,-4.630000114440918,-0.48411320762301513,2.1129999067634344,0.04033032023590947,-0.33741731076767384,173.65264892578125,14.229999542236328
2015-03-05,2.641910395880644,-4.479999542236328,-0.48357624865612797,2.108999988529831,0.02706689187548883,-1.0496470872643375,173.8427276611328,14.039999961853027
2015-03-06,2.721295415303884,-3.1999998092651367,-0.47927018187775927,2.235000009648502,0.016717135533613113,1.021164643360133,171.3976593017578,15.199999809265137
2015-03-09,2.7120422502347417,-3.109999656677246,-0.485390562920882,2.1899999333545566,0.010809076448660354,-0.8426914740370063,172.1080780029297,15.0600004196167
2015-03-10,2.814809769672402,-1.5400009155273438,-0.49085540362578045,2.1159999277442694,-0.002776976982094457,0.4151644336659777,169.31613159179688,16.690000534057617
2015-03-11,2.825536946304965,-1.75,-0.49316171487365806,2.0959999673068523,-0.0006353714255799501,-0.4797471402930149,168.919677734375,16.8700008392334
2015-03-12,2.73566537308291,-2.34999942779541,-0.49017333147520414,2.077999956905842,0.00140165101402565,-0.7743070940714363,171.06735229492188,15.420000076293945
2015-03-13,2.772588722239781,-2.6399993896484375,-0.49077492657200295,2.0889999885112047,-0.005330080672339067,0.5215497646059005,170.01824951171875,16.0
2015-03-16,2.74791171253357,-1.25,-0.49277330027824634,2.0680000502616167,-0.001628617293948057,0.029956808200384603,172.289794921875,15.609999656677246
2015-03-17,2.751109680818858,-0.7600002288818359,-0.4994431986402662,2.0100000873208046,-0.008713419097797295,-0.7337167432569988,171.7777099609375,15.65999984741211
2015-03-18,2.636912192383316,-2.5799999237060547,-0.5027893532249694,1.912999976426363,0.001664517298862396,1.7960735067951499,173.8427276611328,13.970000267028809
2015-03-19,2.6440448494364763,-4.079998970031738,-0.5056746114020737,1.9669999983161688,-0.0030026335202367614,-0.2619601096810201,173.04971313476562,14.069999694824219
2015-03-20,2.5664866719389225,-5.979999542236328,-0.5007077168304973,1.9269999475218356,0.00650000464620597,0.9843193936945821,174.57725524902344,13.020000457763672
2015-03-23,2.5960006859149227,-4.500000953674316,-0.5022364270259141,1.9119999618269503,-0.0014335362991992348,-1.1951505815298542,174.23703002929688,13.40999984741211
2015-03-24,2.6115392923189495,-4.350000381469727,-0.5021678593973855,1.863000021316111,-0.0069264236756361305,-1.0562544824427997,173.25794982910156,13.619999885559082
2015-03-25,2.7369615174193824,-2.2899999618530273,-0.5015332979484249,1.9019999578595161,-0.024525509091169035,0.7914347278110166,170.71910095214844,15.4399995803833
2015-03-26,2.7600099521047476,-1.6499996185302734,-0.49545494884223423,1.9789999686181545,-0.026059511784635503,0.6322390291444067,170.31256103515625,15.800000190734863
2015-03-27,2.7127059923878543,-2.6999998092651367,-0.4986459554951388,1.917999954894185,-0.022590529507062522,-0.16937460304956653,170.7024688720703,15.069999694824219
2015-03-30,2.674838082670172,-2.609999656677246,-0.4976165387143432,1.9400000590831041,-0.007052565979972609,-0.7241120473537641,172.78504943847656,14.510000228881836
2015-03-31,2.727199017446074,-2.0400009155273438,-0.5006391383633815,1.90900001488626,-0.02212398024465203,-0.01988078447172902,171.27499389648438,15.289999961853027
2015-04-01,2.715356753563089,-3.0500001907348633,-0.5014505835989055,1.835000030696392,-0.02155381921322083,0.2100516506084614,170.66932678222656,15.109999656677246
2015-04-02,2.685804597355568,-3.309999465942383,-0.4990322076482185,1.894000044092536,-0.013737886493243501,-0.9838220291738987,171.28334045410156,14.670000076293945
2015-04-06,2.6905648712332506,-2.6599998474121094,-0.49780862478723414,1.9010000438429415,-0.008121660810385217,-0.3221995356910221,172.43655395507812,14.739999771118164
2015-04-07,2.6932748974531537,-2.8999996185302734,-0.49613870319657616,1.8780000070109963,0.00339323600501357,-1.0811252660890422,171.98023986816406,14.779999732971191
2015-04-08,2.6376277040614813,-3.59999942779541,-0.49603030073528986,1.876999981701374,0.0026282724968790332,-0.8644557848153822,172.56101989746094,13.979999542236328
2015-04-09,2.5718485915786373,-4.6100006103515625,-0.4919275650504532,1.9379999451339245,0.023397161052337898,-0.9356536051137776,173.32435607910156,13.09000015258789
2015-04-10,2.532108245207593,-5.550000190734863,-0.4910227480734699,1.935999975539744,0.03118366118277994,-1.2084336434205436,174.27020263671875,12.579999923706055
2015-04-13,2.634762375230749,-3.8299999237060547,-0.49255761411637095,1.9340000106021762,0.01401655257795656,-1.129755854795505,173.4820098876953,13.9399995803833
2015-04-14,2.615203656316981,-4.130000114440918,-0.4944185175833459,1.894000044092536,0.02207898823215823,-1.0795919704188748,173.81382751464844,13.670000076293945
2015-04-15,2.552565310145607,-5.09999942779541,-0.49113266271986317,1.8849999764934182,0.01328419561143892,-0.4711357558426416,174.5937957763672,12.84000015258789
2015-04-16,2.533696844232807,-4.590000152587891,-0.49263786737141807,1.8680000212043524,0.015975813047165565,-1.2050036358684348,174.54403686523438,12.600000381469727
2015-04-17,2.631169181483513,-3.229999542236328,-0.4984126652382075,1.837000023573637,-0.007544169473956257,1.8679996448506755,172.53616333007812,13.890000343322754
2015-04-20,2.5877640495686753,-2.9600000381469727,-0.49384184219090715,1.8819999806582928,0.0061233606256127756,-0.5942125719853556,174.11260986328125,13.300000190734863
2015-04-21,2.583997552432231,-2.940000534057617,-0.49293866247870566,1.8960000090301037,-0.0038573236549396405,-1.0770854745000926,173.9051513671875,13.25
2015-04-22,2.542389088202698,-3.630000114440918,-0.48742261859405034,1.9520000033080578,0.002995474578494438,-0.9041366371647617,174.75973510742188,12.710000038146973
2015-04-23,2.5241273262614996,-3.3299999237060547,-0.49030773591476023,1.9270000271499157,0.011143850609491706,-0.24946697711030943,175.1995086669922,12.479999542236328
2015-04-24,2.50878592047404,-4.40000057220459,-0.49055601745436966,1.9020000556483865,0.028223691412278037,-1.2990420018212152,175.60606384277344,12.289999961853027
2015-04-27,2.574137774793312,-3.2100000381469727,-0.4894880875302193,1.9110000245273113,0.02644123781226842,-0.8205708127405521,174.8759002685547,13.119999885559082
2015-04-28,2.5185025869209565,-3.440000534057617,-0.48508147770517573,1.9600000493228436,0.027328144806479705,-0.6059720394206571,175.43177795410156,12.40999984741211
2015-04-29,2.5945081853433165,-2.7100000381469727,-0.4786376105519355,2.0320000858046114,0.011079336416919992,0.4283177466398473,174.7100372314453,13.390000343322754
2015-04-30,2.6775910067264266,-1.419999122619629,-0.4800203696335923,2.041000003926456,0.009785565371054645,1.3871081233608344,172.95924377441406,14.550000190734863
2015-05-01,2.541601978446052,-3.609999656677246,-0.47226023263451383,2.114000102970749,0.024111383802858283,-0.12321125111351709,174.83441162109375,12.699999809265137
2015-05-04,2.5533438410275884,-3.4200000762939453,-0.4692801848042841,2.13199999043718,0.023363656153771655,-1.0023901973536364,175.33226013183594,12.850000381469727
2015-05-05,2.6609586228916786,-1.6799993515014648,-0.4689147865166484,2.1680001178756356,0.005135364058506691,0.20297460828113978,173.32435607910156,14.3100004196167
2015-05-06,2.718000506775858,-0.6700000762939453,-0.4675807119577008,2.2300000097602606,0.003659640617351008,0.818680536455056,172.61077880859375,15.149999618530273
2015-05-07,2.7166795353641056,-1.1499996185302734,-0.47167048306715104,2.1790000153705478,0.004269956029514466,-0.5032185211327314,173.29942321777344,15.130000114440918
2015-05-08,2.554121692112525,-4.2400007247924805,-0.46957462172653675,2.1470000953413546,0.012936578069491382,1.37883931792399,175.58114624023438,12.859999656677246
2015-05-11,2.6282852601762876,-2.690000534057617,-0.4657185676406175,2.2689999295398593,0.0027101911977182314,-0.8519126672220185,174.74314880371094,13.850000381469727
2015-05-12,2.6290069689909954,-2.5799999237060547,-0.46438499678083756,2.246999990195036,0.004247510711596491,0.362464057927967,174.22044372558594,13.859999656677246
2015-05-13,2.621765849139052,-2.8000011444091797,-0.46488706812074365,2.272000065073371,0.0025268584068956572,-0.3363705794192663,174.2535858154297,13.760000228881836
2015-05-14,2.54474663217841,-4.319999694824219,-0.4634275135066839,2.2290000822395086,0.008423302499771483,-0.3003590755400966,176.07066345214844,12.739999771118164
2015-05-15,2.516082276500466,-4.799999237060547,-0.468157216435477,2.131000032648444,0.009791560244699767,-0.8294751861771873,176.26148986816406,12.380000114440918
2015-05-18,2.5439613766098743,-4.219999313354492,-0.46211346026413663,2.2199999252334237,0.024463919749303963,-0.8819049085591468,176.8091278076172,12.729999542236328
2015-05-19,2.5533438410275884,-4.130000114440918,-0.4582949955635747,2.2520000841468573,0.015039815851233049,-0.9425696019718617,176.7510223388672,12.850000381469727
2015-05-20,2.555675729561372,-4.670000076293945,-0.46070178381403787,2.237999927252531,0.015527522940918467,-0.8021722911852425,176.6265411376953,12.880000114440918
2015-05-21,2.494031529214649,-4.659999847412109,-0.46402980303383606,2.17199994251132,0.013533715391700524,-1.0986062227598437,177.14096069335938,12.109999656677246
2015-05-22,2.4956817323904943,-4.879999160766602,-0.46257923019922315,2.204999914392829,0.00862884460244338,-1.2819930624527118,176.7178192138672,12.130000114440918
2015-05-26,2.643333916227234,-2.1599998474121094,-0.4690766765331007,2.1270000841468573,-0.004498517365057913,0.5165057429346206,174.81787109375,14.0600004196167
2015-05-27,2.5855058828402475,-3.059999465942383,-0.4678863773428635,2.121999990195036,0.009115127608593492,-0.3432314848900505,176.47720336914062,13.270000457763672
2015-05-28,2.5885156639334435,-2.780000686645508,-0.46621447896125545,2.127000114414841,0.004812575271142756,-0.8457814379588956,176.27809143066406,13.3100004196167
2015-05-29,2.62756296121466,-1.7100000381469727,-0.46520582081424716,2.0920000285841525,0.0027026806570664324,0.5183268728797003,175.182861328125,13.84000015258789
2015-06-01,2.636912192383316,-1.5599994659423828,-0.4579081125115116,2.1839999118819833,0.014808657243910023,-0.3506241406104091,175.5395965576172,13.970000267028809
2015-06-02,2.656054889910667,-1.7200002670288086,-0.4546554037814379,2.256000032648444,0.0030328511281538044,-0.3916131547826084,175.36546325683594,14.239999771118164
2015-06-03,2.6144718429722276,-2.6599998474121094,-0.45363614907627253,2.3559999372810125,0.0028350000034060505,-0.4810467991590981,175.8300323486328,13.65999984741211
2015-06-04,2.688527537206614,-1.260000228881836,-0.46202631373783554,2.3019999219104648,0.005870671885150031,1.2311495364301266,174.34487915039062,14.710000038146973
2015-06-05,2.6539459447935254,-2.260000228881836,-0.45996405733636764,2.391999950632453,0.008281487958344146,0.4577420036487949,174.0461883544922,14.210000038146973
2015-06-08,2.727199017446074,-0.7100000381469727,-0.4592733773141874,2.3710000421851873,-0.0018687296397081998,-0.4653222137929203,172.9758758544922,15.289999961853027
2015-06-09,2.6720775590973527,-1.1999998092651367,-0.4564546705890445,2.4040000550448895,-0.01509279065605816,0.010026590829159989,172.95103454589844,14.470000267028809
2015-06-10,2.581730854622391,-2.010000228881836,-0.45242087387892344,2.4649999253451824,0.0016133549579395914,0.8439878606099815,175.02529907226562,13.220000267028809
2015-06-11,2.5533438410275884,-2.7200002670288086,-0.459237690715509,2.374999896623194,0.007827167392256454,-0.8792006987175306,175.58944702148438,12.850000381469727
2015-06-12,2.6232182462075144,-1.4499998092651367,-0.4612025956674799,2.3799999905750155,-4.7374637283147597e-05,0.8984867583478453,174.24533081054688,13.779999732971191
2015-06-15,2.733717970158959,0.05999946594238281,-0.4657468735393028,2.3550000400282443,-0.01471599105631081,0.5881084088294674,173.4985809326172,15.390000343322754
2015-06-16,2.6953026566130425,0.09000015258789062,-0.46263438263394924,2.3100000778213143,-0.010362231550987675,-0.5418505267280731,174.4444580078125,14.8100004196167
2015-06-17,2.6741486494265287,-0.9999990463256836,-0.46344500898419316,2.302999994251877,-0.01184896144243614,0.7922502158689785,174.7264862060547,14.5
2015-06-18,2.5794589349159778,-2.3299999237060547,-0.4579438537404143,2.3480000705458224,-0.0011740765754328598,1.9797781770603682,176.5436248779297,13.1899995803833
2015-06-19,2.6361961000668175,-1.5900001525878906,-0.462720285771204,2.2639999599196017,-0.004918864151529655,0.9233111918520264,175.75987243652344,13.960000038146973
2015-06-22,2.54474663217841,-1.8400001525878906,-0.45278847620070883,2.356999895069748,-0.0027170742027366745,-1.0402358162910135,176.66030883789062,12.739999771118164
2015-06-23,2.494031529214649,-2.369999885559082,-0.451204767570675,2.400999919511378,0.0003821785041113439,-1.103055114552162,176.78536987304688,12.109999656677246
2015-06-24,2.58475200201879,-0.36999988555908203,-0.456652892726653,2.366000051610172,0.0039026072411931624,-0.2976144683358153,175.50144958496094,13.260000228881836
2015-06-25,2.6397713766859487,-0.3900003433227539,-0.45802848881296926,2.3879998875781894,-0.008589554633643547,-0.10895642905263007,174.96783447265625,14.010000228881836
2015-06-26,2.640484914257205,0.029999732971191406,-0.45634597671804406,2.471000070683658,-0.0076513162672376825,0.14356597001963797,174.93447875976562,14.020000457763672
2015-06-29,2.9365129341311405,3.8400001525878906,-0.4718873803094571,2.3260000897571445,-0.022612319942778757,3.1902232546811087,171.26602172851562,18.850000381469727
2015-06-30,2.903068563580112,2.460000991821289,-0.46524574630975896,2.32500003837049,-0.022555264199549258,2.426214725541593,171.62457275390625,18.229999542236328
2015-07-01,2.7781979704876907,0.4399986267089844,-0.46186467680002685,2.4149999828077853,-0.013579504885216049,1.0093607273664023,173.00018310546875,16.09000015258789
2015-07-02,2.8207835256175806,0.28999900817871094,-0.4619580849968751,2.3899998874403536,-0.0171411842296669,0.04564085330195381,172.84178161621094,16.790000915527344
2015-07-06,2.8338014198634927,-1.3900012969970703,-0.46920703609984027,2.2730001164600253,-0.011508692959872955,0.4555010390931066,172.3498992919922,17.010000228881836
2015-07-07,2.7781979704876907,-1.1100006103515625,-0.47254790190913804,2.2209999468177557,-0.0035250533319420682,2.03564473159217,173.43374633789062,16.09000015258789
2015-07-08,2.978586106957683,1.7099990844726562,-0.47890428030375193,2.196000089868903,-0.014276077396171784,1.6762988775169112,170.5240020751953,19.65999984741211
2015-07-09,2.994231113043872,2.279998779296875,-0.47000905610967186,2.2930001178756356,-0.012325037154969135,1.0713430621662647,170.83248901367188,19.969999313354492
2015-07-10,2.8231630036695035,-0.48999977111816406,-0.4578368650100125,2.4090000549331307,-0.011734020402844261,0.6308952616482454,172.98355102539062,16.829999923706055
2015-07-13,2.6318888126927806,-2.619999885559082,-0.4547624218815548,2.4220000663772225,-0.0039755023395986345,-0.053081177857087304,174.8927764892578,13.899999618530273
2015-07-14,2.5930133825543216,-3.2799997329711914,-0.4566447904368424,2.388999929651618,0.008037603869408239,-0.7602665591306428,175.6514892578125,13.369999885559082
2015-07-15,2.582486943526435,-3.200000762939453,-0.45925292706756915,2.3369999043643475,0.012000192085809856,-0.2911464489597038,175.5931396484375,13.229999542236328
2015-07-16,2.494031529214649,-4.379999160766602,-0.45923994930320694,2.341999998316169,0.014555402841768933,-0.055657871474265166,177.00213623046875,12.109999656677246
2015-07-17,2.4807312624164433,-4.8899993896484375,-0.4626346756073136,2.3359999768435955,0.013787557167744493,-0.5493215353604524,177.1522216796875,11.949999809265137
2015-07-20,2.505525936990736,-3.75,-0.464926349460085,2.3489999789744616,0.0039589763042148,-1.0986351126852192,177.2439422607422,12.25
2015-07-21,2.5030739755952336,-3.4300003051757812,-0.46882149787663674,2.3099999148398638,0.004449223555339562,-0.8751383624731334,176.54360961914062,12.220000267028809
2015-07-22,2.4948569711988484,-3.6100006103515625,-0.47661003778872524,2.292000027373433,-0.0024570631877931554,-0.5563355178138988,176.22677612304688,12.119999885559082
2015-07-23,2.536866415880321,-3.010000228881836,-0.4801186036730425,2.246999951079488,-0.008810553299405272,-0.4933006896956501,175.23463439941406,12.640000343322754
2015-07-24,2.6203112701361366,-2.59999942779541,-0.4825487420659847,2.240999909117818,-0.011947544997135268,0.31509831631612867,173.4171142578125,13.739999771118164
2015-07-27,2.7472709387086787,-0.1700000762939453,-0.4868847992492322,2.199999924749136,-0.014736683964178978,0.7426173417755211,172.40829467773438,15.600000381469727
2015-07-28,2.598235303873522,-1.8100004196166992,-0.4807128628020198,2.206999998539686,-0.0023380257446368883,0.45199052097109454,174.5259552001953,13.4399995803833
2015-07-29,2.5257286443082556,-2.739999771118164,-0.4740258896366586,2.234000042080879,0.025711047619229186,-0.09018017451185618,175.72654724121094,12.5
2015-07-30,2.4956817323904943,-3.6499996185302734,-0.47159021070503926,2.207999888807535,0.02385672809993395,-0.5172009483921493,175.76820373535156,12.130000114440918
2015-07-31,2.4948569711988484,-4.229999542236328,-0.47846496628112256,2.1469999253749847,0.014354649704843224,-0.13688587925346102,175.50144958496094,12.119999885559082
2015-08-03,2.530517194449025,-2.7200002670288086,-0.48266372671472246,2.0870000943541527,0.011891904619866795,0.1834757600793594,174.9094696044922,12.5600004196167
2015-08-04,2.5649493574615367,-2.7100000381469727,-0.4770052381456592,2.1359999626874924,0.012785504934789558,-0.8289621862295714,174.567626953125,13.0
2015-08-05,2.52652834277473,-3.369999885559082,-0.4744817158433169,2.1929998844861984,0.009806804310433419,-0.6788890556526401,175.1429443359375,12.510000228881836
2015-08-06,2.6224923459841123,-1.890000343322754,-0.48051858910287437,2.205999966710806,0.018504894771054776,0.27670091085944265,173.7089080810547,13.770000457763672
2015-08-07,2.5945081853433165,-2.380000114440918,-0.48708580986158595,2.1199999526143074,0.014775422897038554,0.36163792994436705,173.37535095214844,13.390000343322754
2015-08-10,2.503891912269508,-3.5500001907348633,-0.4802295610491369,2.172999918460846,0.014783472564499531,-0.8732880642981238,175.55984497070312,12.229999542236328
2015-08-11,2.6181254963566425,-1.8099994659423828,-0.48898983824198716,2.0390000864863396,-0.0052573123427613905,0.6255163794148088,173.97572326660156,13.710000038146973
2015-08-12,2.6108047914376025,-1.5999994277954102,-0.4888220669989309,2.0400001108646393,-0.008388999329897834,2.024569344514256,174.18411254882812,13.609999656677246
2015-08-13,2.601948653252886,-2.119999885559082,-0.4866328944713075,2.105999894440174,-0.00930173320812123,-0.592287535132225,173.96739196777344,13.489999771118164
2015-08-14,2.551786172681018,-3.739999771118164,-0.4870075370537873,2.1160001009702682,-0.013658617503774477,-1.1130908468753724,174.60096740722656,12.829999923706055
2015-08-17,2.5664866719389225,-3.9200000762939453,-0.49020878506463395,2.090000096708536,-0.008934744715799647,-0.9190362899298198,175.5764617919922,13.020000457763672
2015-08-18,2.6239436890389327,-3.469999313354492,-0.4876746543793437,2.1110000982880592,-0.012353080709169172,-1.1520078843110866,175.06790161132812,13.789999961853027
2015-08-19,2.7245795030534206,-2.1599998474121094,-0.493445995212904,2.0889999493956566,-0.016330951626409358,1.9542178384061186,173.68389892578125,15.25
2015-08-20,2.9517803541360115,2.049999237060547,-0.4989348063389235,2.069000110961497,-0.03563705389078492,2.4599981517940033,170.05715942382812,19.139999389648438
2015-08-21,3.3332753896735037,15.489999771118164,-0.5028137192624598,2.033999901264906,-0.06055636174481723,5.216304700600776,164.93797302246094,28.030000686645508
2015-08-24,3.7072104519981384,23.470001220703125,-0.5082767531715454,1.9819999793544412,-0.09314934305827874,5.818193234580364,157.99295043945312,40.7400016784668
2015-08-25,3.5840743524564074,15.339998245239258,-0.5011602733217632,2.0799998976290226,-0.09915259907065369,3.329380815011983,156.13372802734375,36.02000045776367
2015-08-26,3.4118075507090064,12.230001449584961,-0.49222669524216595,2.1169999316334724,-0.07368568741923702,2.6897511394225173,162.12826538085938,30.31999969482422
2015-08-27,3.261935328944346,4.029998779296875,-0.48573626466835773,2.1179999820888042,-0.056106908462262475,1.7711173225594703,166.13856506347656,26.100000381469727
2015-08-28,3.2600177389118725,1.7700004577636719,-0.4866321354783056,2.136000107973814,-0.05629397155406568,0.3277537396619231,166.14686584472656,26.049999237060547
2015-08-31,3.347444936397195,1.7299995422363281,-0.4855058293289693,2.197000047657639,-0.06288679749914432,0.35021456003711265,164.80459594726562,28.43000030517578
2015-09-01,3.44680788076549,1.6799983978271484,-0.49477616869334684,2.1339999325573444,-0.08981031537998341,1.4635061340861557,159.8855438232422,31.399999618530273
2015-09-02,3.261552104997157,-1.9300003051757812,-0.48922172489573357,2.168000077828765,-0.06905106887194974,0.2724834388365746,162.92030334472656,26.09000015258789
2015-09-03,3.242982924043982,-2.210000991821289,-0.49258697047481254,2.1529999831691384,-0.07162499987179768,0.16491423873263197,163.03704833984375,25.610000610351562
2015-09-04,3.3250359932527256,-1.1900005340576172,-0.4958761776065321,2.103000020608306,-0.078656152648361,0.8226523085491217,160.5691680908203,27.799999237060547
2015-09-08,3.2148677881505923,-1.2700004577636719,-0.48575981047331634,2.169000005349517,-0.05191350885906704,-0.3079107066698071,164.60446166992188,24.899999618530273
2015-09-09,3.2669037764268696,1.5900001525878906,-0.48919471159327993,2.1459999941289425,-0.07789654523445554,0.10236314625860601,162.40341186523438,26.229999542236328
2015-09-10,3.1933529020742664,0.46000099182128906,-0.48477708280716436,2.2069998839870095,-0.06340505533428935,0.20163131858244057,163.28721618652344,24.3700008392334
2015-09-11,3.144152311557585,-1.25,-0.4858150627002891,2.1600000876933336,-0.060068271671099266,-0.2802957422579362,164.0292205810547,23.200000762939453
2015-09-14,3.188416617383492,1.8199996948242188,-0.487464455580332,2.155000066384673,-0.06254058155885749,-0.769313661164609,163.4206085205078,24.25
2015-09-15,3.115291549229524,1.5,-0.48014243812453355,2.2229999005794525,-0.05375411922185636,-0.3498498555150338,165.46324157714844,22.540000915527344
2015-09-16,3.0610517575420677,1.4200000762939453,-0.4855688480191598,2.249999973922968,-0.050695924537864485,-0.5204528607144868,166.89730834960938,21.350000381469727
2015-09-17,3.0511669515702105,1.1100006103515625,-0.4929850225922377,2.2140000076033175,-0.050045997830292975,1.6145691534719928,166.52207946777344,21.139999389648438
2015-09-18,3.1036894458780013,-1.4200000762939453,-0.49879239561058397,2.1200001146644354,-0.05858538119754375,0.9526748746246604,163.80088806152344,22.280000686645508
2015-09-21,3.002707856984976,-1.9799995422363281,-0.49556935829383825,2.2009999863803387,-0.032328673435956655,-0.4796471473909938,164.64735412597656,20.139999389648438
2015-09-22,3.1108451044538543,0.1700000762939453,-0.5071448994742964,2.121999999973923,-0.014828663090983346,0.08859563925830778,162.5102081298828,22.440000534057617
2015-09-23,3.0969341161400745,-0.4200000762939453,-0.5083068714768886,2.1410000533796847,0.026590950457505164,-0.6577318872863362,162.25048828125,22.1299991607666
2015-09-24,3.1557229806066256,0.7600002288818359,-0.5134375226764339,2.1149998856708407,0.03480611273710464,0.14386891478517413,161.663818359375,23.469999313354492
2015-09-25,3.1620938462998422,-1.510000228881836,-0.5155204850173436,2.147999983280897,-0.0031283948322870015,0.08120083325866216,161.62185668945312,23.6200008392334
2015-09-28,3.318902108561333,3.8800010681152344,-0.5327098065508259,2.0820000283420086,-0.052979918261093904,0.3748356694505824,157.56565856933594,27.6299991607666
2015-09-29,3.2895206615939268,2.559999465942383,-0.5341234484531289,2.050999900791794,-0.0524450356180881,0.14007814466259838,157.6578369140625,26.829999923706055
2015-09-30,3.1986731175506815,0.9500007629394531,-0.5276876584058655,2.0549999428912997,-0.02584718101713592,0.1889819465188989,160.5994415283203,24.5
2015-10-01,3.1157350321154516,-1.8999996185302734,-0.5339017693850749,2.0240000560879707,0.007060733357520904,-0.21556061643066174,161.01844787597656,22.549999237060547
2015-10-02,3.0416612309465747,-3.25,-0.5373288513730595,1.980999962426722,0.0030852938329564896,0.7503752849645297,163.42373657226562,20.940000534057617
2015-10-05,2.972463693468645,-2.309999465942383,-0.5227207900729093,2.0479999938979745,0.02000722916998705,-0.28226320989960935,166.33181762695312,19.540000915527344
2015-10-06,2.9652730464058945,-3.3999996185302734,-0.5192036560419819,2.030000085942447,0.031827997190922545,-0.4684857659829887,165.761962890625,19.399999618530273
2015-10-07,2.9123506438828892,-4.319999694824219,-0.512528350415064,2.0570000363513827,0.015164502711948937,-0.29202730170723146,167.11962890625,18.399999618530273
2015-10-08,2.8576189758040322,-4.619999885559082,-0.5044532631789276,2.1050000400282443,0.037612337682790556,0.05633734561163064,168.62811279296875,17.420000076293945
2015-10-09,2.8379081838935654,-5.579999923706055,-0.5047661560134515,2.0959999770857394,0.03278110804807674,-0.5087115018377669,168.72865295410156,17.079999923706055
2015-10-12,2.783157678307256,-4.530000686645508,-0.5106859516410869,2.079999914392829,0.02919109964716799,-1.1207578720449671,168.8879852294922,16.170000076293945
2015-10-13,2.8718682906493154,-3.969999313354492,-0.5122710930576185,2.050000066868961,0.026586271122336518,-0.7310866619561547,167.82362365722656,17.670000076293945
2015-10-14,2.8920370752987252,-3.9099998474121094,-0.51691895702658,1.9709999468177557,0.009358953513926892,-0.5940222266680224,167.01907348632812,18.030000686645508
2015-10-15,2.7757088020408553,-5.579999923706055,-0.5141321144576612,2.0180000020191073,0.01596688459721228,-0.1760927118773523,169.58352661132812,16.049999237060547
2015-10-16,2.7113780038682975,-5.779999732971191,-0.5098907125645666,2.0180000020191073,0.02275423105049695,-0.4268127899135348,170.35459899902344,15.050000190734863
2015-10-19,2.7067159475307503,-3.9900007247924805,-0.5071114578680176,2.0230001164600253,0.039722349670293866,-0.8951849133286385,170.4384002685547,14.979999542236328
2015-10-20,2.7568403652716422,-3.5900001525878906,-0.5042938976121413,2.0610000994056463,0.033288475457888066,-0.8680582640280847,170.220458984375,15.75
2015-10-21,2.8154087651077058,-2.789999008178711,-0.5103022814072445,2.024999971501529,0.0401309150132548,-0.5810814794370961,169.16452026367188,16.700000762939453
2015-10-22,2.6706944013587965,-4.059999465942383,-0.5120794104277127,2.0200000954791903,0.058482625688150894,0.3053858701276532,172.02227783203125,14.449999809265137
2015-10-23,2.671386219368722,-4.329999923706055,-0.5049127105816701,2.0799999446608126,0.07300764289002463,-0.07243284446067302,173.9080352783203,14.460000038146973
2015-10-26,2.727199017446074,-2.7899999618530273,-0.5077540526177178,2.0500000873580575,0.0708062479691275,-0.9842315274649918,173.48057556152344,15.289999961853027
2015-10-27,2.73631368615315,-1.8299999237060547,-0.5112805950193965,2.018000116571784,0.09428901787990825,-0.8668793971924272,173.14532470703125,15.430000305175781
2015-10-28,2.662355236516009,-2.9200000762939453,-0.5046665109532876,2.057000007480383,0.1050146168271563,-0.16903894097885733,175.1147918701172,14.329999923706055
2015-10-29,2.681706202263446,-3.2699995040893555,-0.5002006652344847,2.120000097900629,0.08595425921769531,-0.720788657090342,175.0142822265625,14.609999656677246
2015-10-30,2.7127059923878543,-4.089999198913574,-0.5016114486137427,2.0830000191926956,0.07902928865269462,-0.2288821755575191,174.2599639892578,15.069999694824219
2015-11-02,2.649714597130255,-3.739999771118164,-0.49420931558721504,2.134000036865473,0.07596330219941534,-0.778376886831256,176.32162475585938,14.149999618530273
2015-11-03,2.6769034694817853,-3.659998893737793,-0.49324280459294223,2.1620000302791595,0.06122009849979841,-0.6712612622502425,176.83282470703125,14.539999961853027
2015-11-04,2.7414849919454967,-3.549999237060547,-0.49504509245825623,2.1750000193715096,0.061614226116990474,-0.6540436447857884,176.2964630126953,15.510000228881836
2015-11-05,2.7113780038682975,-3.589999198913574,-0.4991823371870484,2.2049998864531517,0.0524586887862902,-0.8601199305821611,176.1205291748047,15.050000190734863
2015-11-06,2.662355236516009,-4.850000381469727,-0.49750491089533,2.2599999457597733,0.04294903206408296,-0.4775270573405406,176.02830505371094,14.329999923706055
2015-11-09,2.804571795802497,-2.460000991821289,-0.49999698216045124,2.2670000046491623,0.0329775838819564,-0.22756753170584854,174.38568115234375,16.520000457763672
2015-11-10,2.727199017446074,-3.7300004959106445,-0.5047849196230337,2.197000026702881,0.03433774378300992,-0.877772786537846,174.78793334960938,15.289999961853027
2015-11-11,2.776331675264716,-2.8500003814697266,-0.5070812423993724,2.215000055730343,0.036720870567858145,-0.9677581205336362,174.10079956054688,16.059999465942383
2015-11-12,2.9107189449120305,-1.7800006866455078,-0.5134379221844181,2.196000002324581,0.027467955684155547,-0.33149601236828913,171.6703338623047,18.3700008392334
2015-11-13,2.9997242910240294,-1.1499996185302734,-0.5192823694867714,2.166999973356724,0.0009387497547263972,0.047396077478515396,169.7427978515625,20.079999923706055
2015-11-16,2.8992213647707303,-3.1700000762939453,-0.5147685542315056,2.1750000044703484,0.01149466861125494,-0.40435542857900814,172.32406616210938,18.15999984741211
2015-11-17,2.935982277247362,-3.4099998474121094,-0.5150906119865665,2.1259999126195908,0.010272884334251888,-0.35118814957638694,172.1983184814453,18.84000015258789
2015-11-18,2.8243506794375235,-5.8899993896484375,-0.5134351473822686,2.146000050008297,0.027293967177043497,-0.33473916409509324,174.93043518066406,16.850000381469727
2015-11-19,2.8326249222122786,-6.0199995040893555,-0.5253899763144254,2.159999907016754,0.03265411657114508,-0.7265386217977815,174.7796173095703,16.989999771118164
2015-11-20,2.738902681846048,-6.540000915527344,-0.5254595175427024,2.169000081717968,0.019539351744364466,-0.7063087907668014,175.41653442382812,15.470000267028809
2015-11-23,2.748552137084977,-4.559999465942383,-0.5266505107252729,2.1450000032782555,0.0074888854868307465,-1.234498550996746,175.21530151367188,15.619999885559082
2015-11-24,2.7682041430792563,-4.169999122619629,-0.5256677330090628,2.090000033378601,0.01128888278087719,-0.6238418005587083,175.4500732421875,15.930000305175781
2015-11-25,2.7206372889831454,-3.8400001525878906,-0.5255328610098849,2.0570001155138016,0.013079827562900806,-1.6075174447691758,175.42491149902344,15.1899995803833
2015-11-27,2.716018363182543,-3.140000343322754,-0.5243116255302902,2.064999908208847,0.0029151487940929435,-1.8405995695832822,175.6260223388672,15.119999885559082
2015-11-30,2.780680840107767,-1.8899993896484375,-0.525345277486182,2.047999933362007,-0.0006710339066346138,-0.21515739450352167,174.89688110351562,16.1299991607666
2015-12-01,2.685804597355568,-3.5900001525878906,-0.5257469766633766,1.9519999772310257,0.013138876538785664,-0.5167760854299827,176.5646514892578,14.670000076293945
2015-12-02,2.7669478327590045,-2.359999656677246,-0.5253831185094948,1.977999970316887,-0.008880015342224162,-0.2563566409726321,174.7628173828125,15.90999984741211
2015-12-03,2.896464305597782,-1.4000015258789062,-0.5146901915754007,2.1319999247789383,-0.025876773991166245,1.0694685726344697,172.31565856933594,18.110000610351562
2015-12-04,2.6953026566130425,-4.520000457763672,-0.5223803972340918,2.070000097155571,-0.003523755808837031,1.7055228042514692,175.67633056640625,14.8100004196167
2015-12-07,2.7625383960193535,-2.6499996185302734,-0.5311562962697344,1.9899999052286148,-0.008602218739693567,-0.40103244239871766,174.61199951171875,15.84000015258789
2015-12-08,2.867898923718522,-1.25,-0.5423604031344633,1.96999990940094,-0.014820728005858383,-0.35391914217917264,173.4386749267578,17.600000381469727
2015-12-09,2.9760396713327606,1.0200004577636719,-0.536932087845873,1.962999939918518,-0.013255465497259528,1.0174611978244759,172.08937072753906,19.610000610351562
2015-12-10,2.9621754979149046,-0.3400001525878906,-0.5387687887971162,2.009000077843666,-0.012981518834053393,-0.05695292547924324,172.53358459472656,19.34000015258789
2015-12-11,3.1941731872031642,3.6200008392333984,-0.5606743933522894,1.925999939441681,-0.028614065221603778,2.0445159423241925,169.18966674804688,24.389999389648438
2015-12-14,3.123685617725267,2.480001449584961,-0.5619834155157045,2.026999905705452,-0.009516107359128726,1.3492688667604904,170.04444885253906,22.729999542236328
2015-12-15,3.042138682785304,1.1899986267089844,-0.5458388439178374,2.0179998874664307,0.0122190690053463,0.698442614709391,171.82962036132812,20.950000762939453
2015-12-16,2.882563609622572,-0.7600002288818359,-0.538079238193694,2.051999941468239,0.011652552945676239,1.8160626316682433,174.3438262939453,17.860000610351562
2015-12-17,2.941276115955272,-1.4900016784667969,-0.5504265450538235,2.0249999165534973,-0.0029729961853591806,1.3095293802099777,171.6871337890625,18.940000534057617
2015-12-18,3.0301337371283013,-1.8800010681152344,-0.5541912574292958,2.023999884724617,-0.036690164260813084,2.9671681915285433,168.62852478027344,20.700000762939453
2015-12-21,2.928523564659441,-3.5600013732910156,-0.5580385064469311,2.044000029563904,-0.02761262023241066,-0.5300535791414253,170.01951599121094,18.700000762939453
2015-12-22,2.8094027183426014,-4.779999732971191,-0.5446916475893769,2.0460000783205032,-0.022216689087714014,-0.2615727051568758,171.5623321533203,16.600000381469727
2015-12-23,2.745345966245664,-5.689999580383301,-0.5392302247490943,2.0739999413490295,-0.008761670086839127,-0.2460285860559078,173.68682861328125,15.569999694824219
2015-12-24,2.756205228447844,-6.220000267028809,-0.5404433678845342,2.060000032186508,-0.011752258368976295,-1.6352538282919342,173.40020751953125,15.739999771118164
2015-12-28,2.827905153886959,-3.890000343322754,-0.5452008774074668,2.034999907016754,-0.013896658323656276,-1.1998433264807367,173.0039520263672,16.90999984741211
2015-12-29,2.777576259006172,-4.3600006103515625,-0.5342976896530938,2.0919999182224274,-0.004426966516026524,-0.5630327257324277,174.85025024414062,16.079999923706055
2015-12-30,2.850128352646461,-3.630000114440918,-0.5335521646112142,2.1079999804496765,-0.0073796045109887475,-1.2012080657740103,173.6109619140625,17.290000915527344
2015-12-31,2.9019708434634395,-2.279998779296875,-0.534599874844755,2.121000051498413,-0.026924077201874196,-0.0062998887311500424,171.87423706054688,18.209999084472656
2016-01-04,3.0301337371283013,-0.07999992370605469,-0.5400480510983229,2.089999884366989,-0.03074461432132689,2.4465056002139773,169.4715576171875,20.700000762939453
2016-01-05,2.9621754979149046,-1.1499996185302734,-0.5387036548150315,2.0429999083280563,-0.014952893119672728,-0.09695714354376435,169.75820922851562,19.34000015258789
2016-01-06,3.0248055284504747,-0.6700000762939453,-0.5426432382890358,1.9720000475645065,-0.04696290444141594,0.8270260911483348,167.61679077148438,20.59000015258789
2016-01-07,3.218475735687924,1.5699996948242188,-0.549930308798377,1.9630001187324524,-0.06516969980556804,2.108907059026765,163.595458984375,24.989999771118164
2016-01-08,3.296207176278491,1.75,-0.5533523663900394,1.9400001168251038,-0.06946475230271273,1.9558065050138176,161.7997283935547,27.010000228881836
2016-01-11,3.190476318949817,-0.5200004577636719,-0.5516299605633141,1.9829999953508377,-0.06066478914484074,1.437796807198105,161.9599609375,24.299999237060547
2016-01-12,3.112181055638915,-0.23000144958496094,-0.5528956426084803,1.8920000046491623,-0.05520717335573036,1.0772378200001205,163.2666473388672,22.469999313354492
2016-01-13,3.2276373033105434,0.6800003051757812,-0.5670805814896669,1.8509999811649323,-0.06089237918367914,2.0006980264394993,159.1947021484375,25.219999313354492
2016-01-14,3.1759683557124334,1.0999984741210938,-0.5576640043939635,1.8580000549554825,-0.04964839053225781,2.2597473304798994,161.80816650390625,23.950000762939453
2016-01-15,3.296577349473713,2.720001220703125,-0.5694352288334779,1.8099999874830246,-0.08179196083720967,3.452880596622022,158.33474731445312,27.020000457763672
2016-01-19,3.2600177389118725,3.989999771118164,-0.5684292312437675,1.8050000816583633,-0.09498734853596925,1.1385893104013491,158.54556274414062,26.049999237060547
2016-01-20,3.3174533937597452,5.039999008178711,-0.5766441038677517,1.7309999763965607,-0.09252968452275559,2.5430043192650915,156.5137939453125,27.59000015258789
2016-01-21,3.2842889834260847,3.280000686645508,-0.567020097564749,1.746000051498413,-0.06896783259118427,1.0052933567608038,157.39056396484375,26.690000534057617
2016-01-22,3.1063788004713095,-1.6900005340576172,-0.5524264733346314,1.7600001096725464,-0.056875259030469874,0.5334006316506388,160.6194610595703,22.34000015258789
2016-01-25,3.1842843643027336,0.7900009155273438,-0.5613120764429215,1.7470000684261322,-0.08114063219144955,-0.08353755656481124,158.1914520263672,24.149999618530273
2016-01-26,3.1135153092103742,0.9599990844726562,-0.5552012880100458,1.6939999461174011,-0.07989735194969973,0.09456131818290495,160.349609375,22.5
2016-01-27,3.1402654506970014,0.04000091552734375,-0.5539966041329207,1.700999915599823,-0.08918843589387176,0.8093666296625319,158.60452270507812,23.110000610351562
2016-01-28,3.109953421046955,-0.6200008392333984,-0.5500687269802023,1.667000025510788,-0.08170484014019434,0.09348740013140315,159.4307403564453,22.420000076293945
2016-01-29,3.0056826421764384,-3.289999008178711,-0.5519661497737284,1.6309999823570251,-0.06823529415662277,1.1827033774284508,163.31724548339844,20.200000762939453
2016-02-01,2.9947317503093127,-2.3299999237060547,-0.5547332008079603,1.6709999740123749,-0.061483891767744867,-0.0683847708177616,163.25820922851562,19.979999542236328
2016-02-02,3.0901329281491026,-1.2199993133544922,-0.5637489614266612,1.5339999496936798,-0.06961657851045812,0.6930689529593056,160.31593322753906,21.979999542236328
2016-02-03,3.0750054368286497,-0.8500003814697266,-0.5564141170863631,1.5480000376701355,-0.04956158298460123,1.0343089525116627,161.2770233154297,21.649999618530273
2016-02-04,3.083743157863329,-1.9099998474121094,-0.5600542797437258,1.5809999704360962,-0.04968462745565319,-0.06726332253489738,161.52993774414062,21.84000015258789
2016-02-05,3.151880920148567,-1.5200004577636719,-0.5676008113519532,1.5700000524520874,-0.056223580647684665,0.6011653192630568,158.4528045654297,23.3799991607666
2016-02-08,3.258096538021482,0.4200000762939453,-0.5844854035367076,1.475000023841858,-0.04549240794134097,0.755158949478411,156.31985473632812,26.0
2016-02-09,3.278653063400193,0.04000091552734375,-0.5848565835972294,1.4289999604225159,-0.03440108862807794,0.617182141897559,156.3282928466797,26.540000915527344
2016-02-10,3.269188673565956,-1.1899986267089844,-0.5875331136736597,1.4070000350475311,-0.03625403631375606,0.001208450219517228,156.19342041015625,26.290000915527344
2016-02-11,3.3371920299964217,-0.3599987030029297,-0.5975917304233617,1.371000051498413,-0.057383395718266235,1.158291202163832,154.16159057617188,28.139999389648438
2016-02-12,3.2347491590059976,-3.520000457763672,-0.5771298910998728,1.4780000150203705,-0.01171904624824595,-0.40642349512775633,157.33998107910156,25.399999618530273
2016-02-16,3.182626717508366,-3.200000762939453,-0.5714480312745309,1.5049999952316284,-0.011265317884554994,-0.5324691128504336,159.99557495117188,24.110000610351562
2016-02-17,3.1050349845064034,-3.279998779296875,-0.5630121313623645,1.5259999930858612,0.02663724828927192,-0.25771770383009085,162.60902404785156,22.309999465942383
2016-02-18,3.0745434257734945,-3.6700000762939453,-0.5702232035703789,1.4709999561309814,0.021202553584392096,-0.8272828785580412,161.94302368164062,21.639999389648438
2016-02-19,3.021887264476799,-4.579999923706055,-0.5675856146634186,1.465000033378601,0.033631833884443775,-0.6125299324168403,161.86715698242188,20.530000686645508
2016-02-22,2.9642415631585224,-3.230001449584961,-0.5610131411385337,1.473000019788742,0.04242095624202294,-0.7953491595935475,164.2108612060547,19.3799991607666
2016-02-23,3.0435695811491006,-1.75,-0.5650739814331638,1.4270000159740448,0.009403456603940458,-0.6725206043088024,162.136962890625,20.979999542236328
2016-02-24,3.0310993842520197,-1.6200008392333984,-0.5643743043638503,1.4269999861717224,0.029200247648007986,-0.015537475388606763,162.8787841796875,20.719999313354492
2016-02-25,2.9502117901910383,-3.4499988555908203,-0.564605414739536,1.387000024318695,0.027689050288348532,-0.7286646720774521,164.85157775878906,19.110000610351562
2016-02-26,2.986186833751468,-3.3000011444091797,-0.55754603801232,1.4589999616146088,0.03632781731478478,-0.4058841829908203,164.4722137451172,19.809999465942383
2016-02-29,3.0228609038162353,-2.029998779296875,-0.5475703678391046,1.4320000112056732,0.02325864321059354,-0.5075224326090344,163.18234252929688,20.549999237060547
2016-03-01,2.8735646826837065,-3.239999771118164,-0.5264248006426197,1.5139999985694885,0.02240848441458634,-0.2609303222282145,167.01824951171875,17.700000762939453
2016-03-02,2.8384935060559893,-4.140000343322754,-0.5352591968285095,1.545000046491623,0.027252325769250255,-0.9909348466216611,167.7685546875,17.09000015258789
2016-03-03,2.8154087651077058,-3.5799999237060547,-0.5366192146795277,1.5670000314712524,0.04935090873308423,-1.1240898907019337,168.4261474609375,16.700000762939453
2016-03-04,2.824943988774869,-3.7699995040893555,-0.5335976710667582,1.6180000305175781,0.04662231639516185,-0.4972069383554801,168.9741668701172,16.860000610351562
2016-03-07,2.8535925283795955,-2.239999771118164,-0.533492709263408,1.6369999647140503,0.04585321135499046,-1.0128838225166088,169.10903930664062,17.350000381469727
2016-03-08,2.9269179616400773,-1.8700008392333984,-0.5458513399201906,1.5270000100135803,0.05410899880086666,-0.5529468988754772,167.26272583007812,18.670000076293945
2016-03-09,2.909084475148269,-1.9599990844726562,-0.5422407704982481,1.6039999723434448,0.07258900576897097,-1.0902469158613348,168.0889434814453,18.34000015258789
2016-03-10,2.8931456425107753,-3.049999237060547,-0.5394674958622026,1.6260000169277191,0.07333691161900574,0.044024797071166535,168.22378540039062,18.049999237060547
2016-03-11,2.803360380906535,-4.2699995040893555,-0.5303087529592565,1.6689999997615814,0.09020859191579171,-0.30085241546416075,170.9384765625,16.5
2016-03-14,2.8284963586871754,-3.4300003051757812,-0.5360334576284268,1.6550000607967377,0.10201907337153344,-1.4682365903766235,170.71925354003906,16.920000076293945
2016-03-15,2.823757017875219,-2.8700008392333984,-0.5450125308236832,1.63400000333786,0.07998057157538617,-1.0737555164683492,170.44105529785156,16.84000015258789
2016-03-16,2.707383296845538,-4.409999847412109,-0.5431750878587133,1.637999951839447,0.0690139544080135,-0.39414323856005246,171.4274444580078,14.989999771118164
2016-03-17,2.6700021044053517,-5.089999198913574,-0.5398987467328438,1.6279999911785126,0.05913549165169222,-0.2965109615327715,172.51499938964844,14.4399995803833
2016-03-18,2.640484914257205,-5.460000038146973,-0.5398870530399402,1.5910000503063202,0.06716153192245995,-0.20519418555042943,173.1929168701172,14.020000457763672
2016-03-21,2.6239436890389327,-4.819999694824219,-0.5397902477625378,1.6349999904632568,0.06904783413005827,-1.3680196243646237,173.43862915039062,13.789999961853027
2016-03-22,2.651127059086777,-4.609999656677246,-0.5405929617969814,1.6399999558925629,0.05413495905816112,-0.8961946383532882,173.34542846679688,14.170000076293945
2016-03-23,2.704042151617877,-4.939999580383301,-0.5502482200379712,1.5819999873638153,0.06022365289439269,-1.1910491582222096,172.2014617919922,14.9399995803833
2016-03-24,2.6905648712332506,-5.920000076293945,-0.5542395183658991,1.6249999701976776,0.05521557472444282,-1.1139052317010487,172.12515258789062,14.739999771118164
2016-03-28,2.723923535240007,-4.229999542236328,-0.5593921577337253,1.6150000095367432,0.04376715406441461,-1.482217459426734,172.2268829345703,15.239999771118164
2016-03-29,2.6261167962573397,-5.069999694824219,-0.560054242957212,1.589000016450882,0.05527841725667626,-0.9571015672855816,173.81996154785156,13.819999694824219
2016-03-30,2.6071243134574336,-5.050000190734863,-0.5553109714454341,1.6450000405311584,0.0675299789833308,-1.092970354226207,174.5826416015625,13.5600004196167
2016-03-31,2.6354794945946245,-4.829999923706055,-0.5579268250909901,1.5930000096559525,0.04186530763565926,-0.9407985185872422,174.15895080566406,13.949999809265137
2016-04-01,2.572612259326932,-5.579999923706055,-0.5604204177937551,1.574000060558319,0.04417183027006683,-0.5954809329516829,175.34530639648438,13.100000381469727
2016-04-04,2.647592223960215,-4.729999542236328,-0.562965232034691,1.5960000455379486,0.037016792255209666,-1.5207992419436132,174.77757263183594,14.119999885559082
2016-04-05,2.73566537308291,-4.419999122619629,-0.5698592529906944,1.50900000333786,0.0237302496806246,-0.819269441112506,173.03192138671875,15.420000076293945
2016-04-06,2.6454653367401053,-4.720000267028809,-0.5606468938334047,1.5349999964237213,0.03379442732499968,-0.9569392011031624,174.92164611816406,14.09000015258789
2016-04-07,2.782539043650629,-3.660000801086426,-0.5682456115993381,1.4709999859333038,0.03273384939922856,-0.5305414724397686,172.82847595214844,16.15999984741211
2016-04-08,2.731766705367784,-4.729999542236328,-0.5614348235890422,1.5020000338554382,0.030499867969002174,-0.8558178752377149,173.29461669921875,15.359999656677246
2016-04-11,2.788708118196038,-3.299999237060547,-0.5600024710626449,1.5139999836683273,0.027348045542095526,-1.0371786539367673,172.8878631591797,16.260000228881836
2016-04-12,2.6979998909369054,-4.2599992752075195,-0.5501890405179634,1.5510000139474869,0.02060896886721962,-0.4165322073802173,174.49789428710938,14.850000381469727
2016-04-13,2.62756296121466,-4.810000419616699,-0.5470807242480658,1.5389999598264694,0.03194276132269382,-0.7566894159224952,176.26052856445312,13.84000015258789
2016-04-14,2.61885464176048,-4.920000076293945,-0.5467721859203583,1.5660000145435333,0.033621528020279755,-1.3149140806547455,176.2689666748047,13.720000267028809
2016-04-15,2.6115392923189495,-4.960000038146973,-0.5525379181737458,1.5419999808073044,0.026744624276161314,-1.089649990898234,176.07406616210938,13.619999885559082
2016-04-18,2.5915164134207695,-3.65000057220459,-0.5479427342584531,1.5750000029802322,0.027422728454146738,-1.0017216546694745,177.31129455566406,13.350000381469727
2016-04-19,2.583242533221714,-3.609999656677246,-0.5455693628015129,1.5679999887943268,0.026649821824907143,-0.8447098624044089,177.8705291748047,13.239999771118164
2016-04-20,2.5862591239406965,-3.8000001907348633,-0.5408939308911219,1.6359999775886536,0.026184820622841994,-1.0510876195962036,178.04006958007812,13.279999732971191
2016-04-21,2.6354794945946245,-3.9599990844726562,-0.5435968150967957,1.645000010728836,0.021329277379647155,-0.9092628138830537,177.0824737548828,13.949999809265137
2016-04-22,2.581730854622391,-4.709999084472656,-0.5424026937685414,1.6630000174045563,0.027950496591247154,-0.5295424361273939,177.0824737548828,13.220000267028809
2016-04-25,2.6447553453112924,-3.59999942779541,-0.543904302345181,1.6639999449253082,0.02666967013707914,-1.3622701882967674,176.77743530273438,14.079999923706055
2016-04-26,2.6361961000668175,-3.4200000762939453,-0.5401202669894745,1.6859999895095825,0.027563652915031742,-1.0738855956092614,177.0401153564453,13.960000038146973
2016-04-27,2.6224923459841123,-3.9600000381469727,-0.5406088918291452,1.6150000095367432,0.0204123493307594,-1.0093686846163312,177.4044952392578,13.770000457763672
2016-04-28,2.722610369978139,-3.2300004959106445,-0.543194721034381,1.6280000656843185,0.006916927488794522,-0.46366050493139577,175.79440307617188,15.220000267028809
2016-04-29,2.753660700205545,-3.660000801086426,-0.5426056515773703,1.626000002026558,0.003933750574739538,0.8077634527596257,174.84539794921875,15.699999809265137
2016-05-02,2.6864860439749103,-4.010000228881836,-0.5409290726205418,1.6800000071525574,0.005061645472601562,-1.3874795515784566,176.23509216308594,14.680000305175781
2016-05-03,2.7472709387086787,-3.3999996185302734,-0.5491681682521109,1.5969999581575394,-0.0004364408432594777,-0.13586137473066107,174.70130920410156,15.600000381469727
2016-05-04,2.7757088020408553,-3.439999580383301,-0.5512444136617094,1.5860000401735306,0.004007718747186491,-0.5196150050680249,173.72677612304688,16.049999237060547
2016-05-05,2.7669478327590045,-3.5500001907348633,-0.5540917924104568,1.563999980688095,-0.007049418424653694,-1.224267371767091,173.69288635253906,15.90999984741211
2016-05-06,2.689207131441274,-4.890000343322754,-0.552531299644812,1.5990000367164612,0.008641503160448477,-0.5474063535300876,174.3284454345703,14.720000267028809
2016-05-09,2.678964599261624,-4.189999580383301,-0.5533480557952286,1.556999996304512,0.006773936872250104,-1.0088250072594425,174.4724884033203,14.569999694824219
2016-05-10,2.6122732541046934,-4.380000114440918,-0.5465553917980657,1.516999989748001,0.021480844721628478,-0.8971197633191932,176.64181518554688,13.630000114440918
2016-05-11,2.687166961621,-4.270000457763672,-0.548360991272251,1.488999992609024,0.0028127856477302934,-0.7238839989767704,174.98941040039062,14.6899995803833
2016-05-12,2.667922399422403,-4.289999961853027,-0.5447126280524183,1.4989999830722809,-0.006947300797137215,-0.4390838257803947,175.0402374267578,14.40999984741211
2016-05-13,2.710713315985326,-4.100000381469727,-0.5510060505377564,1.4470000565052032,-0.015747352535492073,-0.13310316758436808,173.5149383544922,15.039999961853027
2016-05-16,2.6864860439749103,-4.1100006103515625,-0.5421273800816002,1.495000034570694,-0.004824260884671332,-0.9031721382514536,175.2266845703125,14.680000305175781
2016-05-17,2.745345966245664,-3.320000648498535,-0.5438360542860075,1.4909999370574951,-0.021203794164870712,0.6969565058985611,173.59120178222656,15.569999694824219
2016-05-18,2.7694588172725547,-3.200000762939453,-0.5351503548367472,1.6099999845027924,-0.02406031071646481,0.8987522993535342,173.64198303222656,15.949999809265137
2016-05-19,2.7930039023103626,-3.4900007247924805,-0.5402814376137365,1.5550000369548798,-0.028483687598515273,0.7013608251210496,173.04037475585938,16.329999923706055
2016-05-20,2.721295415303884,-5.319999694824219,-0.5374592021034843,1.5509999692440033,-0.016792810199519996,0.257033178144315,174.1335906982422,15.199999809265137
2016-05-23,2.761274943049003,-4.549999237060547,-0.5372191453394634,1.5250000655651093,-0.018156688869499414,-1.6400514237175439,173.89625549316406,15.819999694824219
2016-05-24,2.6686161371476453,-5.170000076293945,-0.5295413774983488,1.515999972820282,-0.003553651196080329,-0.15829277706000608,176.1503448486328,14.420000076293945
2016-05-25,2.6318888126927806,-5.3600006103515625,-0.5297563549788519,1.5550000071525574,0.0017213358606349165,-0.8651486903976193,177.34512329101562,13.899999618530273
2016-05-26,2.5974910332585845,-6.09999942779541,-0.5354794983102483,1.5479999482631683,-4.7651388642695664e-05,-1.7224503689231567,177.3960418701172,13.430000305175781
2016-05-27,2.574137774793312,-6.539999008178711,-0.5330506689877295,1.5529999434947968,0.013359786953217325,-1.297884429907616,178.1587371826172,13.119999885559082
2016-05-31,2.6525374616006543,-4.779998779296875,-0.5357679933503762,1.5509999990463257,0.01686815612527936,0.7030130372052896,177.81973266601562,14.1899995803833
2016-06-01,2.653241951175182,-5.090001106262207,-0.5348865392223658,1.5509999692440033,0.010998586884648977,-1.0322715364480373,178.1841278076172,14.199999809265137
2016-06-02,2.6122732541046934,-5.3600006103515625,-0.5366594476900423,1.5409999787807465,0.0227787453455381,-1.2941887928558964,178.72645568847656,13.630000114440918
2016-06-03,2.6004650102462374,-6.380000114440918,-0.5428711530945266,1.4339999854564667,0.02538141177875158,0.40765934768840756,178.19264221191406,13.470000267028809
2016-06-06,2.6137394936844682,-5.180000305175781,-0.5360380312238899,1.4730000495910645,0.030651960899041195,-1.1815189683180327,179.09934997558594,13.649999618530273
2016-06-07,2.64262240935519,-5.069998741149902,-0.5331343322944043,1.4480000734329224,0.02855956619492395,-1.3112241219116563,179.37896728515625,14.050000190734863
2016-06-08,2.6447553453112924,-5.90000057220459,-0.5326648368216631,1.4709999710321426,0.030987921013847945,-1.054596126439351,179.9636688232422,14.079999923706055
2016-06-09,2.683757531984173,-5.090000152587891,-0.5379827794046927,1.4399999529123306,0.01726467468901262,-0.7147254502256629,179.71795654296875,14.640000343322754
2016-06-10,2.8349765349943556,-3.1100006103515625,-0.5440202089713675,1.3990000635385513,0.017140381403946144,1.1996848064985561,178.0146484375,17.030000686645508
2016-06-13,3.0430928121696454,1.0699996948242188,-0.549233503834503,1.371000051498413,0.009108163575234971,1.339850525105678,176.64181518554688,20.969999313354492
2016-06-14,3.0204248861443626,1.4099998474121094,-0.5503638100245754,1.347999930381775,0.015892079367744397,1.6264119911421444,176.2944793701172,20.5
2016-06-15,3.002707856984976,0.7900009155273438,-0.5536090734958575,1.340999960899353,0.004680046257001979,0.9210676680953938,176.04867553710938,20.139999389648438
2016-06-16,2.963725520745357,0.7299995422363281,-0.5544944389535436,1.319000005722046,0.0170373931138814,2.746386668592052,176.57408142089844,19.3700008392334
2016-06-17,2.965788389319616,0.6900005340576172,-0.5509167166283421,1.370000034570694,0.013013688637621335,1.3021167429733556,175.91647338867188,19.40999984741211
2016-06-20,2.9107189449120305,2.3999996185302734,-0.5437960401145917,1.4219999611377716,0.022903628720477933,-0.33122228396292297,177.0493621826172,18.3700008392334
2016-06-21,2.916689041442776,2.779998779296875,-0.539063768879734,1.4320000410079956,0.019440509669837486,-0.8006888055639972,177.5519561767578,18.479999542236328
2016-06-22,3.0525850887506447,6.780000686645508,-0.5399350747073165,1.4169999361038208,0.019171746009474747,0.28372823019216076,177.26231384277344,21.170000076293945
2016-06-23,2.847812143477369,2.7099990844726562,-0.5315886394142995,1.4639999568462372,0.019231616023949353,0.6085409122934217,179.57078552246094,17.25
2016-06-24,3.248822910121317,6.779998779296875,-0.5528630700834969,1.3409999907016754,-0.02409843716274217,6.458508798051294,173.12246704101562,25.760000228881836
2016-06-27,3.171784233328888,1.3799991607666016,-0.5715818728337337,1.225000038743019,-0.04245743709999815,3.290562472340654,170.02191162109375,23.850000381469727
2016-06-28,2.9311937524164198,-1.1800003051757812,-0.5645990987907243,1.2009999752044678,-0.028872257408849304,1.48744182276421,173.08843994140625,18.75
2016-06-29,2.8118093987132804,-2.869999885559082,-0.5517121927086702,1.222000002861023,-0.010083105576296285,0.9341381809220847,176.0357666015625,16.639999389648438
2016-06-30,2.749192151755261,-4.039999961853027,-0.5484699601267999,1.2400000393390656,0.0014225830749402444,1.546781797013693,178.4377899169922,15.630000114440918
2016-07-01,2.692598127536089,-5.799999237060547,-0.5517131097591521,1.2129999697208405,0.0004821676794998915,0.1502436874950983,178.81265258789062,14.770000457763672
2016-07-05,2.7459880355456865,-4.050000190734863,-0.5608191658278272,1.1289999783039093,-0.003745907365786471,0.23465312860205148,177.52639770507812,15.579999923706055
2016-07-06,2.7053799750962626,-4.559999465942383,-0.5582045235563411,1.121999979019165,-0.0028416163340663956,-0.09147575805287882,178.5911407470703,14.960000038146973
2016-07-07,2.691920834679226,-4.65000057220459,-0.5570626937034214,1.1169999539852142,-0.005021869044074404,-0.3265199698626903,178.48040771484375,14.760000228881836
2016-07-08,2.5802168151427143,-5.059999465942383,-0.5494530573060346,1.093000054359436,0.006504436466334177,0.7943176295709442,181.13804626464844,13.199999809265137
2016-07-11,2.605648264666775,-4.260000228881836,-0.5462938074950594,1.1590000092983246,0.011391403902421163,-0.6146626465121038,181.7769012451172,13.539999961853027
2016-07-12,2.6063865614020836,-3.9200000762939453,-0.5378371217381063,1.2180000245571136,0.028151559618931486,0.037114496591404506,183.0972442626953,13.550000190734863
2016-07-13,2.5680215535731254,-4.8600006103515625,-0.54463593492708,1.170000046491623,0.03575392924611476,-0.2860161102488001,183.07171630859375,13.039999961853027
2016-07-14,2.551006427687861,-4.929999351501465,-0.5402266015823189,1.2280000150203705,0.04329019250716322,-0.2052814896343277,184.09390258789062,12.819999694824219
2016-07-15,2.539237000354669,-5.729999542236328,-0.5383992889599352,1.2959999740123749,0.04334237230807845,0.15786646095962206,183.84681701660156,12.670000076293945
2016-07-18,2.5209170535797867,-4.780000686645508,-0.5350181323203518,1.2990000247955322,0.043046394899039137,-0.9687823352173727,184.34092712402344,12.4399995803833
2016-07-19,2.482403541878053,-4.719999313354492,-0.5394849576603583,1.2479999661445618,0.04576036814672166,-1.0498095760316177,184.15350341796875,11.970000267028809
2016-07-20,2.4655539601645953,-5.0099992752075195,-0.5365961545958021,1.26500004529953,0.04349545577745883,-0.9471595880132085,184.92013549804688,11.770000457763672
2016-07-21,2.54474663217841,-4.600000381469727,-0.5391281902154829,1.2620000541210175,0.03687620510049667,-0.7160482039299156,184.22161865234375,12.739999771118164
2016-07-22,2.486571967190561,-5.579999923706055,-0.5341415873948063,1.2670000493526459,0.04298422641127976,-0.8131148733275592,185.0479278564453,12.020000457763672
2016-07-25,2.554899012715967,-4.340000152587891,-0.5383433987908672,1.2729999721050262,0.027325914830539352,-0.9645114485754256,184.54537963867188,12.869999885559082
2016-07-26,2.568788148384401,-4.340000152587891,-0.5412246788298433,1.254999965429306,0.06435724747340785,-0.6375166790191803,184.6304931640625,13.050000190734863
2016-07-27,2.551786172681018,-4.4900007247924805,-0.5423191154062752,1.2319999933242798,0.08136769569622548,-0.321196217915585,184.4346160888672,12.829999923706055
2016-07-28,2.543175578904807,-4.210000038146973,-0.545557446782995,1.2910000383853912,0.06464645685674601,-0.7406544466826169,184.64759826660156,12.720000267028809
2016-07-29,2.474014198980387,-5.409999847412109,-0.5482568505882539,1.2179999500513077,0.0493752071649906,-0.39196377156896567,184.9457244873047,11.869999885559082
2016-08-01,2.5209170535797867,-4.59999942779541,-0.5482305415399141,1.2580000460147858,0.03499270051946242,-0.5394586485933687,184.79234313964844,12.4399995803833
2016-08-02,2.5930133825543216,-4.039999008178711,-0.5440238817482168,1.2569999396800995,0.02646642990354394,-0.09896506816093044,183.60836791992188,13.369999885559082
2016-08-03,2.554121692112525,-4.789999961853027,-0.5408409190744851,1.2740000486373901,0.03660403089675932,-0.9565570625792199,184.1449737548828,12.859999656677246
2016-08-04,2.5193080826481626,-4.909999847412109,-0.5387321350207485,1.2550000250339508,0.03168784464458847,-1.1101031895466913,184.34092712402344,12.420000076293945
2016-08-05,2.432735807601562,-5.960000038146973,-0.5324337881947252,1.3320000171661377,0.04045345950881882,-0.5303516447018526,185.8485870361328,11.390000343322754
2016-08-08,2.4423470353692043,-5.059999465942383,-0.5290031751409214,1.3329999446868896,0.025076783251739433,-1.2267532539335209,185.7378387451172,11.5
2016-08-09,2.4561641678359063,-4.619999885559082,-0.5313748109858678,1.251999944448471,0.02215217618955254,-0.9580279254504886,185.8485870361328,11.65999984741211
2016-08-10,2.4890646757652832,-4.729999542236328,-0.536068374705382,1.2359999418258667,0.012436902228381745,-0.7975546719610814,185.3886260986328,12.050000190734863
2016-08-11,2.457878003528144,-5.560000419616699,-0.5303081680408871,1.2979999482631683,0.0172063177816842,-0.4690988255619745,186.24896240234375,11.680000305175781
2016-08-12,2.4466854534816433,-5.720000267028809,-0.5340314904026683,1.2519999742507935,0.010768778876159674,-0.7007208538885843,186.0870819091797,11.550000190734863
2016-08-15,2.468946665739897,-5.659999847412109,-0.527948702708917,1.2779999673366547,0.01499173847381706,-0.937714908783152,186.62376403808594,11.8100004196167
2016-08-16,2.536866415880321,-5.15000057220459,-0.52824559012617,1.2879999876022339,0.007136730636701709,-0.8388737428016172,185.66122436523438,12.640000343322754
2016-08-17,2.5006159090701527,-4.760000228881836,-0.5296138468686814,1.2730000019073486,0.010033281653138503,-0.34758015431306,186.01046752929688,12.1899995803833
2016-08-18,2.4362415045062624,-5.260000228881836,-0.5281178262714628,1.2510000169277191,0.008120221828163859,-0.8059507531535123,186.42784118652344,11.430000305175781
2016-08-19,2.428336311755328,-5.7300004959106445,-0.5281224427447405,1.2849999368190765,0.010441482910405982,-0.3081327009462202,186.15524291992188,11.34000015258789
2016-08-22,2.507157296030372,-4.550000190734863,-0.5331383438564421,1.2590000331401825,0.005920774550744749,-0.6151234775902386,186.1468048095703,12.270000457763672
2016-08-23,2.516082276500466,-4.050000190734863,-0.5309187646261206,1.2479999661445618,0.01065160948155565,-0.770746877047097,186.52159118652344,12.380000114440918
2016-08-24,2.598979091866817,-3.3299999237060547,-0.5330445511670917,1.2540000081062317,0.005062312302925254,-0.37242160685982556,185.56752014160156,13.449999809265137
2016-08-25,2.6122732541046934,-3.3599987030029297,-0.5302280734046788,1.272000014781952,0.005434648457026899,-0.4325568676438736,185.43968200683594,13.630000114440918
2016-08-26,2.6137394936844682,-4.1399993896484375,-0.5282269085393615,1.3299999833106995,0.002395594851192185,0.7012562291057425,185.09046936035156,13.649999618530273
2016-08-29,2.560323256644879,-4.789999961853027,-0.5289276650958886,1.2609999775886536,0.005694855481796482,-0.41074996957033016,186.00196838378906,12.9399995803833
2016-08-30,2.574137774793312,-4.820000648498535,-0.5270634417804257,1.2450000643730164,0.004874171907066313,-0.6732941285407642,185.69525146484375,13.119999885559082
2016-08-31,2.5967461372286285,-4.499999046325684,-0.5305731661001711,1.2479999661445618,0.008453848399868444,-0.09471789203246159,185.16714477539062,13.420000076293945
2016-09-01,2.601207071525431,-4.419999122619629,-0.5285947915844373,1.2550000548362732,0.0055816178409975395,0.17894094664406643,185.17567443847656,13.479999542236328
2016-09-02,2.4832385544766455,-6.549999237060547,-0.5221984345407732,1.29299995303154,0.009016041192050229,-0.22821165770980048,186.01046752929688,11.979999542236328
2016-09-06,2.486571967190561,-5.580000877380371,-0.5245286566993395,1.2399999797344208,0.0038884796768213345,-0.7162550032538929,186.57266235351562,12.020000457763672
2016-09-07,2.479894072820678,-5.689999580383301,-0.525916597678036,1.210999995470047,0.004393205633082414,-0.28988299412467855,186.5556182861328,11.9399995803833
2016-09-08,2.52652834277473,-4.820000648498535,-0.5206997647255501,1.2830000519752502,0.0015116928929895285,-0.3432366176087859,186.12974548339844,12.510000228881836
2016-09-09,2.8622008809294686,-0.049999237060546875,-0.5228062806724368,1.3390000462532043,-0.020236253878070293,2.6589706076098056,181.6747589111328,17.5
2016-09-12,2.7186603701490615,-1.239999771118164,-0.5193964580767727,1.3220000565052032,-0.01062116304924574,1.5223811675420242,184.28125,15.15999984741211
2016-09-13,2.882003529596501,0.5,-0.5238052861407889,1.3889999687671661,-0.024231139423059354,1.7599159792268348,181.63217163085938,17.850000381469727
2016-09-14,2.8981194110402666,0.029998779296875,-0.5246985943441753,1.3740000128746033,-0.027486281971363526,0.7919887867784408,181.56402587890625,18.139999389648438
2016-09-15,2.7911650610066143,-1.1900005340576172,-0.5195183620836916,1.4249999523162842,-0.012372262350332718,0.8050748540309504,183.37832641601562,16.299999237060547
2016-09-16,2.7324175501047714,-2.6099987030029297,-0.5204358454216956,1.4279999732971191,-0.018124469463763403,1.1904945819064996,182.66949462890625,15.369999885559082
2016-09-19,2.74277361996621,-1.470001220703125,-0.5195256385725818,1.457999974489212,-0.02017842875425318,-0.26893781449556825,182.70372009277344,15.529999732971191
2016-09-20,2.7675761852085703,-0.7700004577636719,-0.52200350252265,1.399999976158142,-0.018668288316093226,-0.4739825825676992,182.7122802734375,15.920000076293945
2016-09-21,2.5877640495686753,-3.8299999237060547,-0.5188437128715958,1.4449999779462814,-0.007440238154747447,0.3117709108153234,184.7669677734375,13.300000190734863
2016-09-22,2.486571967190561,-5.149999618530273,-0.519573884945022,1.4719999730587006,-0.0031697256499276802,-0.33349098776460123,185.93130493164062,12.020000457763672
2016-09-23,2.50878592047404,-4.659998893737793,-0.5199935292562542,1.4500000029802322,-0.0035359500559807807,-0.388826891232333,184.9125213623047,12.289999961853027
2016-09-26,2.6741486494265287,-1.6100006103515625,-0.5259283536538139,1.4159999936819077,-0.010982266537489661,0.06312846723631711,183.41427612304688,14.5
2016-09-27,2.572612259326932,-3.65000057220459,-0.5254723610789146,1.3009999990463257,-0.002908491145591052,-0.21342331969620107,184.55291748046875,13.100000381469727
2016-09-28,2.516889723350716,-4.289999961853027,-0.5194481702199379,1.3040000200271606,-0.0028692889647561636,0.056641707472981494,185.4690399169922,12.390000343322754
2016-09-29,2.640484914257205,-2.160000801086426,-0.5228341686670599,1.322000041604042,-0.010307735604209257,1.2563802215271107,183.79098510742188,14.020000457763672
2016-09-30,2.5870118698548024,-4.000000953674316,-0.5166854962071726,1.3480000495910645,5.817658275529861e-05,0.931812929032365,185.17791748046875,13.289999961853027
2016-10-03,2.6078614513577736,-3.3999996185302734,-0.5144706630449807,1.3339999914169312,-0.0023948216398593765,-0.030868330912885596,184.7327423095703,13.569999694824219
2016-10-04,2.6122732541046934,-3.5199995040893555,-0.5115366805287519,1.3679999709129333,-0.012003787743888382,1.009004131307153,183.79098510742188,13.630000114440918
2016-10-05,2.564179813062659,-4.189999580383301,-0.5078196172802921,1.4029999673366547,-0.010606026420753287,-0.3438179065476118,184.6043243408203,12.989999771118164
2016-10-06,2.552565310145607,-4.59999942779541,-0.5073266190906169,1.4319999814033508,-0.009819271577128207,-0.60443807411966,184.7327423095703,12.84000015258789
2016-10-07,2.601207071525431,-4.970000267028809,-0.5074062657578187,1.425999939441681,-0.010969258320689127,0.17261849341290467,184.0991973876953,13.479999542236328
2016-10-10,2.5937610632532153,-5.1399993896484375,-0.5045426768484763,1.4150000512599945,0.018451232732775758,-0.9085282216991697,185.05799865722656,13.380000114440918
2016-10-11,2.731766705367784,-3.6000003814697266,-0.5070477430161736,1.4389999508857727,-0.008503680569334328,1.3350798639123607,182.7208251953125,15.359999656677246
2016-10-12,2.7669478327590045,-3.8600006103515625,-0.508706855092689,1.4379999935626984,0.007287148555223806,-0.2761095503314242,182.96058654785156,15.90999984741211
2016-10-13,2.814809769672402,-3.520000457763672,-0.5137003236932299,1.4630000293254852,0.004381519792909683,0.5149588581589943,182.36129760742188,16.690000534057617
2016-10-14,2.780060789140106,-4.4800004959106445,-0.5067191908708626,1.504000037908554,-0.0050455409333402985,0.2702670371282921,182.45541381835938,16.1200008392334
2016-10-17,2.7856282792684133,-3.659998893737793,-0.5113848351767556,1.4710000455379486,-0.004650678549918344,-0.7425401186130234,181.82192993164062,16.209999084472656
2016-10-18,2.7265447662626667,-4.470000267028809,-0.5098137871165679,1.415999948978424,0.001404930657240658,-0.2157744145689977,182.96058654785156,15.279999732971191
2016-10-19,2.667922399422403,-4.489998817443848,-0.5082547830041235,1.4289999604225159,0.004021638879626158,-0.5148008536329384,183.4485626220703,14.40999984741211
2016-10-20,2.6210388241125804,-5.159999847412109,-0.5078134070309834,1.4269999861717224,-0.009029661961935245,-0.31437939567250645,183.10609436035156,13.75
2016-10-21,2.5907670519258503,-5.3600006103515625,-0.5081553524190301,1.425000011920929,-0.01484398596862106,0.11933454598953867,183.1917266845703,13.34000015258789
2016-10-24,2.5664866719389225,-4.2599992752075195,-0.50472287968324,1.4500000178813934,-0.00510575237016666,-0.718745835829059,183.97080993652344,13.020000457763672
2016-10-25,2.5997223270506806,-3.910000801086426,-0.5045573832955534,1.4330000281333923,-0.00032675239985072906,-0.523324043899797,183.35435485839844,13.460000038146973
2016-10-26,2.656054889910667,-3.6700000762939453,-0.5043855060738254,1.476999968290329,-0.00852521455612641,-0.26269751420835635,182.9862518310547,14.239999771118164
2016-10-27,2.731766705367784,-2.3400001525878906,-0.5035342488831798,1.5680000483989716,-0.01614715872023632,-0.21751551124723126,182.498291015625,15.359999656677246
2016-10-28,2.7843938006764253,-0.6800003051757812,-0.5072332065671538,1.5720000267028809,-0.01001853119010338,1.5650587279296952,181.9588623046875,16.190000534057617
2016-10-31,2.8367365107588656,2.3400001525878906,-0.5111604805253659,1.539000004529953,-0.017489153751184473,-0.6822822763662566,181.96746826171875,17.059999465942383
2016-11-01,2.921008698583398,4.120000839233398,-0.513807862578167,1.4750000536441803,-0.022353957521722985,1.032903009370594,180.6490478515625,18.559999465942383
2016-11-02,2.961140812988524,4.979999542236328,-0.519765608637771,1.4540000259876251,-0.02327956370662879,0.4596981083860544,179.56182861328125,19.31999969482422
2016-11-03,3.0946722179535526,7.19999885559082,-0.5175390211557376,1.4540000259876251,-0.03228316352258445,0.04022202504095426,178.73988342285156,22.079999923706055
2016-11-04,3.113959665086648,7.690000534057617,-0.5200531861561705,1.4249999821186066,-0.034080850881464834,0.5945996475223981,178.54296875,22.510000228881836
2016-11-07,2.9290580913534825,6.520000457763672,-0.5054838486604609,1.437999963760376,-0.008828069846600181,0.5912028919294012,182.48110961914062,18.709999084472656
2016-11-08,2.930660264596731,7.209999084472656,-0.5054529370188158,1.44200000166893,-0.009528878083846325,0.48269115478206037,183.302978515625,18.739999771118164
2016-11-09,2.66583836025124,-0.9200010299682617,-0.49765338202156884,1.6540000140666962,0.013727382358681121,4.1274404975466865,185.24639892578125,14.380000114440918
2016-11-10,2.6905648712332506,-2.630000114440918,-0.5100136169346282,1.6590000987052917,0.01490853158688127,1.8794116845965083,185.7086944580078,14.739999771118164
2016-11-14,2.6727683553440564,-4.190000534057617,-0.5025446466462178,1.7189998626708984,0.0166667226321832,-0.02905202156577181,185.42613220214844,14.479999542236328
2016-11-15,2.5930133825543216,-5.109999656677246,-0.4924913128135378,1.7499999105930328,0.023923493948913643,-0.11724378792222612,186.87301635742188,13.369999885559082
2016-11-16,2.61885464176048,-6.549999237060547,-0.4979315323578624,1.7700000405311584,0.025521574067724734,-0.7587558321340319,186.52203369140625,13.720000267028809
2016-11-17,2.5915164134207695,-6.260000228881836,-0.4942691660043747,1.8560000360012054,0.024405952443520378,-0.6656285620400786,187.48085021972656,13.350000381469727
2016-11-18,2.5533438410275884,-6.890000343322754,-0.48862448455414703,1.917000025510788,0.019502270719277313,-0.2596115442951279,187.06134033203125,12.850000381469727
2016-11-21,2.5193080826481626,-5.319999694824219,-0.48165053981889433,1.9189999997615814,0.028893920906492055,-0.6123768777821861,188.4739227294922,12.420000076293945
2016-11-22,2.5185025869209565,-5.15000057220459,-0.4768599084461187,1.8460001051425934,0.030377854997926466,-0.7465203485746263,188.8420867919922,12.40999984741211
2016-11-23,2.5201129300741707,-5.369999885559082,-0.4769073275552047,1.8720000982284546,0.02667777219712186,-1.0077450905936833,188.94479370117188,12.430000305175781
2016-11-25,2.5128460308425487,-5.079999923706055,-0.4757105209283288,1.891999989748001,0.03374285477564063,-1.4456718900031187,189.64682006835938,12.34000015258789
2016-11-28,2.5764217296146685,-3.160000801086426,-0.480362617597913,1.8699999451637268,0.03104655998720483,-0.4711320404822569,188.75645446777344,13.149999618530273
2016-11-29,2.5572272817963295,-3.2599992752075195,-0.4830121533466535,1.834000051021576,0.03566494299563821,-0.6364381305396324,189.12454223632812,12.899999618530273
2016-11-30,2.5900171284671405,-2.8700008392333984,-0.4787856320358955,1.9000000357627869,0.03622326542863081,0.41946842399281825,188.67083740234375,13.329999923706055
2016-12-01,2.6440448494364763,-2.7100000381469727,-0.4778566622670144,1.9829999804496765,0.03249407029460199,-0.43098022719164814,187.97744750976562,14.069999694824219
2016-12-02,2.647592223960215,-3.140000343322754,-0.47642942175600067,1.935000091791153,0.04026636158765542,-0.5252517601960621,188.07156372070312,14.119999885559082
2016-12-05,2.4965058139116447,-4.3600006103515625,-0.47600100370148807,1.9340000748634338,0.052293833471060584,-0.6928788119714842,189.20166015625,12.140000343322754
2016-12-06,2.467251711313743,-4.6399993896484375,-0.47090363754909176,1.9109998941421509,0.06004414214871567,-0.8923729841638298,189.80091857910156,11.789999961853027
2016-12-07,2.5030739755952336,-3.689999580383301,-0.4701109208700371,1.858999878168106,0.0741426267346176,0.3558619770115159,192.28370666503906,12.220000267028809
2016-12-08,2.536866415880321,-2.8000001907348633,-0.46611933778528786,1.8970000743865967,0.05477102335880808,0.07232141019025401,192.7545623779297,12.640000343322754
2016-12-09,2.463853240590168,-4.119999885559082,-0.46179225257971185,1.944000005722046,0.056299309167774717,-0.18114679066960804,193.91883850097656,11.75
2016-12-12,2.536866415880321,-3.479999542236328,-0.46223333247276166,1.9790000915527344,0.04460458706945565,0.23476893500484383,193.6962890625,12.640000343322754
2016-12-13,2.543175578904807,-3.4499998092651367,-0.4620419288720117,1.9579999446868896,0.048763773146596155,0.5308104399748756,194.98898315429688,12.720000267028809
2016-12-14,2.5794589349159778,-3.0299997329711914,-0.4631977138764269,2.002000093460083,0.04199791391872669,1.4641434813723142,193.37948608398438,13.1899995803833
2016-12-15,2.548663612608189,-3.8999996185302734,-0.46342405753594546,2.0919999182224274,0.03833387979226509,0.9586980191837617,194.1756591796875,12.789999961853027
2016-12-16,2.5014359361052056,-4.899999618530273,-0.4617156625899522,2.1119998693466187,0.03825631758930091,1.8837981824843242,193.79592895507812,12.199999809265137
2016-12-19,2.4604431808672667,-5.3600006103515625,-0.4639950850442609,2.0640000700950623,0.03530383633363976,-0.06813346626499518,194.21786499023438,11.710000038146973
2016-12-20,2.4379897133421817,-5.289999961853027,-0.4620022408137739,2.055000066757202,0.041394172403056546,-0.09273881457858474,194.9670867919922,11.449999809265137
2016-12-21,2.4221443686695787,-5.760000228881836,-0.4634494757717381,2.0429999828338623,0.031084724910894687,-0.7205707410552944,194.42459106445312,11.270000457763672
2016-12-22,2.4362415045062624,-5.949999809265137,-0.4613636925382016,2.0599999725818634,0.0274042000883929,-1.0486155781551953,194.08871459960938,11.430000305175781
2016-12-23,2.43711594927187,-6.270000457763672,-0.46106338746168857,2.0429999828338623,0.028323495550697356,-1.5747512311786127,194.3728790283203,11.4399995803833
2016-12-27,2.4840729499500287,-5.1399993896484375,-0.46018081059134347,2.0679999589920044,0.027093031061435593,-1.3600866645319327,194.85516357421875,11.989999771118164
2016-12-28,2.561095773416986,-4.710000038146973,-0.4652648854803693,2.0110000371932983,0.023500178752327523,-0.7435075780154561,193.2447967529297,12.949999809265137
2016-12-29,2.5930133825543216,-4.5199995040893555,-0.46773070224863,2.037000000476837,0.02132899994201162,-1.1486636592523345,193.2017059326172,13.369999885559082
2016-12-30,2.641910395880644,-3.8600006103515625,-0.4689211090613675,1.966000109910965,0.020069191265148247,0.548954707194001,192.4955596923828,14.039999961853027
2017-01-03,2.5533438410275884,-3.570000648498535,-0.4656229598609931,1.9750000536441803,0.03137215737968801,0.06458468084163846,193.9681854248047,12.850000381469727
2017-01-04,2.4723278997726776,-4.159999847412109,-0.4636352463112758,1.9339998960494995,0.03680297222463574,-0.29014374597319836,195.12210083007812,11.850000381469727
2017-01-05,2.4570214528360776,-4.75,-0.4704632561330574,1.8600000143051147,0.030017327446267034,-0.2834171126567814,194.9670867919922,11.670000076293945
2017-01-06,2.426571045816045,-5.370000839233398,-0.4654377393460551,1.9149999618530273,0.03042653738254429,-0.47659788796860697,195.66465759277344,11.319999694824219
2017-01-09,2.4475508995432533,-5.190000534057617,-0.46761934719109394,1.8909999132156372,0.014124116132499025,-1.1611563298008518,195.01881408691406,11.5600004196167
2017-01-10,2.441477071940574,-5.779999732971191,-0.46691127293527623,1.875999927520752,0.011678354318886353,-0.6718652517195886,195.01881408691406,11.489999771118164
2017-01-11,2.421256643038528,-5.590000152587891,-0.46786464152471513,1.8719998896121979,0.00847807159321117,-0.3788197746785157,195.56988525390625,11.260000228881836
2017-01-12,2.4458192577743234,-5.260000228881836,-0.4675504998360208,1.8580000400543213,0.007113400415367342,-0.4289349787448475,195.07904052734375,11.539999961853027
2017-01-13,2.41858872798778,-5.550000190734863,-0.46517111501419023,1.8670001029968262,0.0027548338734534783,-0.6909028464072984,195.52688598632812,11.229999542236328
2017-01-17,2.474014198980387,-4.039999961853027,-0.47052339373616703,1.813999891281128,0.007513688443134591,-0.7129001472337594,194.83795166015625,11.869999885559082
2017-01-18,2.5241273262614996,-3.6499996185302734,-0.462990701694247,1.8739999532699585,0.005612371115553489,-0.8737896059391719,195.2685089111328,12.479999542236328
2017-01-19,2.5478814280551156,-3.520000457763672,-0.462793033707766,1.9560000896453857,0.0038585024405891604,-0.5445550837376674,194.54513549804688,12.779999732971191
2017-01-20,2.4458192577743234,-4.7699995040893555,-0.46263299365699057,1.9870000183582306,0.005350884275955957,1.1930821805634466,195.2598876953125,11.539999961853027
2017-01-23,2.4655539601645953,-3.619999885559082,-0.46722586695537555,1.930000126361847,-0.0011048285509449032,-0.3290032681761942,194.75180053710938,11.770000457763672
2017-01-24,2.404238719152724,-3.7899999618530273,-0.46356360836098204,1.9779999554157257,0.008072924888444598,0.23722485594046472,196.00051879882812,11.069999694824219
2017-01-25,2.380471670468572,-3.549999237060547,-0.4561802343019076,2.0399999916553497,0.018420240757267482,-0.07329324538270934,197.69700622558594,10.8100004196167
2017-01-26,2.3636802031197,-3.9200000762939453,-0.4578328550244456,2.0199998915195465,0.015911229374546528,-0.7610984474103385,197.49032592773438,10.630000114440918
2017-01-27,2.3589654192190053,-4.320000648498535,-0.4581128797240446,1.9829999506473541,0.0118619186312639,-0.7637630134289,197.18028259277344,10.579999923706055
2017-01-30,2.4748563235675727,-2.75,-0.45846341489452747,1.9880000352859497,0.013939980765936796,-0.20378607680737684,195.95748901367188,11.880000114440918
2017-01-31,2.4840729499500287,-2.7099990844726562,-0.46128508315949235,1.9509999752044678,0.014074763129983972,-0.3113858590226498,195.94020080566406,11.989999771118164
2017-02-01,2.468946665739897,-2.25,-0.456357306932283,1.9739999771118164,0.018131875343290214,-0.19677158421137034,196.0177001953125,11.8100004196167
2017-02-02,2.4790562616903595,-3.4300003051757812,-0.4560413923432166,1.9820000231266022,0.011169696794031203,-0.4721392325853975,196.1468963623047,11.930000305175781
2017-02-03,2.3951642986288713,-4.8600006103515625,-0.4554360244248853,2.002999931573868,0.012107578176516583,-0.14166983627625535,197.49891662597656,10.970000267028809
2017-02-06,2.4309782976972802,-4.069999694824219,-0.4592787444402426,1.9100000858306885,0.011113173360534523,-0.7770980001784379,197.1458740234375,11.369999885559082
2017-02-07,2.423917374782742,-4.880000114440918,-0.46246852618745504,1.8639999628067017,0.007585165722593574,-0.7553712660678478,197.15444946289062,11.289999961853027
2017-02-08,2.4379897133421817,-4.960000038146973,-0.4652611148771024,1.8260000944137573,0.012201065878421704,-0.9094514060686192,197.41282653808594,11.449999809265137
2017-02-09,2.3869262519462633,-5.319999694824219,-0.4598980611640745,1.8669999837875366,0.018116069329312173,-0.4789594609552815,198.583984375,10.880000114440918
2017-02-10,2.384165115144968,-4.8899993896484375,-0.45895706019755217,1.8859999179840088,0.019232722485191898,-0.4596610014662476,199.3676300048828,10.850000381469727
2017-02-13,2.404238719152724,-4.3600006103515625,-0.45704800034534554,1.9110000133514404,0.027173485010937658,-0.8870580650200732,200.45269775390625,11.069999694824219
2017-02-14,2.3739750677695604,-4.25,-0.4539770423835144,1.9350000023841858,0.028867839659786725,-0.2547389112062615,201.2535858154297,10.739999771118164
2017-02-15,2.482403541878053,-3.1499996185302734,-0.45286751057695585,1.9820001125335693,0.037603928266967235,0.41148677462328825,202.3041229248047,11.970000267028809
2017-02-16,2.4647039619332216,-3.609999656677246,-0.45647911746784436,1.9420000314712524,0.034545010420692655,0.32976328255434373,202.13192749023438,11.760000228881836
2017-02-17,2.441477071940574,-4.690000534057617,-0.4580040973993725,1.9169999361038208,0.03983167160242871,0.003903052868238351,202.45059204101562,11.489999771118164
2017-02-21,2.448415514829113,-3.8199996948242188,-0.4551304510396901,1.9220000505447388,0.042101945041410904,0.48816755587893595,203.65621948242188,11.569999694824219
2017-02-22,2.4630017949040526,-4.0,-0.4554397999302162,1.9079999923706055,0.043818821933922746,-0.6302468670857534,203.47532653808594,11.739999771118164
2017-02-23,2.4604431808672667,-4.590000152587891,-0.4570739633516407,1.8900000154972076,0.03810460894116607,-0.10361209766430202,203.6131591796875,11.710000038146973
2017-02-24,2.4397349544219074,-5.350000381469727,-0.46134410678149584,1.8189999163150787,0.030754184818191466,0.214736538072105,203.87147521972656,11.470000267028809
2017-02-27,2.4923786772477015,-4.079999923706055,-0.45773857330801865,1.878999948501587,0.03336216640627449,-0.8792818920434045,204.19017028808594,12.09000015258789
2017-02-28,2.55877650425956,-3.3899993896484375,-0.4592062838050874,1.8350000381469727,0.03223048017417361,0.8061941593139249,203.63902282714844,12.920000076293945
2017-03-01,2.5289235321627515,-4.289999961853027,-0.44959865684408484,1.8480000495910645,0.052351608502293624,2.8042351295195593,206.4894561767578,12.539999961853027
2017-03-02,2.468946665739897,-5.170000076293945,-0.4512453014284453,1.8440001010894775,0.04612248881849148,-0.3679518727528928,205.18910217285156,11.8100004196167
2017-03-03,2.394252285000433,-5.699999809265137,-0.4518118829902462,1.8090000748634338,0.04635611595291479,0.12540525676025735,205.31822204589844,10.960000038146973
2017-03-06,2.4194788241023923,-4.670000076293945,-0.45321095106348724,1.7889999747276306,0.04271517143485665,-0.9375465256307993,204.7068634033203,11.239999771118164
2017-03-07,2.4379897133421817,-4.180000305175781,-0.454773498397299,1.775999903678894,0.0328545721800803,-0.5365286748986737,204.09542846679688,11.449999809265137
2017-03-08,2.4731713646216233,-3.630000114440918,-0.45836182321009866,1.8440000414848328,0.032785273779973964,-0.014877506107583248,203.7164764404297,11.859999656677246
2017-03-09,2.509599277885271,-3.0,-0.45559379615948126,1.8850000500679016,0.03400929017538818,0.47348985476120925,203.974853515625,12.300000190734863
2017-03-10,2.4561641678359063,-3.7100000381469727,-0.4584442734772579,1.8569999933242798,0.03619738730592725,0.14091532681290062,204.68955993652344,11.65999984741211
2017-03-13,2.4292177775370787,-3.5799999237060547,-0.45426567020738157,1.8800000548362732,0.03078723103956145,-0.8499091779337813,204.7929229736328,11.350000381469727
2017-03-14,2.509599277885271,-2.8500003814697266,-0.45814581663340603,1.8420000076293945,0.023015037416869923,-0.7213981705293304,204.00929260253906,12.300000190734863
2017-03-15,2.453587976370721,-3.439999580383301,-0.4530251145480389,1.7929999232292175,0.026203306196179436,0.7717232828259518,205.77464294433594,11.630000114440918
2017-03-16,2.41680624048701,-4.039999961853027,-0.4544348342452148,1.8140000700950623,0.020247101224794842,0.06276472869169984,205.3699188232422,11.210000038146973
2017-03-17,2.423031222397146,-4.050000190734863,-0.4564043737169929,1.7929999232292175,0.013283109232621616,0.5799160100124516,205.00927734375,11.279999732971191
2017-03-20,2.428336311755328,-3.6700000762939453,-0.4606669008734756,1.7630000710487366,0.013037095115951917,-1.026921022082871,204.78439331054688,11.34000015258789
2017-03-21,2.523325781105642,-0.3900003433227539,-0.4702998351353313,1.683000087738037,-0.0014607656013810215,2.8094734834968125,202.1550750732422,12.470000267028809
2017-03-22,2.5502261486656055,-0.1700000762939453,-0.470422356992106,1.647999882698059,-0.0050480791386884275,1.1205504686265535,202.6307373046875,12.8100004196167
2017-03-23,2.574137774793312,0.23000049591064453,-0.46939505631693695,1.6699999570846558,-0.005227001361613812,1.240557414680664,202.41453552246094,13.119999885559082
2017-03-24,2.5618676938675677,-1.119999885559082,-0.466953523680487,1.652000069618225,-0.00663082727692502,1.7469769950263405,202.2675018310547,12.960000038146973
2017-03-27,2.5257286443082556,-2.109999656677246,-0.47011270116604015,1.6149998903274536,-0.008925403010903459,0.5451041609499216,202.0599365234375,12.5
2017-03-28,2.444952311121487,-3.1700000762939453,-0.4624722456634958,1.6359999179840088,-0.003237159205564926,0.8068273625155316,203.53024291992188,11.529999732971191
2017-03-29,2.4353662109085947,-3.3500003814697266,-0.46363366595243155,1.6309999227523804,0.0004001241404613304,-0.7504888594041015,203.72052001953125,11.420000076293945
2017-03-30,2.4458192577743234,-3.7899999618530273,-0.4563252536909738,1.657999873161316,-0.010321106590676286,-0.9973223221651084,204.3692169189453,11.539999961853027
2017-03-31,2.5152741771529077,-3.940000534057617,-0.4576852535411359,1.6579999327659607,-0.006333637302284672,-0.18453226216732976,203.89361572265625,12.369999885559082
2017-04-03,2.516082276500466,-3.510000228881836,-0.46270279594463093,1.6099998950958252,-0.00870396308746494,0.43215009619648254,203.5388946533203,12.380000114440918
2017-04-04,2.467251711313743,-3.859999656677246,-0.4597318456043162,1.5699999332427979,-0.005084436267096324,-1.0156547675910008,203.66868591308594,11.789999961853027
2017-04-05,2.5564518435859096,-2.229999542236328,-0.46180538363414964,1.5770001411437988,-0.005070250766264488,1.579846065780908,203.063232421875,12.890000343322754
2017-04-06,2.516889723350716,-3.3899993896484375,-0.46147874960283686,1.5549999475479126,-0.0004047778828237261,-0.38170924603911816,203.634033203125,12.390000343322754
2017-04-07,2.554899012715967,-4.0,-0.45947738097354895,1.5749999284744263,-0.0026921917129569947,-0.12234264515587225,203.42645263671875,12.869999885559082
2017-04-10,2.64262240935519,-4.220000267028809,-0.4599709036353798,1.5730000734329224,-0.005594718892154049,-0.48375331026862595,203.54757690429688,14.050000190734863
2017-04-11,2.7127059923878543,-4.619999885559082,-0.46656589921302083,1.4980000853538513,-0.007290181933221969,0.5280353426846924,203.3053741455078,15.069999694824219
2017-04-12,2.7581094300024462,-4.369999885559082,-0.46916357762280714,1.503000020980835,-0.00784779412287429,0.21000028903826695,202.41453552246094,15.770000457763672
2017-04-13,2.770085594411824,-3.0,-0.47290481649369354,1.4420000910758972,-0.022979883565965427,0.7467524477597649,201.09988403320312,15.960000038146973
2017-04-17,2.6851226860500543,-1.4200000762939453,-0.4679957784389693,1.4620000720024109,-0.012190543492106276,-0.4904306445338504,202.8815460205078,14.65999984741211
2017-04-18,2.6686161371476453,-0.5600004196166992,-0.4740944459809219,1.3739998936653137,-0.013421297385515526,0.24100279619843767,202.2761688232422,14.420000076293945
2017-04-19,2.7033726319915394,1.1200008392333984,-0.4719952918191614,1.416999876499176,-0.014164029585551097,-0.5121022869117898,201.90426635742188,14.930000305175781
2017-04-20,2.649714597130255,1.3000001907348633,-0.46725532073392545,1.4709999561309814,0.006864669444881146,0.6892606419132244,203.54757690429688,14.149999618530273
2017-04-21,2.6830742228543785,2.3400001525878906,-0.46805398046503804,1.4739999771118164,0.0013225075384534729,1.6717121599402076,202.89889526367188,14.630000114440918
2017-04-24,2.383243010087874,-2.939999580383301,-0.46204031534113277,1.503000020980835,0.013327759744039235,2.0299677019855036,205.1303253173828,10.84000015258789
2017-04-25,2.3758355760051844,-3.0500001907348633,-0.4562640361587546,1.5189998745918274,0.01985638994765613,-0.12919967307959504,206.32394409179688,10.760000228881836
2017-04-26,2.384165115144968,-3.189999580383301,-0.4596166460429358,1.508000135421753,0.020254067554796855,0.28207161025521427,206.19419860839844,10.850000381469727
2017-04-27,2.3379522036920743,-3.560000419616699,-0.45986224424583966,1.5109999775886536,0.013842511920978092,-1.116379773179312,206.36720275878906,10.359999656677246
2017-04-28,2.3813962452135495,-3.510000228881836,-0.4613798820360826,1.502000093460083,0.010726083147559778,-0.8077547971441754,205.9174041748047,10.819999694824219
2017-05-01,2.31352499907365,-3.140000343322754,-0.45776113687276604,1.5400000214576721,0.010063840779392102,-0.6229622842524045,206.43634033203125,10.109999656677246
2017-05-02,2.359910174021992,-2.3400001525878906,-0.4603738785760987,1.453000009059906,0.012771059294904411,-1.0849911369645688,206.51425170898438,10.59000015258789
2017-05-03,2.36837286210656,-2.310000419616699,-0.45895717835994515,1.4610000252723694,0.013296716215997463,-0.27943325893172394,206.26336669921875,10.680000305175781
2017-05-04,2.347558462283715,-1.7899999618530273,-0.46237736492291626,1.500999927520752,0.013832945638018778,-0.8616201305044121,206.50559997558594,10.460000038146973
2017-05-05,2.358019771010265,-1.4100008010864258,-0.4610002072992474,1.484000027179718,0.02073911630655658,-0.8151106996827933,207.3185577392578,10.569999694824219
2017-05-08,2.2793165129086996,-3.5,-0.4580845439282182,1.5059999227523804,0.017765462866387534,-1.4778473947443487,207.2840118408203,9.770000457763672
2017-05-09,2.298577075426524,-3.3999996185302734,-0.45893810151772396,1.5170000791549683,0.01786698815493182,-1.316361749312384,207.09373474121094,9.960000038146973
2017-05-10,2.3233676359128106,-3.479999542236328,-0.45596341722900574,1.5390000343322754,0.019065804339553655,-1.1766651362090437,207.46560668945312,10.210000038146973
2017-05-11,2.3608540371057307,-2.6599998474121094,-0.45635696803068954,1.540000081062317,0.018211520571279737,-0.7721593202830065,207.0417938232422,10.600000381469727
2017-05-12,2.3418057694675447,-3.570000648498535,-0.46175025605182024,1.4800000190734863,0.020930621767846297,-1.1708945699340387,206.6958465576172,10.399999618530273
2017-05-15,2.3437270436470965,-3.619999885559082,-0.4593963024855259,1.4750000834465027,0.03295492171746385,-0.7870041667275467,207.8375244140625,10.420000076293945
2017-05-16,2.36555985633668,-3.689999580383301,-0.45935025937723367,1.4390000104904175,0.023218275059940053,-1.281940689089104,207.647216796875,10.649999618530273
2017-05-17,2.7466296928572342,4.569999694824219,-0.46988223477583624,1.3410000801086426,0.008303384415350149,3.9330964137411177,203.96273803710938,15.59000015258789
2017-05-18,2.6851226860500543,1.6999998092651367,-0.4685784189327211,1.340000033378601,0.014164029585551213,1.159387530688079,204.78439331054688,14.65999984741211
2017-05-19,2.4882344367123217,-2.510000228881836,-0.4673466102695442,1.3569998741149902,0.012541036063441303,1.4415162724235442,206.11634826660156,12.039999961853027
2017-05-22,2.3915113301093784,-3.5699996948242188,-0.46345579802810877,1.375999927520752,0.020797651885800707,-0.7521668262869186,207.16290283203125,10.930000305175781
2017-05-23,2.3721111805520594,-3.5799999237060547,-0.4604763748962253,1.3720000982284546,0.012070272295507594,-1.2498314082803623,207.62130737304688,10.720000267028809
2017-05-24,2.304583141341715,-4.029999732971191,-0.46037090014503795,1.3610000610351562,0.00859834126144482,-1.2724413201383264,208.1056365966797,10.020000457763672
2017-05-25,2.3015845697493673,-4.390000343322754,-0.4615792633825344,1.3470001220703125,0.01399536679440525,-0.5740346888405112,209.10025024414062,9.989999771118164
2017-05-26,2.283402316351654,-4.839999675750732,-0.4617658376419873,1.3399999737739563,0.012950147088904447,-1.2547468634095718,209.05706787109375,9.8100004196167
2017-05-30,2.3398808887628793,-3.6999998092651367,-0.4630838201755919,1.3069999814033508,0.014262894596862278,-1.6387438672244645,208.87542724609375,10.380000114440918
2017-05-31,2.342766867969059,-3.9200000762939453,-0.46436176053284767,1.2460001111030579,0.011497100347151212,0.6383201939342785,208.82345581054688,10.40999984741211
2017-06-01,2.291524180348751,-3.9200000762939453,-0.4616711009612696,1.268999993801117,0.01904083687968053,-0.30870701299093123,210.484130859375,9.890000343322754
2017-06-02,2.277267285009756,-3.989999771118164,-0.4657639769144136,1.2059999108314514,0.023579310857136795,0.5038669466033545,211.18470764160156,9.75
2017-06-05,2.3095606764250305,-3.160000801086426,-0.4638422914836436,1.2339999079704285,0.02166835642916642,-1.3008277152443735,211.02906799316406,10.069999694824219
2017-06-06,2.34660196015868,-2.689999580383301,-0.46833361237658316,1.1890000700950623,0.014537193745373602,-1.0500489424358173,210.35440063476562,10.449999809265137
2017-06-07,2.3408438381547114,-2.9600000381469727,-0.46912773014842046,1.2049999833106995,0.016552296685137042,-0.8751641326644605,210.74359130859375,10.390000343322754
2017-06-08,2.3184584271318425,-3.140000343322754,-0.46658757106575527,1.2210000157356262,0.01796326326841107,-0.3810703865727193,210.84742736816406,10.15999984741211
2017-06-09,2.3702437236421723,-2.5900001525878906,-0.46479641022035845,1.2189998626708984,0.014650186134471435,2.1906085047122397,210.5273895263672,10.699999809265137
2017-06-12,2.4388627146152997,-1.9499998092651367,-0.4633488010256866,1.240000069141388,0.01648958702564425,0.37292054506587696,210.484130859375,11.460000038146973
2017-06-13,2.3437270436470965,-3.3799991607666016,-0.4626240560293216,1.2240000367164612,0.023039895728873192,-0.6469464785178115,211.5133819580078,10.420000076293945
2017-06-14,2.3646205161806737,-2.8600006103515625,-0.46931008375531624,1.1550000309944153,0.016263160324666973,0.0901941646647144,211.24525451660156,10.640000343322754
2017-06-15,2.3887627542378747,-2.7699995040893555,-0.4707534436423802,1.168999969959259,0.01525296112331752,-0.3795179289637125,210.83872985839844,10.899999618530273
2017-06-16,2.3398808887628793,-4.380000114440918,-0.4732816709126241,1.1720000505447388,0.03337467404411622,0.334551930166056,210.88479614257812,10.380000114440918
2017-06-19,2.3389170112056674,-3.8799991607666016,-0.4689812536150172,1.2050000429153442,0.03764505913267244,-0.44022451983532135,212.6404571533203,10.369999885559082
2017-06-20,2.3850862828922756,-3.2699995040893555,-0.4747278239591685,1.1600001454353333,0.02439507434311181,-0.7451379038702327,211.20640563964844,10.859999656677246
2017-06-21,2.3749057545736716,-3.1999998092651367,-0.48102827992219843,1.1869999766349792,0.019083460281823065,-0.7579133389002657,211.1542510986328,10.75
2017-06-22,2.3494686352131553,-3.390000343322754,-0.4791190492929786,1.2200000882148743,0.016420152319687117,-1.2047160869862366,211.05862426757812,10.479999542236328
2017-06-23,2.304583141341715,-3.979999542236328,-0.4755246393847757,1.2110000252723694,0.015283812877191303,-0.24298734106299158,211.3107147216797,10.020000457763672
2017-06-26,2.292534718608248,-3.570000648498535,-0.4759789392113837,1.2040000557899475,0.011173447356046178,-0.6532732080317051,211.44972229003906,9.899999618530273
2017-06-27,2.4033350340342152,-2.4600000381469727,-0.4746130247440291,1.2079999446868896,0.003291255342189674,0.42633999364610964,209.7462615966797,11.0600004196167
2017-06-28,2.305580575350832,-3.9099998474121094,-0.47160692356924305,1.2359999418258667,0.013070958272059266,-0.09296057729992538,211.62355041503906,10.029999732971191
2017-06-29,2.43711594927187,-1.7799997329711914,-0.4710364229505889,1.2639999389648438,0.004492120802121506,1.4106842550299745,209.7636260986328,11.4399995803833
2017-06-30,2.414126495023534,-3.2100000381469727,-0.46782772057570304,1.3090000748634338,-0.0015662214829589784,0.563065418006552,210.15472412109375,11.180000305175781
2017-07-03,2.417697923893909,-3.1000003814697266,-0.4661509144018918,1.3459999561309814,-0.003194646507034735,-1.3660927378093213,210.51112365722656,11.220000267028809
2017-07-05,2.404238719152724,-3.660000801086426,-0.46861372045333227,1.314000129699707,-0.00014823946500119444,-0.7386562978120721,210.99778747558594,11.069999694824219
2017-07-06,2.5289235321627515,-2.5799999237060547,-0.4685354942924056,1.3619998693466187,-0.006132453518153407,-0.2662850586947335,209.068359375,12.539999961853027
2017-07-07,2.415020484824575,-4.260000228881836,-0.4686127177789309,1.3849998712539673,-0.0015170111592641867,-0.5668245625383151,210.42413330078125,11.1899995803833
2017-07-10,2.4078455727494,-3.450000762939453,-0.46914137315855964,1.3580000400543213,-0.0009362399325923995,-1.4040109983423759,210.65011596679688,11.109999656677246
2017-07-11,2.3878449684712924,-3.7899999618530273,-0.47024326509253767,1.3289999961853027,-0.0001601911511514149,-0.8287147638568406,210.49366760253906,10.890000343322754
2017-07-12,2.332143913753538,-4.719999313354492,-0.46816813093548626,1.303999900817871,0.007532371009864971,-0.4352776739443611,212.0755615234375,10.300000190734863
2017-07-13,2.292534718608248,-4.539999961853027,-0.46563039293505437,1.3350000381469727,0.004332911059275081,-1.2156734460511192,212.4318389892578,9.899999618530273
2017-07-14,2.252343900624789,-4.679999351501465,-0.46512834398157665,1.3109999895095825,0.010254684769249744,-0.3586660745355213,213.4226531982422,9.510000228881836
2017-07-17,2.2844210912894107,-3.8899993896484375,-0.46570104284748304,1.2890000343322754,0.012058765642038232,-1.397844340649389,213.39657592773438,9.819999694824219
2017-07-18,2.291524180348751,-3.810000419616699,-0.46954898503895065,1.2230000495910645,0.01236964866666431,-0.9990801690674872,213.5095672607422,9.890000343322754
2017-07-19,2.2813614526458945,-4.150000095367432,-0.46752724693807607,1.182999849319458,0.009478100834490378,-0.6564147349331745,214.66546630859375,9.789999961853027
2017-07-20,2.259677584018892,-4.349999904632568,-0.46787181322982313,1.152999997138977,0.016690547638602397,-0.7844726595254664,214.76113891601562,9.579999923706055
2017-07-21,2.236445253809719,-4.960000514984131,-0.47096630333285144,1.0940001010894775,0.01604671865972537,0.6439390958834234,214.56991577148438,9.359999656677246
2017-07-24,2.2438961290075907,-4.400000095367432,-0.46902544213876,1.1039999723434448,0.016256816254943643,-0.7837625658041896,214.51780700683594,9.430000305175781
2017-07-25,2.2438961290075907,-4.180000305175781,-0.46262708017447585,1.1829999685287476,0.017490704384693998,-0.42156570796448106,215.03919982910156,9.430000305175781
2017-07-26,2.2617631382102195,-4.039999961853027,-0.464474072575418,1.187000036239624,0.016873602034184837,-0.7059511232347871,215.04791259765625,9.600000381469727
2017-07-27,2.31352499907365,-3.390000343322754,-0.46278078184626803,1.2319999933242798,0.02403245487237671,0.25986910407264086,214.84803771972656,10.109999656677246
2017-07-28,2.3311725461387693,-4.029999732971191,-0.4653138106355576,1.2360000610351562,0.013948096516846866,-0.5986078430817545,214.59597778320312,10.289999961853027
2017-07-31,2.3282528620507943,-3.0399999618530273,-0.4653138106355576,1.2390000820159912,0.022208630490399284,0.06221399045269938,214.47430419921875,10.260000228881836
2017-08-01,2.3115448494882025,-3.469999313354492,-0.4679391233542557,1.1929999589920044,0.02257253278304163,-0.3882152678134973,214.952392578125,10.09000015258789
2017-08-02,2.330200234051454,-3.880000114440918,-0.46614525220214026,1.2120001316070557,0.021362658686339898,-0.6973622258236395,215.05657958984375,10.279999732971191
2017-08-03,2.3456445422613212,-3.429999351501465,-0.46946831728545124,1.1699999570846558,0.0171119965018117,-0.942313176808136,214.6394500732422,10.4399995803833
2017-08-04,2.305580575350832,-4.170000076293945,-0.46535697334463705,1.2139999866485596,0.028118683443024907,-0.1392522406742781,215.030517578125,10.029999732971191
2017-08-07,2.2955605087897877,-4.229999542236328,-0.466057187658985,1.2239999771118164,0.023512307923961185,-1.284148433822345,215.43031311035156,9.930000305175781
2017-08-08,2.394252285000433,-2.6999998092651367,-0.46554841914071765,1.253000020980835,0.019975230360533745,-0.07132844049362448,214.90020751953125,10.960000038146973
2017-08-09,2.4078455727494,-2.7699995040893555,-0.47041404463760395,1.215999960899353,0.020677584130604366,-0.0392711982566674,214.8914794921875,11.109999656677246
2017-08-10,2.7750856595161313,1.6200008392333984,-0.47648468155232887,1.1939998865127563,-0.0010253061006174945,2.2096889488775835,211.8582305908203,16.040000915527344
2017-08-11,2.7414849919454967,-0.8599996566772461,-0.47659265143631574,1.1759998798370361,-0.0012279539014470318,0.3959610950950909,212.171142578125,15.510000228881836
2017-08-14,2.512035310988585,-2.2899999618530273,-0.47067523678576856,1.2160000801086426,0.0039828017076672636,0.3262753197388954,214.2743682861328,12.329999923706055
2017-08-15,2.4882344367123217,-3.489999771118164,-0.46917088909833166,1.2580000162124634,0.0039834298821139116,-0.38883182230526725,214.24832153320312,12.039999961853027
2017-08-16,2.4630017949040526,-3.8500003814697266,-0.47187921398800925,1.2410000562667847,0.0051969545759034405,-0.3069691501166064,214.62205505371094,11.739999771118164
2017-08-17,2.7440606508911505,-0.3699989318847656,-0.4784685823264617,1.2209998965263367,-0.015916011035809908,2.928189145470665,211.27589416503906,15.550000190734863
2017-08-18,2.6574584310367695,-2.479999542236328,-0.4763185690962477,1.206000030040741,-0.017925847615778534,3.1485846854118957,210.94566345214844,14.260000228881836
2017-08-21,2.5794589349159778,-2.510000228881836,-0.4766977702662681,1.2150000929832458,-0.01625254688018023,0.06315408422921776,211.1107940673828,13.1899995803833
2017-08-22,2.4292177775370787,-3.7100000381469727,-0.47160169501123206,1.21999990940094,-0.005606913417655095,-0.047936320060782765,213.31838989257812,11.350000381469727
2017-08-23,2.505525936990736,-3.189999580383301,-0.47529161783325413,1.190999984741211,-0.011626483970809407,-0.6127349086403903,212.55352783203125,12.25
2017-08-24,2.503891912269508,-4.060000419616699,-0.4719140650979561,1.1959999799728394,-0.014000317206743284,-0.5785546121452582,212.0581512451172,12.229999542236328
2017-08-25,2.423031222397146,-5.0199995040893555,-0.47241144087723397,1.1739999055862427,-0.010737124598034666,0.003413626537831944,212.55352783203125,11.279999732971191
2017-08-28,2.426571045816045,-4.539999961853027,-0.4722976957133095,1.153999924659729,-0.009522101172877821,-1.0452021544111871,212.56227111816406,11.319999694824219
2017-08-29,2.4595888255015854,-4.309999465942383,-0.4742875765599169,1.125999927520752,-0.007810993518500481,-0.5596358630751644,212.80557250976562,11.699999809265137
2017-08-30,2.417697923893909,-4.9900007247924805,-0.4723921867992729,1.1449998617172241,-0.005311259065552033,-0.07362664282036328,213.81375122070312,11.220000267028809
2017-08-31,2.359910174021992,-5.140000343322754,-0.4714072997074028,1.143000066280365,0.0002024068257100017,1.7347554197316273,215.10011291503906,10.59000015258789
2017-09-01,2.31550132955782,-5.650000095367432,-0.46642278166035644,1.1720000505447388,0.003556927174202596,-0.09650952008839123,215.40426635742188,10.130000114440918
2017-09-05,2.503891912269508,-3.239999771118164,-0.47487895659177926,1.0869999527931213,-0.005471347776672805,1.1520349254898075,213.8572235107422,12.229999542236328
2017-09-06,2.453587976370721,-4.179999351501465,-0.47201648365788196,1.0700000524520874,-0.003920714238882939,-0.30449417481978003,214.5873260498047,11.630000114440918
2017-09-07,2.4466854534816433,-4.569999694824219,-0.4757748003918755,1.0380001068115234,-0.0015786007171939313,-0.29371092957927264,214.5612335205078,11.550000190734863
2017-09-08,2.4948569711988484,-3.3999996185302734,-0.475994919204629,1.0410001277923584,-0.0027134453841688353,0.0056788655840043405,214.30917358398438,12.119999885559082
2017-09-11,2.373043513980568,-4.84999942779541,-0.46975361377134534,1.1050000190734863,0.02211171721657747,0.37246593744007556,216.59495544433594,10.729999542236328
2017-09-12,2.3589654192190053,-4.310000419616699,-0.4674297794052201,1.152999997138977,0.024000830034778913,-0.3082553286143474,217.3250274658203,10.579999923706055
2017-09-13,2.3513752571634776,-3.84999942779541,-0.46609534063366465,1.1769999265670776,0.014616689848570353,-0.18440275107075474,217.42935180664062,10.5
2017-09-14,2.3456445422613212,-3.869999885559082,-0.46722015819732565,1.1690000295639038,0.014418472423435424,1.4828026299554846,217.35983276367188,10.4399995803833
2017-09-15,2.3194422175623313,-4.659999847412109,-0.4671408170057152,1.191999912261963,0.014020789140763932,1.4595933792977103,217.6524200439453,10.170000076293945
2017-09-18,2.3174736679045713,-3.969999313354492,-0.4666021960011295,1.2290000915527344,0.03185931614315928,-0.7892240711151246,218.11537170410156,10.149999618530273
2017-09-19,2.320425041100351,-3.6399993896484375,-0.46616199388101476,1.225000023841858,0.03442388006879423,-0.7392967274724889,218.3336639404297,10.180000305175781
2017-09-20,2.2803394567431665,-3.7100000381469727,-0.46503566904824445,1.2569999694824219,0.03400158023160473,-0.17273849993870372,218.41232299804688,9.779999732971191
2017-09-21,2.2690283173549592,-4.220000267028809,-0.4662800692285547,1.2700001001358032,0.020915593050604683,-0.6965739802536387,217.82705688476562,9.670000076293945
2017-09-22,2.260720904806493,-4.87000036239624,-0.4665842501438528,1.2590000629425049,0.02470818170687149,-0.5463493494847643,217.87075805664062,9.59000015258789
2017-09-25,2.3233676359128106,-3.8500003814697266,-0.46973105630337386,1.222000002861023,0.024994775537187736,-0.2792527527508134,217.42529296875,10.210000038146973
2017-09-26,2.3194422175623313,-3.6800003051757812,-0.46832441376989997,1.186000108718872,0.02326383795153494,-0.3971042418982653,217.55630493164062,10.170000076293945
2017-09-27,2.2894998418505654,-3.880000114440918,-0.46399444130680323,1.2710000276565552,0.027109788096402784,0.8275252023806171,218.4036102294922,9.869999885559082
2017-09-28,2.256541174464876,-4.369999885559082,-0.4654815722913385,1.2790000438690186,0.02716462533912708,-0.8064756578019148,218.66558837890625,9.550000190734863
2017-09-29,2.252343900624789,-4.539999961853027,-0.46492362948503824,1.2979999780654907,0.025947327993693748,1.115878330676353,219.4342498779297,9.510000228881836
2017-10-02,2.2460147213220676,-4.179999351501465,-0.4663670018861736,1.3239998817443848,0.02427838510717243,-0.15155144485644068,220.3863067626953,9.449999809265137
2017-10-03,2.252343900624789,-4.270000457763672,-0.4667863595088104,1.2990001440048218,0.02500305216274363,0.20959451558630468,220.85792541503906,9.510000228881836
2017-10-04,2.264883237693826,-4.359999656677246,-0.46722663394945746,1.2869999408721924,0.033396767981476116,-0.2997955352645269,221.11996459960938,9.630000114440918
2017-10-05,2.218115890707453,-4.37000036239624,-0.46457962941743186,1.306999921798706,0.03589605406905451,0.056066727004075015,222.43008422851562,9.1899995803833
2017-10-06,2.2669578758203524,-4.559999465942383,-0.4652226649167765,1.3269999027252197,0.03487844623663647,0.8430708502944579,222.1768341064453,9.649999618530273
2017-10-09,2.3350522757458796,-3.3899993896484375,-0.4659355435840551,1.3160001039505005,0.03440137099567975,-1.2799011932320348,221.8099822998047,10.329999923706055
2017-10-10,2.3105532550743786,-3.75,-0.4658051295326241,1.290000081062317,0.026426740867253197,-0.9174571132926949,222.39515686035156,10.079999923706055
2017-10-11,2.287471493911888,-3.9200000762939453,-0.46632742922727743,1.277000069618225,0.02463162404536303,-0.7102449050238467,222.74456787109375,9.850000381469727
2017-10-12,2.2935443329445313,-3.9200000762939453,-0.4677076089331555,1.2699999809265137,0.02266043224361622,-0.7260860972291636,222.4126434326172,9.90999984741211
2017-10-13,2.2628041872566276,-3.9499998092651367,-0.47121082259840114,1.2300000190734863,0.02419688382683156,-0.3828252935730972,222.68341064453125,9.609999656677246
2017-10-16,2.2935443329445313,-3.479999542236328,-0.46924558926149046,1.2519999742507935,0.024184454481285724,-1.167735250603686,222.9803924560547,9.90999984741211
2017-10-17,2.3331143387288384,-3.3600006103515625,-0.46761047161963165,1.2250001430511475,0.022764555962332032,-1.4484920408439101,223.1376190185547,10.3100004196167
2017-10-18,2.3095606764250305,-3.5500001907348633,-0.4651103651192251,1.2710000276565552,0.02274239416136521,-1.0020384682775003,223.35598754882812,10.069999694824219
2017-10-19,2.307572653483678,-3.0799999237060547,-0.46648075886659335,1.25600004196167,0.0226558938724817,-0.004659165301260628,223.41712951660156,10.050000190734863
2017-10-20,2.299580610756977,-3.440000534057617,-0.4628570578507247,1.305999994277954,0.030486404034023355,1.2370672991823244,224.57008361816406,9.970000267028809
2017-10-23,2.404238719152724,-1.7799997329711914,-0.4649759035170387,1.3059998750686646,0.026388473241516552,0.051137593163462364,223.69656372070312,11.069999694824219
2017-10-24,2.412335943280415,-2.190000534057617,-0.46249689092118795,1.307999849319458,0.030190863487936547,0.178639556451364,224.0896453857422,11.15999984741211
2017-10-25,2.41858872798778,-1.859999656677246,-0.46267258248954785,1.3610000610351562,0.024626151112587123,1.8293574141009064,222.9803924560547,11.229999542236328
2017-10-26,2.4248027425974863,-2.2400007247924805,-0.46383480624740075,1.3719998598098755,0.022030827287206407,0.2670602668773659,223.26861572265625,11.300000190734863
2017-10-27,2.282382405139267,-3.619999885559082,-0.4641008846864533,1.3550000190734863,0.028974904367820322,0.9669650306567348,225.09408569335938,9.800000190734863
2017-10-30,2.3513752571634776,-2.7599992752075195,-0.46762973168629857,1.2949998378753662,0.02173389802210537,-0.45324689158660636,224.255615234375,10.5
2017-10-31,2.320425041100351,-3.060000419616699,-0.46600127600580576,1.2529999017715454,0.01896140644651278,-0.19019258664183178,224.60501098632812,10.180000305175781
2017-11-01,2.3223877015907286,-3.2799997329711914,-0.46853433252328563,1.2379999160766602,0.018144824995734377,-0.48199133607322103,224.9019317626953,10.199999809265137
2017-11-02,2.2955605087897877,-4.140000343322754,-0.46893739375172155,1.2089998722076416,0.01734754880594555,-0.3756438946810352,224.98931884765625,9.930000305175781
2017-11-03,2.2126604230287223,-4.579999923706055,-0.4699798950633785,1.1949999332427979,0.014773257844231684,-0.256118318198155,225.74049377441406,9.140000343322754
2017-11-06,2.2407096486940716,-4.479999542236328,-0.4701136278844552,1.1619999408721924,0.017458844167814378,-0.70931447269197,226.08984375,9.399999618530273
2017-11-07,2.291524180348751,-3.9300003051757812,-0.4721336687774451,1.11899995803833,0.018415653477229985,-0.3393890612888038,225.93260192871094,9.890000343322754
2017-11-08,2.2803394567431665,-4.600000381469727,-0.4752663397470817,1.1299999952316284,0.017480554727978524,-0.6498476268450457,226.31692504882812,9.779999732971191
2017-11-09,2.3513752571634776,-3.4900007247924805,-0.4775511013965336,1.1280001401901245,0.012276344772443966,1.504357942082413,225.49591064453125,10.5
2017-11-10,2.423917374782742,-3.299999237060547,-0.4696281233981689,1.2000000476837158,0.013457715036643603,-0.18435580427121434,225.42604064941406,11.289999961853027
2017-11-13,2.4423470353692043,-3.9099998474121094,-0.4704835915297314,1.2150001525878906,0.01317025057834015,-0.6519295061051494,225.63560485839844,11.5
2017-11-14,2.4501426705171383,-4.200000762939453,-0.47499412244781214,1.1410000324249268,0.009512314645941232,-0.11940806150112493,225.111572265625,11.59000015258789
2017-11-15,2.5748996970306925,-2.9300003051757812,-0.47923709481735416,1.1050000190734863,0.0037894956775290202,0.9329509397210897,223.98480224609375,13.130000114440918
2017-11-16,2.4647039619332216,-5.220000267028809,-0.4683157567244941,1.13100004196167,0.011276636122556851,0.3525885223028553,225.88894653320312,11.760000228881836
2017-11-17,2.4362415045062624,-5.310000419616699,-0.47024713816923636,1.1140000820159912,0.008059775996403524,0.8197579095855634,225.22509765625,11.430000305175781
2017-11-20,2.36555985633668,-4.679999351501465,-0.4700184169383176,1.1319999694824219,0.004617577841555254,-0.8221881083105957,225.6094512939453,10.649999618530273
2017-11-21,2.2752138491512865,-4.580000400543213,-0.4712785973000909,1.084999918937683,0.015036069235972704,0.41997440126389096,227.0854949951172,9.729999542236328
2017-11-22,2.290512523342865,-4.569999694824219,-0.4735639863522362,1.0570000410079956,0.012395871999180075,-1.0140994026423376,226.8847198486328,9.880000114440918
2017-11-24,2.2690283173549592,-4.550000190734863,-0.4717271120153583,1.0999999046325684,0.019665094178603026,-1.939839055550632,227.40872192382812,9.670000076293945
2017-11-27,2.2894998418505654,-3.5699996948242188,-0.4742253849039635,1.1050000190734863,0.017873929409032045,-0.5472236589366253,227.29518127441406,9.869999885559082
2017-11-28,2.305580575350832,-3.0900001525878906,-0.4725518536960942,1.0730000734329224,0.01982460381859026,2.0593545071541284,229.60101318359375,10.029999732971191
2017-11-29,2.3702437236421723,-2.6599998474121094,-0.46983831317283187,1.1179999113082886,0.022948129306498137,0.8313824528684707,229.46136474609375,10.699999809265137
2017-11-30,2.423031222397146,-1.6599998474121094,-0.4684507730596767,1.1790000200271606,0.030107916818478127,3.418892075876635,231.47023010253906,11.279999732971191
2017-12-01,2.4362415045062624,-1.3000001907348633,-0.4718577434806688,1.1269999742507935,0.026709136207283532,4.361765426579506,230.98980712890625,11.430000305175781
2017-12-04,2.457878003528144,-1.3400001525878906,-0.47377429778321867,1.1339999437332153,0.02511019770917483,1.2795042964681036,230.7103729248047,11.680000305175781
2017-12-05,2.427454068306116,-2.4300003051757812,-0.47624733695411436,1.0729999542236328,0.01817376257221565,0.5641805996081185,229.88055419921875,11.329999923706055
2017-12-06,2.399711845264121,-2.5500001907348633,-0.479060498239284,1.066999912261963,0.016817537583371404,0.4600755772714158,229.9242706298828,11.020000457763672
2017-12-07,2.3184584271318425,-3.4200000762939453,-0.4766222263737306,1.1159999370574951,0.020661342515029043,0.5072211981000575,230.64923095703125,10.15999984741211
2017-12-08,2.259677584018892,-4.020000457763672,-0.4743527191309915,1.1299998760223389,0.02439994747523684,0.47457410071823136,231.90696716308594,9.579999923706055
2017-12-11,2.2343062685777846,-3.489999771118164,-0.47486764296333567,1.121999979019165,0.031042514229877746,0.7366365124043813,232.60565185546875,9.34000015258789
2017-12-12,2.294552928987703,-3.239999771118164,-0.4745815222471149,1.0930001735687256,0.03311626692982642,0.8066335752165924,233.01629638671875,9.920000076293945
2017-12-13,2.320425041100351,-3.1499996185302734,-0.4774751373423238,1.0759999752044678,0.03207429313267146,1.552330636525931,232.99002075195312,10.180000305175781
2017-12-14,2.3504224005891556,-2.9300003051757812,-0.4813476239612446,1.062999963760376,0.03030503688307865,1.4461545849411346,232.0380096435547,10.489999771118164
2017-12-15,2.2428350966874167,-3.8299999237060547,-0.48262926765585157,1.0700000524520874,0.043615748259430646,3.014999990523926,233.97024536132812,9.420000076293945
2017-12-18,2.254444689646298,-4.0199995040893555,-0.4786379103928421,1.0769999027252197,0.04147153306942815,0.5881538511765393,235.45387268066406,9.529999732971191
2017-12-19,2.305580575350832,-3.4800004959106445,-0.4755828332760539,1.1100000143051147,0.0405668352628951,0.5229288313878271,234.54962158203125,10.029999732971191
2017-12-20,2.274185645944447,-4.029999732971191,-0.4721272660834397,1.1469999551773071,0.03833779289809847,0.28380756873952373,234.4267578125,9.720000267028809
2017-12-21,2.2638442527814697,-4.720000267028809,-0.47377163182042137,1.1609998941421509,0.03387408237984121,-0.11279931746701924,234.90957641601562,9.619999885559082
2017-12-22,2.292534718608248,-4.979999542236328,-0.4735981152776759,1.1869999170303345,0.03449680548564392,0.3402799203713625,234.84808349609375,9.899999618530273
2017-12-26,2.327277705584417,-4.140000343322754,-0.4734291722659593,1.1640000343322754,0.030993177182056717,-0.9868791911070792,234.56719970703125,10.25
2017-12-27,2.3485140503866293,-2.939999580383301,-0.4785013097614422,1.00600004196167,0.0319792388252362,-0.47474881004814173,234.68138122558594,10.470000267028809
2017-12-28,2.320425041100351,-3.489999771118164,-0.478301556442012,1.0619999170303345,0.023940850686258862,-0.9774358608277197,235.1641845703125,10.180000305175781
2017-12-29,2.4015250373936077,-2.6700000762939453,-0.47812814135663606,1.0499999523162842,0.02077162454515892,1.0336984851921145,234.27749633789062,11.039999961853027
2018-01-02,2.2793165129086996,-4.069999694824219,-0.4705254262703402,1.0869998931884766,0.01918661363452529,0.6453473258023176,235.95423889160156,9.770000457763672
2018-01-03,2.2137538375967485,-4.46999979019165,-0.46754883319105367,1.0770000219345093,0.027569725615846488,0.7620041776881968,237.4467315673828,9.149999618530273
2018-01-04,2.221375066530412,-4.509999752044678,-0.4655104933656845,1.0830000638961792,0.03298633023635416,0.3766172463126709,238.44757080078125,9.220000267028809
2018-01-05,2.221375066530412,-4.3600006103515625,-0.46449720712760706,1.1060000658035278,0.04323159156740389,0.47719040300169846,240.03660583496094,9.220000267028809
2018-01-08,2.2533948968876922,-4.249999523162842,-0.4652103479001137,1.100000023841858,0.044868510592112325,-0.5374092097737515,240.47557067871094,9.520000457763672
2018-01-09,2.3105532550743786,-4.059999465942383,-0.4646402948852711,1.13100004196167,0.04398116316809105,-0.5607494610569306,241.01983642578125,10.079999923706055
2018-01-10,2.2844210912894107,-4.509999752044678,-0.4674744684852637,1.1549999713897705,0.03701159438802576,-0.08836249847887304,240.65103149414062,9.819999694824219
2018-01-11,2.290512523342865,-4.319999694824219,-0.4665658376138944,1.1279999017715454,0.041272828339847925,-0.390158010355496,242.4068145751953,9.880000114440918
2018-01-12,2.3184584271318425,-3.5199995040893555,-0.46844327169919436,1.1420000791549683,0.04600692572630224,0.7357626556560243,243.98709106445312,10.15999984741211
2018-01-16,2.4561641678359063,-1.9799995422363281,-0.46992495303498133,1.1489999294281006,0.042695564846083445,1.3278674070698007,243.153076171875,11.65999984741211
2018-01-17,2.477378370555463,-1.5900001525878906,-0.46707787563007536,1.1630001068115234,0.05627659814045563,1.544569830877586,245.4707489013672,11.90999984741211
2018-01-18,2.5030739755952336,-1.2100000381469727,-0.4642024349118915,1.2060000896453857,0.046301459172987953,1.0151722653446438,245.05812072753906,12.220000267028809
2018-01-19,2.4221443686695787,-2.630000114440918,-0.4600887034206046,1.2340000867843628,0.04451984302835783,2.494228863659483,246.17308044433594,11.270000457763672
2018-01-22,2.40061880905609,-2.130000114440918,-0.45825690262371577,1.274999976158142,0.05646606111784064,0.5287875980491462,248.17477416992188,11.029999732971191
2018-01-23,2.40694514268493,-2.1999998092651367,-0.4596303403949268,1.2110000848770142,0.05910983878481468,0.7480494267798315,248.701416015625,11.100000381469727
2018-01-24,2.4397349544219074,-2.0799999237060547,-0.4604448113794942,1.2440000772476196,0.05666430854264603,2.1066037930324204,248.60491943359375,11.470000267028809
2018-01-25,2.4492794655564256,-2.0399999618530273,-0.46619501755397635,1.2280000448226929,0.05734959311177774,0.19659161414389684,248.71022033691406,11.579999923706055
2018-01-26,2.4051416744334024,-3.0,-0.46407083837808183,1.2739999294281006,0.07005755941327561,1.0685753175460395,251.5897216796875,11.079999923706055
2018-01-29,2.62756296121466,-0.07999992370605469,-0.46495060446567527,1.3239998817443848,0.06291892781671102,0.39042199742621825,249.9217071533203,13.84000015258789
2018-01-30,2.6939512741434677,0.37000083923339844,-0.4649717548716875,1.3010001182556152,0.05055417775270977,1.8808838041355778,247.3583526611328,14.789999961853027
2018-01-31,2.605648264666775,-1.0399999618530273,-0.46533623206053737,1.290000081062317,0.054828391378103615,0.9895063998618757,247.48121643066406,13.539999961853027
2018-02-01,2.6004650102462374,-0.8600006103515625,-0.4627974994796116,1.3200000524520874,0.04656100281862595,0.30387757220451445,247.20028686523438,13.470000267028809
2018-02-02,2.8512843383355686,1.8299999237060547,-0.4640262937349071,1.4040000438690186,0.018245004357367128,3.0562666819974567,241.81871032714844,17.309999465942383
2018-02-05,3.619529367801871,31.21000099182129,-0.4701995721540391,1.3359999656677246,-0.02868338482857127,5.2661468478869695,231.7052459716797,37.31999969482422
2018-02-06,3.400530477405483,15.709999084472656,-0.46212807933314237,1.279999852180481,-0.01581484284428551,5.089327215106199,236.27032470703125,29.979999542236328
2018-02-07,3.3225148431198006,9.829999923706055,-0.46305392273973744,1.3290001153945923,-0.02308136780076435,1.4041172716928538,234.98863220214844,27.729999542236328
2018-02-08,3.5103506681968324,14.10999870300293,-0.46749311372483393,1.3360000848770142,-0.0635725507805782,2.6963710726276244,226.17446899414062,33.459999084472656
2018-02-09,3.36936263976438,6.719999313354492,-0.4670773698180491,1.3040000200271606,-0.047131547913573206,3.054589045677148,229.57191467285156,29.059999465942383
2018-02-12,3.242982924043982,3.969999313354492,-0.46027237626274425,1.3220001459121704,-0.03982334561790943,0.7022022214085424,232.94305419921875,25.610000610351562
2018-02-13,3.2176750767928626,2.6400012969970703,-0.46309316992968824,1.2699998617172241,-0.043836792118173824,-0.34491775917289985,233.52252197265625,24.969999313354492
2018-02-14,2.9580304182537716,-0.6100006103515625,-0.45765944709043826,1.3630001544952393,-0.02700682913256577,0.29761368539949307,236.67416381835938,19.260000228881836
2018-02-15,2.951257739582145,-0.5,-0.4543128616958525,1.3310000896453857,-0.02381397994759203,0.12476356453759893,239.6941680908203,19.1299991607666
2018-02-16,2.968361029711232,-0.48999977111816406,-0.4532351785679798,1.3070000410079956,-0.021838617423811327,0.9273661074379301,239.764404296875,19.459999084472656
2018-02-20,3.025291094313483,0.6299991607666016,-0.4524530598565323,1.3199999332427979,-0.03265911953287137,-0.31878008381537554,238.26315307617188,20.600000381469727
2018-02-21,2.9967317967523925,-0.020000457763671875,-0.45151188978884155,1.3350000381469727,-0.04574408360366626,-0.11503974147913165,237.07798767089844,20.020000457763672
2018-02-22,2.9295924343696638,-0.9300003051757812,-0.45218555058669063,1.312000036239624,-0.04656861490725317,0.0643999249339113,237.38526916503906,18.719999313354492
2018-02-23,2.8027541226914687,-2.520000457763672,-0.4501824025104329,1.2660000324249268,-0.030366692213548638,-0.2434877607483407,241.16908264160156,16.489999771118164
2018-02-26,2.7600099521047476,-1.760000228881836,-0.44972697180588445,1.250999927520752,-0.01924498685814166,-0.36431128018579223,243.9695587158203,15.800000190734863
2018-02-27,2.9226238099414155,-0.8999996185302734,-0.4480330072077789,1.2730000019073486,-0.043321451220024065,-0.17018134695543435,240.92320251464844,18.59000015258789
2018-02-28,2.9882040263508176,-0.6999988555908203,-0.45142133318441446,1.25,-0.04685106891976132,0.20919140776664635,238.482666015625,19.850000381469727
2018-03-01,3.112181055638915,2.469999313354492,-0.457044154141541,1.21399986743927,-0.0511889611785284,1.1393317420411935,235.01495361328125,22.469999313354492
2018-03-02,2.97501923974552,-0.9899997711181641,-0.4482532332779844,1.252000093460083,-0.04654378297312871,0.46720118732847504,236.22645568847656,19.59000015258789
2018-03-05,2.930126492015865,-0.9499988555908203,-0.4479088445031363,1.25600004196167,-0.03391641295417161,-0.25027025730949903,238.95672607421875,18.729999542236328
2018-03-06,2.910174418435893,-2.010000228881836,-0.44737064386111325,1.2340000867843628,-0.009373844008821292,-0.5436392916146463,239.56253051757812,18.360000610351562
2018-03-07,2.8769487504515148,-2.1300010681152344,-0.44947382738490765,1.2329999208450317,0.03298183343096938,-0.4044012611819737,239.4747314453125,17.760000228881836
2018-03-08,2.805781744947862,-2.320000648498535,-0.45028434843644666,1.2309999465942383,0.018298622595778614,-0.7514938077938371,240.633544921875,16.540000915527344
2018-03-09,2.683757531984173,-3.4800004959106445,-0.4431502521599152,1.2590000629425049,0.040990874005276075,0.05160405521504862,244.8211669921875,14.640000343322754
2018-03-12,2.7587432984957503,-2.559999465942383,-0.44606958698628874,1.2269998788833618,0.07796528575265989,-0.6743176411162928,244.51385498046875,15.779999732971191
2018-03-13,2.794227920674744,-2.689999580383301,-0.4493022505128022,1.1579999923706055,0.05657210918738248,-0.3296334737152459,242.9336700439453,16.350000381469727
2018-03-14,2.8466520239720103,-1.5,-0.4527047811710277,1.0989998579025269,0.03684971735292523,-0.09274845368259278,241.6870574951172,17.229999542236328
2018-03-15,2.8088001133999354,-2.2499990463256836,-0.45303285453359143,1.0929999351501465,0.03327447429360933,-0.48544485185956854,241.423583984375,16.59000015258789
2018-03-16,2.7600099521047476,-2.809999465942383,-0.4520471126600168,1.1100000143051147,0.02095256094959049,-0.18868183077245657,241.68540954589844,15.800000190734863
2018-03-19,2.9454910811847346,2.5700016021728516,-0.4527897192332191,1.1169999837875366,-0.005349386572937119,-0.03590307613826865,238.41537475585938,19.020000457763672
2018-03-20,2.901421636002499,0.8200016021728516,-0.4472719358527975,1.1209999322891235,-0.003943373164379394,-0.8750286450803478,238.82078552246094,18.200000762939453
2018-03-21,2.882563609622572,-0.18999862670898438,-0.446318035893074,1.1970000267028809,0.0004167608878276023,-0.5426300377793899,238.3624725341797,17.860000610351562
2018-03-22,3.150168633396023,4.649999618530273,-0.4540150806685512,1.1490000486373901,-0.01991135718546439,0.6596102962606748,232.4041290283203,23.34000015258789
2018-03-23,3.2136622915601216,5.429998397827148,-0.4534100940342215,1.1419999599456787,-0.04275186219598526,1.2232157377431785,227.4504852294922,24.8700008392334
2018-03-26,3.045950022365369,1.5799999237060547,-0.45049031253616606,1.1379998922348022,-0.0315742493257044,0.48741739986389987,233.67330932617188,21.030000686645508
2018-03-27,3.1135153092103742,1.010000228881836,-0.4550376137264903,1.0529999732971191,-0.06027773185484253,0.26622269588346076,229.6980743408203,22.5
2018-03-28,3.129826044730509,2.6300010681152344,-0.4581617442223808,1.0800000429153442,-0.05067133148322229,0.5297125985706205,229.01943969726562,22.8700008392334
2018-03-29,2.994231113043872,0.020000457763671875,-0.4592951373882241,1.0709999799728394,-0.027793361958217567,-0.096128854757332,231.94569396972656,19.969999313354492
2018-04-02,3.1620938462998422,4.739999771118164,-0.46264538456337795,1.0490001440048218,-0.0349665613075367,1.1849901178405189,226.93930053710938,23.6200008392334
2018-04-03,3.0492730585611545,2.4599990844726562,-0.4571706886946701,1.0709998607635498,-0.02737311542944942,0.005130916923995078,229.847900390625,21.100000381469727
2018-04-04,2.9987277559107772,1.5300006866455078,-0.4549431015511498,1.1200001239776611,-0.028222079736631413,0.0614487138396276,232.30714416503906,20.059999465942383
2018-04-05,2.941276115955272,0.31999969482421875,-0.4544667079231111,1.1570000648498535,-0.022893095493292645,-0.6649061115364605,234.1405029296875,18.940000534057617
2018-04-06,3.0675877000037985,1.8599987030029297,-0.4596868320252766,1.095000147819519,-0.045064651463491784,1.020815934075197,228.9224395751953,21.489999771118164
2018-04-09,3.080532896273726,2.6000003814697266,-0.4564521887347885,1.1110000610351562,-0.04497567380206548,-0.2942124828618225,230.0506591796875,21.770000457763672
2018-04-10,3.018960366129206,0.5200004577636719,-0.45309356776627463,1.1019998788833618,-0.046453417785978786,-0.3444981611497167,233.70849609375,20.469999313354492
2018-04-11,3.0076608331108736,0.0,-0.453427177776266,1.097000002861023,-0.050453090354245084,-0.5807002945423402,232.48341369628906,20.239999771118164
2018-04-12,2.917230033020351,-1.460000991821289,-0.4470935865240861,1.1290000677108765,-0.035776206858342215,-0.9817384051650629,234.39605712890625,18.489999771118164
2018-04-13,2.8570447450157155,-2.1899986267089844,-0.44685485993027174,1.1109999418258667,-0.033569142883451614,-0.700395330170643,233.70849609375,17.40999984741211
2018-04-16,2.806990116707257,-1.25,-0.44543554617830516,1.11899995803833,-0.024289942707276625,-1.0785481507493933,235.63006591796875,16.559999465942383
2018-04-17,2.7245795030534206,-1.4499988555908203,-0.44505859300542,1.0589998960494995,-0.014732309907559613,-1.0351194381311128,238.1509246826172,15.25
2018-04-18,2.7472709387086787,-2.159998893737793,-0.44095738169718623,1.0970001220703125,-0.00036980133729779354,-1.1391083659444634,238.3272247314453,15.600000381469727
2018-04-19,2.770085594411824,-1.6200008392333984,-0.440300752161927,1.13100004196167,-0.007631903193906969,-0.7696643722638745,237.00506591796875,15.960000038146973
2018-04-20,2.8261294394501912,-1.489999771118164,-0.43868109767534863,1.1859999895095825,-0.014226539216671268,-0.36514906155011084,234.9954071044922,16.8799991607666
2018-04-23,2.793616098770161,-0.9099998474121094,-0.44092903682429896,1.190000057220459,0.01093817316216057,-0.9589338329792167,234.9601593017578,16.34000015258789
2018-04-24,2.891482277583281,0.9400005340576172,-0.4399651292620058,1.1600000858306885,0.018924734815660833,-0.13387901818970166,231.79591369628906,18.020000457763672
2018-04-25,2.881443135704996,0.4799995422363281,-0.4367150848003011,1.2089998722076416,-0.005598174327870251,-0.28394509760962117,232.3688201904297,17.84000015258789
2018-04-26,2.7874773206398227,-1.2800006866455078,-0.4361715045728389,1.2050000429153442,0.021674463312711778,-0.9095615719335548,234.7310028076172,16.239999771118164
2018-04-27,2.7350166394301496,-2.640000343322754,-0.43889491608918274,1.187000036239624,0.02557153823007071,-1.0723345896312872,234.9513397216797,15.40999984741211
2018-04-30,2.7682041430792563,-0.8899993896484375,-0.438727564376477,1.1730000972747803,0.0051549732615360595,-0.6340086743642358,233.1444549560547,15.930000305175781
2018-05-01,2.740194639652674,-1.2100000381469727,-0.43527864283158507,1.1660001277923584,0.028750856573365714,-0.7530377029307134,233.55870056152344,15.489999771118164
2018-05-02,2.7707119789475727,-0.7299995422363281,-0.43484487562338625,1.1790000200271606,0.009275714168788397,-0.5362681447167462,231.9898223876953,15.970000267028809
2018-05-03,2.766319085234379,-1.2800006866455078,-0.43513603302329423,1.158000111579895,-0.0035732632872787205,0.3100879230842462,231.47853088378906,15.899999618530273
2018-05-04,2.692598127536089,-2.7899999618530273,-0.435830104970248,1.1510000228881836,0.0014293153742380518,-0.4460853463276953,234.47540283203125,14.770000457763672
2018-05-07,2.691243082785829,-2.429999351501465,-0.4337593232978648,1.1570000648498535,0.027344912046877497,-1.0796200467495025,235.2686767578125,14.75
2018-05-08,2.688527537206614,-2.5,-0.43493202248116297,1.1340000629425049,0.022428624447611484,-0.9327894119517666,235.2686767578125,14.710000038146973
2018-05-09,2.5967461372286285,-3.6499996185302734,-0.4331190294659903,1.1589999198913574,0.016272969038417753,-1.0772058341775097,237.54273986816406,13.420000076293945
2018-05-10,2.582486943526435,-2.809999465942383,-0.43525288319263994,1.125999927520752,0.030835999679657274,-0.7967124002150082,239.76394653320312,13.229999542236328
2018-05-11,2.537657185017819,-3.5799999237060547,-0.437339649420699,1.1109999418258667,0.025689199777016194,-1.2160782878249092,240.49551391601562,12.649999618530273
2018-05-14,2.5595502163859143,-2.609999656677246,-0.43528350689802975,1.1399998664855957,0.029103279724476804,-1.3245559382093028,240.61012268066406,12.930000305175781
2018-05-15,2.6830742228543785,-1.5,-0.4326021462245693,1.2049999237060547,0.014004025815986915,-0.3657875212699755,238.9530487060547,14.630000114440918
2018-05-16,2.5967461372286285,-2.780000686645508,-0.4299998967987802,1.2300000190734863,0.0075586946778587625,-1.3083705222622346,239.95785522460938,13.420000076293945
2018-05-17,2.5974910332585845,-3.0,-0.42748311995591953,1.2459999322891235,0.0059737294880541905,-1.193370202457734,239.75518798828125,13.430000305175781
2018-05-18,2.5967461372286285,-3.7100000381469727,-0.4326573164325861,1.2119998931884766,0.009033610039844178,-0.9396992489667584,239.15577697753906,13.420000076293945
2018-05-21,2.5710843401961823,-3.3199996948242188,-0.4318653304492739,1.2020000219345093,0.02503935580933019,-1.1051897162928037,240.95382690429688,13.079999923706055
2018-05-22,2.581730854622391,-3.9600000381469727,-0.43011475140373673,1.1720000505447388,0.022405450971920447,-1.2183356644248322,240.28396606445312,13.220000267028809
2018-05-23,2.532108245207593,-4.419999122619629,-0.4335771000254467,1.1299999952316284,0.038711419900570886,-0.8507193376722714,240.94500732421875,12.579999923706055
2018-05-24,2.528125747596819,-4.100000381469727,-0.43577879642771117,1.1209999322891235,0.03419214170663407,-0.5115647135059362,240.45140075683594,12.529999732971191
2018-05-25,2.581730854622391,-3.369999885559082,-0.4403651294109865,1.0779999494552612,0.021692395240557584,-1.0594277995465933,239.87850952148438,13.220000267028809
2018-05-29,2.8343891500408605,0.1100006103515625,-0.4498544348023773,0.9279998540878296,0.009186671166301242,0.6445156797291702,237.1197052001953,17.020000457763672
2018-05-30,2.704042151617877,-2.739999771118164,-0.44291997717614007,0.9639999866485596,0.03016317604659372,-0.6594705216537545,240.28396606445312,14.9399995803833
2018-05-31,2.73631368615315,-2.2100000381469727,-0.44342408408833905,0.9520000219345093,0.022242857433277467,0.0672824557425062,238.81192016601562,15.430000305175781
2018-06-01,2.5997223270506806,-3.830000877380371,-0.4392228184462177,1.0269999504089355,0.03875263762054627,-0.5817452995446878,241.15650939941406,13.460000038146973
2018-06-04,2.54474663217841,-2.8799991607666016,-0.43484693174157474,1.0720000267028809,0.04569946032011532,-1.3310938953102607,242.3024139404297,12.739999771118164
2018-06-05,2.517696441847303,-3.0399999618530273,-0.43437354584979054,1.0159999132156372,0.033563175822121344,-1.1325008979654703,242.47869873046875,12.399999618530273
2018-06-06,2.4544474717983733,-3.1599998474121094,-0.42825283448451923,1.0749999284744263,0.03851148137075414,-0.7698542038299974,244.50595092773438,11.640000343322754
2018-06-07,2.4956817323904943,-2.530000686645508,-0.43122037395800394,1.0480000972747803,0.038403262442633625,-0.46836903121296497,244.4794921875,12.130000114440918
2018-06-08,2.4997952873372333,-3.0399999618530273,-0.43014674748857645,1.0570000410079956,0.031735836985622726,-0.4747707540400634,245.20225524902344,12.180000305175781
2018-06-11,2.5136560939622226,-2.020000457763672,-0.4273194304574735,1.0889999866485596,0.023757974368810997,-0.8614873075697849,245.52845764160156,12.350000381469727
2018-06-12,2.5128460308425487,-2.560000419616699,-0.4265910671173737,1.069000005722046,0.02200299019318286,-0.45097460122664446,245.8457794189453,12.34000015258789
2018-06-13,2.560323256644879,-2.260000228881836,-0.42528036754200654,1.0820000171661377,0.01833042353910829,-0.23813016284094085,245.061279296875,12.9399995803833
2018-06-14,2.4948569711988484,-3.359999656677246,-0.4269136569117502,1.0630000829696655,0.02775574434347005,-0.293790795352947,245.6782684326172,12.119999885559082
2018-06-15,2.4832385544766455,-3.5799999237060547,-0.4260997833817174,1.0360000133514404,0.02228286925695112,0.9704971257806256,245.3648223876953,11.979999542236328
2018-06-18,2.510411974283827,-2.7899999618530273,-0.42516937415587014,1.0430001020431519,0.021068766981294285,-0.9861999718606695,244.86012268066406,12.3100004196167
2018-06-19,2.5915164134207695,-2.1999998092651367,-0.42708668982271086,0.994999885559082,0.01973205024017908,0.31254280715698646,243.9216766357422,13.350000381469727
2018-06-20,2.548663612608189,-2.630000114440918,-0.42044015218723646,1.0399999618530273,0.013946489664172905,-0.9638192209249353,244.33782958984375,12.789999961853027
2018-06-21,2.683757531984173,-1.3099994659423828,-0.42174336045534333,1.0070000886917114,0.010441856462318539,-0.43113344701376904,242.80612182617188,14.640000343322754
2018-06-22,2.6224923459841123,-3.3400001525878906,-0.42285643334081174,1.03000009059906,0.009515729754384547,-0.9202249413786834,243.24871826171875,13.770000457763672
2018-06-25,2.8524390993250943,0.15999984741210938,-0.4242209961208239,1.0219999551773071,-0.0021397748889987736,1.7764556568913927,239.93743896484375,17.329999923706055
2018-06-26,2.7675761852085703,-1.710000991821289,-0.4276682343824908,0.9870001077651978,0.002457241354295147,-0.4540233517664797,240.4686737060547,15.920000076293945
2018-06-27,2.885359207552917,-0.1399993896484375,-0.43317897151614304,0.9469999074935913,0.005706064172746706,0.8042415317094933,238.47659301757812,17.90999984741211
2018-06-28,2.8243506794375235,-1.6900005340576172,-0.4346793175712109,0.966999888420105,-0.0018490150478177262,-0.1518935278713995,239.840087890625,16.850000381469727
2018-06-29,2.7781979704876907,-2.2099990844726562,-0.43755115887575224,0.968999981880188,0.005734549999469025,0.696818438269567,240.18533325195312,16.09000015258789
2018-07-02,2.7472709387086787,-2.530000686645508,-0.43672669597272884,0.9709999561309814,-0.0018994349239436715,-0.6003130146643498,240.69888305664062,15.600000381469727
2018-07-03,2.78130062502572,-2.1800003051757812,-0.44027911755619337,0.9050000905990601,-0.01017729026090689,-1.4074981435467142,239.84893798828125,16.139999389648438
2018-07-05,2.7060482162691324,-2.390000343322754,-0.4396462996565494,0.9299999475479126,-0.0027795668537140493,-0.7990585387522007,241.80564880371094,14.970000267028809
2018-07-06,2.5930133825543216,-4.220000267028809,-0.4384550877525938,0.9260001182556152,-0.0026828364404765056,-0.4069595307404141,243.85086059570312,13.369999885559082
2018-07-09,2.540814248659574,-4.079999923706055,-0.43762688369563485,0.9449999332427979,0.006389521412709285,-1.1140580064347358,246.04660034179688,12.6899995803833
2018-07-10,2.536866415880321,-4.050000190734863,-0.43638121934877583,0.937999963760376,0.007029621155151884,-1.0165821403269029,246.9320068359375,12.640000343322754
2018-07-11,2.6122732541046934,-3.5799999237060547,-0.43989939160194375,0.9220000505447388,-0.0016412738817406828,0.17585782289490776,245.1258087158203,13.630000114440918
2018-07-12,2.532108245207593,-4.159999847412109,-0.43890578412721015,0.9249999523162842,0.006091854640823149,-0.6171041802645623,247.34800720214844,12.579999923706055
2018-07-13,2.4997952873372333,-4.470000267028809,-0.43968388884046555,0.9030001163482666,0.010075447715176697,-1.142111569129105,247.54286193847656,12.180000305175781
2018-07-16,2.551786172681018,-3.3500003814697266,-0.43874140940108464,0.9200000762939453,0.006666045715058752,-1.1215026864875566,247.32144165039062,12.829999923706055
2018-07-17,2.4898942260931265,-3.839999198913574,-0.4376983093448868,0.8890000581741333,0.0119801422086528,-0.9160958183827345,248.32200622558594,12.0600004196167
2018-07-18,2.4932054841291187,-4.3600006103515625,-0.4370575497213544,0.9149999618530273,0.01614070649138094,-1.2514813261895608,248.8444061279297,12.100000381469727
2018-07-19,2.554899012715967,-3.820000648498535,-0.43908309914652294,0.8989999294281006,0.01620199691774482,-0.47040998777279197,247.9058837890625,12.869999885559082
2018-07-20,2.554121692112525,-4.069999694824219,-0.4356697200191989,0.9620000123977661,0.013353953733716489,0.5034129875027433,247.62258911132812,12.859999656677246
2018-07-23,2.5352828480448486,-3.5199995040893555,-0.4320213655100248,1.0449999570846558,0.021499942243838242,-1.1024277644385825,248.0829620361328,12.619999885559082
2018-07-24,2.5185025869209565,-3.5500001907348633,-0.4330518552070354,0.9889998435974121,0.024698077662719243,-0.11346602132011097,249.331298828125,12.40999984741211
2018-07-25,2.50878592047404,-3.2799997329711914,-0.4324893591917576,0.9830001592636108,0.04689075121828492,0.4255150429186944,251.45623779296875,12.289999961853027
2018-07-26,2.4965058139116447,-3.3299999237060547,-0.43332701423788955,1.029999852180481,0.042317173461583854,-0.5737682863566992,250.86300659179688,12.140000343322754
2018-07-27,2.5672543706433686,-3.4099998474121094,-0.4349753276800578,1.0149999856948853,0.043836543886079896,0.31617015200815995,249.16310119628906,13.029999732971191
2018-07-30,2.6574584310367695,-2.0900001525878906,-0.4332399417695784,1.029999852180481,0.03289795160708412,-0.2966739303238202,247.86155700683594,14.260000228881836
2018-07-31,2.551786172681018,-3.229999542236328,-0.43426225049440215,0.9789999723434448,0.036376644860791375,-0.059780251368200546,249.0833282470703,12.829999923706055
2018-08-01,2.5764217296146685,-2.9300003051757812,-0.429832566026885,1.024999976158142,0.03256932755059749,-0.7446931229441272,248.66734313964844,13.149999618530273
2018-08-02,2.5006159090701527,-4.25,-0.430467060632579,1.0210000276565552,0.04153950450303498,-0.24945883430187643,250.02197265625,12.1899995803833
2018-08-03,2.4544474717983733,-4.909999847412109,-0.43277356563026087,0.9930000305175781,0.037689766757264195,-0.7264668605520285,251.09317016601562,11.640000343322754
2018-08-06,2.4221443686695787,-4.489999771118164,-0.43186542860474264,0.9699999094009399,0.032927739109557715,-1.467407588464046,252.01397705078125,11.270000457763672
2018-08-07,2.3915113301093784,-4.800000190734863,-0.42828258700357824,0.9650001525878906,0.027260716216310533,-1.2318179120880197,252.8462677001953,10.930000305175781
2018-08-08,2.384165115144968,-5.100000381469727,-0.4272999525821361,0.9630000591278076,0.023248351673712066,-1.2583811123290969,252.74002075195312,10.850000381469727
2018-08-09,2.4221443686695787,-4.670000076293945,-0.42877958426442425,0.929999828338623,0.02922284702392651,-1.528055880591118,252.394775390625,11.270000457763672
2018-08-10,2.5771819143023467,-2.130000114440918,-0.4321725588577438,0.8570001125335693,0.013475684554211406,0.5406629248521178,250.70375061035156,13.15999984741211
2018-08-13,2.6932748974531537,-0.8699989318847656,-0.4326108629815176,0.8820000886917114,0.008937276610287884,-0.038638187216543225,249.76513671875,14.779999732971191
2018-08-14,2.5885156639334435,-2.7300004959106445,-0.43216426252893386,0.8619999885559082,0.016192628882861257,-1.1066151430200963,251.35882568359375,13.3100004196167
2018-08-15,2.683757531984173,-1.1800003051757812,-0.43598690731151224,0.8320000171661377,0.004660002481453601,1.786745412073472,249.4818878173828,14.640000343322754
2018-08-16,2.598979091866817,-2.5900001525878906,-0.4360015309505741,0.8559999465942383,0.010617104853323988,0.15585855988879616,251.50048828125,13.449999809265137
2018-08-17,2.536866415880321,-3.6000003814697266,-0.4357015705071441,0.8779999017715454,0.017910010953420003,-0.05939333271643799,252.38587951660156,12.640000343322754
2018-08-20,2.524928305812279,-3.5799999237060547,-0.4378196025861765,0.8299999237060547,0.0211909253143222,-1.3004387335658374,252.92593383789062,12.489999771118164
2018-08-21,2.554121692112525,-3.6399993896484375,-0.43381427006975753,0.8090000152587891,0.02167620734213688,0.024908382509803737,253.5191650390625,12.859999656677246
2018-08-22,2.505525936990736,-4.309999465942383,-0.4333795306852415,0.7879998683929443,0.01606326344278694,-1.0384825761785978,253.36871337890625,12.25
2018-08-23,2.5185025869209565,-4.260000228881836,-0.433840025533362,0.7880001068115234,0.006247647518204871,-0.8110529645116142,253.03216552734375,12.40999984741211
2018-08-24,2.4840729499500287,-4.649999618530273,-0.43408284247510903,0.7779998779296875,0.014610313827048525,-0.4126418439190015,254.5550994873047,11.989999771118164
2018-08-27,2.4981518639896745,-4.560000419616699,-0.4321860240814375,0.7880001068115234,0.029273632734279378,-0.4068592118128901,256.5648193359375,12.15999984741211
2018-08-28,2.5257286443082556,-4.909999847412109,-0.42885018303060785,0.8059999942779541,0.034994270446763454,-0.8959450299599645,256.6888427734375,12.5
2018-08-29,2.505525936990736,-5.179999351501465,-0.42839145816421276,0.8040001392364502,0.0354436387619507,-0.14092303145068827,258.070068359375,12.25
2018-08-30,2.6049094224466427,-4.050000190734863,-0.4301540991109975,0.8019998073577881,0.03305872555502306,-0.146009598046261,257.0253601074219,13.529999732971191
2018-08-31,2.554121692112525,-4.1399993896484375,-0.4274077954097061,0.7979998588562012,0.027660266320087466,0.08948697021620511,257.0341796875,12.859999656677246
2018-09-04,2.5771819143023467,-3.479999542236328,-0.42764873247994484,0.8339998722076416,0.02166087085584484,-0.358132797341551,256.5914001464844,13.15999984741211
2018-09-05,2.632607994965697,-3.270000457763672,-0.42808834796822604,0.812000036239624,0.015305686896190272,0.4027681907325042,255.90089416503906,13.90999984741211
2018-09-06,2.6844403094241867,-2.880000114440918,-0.43005499586190826,0.7990000247955322,0.008993844517785614,0.07030070343763897,255.13058471679688,14.649999618530273
2018-09-07,2.7000180370958677,-3.1000003814697266,-0.42692715868058134,0.8539998531341553,0.007469092039967535,0.46334204819947983,254.63482666015625,14.880000114440918
2018-09-10,2.6504210774895927,-3.6000003814697266,-0.42825432102445204,0.8540000915527344,0.010572807966171117,-0.7337212955993558,255.07745361328125,14.15999984741211
2018-09-11,2.581730854622391,-4.539999961853027,-0.4257585539309804,0.8689999580383301,0.020587199031249476,-0.697545097730191,255.9185333251953,13.220000267028809
2018-09-12,2.5756610391845274,-4.649999618530273,-0.42543480228835856,0.8580000400543213,0.02458030327669465,-0.20536843861330475,255.9805145263672,13.140000343322754
2018-09-13,2.5152741771529077,-4.7400007247924805,-0.42566239547096163,0.8700001239776611,0.024117003072021845,-0.6378670891407991,257.4945373535156,12.369999885559082
2018-09-14,2.4907230098256137,-4.439999580383301,-0.4235208084578184,0.8910000324249268,0.031784259511002354,-0.40440439786158633,257.5388488769531,12.069999694824219
2018-09-17,2.615934934502575,-1.7799997329711914,-0.4236067928021772,0.8929998874664307,0.018416779043013504,0.31574957808212983,256.17523193359375,13.680000305175781
2018-09-18,2.548663612608189,-3.3000001907348633,-0.4196287811496196,0.9230000972747803,0.0203143624919641,-0.005069051755498132,257.56536865234375,12.789999961853027
2018-09-19,2.463853240590168,-3.1999998092651367,-0.4199999393822287,0.9630000591278076,0.019241818913860245,-0.739005509610201,257.8398132324219,11.75
2018-09-20,2.4680995476355903,-3.4700002670288086,-0.4212271360625965,0.9600000381469727,0.024969978736814207,2.104502414672128,259.9292297363281,11.800000190734863
2018-09-21,2.457878003528144,-3.9499998092651367,-0.42116963068620034,0.945000171661377,0.02464976180990564,2.2478928166851446,259.6918029785156,11.680000305175781
2018-09-24,2.5014359361052056,-3.140000343322754,-0.41936447415972433,0.9550001621246338,0.022651387264522052,-0.5213438208083119,258.8291015625,12.199999809265137
2018-09-25,2.5193080826481626,-3.1599998474121094,-0.4201765943597223,0.9340000152587891,0.015722573665155216,-1.0465930942244805,258.5889892578125,12.420000076293945
2018-09-26,2.5564518435859096,-2.4499998092651367,-0.4227086276277733,0.9010000228881836,0.004862126972700636,1.1991436736048906,257.8153076171875,12.890000343322754
2018-09-27,2.5185025869209565,-2.8000001907348633,-0.42215878529444784,0.9159998893737793,0.007168833408554032,-0.10104220076833166,258.5356140136719,12.40999984741211
2018-09-28,2.4948569711988484,-3.6000003814697266,-0.4207686026351823,0.9059998989105225,0.0019056052162664883,0.6590975744308137,258.56231689453125,12.119999885559082
2018-10-01,2.4849066497880004,-3.5500001907348633,-0.41649954884392615,0.9249999523162842,0.00943011011073332,0.11736640295553755,259.4606018066406,12.0
2018-10-02,2.4890646757652832,-3.7100000381469727,-0.4181838164921548,0.8810000419616699,0.008813058429584323,-0.89871382034103,259.3094482421875,12.050000190734863
2018-10-03,2.451866766138503,-3.869999885559082,-0.4149873820709818,0.9909999370574951,0.011085585176783949,0.2825866945544208,259.4516906738281,11.609999656677246
2018-10-04,2.6546494431534917,-0.4200000762939453,-0.4145784629668718,1.0269999504089355,0.005933862978766452,3.1441793990968248,257.42388916015625,14.220000267028809
2018-10-05,2.695977599275783,-1.390000343322754,-0.4151353731035345,1.059999942779541,0.0033361277764266794,2.5935152826907513,255.983154296875,14.819999694824219
2018-10-08,2.753023540000728,-1.5900001525878906,-0.41630174796615793,1.068000078201294,0.0052811723081748075,1.4600173132693959,255.983154296875,15.6899995803833
2018-10-09,2.7694588172725547,-2.229999542236328,-0.4176081448093963,1.0230000019073486,0.002083639101450451,0.6819560184692031,255.6094970703125,15.949999809265137
2018-10-10,3.1337535315764806,5.279998779296875,-0.42204674946761744,1.0049998760223389,-0.033383603874549514,5.825955264969317,247.51608276367188,22.959999084472656
2018-10-11,3.2180754863722245,8.020000457763672,-0.4253775402363138,0.9179999828338623,-0.05589830910569888,5.607702086655152,242.064208984375,24.979999542236328
2018-10-12,3.059176421049164,3.0,-0.42025447181195996,0.9230000972747803,-0.04800249091900292,2.8521462907870063,245.42613220214844,21.309999465942383
2018-10-15,3.058707036896625,3.6199989318847656,-0.41910477874813357,0.9330000877380371,-0.05380775969391238,0.774732672733039,244.0474853515625,21.299999237060547
2018-10-16,2.8690346681376235,-0.10999870300292969,-0.41826331648209325,0.8959999084472656,-0.02686855630117095,1.1419990798217214,249.38381958007812,17.6200008392334
2018-10-17,2.8564701842969358,-0.35000038146972656,-0.41530498755014916,0.9189999103546143,-0.03210192944784945,0.9246407315366431,249.42832946777344,17.399999618530273
2018-10-18,2.9987277559107772,2.4499988555908203,-0.41953949783284455,0.9199998378753662,-0.04771316260094749,1.475263211090697,245.8263397216797,20.059999465942383
2018-10-19,2.990217062179527,1.289999008178711,-0.41770782318926997,0.937999963760376,-0.056326949898250336,1.5449444609602212,245.6929168701172,19.889999389648438
2018-10-22,2.9775682718493557,0.8500003814697266,-0.4159937527736203,0.9380002021789551,-0.05991204321953445,0.151536466722488,244.5900421142578,19.639999389648438
2018-10-23,3.030616631200474,3.1499996185302734,-0.41835686119671894,0.875999927520752,-0.0616881233575581,1.632690213582126,243.3449249267578,20.709999084472656
2018-10-24,3.2280337445093408,9.289999008178711,-0.42473677480070676,0.8389999866485596,-0.09152718536387187,2.236719046249311,235.97189331054688,25.229999542236328
2018-10-25,3.1871787097745945,7.180000305175781,-0.42148476766458204,0.8559999465942383,-0.07074946310268705,1.2957333638700812,240.20530700683594,24.219999313354492
2018-10-26,3.18469836675089,7.409999847412109,-0.4276699866712927,0.8039999008178711,-0.09128292699756105,2.525867371933687,235.98081970214844,24.15999984741211
2018-10-29,3.206803274522168,7.970001220703125,-0.42746831002913227,0.8269999027252197,-0.09694190702750753,1.5971689305312513,234.6734161376953,24.700000762939453
2018-10-30,3.1505970004519392,6.64000129699707,-0.42287582734831375,0.8269999027252197,-0.08570032165708345,1.466010799942359,238.15090942382812,23.350000381469727
2018-10-31,3.055415254153051,4.010000228881836,-0.4200283997455552,0.8809998035430908,-0.07449374593533963,0.8523249084890311,240.69447326660156,21.229999542236328
2018-11-01,2.9621754979149046,1.470001220703125,-0.41847833799202677,0.874000072479248,-0.06445633715636843,0.2523675557596436,243.25595092773438,19.34000015258789
2018-11-02,2.9709271663665335,0.8700008392333984,-0.415052106052994,0.9409999847412109,-0.06255061443471038,0.7003154549569052,241.81512451171875,19.510000228881836
2018-11-05,2.9937302250152134,1.4299983978271484,-0.416010607421584,0.9330000877380371,-0.05143595100119438,-0.4774675097188245,243.14930725097656,19.959999084472656
2018-11-06,2.991222110412223,2.0400009155273438,-0.4151009024822384,0.9040000438690186,-0.0451281935948539,-0.6001642622817751,244.68788146972656,19.90999984741211
2018-11-07,2.794839368482153,-2.080000877380371,-0.41190559638033364,0.9030001163482666,-0.022484620045249384,0.2631162344397165,249.9263458251953,16.360000610351562
2018-11-08,2.8166055665892396,-2.119999885559082,-0.41143847326581023,0.9309999942779541,0.007874060057239273,-0.5086882169059017,249.4727325439453,16.719999313354492
2018-11-09,2.854168744390704,-2.8299989700317383,-0.4178255657925637,0.8889999389648438,0.02033029815678128,0.17372484656120674,247.0358123779297,17.360000610351562
2018-11-12,3.0179829197963626,0.46000099182128906,-0.42391981187103955,0.8860001564025879,-0.01232432625313575,0.1745193837576142,242.41998291015625,20.450000762939453
2018-11-13,2.9967317967523925,-0.8900012969970703,-0.42425296441800164,0.8499999046325684,-0.008564196554442717,0.14463164153439917,241.96633911132812,20.020000457763672
2018-11-14,3.056356895370426,0.1700000762939453,-0.42348430890093447,0.7949998378753662,-0.03705445445605543,0.69652532717532,240.31214904785156,21.25
2018-11-15,2.9947317503093127,-0.8099994659423828,-0.4218428207506959,0.8080000877380371,-0.026850530605330172,0.8752583141943776,242.82015991210938,19.979999542236328
2018-11-16,2.8981194110402666,-3.0,-0.426811075432468,0.7739999294281006,-0.009706823301811069,0.6743114403576315,243.45169067382812,18.139999389648438
2018-11-19,3.000719834043623,-0.20999908447265625,-0.428953545632388,0.7569999694824219,-0.026223023934995267,0.16528367315239095,239.33384704589844,20.100000381469727
2018-11-20,3.1126260046623373,1.3599987030029297,-0.4296690818758421,0.7130000591278076,-0.040403768691883,0.834072831174125,234.9046630859375,22.479999542236328
2018-11-21,3.03495295002749,-1.4599990844726562,-0.426758303026069,0.7110002040863037,-0.03189859118547618,-0.45970131673245834,235.70506286621094,20.799999237060547
2018-11-23,3.0689827565651293,-0.3299999237060547,-0.4327525061408527,0.7059998512268066,-0.007832319128975827,-1.1480785509831835,234.1309051513672,21.520000457763672
2018-11-26,2.939161901882013,-0.06999969482421875,-0.4284965512453511,0.7290000915527344,-0.00959839453311761,-0.3681062925144094,237.91075134277344,18.899999618530273
2018-11-27,2.9454910811847346,1.3899993896484375,-0.4277245442866869,0.7020001411437988,0.011503974723536219,-0.47699376761009554,238.71121215820312,19.020000457763672
2018-11-28,2.917230033020351,2.779998779296875,-0.4221370901104745,0.7089998722076416,0.0398239620671263,0.6224225545623544,244.20762634277344,18.489999771118164
2018-11-29,2.933324862149553,2.539999008178711,-0.4190336867562644,0.7250001430511475,0.022926891774122327,-0.3618168234788178,243.67404174804688,18.790000915527344
2018-11-30,2.8942530877156045,2.5699996948242188,-0.420436456725337,0.7049999237060547,0.018379266903050053,-0.029878642570101675,245.15916442871094,18.06999969482422
2018-12-03,2.79971742211329,-0.7400016784667969,-0.41724936915959604,0.7039999961853027,0.020948254418642336,0.06284848614517616,248.40548706054688,16.440000534057617
2018-12-04,3.032064191765613,4.350000381469727,-0.42365327442567724,0.5590000152587891,-0.006049840719006696,1.6308953673688473,240.35659790039062,20.739999771118164
2018-12-06,3.053529397483493,4.05000114440918,-0.4301851930633519,0.5230000019073486,-0.013070334342797871,2.07879933955389,239.991943359375,21.190000534057617
2018-12-07,3.1454445270766063,4.979999542236328,-0.4322044765613593,0.5099999904632568,-0.04288821184166424,1.1440787183301013,234.41551208496094,23.229999542236328
2018-12-10,3.1197182263759906,3.520000457763672,-0.4345145760526561,0.5260000228881836,-0.06217594855258593,0.9169724630137919,234.86016845703125,22.639999389648438
2018-12-11,3.0800734325062087,1.7700004577636719,-0.4344871249930032,0.5090000629425049,-0.06013207350942363,0.27652204123199114,234.91354370117188,21.760000228881836
2018-12-12,3.0661906945405133,1.2700004577636719,-0.4323074621644847,0.5309998989105225,-0.04529316263111887,-0.23054901905849057,236.0963897705078,21.459999084472656
2018-12-13,3.0277153009339313,-0.7800006866455078,-0.43257183698441914,0.5480000972747803,-0.026770380857982817,-0.27679646903044935,236.0164031982422,20.649999618530273
2018-12-14,3.074081201165457,-0.48999977111816406,-0.4357078218429821,0.5230000019073486,-0.043534808533022135,0.13718073893005614,231.65838623046875,21.6299991607666
2018-12-17,3.199489129737002,3.6599998474121094,-0.44328661268003783,0.5170001983642578,-0.056488224679684694,1.1471146943510826,227.11363220214844,24.520000457763672
2018-12-18,3.2418107931681344,4.460000991821289,-0.4486673513719925,0.49699997901916504,-0.06796775155554989,0.45978922915882886,226.86459350585938,25.579999923706055
2018-12-19,3.2418107931681344,2.6299991607666016,-0.456926077586207,0.440000057220459,-0.08565425015177167,2.1016248034724434,223.4671173095703,25.579999923706055
2018-12-20,3.3456846421605997,5.180000305175781,-0.4624077277305318,0.45399999618530273,-0.08500698046290846,2.6685488666254824,219.8295440673828,28.3799991607666
2018-12-21,3.404857362764368,7.510002136230469,-0.4664020968695702,0.46200013160705566,-0.08702961246115608,2.5419125915943956,215.32534790039062,30.110000610351562
2018-12-24,3.585461486454794,13.560001373291016,-0.4715918095584574,0.4160001277923584,-0.11720953507823899,0.4793832881273754,209.63580322265625,36.06999969482422
2018-12-26,3.414771496671585,9.019998550415039,-0.4541006524434363,0.41699981689453125,-0.06121868661248918,1.771908984294886,220.22763061523438,30.40999984741211
2018-12-27,3.3998631280906957,7.990001678466797,-0.4547182892666156,0.39499998092651367,-0.06958594905102458,1.1243849721407497,221.9183807373047,29.959999084472656
2018-12-28,3.3442742396467224,5.700000762939453,-0.45795762645842847,0.40799999237060547,-0.07423551851724133,0.4760297056366608,221.63214111328125,28.34000015258789
2018-12-31,3.2355362687626434,3.6200008392333984,-0.4599697204726361,0.3860001564025879,-0.08827897444149321,0.28830173423001987,223.5734100341797,25.420000076293945
2019-01-02,3.1450139466984486,0.2700004577636719,-0.46442437897678884,0.29600000381469727,-0.08505196999370113,-0.06721729869774888,223.80596923828125,23.219999313354492
2019-01-03,3.236715772974506,2.8499984741210938,-0.4643719773307288,0.19899988174438477,-0.1152801721770456,0.24430566741503915,218.46536254882812,25.450000762939453
2019-01-04,3.0624558663436994,-0.5900001525878906,-0.44710942137617554,0.30099987983703613,-0.09548819249300149,0.19222516806848336,225.78297424316406,21.3799991607666
2019-01-07,3.0633909042021177,0.05999946594238281,-0.4375347718464893,0.32899999618530273,-0.05469563480465979,-0.6042343446691547,227.56320190429688,21.399999618530273
2019-01-08,3.018960366129206,-0.5699996948242188,-0.43327093064072075,0.31599998474121094,-0.0438258098530931,-0.6154027305925738,229.7012481689453,20.469999313354492
2019-01-09,2.9947317503093127,-1.510000228881836,-0.43586234551805886,0.3379998207092285,-0.01565324007828956,-0.7710216551679759,230.77471923828125,19.979999542236328
2019-01-10,2.970414465569701,-2.6400012969970703,-0.42929441541547775,0.3559999465942383,-0.014026963234604986,-0.7467538402527926,231.5887908935547,19.5
2019-01-11,2.9008720218899873,-3.6399993896484375,-0.4343559377589237,0.33100008964538574,-0.013868109686673666,-1.1831882819356656,231.67822265625,18.190000534057617
2019-01-14,2.9481164036094025,-2.3600006103515625,-0.43493826030623667,0.35000014305114746,-0.025010396188558003,-1.2559203212107375,230.26475524902344,19.06999969482422
2019-01-15,2.9231616012282804,-2.3999996185302734,-0.43221183237422195,0.3280000686645508,-0.013275778016612689,-0.9117536578816223,232.90380859375,18.600000381469727
2019-01-16,2.9465420774476376,-2.8000011444091797,-0.43260015416046366,0.3680000305175781,0.007778670386273875,-1.0632323964824428,233.4674072265625,19.040000915527344
2019-01-17,2.8936995184175425,-3.4200000762939453,-0.4318864568472801,0.3940000534057617,0.03515023993706189,-0.6471689632138956,235.2386932373047,18.059999465942383
2019-01-18,2.8791984144362717,-3.619999885559082,-0.4307953827736829,0.43599987030029297,0.04946977254392778,0.04324801207004908,238.36976623535156,17.799999237060547
2019-01-22,3.03495295002749,0.8799991607666016,-0.439108028277414,0.38499999046325684,0.05095606085211393,-0.22136667395914528,235.14923095703125,20.799999237060547
2019-01-23,2.971439604435954,-0.7199993133544922,-0.43961721852459584,0.40200018882751465,0.06945794807679508,-0.8452094951135825,235.64122009277344,19.520000457763672
2019-01-24,2.9386326492025887,-1.5799999237060547,-0.44116198250618993,0.4069998264312744,0.09069175582336865,-1.4090002405118998,235.76649475097656,18.889999389648438
2019-01-25,2.8576189758040322,-2.469999313354492,-0.43953968461425696,0.4249999523162842,0.1258958879563151,-0.577233203602706,237.7613983154297,17.420000076293945
2019-01-28,2.9375734038549357,-0.20000076293945312,-0.44090744049987673,0.41100001335144043,0.06897670451968653,-0.7938389901274558,235.95436096191406,18.8700008392334
2019-01-29,2.951257739582145,0.25,-0.443671355532569,0.3469998836517334,0.060000734488639296,-1.179663496734032,235.64122009277344,19.1299991607666
2019-01-30,2.871302186535503,-1.3600006103515625,-0.44033520063309894,0.3299999237060547,0.0769983506125072,-0.5892888557246979,239.37164306640625,17.65999984741211
2019-01-31,2.8075938130211036,-2.3699989318847656,-0.4448347163212651,0.2950000762939453,0.07702154381334855,-0.3177565240047525,241.47389221191406,16.56999969482422
2019-02-01,2.78130062502572,-3.4600000381469727,-0.44293390503496105,0.3510000705718994,0.07646341267319595,-0.6973017398824604,241.59019470214844,16.139999389648438
2019-02-04,2.755569687968872,-3.6100006103515625,-0.43919491466960786,0.38899993896484375,0.10762620263269394,-1.214067996844667,243.28988647460938,15.729999542236328
2019-02-05,2.745345966245664,-3.489999771118164,-0.4397153033283258,0.33699989318847656,0.07886240463936697,-0.7919633060139442,244.3096923828125,15.569999694824219
2019-02-06,2.73306797151839,-4.170000076293945,-0.4387618936892283,0.33699989318847656,0.06969005976968111,-1.2174181182073156,243.98776245117188,15.380000114440918
2019-02-07,2.7954504426495905,-2.630000114440918,-0.44200281387873275,0.2969999313354492,0.050759322993093846,-0.43070199408190596,241.66171264648438,16.3700008392334
2019-02-08,2.7549338039876257,-3.65000057220459,-0.44473490500541285,0.2669999599456787,0.04731803417355334,-0.8687762860833081,241.95700073242188,15.720000267028809
2019-02-11,2.7707119789475727,-2.549999237060547,-0.4420255436061388,0.28600001335144043,0.04435079788646457,-1.018297711907849,242.0911102294922,15.970000267028809
2019-02-12,2.73631368615315,-3.34999942779541,-0.4385819862284725,0.3059999942779541,0.056742364921157966,-0.930698866371203,245.20431518554688,15.430000305175781
2019-02-13,2.7504708926110997,-3.469999313354492,-0.4374062577795208,0.33500003814697266,0.06610370210336029,-1.0621801882318596,246.00047302246094,15.649999618530273
2019-02-14,2.786245006354004,-3.2100000381469727,-0.43840963481815076,0.2840001583099365,0.05248742501432843,-0.6678356203323687,245.454833984375,16.219999313354492
2019-02-15,2.7020321185427174,-4.299999237060547,-0.4364479532635764,0.29600000381469727,0.06090855493565619,-0.36980487454877176,248.1295623779297,14.90999984741211
2019-02-19,2.7000180370958677,-3.070000648498535,-0.43669869423722985,0.2740001678466797,0.05507918209419374,-1.1505707572200488,248.5589141845703,14.880000114440918
2019-02-20,2.640484914257205,-3.219999313354492,-0.43501951869235633,0.2710001468658447,0.043870468762090886,-0.7568720105232111,249.0599365234375,14.020000457763672
2019-02-21,2.671386219368722,-2.979999542236328,-0.4331117048254056,0.2929999828338623,0.05391129597592274,-0.9912339676458282,248.17437744140625,14.460000038146973
2019-02-22,2.603430168913768,-3.9700002670288086,-0.4356019507124827,0.26200008392333984,0.05800197592737847,-0.6879918651827482,249.71302795410156,13.510000228881836
2019-02-25,2.6979998909369054,-1.9399995803833008,-0.43444014850868884,0.2800002098083496,0.05883049612215171,-0.8529140344695203,250.05287170410156,14.850000381469727
2019-02-26,2.7193197983897055,-2.09999942779541,-0.43470291306518516,0.23599982261657715,0.04968911975931989,-1.0949284362992955,249.87399291992188,15.170000076293945
2019-02-27,2.6878474808095296,-2.84999942779541,-0.4315171540595418,0.3000001907348633,0.05688879293351053,-1.10447435841381,249.7666778564453,14.699999809265137
2019-02-28,2.6932748974531537,-2.9200000762939453,-0.43072225607696785,0.3280000686645508,0.05635230053923349,-0.8408295199911464,249.30142211914062,14.779999732971191
2019-03-01,2.6078614513577736,-4.050000190734863,-0.4261437624435372,0.377000093460083,0.04686989518903813,-0.6422090929206968,250.85804748535156,13.569999694824219
2019-03-04,2.6830742228543785,-2.6300010681152344,-0.4299119197238683,0.3469998836517334,0.03448182129141401,-0.05961410175129284,249.94557189941406,14.630000114440918
2019-03-05,2.6905648712332506,-2.7899999618530273,-0.4307258200032136,0.32199978828430176,0.03263927723247769,-1.034281209508474,249.60562133789062,14.739999771118164
2019-03-06,2.756205228447844,-1.75,-0.43331596390625443,0.2869999408721924,0.019553079631387884,-0.6938894631942181,248.09376525878906,15.739999771118164
2019-03-07,2.8088001133999354,-1.1499996185302734,-0.43729383101799096,0.24099993705749512,0.00696943874824308,-0.28087428155142286,246.01834106445312,16.59000015258789
2019-03-08,2.7757088020408553,-2.4800004959106445,-0.44022628553520887,0.23200011253356934,0.006286273306324584,-0.4452664875261753,245.5263671875,16.049999237060547
2019-03-11,2.662355236516009,-2.6100006103515625,-0.43805735577531835,0.2629997730255127,0.030262653883881052,-0.8578484158107684,249.08682250976562,14.329999923706055
2019-03-12,2.6224923459841123,-2.9200000762939453,-0.4390444420845915,0.21000003814697266,0.03280531611670791,-0.5204361417956898,250.02610778808594,13.770000457763672
2019-03-13,2.5960006859149227,-2.8000001907348633,-0.4347315011677901,0.22300004959106445,0.03884851028714526,-0.47812639984515526,251.68106079101562,13.40999984741211
2019-03-14,2.6026896854443837,-2.7799997329711914,-0.4334582322519338,0.24200010299682617,0.025430663017900246,-0.745294930682468,251.51998901367188,13.5
2019-03-15,2.555675729561372,-3.7599992752075195,-0.436125694177948,0.2049999237060547,0.027117868059180435,-0.43673073217750824,252.76275634765625,12.880000114440918
2019-03-18,2.572612259326932,-2.7100000381469727,-0.43596206057117753,0.21700000762939453,0.03295733843103107,-0.8379568572482874,253.6791534423828,13.100000381469727
2019-03-19,2.6071243134574336,-2.030000686645508,-0.4355505759008238,0.2090001106262207,0.022367342204807406,-0.21841995060751215,253.74209594726562,13.5600004196167
2019-03-20,2.632607994965697,-2.3000001907348633,-0.43798683307158615,0.127000093460083,0.017623704926945993,-0.31867187601474795,252.978271484375,13.90999984741211
2019-03-21,2.6122732541046934,-2.40000057220459,-0.4400881706108391,0.12899994850158691,0.026841600608028014,-0.412756565496512,255.83563232421875,13.630000114440918
2019-03-22,2.8021474967044036,-0.5200004577636719,-0.44978437555756356,0.056999921798706055,0.010969804952590678,0.6093263593187577,250.9117889404297,16.479999542236328
2019-03-25,2.7930039023103626,-1.0400009155273438,-0.45215653461836586,0.029999971389770508,0.004036463309631597,-0.22439541927279558,250.7230224609375,16.329999923706055
2019-03-26,2.6864860439749103,-2.5000009536743164,-0.45013327889483795,0.009000062942504883,0.010102956396813075,-0.7236214710551608,252.59194946289062,14.680000305175781
2019-03-27,2.718000506775858,-2.080000877380371,-0.4507811108061286,-0.003999948501586914,0.0055761101166983944,-0.5701627646306161,251.27120971679688,15.149999618530273
2019-03-28,2.669309393934482,-2.59999942779541,-0.45006784772406383,0.01900005340576172,0.009788690280903236,-1.1713809580201704,252.22357177734375,14.430000305175781
2019-03-29,2.6181254963566425,-3.4600000381469727,-0.44676475893553597,0.08599996566772461,0.017939182419311295,-0.14859540884543326,253.8140411376953,13.710000038146973
2019-04-01,2.5952546784889754,-3.3500003814697266,-0.4432780346545339,0.17400002479553223,0.023503695246751867,-0.31549279683065723,256.823974609375,13.399999618530273
2019-04-02,2.5922651424106884,-3.6800003051757812,-0.4441658644802287,0.11100006103515625,0.027637547808404536,-2.036210308237547,256.9497985839844,13.359999656677246
2019-04-03,2.6203112701361366,-3.3400001525878906,-0.44170404250743284,0.14400005340576172,0.030570782310044117,-0.6715732828573017,257.3540954589844,13.739999771118164
2019-04-04,2.608598116512439,-3.8999996185302734,-0.44180251856106756,0.1420001983642578,0.039295939326393366,-1.6436342224721372,258.03692626953125,13.579999923706055
2019-04-05,2.551006427687861,-4.940000534057617,-0.4415533263664104,0.13100004196166992,0.052525297579990526,-1.1638274661934067,259.2859191894531,12.819999694824219
2019-04-08,2.578700552228821,-4.539999961853027,-0.44069714854958003,0.15400004386901855,0.05528944039389729,-1.4063458764454657,259.4836730957031,13.180000305175781
2019-04-09,2.6588599382119416,-4.210000038146973,-0.4435019317708777,0.13400006294250488,0.035754162378772554,-0.6646053998461051,258.1538391113281,14.279999732971191
2019-04-10,2.5877640495686753,-5.239999771118164,-0.4439864176063662,0.11400008201599121,0.035395266400431884,-1.396150082960401,259.0343322753906,13.300000190734863
2019-04-11,2.5664866719389225,-4.729999542236328,-0.44148092382667486,0.13899993896484375,0.028520468015917105,-1.2136935235553834,258.96246337890625,13.020000457763672
2019-04-12,2.485739655149497,-4.720000267028809,-0.43939717792024113,0.18499994277954102,0.0359040894877564,-0.372876553193756,260.71466064453125,12.010000228881836
2019-04-15,2.511223933334612,-3.9200000762939453,-0.4384895841902105,0.19300007820129395,0.030320099007636776,-1.4773734916733559,260.5439147949219,12.319999694824219
2019-04-16,2.4997952873372333,-3.7100000381469727,-0.43628472044893196,0.21399998664855957,0.027356261932569313,-1.2894122836227158,260.71466064453125,12.180000305175781
2019-04-17,2.533696844232807,-3.8199996948242188,-0.4385356395700401,0.21199989318847656,0.024658288098387167,-0.9266031965032302,260.07672119140625,12.600000381469727
2019-04-18,2.4923786772477015,-4.6399993896484375,-0.43891809337868,0.19499993324279785,0.029640459384747863,-0.3307660774162793,260.5888977050781,12.09000015258789
2019-04-22,2.5193080826481626,-3.0900001525878906,-0.4390468379736583,0.21499991416931152,0.019270208607740893,-1.9295952611866023,260.8134460449219,12.420000076293945
2019-04-23,2.5079719009739794,-2.8999996185302734,-0.4397156774007306,0.17999982833862305,0.047654988945050936,-1.2142339799308026,263.1584777832031,12.279999732971191
2019-04-24,2.5756610391845274,-2.5,-0.4444573482424302,0.14700007438659668,0.04618599252466271,-1.2822410767201247,262.5744934082031,13.140000343322754
2019-04-25,2.583997552432231,-2.8500003814697266,-0.44349337908733394,0.16899991035461426,0.03814365693181686,-0.8356917700984305,262.412841796875,13.25
2019-04-26,2.5439613766098743,-3.0799999237060547,-0.4444771627210974,0.14500021934509277,0.048031924898775835,-1.2125699437851112,263.6347961425781,12.729999542236328
2019-04-29,2.573375271587755,-2.7099990844726562,-0.44100184815283516,0.17600011825561523,0.04581503673554412,-0.8057280534420317,264.0480041503906,13.109999656677246
2019-04-30,2.574137774793312,-2.7899999618530273,-0.4413061084776104,0.14100003242492676,0.040039527017961124,0.6283666192611744,264.1828308105469,13.119999885559082
2019-05-01,2.69462719365756,-1.2400007247924805,-0.4442721680435873,0.14800000190734863,0.020705750594481365,0.07853549564424792,262.1971435546875,14.800000190734863
2019-05-02,2.6686161371476453,-2.1100006103515625,-0.4399510800417975,0.1790001392364502,0.018055130111347795,-0.301475983617876,261.6311950683594,14.420000076293945
2019-05-03,2.554899012715967,-4.109999656677246,-0.44187295862875065,0.16299986839294434,0.026222541362981616,-0.8139294657476139,264.19183349609375,12.869999885559082
2019-05-06,2.7369615174193824,-0.9499998092651367,-0.4427557647351752,0.13700008392333984,0.019449258155144724,2.271984462495235,263.10467529296875,15.4399995803833
2019-05-07,2.961140812988524,1.9599990844726562,-0.4486938963279691,0.07999992370605469,-0.0022202568265222837,3.9099379781376604,258.71087646484375,19.31999969482422
2019-05-08,2.9652730464058945,2.5799999237060547,-0.4449808279066154,0.1120002269744873,-0.0043728355079657895,1.05392235356547,258.3514709472656,19.399999618530273
2019-05-09,2.949688355024821,3.4200000762939453,-0.447418154991403,0.08700013160705566,-0.002265074450170914,1.6592197633606065,257.56976318359375,19.100000381469727
2019-05-10,2.7750856595161313,-0.3299999237060547,-0.4452201326780106,0.08500003814697266,-0.0006591445702098306,2.0261317448664617,258.8636474609375,16.040000915527344
2019-05-13,3.0228609038162353,2.969999313354492,-0.45501212095396854,0.05500006675720215,-0.02583294994493235,2.5774072029896895,252.35836791992188,20.549999237060547
2019-05-14,2.8936995184175425,0.4699993133544922,-0.4542195849654667,0.06599998474121094,-0.02357325770970391,0.17505301118584746,254.64064025878906,18.059999465942383
2019-05-15,2.79971742211329,-1.1800003051757812,-0.4560522196259156,0.029000043869018555,-0.017078176618272954,0.023211010282245835,256.132080078125,16.440000534057617
2019-05-16,2.727199017446074,-1.6799993515014648,-0.4514313091358074,0.06699991226196289,-0.00851421528721153,0.16174629106549226,258.5043029785156,15.289999961853027
2019-05-17,2.770085594411824,-0.7999992370605469,-0.4518643772016939,0.06299996376037598,-0.012550689164323354,1.2841194859274794,256.8329772949219,15.960000038146973
2019-05-20,2.7917783838887393,-0.470001220703125,-0.45044486969753517,0.09599995613098145,-0.021151983340347198,-0.5062996005073234,255.1348114013672,16.309999465942383
2019-05-21,2.7047112870785104,-1.9200000762939453,-0.44814534567323117,0.09600019454956055,-0.013037896984006,-1.2338746572013695,257.43505859375,14.949999809265137
2019-05-22,2.691243082785829,-2.5,-0.44859186748221325,0.07299995422363281,-0.025065398525789383,-1.0893399252007028,256.644287109375,14.75
2019-05-23,2.8284963586871754,-0.29000091552734375,-0.4557717807659939,-0.006999969482421875,-0.03513741632383099,1.1856892648482067,253.50851440429688,16.920000076293945
2019-05-24,2.76316952439078,-1.7300004959106445,-0.4592618142327481,0.03599977493286133,-0.032255937759715136,-0.8105297918939542,254.08352661132812,15.850000381469727
2019-05-28,2.8622008809294686,0.07999992370605469,-0.46086384961713955,-0.03000020980834961,-0.04624555482481541,-0.14148204501873285,251.72047424316406,17.5
2019-05-29,2.8848006915355513,0.10000038146972656,-0.46397274798800964,-0.06200003623962402,-0.0545453156068187,1.4207899567708346,250.0311737060547,17.899999618530273
2019-05-30,2.8507064574031857,-0.8399982452392578,-0.4676064206895012,-0.08299994468688965,-0.05232817397377036,-0.5114567267025866,250.71409606933594,17.299999237060547
2019-05-31,2.9290580913534825,0.1700000762939453,-0.47720185789305736,-0.1510000228881836,-0.05835042755590762,0.5905713104641217,247.33563232421875,18.709999084472656
2019-06-03,2.9370433095675357,0.48999977111816406,-0.4786692833592473,-0.19899988174438477,-0.05873557232911465,1.0424352825384788,246.70672607421875,18.860000610351562
2019-06-04,2.8314470387838178,-0.9400005340576172,-0.46900947293122197,-0.17600011825561523,-0.04700089063516196,0.14880494410284534,252.06187438964844,16.969999313354492
2019-06-05,2.7781979704876907,-2.229999542236328,-0.4660103657080243,-0.16200017929077148,-0.03425228771129716,-0.1275382912015147,254.24533081054688,16.09000015258789
2019-06-06,2.7682041430792563,-2.0399999618530273,-0.4658146928293014,-0.13100004196166992,-0.010930076434777433,-0.19042591449372123,255.89854431152344,15.930000305175781
2019-06-07,2.7911650610066143,-2.1299991607666016,-0.467708206327549,-0.13099980354309082,0.00041748212593035463,0.042782385904006584,258.4593505859375,16.299999237060547
2019-06-10,2.768831647037307,-1.6299991607666016,-0.46257372976329675,-0.07700014114379883,0.00802619066932195,-0.5798099071652262,259.6453857421875,15.9399995803833
2019-06-11,2.771963512531802,-1.8400001525878906,-0.46209057192928377,-0.07299995422363281,0.002772945876104779,-0.6626017030218238,259.58245849609375,15.989999771118164
2019-06-12,2.7669478327590045,-2.3899993896484375,-0.46589399062312115,-0.037999868392944336,0.026457218704003468,-1.1607417561319826,259.1241760253906,15.90999984741211
2019-06-13,2.761274943049003,-2.270000457763672,-0.46612454710228796,-0.04900002479553223,0.02157221633210062,-1.053207719149947,260.1934814453125,15.819999694824219
2019-06-14,2.7265447662626667,-3.0399999618530273,-0.46723024325734547,-0.032000064849853516,0.014626448239511943,-0.8744631140183546,259.9059143066406,15.279999732971191
2019-06-17,2.731115498884654,-1.6200008392333984,-0.46923068894929404,-0.05200004577636719,0.005787719006265021,-1.4288478035021985,260.0047912597656,15.350000381469727
2019-06-18,2.718000506775858,-1.2100000381469727,-0.4689174351330673,-0.10800004005432129,0.022690496800331705,0.6344517097120853,262.7272644042969,15.149999618530273
2019-06-19,2.662355236516009,-2.2300004959106445,-0.4705427248052945,-0.09599995613098145,0.03157901584989075,0.3375637837911969,263.3202819824219,14.329999923706055
2019-06-20,2.691243082785829,-1.3699989318847656,-0.47092172104279556,-0.07700014114379883,0.03211254231197603,1.9452904231807897,265.83612060546875,14.75
2019-06-21,2.7343674846488217,-1.8400001525878906,-0.4704896695020507,0.013000011444091797,0.03373436606304724,0.551113223689957,265.44970703125,15.399999618530273
2019-06-24,2.7252350408551207,-0.6699991226196289,-0.4731084499212438,-0.037000179290771484,0.04480285195954694,-1.0276538691348085,265.12469482421875,15.260000228881836
2019-06-25,2.7899374027516357,-0.1100006103515625,-0.47436534699119953,-0.08899998664855957,0.03268090952525523,0.5069102134391205,262.5243835449219,16.280000686645508
2019-06-26,2.7856282792684133,-0.25,-0.472799872255829,-0.04399991035461426,0.041026714460285565,-0.8367778183132913,262.26251220703125,16.209999084472656
2019-06-27,2.761274943049003,-0.4200000762939453,-0.475863724585508,-0.07999992370605469,0.051299885340844696,-1.3109704006040264,263.19244384765625,15.819999694824219
2019-06-28,2.7133693575205298,-0.3899993896484375,-0.4780968542197932,-0.03500008583068848,0.05370511098486635,-0.45885373073894054,264.5468444824219,15.079999923706055
2019-07-01,2.643333916227234,-2.9200000762939453,-0.47969026032046763,-0.031000137329101562,0.07630945511775519,0.3930071732630361,266.948486328125,14.0600004196167
2019-07-02,2.5595502163859143,-4.300000190734863,-0.48023655013456273,-0.17200005054473877,0.0814565862411199,-0.38458754442240584,267.6437683105469,12.930000305175781
2019-07-03,2.5313129983240508,-4.619999885559082,-0.47917582199421255,-0.1970001459121704,0.06794511247558621,-1.2677431621562276,269.7834777832031,12.569999694824219
2019-07-05,2.5862591239406965,-4.409999847412109,-0.4743478384838519,-0.11500000953674316,0.05818197625786787,-0.7962951493660527,269.47662353515625,13.279999732971191
2019-07-08,2.6361961000668175,-4.359999656677246,-0.4749303220256232,-0.14400005340576172,0.046190666960998154,-1.037513078816125,267.99591064453125,13.960000038146973
2019-07-09,2.6454653367401053,-4.489999771118164,-0.4739780437762585,-0.14100003242492676,0.037479199537694664,-1.226080100510795,268.33001708984375,14.09000015258789
2019-07-10,2.5672543706433686,-5.25,-0.4734804999189073,-0.0690000057220459,0.03766754032070665,-0.46658345674721613,269.61212158203125,13.029999732971191
2019-07-11,2.5595502163859143,-4.899999618530273,-0.46951758929084897,0.021999835968017578,0.04025102492438484,-0.7951337775056628,270.2440490722656,12.930000305175781
2019-07-12,2.516889723350716,-4.920000076293945,-0.4688815805709418,0.016000032424926758,0.04648522945722045,-1.2281862055191168,271.4539794921875,12.390000343322754
2019-07-15,2.5400259730765704,-4.029999732971191,-0.4698959735541321,0.006999969482421875,0.04269914810471611,-1.4537082672092474,271.54412841796875,12.680000305175781
2019-07-16,2.554121692112525,-3.510000228881836,-0.46985568174714365,0.01900005340576172,0.04057508139398519,-1.3168497471766918,270.6684875488281,12.859999656677246
2019-07-17,2.636912192383316,-2.3999996185302734,-0.47639396346044727,-0.011999845504760742,0.03336627300607461,-1.317565996919135,268.8265380859375,13.970000267028809
2019-07-18,2.6049094224466427,-2.859999656677246,-0.47827487591271134,0.02500009536743164,0.026604123374279944,-0.6767250057997092,269.8106994628906,13.529999732971191
2019-07-19,2.6706944013587965,-2.369999885559082,-0.47847121774175116,0.03500008583068848,0.018779205209197514,-0.3693686841192133,268.31195068359375,14.449999809265137
2019-07-22,2.6049094224466427,-1.8299999237060547,-0.478193627019314,0.017999887466430664,0.01172345352743068,-0.9934763749296476,268.9709777832031,13.529999732971191
2019-07-23,2.5344901227505985,-2.1100006103515625,-0.477032553256252,0.0409998893737793,0.020302814329101426,-0.9463611348789567,270.8941650390625,12.609999656677246
2019-07-24,2.4907230098256137,-2.3700008392333984,-0.4790416101090587,0.009999990463256836,0.02621656710891788,-0.8340257668750398,272.1672668457031,12.069999694824219
2019-07-25,2.54474663217841,-2.520000457763672,-0.4772038791703653,0.01399993896484375,0.031284086980110884,-0.4963025631434717,270.8670349121094,12.739999771118164
2019-07-26,2.4981518639896745,-3.1499996185302734,-0.47639035444766487,0.018000125885009766,0.03895978943174474,-0.9126249602405192,272.6818542480469,12.15999984741211
2019-07-29,2.551786172681018,-2.3299999237060547,-0.47723961114297647,0.005000114440917969,0.03359771626358968,-1.1730168481818295,272.1853332519531,12.829999923706055
2019-07-30,2.634762375230749,-1.239999771118164,-0.4764579839798246,0.021000146865844727,0.02600696679286843,-0.835081519466625,271.51715087890625,13.9399995803833
2019-07-31,2.780060789140106,1.5,-0.4790672048818231,-0.009000062942504883,0.0059692068332833975,1.474667136902443,268.5467224121094,16.1200008392334
2019-08-01,2.8831233761345922,1.3299999237060547,-0.4876615235713422,-0.1359999179840088,-0.005378542225828528,2.7586543384559423,266.2080993652344,17.8700008392334
2019-08-02,2.8684669571674872,-0.1999988555908203,-0.4902046482138955,-0.14499998092651367,-0.02089928831229435,1.721788212746832,264.2037048339844,17.610000610351562
2019-08-05,3.2023398624333836,7.239999771118164,-0.5013961356245189,-0.21799993515014648,-0.050295604147846416,3.553195685545265,256.2583312988281,24.59000015258789
2019-08-06,3.004196355748666,2.1499996185302734,-0.5011932445235832,-0.2560000419616699,-0.030860344988422144,1.7079342946860168,259.8517761230469,20.170000076293945
2019-08-07,2.969901501775917,1.4500007629394531,-0.5011510452328645,-0.284000039100647,-0.031515341147657194,2.2598638187714792,260.00537109375,19.489999771118164
2019-08-08,2.827905153886959,-1.0900001525878906,-0.4999021389944687,-0.25400006771087646,-0.016852222939978324,0.560277409119678,265.10662841796875,16.90999984741211
2019-08-09,2.8887036625848097,-0.8099994659423828,-0.4983585840407772,-0.21600008010864258,-0.02602817073944409,0.7742012892109328,263.30084228515625,17.969999313354492
2019-08-12,3.0487990017257656,1.9500007629394531,-0.5080960907554569,-0.28899991512298584,-0.04274355480464044,-0.12623533755683716,260.0955505371094,21.09000015258789
2019-08-13,2.8633431116363086,-1.0400009155273438,-0.5028955544029596,-0.27500009536743164,-0.027643145529007145,0.836465077233323,264.1405944824219,17.520000457763672
2019-08-14,3.0955776257847805,3.1200008392333984,-0.5147724308411,-0.3270000219345093,-0.05442713045385343,2.116557728577237,256.33050537109375,22.100000381469727
2019-08-15,3.0530573545819375,1.3800010681152344,-0.5167247350292135,-0.3140000104904175,-0.044960204733671405,0.9263290225608017,257.0077209472656,21.18000030517578
2019-08-16,2.9161477570348886,-1.3400001525878906,-0.5151515792012097,-0.2839999198913574,-0.03396751884864503,0.40377320508270304,260.7998046875,18.469999313354492
2019-08-19,2.8261294394501912,-1.1599998474121094,-0.5089615668111318,-0.2549999952316284,-0.01642108498820695,-0.5468584272304822,263.94195556640625,16.8799991607666
2019-08-20,2.8622008809294686,-0.4400005340576172,-0.5139415766876365,-0.33899998664855957,-0.026566649910480543,-0.6143959188462401,261.9194030761719,17.5
2019-08-21,2.7600099521047476,-1.6299991607666016,-0.5114619307903785,-0.35099995136260986,-0.025588389867857667,-0.681706383742337,264.05035400390625,15.800000190734863
2019-08-22,2.8142104152265106,-1.5200004577636719,-0.5059534963522425,-0.32799994945526123,-0.030585294727889723,-0.5902862710409942,263.9689636230469,16.68000030517578
2019-08-23,2.9892110987999296,1.1899986267089844,-0.5142305530196606,-0.3819999694824219,-0.051819459737002714,2.4197023804027733,257.1883239746094,19.8700008392334
2019-08-26,2.961140812988524,0.0,-0.5093526835242282,-0.3880000114440918,-0.04749970546486868,0.03498705900621539,260.0323486328125,19.31999969482422
2019-08-27,3.0111133492969895,0.1700000762939453,-0.5151722641423799,-0.45299994945526123,-0.049608368002333966,-0.12599864082327403,259.0121154785156,20.309999465942383
2019-08-28,2.9626924391899885,-0.8899993896484375,-0.5127600300379984,-0.47400009632110596,-0.04013369048158075,-0.3429478468279126,260.8359375,19.350000381469727
2019-08-29,2.883682722808376,-2.1800003051757812,-0.5095563656762214,-0.4240000247955322,-0.016441498277532027,-0.3851953071248516,264.1675109863281,17.8799991607666
2019-08-30,2.943385769063569,-0.9400005340576172,-0.5103192025985617,-0.42699992656707764,-0.008138511541030423,-0.21278878374616247,264.05035400390625,18.979999542236328
2019-09-03,2.978586106957683,-1.0500011444091797,-0.5122490519029171,-0.4440000057220459,-0.00644538405096217,-0.013311662473917863,262.50628662109375,19.65999984741211
2019-09-04,2.8524390993250943,-3.2099990844726562,-0.5120395268772241,-0.44599997997283936,0.03537569292790043,-0.6988230623060334,265.48590087890625,17.329999923706055
2019-09-05,2.78932294936639,-3.489999771118164,-0.5007886168707718,-0.3549998998641968,0.03422385131382704,0.43588736214766594,268.8988342285156,16.270000457763672
2019-09-06,2.70805020110221,-5.069998741149902,-0.5034678622572861,-0.36000001430511475,0.03440471995665639,-0.606043357556726,269.1064453125,15.0
2019-09-09,2.725890149208515,-3.8899993896484375,-0.4950699466516275,-0.28600001335144043,0.015478163269523702,-0.5478427767036671,269.2419128417969,15.270000457763672
2019-09-10,2.721295415303884,-3.6499996185302734,-0.4860458597742576,-0.2109999656677246,0.022078133118397184,-0.3387720604114331,269.1786804199219,15.199999809265137
2019-09-11,2.681706202263446,-3.9700002670288086,-0.48536740968759123,-0.1799999475479126,0.04141203413438053,-0.010244272965711874,271.0927734375,14.609999656677246
2019-09-12,2.6546494431534917,-3.7099990844726562,-0.48344399652376774,-0.10399997234344482,0.02943722809942226,0.10621780708291352,272.03173828125,14.220000267028809
2019-09-13,2.6203112701361366,-4.050000190734863,-0.47625587214503684,0.003000020980834961,0.05878719571633945,-0.23862029656337166,271.8511962890625,13.739999771118164
2019-09-16,2.685804597355568,-2.6000003814697266,-0.4777453196698711,-0.10400009155273438,0.05305525988742926,-0.3737318929067922,271.01153564453125,14.670000076293945
2019-09-17,2.6700021044053517,-2.689999580383301,-0.47972440981611497,-0.12599992752075195,0.040937168428115504,-0.8774635175778898,271.69775390625,14.4399995803833
2019-09-18,2.6354794945946245,-2.7300004959106445,-0.48276053360676247,-0.09399998188018799,0.02955885836887692,0.13171995473571033,271.8602294921875,13.949999809265137
2019-09-19,2.64262240935519,-3.6100006103515625,-0.4867598554479223,-0.10899996757507324,0.03718500502960053,0.2569179374882452,271.84222412109375,14.050000190734863
2019-09-20,2.729159144392355,-3.029998779296875,-0.492365610574882,-0.09500002861022949,0.02434616068481927,0.6705188090425811,270.557861328125,15.319999694824219
2019-09-23,2.7020321185427174,-8.040000915527344,-0.492114522950351,-0.13700008392333984,0.024419692325860852,-0.8049105197163434,270.4943542480469,14.90999984741211
2019-09-24,2.836150158982343,-0.8199996948242188,-0.4966305016013129,-0.24500000476837158,0.04256438052344616,0.8314708420105754,268.3717041015625,17.049999237060547
2019-09-25,2.770085594411824,-2.6999998092651367,-0.49199789167174496,-0.11300003528594971,0.037464335777581494,0.08718014294141736,269.9590759277344,15.960000038146973
2019-09-26,2.7769541607590176,-2.9200010299682617,-0.49481372221292746,-0.08500003814697266,0.03931050835548101,-0.42443553364737646,269.39678955078125,16.06999969482422
2019-09-27,2.8460714591247,-1.9799995422363281,-0.49619759001961944,-0.05500006675720215,0.026891625814830795,0.4806925375460924,267.9454040527344,17.219999313354492
2019-09-30,2.7874773206398227,-2.679999351501465,-0.49834999879436015,-0.09500002861022949,0.01882690358630083,-0.5671406673597931,269.1880798339844,16.239999771118164
2019-10-01,2.921008698583398,-0.4099998474121094,-0.5018040899322592,-0.10899996757507324,0.00730474541148104,0.5905865567301153,265.9862365722656,18.559999465942383
2019-10-02,3.0233474146113988,0.9699993133544922,-0.5073159914427339,-0.1390000581741333,-0.004653206582751906,1.6216096599959646,261.2876281738281,20.559999465942383
2019-10-03,2.9507349515162145,-0.3000011444091797,-0.5106578163327132,-0.12899994850158691,-0.007780456607026538,0.4314529801941515,263.4283142089844,19.1200008392334
2019-10-04,2.835563575129299,-2.3199996948242188,-0.5116695612875546,-0.13999998569488525,-0.007112744125484119,-0.21633758814060008,266.9930114746094,17.040000915527344
2019-10-07,2.882563609622572,-1.2099990844726562,-0.5073992581841064,-0.12000000476837158,-0.012208151068775513,-0.4021166523788715,265.84112548828125,17.860000610351562
2019-10-08,3.009635212581242,-0.09999847412109375,-0.5102495970211471,-0.11800003051757812,-0.02835813289166627,0.7294024057478258,261.7139587402344,20.280000686645508
2019-10-09,2.925309776513262,-1.25,-0.5076239272884454,-0.03900003433227539,-0.01867138597953018,-0.3391793206120854,264.1993713378906,18.639999389648438
2019-10-10,2.866192884829866,-1.010000228881836,-0.5004530374247714,0.02499997615814209,-0.019016534469872563,-0.5759246771590848,265.9862365722656,17.56999969482422
2019-10-11,2.7459880355456865,-2.2699995040893555,-0.49448015586976135,0.12899994850158691,-0.012160670813042212,0.7928509975426641,268.7436828613281,15.579999923706055
2019-10-14,2.678964599261624,-3.1100006103515625,-0.4971014385556945,0.11500000953674316,-0.01261138030158542,-1.1011058068671287,268.4443054199219,14.569999694824219
2019-10-15,2.605648264666775,-4.179999351501465,-0.4922347108135573,0.15299999713897705,0.0003339342153611424,-0.9055933301051992,271.10205078125,13.539999961853027
2019-10-16,2.615934934502575,-4.559999465942383,-0.49414525858843245,0.13300001621246338,-0.0038023484220505066,-0.8324497365879764,270.6666259765625,13.680000305175781
2019-10-17,2.6239436890389327,-4.540000915527344,-0.49418405992754927,0.13199996948242188,-0.001455317605065771,-0.9253581577443245,271.4648742675781,13.789999961853027
2019-10-18,2.6567569067146595,-4.299999237060547,-0.4952134343389495,0.12199997901916504,-0.005775805735541176,-0.3354690970261809,270.2766418457031,14.25
2019-10-21,2.6390573296152584,-3.6700010299682617,-0.49258583135466083,0.16700005531311035,0.005716436653970861,-1.155111962161637,272.1089172363281,14.0
2019-10-22,2.671386219368722,-3.2499990463256836,-0.494088959977051,0.15299999713897705,0.0026789651136279085,-0.8450765765237263,271.219970703125,14.460000038146973
2019-10-23,2.6397713766859487,-4.020000457763672,-0.4937224081352039,0.14399993419647217,0.013462749643870153,-1.285289334607253,272.0091552734375,14.010000228881836
2019-10-24,2.6181254963566425,-4.359999656677246,-0.49477587815421414,0.14300000667572021,0.00919766021934062,-1.2380477170922877,272.4535217285156,13.710000038146973
2019-10-25,2.537657185017819,-5.380000114440918,-0.4922470108417961,0.17599999904632568,0.01536942168513167,-0.9320543500610112,273.5692443847656,12.649999618530273
2019-10-28,2.573375271587755,-4.289999961853027,-0.4893692410102551,0.24800002574920654,0.02639204711322992,-1.0268321695215086,275.1111755371094,13.109999656677246
2019-10-29,2.5802168151427143,-4.340000152587891,-0.48859657256180006,0.24000000953674316,0.02146808598388167,-0.9280547852758277,275.0295104980469,13.199999809265137
2019-10-30,2.512035310988585,-5.0199995040893555,-0.4934101840085096,0.20299994945526123,0.03649666205925621,-0.735701952777359,275.8731689453125,12.329999923706055
2019-10-31,2.581730854622391,-4.469999313354492,-0.5029066968669048,0.1929999589920044,0.05165252040124496,-0.0621348746966578,275.138427734375,13.220000267028809
2019-11-01,2.509599277885271,-5.579999923706055,-0.4996057405211405,0.24300003051757812,0.05271444267127282,0.0762783869783932,277.68731689453125,12.300000190734863
2019-11-04,2.551786172681018,-4.539999961853027,-0.49281709721587325,0.28299999237060547,0.04328265944693841,-0.3038452863091978,278.80291748046875,12.829999923706055
2019-11-05,2.572612259326932,-4.920000076293945,-0.48808282713692486,0.34800004959106445,0.0465000252244972,-1.011690575142822,278.4946594238281,13.100000381469727
2019-11-06,2.5352828480448486,-6.359999656677246,-0.49484539559893403,0.2990000247955322,0.06237419934672222,-0.8330527025781836,278.5580139160156,12.619999885559082
2019-11-07,2.5439613766098743,-5.640000343322754,-0.4874725759486285,0.40799999237060547,0.056433116024842675,-0.47875331522696457,279.5376892089844,12.729999542236328
2019-11-08,2.4907230098256137,-6.210000038146973,-0.4852000595105301,0.4229999780654907,0.05215582279088502,-0.690546201852135,280.22711181640625,12.069999694824219
2019-11-11,2.540814248659574,-4.910000801086426,-0.48609424792664313,0.4299999475479126,0.03993032888004519,-1.219546892288263,279.69183349609375,12.6899995803833
2019-11-12,2.5400259730765704,-4.689999580383301,-0.48681752945940987,0.3760000467300415,0.04315107942664955,-0.7573320181759204,280.2815246582031,12.680000305175781
2019-11-13,2.5649493574615367,-4.649999618530273,-0.4902347732146007,0.33500003814697266,0.033622657854217815,-0.3870834266062775,280.3721923828125,13.0
2019-11-14,2.568788148384401,-4.370000839233398,-0.496029071892638,0.28700006008148193,0.03668484329765907,-0.49448483688697004,280.7803649902344,13.050000190734863
2019-11-15,2.4890646757652832,-5.319999694824219,-0.4931920056272066,0.3059999942779541,0.040950192454047345,0.01632173386841539,282.8121643066406,12.050000190734863
2019-11-18,2.5225235164208617,-4.989999771118164,-0.4955607518615464,0.2849999666213989,0.04607418952793194,-0.5945901355477434,283.020751953125,12.460000038146973
2019-11-19,2.554121692112525,-5.25,-0.5011039849853708,0.26100003719329834,0.039029432446838715,0.2816260170801086,282.93914794921875,12.859999656677246
2019-11-20,2.5478814280551156,-5.440000534057617,-0.5046004909312145,0.21800005435943604,0.03857584986387579,0.8143624596406857,281.8869323730469,12.779999732971191
2019-11-21,2.5748996970306925,-5.2599992752075195,-0.5020118600717908,0.24199998378753662,0.03406014288943607,-0.35023379011480665,281.43341064453125,13.130000114440918
2019-11-22,2.5128460308425487,-6.179999351501465,-0.5009473914256952,0.23100006580352783,0.034649388216387675,-0.8764603461477098,282.059326171875,12.34000015258789
2019-11-25,2.474014198980387,-5.229999542236328,-0.5017433297963128,0.21900010108947754,0.03828293759218656,-0.6453236455135488,284.2453308105469,11.869999885559082
2019-11-26,2.4458192577743234,-5.350000381469727,-0.5031702308614899,0.17499995231628418,0.0349254378447014,-1.231416978157943,284.8893127441406,11.539999961853027
2019-11-27,2.463853240590168,-5.060000419616699,-0.5018287847591264,0.20199990272521973,0.03967014545001362,-0.8340338589057732,286.1592712402344,11.75
2019-11-29,2.5352828480448486,-4.15000057220459,-0.501982392245499,0.23600006103515625,0.03289161821721978,-1.2283618629296122,285.09796142578125,12.619999885559082
2019-12-02,2.7020321185427174,-1.5399999618530273,-0.49831323237892033,0.2979999780654907,0.027027326591913602,0.8935411263174085,282.67608642578125,14.90999984741211
2019-12-03,2.770085594411824,-0.7699985504150391,-0.5073837865450178,0.17100000381469727,0.011077023156399442,0.7704250568250467,280.7803649902344,15.960000038146973
2019-12-04,2.69462719365756,-2.059999465942383,-0.5030512282508843,0.28299999237060547,0.013218561527735435,-0.551660654709862,282.51275634765625,14.800000190734863
2019-12-05,2.675527040923073,-2.840001106262207,-0.5004573641998596,0.30400002002716064,0.016121340443694083,-0.9960293333897671,283.020751953125,14.520000457763672
2019-12-06,2.6115392923189495,-3.399998664855957,-0.4985284675716467,0.3619999885559082,0.02498652832666127,-0.5464961948178326,285.60589599609375,13.619999885559082
2019-12-09,2.7638001945596176,-0.23999977111816406,-0.49837173520497163,0.3309999704360962,0.01832709965574347,-1.2747904437765498,284.7080383300781,15.859999656677246
2019-12-10,2.752386034385003,-0.8899993896484375,-0.4959583577140506,0.3179999589920044,0.014747594065420987,-0.3066997785089138,284.3904113769531,15.680000305175781
2019-12-11,2.707383296845538,-1.6399993896484375,-0.49780393924733146,0.26999998092651367,0.019494517596676062,-0.24937151921981657,285.1977844238281,14.989999771118164
2019-12-12,2.634762375230749,-1.4200000762939453,-0.49090147718746996,0.3669999837875366,0.025970480616293166,1.973320371089824,287.6559143066406,13.9399995803833
2019-12-13,2.5360749454234384,-2.869999885559082,-0.4963597940278026,0.29600000381469727,0.026245852876437825,1.1636402475346543,287.8282165527344,12.630000114440918
2019-12-16,2.4965058139116447,-3.34999942779541,-0.49215973766736354,0.3669999837875366,0.03163751405555758,1.1882073269749507,289.8055725097656,12.140000343322754
2019-12-17,2.50878592047404,-3.989999771118164,-0.48830789972701755,0.3590000867843628,0.024646424444737768,0.08620505420666502,289.86907958984375,12.289999961853027
2019-12-18,2.532108245207593,-4.899999618530273,-0.48578884505874353,0.406000018119812,0.023971577366604765,-0.5614358266331758,289.8871765136719,12.579999923706055
2019-12-19,2.5257286443082556,-5.75,-0.48729974045068225,0.375,0.028350835761800808,1.3744152830953642,291.07550048828125,12.5
2019-12-20,2.52652834277473,-6.049999237060547,-0.4884672155718682,0.3890000581741333,0.0364514352699709,3.9196609617787406,292.3516845703125,12.510000228881836
2019-12-23,2.5344901227505985,-5.670000076293945,-0.48848160723636636,0.41499996185302734,0.0395880359714294,-0.318376262490061,292.79827880859375,12.609999656677246
2019-12-24,2.539237000354669,-5.960000038146973,-0.48870085494748894,0.37199997901916504,0.03739743340896285,-1.7495548722336725,292.8073425292969,12.670000076293945
2019-12-26,2.537657185017819,-5.580000877380371,-0.48901858115628427,0.3700000047683716,0.0349864868007648,-1.2360388132805393,294.3660888671875,12.649999618530273
2019-12-27,2.5974910332585845,-4.949999809265137,-0.4908788151704491,0.3559999465942383,0.03247576090743362,-0.6938527792033315,294.2931823730469,13.430000305175781
2019-12-30,2.695977599275783,-2.9099998474121094,-0.4933530122112349,0.4049999713897705,0.022499173227629815,-0.36935638598590076,292.67059326171875,14.819999694824219
2019-12-31,2.6232182462075144,-2.609999656677246,-0.48830961647756915,0.4140000343322754,0.02864138127207775,-0.018018466587994643,293.3816223144531,13.779999732971191
2020-01-02,2.523325781105642,-4.589999198913574,-0.4862185840212059,0.3869999647140503,0.046480712685479195,0.132044240193127,296.1252136230469,12.470000267028809
2020-01-03,2.640484914257205,-3.2300004959106445,-0.49066384498043863,0.31499993801116943,0.04560886569396437,1.0587593391223786,293.8829650878906,14.020000457763672
2020-01-06,2.6282852601762876,-3.5,-0.4883371675466589,0.3229999542236328,0.043265617133673946,-0.026957348233548957,295.0041198730469,13.850000381469727
2020-01-07,2.6239436890389327,-3.5199995040893555,-0.48666882858623006,0.3270000219345093,0.038653318567803754,-0.7608125126714346,294.17462158203125,13.789999961853027
2020-01-08,2.598979091866817,-3.179999351501465,-0.48435183621725264,0.38099992275238037,0.034876140829221774,0.6531666469965487,295.7424621582031,13.449999809265137
2020-01-09,2.5289235321627515,-4.090000152587891,-0.48651051718494454,0.3580000400543213,0.04478260036993165,-0.34420158251054644,297.747802734375,12.539999961853027
2020-01-10,2.530517194449025,-4.380000114440918,-0.4889715772535566,0.3270000219345093,0.04301726196101787,-0.11054340612550712,296.89105224609375,12.5600004196167
2020-01-13,2.511223933334612,-4.590000152587891,-0.4865596435922363,0.3380000591278076,0.04703587993691309,-0.3865784238084368,298.93280029296875,12.319999694824219
2020-01-14,2.516889723350716,-4.460000038146973,-0.48791851640655926,0.2879999876022339,0.03692802420031063,0.4301753486928898,298.47705078125,12.390000343322754
2020-01-15,2.5193080826481626,-4.940000534057617,-0.4898684235250383,0.2799999713897705,0.038586674302863146,0.8944506066162258,299.151611328125,12.420000076293945
2020-01-16,2.511223933334612,-4.739999771118164,-0.4909253623561074,0.29100000858306885,0.04002404338321779,-0.06198453961927966,301.6400146484375,12.319999694824219
2020-01-17,2.4932054841291187,-5.369999885559082,-0.4915625789007202,0.312999963760376,0.04291275955070602,2.0389030689448933,302.57891845703125,12.100000381469727
2020-01-21,2.5533438410275884,-3.489999771118164,-0.4985097223605295,0.26600003242492676,0.040889843406952765,1.0920321432114815,301.9862976074219,12.850000381469727
2020-01-22,2.5580021930391945,-3.9499998092651367,-0.49723640288867726,0.2560000419616699,0.03691961260124946,-0.3812368218119505,302.0227355957031,12.90999984741211
2020-01-23,2.5634096760090963,-3.5900001525878906,-0.5016076137009883,0.2250000238418579,0.033691215053785833,-0.22864258716080313,302.3691711425781,12.979999542236328
2020-01-24,2.678278071588368,-1.4200000762939453,-0.5075117914249201,0.19099998474121094,0.023231921574845323,1.5329508512555643,299.68017578125,14.5600004196167
2020-01-27,2.903068563580112,3.1399993896484375,-0.5161828098410941,0.10000002384185791,0.007041750168177816,1.3105090250537368,294.8764953613281,18.229999542236328
2020-01-28,2.7899374027516357,1.3099994659423828,-0.5070718231385289,0.11100006103515625,0.012157355369731346,0.27701076116241413,297.9666442871094,16.280000686645508
2020-01-29,2.796671355516472,1.0900001525878906,-0.5108595212348273,0.07400000095367432,0.01157849975297568,-0.2361819470118221,297.720458984375,16.389999389648438
2020-01-30,2.740194639652674,-0.18000030517578125,-0.5104474361324799,0.029999971389770508,0.020347294022090585,0.834724341045446,298.6866455078125,15.489999771118164
2020-01-31,2.935982277247362,3.030000686645508,-0.517148738300165,0.009999990463256836,-0.00040409560386360304,2.580012451144579,293.2630920410156,18.84000015258789
2020-02-03,2.8887036625848097,1.1899986267089844,-0.5165210335789941,0.001999974250793457,-0.0023111304270884573,0.43306103610196717,295.4416198730469,17.969999313354492
2020-02-04,2.7757088020408553,-0.8900003433227539,-0.5081202573259532,0.06500005722045898,0.020416114365745437,0.12764018291171472,299.944580078125,16.049999237060547
2020-02-05,2.718000506775858,-2.4200010299682617,-0.5034088251951931,0.12900006771087646,0.028090083709922182,0.28573984989275214,303.4082946777344,15.149999618530273
2020-02-06,2.7053799750962626,-2.910000801086426,-0.5021537784217305,0.11400008201599121,0.0342652037447697,-0.4706096203681758,304.42926025390625,14.960000038146973
2020-02-07,2.738902681846048,-2.5600013732910156,-0.5074624627766282,0.059999942779541016,0.023605537509474972,0.18085517599060583,302.8066711425781,15.470000267028809
2020-02-10,2.710713315985326,-3.2399988174438477,-0.5084680017270119,0.027000069618225098,0.024285750782451158,-0.8724802379627395,305.0673522949219,15.039999961853027
2020-02-11,2.71997879207129,-3.09999942779541,-0.5063364699252217,0.05200004577636719,0.028898951038203276,-0.26192700262400825,305.5960693359375,15.180000305175781
2020-02-12,2.6203112701361366,-4.5199995040893555,-0.5032715052668237,0.09500002861022949,0.028467158897187914,-0.7971584719084316,307.5648498535156,13.739999771118164
2020-02-13,2.649714597130255,-3.8500003814697266,-0.5022441826282615,0.07200002670288086,0.028925592434496095,-0.29455198273735145,307.23675537109375,14.149999618530273
2020-02-14,2.615934934502575,-4.520000457763672,-0.5048024702874803,0.05300009250640869,0.02826883370732678,0.18768807942832622,307.72894287109375,13.680000305175781
2020-02-18,2.6966521510052726,-3.0799999237060547,-0.5087483497141402,0.021000027656555176,0.017404771161809753,-0.17526051237918966,306.9359436035156,14.829999923706055
2020-02-19,2.66583836025124,-3.939999580383301,-0.5069224863613025,0.027000069618225098,0.019066573837881053,-0.5735403702666426,308.4034118652344,14.380000114440918
2020-02-20,2.744703545717899,-2.7400007247924805,-0.5085764092972015,-0.013000011444091797,0.01691054732424374,0.6390549600042957,307.136474609375,15.5600004196167
2020-02-21,2.8379081838935654,-1.8400001525878906,-0.5114568685548117,-0.04700005054473877,0.006438263922501135,2.4074822308406505,303.9735107421875,17.079999923706055
2020-02-24,3.220075132876583,9.979999542236328,-0.5224220499989243,-0.1260000467300415,-0.028436033213836646,3.9382726936728654,293.89208984375,25.030000686645508
2020-02-25,3.32683298007059,12.489997863769531,-0.530413542685431,-0.15999996662139893,-0.05027376095751909,4.837770828104278,284.986572265625,27.850000381469727
2020-02-26,3.31636542676746,11.139999389648438,-0.5256545752171543,-0.16800010204315186,-0.03779988585099822,3.5708562771191903,283.938232421875,27.559999465942383
2020-02-27,3.6676558137657853,24.82000160217285,-0.5338755319002552,-0.09599995613098145,-0.09417614876319909,4.760163690792406,271.1861267089844,39.15999984741211
2020-02-28,3.691625694998904,23.05000114440918,-0.5409825146709677,-0.10300004482269287,-0.0975598861481606,5.1810423568735295,270.0467529296875,40.11000061035156
2020-03-02,3.5091544683780573,14.46999740600586,-0.532428959148903,-0.04699993133544922,-0.058405082761194584,2.528932609175355,281.7414855957031,33.41999816894531
2020-03-03,3.606041167516616,17.170000076293945,-0.5480499600820653,0.09200000762939453,-0.0691305774474788,3.161391406062145,273.6745300292969,36.81999969482422
2020-03-04,3.4654233468066336,9.55000114440918,-0.5358384130325394,0.31699997186660767,-0.035357675055917845,1.3080428141151963,285.1780090332031,31.989999771118164
2020-03-05,3.6793340143114133,16.060001373291016,-0.5481704435682213,0.3309999704360962,-0.08429144647667351,1.4005530107005075,275.69805908203125,39.619998931884766
2020-03-06,3.736239992729591,13.09000015258789,-0.5664613488091026,0.29099997878074646,-0.11244192044532722,1.9072384396855189,271.1405944824219,41.939998626708984
2020-03-09,3.9974664704346083,27.250003814697266,-0.5858692802835498,0.16899999976158142,-0.19711406761040004,2.7817253388012824,249.9659423828125,54.459999084472656
2020-03-10,3.856510279368089,17.950000762939453,-0.5478526947662005,0.3580000400543213,-0.14131945134960613,2.2185170843557467,262.9003601074219,47.29999923706055
2020-03-11,3.9871305062243927,23.84000015258789,-0.5364469053392833,0.4519999921321869,-0.19873401105371213,1.8656149598197551,250.0844268798828,53.900001525878906
2020-03-12,4.323735242471457,46.31999588012695,-0.52832721791102,0.5759999752044678,-0.30103428470310634,3.1772346774478875,226.1571044921875,75.47000122070312
2020-03-13,4.057507703832839,21.560001373291016,-0.5397875332115821,0.707999974489212,-0.22542779641211827,2.3258224507704757,245.490478515625,57.83000183105469
2020-03-16,4.415098705258881,38.96000671386719,-0.5819974419444404,0.5429999828338623,-0.34024723694976894,1.8889543927808912,218.62794494628906,82.69000244140625
2020-03-17,4.329548476271455,27.660003662109375,-0.5308198491273064,0.8319999724626541,-0.2892631048427215,1.469244442316527,230.43209838867188,75.91000366210938
2020-03-18,4.336636892456721,24.23999786376953,-0.5246318604540967,1.2630000323988497,-0.3386427950268762,2.0279943274043055,218.7646026611328,76.44999694824219
2020-03-19,4.276666119016055,21.54999542236328,-0.49668677692548896,1.1469999589025974,-0.3412895444683802,1.5860121641450187,219.22950744628906,72.0
2020-03-20,4.190260632915152,17.8800048828125,-0.5353266264912109,0.9710000231862068,-0.38122323354311644,2.0367133834777675,209.78201293945312,66.04000091552734
2020-03-23,4.12049952217643,22.12000274658203,-0.6228277982747553,0.8039999976754189,-0.39677260337161635,1.7586987110085477,204.418212890625,61.59000015258789
2020-03-24,4.121797559312228,25.93000030517578,-0.6027132258709305,0.848999984562397,-0.2763135982131881,0.9103145915372056,222.93919372558594,61.66999816894531
2020-03-25,4.158101539955101,27.45000457763672,-0.621734539496618,0.9279999807476997,-0.2306837346395214,1.4382929729891223,226.27664184570312,63.95000076293945
2020-03-26,4.110873864173311,23.81999969482422,-0.5778324346850986,0.9159999862313271,-0.17024975259477027,1.0295722930514488,239.48887634277344,61.0
2020-03-27,4.182660657239654,16.580001831054688,-0.5731922034328776,0.8070000112056732,-0.1545367449305079,0.7056277199415947,232.35552978515625,65.54000091552734
2020-03-30,4.044453824687379,11.540000915527344,-0.5767572728013568,0.6570000164210796,-0.1183666617486749,0.21018457501161938,239.90150451660156,57.08000183105469
2020-03-31,3.980429055192082,11.84000015258789,-0.5814561033234283,0.6680000144988298,-0.17577906384219905,0.4051738623929066,236.32568359375,53.540000915527344
2020-04-01,4.044103369852844,10.160003662109375,-0.5946536858272239,0.5719999894499779,-0.19277784276821347,0.3389730395610499,225.68984985351562,57.060001373291016
2020-04-02,3.930059364917036,5.510002136230469,-0.5895384209006808,0.5619999766349792,-0.21113853677032804,0.2136163920096043,230.89776611328125,50.90999984741211
2020-04-03,3.8458831866214758,1.8199996948242188,-0.6060036792534484,0.5290000140666962,-0.19189087370246133,-0.18462452990455308,227.56033325195312,46.79999923706055
2020-04-06,3.811981688349307,3.9300003051757812,-0.6015021461748408,0.6160000003874302,-0.11021560841653195,0.2847350740206523,242.84463500976562,45.2400016784668
2020-04-07,3.8437441810118846,4.920001983642578,-0.6030398137720362,0.6079999953508377,-0.027883909180453144,0.38902648339102713,243.09219360351562,46.70000076293945
2020-04-08,3.769306668027498,0.8699989318847656,-0.5952262705827545,0.5789999961853027,-0.04531668219597468,-0.07297230814402333,251.25250244140625,43.349998474121094
2020-04-09,3.729781401492564,-0.19000244140625,-0.5777667438584231,0.5189999788999557,0.019762269543485995,0.2512301681384242,255.07582092285156,41.66999816894531
2020-04-13,3.717709791306352,1.7700004577636719,-0.5824407147181377,0.549000009894371,0.11115917508585395,-0.48026812097466526,252.7470245361328,41.16999816894531
2020-04-14,3.6312502968263773,2.3500022888183594,-0.5733459049902886,0.5869999676942825,0.058197259236930456,-0.31068858793276755,260.2012634277344,37.7599983215332
2020-04-15,3.709661997032701,2.3600006103515625,-0.5893876576426846,0.5230000093579292,0.15260670525814785,-0.4430618927938702,254.67242431640625,40.84000015258789
2020-04-16,3.691625694998904,1.2800025939941406,-0.5853963053129937,0.49900002777576447,0.10483459859262194,-0.3563615660904984,255.9010467529297,40.11000061035156
2020-04-17,3.641525797727291,-1.0999984741210938,-0.5836258304456702,0.5509999841451645,0.18345153926316848,-0.2264383743376429,262.8143310546875,38.150001525878906
2020-04-20,3.7803185562070047,3.029998779296875,-0.5931012787783663,0.5559999868273735,0.1635535482720377,-0.6909371733858738,258.1840515136719,43.83000183105469
2020-04-21,3.815732341749633,2.1800003051757812,-0.6080009223888541,0.4729999825358391,0.17676979442604024,-0.4393352640495079,250.34469604492188,45.40999984741211
2020-04-22,3.7371933034881595,-0.7099990844726562,-0.5998575392248171,0.526000015437603,0.22462287511227128,-0.7865778986191694,255.9010467529297,41.97999954223633
2020-04-23,3.7227976981297513,-1.5100021362304688,-0.6046037730317003,0.5199999734759331,0.13782003854471997,-0.6819952873627761,255.8826904296875,41.380001068115234
2020-04-24,3.5815726096190477,-6.090002059936523,-0.6133153879393268,0.4960000142455101,0.1368029002189132,-0.8809415487522293,259.44927978515625,35.93000030517578
2020-04-27,3.5052570790885054,-3.920001983642578,-0.6011214785391912,0.5630000159144402,0.09437005531336724,-0.9518691225415993,263.1902160644531,33.290000915527344
2020-04-28,3.513632801901214,-2.9300003051757812,-0.6007867113339082,0.5250000134110451,0.1199994357926527,-0.6848433159589025,261.97998046875,33.56999969482422
2020-04-29,3.4413791566371685,-3.670001983642578,-0.5898759628913277,0.5369999706745148,0.11388114125246317,-0.5630889332390296,268.8381652832031,31.229999542236328
2020-04-30,3.5307626306984643,-2.1699981689453125,-0.5810947367529709,0.5319999754428864,0.1195445868270141,-0.5312285585027384,266.33514404296875,34.150001525878906
2020-05-01,3.6160398710106265,-2.4000015258789062,-0.5945292615676452,0.5490000173449516,0.1387633212009952,-0.5100121755813293,259.2842712402344,37.189998626708984
2020-05-04,3.582685291644233,-1.5499992370605469,-0.5974853501478407,0.5470000207424164,0.11870482876427599,-0.9740055916155609,259.9995422363281,35.970001220703125
2020-05-05,3.5148236598968343,-2.3300018310546875,-0.5875441365375567,0.5470000058412552,0.14246102604640615,-0.9934309177185984,262.40167236328125,33.61000061035156
2020-05-06,3.529883691318811,-1.7000007629394531,-0.5819578578701171,0.6030000224709511,0.07065298756904811,-1.0581715228141684,260.62298583984375,34.119998931884766
2020-05-07,3.448080984547571,-4.259998321533203,-0.5820980844062468,0.535999983549118,0.08162837044696684,-1.0505774758564512,263.7677917480469,31.440000534057617
2020-05-08,3.3314899528769466,-6.75,-0.567844607716291,0.5869999825954437,0.06502195882252532,-1.0424076036358512,268.13226318359375,27.979999542236328
2020-05-11,3.3167282139665804,-4.219999313354492,-0.563566451100013,0.6210000142455101,0.05012438691669928,-1.0243445699138973,268.18719482421875,27.56999969482422
2020-05-12,3.4977189763624423,-0.8999977111816406,-0.5744184680223636,0.5549999698996544,0.03916346513037226,-0.8642343003798005,262.84185791015625,33.040000915527344
2020-05-13,3.5633161965381612,-1.8799972534179688,-0.5820148752764506,0.5339999869465828,-0.007747489883181688,-0.3647672488948705,258.1931457519531,35.279998779296875
2020-05-14,3.4846190085179267,-3.240001678466797,-0.59367482288729,0.5140000209212303,0.025626429293053168,-0.6307567045478653,261.2831115722656,32.61000061035156
2020-05-15,3.4622924618826887,-4.799999237060547,-0.5957824176731692,0.536999985575676,0.02540037402354754,-0.764291202950725,262.4842834472656,31.889999389648438
2020-05-18,3.377587489984132,-4.149999618530273,-0.5839394312417265,0.6390000209212303,0.028748237997903416,-0.6883501712092518,270.47943115234375,29.299999237060547
2020-05-19,3.4187098292376317,-4.780000686645508,-0.5834651406241662,0.5930000245571136,0.03619953152538096,-0.9815436629962189,267.701416015625,30.530000686645508
2020-05-20,3.3318472953500904,-6.180000305175781,-0.5838377996478442,0.5620000064373016,0.0838781982196425,-1.0919930427950335,272.24896240234375,27.989999771118164
2020-05-21,3.3854067190083033,-6.230001449584961,-0.5833198199499425,0.5669999867677689,0.05499828210424348,-1.1641827995832297,270.369384765625,29.530000686645508
2020-05-22,3.3379025258712374,-8.070001602172852,-0.5808550260948093,0.5470000058412552,0.05696731487070605,-1.2911027300701914,270.8828430175781,28.15999984741211
2020-05-26,3.33256159744345,-5.350000381469727,-0.5719953678643224,0.5800000131130219,0.05537059138544998,-0.9835292270659207,274.2203063964844,28.010000228881836
2020-05-27,3.318540178366135,-5.020000457763672,-0.5740488344085111,0.5450000017881393,0.05582413411481285,-0.7884139169440948,278.3004150390625,27.6200008392334
2020-05-28,3.3530570116713276,-5.189998626708984,-0.5739130198416347,0.5669999867677689,0.058586386990657914,-0.9175272664020495,277.7869567871094,28.59000015258789
2020-05-29,3.3145495832564333,-5.680000305175781,-0.5763605875735367,0.5199999958276749,0.03719090417861926,-0.5786345082915584,279.0247497558594,27.510000228881836
2020-06-01,3.340385226049894,-3.8400001525878906,-0.5683840143756529,0.5339999943971634,0.050578411091879626,-1.2670926796390967,280.1524353027344,28.229999542236328
2020-06-02,3.289893317788574,-4.870000839233398,-0.561705127917207,0.5350000113248825,0.0856548850674693,-1.024929868403233,282.4721374511719,26.84000015258789
2020-06-03,3.244933353240963,-4.940000534057617,-0.5564417675323289,0.6129999756813049,0.09612075589554135,-0.7932885856135342,286.2314147949219,25.65999984741211
2020-06-04,3.2507619930386347,-5.290000915527344,-0.5565091393434,0.6799999922513962,0.08429408561167812,-0.959912911331422,285.4795837402344,25.809999465942383
2020-06-05,3.199489129737002,-4.790000915527344,-0.5522664604561842,0.7589999884366989,0.1164018476426493,-0.08979536212389247,292.7961730957031,24.520000457763672
2020-06-08,3.2507619930386347,-2.8999996185302734,-0.5544044976126409,0.7310000061988831,0.11642284467803718,-0.9491783981005657,296.3354187011719,25.809999465942383
2020-06-09,3.3167282139665804,-2.75,-0.5601275179959192,0.6639999896287918,0.09252716661834523,-0.8764505587694205,294.12579345703125,27.56999969482422
2020-06-10,3.3167282139665804,-2.469999313354492,-0.5681078017784621,0.5830000191926956,0.08672633462751715,-0.6444800805516041,292.4844665527344,27.56999969482422
2020-06-11,3.708436975774364,1.6300010681152344,-0.5821048235167772,0.5,0.04748172012820912,0.8112486806679715,275.6230773925781,40.790000915527344
2020-06-12,3.58601582288268,-1.529998779296875,-0.5770779514780483,0.5489999949932098,0.07723079528639634,0.6811404556393857,278.923828125,36.09000015258789
2020-06-15,3.5380566087362966,-0.4500007629394531,-0.5815272799396765,0.5470000207424164,0.07462634143316291,-0.07614600620226532,281.5277099609375,34.400001525878906
2020-06-16,3.5166071787906032,-0.4199981689453125,-0.5746906456561601,0.5959999859333038,0.08910480164040536,-0.023660351168291686,286.9465637207031,33.66999816894531
2020-06-17,3.510649551694795,-1.7400016784667969,-0.5774227881507251,0.5679999738931656,0.05493748057245837,-0.7831291663570906,285.754638671875,33.470001220703125
2020-06-18,3.494687683058813,-3.0900001525878906,-0.5800265369511205,0.5540000051259995,0.06564622286398346,-0.8040904878515408,285.8646545410156,32.939998626708984
2020-06-19,3.5587707383536116,-2.7600021362304688,-0.5841464958066215,0.5540000200271606,0.043070078672526935,0.11823910576042716,284.2309265136719,35.119998931884766
2020-06-22,3.4585224626901017,-2.520000457763672,-0.5838995950430543,0.5639999955892563,0.05639282499269968,-0.9620426247027242,286.05438232421875,31.770000457763672
2020-06-23,3.4458520489553246,-2.770000457763672,-0.5805824607256825,0.5689999908208847,0.05908861348160384,-1.0602585926882018,287.37127685546875,31.3700008392334
2020-06-24,3.521643539247121,-2.1399993896484375,-0.588110738626578,0.549000009894371,0.021003492722363064,0.2951410532840703,280.0408020019531,33.84000015258789
2020-06-25,3.4725874156353305,-3.1700000762939453,-0.5887958802174162,0.5440000295639038,0.01689755928899308,-0.6539316979046932,283.04296875,32.220001220703125
2020-06-26,3.547603853575341,-2.4899978637695312,-0.599238138179978,0.5029999762773514,-0.0052938425176013585,0.3216110134853445,276.3202819824219,34.72999954223633
2020-06-29,3.4588371827147846,-3.489999771118164,-0.6095434513767457,0.5109999775886536,0.0048506899897903235,-0.8711485485311727,280.3815002441406,31.780000686645508
2020-06-30,3.4154289739376598,-3.3800010681152344,-0.6032639826923349,0.517999991774559,0.013545697887481431,0.023357184120493923,283.9731140136719,30.43000030517578
2020-07-01,3.3541058034516236,-6.479999542236328,-0.6040983689723766,0.5519999861717224,0.012279997735204906,-1.0430460222711082,285.9622802734375,28.6200008392334
2020-07-02,3.3207101417746054,-8.230001449584961,-0.5992125025962032,0.5360000282526016,0.004551195580344233,-1.0991268513690675,287.5370788574219,27.68000030517578
2020-07-06,3.3300593729432615,-5.75,-0.5946428917864304,0.5560000091791153,0.022500509140320285,-1.2671683670827998,291.975830078125,27.940000534057617
2020-07-07,3.3820145726149287,-5.229999542236328,-0.6026425328200319,0.5099999755620956,-0.013173263335864176,-0.6627478016129159,288.9643859863281,29.43000030517578
2020-07-08,3.3350575764405894,-7.520000457763672,-0.5983445413566242,0.517999991774559,-0.01756871788528914,-1.4716067834623665,291.1746520996094,28.079999923706055
2020-07-09,3.376221403414324,-6.510002136230469,-0.6061314227549354,0.4820000156760216,-0.01579363881847256,-0.5871943477577838,289.5169677734375,29.260000228881836
2020-07-10,3.3065203682683353,-8.430000305175781,-0.6008924083636265,0.5130000188946724,-3.891925710202912e-05,-1.3700809424946856,292.47308349609375,27.290000915527344
2020-07-13,3.4716558026486775,-4.230001449584961,-0.6037092068253418,0.5149999856948853,0.050641953061223426,0.08429024869722387,289.9406433105469,32.189998626708984
2020-07-14,3.3850680152391712,-4.780000686645508,-0.6010262188404212,0.482000008225441,0.051612879157176286,-0.1951453891582701,293.6978759765625,29.520000457763672
2020-07-15,3.3235961438836266,-6.340000152587891,-0.5973410062755953,0.5049999952316284,0.05146643199292218,-0.3867354075471051,296.3962707519531,27.760000228881836
2020-07-16,3.332204510175204,-5.69999885559082,-0.5991582114764891,0.5089999884366989,0.029102418674646108,-1.3900695814583042,295.42010498046875,28.0
2020-07-17,3.2457124907055523,-8.210000991821289,-0.5990986313363473,0.5230000242590904,0.03615936179528037,-1.0971777724112792,296.27642822265625,25.68000030517578
2020-07-20,3.197039092829453,-6.579999923706055,-0.5958939379072421,0.515000008046627,0.043823830144157916,-1.2674344159610385,298.6708984375,24.459999084472656
2020-07-21,3.2124552632081076,-6.1399993896484375,-0.5925683143087207,0.49699999392032623,0.05168024702254795,-1.196061987673277,299.3062438964844,24.84000015258789
2020-07-22,3.19129904454962,-7.399999618530273,-0.5938152629054023,0.4950000271201134,0.050961578500443916,-1.1496888967052712,301.010009765625,24.31999969482422
2020-07-23,3.261168734133071,-6.149999618530273,-0.5952475181199544,0.4790000170469284,0.034364963495654384,-0.5684092693360036,297.4184265136719,26.079999923706055
2020-07-24,3.2519236848195052,-7.85999870300293,-0.5920596642431685,0.4909999892115593,0.053743540421995036,-0.6232054460612135,295.5029602050781,25.84000015258789
2020-07-27,3.208421357712853,-7.620000839233398,-0.5866526880882895,0.5160000249743462,0.05034601191485012,-1.388466842982163,297.6578674316406,24.739999771118164
2020-07-28,3.236322759464752,-6.559999465942383,-0.588233259318496,0.4779999703168869,0.06802145322011308,-1.0711889412968634,295.7699890136719,25.440000534057617
2020-07-29,3.1822118563252286,-7.3600006103515625,-0.5881295872651878,0.48899999260902405,0.06565475687609292,-1.3030514674952005,299.4076232910156,24.100000381469727
2020-07-30,3.2092294570604114,-6.969999313354492,-0.5849303741915515,0.4560000076889992,0.04935205061791107,-0.866832677326727,298.33935546875,24.760000228881836
2020-07-31,3.197039092829453,-9.099998474121094,-0.5844286269581028,0.4530000165104866,0.050242863748229435,-0.1439795905718027,300.6968994140625,24.459999084472656
2020-08-03,3.1896529944715897,-8.709999084472656,-0.5855207023001278,0.48500002175569534,0.05167903447961429,-1.1013323316947248,302.7873840332031,24.280000686645508
2020-08-04,3.168003504127518,-8.649999618530273,-0.5895558975880283,0.42499998211860657,0.04021461889949371,-1.4010438852922364,303.9568176269531,23.760000228881836
2020-08-05,3.1350593288193775,-9.579999923706055,-0.5864238846690109,0.4479999840259552,0.05677439433838351,-1.344808209877472,305.8448181152344,22.989999771118164
2020-08-06,3.1201598350871125,-8.80000114440918,-0.588444826730969,0.4480000138282776,0.055816780647264364,-1.2847402706542954,307.88922119140625,22.649999618530273
2020-08-07,3.100542596684933,-10.200000762939453,-0.5881005778768694,0.4739999771118164,0.062243899091898376,-0.8728015647080384,308.11029052734375,22.209999084472656
2020-08-10,3.0969341161400745,-9.170000076293945,-0.585466809050409,0.4860000014305115,0.0550696655158291,-1.220549184740675,309.0312194824219,22.1299991607666
2020-08-11,3.1793030783228886,-7.280000686645508,-0.5882410828403152,0.5579999908804893,0.05547700946851682,-0.48066110374298837,306.480224609375,24.030000686645508
2020-08-12,3.1036894458780013,-9.220001220703125,-0.5855301521289934,0.5700000151991844,0.05644782858047691,-0.9083008788490662,310.7533264160156,22.280000686645508
2020-08-13,3.0969341161400745,-9.629999160766602,-0.5791813294705235,0.6260000169277191,0.04549253007283491,-1.2168163620424337,310.1914978027344,22.1299991607666
2020-08-14,3.0933125672924255,-10.5,-0.5765430981448356,0.6209999918937683,0.04882122324714033,-1.025413892165656,310.20074462890625,22.049999237060547
2020-08-17,3.0610517575420677,-9.850000381469727,-0.5726796026113155,0.5980000272393227,0.04909831366569761,-1.3216089915695135,311.1861267089844,21.350000381469727
2020-08-18,3.0685179539203564,-9.530000686645508,-0.5740134862342142,0.5690000280737877,0.043206842686843695,-1.189460526726151,311.8583679199219,21.510000228881836
2020-08-19,3.115291549229524,-8.880001068115234,-0.5742015947596073,0.5800000131130219,0.036909638720249514,-0.3439869634991939,310.5599365234375,22.540000915527344
2020-08-20,3.123245563630877,-9.279998779296875,-0.5744225975513976,0.5559999942779541,0.034341930701622,-1.0552890401578672,311.5268249511719,22.719999313354492
2020-08-21,3.115291549229524,-10.15999984741211,-0.5763748411682575,0.5519999861717224,0.04988665487819103,-0.6851303626512311,312.6319580078125,22.540000915527344
2020-08-24,3.107720813018059,-9.290000915527344,-0.5700224945523112,0.5610000267624855,0.0664298222135815,-0.8463881909769699,315.79986572265625,22.3700008392334
2020-08-25,3.092405191982908,-9.819999694824219,-0.5646253294529922,0.5869999825954437,0.06265721319804032,-1.0948445720146005,316.90496826171875,22.030000686645508
2020-08-26,3.1471649969860382,-8.740001678466797,-0.5651104313874551,0.5939999744296074,0.07899560386024293,-0.7309096074958471,320.0821533203125,23.270000457763672
2020-08-27,3.1974478493938725,-9.739999771118164,-0.5586450210158951,0.6509999930858612,0.06895606174432653,-0.5071749501616128,320.7820739746094,24.469999313354492
2020-08-28,3.1337535315764806,-12.490001678466797,-0.5608638731927185,0.6339999735355377,0.0789688889908348,-0.7673833043670875,322.8540954589844,22.959999084472656
2020-08-31,3.273742720531385,-10.75,-0.566709074917018,0.5980000197887421,0.06746869141016862,-0.2732489188187246,321.6845703125,26.40999984741211
2020-09-01,3.2627013365381456,-12.44999885559082,-0.5675795400053175,0.5719999894499779,0.06991484530950545,-0.5692077693307035,324.71429443359375,26.1200008392334
2020-09-02,3.2797827482859945,-11.959999084472656,-0.5703640216434793,0.5510000213980675,0.08042059980925381,-0.15727742625801772,329.4110107421875,26.56999969482422
2020-09-03,3.5145260215560947,-7.180000305175781,-0.5744031420330257,0.5219999775290489,0.03920805620544892,2.042421189584528,318.0745849609375,33.599998474121094
2020-09-04,3.4258899942525267,-5.340000152587891,-0.5664350156369394,0.6180000156164169,0.02434753780075133,1.7217577873569296,315.4775695800781,30.75
2020-09-08,3.448716868528817,-1.4000015258789062,-0.5729760402483897,0.5760000124573708,-0.004073395731632713,1.021966906445953,306.8577880859375,31.459999084472656
2020-09-09,3.3607225305592063,-3.029998779296875,-0.5658171247768625,0.5980000123381615,0.012496916810136224,0.400408851367876,312.9173889160156,28.809999465942383
2020-09-10,3.391483658659055,-2.4899978637695312,-0.5712922090696838,0.5820000022649765,0.003269947945532249,0.4803472400903757,307.4840393066406,29.709999084472656
2020-09-11,3.2910104538604994,-4.799999237060547,-0.5700155152785802,0.5660000294446945,-0.010067432624102689,0.4000454715065498,307.6405334472656,26.8700008392334
2020-09-14,3.2523106157114876,-5.420000076293945,-0.5735905340794877,0.5710000023245811,0.004827690581413136,-0.22742965303696044,311.692626953125,25.850000381469727
2020-09-15,3.2422016561344913,-6.05000114440918,-0.57197182877071,0.5790000185370445,0.009837374386386225,-0.6622393036214997,313.2673645019531,25.59000015258789
2020-09-16,3.259633852498868,-6.799999237060547,-0.5726345108626292,0.5869999751448631,0.0026894411807962507,0.43102923955482536,312.024169921875,26.040000915527344
2020-09-17,3.2756341240863804,-5.799999237060547,-0.573919757575766,0.5990000143647194,-0.008302617620748564,0.7748620801123852,309.27984619140625,26.459999084472656
2020-09-18,3.251536604154054,-6.439998626708984,-0.574567607425506,0.6110000088810921,-0.01571015550106535,1.374849723261159,305.7191162109375,25.829999923706055
2020-09-21,3.3243163620434584,-3.529998779296875,-0.581709978146195,0.5910000056028366,-0.030010369688983022,1.1005414894117667,302.3166809082031,27.780000686645508
2020-09-22,3.29063821381853,-5.719999313354492,-0.578836664744992,0.5759999752044678,-0.023418962188928038,-0.267284118244547,305.3955078125,26.860000610351562
2020-09-23,3.352707169832234,-5.309999465942383,-0.5817707987550006,0.5879999995231628,-0.056964831245012254,0.9222695603547265,298.31317138671875,28.579999923706055
2020-09-24,3.3502549109527053,-5.410001754760742,-0.5786419148996463,0.573000006377697,-0.057796206084596936,0.2766651865362566,299.1083068847656,28.510000228881836
2020-09-25,3.272606115475923,-7.459999084472656,-0.5794061510674295,0.5689999759197235,-0.05173451847200359,0.09236144124360257,303.94390869140625,26.3799991607666
2020-09-28,3.265377678911282,-6.530000686645508,-0.5779703163242574,0.574999988079071,-0.03744590312806505,-0.1697280165358441,308.9922180175781,26.190000534057617
2020-09-29,3.268427621122788,-5.100000381469727,-0.5758712312782401,0.559999980032444,-0.04934509105921433,-0.7040078525288666,307.30950927734375,26.270000457763672
2020-09-30,3.272227032190504,-5.869998931884766,-0.5716622839516203,0.5919999852776527,-0.038162963088600683,1.5196605760892454,309.6394348144531,26.3700008392334
2020-10-01,3.284663593980715,-6.920000076293945,-0.5710113010741283,0.5939999893307686,-0.04113742332971402,0.8511327454235059,311.6274108886719,26.700000762939453
2020-10-02,3.318902108561333,-7.75,-0.571159826702903,0.6109999790787697,-0.06503790435692844,0.8587563199393947,308.66864013671875,27.6299991607666
2020-10-05,3.3307748846214262,-7.770000457763672,-0.5603288885693032,0.6770000234246254,-0.012439917326888986,-0.9400903005488572,314.14227294921875,27.959999084472656
2020-10-06,3.3837120517931956,-6.799999237060547,-0.561761769375053,0.6539999842643738,-0.018559631895239233,0.8817769737269424,309.6764221191406,29.479999542236328
2020-10-07,3.3343450556416125,-8.960000991821289,-0.5585065205415218,0.6970000267028809,0.026400570598802336,-0.4751129516679159,315.06689453125,28.059999465942383
2020-10-08,3.2718477327887663,-9.549999237060547,-0.5587166083202133,0.6769999861717224,0.015669269406016685,-0.949564731978241,317.85919189453125,26.360000610351562
2020-10-09,3.2188758248682006,-9.430000305175781,-0.558777776229379,0.6819999739527702,0.04207544594683192,-0.33688089747849365,320.6976013183594,25.0
2020-10-12,3.221671899997255,-7.680000305175781,-0.5594930561828363,0.6870000064373016,0.057526897115865956,0.5510446747393071,325.8570861816406,25.06999969482422
2020-10-13,3.2607852162393964,-6.960000991821289,-0.5629944554975849,0.6339999958872795,0.03789356228312713,0.26031817969652127,323.73040771484375,26.06999969482422
2020-10-14,3.2733639957026597,-6.940000534057617,-0.5664268810298467,0.6220000013709068,0.026550683445438993,-0.40181743524284563,321.69622802734375,26.399999618530273
2020-10-15,3.294725111692035,-7.340000152587891,-0.5661021191584872,0.636000007390976,0.02929049140588864,-0.28824220708666587,321.2986755371094,26.969999313354492
2020-10-16,3.310907904747825,-7.569999694824219,-0.5655849642444217,0.6540000140666962,0.03752016788423635,0.9233039192497734,321.1045227050781,27.40999984741211
2020-10-19,3.373483553553028,-5.75,-0.5672145747278357,0.6709999740123749,0.03377981432730714,0.02470321189771236,316.22265625,29.18000030517578
2020-10-20,3.3792925592713705,-5.540000915527344,-0.5615873777856074,0.7019999921321869,0.048969192219864136,-0.3316312066421055,317.4893493652344,29.350000381469727
2020-10-21,3.355153429845924,-6.409999847412109,-0.5600725219218377,0.7259999811649323,0.03694168024173342,-0.17427662150778125,316.8883056640625,28.649999618530273
2020-10-22,3.3361254066314094,-5.239999771118164,-0.5560696376562302,0.76299998909235,0.06587609359041502,-0.5077838697338312,318.6266174316406,28.110000610351562
2020-10-23,3.316002507906021,-4.69999885559082,-0.5574198473490553,0.758000023663044,0.06660370182618595,-0.7735377872221257,319.70843505859375,27.549999237060547
2020-10-26,3.480008533881659,3.8400001525878906,-0.5683736811256889,0.721000000834465,0.03191321140974635,0.9898709081356722,313.8001708984375,32.459999084472656
2020-10-27,3.5070577266081413,4.569999694824219,-0.5719667165637725,0.6879999935626984,0.011986863475244447,-0.09436955935004501,312.7183532714844,33.349998474121094
2020-10-28,3.695855037544921,10.150001525878906,-0.575361198917975,0.6910000145435333,-0.017328966073977964,2.3360925524771474,302.030029296875,40.279998779296875
2020-10-29,3.6267380616353546,8.5,-0.5698887817789331,0.751999981701374,-0.014770095607124402,0.855954135020889,305.0996398925781,37.59000015258789
2020-10-30,3.6381123491003584,8.060001373291016,-0.5625203592622691,0.7770000174641609,-0.031649184580275394,1.9521098780185724,301.9190979003906,38.02000045776367
2020-11-02,3.6144252969558948,8.799999237060547,-0.5640525422110948,0.7659999802708626,-0.010963183975407062,0.5896167718855713,305.3031311035156,37.130001068115234
2020-11-03,3.5709401347882244,9.680000305175781,-0.5564583904790491,0.792000025510788,-0.011039047672580874,0.8466963421613874,310.6935119628906,35.54999923706055
2020-11-04,3.386760323543933,2.479999542236328,-0.5620236909016737,0.6850000098347664,0.02538201646506817,2.072991818045941,317.6372375488281,29.56999969482422
2020-11-05,3.3170908695988777,-0.9599990844726562,-0.5622497232442366,0.6910000219941139,0.027440262142993065,0.3250884313268874,323.8321228027344,27.579999923706055
2020-11-06,3.213260110634116,-3.410001754760742,-0.5626112780524959,0.7369999960064888,0.018388383188253518,0.03328089427818404,323.7581787109375,24.860000610351562
2020-11-09,3.248434627109745,-0.1700000762939453,-0.5474220283120595,0.8700000047683716,0.021985528590414444,3.399158791179209,327.8263854980469,25.75
2020-11-10,3.2108436224072485,-2.059999465942383,-0.5462276940092273,0.8819999992847443,0.004557443121369942,0.3285859723791186,327.3455505371094,24.799999237060547
2020-11-11,3.1548705274270192,-4.030000686645508,-0.5484296023761525,0.8680000007152557,0.01850633873670641,-0.6375085454440271,329.7772521972656,23.450000762939453
2020-11-12,3.2327787450853074,-3.3400001525878906,-0.5592085491185158,0.7999999895691872,0.015061491287140993,-0.334360160156276,326.578125,25.350000381469727
2020-11-13,3.1398326340415887,-4.680000305175781,-0.556987793434276,0.8100000098347664,0.030047752178156827,-0.5257872180487494,331.0994873046875,23.100000381469727
2020-11-16,3.111290648172203,-6.020000457763672,-0.5546214215896759,0.8310000151395798,0.043057401868897366,-0.12287541681674939,335.232421875,22.450000762939453
2020-11-17,3.1228053158036246,-6.569999694824219,-0.5574972134701122,0.7919999808073044,0.052984796506320056,-0.4346807495540044,333.4294738769531,22.709999084472656
2020-11-18,3.171364848597648,-6.799999237060547,-0.5614811665034815,0.8070000261068344,0.036879017523243685,-0.289031910227411,329.4166259765625,23.84000015258789
2020-11-19,3.1402654506970014,-6.539999008178711,-0.5636416605748461,0.7939999736845493,0.04297554067269755,-0.6944797213311346,330.8036193847656,23.110000610351562
2020-11-20,3.165475080332623,-6.19999885559082,-0.5646301348531152,0.7709999978542328,0.030633574273586952,-0.31525350001796126,328.538330078125,23.700000762939453
2020-11-23,3.120601248866061,-5.850000381469727,-0.5643531642802926,0.7869999930262566,0.03322048808611347,-0.6141076538475351,330.5076904296875,22.65999984741211
2020-11-24,3.0745434257734945,-6.440000534057617,-0.5590832951799132,0.802000030875206,0.06785883227729794,-0.6569981744077648,335.8334045410156,21.639999389648438
2020-11-25,3.056356895370426,-7.280000686645508,-0.5601288460711863,0.7980000227689743,0.06976935140625552,-1.3040442641527985,335.3156433105469,21.25
2020-11-27,3.036874224207042,-6.180000305175781,-0.5620643851054807,0.7690000087022781,0.10732685007054868,-1.9049182048266708,336.24945068359375,20.84000015258789
2020-11-30,3.0238336888289017,-4.459999084472656,-0.5665781792505976,0.7689999788999557,0.09277811861848291,0.18388165275746124,334.7608947753906,20.56999969482422
2020-12-01,3.0335096599276774,-4.619998931884766,-0.5602117995033777,0.8540000170469284,0.114135256451423,-0.19524318479869282,338.4222412109375,20.770000457763672
2020-12-02,3.0525850887506447,-5.25,-0.5540852027775817,0.8730000108480453,0.10509097179963829,-1.24828691292732,339.13427734375,21.170000076293945
2020-12-03,3.057767696740619,-5.209999084472656,-0.5574343731182676,0.8450000137090683,0.08731649621940968,-0.5888086517286587,339.04180908203125,21.280000686645508
2020-12-04,3.03447214590683,-6.3300018310546875,-0.5477492582305592,0.8939999788999557,0.0737941291284385,-1.0622839302550797,341.9635314941406,20.790000915527344
2020-12-07,3.058707036896625,-5.780000686645508,-0.5490850046657143,0.8579999729990959,0.052421672353487964,-1.106545389437282,341.2607727050781,21.299999237060547
2020-12-08,3.0291670643972775,-5.700000762939453,-0.5487248317912486,0.8449999839067459,0.05557196309524292,-1.3327926795596103,342.2593688964844,20.68000030517578
2020-12-09,3.1032405018244478,-4.739999771118164,-0.5465669540085385,0.8709999844431877,0.03407546405830686,-0.001302614042955129,339.1897277832031,22.270000457763672
2020-12-10,3.1144038235984732,-5.379999160766602,-0.5496920957437696,0.8379999920725822,0.03521617566694467,-0.6675368192804553,339.07879638671875,22.520000457763672
2020-12-11,3.1488824301365708,-5.599998474121094,-0.551750034575977,0.828000009059906,0.0266419483370878,-0.6620611433243461,338.6812438964844,23.309999465942383
2020-12-14,3.2076126048125677,-3.440000534057617,-0.5507911583906936,0.832000020891428,0.031902435167655604,-0.19370933592265946,337.16473388671875,24.719999313354492
2020-12-15,3.1307001072999245,-5.680000305175781,-0.5496469009964456,0.8529999777674675,0.031581904914395456,-0.4058445217922604,341.7231140136719,22.889999389648438
2020-12-16,3.1135153092103742,-6.670000076293945,-0.550343283448943,0.8450000137090683,0.02074475031627675,-0.6130630584180132,342.2593688964844,22.5
2020-12-17,3.087855576345701,-6.529998779296875,-0.5503106703189664,0.8500000089406967,0.03171414366546186,-0.35108808654829526,344.1733703613281,21.93000030517578
2020-12-18,3.0713034462529065,-8.469999313354492,-0.548773817118921,0.8680000156164169,0.039821279414670334,2.586023521576743,342.7991027832031,21.56999969482422
2020-12-21,3.2252554257675383,-6.020000457763672,-0.5503861566250721,0.8629999831318855,0.03203749164810621,0.9265335671896566,341.5733337402344,25.15999984741211
2020-12-22,3.1875915159360004,-7.340000152587891,-0.5518854581190245,0.8399999812245369,0.037222162445696,-0.9994601435756003,340.9976806640625,24.229999542236328
2020-12-23,3.1488824301365708,-7.059999465942383,-0.547603823970274,0.8799999803304672,0.032143963096114225,-1.0412318447268576,341.3041076660156,23.309999465942383
2020-12-24,3.0694473432687706,-8.25,-0.548951870779404,0.8529999703168869,0.020041377966519204,-1.7556123353349944,342.6318664550781,21.530000686645508
2020-12-28,3.0773122957049135,-5.100000381469727,-0.5483418065959104,0.8530000299215317,0.030138572644918905,-1.2365211060306007,345.5754089355469,21.700000762939453
2020-12-29,3.138966438334269,-4.770000457763672,-0.5500395738359296,0.8449999988079071,0.025447922600580396,-0.6740902419695932,344.9161071777344,23.079999923706055
2020-12-30,3.1254439001794543,-4.130001068115234,-0.5492786101120849,0.8559999987483025,0.031310650077935896,-0.8097644675538774,345.4082946777344,22.770000457763672
2020-12-31,3.1245651453969594,-4.079999923706055,-0.5486935212904428,0.8519999980926514,0.02550065926087577,0.3255143493267979,347.1632080078125,22.75
2021-01-04,3.294725111692035,-0.8700008392333984,-0.5456771381899651,0.8489999920129776,0.00969151696657102,1.5238754498776474,342.4369812011719,26.969999313354492
2021-01-05,3.2323841809146145,-2.9599990844726562,-0.5421262403921532,0.876999981701374,0.016827442650814713,-0.16975039532049527,344.7952880859375,25.34000015258789
2021-01-06,3.221671899997255,-3.020000457763672,-0.5358280787565866,0.9640000537037849,0.014207685609661623,1.4088000345378477,346.8567199707031,25.06999969482422
2021-01-07,3.107720813018059,-5.600000381469727,-0.5328107780278534,0.9909999817609787,0.031013044441250564,-0.09654505200489681,352.0101318359375,22.3700008392334
2021-01-08,3.0708397212700347,-6.559999465942383,-0.5305854374143557,1.0250000208616257,0.033772729584399155,-0.0012269023092305231,354.01580810546875,21.559999465942383
2021-01-11,3.181381617272267,-5.010000228881836,-0.5316980271790316,1.0519999712705612,0.036018491865023955,-0.7899372945061013,351.6295166015625,24.079999923706055
2021-01-12,3.149740082763131,-5.55000114440918,-0.5325754338684233,1.0580000132322311,0.03655681572105992,-0.7124442820787469,351.70379638671875,23.329999923706055
2021-01-13,3.100542596684933,-6.6399993896484375,-0.537312944066621,1.008000060915947,0.04041926093381839,-0.9657268855787894,352.6509094238281,22.209999084472656
2021-01-14,3.1463051320333655,-5.149999618530273,-0.5332111348918552,1.0539999455213547,0.04139885530503198,-0.7804414915157541,351.4159240722656,23.25
2021-01-15,3.1921210938283986,-5.569999694824219,-0.5363609991615507,1.0219999998807907,0.02065034480772908,1.3412430548591192,348.8531799316406,24.34000015258789
2021-01-19,3.1458749221350946,-4.810001373291016,-0.5352563221280069,1.0190000087022781,0.026903732441577215,-0.7279166164589338,351.5924072265625,23.239999771118164
2021-01-20,3.071766956294588,-6.869998931884766,-0.5331324934023882,1.0150000303983688,0.035070671904254995,-0.32729215975225423,356.4579162597656,21.579999923706055
2021-01-21,3.0596455849835826,-7.470001220703125,-0.5297358373435422,1.0359999686479568,0.03998281286332916,-0.839130877174725,356.7828674316406,21.31999969482422
2021-01-22,3.0869431466430717,-7.569999694824219,-0.5309448240810413,1.0209999606013298,0.04001933702089231,-0.6442307199288361,355.52008056640625,21.90999984741211
2021-01-25,3.1437211742970916,-6.219999313354492,-0.5349808629114192,0.9699999615550041,0.0456421851303887,-0.002558616564475868,356.9222106933594,23.190000534057617
2021-01-26,3.136363423179213,-6.430000305175781,-0.5363972262959582,0.9719999581575394,0.043181653548381126,-1.0262573269471211,356.3650207519531,23.020000457763672
2021-01-27,3.616577517754195,5.909999847412109,-0.5375063114303442,0.9540000595152378,0.014554975652254882,1.8954516978057097,347.65533447265625,37.209999084472656
2021-01-28,3.40817296509314,-1.7700004577636719,-0.5329012264524509,1.0020000413060188,0.014564100880045125,0.8219096056398163,350.6452331542969,30.209999084472656
2021-01-29,3.49923112654482,-1.25,-0.5339946050797686,1.0450000539422035,-0.0037490300260637566,1.9929318726301686,343.62542724609375,33.09000015258789
2021-02-01,3.4091655437424886,-3.539999008178711,-0.5327628750176179,1.0290000215172768,0.011333669536018323,0.17084525026947503,349.3453063964844,30.239999771118164
2021-02-02,3.241028608615061,-6.920000076293945,-0.5276922374760502,1.0550000183284283,0.020306847134465632,-0.21273792889820978,354.2850646972656,25.559999465942383
2021-02-03,3.1315734898050858,-8.600000381469727,-0.524519447361116,1.0910000428557396,0.034800347573442726,-0.6378876570433506,354.5636901855469,22.90999984741211
2021-02-04,3.080532896273726,-9.310001373291016,-0.5241608189757584,1.1090000588446856,0.039238833559370155,-0.8071255462008411,358.5935974121094,21.770000457763672
2021-02-05,3.0383127613015377,-11.0,-0.5200065176478953,1.1469999570399523,0.037205895567637016,-0.7296067047928751,360.0049133300781,20.8700008392334
2021-02-08,3.0558861855977573,-10.079999923706055,-0.5213348087769303,1.1399999670684338,0.029653906528681807,-1.0903261710999876,362.60491943359375,21.239999771118164
2021-02-09,3.074081201165457,-10.020000457763672,-0.5216066819210717,1.123999945819378,0.023306185488496473,-1.1615040774254661,362.36346435546875,21.6299991607666
2021-02-10,3.090587794158219,-9.809999465942383,-0.5241997330124512,1.0980000160634518,0.029633970496777674,-0.23744066040061954,362.20562744140625,21.989999771118164
2021-02-11,3.056356895370426,-10.129999160766602,-0.5210824487044986,1.1229999922215939,0.031036274231770574,-0.9196775714979813,362.79052734375,21.25
2021-02-12,2.994231113043872,-11.449999809265137,-0.5162242277022799,1.1650000475347042,0.033274776612261116,-0.5761086550356614,364.58270263671875,19.969999313354492
2021-02-16,3.0661906945405133,-8.229999542236328,-0.5107417618617832,1.2640000246465206,0.03591636839153308,-0.5468024033007337,364.26690673828125,21.459999084472656
2021-02-17,3.068052935133617,-9.110000610351562,-0.5160819755282718,1.265999998897314,0.04346523895591254,-0.48102722176832113,364.35052490234375,21.5
2021-02-18,3.1130707557941752,-8.400001525878906,-0.515515631164991,1.263999940827489,0.03137877746787163,-0.1477797249251689,362.79986572265625,22.489999771118164
2021-02-19,3.0933125672924255,-8.760000228881836,-0.5081442838743235,1.322000028565526,0.01586773640620148,0.8617324347619348,362.1592102050781,22.049999237060547
2021-02-22,3.1548705274270192,-6.590000152587891,-0.5049826186582548,1.3450000043958426,0.007235038110187148,0.17760446754931455,359.3735656738281,23.450000762939453
2021-02-23,3.1402654506970014,-5.820001602172852,-0.5033335442820956,1.3389999885112047,0.011994204864835274,1.8236112510863904,359.8099365234375,23.110000610351562
2021-02-24,3.06058325302393,-7.539999008178711,-0.5038134129012272,1.361000057309866,0.019017163700687643,0.3513553234402577,363.7748107910156,21.34000015258789
2021-02-25,3.3634954933514023,1.5699996948242188,-0.4973827878820204,1.4850000068545341,-0.0038114503195944617,3.138366015957071,355.00933837890625,28.889999389648438
2021-02-26,3.3304172268976893,-0.18000030517578125,-0.5135515131755075,1.425000037997961,0.015766682482702195,3.052627405122036,353.1801452636719,27.950000762939453
2021-03-01,3.1505970004519392,-4.079999923706055,-0.5033640203885247,1.417999979108572,0.03115442613333544,1.3218953154245372,361.7413330078125,23.350000381469727
2021-03-02,3.1822118563252286,-3.989999771118164,-0.5037213611608033,1.3799999617040157,0.043543458797437345,0.39204780905996395,358.9186096191406,24.100000381469727
2021-03-03,3.2835393410545883,-1.9100017547607422,-0.499493078916551,1.4350000284612179,0.01370044351539997,1.770623440367965,354.1644287109375,26.670000076293945
2021-03-04,3.3523572055609954,-0.7800006866455078,-0.4951058182230271,1.5219999514520168,-0.01279232704096131,3.5083516599562925,349.78179931640625,28.56999969482422
2021-03-05,3.2051824915485305,-4.059999465942383,-0.4907901637272265,1.5260000191628933,0.004650676917572257,2.371738888412077,356.21649169921875,24.65999984741211
2021-03-08,3.237501262032374,-2.4299983978271484,-0.4887214353299493,1.5609999559819698,-0.011642440999006631,1.4555290588695489,354.4429016113281,25.469999313354492
2021-03-09,3.1793030783228886,-3.1700000762939453,-0.4948438942807496,1.5110000036656857,-0.001393825041360062,1.1387974836407928,359.50347900390625,24.030000686645508
2021-03-10,3.1161784029570914,-5.700000762939453,-0.4964125541198213,1.489999981597066,-0.0023844586260806716,0.9980919656642074,361.7413330078125,22.559999465942383
2021-03-11,3.0869431466430717,-6.079999923706055,-0.49332943155735925,1.4989999495446682,0.008369678570658345,0.2928287958633732,365.4090576171875,21.90999984741211
2021-03-12,3.029650517569806,-8.329999923706055,-0.48451418884649833,1.6099999900907278,0.010151142534043717,-0.33401651315798553,365.9011535644531,20.690000534057617
2021-03-15,2.9972311839585806,-7.149999618530273,-0.4878109372046137,1.591999993659556,0.014483532673943476,-0.08509911314692382,368.083251953125,20.030000686645508
2021-03-16,2.9851768058765926,-6.779998779296875,-0.48943006571705366,1.6130000511184335,0.008293707142808615,-0.08410028639917551,367.6190185546875,19.790000915527344
2021-03-17,2.956471535796025,-7.189998626708984,-0.4889691080294794,1.6330000320449471,0.012564024591074955,0.6124539718142152,368.8724365234375,19.229999542236328
2021-03-18,3.071766956294588,-4.950000762939453,-0.49089327182129694,1.7270000190474093,-0.0023218081348072702,1.0883439491599811,363.50555419921875,21.579999923706055
2021-03-19,3.042138682785304,-6.709999084472656,-0.4885296941165264,1.7269999934360385,9.117849728011184e-05,1.0070178257569693,362.83294677734375,20.950000762939453
2021-03-22,2.938103116266432,-6.540000915527344,-0.48850377470703665,1.6790000153705478,0.009811797720935161,-0.14772424414846527,365.7301330566406,18.8799991607666
2021-03-23,3.0106208484645167,-5.429998397827148,-0.49040182448657554,1.6280000116676092,0.009631327421973312,0.3700886380822586,362.8515319824219,20.299999237060547
2021-03-24,3.054001217665676,-5.329999923706055,-0.4928312315402304,1.5989999631419778,0.0033213790098438516,0.5732899017753971,361.0069885253906,21.200000762939453
2021-03-25,2.986186833751468,-6.210000991821289,-0.4899432297259794,1.5989999631419778,-0.0020279483140161173,1.0855374475116046,363.037841796875,19.809999465942383
2021-03-26,2.9370433095675357,-6.0,-0.48625336247086537,1.644999966956675,0.038349643662753584,1.002546161078803,368.88824462890625,18.860000610351562
2021-03-29,3.032064191765613,-4.350000381469727,-0.483283334109211,1.7129999557510018,0.043010051294345104,0.79141281762151,368.70184326171875,20.739999771118164
2021-03-30,2.9760396713327606,-5.029998779296875,-0.48879005648138096,1.712999951094389,0.01640258348747618,-0.18094156363143996,367.7237548828125,19.610000610351562
2021-03-31,2.9652730464058945,-6.529999732971191,-0.4865786547543618,1.7330000512301922,0.028281487909233106,0.8954312705055423,369.2142639160156,19.399999618530273
2021-04-01,2.8524390993250943,-7.999999046325684,-0.4907145744439053,1.671000019647181,0.05235713358820369,0.47919445203108707,373.20147705078125,17.329999923706055
2021-04-05,2.885359207552917,-5.309999465942383,-0.4853437370946841,1.7050000289455056,0.07906004665895788,0.22888843568983122,378.55810546875,17.90999984741211
2021-04-06,2.8970163469301413,-5.449999809265137,-0.49029444515435266,1.6410000184550881,0.06024006456109153,-0.6532486562832592,378.3345031738281,18.1200008392334
2021-04-07,2.842581085167748,-6.529999732971191,-0.48864937171250067,1.6429999973624945,0.06638790883979369,-0.8340416495658066,378.77227783203125,17.15999984741211
2021-04-08,2.8302678788376356,-6.65000057220459,-0.4919740285971197,1.6269999695941806,0.056946854958551146,-0.7481950751920228,380.5702209472656,16.950000762939453
2021-04-09,2.814809769672402,-7.550000190734863,-0.49059976841696024,1.6630000085569918,0.05798526501845701,-0.6445596846353053,383.3370666503906,16.690000534057617
2021-04-12,2.827905153886959,-6.579999923706055,-0.4914032201170013,1.6649999525398016,0.048261868159012115,-0.7678942346437814,383.47686767578125,16.90999984741211
2021-04-13,2.812410193515358,-7.000000953674316,-0.4951405168723953,1.6080000260844827,0.049875299184984206,-0.7769936083037502,384.61334228515625,16.649999618530273
2021-04-14,2.8326249222122786,-6.959999084472656,-0.49422777608271123,1.623000011779368,0.04050832211450348,-0.6286113791503486,383.2998046875,16.989999771118164
2021-04-15,2.8075938130211036,-6.539999961853027,-0.49637534771648684,1.519999971613288,0.052455588708570616,-0.6838670559262953,387.41741943359375,16.56999969482422
2021-04-16,2.7880929087757464,-7.560000419616699,-0.4915929544169331,1.5649999538436532,0.0523887037753572,-0.03179174205832698,388.71234130859375,16.25
2021-04-19,2.850128352646461,-5.950000762939453,-0.4905999852125427,1.585999951697886,0.06211978275920948,-0.12758548157453212,386.80255126953125,17.290000915527344
2021-04-20,2.9274534491377295,-5.020000457763672,-0.4942323422382875,1.5470000365749002,0.05662349067084885,-0.03895296406074038,383.9706115722656,18.68000030517578
2021-04-21,2.8622008809294686,-6.699999809265137,-0.49433546177009036,1.5510000102221966,0.058087860031059285,-0.5129130188802211,387.603759765625,17.5
2021-04-22,2.9290580913534825,-5.75,-0.4971585081392345,1.5390000203624368,0.05681473035522842,0.42997909394850786,384.063720703125,18.709999084472656
2021-04-23,2.8524390993250943,-7.5,-0.4953584138636694,1.5520000318065286,0.07269507774937524,-0.35231537178187233,388.22784423828125,17.329999923706055
2021-04-26,2.870169015978216,-6.7300004959106445,-0.4953603150936794,1.5620000520721078,0.06917095435086895,-1.0049219144612649,389.03839111328125,17.639999389648438
2021-04-27,2.865623557793666,-6.7699995040893555,-0.4922419569654018,1.6119999792426825,0.0529687061782027,-1.042410420680697,388.95452880859375,17.559999465942383
2021-04-28,2.8495498031123385,-7.5099992752075195,-0.49044739859766584,1.612000004388392,0.05318661897303041,-1.0125464230285142,388.84271240234375,17.280000686645508
2021-04-29,2.8684669571674872,-7.34999942779541,-0.48808196458720227,1.6319999853149056,0.06219569574749587,-0.13403678116129758,391.32080078125,17.610000610351562
2021-04-30,2.9236991034511264,-6.539999961853027,-0.490600519109175,1.628000041935593,0.05155814942445857,0.11152549234925321,388.7495422363281,18.610000610351562
2021-05-03,2.907447329518881,-5.569999694824219,-0.49261389832097696,1.6019999934360385,0.042971376294299576,-0.4483804959445929,389.5880126953125,18.309999465942383
2021-05-04,2.969388274715227,-4.920000076293945,-0.4937967640549031,1.582000007852912,0.022531850185427495,0.6164158972142276,387.1845397949219,19.479999542236328
2021-05-05,2.952302695706565,-4.690000534057617,-0.493065633170836,1.5759999910369515,0.023435162387071252,-0.7317359542138562,387.3055419921875,19.149999618530273
2021-05-06,2.911807005426911,-5.839998245239258,-0.49530933794091925,1.552999989129603,0.030233068624931296,-0.28860774066001155,390.3985900878906,18.389999389648438
2021-05-07,2.814809769672402,-6.700000762939453,-0.4950014480240212,1.5690000215545297,0.03274883501314643,-0.519179572068809,393.2397766113281,16.690000534057617
2021-05-10,2.978586106957683,-2.719999313354492,-0.49189110152152987,1.59699999820441,0.015553130974174281,-0.07594370543728136,389.34576416015625,19.65999984741211
2021-05-11,3.083743157863329,-2.1999988555908203,-0.48925486536535634,1.613999953493476,0.006224059654153742,1.076063477131057,385.87109375,21.84000015258789
2021-05-12,3.3174533937597452,1.3699989318847656,-0.4886383716393224,1.6850000526756048,-0.01820960942675921,1.6222321580142651,377.6730651855469,27.59000015258789
2021-05-13,3.141130439960018,-2.0500011444091797,-0.4888331706313535,1.6599999824538827,-0.002847688637403731,0.6415426038355928,382.2098388671875,23.1299991607666
2021-05-14,2.934388614920721,-4.850000381469727,-0.49104949243000456,1.6299999905750155,0.0017056088950732357,-0.20417987578553376,388.0787658691406,18.809999465942383
2021-05-17,2.981633314354737,-4.309999465942383,-0.4917407641345577,1.634999985806644,-0.004178825173677643,-0.8091063496119207,387.09136962890625,19.719999313354492
2021-05-18,3.06058325302393,-3.229999542236328,-0.49086581506373955,1.6319999601691961,-0.007906678552083556,-1.0035635306290236,383.75628662109375,21.34000015258789
2021-05-19,3.099190995681273,-4.060001373291016,-0.491753355417271,1.6779999686405063,-0.003183584095344387,0.6086091572489951,382.7501525878906,22.18000030517578
2021-05-20,3.028683377384724,-5.25,-0.4943005217799002,1.6309999437071383,-0.0019006319211120578,-0.3902165123331339,386.8677673339844,20.670000076293945
2021-05-21,3.003204269461192,-6.369998931884766,-0.4934936367341157,1.6289999694563448,0.006455242386496049,-0.4475555232326628,386.55096435546875,20.149999618530273
2021-05-24,2.9123506438828892,-7.559999465942383,-0.4950855418231571,1.6050000400282443,0.0058140049539360875,-1.2923825489305198,390.4915771484375,18.399999618530273
2021-05-25,2.935982277247362,-6.609999656677246,-0.49868774436559193,1.554000010713935,0.0015074907856763968,-1.0645373829045555,389.62530517578125,18.84000015258789
2021-05-26,2.854168744390704,-7.459999084472656,-0.4978140139328688,1.569000001065433,0.003705798814130228,-1.5293672941124492,390.3985900878906,17.360000610351562
2021-05-27,2.817801051388579,-7.279999732971191,-0.49523753904902473,1.6050000144168735,0.004517861035833263,-1.034167100262565,390.6034240722656,16.739999771118164
2021-05-28,2.818995108710371,-7.75,-0.4964175207169177,1.5729999700561166,-4.765063460279538e-05,-0.938098591387588,391.3021545410156,16.760000228881836
2021-06-01,2.8848006915355513,-6.340000152587891,-0.4935474385178343,1.6050000097602606,0.005663466300128515,-1.070552207577034,390.95745849609375,17.899999618530273
2021-06-02,2.861057344039536,-7.720000267028809,-0.49388134897438885,1.5759999612346292,0.0050804377358634484,-1.2173559263607197,391.57232666015625,17.479999542236328
2021-06-03,2.892591565384329,-6.6399993896484375,-0.49198966882527173,1.6100000003352761,0.007550441958609929,-0.9184404827176773,390.1190185546875,18.040000915527344
2021-06-04,2.7985001086706855,-7.920001029968262,-0.49687608911746906,1.5449999431148171,0.01634215635131308,-1.0103677094114827,393.68695068359375,16.420000076293945
2021-06-07,2.7985001086706855,-6.6399993896484375,-0.4956991783205412,1.5510000064969063,0.007416975413955573,-1.1741986010171224,393.304931640625,16.420000076293945
2021-06-08,2.8373225189284472,-5.420000076293945,-0.49879357669817714,1.5079999975860119,0.00037910870957795647,-1.3314795911212147,393.3888854980469,17.06999969482422
2021-06-09,2.884241863403715,-4.190000534057617,-0.5016094175801448,1.4689999632537365,0.008837870385420504,-1.2364174128458467,392.802001953125,17.889999389648438
2021-06-10,2.778819295684189,-6.25,-0.5042835156025053,1.438999991863966,0.02243985648975038,-1.0867046211226474,394.62786865234375,16.100000381469727
2021-06-11,2.7504708926110997,-6.579998970031738,-0.5047645209234463,1.4440000131726265,0.045565456994046794,-1.2997531459474334,395.2799987792969,15.649999618530273
2021-06-14,2.796671355516472,-5.219999313354492,-0.5020052877034368,1.4860000470653176,0.03586103851499779,-1.3964520058328658,396.1650085449219,16.389999389648438
2021-06-15,2.8343891500408605,-4.760000228881836,-0.5028695947608125,1.4789999537169933,0.018786506770745188,-0.9778131836136748,395.4383239746094,17.020000457763672
2021-06-16,2.898670539693244,-3.3199996948242188,-0.5013861876022222,1.5410000048577785,0.015735189673954153,0.27520015336633114,393.2304992675781,18.149999618530273
2021-06-17,2.8763855159214247,-4.309999465942383,-0.5062527418149061,1.483000036329031,0.02405652237892288,0.7654257994091866,393.1000671386719,17.75
2021-06-18,3.0301337371283013,-2.7900009155273438,-0.5119351806393313,1.4220000468194485,0.01309956607783104,1.974239644268506,387.7969970703125,20.700000762939453
2021-06-21,2.884241863403715,-4.290000915527344,-0.5041695914755063,1.4539999682456255,0.01661360960200882,-0.038529930499396875,393.3487243652344,17.889999389648438
2021-06-22,2.8130106275797595,-5.489999771118164,-0.5051300882200234,1.4340000040829182,0.02276452587641452,-0.6800443492759924,395.4515380859375,16.65999984741211
2021-06-23,2.7923913308364643,-6.070000648498535,-0.5045866013944709,1.4469999894499779,0.011415855773151807,-1.0103052067134561,394.97491455078125,16.31999969482422
2021-06-24,2.7707119789475727,-6.489999771118164,-0.5034529269788386,1.4439999870955944,0.01953514543087647,-1.174481851157983,397.3115234375,15.970000267028809
2021-06-25,2.748552137084977,-7.140000343322754,-0.49981007859789306,1.4930000118911266,0.02109821769456905,-0.566408464572311,398.7228088378906,15.619999885559082
2021-06-28,2.757475098952692,-7.100000381469727,-0.504185084392048,1.4380000457167625,0.022587589982478163,-0.7714358208650578,399.526611328125,15.760000228881836
2021-06-29,2.773837970214724,-7.630000114440918,-0.5041273525790158,1.440000019967556,0.021338245882589944,-1.5233092762346443,399.7415771484375,16.020000457763672
2021-06-30,2.761906869073341,-8.40000057220459,-0.5051306332246834,1.402999959886074,0.023060783154995247,-0.15772743663330116,400.0780029296875,15.829999923706055
2021-07-01,2.739548838590284,-8.020000457763672,-0.5022997645630826,1.440000019967556,0.027010739674704017,-0.6785978609484441,402.2931213378906,15.479999542236328
2021-07-02,2.7127059923878543,-8.899999618530273,-0.5035400115791646,1.3929999954998493,0.0383436823258727,-0.44963134423434975,405.36810302734375,15.069999694824219
2021-07-06,2.79971742211329,-6.5,-0.5077483872811496,1.3300000056624413,0.027416275078037844,0.0864794235335855,404.62969970703125,16.440000534057617
2021-07-07,2.785011289333365,-7.340000152587891,-0.5108135869626337,1.2779999785125256,0.03191480556597972,-0.17369309089246832,406.05963134765625,16.200000762939453
2021-07-08,2.9444389791664403,-4.739999771118164,-0.5134906764024875,1.24499998614192,0.023520172518329895,1.4498597943328415,402.7511291503906,19.0
2021-07-09,2.7837759304916423,-7.420000076293945,-0.5075656890623147,1.3129999451339245,0.03563122461190386,0.4020927066108477,407.05035400390625,16.18000030517578
2021-07-12,2.783157678307256,-6.939998626708984,-0.5073868161153788,1.320000033825636,0.03456931689918554,-0.7256078326425172,408.5084228515625,16.170000076293945
2021-07-13,2.8402474197342373,-6.149999618530273,-0.5066300613024444,1.369999960064888,0.02950340427143873,-0.720463434406446,407.1158447265625,17.1200008392334
2021-07-14,2.7930039023103626,-7.170001029968262,-0.5096425225407706,1.310999944806099,0.028757863434046276,-0.18051944351699198,407.7232666015625,16.329999923706055
2021-07-15,2.8338014198634927,-6.539999961853027,-0.5124737030361461,1.259000051766634,0.02717257620707773,-0.6105396278843177,406.3307189941406,17.010000228881836
2021-07-16,2.915064411838267,-5.770000457763672,-0.5124348946623565,1.2619999535381794,0.024896837252149934,0.3959329692862855,403.1435852050781,18.450000762939453
2021-07-19,3.1135153092103742,-2.75,-0.5263483043996127,1.1409999951720238,0.010350558546495074,3.4449195817621483,397.19000244140625,22.5
2021-07-20,2.982140296833121,-5.340000152587891,-0.5199088920203102,1.1639999896287918,0.038161460097549144,1.3128548568978948,402.88189697265625,19.729999542236328
2021-07-21,2.885359207552917,-7.220001220703125,-0.5139711222976397,1.2349999696016312,0.03201072343083091,-0.1854632360730736,406.143798828125,17.90999984741211
2021-07-22,2.8729995383614964,-7.790000915527344,-0.5175322169022348,1.2219999842345715,0.02877091733905799,-0.8810113944917619,406.9942932128906,17.690000534057617
2021-07-23,2.844909428176351,-8.779999732971191,-0.5151563965076675,1.241000011563301,0.0402124383444862,-0.18743271648327692,411.1814880371094,17.200000762939453
2021-07-26,2.866761887917216,-7.729999542236328,-0.5144226739792771,1.2360000237822533,0.036765746258443796,-1.0433539868562862,412.1908264160156,17.579999923706055
2021-07-27,2.963209113374854,-5.840000152587891,-0.5200627611864751,1.188999965786934,0.02865208309019656,-0.03561762825693998,410.3122863769531,19.360000610351562
2021-07-28,2.907447329518881,-7.530000686645508,-0.5210268645032049,1.216000035405159,0.0262279733327928,-0.6818165652587796,410.1440124511719,18.309999465942383
2021-07-29,2.8735646826837065,-8.229999542236328,-0.5159984826666598,1.2290000542998314,0.029828934940279144,-0.8741709015999042,411.8450622558594,17.700000762939453
2021-07-30,2.903616972097839,-7.820000648498535,-0.5181737843337522,1.1989999637007713,0.024119358074571384,0.06344707698126546,409.8449401855469,18.239999771118164
2021-08-02,2.968361029711232,-6.840000152587891,-0.5235453507521318,1.1360000260174274,0.01649783735648274,-0.3694286991165896,408.9851379394531,19.459999084472656
2021-08-03,2.892591565384329,-8.5,-0.5234281560474863,1.1309999972581863,0.016985710246283748,-0.37748570462611486,412.3123779296875,18.040000915527344
2021-08-04,2.8887036625848097,-8.550000190734863,-0.5254806326727045,1.1390000134706497,0.013877713641376086,-0.8609061444800711,410.2841796875,17.969999313354492
2021-08-05,2.8495498031123385,-8.270000457763672,-0.5190752833280052,1.1740000061690807,0.016662894705367356,-1.1636401370772853,412.8824462890625,17.280000686645508
2021-08-06,2.781920026048249,-9.910000801086426,-0.5120096938945019,1.2469999603927135,0.02649521291483024,-0.8008177941187017,413.5647277832031,16.149999618530273
2021-08-09,2.8166055665892396,-8.520000457763672,-0.5099849852065463,1.272000029683113,0.01506318417577912,-1.014144710380658,413.2282409667969,16.719999313354492
2021-08-10,2.8207835256175806,-7.979999542236328,-0.5100418914774348,1.2920000068843365,0.012730806314128353,-0.9051461867652214,413.7423095703125,16.790000915527344
2021-08-11,2.783157678307256,-9.130000114440918,-0.5100017479835405,1.2839999943971634,0.018627377598841918,-0.8801899940485798,414.7704162597656,16.170000076293945
2021-08-12,2.7466296928572342,-8.710000038146973,-0.5096989687414999,1.3239999823272228,0.020129228591031754,-1.1066383360316485,416.0135803222656,15.59000015258789
2021-08-13,2.737608990998456,-9.050000190734863,-0.5142094969126166,1.2520000487565994,0.025368542184415685,-1.0450895631618364,416.7705993652344,15.449999809265137
2021-08-16,2.780060789140106,-7.569999694824219,-0.5144580338248723,1.198999971151352,0.035594980435130104,0.6462253504669837,417.7519226074219,16.1200008392334
2021-08-17,2.885359207552917,-5.409999847412109,-0.5149693300994652,1.1950000151991844,0.04389611392654893,1.5268623663437326,415.013427734375,17.90999984741211
2021-08-18,3.0713034462529065,-0.6799983978271484,-0.5165964329268281,1.2180000022053719,0.018662213428686503,1.413140846840011,410.4711608886719,21.56999969482422
2021-08-19,3.075928819068985,-2.960000991821289,-0.5190065191230525,1.1989999823272228,0.012145410422213844,1.5513483623963995,411.1066589355469,21.670000076293945
2021-08-20,2.921008698583398,-7.309999465942383,-0.5172644258427965,1.216999989002943,0.017979193649808652,0.5365672655615997,414.3778991699219,18.559999465942383
2021-08-23,2.841998151368816,-7.180000305175781,-0.5149151765644678,1.214999996125698,0.01650171269687603,-0.3034557783712857,418.0229797363281,17.149999618530273
2021-08-24,2.8460714591247,-7.279999732971191,-0.511252149744372,1.2419999614357948,0.015636145685285704,-1.0768701465652206,418.6865539550781,17.219999313354492
2021-08-25,2.8207835256175806,-7.80000114440918,-0.5076309929133979,1.2970000058412552,0.02230021317084076,-0.9860841890015605,419.56512451171875,16.790000915527344
2021-08-26,2.935982277247362,-4.75,-0.507903667095124,1.2990000061690807,0.016789718092272924,-0.14562833582747728,417.0883483886719,18.84000015258789
2021-08-27,2.796671355516472,-8.290000915527344,-0.5107264606049147,1.2690000347793102,0.02155197096013064,0.7799741020135196,420.8174743652344,16.389999389648438
2021-08-30,2.7843938006764253,-8.399999618530273,-0.5111741558797822,1.2469999678432941,0.030808322276758476,-0.6119426141577495,422.6680908203125,16.190000534057617
2021-08-31,2.8021474967044036,-7.670000076293945,-0.508658775041685,1.2640000209212303,0.031425637265785816,-0.09149653062975613,422.0418395996094,16.479999542236328
2021-09-01,2.779440235075385,-8.329999923706055,-0.5090921905880191,1.2620000466704369,0.023854599105265335,-0.5949228294363534,422.26617431640625,16.110000610351562
2021-09-02,2.79789089580353,-7.399999618530273,-0.5096147032077202,1.2540000304579735,0.031857742712101414,-0.8798366742132043,423.5653381347656,16.40999984741211
2021-09-03,2.79789089580353,-8.65999984741211,-0.5058773721990388,1.2820000275969505,0.02530202917982313,-0.6510971670648183,423.4624938964844,16.40999984741211
2021-09-07,2.8981194110402666,-6.200000762939453,-0.5037424819544101,1.33500000461936,0.020069125377755404,-0.43969592378746297,421.9484558105469,18.139999389648438
2021-09-08,2.888147011898142,-6.840000152587891,-0.5057984402034127,1.2939999923110008,0.019663946044998597,-0.22960677334185406,421.4343566894531,17.959999084472656
2021-09-09,2.933856829254017,-5.510000228881836,-0.5113972349846728,1.2610000260174274,0.014131279212239662,-0.14908393952639232,419.6305236816406,18.799999237060547
2021-09-10,3.042138682785304,-0.7299995422363281,-0.5099969000956676,1.3029999621212482,0.0037336043838143147,1.3446197157339264,416.3218994140625,20.950000762939453
2021-09-13,2.963725520745357,-2.269998550415039,-0.5099318614026894,1.2860000021755695,0.003296952067202402,1.0155306428674733,417.3874206542969,19.3700008392334
2021-09-14,2.968361029711232,-3.1199989318847656,-0.5134050126485014,1.241999950259924,-0.003932377476945518,0.7297471890283409,415.1349182128906,19.459999084472656
2021-09-15,2.9003221055356794,-5.559999465942383,-0.5107526748335987,1.269000019878149,0.002033668421404963,0.7599820685227405,418.60235595703125,18.18000030517578
2021-09-16,2.9279886500419825,-5.170000076293945,-0.5096933886753892,1.3009999711066484,0.00702416395312558,0.7297111856432328,417.9388122558594,18.690000534057617
2021-09-17,3.035433614742034,-3.559999465942383,-0.5087286195427674,1.3420000039041042,0.008240552476645542,2.6856460023869775,413.8676452636719,20.809999465942383
2021-09-20,3.2468799856680213,1.3000011444091797,-0.5153556868524237,1.28400001488626,-0.010121239641945888,4.171794194215857,406.96673583984375,25.709999084472656
2021-09-21,3.1929424678971787,-0.3400001525878906,-0.5135731096083168,1.3040000014007092,-0.01899189929377472,1.125087686765691,406.58233642578125,24.360000610351562
2021-09-22,3.0383127613015377,-3.5900001525878906,-0.5145478734588842,1.3109999652951956,-0.018042428715095586,1.4657705962367764,410.5484619140625,20.8700008392334
2021-09-23,2.924773139566078,-4.290000915527344,-0.5071656689260576,1.38499996624887,-0.00755181089555679,0.415657123665914,415.53662109375,18.6299991607666
2021-09-24,2.8763855159214247,-5.579999923706055,-0.5064954679486727,1.4350000377744436,-0.008002221250469765,-0.15788915760438355,416.2210693359375,17.75
2021-09-27,2.9317269557786028,-4.440000534057617,-0.5068868607394537,1.4589999672025442,-0.004946379792565195,-0.19236510315375555,415.0303649902344,18.760000228881836
2021-09-28,3.1463051320333655,0.529998779296875,-0.5007161116724341,1.5040000397711992,-0.03420528800664125,2.417518005168317,406.66668701171875,23.25
2021-09-29,3.1161784029570914,-1.9299983978271484,-0.4986630613442765,1.511000009253621,-0.03691151226003852,0.5523736395120834,407.3511962890625,22.559999465942383
2021-09-30,3.1415626953890583,-0.8400001525878906,-0.4971774786195381,1.5010000430047512,-0.047726488045959366,2.5871237715485766,402.37237548828125,23.139999389648438
2021-10-01,3.0492730585611545,-3.1800003051757812,-0.5020252411880705,1.4509999714791775,-0.03644363862533459,2.0634505783828545,407.154296875,21.100000381469727
2021-10-04,3.1337535315764806,-1.0699996948242188,-0.5039316862583806,1.452999945729971,-0.05249553714847542,1.943519596352953,401.9035949707031,22.959999084472656
2021-10-05,3.058707036896625,-2.7900009155273438,-0.5002636251841511,1.494000043720007,-0.04190149473072482,0.6385914982037342,406.08538818359375,21.299999237060547
2021-10-06,3.044522437723423,-3.299999237060547,-0.5011384980541786,1.4840000495314598,-0.0341723420991074,1.3752037348868635,407.7730712890625,21.0
2021-10-07,2.972463693468645,-3.990001678466797,-0.49657836943888456,1.530999980866909,-0.024344521273965428,0.013422764077303142,411.2986145019531,19.540000915527344
2021-10-08,2.9322598749864657,-5.1399993896484375,-0.49495320229450496,1.565000019967556,-0.0218806408452033,0.07334310547783307,410.5484619140625,18.770000457763672
2021-10-11,2.995732273553991,-2.6399993896484375,-0.49617218734144214,1.5739999637007713,-0.021230767892599135,-0.24835820187194374,407.57623291015625,20.0
2021-10-12,2.9882040263508176,-2.9200000762939453,-0.5006879098886214,1.540000043809414,-0.0262514420046621,-0.05103755145319044,406.5729675292969,19.850000381469727
2021-10-13,2.925309776513262,-4.090000152587891,-0.5030847671473777,1.5040000230073929,-0.017249186470836887,4.21249572803026e-05,408.03558349609375,18.639999389648438
2021-10-14,2.824943988774869,-5.570000648498535,-0.5021836281073159,1.4790000542998314,-0.008886058620111093,-0.08981435773514503,414.89910888671875,16.860000610351562
2021-10-15,2.7911650610066143,-7.059999465942383,-0.5003058799068419,1.537999976426363,0.0002869974794073396,-0.19115311146210376,418.05877685546875,16.299999237060547
2021-10-18,2.7917783838887393,-6.380001068115234,-0.4999382193762287,1.5409999899566174,0.01303202979465424,-0.3174852087969378,419.2964782714844,16.309999465942383
2021-10-19,2.753660700205545,-6.6399993896484375,-0.49375150079944513,1.5849999897181988,0.03753231770775378,-0.8528149729605633,422.5314025878906,15.699999809265137
2021-10-20,2.740194639652674,-7.180001258850098,-0.4909869641429504,1.5860000364482403,0.0423969581758448,-0.7617782606387775,424.1908264160156,15.489999771118164
2021-10-21,2.7087166608939937,-7.669999122619629,-0.491388701451855,1.6259999983012676,0.035294481316430516,-1.0377083694874742,425.29730224609375,15.010000228881836
2021-10-22,2.73631368615315,-8.030000686645508,-0.4978180768581837,1.6049999706447124,0.02218101929055241,-0.4228267314371704,424.85662841796875,15.430000305175781
2021-10-25,2.723923535240007,-6.469999313354492,-0.49654542665261187,1.5849999897181988,0.02588375248642388,-0.8937756629765001,427.13507080078125,15.239999771118164
2021-10-26,2.771337911692091,-5.780000686645508,-0.5006122458691362,1.568999957293272,0.02964807411384016,-0.508992167880138,427.5194396972656,15.979999542236328
2021-10-27,2.83203615392421,-5.729999542236328,-0.5074916051440065,1.4790000431239605,0.04556599672563542,0.06157164698469576,425.6255187988281,16.979999542236328
2021-10-28,2.805176953372285,-6.169999122619629,-0.5034681289580086,1.5199999585747719,0.05348675271175363,-0.6800148124220838,429.7322998046875,16.530000686645508
2021-10-29,2.788708118196038,-6.700000762939453,-0.5055860259757541,1.509000040590763,0.0678114832486323,-0.01661222371113287,430.604248046875,16.260000228881836
2021-11-01,2.79789089580353,-5.369998931884766,-0.5048717718821023,1.5350000485777855,0.05771601537001479,-0.7869132307870691,431.3450012207031,16.40999984741211
2021-11-02,2.774462009456489,-5.3600006103515625,-0.506276760303896,1.5040000230073929,0.07473097844955151,-0.7719776709920583,433.0889892578125,16.030000686645508
2021-11-03,2.714694769083774,-6.399999618530273,-0.5017687295109051,1.5339999943971634,0.07046650130322807,-0.6555080085075677,435.7331237792969,15.100000381469727
2021-11-04,2.7369615174193824,-6.660000801086426,-0.5043707750271836,1.4890000484883785,0.071020454827801,-0.6484246117938004,437.7864685058594,15.4399995803833
2021-11-05,2.8021474967044036,-7.340000152587891,-0.5078862889976365,1.412999950349331,0.06587552082546812,-0.17573679562208763,439.30548095703125,16.479999542236328
2021-11-08,2.8460714591247,-6.549999237060547,-0.5068429996963911,1.4619999788701534,0.06855423632017751,-0.7647904172446125,439.6804504394531,17.219999313354492
2021-11-09,2.87807426870474,-6.220000267028809,-0.5087142071990622,1.3920000419020653,0.0725093759480504,-0.7444478642644397,438.2271423339844,17.780000686645508
2021-11-10,2.930126492015865,-6.050000190734863,-0.5040488534656669,1.5149999409914017,0.06689661247953944,-0.09265392826900452,434.7016906738281,18.729999542236328
2021-11-11,2.871302186535503,-7.079998970031738,-0.5029251957972157,1.5199999436736107,0.06362915779685581,-1.3686963864122401,434.84234619140625,17.65999984741211
2021-11-12,2.7905514788157535,-8.700000762939453,-0.5015269425440094,1.539000015705824,0.05446664926967979,-0.6657418071076558,438.1240234375,16.290000915527344
2021-11-15,2.8027541226914687,-8.670001029968262,-0.49505445742697873,1.5850000269711018,0.04722235762047122,-0.8768825082583398,438.2740478515625,16.489999771118164
2021-11-16,2.7954504426495905,-8.960000038146973,-0.49292514867100745,1.593999944627285,0.04821609999595177,-0.7831863118353719,440.0086364746094,16.3700008392334
2021-11-17,2.8396631235763143,-10.069999694824219,-0.4979779237295535,1.5589999705553055,0.038098409144579445,-0.7940988736367459,438.93975830078125,17.110000610351562
2021-11-18,2.8673305674241623,-9.469999313354492,-0.5010507653271118,1.5439999848604202,0.03756954460126903,-0.6773236356362133,440.4306335449219,17.59000015258789
2021-11-19,2.885359207552917,-9.470000267028809,-0.5056232615683917,1.491000011563301,0.03317451768404819,-0.43382524578265913,439.6429748535156,17.90999984741211
2021-11-22,2.9533465610374146,-6.569999694824219,-0.5006880525281343,1.5850000008940697,0.031392206107203044,0.1139172863803428,438.4053649902344,19.170000076293945
2021-11-23,2.9642415631585224,-6.100000381469727,-0.4949295105807982,1.622000053524971,0.027368676280839523,0.112236057492665,438.98663330078125,19.3799991607666
2021-11-24,2.922085729279452,-7.079999923706055,-0.49996073985115597,1.5949999801814556,0.029135494524090637,-0.3148417131088037,440.1586608886719,18.579999923706055
2021-11-26,3.3541058034516236,1.4300003051757812,-0.5152854369660483,1.438999991863966,0.011019589921459702,1.5364169117223727,430.3416748046875,28.6200008392334
2021-11-29,3.1337535315764806,-3.6100006103515625,-0.5097819352734162,1.4919999726116657,0.013609097252681616,0.5465201768249474,435.62054443359375,22.959999084472656
2021-11-30,3.3028492782860717,0.25,-0.516158090992,1.3949999585747719,-0.0080672279952547,2.6304884543291918,427.1444396972656,27.190000534057617
2021-12-01,3.4378507262778446,3.1399993896484375,-0.5161609054427732,1.384000014513731,-0.020955374331846237,1.954563165027724,422.4000549316406,31.1200008392334
2021-12-02,3.3304172268976893,-1.1099987030029297,-0.5111393759463503,1.404999952763319,-0.00979024738395268,1.7356323566992438,428.86962890625,27.950000762939453
2021-12-03,3.4232849806137358,-0.07999992370605469,-0.5194413078116726,1.3000000528991222,-0.024616418396171524,1.9608058993585926,425.13787841796875,30.670000076293945
2021-12-06,3.302481419950951,-1.5899982452392578,-0.5099545920143519,1.3910000137984753,-0.017543955554842398,0.6919638823232865,430.1729431152344,27.18000030517578
2021-12-07,3.086029883652105,-4.129999160766602,-0.5050925657051948,1.4220000207424164,-0.0005338634618329377,0.5588757852936692,439.0710144042969,21.889999389648438
2021-12-08,2.9907197125611136,-6.129999160766602,-0.4986411056642037,1.4489999450743198,0.0012574470947741946,-0.20643150666483803,440.2336730957031,19.899999618530273
2021-12-09,3.071766956294588,-4.170000076293945,-0.5023143428900783,1.433999989181757,-0.0022059397375655617,-0.5492217686844162,437.2615051269531,21.579999923706055
2021-12-10,2.9279886500419825,-7.4800004959106445,-0.5011327619886929,1.4389999620616436,0.015240634889036745,-0.027282719040952443,441.3775634765625,18.690000534057617
2021-12-13,3.0111133492969895,-5.779998779296875,-0.505640864274595,1.3810000233352184,0.006019290242200922,0.31244842071065543,437.4676818847656,20.309999465942383
2021-12-14,3.086029883652105,-4.329999923706055,-0.5028658100116902,1.3899999633431435,-0.00840308485753077,0.6121864699082751,434.4578552246094,21.889999389648438
2021-12-15,2.959586874378878,-6.519998550415039,-0.5003363973970981,1.4180000573396683,0.006758914068344638,1.2155707214926714,441.246337890625,19.290000915527344
2021-12-16,3.0238336888289017,-5.6100006103515625,-0.5010465007927927,1.3870000503957272,-0.006048619216470185,1.2073289022341966,437.355224609375,20.56999969482422
2021-12-17,3.0713034462529065,-6.029998779296875,-0.5043059942943121,1.3719999510794878,-0.014316586522528527,1.904741057683435,432.7004089355469,21.56999969482422
2021-12-20,3.129826044730509,-4.100000381469727,-0.5016741029810692,1.381000030785799,-0.02839770177471163,0.9430132643702576,428.0993347167969,22.8700008392334
2021-12-21,3.0449985257508563,-6.170000076293945,-0.49831469605665835,1.421999990940094,-0.009004602927911269,-0.28216638097653085,435.7019348144531,21.010000228881836
2021-12-22,2.924773139566078,-8.799999237060547,-0.49724545944687903,1.3920000195503235,0.0037636350451644832,-0.6353415381787983,440.0584716796875,18.6299991607666
2021-12-23,2.888147011898142,-9.529999732971191,-0.4928674198189414,1.4350000321865082,0.008641558617172182,-0.7125775027046118,442.7966003417969,17.959999084472656
2021-12-27,2.8724340744705708,-8.260000228881836,-0.49476975015341484,1.4379999451339245,0.020028112639395357,-0.6968543000620493,449.0630798339844,17.68000030517578
2021-12-28,2.8644840391405775,-7.930000305175781,-0.49395025372361423,1.4309999458491802,0.041766348709134295,-0.9865193062140579,448.69610595703125,17.540000915527344
2021-12-29,2.8302678788376356,-8.979999542236328,-0.4900499342936937,1.497999981045723,0.030852533311754107,-0.7246641591235786,449.27001953125,16.950000762939453
2021-12-30,2.8524390993250943,-8.019999504089355,-0.4945102827000568,1.4899999853223562,0.04773354194771664,-0.675507049365439,448.02801513671875,17.329999923706055
2021-12-31,2.8460714591247,-8.619998931884766,-0.4932324208170011,1.4789999648928642,0.05637945321143049,-0.3034978753638832,446.89886474609375,17.219999313354492
2022-01-03,2.8094027183426014,-8.010000228881836,-0.4829952078917162,1.5750000216066837,0.04695279976199521,-0.004839331002371455,449.4864807128906,16.600000381469727
2022-01-04,2.827905153886959,-7.7400007247924805,-0.4863670018970549,1.5879999846220016,0.05535719437475085,-0.048819958321313014,449.3359069824219,16.90999984741211
2022-01-05,2.982140296833121,-5.399999618530273,-0.48823443727151866,1.6200000420212746,0.02419439026720914,1.20756968935132,440.7076416015625,19.729999542236328
2022-01-06,2.9760396713327606,-6.440000534057617,-0.486814323600096,1.6430000364780426,0.0027808428831614085,0.5343736784814773,440.293701171875,19.610000610351562
2022-01-07,2.9317269557786028,-7.470001220703125,-0.48506546752334556,1.6830000281333923,-0.0038250390494031536,0.46190878566877785,438.552978515625,18.760000228881836
2022-01-10,2.9652730464058945,-4.770000457763672,-0.4833252956142962,1.6899999678134918,0.0017041365023022805,1.6711736003108406,438.0072937011719,19.399999618530273
2022-01-11,2.912893986956671,-5.3899993896484375,-0.4816863954508086,1.6280000507831573,0.0014017631011114067,0.023516139316580708,441.9967041015625,18.40999984741211
2022-01-12,2.8690346681376235,-6.899999618530273,-0.4793743445174063,1.6100000217556953,0.01299953165145426,-0.21794620129479714,443.1916809082031,17.6200008392334
2022-01-13,3.0111133492969895,-4.619998931884766,-0.4861162329761146,1.600999966263771,0.00602913959459523,0.628520341610878,437.0851745605469,20.309999465942383
2022-01-14,2.954389337849604,-5.510000228881836,-0.4781805196537285,1.6539999544620514,-0.00906643899278235,0.7797155312977352,437.2638854980469,19.190000534057617
2022-01-18,3.12632188342992,-0.9500007629394531,-0.4735023672846438,1.7350000143051147,-0.018077029015962844,1.2392942825869158,429.5201721191406,22.790000915527344
2022-01-19,3.171784233328888,-1.8500003814697266,-0.4759990378209373,1.6620000153779984,-0.01781476005081819,1.1873123165096344,425.0602111816406,23.850000381469727
2022-01-20,3.2422016561344913,-0.5200004577636719,-0.4773234507278368,1.6649999469518661,-0.018254043428369077,1.5892673278521312,420.3556823730469,25.59000015258789
2022-01-21,3.3621100061766294,0.9099998474121094,-0.4837440798184673,1.5889999717473984,-0.0556832120834452,3.8152355331814545,412.103759765625,28.850000381469727
2022-01-24,3.397858467638456,5.0,-0.48169052944549834,1.5800000131130219,-0.061394712903076534,4.3750614009365885,413.8538513183594,29.899999618530273
2022-01-25,3.439135216105632,5.420000076293945,-0.481817891868585,1.5979999899864197,-0.07988182668351466,2.091820368670438,408.80108642578125,31.15999984741211
2022-01-26,3.4644850922520365,5.450000762939453,-0.47841941845940383,1.670000046491623,-0.09644670816200855,2.3925113868824837,407.77545166015625,31.959999084472656
2022-01-27,3.4173987534933796,2.1599979400634766,-0.4850674544405865,1.6220000386238098,-0.10057906987097286,1.4600892667283174,405.7619934082031,30.489999771118164
2022-01-28,3.319987320720058,-0.6900005340576172,-0.48332658501025033,1.608999952673912,-0.07732535939800028,1.7294267423866747,415.8392333984375,27.65999984741211
2022-01-31,3.2120525964474234,-1.5200004577636719,-0.48355976680077445,1.608999952673912,-0.05670637444818162,1.3955575475352164,423.3288879394531,24.829999923706055
2022-02-01,3.0892225749506483,-3.6599998474121094,-0.48125970823687,1.5969999581575394,-0.047448700624577865,0.705614775107117,426.1893005371094,21.959999084472656
2022-02-02,3.095125024339581,-3.539999008178711,-0.4798047914936322,1.581000030040741,-0.04355501233762996,0.5507873202308396,430.3293151855469,22.09000015258789
2022-02-03,3.1925318651947063,-2.559999465942383,-0.4807049160552171,1.6340000182390213,-0.06700541612776684,0.5447893479442706,420.2145080566406,24.350000381469727
2022-02-04,3.1450139466984486,-4.3899993896484375,-0.4746426920447811,1.7069999426603317,-0.042925099385533454,0.5334722669017702,422.19049072265625,23.219999313354492
2022-02-07,3.129388685066208,-4.079999923706055,-0.47719070971224836,1.713000014424324,-0.045200106579543896,-0.2669872344604913,420.83544921875,22.860000610351562
2022-02-08,3.065258361112005,-4.470001220703125,-0.4745198701090896,1.6789999902248383,-0.033044358002347,-0.36236915505859035,424.298095703125,21.440000534057617
2022-02-09,2.9937302250152134,-4.819999694824219,-0.47262050627982516,1.6590000092983246,-0.0172692406691541,-0.10559292829289134,430.5081787109375,19.959999084472656
2022-02-10,3.174296775088473,-2.3600006103515625,-0.4722086845547924,1.6609998941421509,-0.04446506006182703,0.9950881394612449,422.7738342285156,23.90999984741211
2022-02-11,3.3090821150625205,-1.989999771118164,-0.48310720558335646,1.6170000433921814,-0.06708070106695604,1.2683568233297076,414.4372863769531,27.360000610351562
2022-02-14,3.343921311149381,-1.8199996948242188,-0.47587192709588483,1.6360000371932983,-0.05648114866792984,0.5258785516416116,413.08233642578125,28.329999923706055
2022-02-15,3.2464910215875338,-2.7900009155273438,-0.46915246284415385,1.6450000703334808,-0.040891751279551435,-0.32397198984527187,419.7440490722656,25.700000762939453
2022-02-16,3.1900647807056135,-4.940000534057617,-0.4650647612249157,1.673999935388565,-0.021903392472965952,-0.43129526592706385,420.2145080566406,24.290000915527344
2022-02-17,3.3361254066314094,-1.6299991607666016,-0.47001381262933417,1.6270000040531158,-0.03305847127945792,-0.02405287869176397,411.23809814453125,28.110000610351562
2022-02-18,3.3232358401924436,-3.1899986267089844,-0.4709937526615973,1.6140000522136688,-0.02842501759396488,0.711063586479463,408.5752868652344,27.75
2022-02-22,3.3607225305592063,-0.48999977111816406,-0.47199366883137894,1.617999941110611,-0.019388581197471545,0.48024562802800197,404.19061279296875,28.809999465942383
2022-02-23,3.434632172505442,-0.1700000762939453,-0.46470082727831385,1.6369999945163727,-0.04152403665215368,0.6664815573766116,397.0208740234375,31.020000457763672
2022-02-24,3.4118075507090064,-0.009998321533203125,-0.4623060449972999,1.6859999895095825,-0.014302963413269006,2.5584821618325475,402.9956359863281,30.31999969482422
2022-02-25,3.3174533937597452,-1.8900012969970703,-0.4607269472788622,1.6879999339580536,0.010033253666054905,0.2969077296161798,411.8873596191406,27.59000015258789
2022-02-28,3.406184910520799,1.8500003814697266,-0.4706422914838652,1.5509999990463257,0.012421100282564946,0.8638476991046201,410.83343505859375,30.149999618530273
2022-03-01,3.506157808139705,2.2099990844726562,-0.4768560137311584,1.3940000236034393,-0.02745809398567614,0.6522234475473541,404.576416015625,33.31999969482422
2022-03-02,3.425564730664717,-0.17999839782714844,-0.4591327184432383,1.5400000214576721,-0.027079746651286013,0.17576004282050967,412.0190734863281,30.739999771118164
2022-03-03,3.417070715799952,-0.779998779296875,-0.4657871540710062,1.5089999735355377,-0.038804836471360876,-0.11453061110979294,409.9678649902344,30.479999542236328
2022-03-04,3.4651106930917472,-1.2299995422363281,-0.47327941755940345,1.418999969959259,-0.05662981042675573,0.0996621727349095,406.63702392578125,31.979999542236328
2022-03-07,3.5959414793857905,2.829998016357422,-0.4698340449392506,1.4460000395774841,-0.0627666523027718,0.6891095965045458,394.6497497558594,36.45000076293945
2022-03-08,3.5590554966823817,1.6599998474121094,-0.4673903630544306,1.5119999647140503,-0.07506864174767103,1.308025887935021,391.6575927734375,35.130001068115234
2022-03-09,3.47970046666133,0.37999725341796875,-0.4608123164312311,1.5779999494552612,-0.04539627311643139,0.13778598624555438,402.1582336425781,32.45000076293945
2022-03-10,3.4088347936486714,-1.510000228881836,-0.4577464695116048,1.650999903678894,-0.05811644625118605,-0.4335548222294998,400.3422546386719,30.229999542236328
2022-03-11,3.4258899942525267,-1.710000991821289,-0.4645936404526811,1.6389999389648438,-0.08544313591568017,-0.4107708281518043,395.2518615722656,30.75
2022-03-14,3.4585224626901017,0.9099998474121094,-0.46194330101526143,1.7620001137256622,-0.07464929446647364,-0.4177646943971838,392.3632507324219,31.770000457763672
2022-03-15,3.3955145959690323,-1.25,-0.46228962177339744,1.7120000720024109,-0.0329815456285462,-0.16449523396559212,400.991455078125,29.829999923706055
2022-03-16,3.2835393410545883,-2.4499988555908203,-0.4568700434581777,1.754999965429306,-0.007774745772101428,0.7804414310811583,409.8831787109375,26.670000076293945
2022-03-17,3.2453229978551543,-3.279998779296875,-0.4597925770823248,1.8319998979568481,-0.011339537307687496,-0.26502019655741726,415.01123046875,25.670000076293945
2022-03-18,3.1726224755092383,-4.35999870300293,-0.45848836183002245,1.7650000154972076,-0.001566632729040908,-0.1697863760901887,419.55670166015625,23.8700008392334
2022-03-21,3.158276231920975,-3.6499996185302734,-0.4560951149128737,1.8600000441074371,0.01973401797186905,-0.598077511595776,419.43408203125,23.530000686645508
2022-03-22,3.1328821349818528,-3.280000686645508,-0.44854289186668966,1.8529999256134033,0.03786356052468606,-0.91921831224486,424.3420104980469,22.940000534057617
2022-03-23,3.159974704000404,-3.200000762939453,-0.45455167067061225,1.841000109910965,0.03569099257634074,-0.80803615150118,418.8771057128906,23.56999969482422
2022-03-24,3.075928819068985,-4.879999160766602,-0.4528901023600009,1.8580000698566437,0.06855079179854114,-1.177393841237981,425.1914978027344,21.670000076293945
2022-03-25,3.035433614742034,-6.269998550415039,-0.45218542452406346,1.9720001220703125,0.058485516234816896,-0.8868988031066871,427.2679138183594,20.809999465942383
2022-03-28,2.9770589655357758,-6.3600006103515625,-0.4514519159135038,1.968999981880188,0.04374929401394261,-1.1130061949665246,430.30712890625,19.6299991607666
2022-03-29,2.939161901882013,-5.649999618530273,-0.44757129178628907,1.8450000882148743,0.05860610610224248,-0.6864638696392393,435.63031005859375,18.899999618530273
2022-03-30,2.9616582892733203,-6.1399993896484375,-0.4529066000218662,1.8330000638961792,0.06775936837588467,-0.8854747212400879,432.94036865234375,19.329999923706055
2022-03-31,3.0233474146113988,-6.059999465942383,-0.45423327173595557,1.833999902009964,0.0340194590886117,0.18427807793961576,426.2768859863281,20.559999465942383
2022-04-01,2.9770589655357758,-8.209999084472656,-0.45765623403283706,1.877000093460083,0.041840458609994115,-0.6987843269546715,427.4850158691406,19.6299991607666
2022-04-04,2.921547358930808,-7.270000457763672,-0.45358150559879085,1.8739999532699585,0.05852836453049519,-1.4713996725696692,431.1470947265625,18.56999969482422
2022-04-05,3.045950022365369,-6.279998779296875,-0.44893979253790484,1.8880000114440918,0.07573882021071757,-1.0855852729356574,425.70111083984375,21.030000686645508
2022-04-06,3.0955776257847805,-6.159999847412109,-0.45094301716973834,1.9459999799728394,0.07329988145718105,-0.2160547729762056,421.44439697265625,22.100000381469727
2022-04-07,3.070375781146533,-6.180000305175781,-0.44790678837546327,1.9919999241828918,0.051868424570870104,-0.9765262852006003,423.5679931640625,21.549999237060547
2022-04-08,3.0521125997789507,-7.870000839233398,-0.4460912438339153,2.0450000762939453,0.05371670431859306,-0.9408103308448512,422.4353942871094,21.15999984741211
2022-04-11,3.1933529020742664,-4.149999618530273,-0.44319444279890324,2.099999964237213,0.04927341060470465,-0.6480119265517049,415.2150573730469,24.3700008392334
2022-04-12,3.1888289129504397,-4.680000305175781,-0.43625816814662705,1.9869999289512634,0.05289645103291579,-0.7982075581027929,413.6766052246094,24.260000228881836
2022-04-13,3.082826966418867,-6.39000129699707,-0.4354511902713315,1.9470000267028809,0.042532863045279715,-1.077329003757267,418.4146728515625,21.81999969482422
2022-04-14,3.122364958097024,-6.690000534057617,-0.4304405974809104,2.0800000429153442,0.008070877670481367,-0.4477339652136939,413.2046813964844,22.700000762939453
2022-04-18,3.098740027069535,-4.870000839233398,-0.42440554590282914,2.10699999332428,-0.003951369663838508,-1.2696664580267272,413.3746032714844,22.170000076293945
2022-04-19,3.061988108602623,-4.35999870300293,-0.41730017954193865,2.080000102519989,0.0011691562635013889,-0.9382626009511681,420.0475158691406,21.3700008392334
2022-04-20,3.011605607691788,-4.850000381469727,-0.4245165950277448,2.044999897480011,0.0007194725264866079,-1.2338532740079349,419.7359619140625,20.31999969482422
2022-04-21,3.1214834923152734,-3.9000015258789062,-0.42070339227345277,2.1170000433921814,-0.02598040708022573,-0.6946943964917617,413.45941162109375,22.68000030517578
2022-04-22,3.3396764925599043,-0.8000011444091797,-0.4255958177201691,2.125999927520752,-0.040840618427948165,0.5690697285082229,402.1145324707031,28.209999084472656
2022-04-25,3.296577349473713,-0.11999893188476562,-0.42822569801419286,2.027999997138977,-0.050021838183355836,0.32045959092062926,404.4458312988281,27.020000457763672
2022-04-26,3.5121422892703165,4.600002288818359,-0.43360011415066385,1.9390000700950623,-0.08428195263773137,-0.1320500870997832,392.73272705078125,33.52000045776367
2022-04-27,3.453157132664693,2.6199989318847656,-0.42887690591540684,2.0100000500679016,-0.08856199714047507,0.4928991139190112,393.8370361328125,31.600000381469727
2022-04-28,3.400863985128979,1.1000003814697266,-0.42631806925436727,2.0779998898506165,-0.075911101487302,-0.03402754692077332,403.7851257324219,29.989999771118164
2022-04-29,3.5085559456676507,2.9300003051757812,-0.4275924155290098,2.0790000557899475,-0.10737296681123006,1.3491129267024786,388.86297607421875,33.400001525878906
2022-05-02,3.476304858867201,2.390003204345703,-0.4215825651707198,2.231000065803528,-0.08586061567652649,1.7755823042202417,391.2037353515625,32.34000015258789
2022-05-03,3.3758795736778655,0.8000011444091797,-0.42278155081643687,2.065000057220459,-0.08411739061197031,-0.2002892510545872,392.9969482421875,29.25
2022-05-04,3.2355362687626434,-1.9300003051757812,-0.4223991787955953,2.084000051021576,-0.0626487597296909,1.281011946904787,404.9649658203125,25.420000076293945
2022-05-05,3.440418119268624,0.5699996948242188,-0.4248589428360578,2.263000011444092,-0.08612681496545549,2.138071745455389,390.57135009765625,31.200000762939453
2022-05-06,3.407510761408632,-2.520000457763672,-0.4219767459046976,2.307999908924103,-0.0820640931636827,1.410776505340613,388.2400207519531,30.190000534057617
2022-05-09,3.548179572010801,1.6000022888183594,-0.43611506486910817,2.278999984264374,-0.11963133620006561,1.4765348746939344,375.80963134765625,34.75
2022-05-10,3.4962045361185368,0.7299995422363281,-0.43461760610891575,2.115000009536743,-0.11464578711250044,0.7228882878911373,376.6780090332031,32.9900016784668
2022-05-11,3.483084583311581,0.2899971008300781,-0.4452393211908505,2.037999987602234,-0.11341958912844571,1.00412880133261,370.69403076171875,32.560001373291016
2022-05-12,3.4585224626901017,0.23999786376953125,-0.4460755712847295,1.9119999408721924,-0.11075202956639102,0.47072020871603015,370.3070373535156,31.770000457763672
2022-05-13,3.362803022744237,-1.3200016021728516,-0.43963230140210974,1.9919999241828918,-0.0985139674636299,-0.16889707668344991,379.1602783203125,28.8700008392334
2022-05-16,3.313094475110986,-0.9899997711181641,-0.4424081250210394,1.8970000743865967,-0.09004991264763319,-0.961123293013751,377.6217956542969,27.469999313354492
2022-05-17,3.261935328944346,-1.4500007629394531,-0.43758061261966796,1.9299999475479126,-0.07009923603493882,-0.8159830666215775,385.3896789550781,26.100000381469727
2022-05-18,3.4326960191502294,-0.5,-0.44951705926835817,1.8829998970031738,-0.12725949416777751,0.27230058944779684,369.85400390625,30.959999084472656
2022-05-19,3.3792925592713705,-0.10000038146972656,-0.445514595621691,1.8550000190734863,-0.13266099564361536,-0.33867593680945657,367.5887756347656,29.350000381469727
2022-05-20,3.3820145726149287,-1.9499988555908203,-0.45107241209417,1.8089999556541443,-0.11715814965468259,0.7148779334597672,367.74920654296875,29.43000030517578
2022-05-23,3.3492020704706125,-1.3100013732910156,-0.4435918999562699,1.86599999666214,-0.07079863964713742,-1.0140155968056013,374.6297912597656,28.479999542236328
2022-05-24,3.3826939360038586,-1.260000228881836,-0.4506546827904526,1.7170000076293945,-0.08424262256056718,-0.5168859587546659,371.7699279785156,29.450000762939453
2022-05-25,3.3453322784024797,-2.3599987030029297,-0.44587318129318837,1.7040001153945923,-0.04605769210105091,-0.5029539609490964,375.0545959472656,28.3700008392334
2022-05-26,3.3141860046725258,-3.6100006103515625,-0.4323255354124716,1.7280000448226929,-0.029081308383648363,-0.8069001555341266,382.5486755371094,27.5
2022-05-27,3.24726887267247,-4.89000129699707,-0.4286500777996483,1.718000054359436,-0.029774329979504358,-0.6903296385233332,391.9399108886719,25.719999313354492
2022-05-31,3.265377678911282,-2.0799999237060547,-0.4298920309632627,1.814000129699707,0.0022545127614182433,-0.2715115558642006,389.74066162109375,26.190000534057617
2022-06-01,3.246101831910333,-2.5999984741210938,-0.42774779746059843,1.8279999494552612,-0.011868295735918598,-0.5904860488807971,386.5882568359375,25.690000534057617
2022-06-02,3.2076126048125677,-3.489999771118164,-0.4240154870516965,1.8000000715255737,0.002422879316134854,-0.8225246871775913,393.9502868652344,24.719999313354492
2022-06-03,3.2104403829784154,-4.280000686645508,-0.42831387714711766,1.8220000267028809,-0.04412345865460303,-1.0671664594099164,387.4849853515625,24.790000915527344
2022-06-06,3.221671899997255,-1.6499996185302734,-0.42875195444456765,1.8780001401901245,-0.004893640444427065,-1.523656881157851,388.6647033691406,25.06999969482422
2022-06-07,3.1788868357094424,-2.2900009155273438,-0.4317722134349605,1.7469998598098755,0.010639988185973287,-1.44011824353055,392.3929443359375,24.020000457763672
2022-06-08,3.176385735036591,-2.6300010681152344,-0.43460435911515266,1.7960000038146973,0.032249376172325636,-1.2148247597684776,388.1268005371094,23.959999084472656
2022-06-09,3.261552104997157,-0.4699993133544922,-0.436021176132611,1.8059998750686646,0.005871015721673316,-0.42033716567070517,378.89599609375,26.09000015258789
2022-06-10,3.3232358401924436,-0.9399986267089844,-0.4434696224982508,1.8679999113082886,-0.007539649802933454,1.21843314922642,367.9096374511719,27.75
2022-06-13,3.526948600423438,4.619998931884766,-0.45415180242064085,1.8679999113082886,-0.04520275005974682,2.3761717378098215,353.9408264160156,34.02000045776367
2022-06-14,3.487069178726604,3.670001983642578,-0.44240651908497974,1.7400000095367432,-0.07184720264205637,0.14520178281000046,352.874267578125,32.689998626708984
2022-06-15,3.388449837172988,1.7499980926513672,-0.4386783001253027,1.6999999284744263,-0.05362565476839027,0.8997160436045651,357.90496826171875,29.6200008392334
2022-06-16,3.494991284102976,3.0900001525878906,-0.4557693717924398,1.8239998817443848,-0.1076436940210124,1.1709649171640648,346.0596923828125,32.95000076293945
2022-06-17,3.438171957494525,-1.960000991821289,-0.4546706716905765,1.7290000915527344,-0.06434359060680668,0.3765242219261105,346.80572509765625,31.1299991607666
2022-06-21,3.407510761408632,-0.8700008392333984,-0.4452432620162328,1.8189998865127563,-0.0333380581742475,-0.7759103822693623,355.5361022949219,30.190000534057617
2022-06-22,3.365570230372698,-1.9400005340576172,-0.4527797707794726,1.6109999418258667,-0.035589064718009655,-0.33892718116894915,354.8915100097656,28.950000762939453
2022-06-23,3.3690184570349437,-1.8999996185302734,-0.45330966924568306,1.508000135421753,-0.044371334543209844,-0.7038896195058829,358.370361328125,29.049999237060547
2022-06-24,3.304319289874663,-2.9099998474121094,-0.44740286678585106,1.5269999504089355,-0.005409379674790469,-0.08686513050284488,369.7643127441406,27.229999542236328
2022-06-27,3.2939833256644473,-2.3700008392333984,-0.4443351247041058,1.5609999895095825,-0.01803271251959904,-1.1729237298380755,368.3519592285156,26.950000762939453
2022-06-28,3.344979723185491,-1.9699993133544922,-0.4551161259864568,1.468000054359436,-0.05846135358005859,-0.4860821829915482,360.8255310058594,28.360000610351562
2022-06-29,3.3379025258712374,-2.440000534057617,-0.46255219841386064,1.3879998922348022,-0.08352888561055624,-1.1806260634224865,360.5316162109375,28.15999984741211
2022-06-30,3.3572454622441756,-2.8499984741210938,-0.46609875230822573,1.3719998598098755,-0.08605940416983586,0.396864633388613,357.6025390625,28.709999084472656
2022-07-01,3.284663593980715,-4.960000991821289,-0.4691655181289195,1.2859998941421509,-0.06741688288497433,-0.8618352223340979,361.3847961425781,26.700000762939453
2022-07-05,3.3156395265440572,-1.5599994659423828,-0.46984242772535434,1.1790000200271606,-0.08439481243351939,-0.6316015766132336,362.0672302246094,27.540000915527344
2022-07-06,3.285786513025363,-2.4399986267089844,-0.4686740845454621,1.0730000734329224,-0.06447549564796112,-1.019033299785477,363.2900695800781,26.729999542236328
2022-07-07,3.261168734133071,-3.239999771118164,-0.4524181960244034,1.154999852180481,-0.0526492659096121,-1.2089962878034124,368.73114013671875,26.079999923706055
2022-07-08,3.2043711138945574,-5.3899993896484375,-0.44998650142165325,1.2580000162124634,-0.06301907903509855,-0.9163747706217126,368.4277648925781,24.639999389648438
2022-07-11,3.264613719457375,-3.7900009155273438,-0.4584158366101146,1.0379999876022339,-0.06357668896983559,-1.3650378659789404,364.2190246582031,26.170000076293945
2022-07-12,3.3065203682683353,-1.6900005340576172,-0.4558402955266117,0.8450000286102295,-0.04839461314689044,-1.2165728101980358,360.99609375,27.290000915527344
2022-07-13,3.289147866474868,-2.6199989318847656,-0.4643724033428701,0.5810000896453857,-0.024235844498954447,-0.4833205180304577,359.1002197265625,26.81999969482422
2022-07-14,3.2733639957026597,-3.3900012969970703,-0.4598692759701799,0.687000036239624,0.012040330139903308,-0.3049406579103847,358.2281494140625,26.399999618530273
2022-07-15,3.1875915159360004,-4.940000534057617,-0.45519691618242464,0.690000057220459,0.033983260232345894,-0.6618650465123684,365.0721740722656,24.229999542236328
2022-07-18,3.2308043655777645,-2.219999313354492,-0.45791342028321524,0.7000000476837158,0.011536369018344522,-1.1575531436481123,362.05780029296875,25.299999237060547
2022-07-19,3.1986731175506815,-1.1099987030029297,-0.44754771078644673,0.5690000057220459,0.07185318357730923,-0.6650389449064396,371.8403015136719,24.5
2022-07-20,3.1730412533806236,-1.5200004577636719,-0.44212328792992717,0.6579999923706055,0.07605260585600641,-0.8798955516243453,374.2100830078125,23.8799991607666
2022-07-21,3.1402654506970014,-2.779998779296875,-0.4439354949160074,0.5500001907348633,0.06132221507036633,-1.1083162338708337,378.0207214355469,23.110000610351562
2022-07-22,3.1367977436478562,-3.8799991607666016,-0.45292107959285877,0.42799997329711914,0.05381560173668301,-0.8571073531923764,374.5134582519531,23.030000686645508
2022-07-25,3.1510251840880894,-2.7099990844726562,-0.4446975392688833,0.4270000457763672,0.045274813413341844,-1.4162791100704486,374.9684143066406,23.360000610351562
2022-07-26,3.206398324987611,-1.4699993133544922,-0.45156906131873314,0.312000036239624,0.0020744474169496177,-1.3879329048746338,370.53216552734375,24.690000534057617
2022-07-27,3.1458749221350946,-3.1700000762939453,-0.4472609861596125,0.3510000705718994,0.03153631574564386,-0.42897280826272105,380.1535339355469,23.239999771118164
2022-07-28,3.1059310624354097,-3.520000457763672,-0.4453299029890248,0.372999906539917,0.06464513017910999,-0.6755769661775402,384.9216003417969,22.329999923706055
2022-07-29,3.0601145289064218,-5.220001220703125,-0.444742788552319,0.34399986267089844,0.07993349527984496,-0.24552225142659545,390.53326416015625,21.329999923706055
2022-08-01,3.12851339146854,-2.9200000762939453,-0.4464095066749496,0.3409998416900635,0.08512529176714914,-0.7694211212493252,389.37677001953125,22.84000015258789
2022-08-02,3.175132914673135,-2.4099998474121094,-0.4387446493650484,0.2779998779296875,0.06798501613432577,-0.9650904021617933,386.8079528808594,23.93000030517578
2022-08-03,3.0887671742792415,-3.8100013732910156,-0.4408252387392192,0.31999993324279785,0.08163664686992295,-0.7954416312775524,392.8652038574219,21.950000762939453
2022-08-04,3.065258361112005,-4.629999160766602,-0.43971731912752526,0.2980000972747803,0.07758907061777887,-1.5024114558265742,392.5997619628906,21.440000534057617
2022-08-05,3.051639887455893,-4.8600006103515625,-0.43120827601013484,0.42999982833862305,0.06103104562727876,-1.125393812500153,391.93609619140625,21.149999618530273
2022-08-08,3.058237521908081,-4.549999237060547,-0.4342858594394237,0.30500006675720215,0.06069282913786468,-1.2147412207796289,391.481201171875,21.290000915527344
2022-08-09,3.080532896273726,-3.8800010681152344,-0.4372339041761689,0.22699999809265137,0.0682031269094721,-1.540811699322816,389.9266052246094,21.770000457763672
2022-08-10,2.982647022410511,-5.869998931884766,-0.4318107761048988,0.25099992752075195,0.09787780882123007,-0.5967338066490184,398.1166076660156,19.739999771118164
2022-08-11,3.0056826421764384,-5.679998397827148,-0.4278524212830926,0.39800000190734863,0.10314343334533262,-0.9461295167631443,398.1166076660156,20.200000762939453
2022-08-12,2.971951780047087,-6.529998779296875,-0.4304788608670777,0.3489999771118164,0.1223623252116183,-0.8301811721100298,404.85638427734375,19.530000686645508
2022-08-15,2.993229181578451,-4.779998779296875,-0.4315534749715714,0.2779998779296875,0.10754936557616974,-1.116727441021274,406.52459716796875,19.950000762939453
2022-08-16,2.980110919774326,-4.719999313354492,-0.43239799660228884,0.2259998321533203,0.11779758949320358,-0.8773722252805154,407.3209533691406,19.690000534057617
2022-08-17,2.9907197125611136,-4.960000991821289,-0.43332612794558456,0.3249998092651367,0.08401358150240096,-0.6828595770767467,404.42974853515625,19.899999618530273
2022-08-18,2.973486637303112,-5.719999313354492,-0.4343520777648279,0.315000057220459,0.08056289915968072,-1.2537320320805716,405.6051940917969,19.559999465942383
2022-08-19,3.025291094313483,-6.079999923706055,-0.432630416450168,0.4090001583099365,0.05690211736033455,-0.43647180175529915,400.1546630859375,20.600000381469727
2022-08-22,3.169685548621149,-3.1499996185302734,-0.43725822674187864,0.38899993896484375,0.045181139258829495,0.008550913716393077,391.8224792480469,23.799999237060547
2022-08-23,3.182626717508366,-2.5699996948242188,-0.43584524158331267,0.3509998321533203,0.0415449288195951,-1.2174094272730989,390.87457275390625,24.110000610351562
2022-08-24,3.1276373310607575,-3.6899986267089844,-0.43168795604964844,0.39299988746643066,0.056642354656795374,-1.1753270495754733,392.1257629394531,22.81999969482422
2022-08-25,3.0809921490312377,-3.789999008178711,-0.4325539450946515,0.29600000381469727,0.045026391097066736,-1.0650561282023914,397.66168212890625,21.780000686645508
2022-08-26,3.241028608615061,-2.6599998474121094,-0.44315629656991984,0.2799999713897705,-0.0018732981451823796,1.1471949988196328,384.2012023925781,25.559999465942383
2022-08-29,3.266140982404855,-2.059999465942383,-0.4395812390889368,0.3119997978210449,-0.022980900685720416,-0.4419512264904903,381.6607971191406,26.209999084472656
2022-08-30,3.266140982404855,-2.5,-0.4485595243303248,0.2369999885559082,-0.031053830486257542,0.42820208641130936,377.470947265625,26.209999084472656
2022-08-31,3.253084028638347,-2.9599990844726562,-0.44348569874460425,0.27300000190734863,-0.032072857926682755,0.02489683270143955,374.5987548828125,25.8700008392334
2022-09-01,3.241028608615061,-2.6700000762939453,-0.43480816582037213,0.40200018882751465,-0.04447820926419346,0.14133147828446257,375.774169921875,25.559999465942383
2022-09-02,3.237501262032374,-3.510000228881836,-0.43621875041126723,0.3730001449584961,-0.0544027862993286,1.0071388734551157,371.81182861328125,25.469999313354492
2022-09-06,3.29249795906851,-0.6000003814697266,-0.42525862593309727,0.49499988555908203,-0.05649118005370618,0.01959106766286083,370.408935546875,26.90999984741211
2022-09-07,3.2043711138945574,-2.0500011444091797,-0.42448691659289817,0.3320000171661377,-0.03752435539169062,-0.23089516865669063,377.0633239746094,24.639999389648438
2022-09-08,3.1616703769488215,-2.6800003051757812,-0.4177971726556592,0.34200000762939453,-0.027030436030685858,0.17983877438403748,379.52789306640625,23.610000610351562
2022-09-09,3.12632188342992,-3.4300003051757812,-0.41614154244218393,0.3530001640319824,-0.03240096949518647,0.01005858309827889,385.4239807128906,22.790000915527344
2022-09-12,3.1726224755092383,-0.1100006103515625,-0.4108954996759941,0.36700010299682617,-0.02171060466546595,-0.2799049552954505,389.56640625,23.8700008392334
2022-09-13,3.3057872136438435,1.1899986267089844,-0.42667064769728824,0.2689998149871826,-0.0829542763880783,2.463772880889516,372.6270751953125,27.270000457763672
2022-09-14,3.2642315207561277,-0.17999839782714844,-0.42993034987356415,0.2839999198913574,-0.08325776507024764,0.5508186150074676,374.0489501953125,26.15999984741211
2022-09-15,3.268427621122788,-0.48999977111816406,-0.43143423335990494,0.3640000820159912,-0.0966331476734636,0.7597020357237156,369.8022155761719,26.270000457763672
2022-09-16,3.269568910174614,-0.5699996948242188,-0.4257268132001825,0.37800002098083496,-0.09716758913409786,1.7626332560602913,366.98114013671875,26.299999237060547
2022-09-19,3.248822910121317,0.7700004577636719,-0.4236399929559379,0.4549999237060547,-0.09234477559980377,0.03503516745827507,369.8270568847656,25.760000228881836
2022-09-20,3.3017452970723844,2.510000228881836,-0.42387276860546225,0.3280000686645508,-0.0903609412378416,0.281495208369606,365.58184814453125,27.15999984741211
2022-09-21,3.3318472953500904,1.5799999237060547,-0.4306206308309786,0.31999993324279785,-0.08691625409741914,2.03334638142777,359.20477294921875,27.989999771118164
2022-09-22,3.308716542815695,-0.5499992370605469,-0.4224549847744272,0.5779998302459717,-0.09292944513174199,0.9767371753791348,356.1875,27.350000381469727
2022-09-23,3.398527155656208,-0.06999969482421875,-0.43240765087619093,0.5889999866485596,-0.1130220387551931,2.7801068528345403,350.21966552734375,29.920000076293945
2022-09-26,3.4738280206677126,2.3699989318847656,-0.4267446487067106,0.7130000591278076,-0.13698301809701013,1.0528085558107614,346.7550354003906,32.2599983215332
2022-09-27,3.4843122415665593,1.3700027465820312,-0.41368675890939116,0.7139999866485596,-0.10510385330606391,1.8730741370209942,345.8698425292969,32.599998474121094
2022-09-28,3.4071794634515578,0.5799999237060547,-0.41590077911050927,0.47499990463256836,-0.07898437827834327,1.9151581955008454,352.6753234863281,30.18000030517578
2022-09-29,3.4607233657685157,0.9299983978271484,-0.41786832992789447,0.5290000438690186,-0.08905590837626831,2.028273442176641,345.3083190917969,31.84000015258789
2022-09-30,3.4537898583225464,-0.6700000762939453,-0.41994536058151427,0.623999834060669,-0.09700221335442653,3.6585517935736984,339.9685974121094,31.6200008392334
2022-10-03,3.404525184428243,-0.04000091552734375,-0.42525607889323175,0.500999927520752,-0.0740763747243107,0.6290374707537227,348.9441833496094,30.100000381469727
2022-10-04,3.3697067040728217,0.14999961853027344,-0.4085530982283001,0.3020000457763672,-0.03295954173535656,1.24142411982823,359.7568359375,29.06999969482422
2022-10-05,3.3516569093790958,-0.6200008392333984,-0.40491466770048473,0.4660000801086426,-0.03151027736803792,0.5011828498496154,358.9192199707031,28.549999237060547
2022-10-06,3.4183822214150656,0.5099983215332031,-0.4056059307649828,0.5379998683929443,-0.05968527250877881,0.22684722399215143,355.2166442871094,30.520000457763672
2022-10-07,3.4455332149449482,-1.5499992370605469,-0.4078645621047172,0.5899999141693115,-0.09449039718554095,1.3637292314629934,345.3083190917969,31.360000610351562
2022-10-10,3.47970046666133,-0.5099983215332031,-0.4111183651894022,0.6029999256134033,-0.11757097654639814,-0.11240694652297044,342.6717529296875,32.45000076293945
2022-10-11,3.5154185575129637,1.2999992370605469,-0.40596386657267014,0.5989999771118164,-0.13461446604835184,0.6419759609052031,340.5016174316406,33.630001068115234
2022-10-12,3.513632801901214,1.4799995422363281,-0.4031006366048749,0.3689999580383301,-0.09346226918576576,-0.06508277199163709,339.3784484863281,33.56999969482422
2022-10-13,3.463859159507518,-0.28999900817871094,-0.4026456220017041,0.3689999580383301,-0.0712217730181609,2.9137566361839933,348.3350830078125,31.940000534057617
2022-10-14,3.4663607218647483,-2.780000686645508,-0.39623978770174584,0.382000207901001,-0.08285580704692111,1.817615231954699,340.39697265625,32.02000045776367
2022-10-17,3.4458520489553246,-1.1399993896484375,-0.3887791765640251,0.3269999027252197,-0.04982580243193403,0.5234199206924159,349.1440734863281,31.3700008392334
2022-10-18,3.417726683613366,-1.989999771118164,-0.3876903252502486,0.16499996185302734,-0.04586948236899903,0.6721687343433385,353.2464599609375,30.5
2022-10-19,3.4262151520783353,-2.6800003051757812,-0.38354454225620166,0.23399996757507324,-0.04143587253799002,-0.06554548890289132,350.7431945800781,30.760000228881836
2022-10-20,3.400530477405483,-2.9399986267089844,-0.3803671297566431,0.3359997272491455,-0.03225917836564209,0.28186621126401207,347.8020324707031,29.979999542236328
2022-10-21,3.3908103067634627,-2.010000228881836,-0.37362172809768956,0.3279998302459717,0.0001871041390768551,1.9805101852298346,356.254150390625,29.690000534057617
2022-10-24,3.396184852618166,1.3299999237060547,-0.3724300260980506,0.3210000991821289,0.02924607542084975,0.08841537075209335,360.61346435546875,29.850000381469727
2022-10-25,3.34849956049279,1.3799991607666016,-0.37611390004800105,0.14299988746643066,0.05503057189925787,-0.18315850022036895,366.3719787597656,28.459999084472656
2022-10-26,3.3061538581455507,0.8600006103515625,-0.377941703258824,0.08499979972839355,0.050023746014909685,0.8419047131818783,363.6116027832031,27.280000686645508
2022-10-27,3.310177960991249,1.489999771118164,-0.37524841092591765,0.006999969482421875,0.025184192025128685,-0.06951936093576758,361.6699523925781,27.389999389648438
2022-10-28,3.248434627109745,0.9099998474121094,-0.3696360583425138,0.040000200271606445,0.06980669390764764,0.6681206416666656,370.2744140625,25.75
2022-10-31,3.2534704372048244,2.8799991607666016,-0.37936140870947477,0.10200023651123047,0.0781414901454102,0.49665109813900754,367.5997619628906,25.8799991607666
2022-11-01,3.2507619930386347,3.8199996948242188,-0.380533414863815,0.0019998550415039062,0.04769725958160485,0.01949823785428359,365.9911804199219,25.809999465942383
2022-11-02,3.2526973969458597,2.1500015258789062,-0.3848532734040601,0.03399991989135742,-0.008235447235378574,1.6949997337699347,356.8062438964844,25.860000610351562
2022-11-03,3.2308043655777645,1.6999988555908203,-0.38844941140595807,0.0989999771118164,-0.01625476558262861,0.016372729330484406,353.1322326660156,25.299999237060547
2022-11-04,3.200711823163566,0.6500015258789062,-0.38354704723663213,0.14300012588500977,0.008405230056498169,0.6821255298026346,358.21490478515625,24.549999237060547
2022-11-07,3.1925318651947063,0.8999996185302734,-0.38001822602672264,0.23100018501281738,0.04621546768627416,-0.8528609409810206,361.64141845703125,24.350000381469727
2022-11-08,3.2402458864511954,1.6000003814697266,-0.3851393155771696,0.03599977493286133,0.059261066987476456,-0.15249692766982711,363.5926208496094,25.540000915527344
2022-11-09,3.261552104997157,0.9899997711181641,-0.3945848406025776,0.05800008773803711,0.04479704503137965,-0.43987281688628166,356.1018981933594,26.09000015258789
2022-11-10,3.158276231920975,-1.720001220703125,-0.3968736864483291,-0.2259998321533203,0.10159812549118613,2.223999544725359,375.67108154296875,23.530000686645508
2022-11-11,3.1144038235984732,-4.430000305175781,-0.39605616518060444,-0.2500002384185791,0.08518102288838883,0.15408078242749207,379.3070068359375,22.520000457763672
2022-11-14,3.1667400511571677,-4.939998626708984,-0.3983902634925736,-0.20299983024597168,0.09969048389150198,-0.8236385238642496,376.0804138183594,23.729999542236328
2022-11-15,3.2003044765903175,-4.790000915527344,-0.4034733707491296,-0.33100008964538574,0.08281122159449854,0.09853068678819304,379.28802490234375,24.540000915527344
2022-11-16,3.182626717508366,-6.3600006103515625,-0.4141172190443761,-0.4330000877380371,0.06347187834186414,-1.0416431180846226,376.39453125,24.110000610351562
2022-11-17,3.175132914673135,-6.090000152587891,-0.4130563060291381,-0.3379998207092285,0.06751904240889252,-0.7761215668399732,375.2428283691406,23.93000030517578
2022-11-18,3.1406980801031983,-6.989999771118164,-0.41080386036361843,-0.317000150680542,0.08046990995331893,0.05874038466983654,376.946533203125,23.1200008392334
2022-11-21,3.1072736755834796,-5.209999084472656,-0.4096952477310587,-0.27300000190734863,0.05281627338187945,-1.8677703992475436,375.575927734375,22.360000610351562
2022-11-22,3.058237521908081,-4.799999237060547,-0.411301596657197,-0.440000057220459,0.05402129901979125,-1.4729709142808118,380.63006591796875,21.290000915527344
2022-11-23,3.013080930634045,-6.469999313354492,-0.41568641517945815,-0.493999719619751,0.04446081289780625,-1.141704703721042,383.0287170410156,20.350000381469727
2022-11-25,3.0204248861443626,-6.530000686645508,-0.41870540749536694,-0.48400020599365234,0.051799782857463214,-2.716147585883563,382.9429626464844,20.5
2022-11-28,3.100542596684933,-4.829999923706055,-0.4220294545956985,-0.48000001907348633,0.04106845730713323,-1.042075342678936,376.8323974609375,22.209999084472656
2022-11-29,3.086029883652105,-4.260000228881836,-0.4127608617591194,-0.5049998760223389,0.015836971296123423,-1.6800180183416815,376.18511962890625,21.889999389648438
2022-11-30,3.0243197266987147,-4.659999847412109,-0.40998410588226003,-0.5499997138977051,0.0541012801192118,2.2407488246377736,388.0351867675781,20.579999923706055
2022-12-01,2.9877001095476485,-4.930000305175781,-0.4187223781491025,-0.6639997959136963,0.0577507791160091,-0.6399189884693317,387.74969482421875,19.84000015258789
2022-12-02,2.9475918702062436,-5.009998321533203,-0.42556632729195215,-0.7020001411437988,0.08201248560546426,-0.25254015776273137,387.30224609375,19.059999465942383
2022-12-05,3.0325462466767075,-0.07999992370605469,-0.4266051184367019,-0.5590000152587891,0.07420983726146407,-0.5935216087766488,380.3349914550781,20.75
2022-12-06,3.098740027069535,2.3600006103515625,-0.4332565403698024,-0.7069997787475586,0.04539970188801974,-0.5713289979205016,374.8525695800781,22.170000076293945
2022-12-07,3.1214834923152734,2.8899993896484375,-0.438831145289597,-0.7750000953674316,0.03417707996176298,-1.064055328038557,374.21490478515625,22.68000030517578
2022-12-08,3.104138188471233,2.010000228881836,-0.4348454285083504,-0.6590001583099365,0.03659951637839809,-1.2590979999172955,377.1464538574219,22.290000915527344
2022-12-09,3.1280754571998757,1.2700004577636719,-0.4273413209179394,-0.6059999465942383,0.04991844041074399,-0.4062332243872377,374.3291015625,22.829999923706055
2022-12-12,3.2188758248682006,3.8700008392333984,-0.4221975243690486,-0.5570001602172852,0.010735675841131555,-0.6350114485070679,379.72589111328125,25.0
2022-12-13,3.1157350321154516,-0.5900001525878906,-0.4205961260505018,-0.7470002174377441,0.008645028763287668,1.3684277055360567,382.600341796875,22.549999237060547
2022-12-14,3.0511669515702105,-3.259998321533203,-0.427173201683343,-0.7169997692108154,0.010773906545375295,0.6979483269387474,380.1541748046875,21.139999389648438
2022-12-15,3.1280754571998757,-3.3500003814697266,-0.43179282148590836,-0.7629997730255127,-0.022484860946881964,1.0789946904020022,370.8549499511719,22.829999923706055
2022-12-16,3.1188345077893618,-4.6399993896484375,-0.4328398950040948,-0.6809999942779541,-0.026703308754946104,1.1306067310272507,366.4765625,22.6200008392334
2022-12-19,3.109953421046955,-4.25,-0.4278097760262646,-0.5820000171661377,-0.03215454477039907,-0.511799284853419,363.3689880371094,22.420000076293945
2022-12-20,3.0671222483295058,-4.619998931884766,-0.41853929506931153,-0.5460000038146973,-0.03531710794467549,-0.7136392235455029,363.8662109375,21.479999542236328
2022-12-21,2.999226147602677,-5.770000457763672,-0.4168840006590968,-0.5209999084472656,-0.016832690686711244,-0.5515492175408367,369.306884765625,20.06999969482422
2022-12-22,3.08967785514274,-4.940000534057617,-0.42278533308014843,-0.5390002727508545,-0.04456886717350129,0.365419837181353,364.0382995605469,21.969999313354492
2022-12-23,3.0383127613015377,-6.6399993896484375,-0.4171503217421296,-0.4419999122619629,-0.04511507259574284,-1.2634236090230881,366.1323547363281,20.8700008392334
2022-12-27,3.0750054368286497,-4.659999847412109,-0.4145812881683752,-0.33500027656555176,-0.04884230416926829,-1.538397822666966,364.6885681152344,21.649999618530273
2022-12-28,3.0973858997126693,-3.700000762939453,-0.4249927098570756,-0.45099973678588867,-0.04526238499509758,-0.7385314814099512,360.15631103515625,22.139999389648438
2022-12-29,3.065258361112005,-3.460000991821289,-0.419226922457656,-0.46000003814697266,-0.025703295356487986,-0.8690115877155803,366.6391296386719,21.440000534057617
2022-12-30,3.075928819068985,-3.1500015258789062,-0.41207680084019915,-0.381000280380249,-0.05935543535962462,-0.14501189647313792,365.67340087890625,21.670000076293945
2023-01-03,3.131136893902127,0.5,-0.41707783958366684,-0.46200013160705566,-0.062838327303555,-0.5265554302154519,364.1339111328125,22.899999618530273
2023-01-04,3.091496905937363,0.1100006103515625,-0.4128482939659774,-0.6909999847412109,-0.053993226511193135,-0.041050574061242316,366.945068359375,22.010000228881836
2023-01-05,3.1117359085477254,0.470001220703125,-0.4141122402187021,-0.7780001163482666,-0.04731917972873323,-0.4175444365360004,362.75701904296875,22.459999084472656
2023-01-06,3.0506937919103403,-1.6100006103515625,-0.416224127812771,-0.9240000247955322,-0.010126348969480302,0.7309433353748956,371.0758361816406,21.1299991607666
2023-01-09,3.08967785514274,-0.6999988555908203,-0.41660709306386035,-0.9659998416900635,-0.008990921147792076,-0.5376240394915661,370.8654479980469,21.969999313354492
2023-01-10,3.0243197266987147,-1.239999771118164,-0.41439577459179694,-0.9440000057220459,-0.009805787846816039,-0.8952730437069316,373.46630859375,20.579999923706055
2023-01-11,3.0487990017257656,-0.3299999237060547,-0.41633579559912376,-1.000999927520752,0.010260795250476809,-0.7263341859991479,378.1897888183594,21.09000015258789
2023-01-12,2.9354513386173378,-5.120000839233398,-0.42196079586979773,-1.0260000228881836,-0.0004192037834262199,0.1687143708689232,379.5667419433594,18.829999923706055
2023-01-13,2.90962959528912,-6.319999694824219,-0.41870716081119375,-0.9769999980926514,-0.004088653788820504,-0.9381756734875005,381.0392150878906,18.350000381469727
2023-01-17,2.963209113374854,-4.840000152587891,-0.41847808432854156,-0.9579999446868896,0.000492216737625983,-0.9666727983229446,380.3413391113281,19.360000610351562
2023-01-18,3.0125893981222767,-5.030000686645508,-0.42895213599598164,-1.1550002098083496,0.009343993098523093,0.7102132884493503,374.3364562988281,20.34000015258789
2023-01-19,3.0214000426107397,-4.170000076293945,-0.4327869797248588,-1.128000020980835,0.013914003566197668,0.1421828809493086,371.6113586425781,20.520000457763672
2023-01-20,2.9882040263508176,-3.4599990844726562,-0.425582449434046,-1.0540001392364502,0.04088723537139564,0.354043892270007,378.5340576171875,19.850000381469727
2023-01-23,2.986186833751468,-0.35000038146972656,-0.4228149821290086,-1.0099997520446777,0.0514471258958417,0.009768406956740557,383.07598876953125,19.809999465942383
2023-01-24,2.954910318770165,0.9300003051757812,-0.4274067416287462,-1.1039998531341553,0.035531432450834094,-1.0927652058100001,382.664794921875,19.200000762939453
2023-01-25,2.948640662021506,1.0699996948242188,-0.4279883950605389,-1.0830001831054688,0.050275231162535905,0.09290794427112666,382.80828857421875,19.079999923706055
2023-01-26,2.930126492015865,0.34999847412109375,-0.42513782899480945,-1.0500001907348633,0.055469543069227474,-0.48816861984899457,387.015380859375,18.729999542236328
2023-01-27,2.9183111389507133,-0.4399986267089844,-0.4252616490694871,-1.0299999713897705,0.06171576573452249,-0.6492304151993217,387.9046325683594,18.510000228881836
2023-01-30,2.9927277913169226,1.0499992370605469,-0.42698302788069936,-0.9839997291564941,0.06159517537837876,-0.36755978408324147,383.03765869140625,19.940000534057617
2023-01-31,2.9652730464058945,0.9300003051757812,-0.4263746643665962,-1.0410001277923584,0.05835168055408366,0.23634596282312492,388.6696472167969,19.399999618530273
2023-02-01,2.8831233761345922,-1.4099998474121094,-0.4260243798765488,-1.122999906539917,0.07156081232241716,0.9221158755944755,392.8003234863281,17.8700008392334
2023-02-02,2.930126492015865,-1.710000991821289,-0.4217401865694545,-1.1140003204345703,0.09023191129442973,0.913071898271631,398.51837158203125,18.729999542236328
2023-02-03,2.908539057689369,-3.020000457763672,-0.4208645369773177,-0.990999698638916,0.07185534638728366,0.6345879630700351,394.2824401855469,18.329999923706055
2023-02-06,2.966818279095771,-0.7600002288818359,-0.4195804610261093,-0.8989999294281006,0.07720421895675798,-1.0048607803557488,391.87286376953125,19.43000030517578
2023-02-07,2.926382187241926,-1.1599998474121094,-0.4127421029890747,-0.8960001468658447,0.06752490905314164,0.48330882263909464,396.998046875,18.65999984741211
2023-02-08,2.9770589655357758,-0.8199996948242188,-0.4179579405687469,-0.931999921798706,0.0570969340695853,-0.23822349511253998,392.65692138671875,19.6299991607666
2023-02-09,3.030616631200474,0.23999977111816406,-0.4159968815726227,-0.929999828338623,0.04140154124311795,-0.11387348833832181,389.2529296875,20.709999084472656
2023-02-10,3.021887264476799,-1.0499992370605469,-0.41669512314977414,-0.8910002708435059,0.03116412772381772,-0.4917924764271981,390.16131591796875,20.530000686645508
2023-02-13,3.0125893981222767,-0.5599994659423828,-0.41786340643487013,-0.9279999732971191,0.03920032508553743,-0.7695742662966765,394.7413635253906,20.34000015258789
2023-02-14,2.9396908746012023,-3.4200000762939453,-0.4150965178660232,-0.8989999294281006,0.034868375797241793,0.45777209688046683,394.5597839355469,18.90999984741211
2023-02-15,2.903068563580112,-4.659999847412109,-0.4128905969728561,-0.8340001106262207,0.039943667955056605,-0.9284163444447464,395.841064453125,18.229999542236328
2023-02-16,3.004196355748666,-2.549999237060547,-0.41290288187488455,-0.8220000267028809,0.04199314433114117,-0.14346319667832028,390.3907470703125,20.170000076293945
2023-02-17,2.9967317967523925,-4.829999923706055,-0.41293733241069297,-0.8519997596740723,0.04679815876276091,0.5076741988047623,389.4154357910156,20.020000457763672
2023-02-21,3.129826044730509,-2.239999771118164,-0.414179285332526,-0.7330002784729004,0.008075943117497281,0.1569658041225274,381.60345458984375,22.8700008392334
2023-02-22,3.104138188471233,-3.479999542236328,-0.4105015677860926,-0.7720000743865967,-0.005230568644864997,0.22197654440526893,381.0775146484375,22.290000915527344
2023-02-23,3.0511669515702105,-3.6299991607666016,-0.4084829159068766,-0.8110001087188721,0.0011486992795149474,0.8488874329184659,383.1046142578125,21.139999389648438
2023-02-24,3.075928819068985,-4.05000114440918,-0.40700241241293145,-0.754000186920166,-0.009966059785108115,1.4302523635697584,379.01214599609375,21.670000076293945
2023-02-27,3.042138682785304,-2.219999313354492,-0.400566927823399,-0.7430000305175781,-0.017496028652446743,-0.03797241080884077,380.30303955078125,20.950000762939453
2023-02-28,3.0301337371283013,-1.7299995422363281,-0.40282160043012794,-0.7940001487731934,-0.023493739114955954,0.7941646426904996,378.89752197265625,20.700000762939453
2023-03-01,3.0243197266987147,-1.7700004577636719,-0.3994064983766865,-0.7309999465942383,-0.014711015097846341,0.94637857990467,377.44403076171875,20.579999923706055
2023-03-02,2.97501923974552,-1.9200000762939453,-0.3990469449169271,-0.6500000953674316,-0.02156018441510317,0.10788207683211319,380.3795471191406,19.59000015258789
2023-03-03,2.917230033020351,-2.219999313354492,-0.4000951418570027,-0.7539999485015869,-0.01622140927250209,0.4933794608259303,386.4799499511719,18.489999771118164
2023-03-06,2.9236991034511264,-0.3899993896484375,-0.39735992856898855,-0.7450001239776611,-0.029981027651293107,-0.6051284063562203,386.7477111816406,18.610000610351562
2023-03-07,2.97501923974552,0.3699989318847656,-0.40164108210404936,-0.869999885559082,-0.03474234683265153,1.5954059454350773,380.8193664550781,19.59000015258789
2023-03-08,2.9502117901910383,0.37999916076660156,-0.4047584143195523,-0.9069998264312744,-0.02698156905097944,-0.490791169813594,381.4408874511719,19.110000610351562
2023-03-09,3.1183923132846396,2.589998245239258,-0.4093768789815323,-0.9230000972747803,-0.0585975850248198,1.7447255498013847,374.40338134765625,22.610000610351562
2023-03-10,3.2108436224072485,1.470001220703125,-0.4234779452497867,-1.1080000400543213,-0.06213704919062184,4.937661442076029,369.0009460449219,24.799999237060547
2023-03-13,3.2778991825787354,4.290000915527344,-0.42978127281426026,-1.1429998874664307,-0.05485653671325976,3.1252733740235614,368.4749755859375,26.520000457763672
2023-03-14,3.1667400511571677,1.0999984741210938,-0.41955365987405946,-1.0419998168945312,-0.040792399280329066,2.5734099948227094,374.5659484863281,23.729999542236328
2023-03-15,3.2634666848467426,2.1099987030029297,-0.4323446551762485,-1.065999984741211,-0.058736921282485595,3.1799896608070237,372.2232666015625,26.139999389648438
2023-03-16,3.1350593288193775,0.05000114440917969,-0.42433230248799575,-0.945000171661377,-0.04088376034460283,1.998526421981052,378.7539978027344,22.989999771118164
2023-03-17,3.23907054112596,-0.4099998474121094,-0.4353243728193685,-0.8980002403259277,-0.05588744486929532,1.8333690767091466,374.3253479003906,25.510000228881836
2023-03-20,3.1842843643027336,0.049999237060546875,-0.4350861717045118,-0.9840002059936523,-0.032453068174642476,0.12145396203762605,377.92474365234375,24.149999618530273
2023-03-21,3.0624558663436994,-0.7299995422363281,-0.42903075369085225,-0.999000072479248,-0.01690660370919129,0.08261643316887576,382.8870849609375,21.3799991607666
2023-03-22,3.1027913561296017,-0.6299991607666016,-0.4338906483823538,-1.063000202178955,-0.013835412707614582,0.8091752770160073,376.36016845703125,22.260000228881836
2023-03-23,3.1183923132846396,-1.4200000762939453,-0.4406601876407552,-1.0969998836517334,-0.009756543167160611,1.0562772502129256,377.3775939941406,22.610000610351562
2023-03-24,3.07915387116492,-3.339998245239258,-0.4458068191840539,-1.122999668121338,-0.008521197850201886,0.6108780709278271,379.8539733886719,21.739999771118164
2023-03-27,3.025291094313483,-3.5600013732910156,-0.4362166262106281,-1.0550000667572021,0.004086740176960025,-0.6042765525835289,380.5642395019531,20.600000381469727
2023-03-28,2.994231113043872,-4.049999237060547,-0.43509611820689637,-1.063999891281128,-0.0015605460708384843,-1.0145017560539202,379.71002197265625,19.969999313354492
2023-03-29,2.9507349515162145,-4.319999694824219,-0.42725532744193817,-1.064000129699707,0.01657235328794779,-0.5020560701718152,385.22906494140625,19.1200008392334
2023-03-30,2.9454910811847346,-4.150001525878906,-0.4227334652693968,-1.113999843597412,0.026253860651121872,-0.7852714977361736,387.484619140625,19.020000457763672
2023-03-31,2.928523564659441,-4.719999313354492,-0.4209350718817927,-1.0910000801086426,0.03250306037137307,0.7559507998962733,392.9461669921875,18.700000762939453
2023-04-03,2.9204697479246318,-3.799999237060547,-0.42772855536406645,-1.1400001049041748,0.02039579560831054,-0.8893176312227963,394.4434509277344,18.549999237060547
2023-04-04,2.9444389791664403,-3.9200000762939453,-0.4319331574151134,-1.3910002708435059,0.014139657399615063,-0.9102441037811643,392.2550354003906,19.0
2023-04-05,2.948640662021506,-4.489999771118164,-0.44081959507424423,-1.4179999828338623,0.026965343217452305,-0.9430713635310927,391.2279968261719,19.079999923706055
2023-04-06,2.9123506438828892,-5.319999694824219,-0.4354942621043411,-1.4219999313354492,0.029227953577099588,-0.982914999285044,392.754150390625,18.399999618530273
2023-04-10,2.942858747750533,-4.270000457763672,-0.4317966549815765,-1.4229998588562012,0.04887590113449174,-0.9564347340959611,393.1572570800781,18.969999313354492
2023-04-11,2.949688355024821,-4.149999618530273,-0.4293860885140011,-1.446000099182129,0.06367908223642181,-1.0984980098660013,393.26287841796875,19.100000381469727
2023-04-12,2.9491646457307357,-5.149999618530273,-0.4275557877517083,-1.439000129699707,0.061021013698901914,-0.13818058088816992,391.6598815917969,19.09000015258789
2023-04-13,2.8791984144362717,-5.6100006103515625,-0.4225030966899172,-1.4030001163482666,0.05782126537416594,-0.17054408196148146,396.8622131347656,17.799999237060547
2023-04-14,2.8373225189284472,-6.680000305175781,-0.42107601643291775,-1.3809998035430908,0.06164959341789306,-0.4405524124516633,395.8927917480469,17.06999969482422
2023-04-17,2.8302678788376356,-5.1399993896484375,-0.41740819952701785,-1.3319997787475586,0.047838440161894855,-0.867821687931917,397.3133850097656,16.950000762939453
2023-04-18,2.8231630036695035,-5.109999656677246,-0.42004922411659146,-1.4580001831054688,0.06025192177315954,-0.9731404908802884,397.5724792480469,16.829999923706055
2023-04-19,2.8009331396275767,-5.720000267028809,-0.419086927789585,-1.3929998874664307,0.05051343802981889,-1.2353216491945858,397.5054016113281,16.459999084472656
2023-04-20,2.8431636793528288,-5.419999122619629,-0.4237933661497286,-1.4000000953674316,0.031996135727012785,-0.48887464663251445,395.3360900878906,17.170000076293945
2023-04-21,2.8195916031316988,-5.5099992752075195,-0.42136379241591965,-1.3799998760223389,0.049966417542367005,-0.562313289332601,395.6432800292969,16.770000457763672
2023-04-24,2.826721694682848,-3.75,-0.42296125054026595,-1.3580000400543213,0.0483093529943048,-0.8716129057444107,396.0559997558594,16.889999389648438
2023-04-25,2.9317269557786028,-2.5699996948242188,-0.4289333157851253,-1.5570001602172852,0.025767546176412807,0.2958242796795631,389.7690734863281,18.760000228881836
2023-04-26,2.935982277247362,-2.260000228881836,-0.42842841673927917,-1.5530002117156982,0.019654690323023274,-0.32125646502501715,388.11810302734375,18.84000015258789
2023-04-27,2.8349765349943556,-3.1500015258789062,-0.42143078144512947,-1.4719998836517334,0.04161439966623232,0.1151248843253229,395.8448181152344,17.030000686645508
2023-04-28,2.7587432984957503,-4.010001182556152,-0.424938263460228,-1.4709999561309814,0.03568307678602267,-0.023799032266002197,399.2234191894531,15.779999732971191
2023-05-01,2.777576259006172,-3.6000003814697266,-0.4132638005939834,-1.2909998893737793,0.028834968416660684,-0.9957427376727545,398.82037353515625,16.079999923706055
2023-05-02,2.87807426870474,-2.1399993896484375,-0.4261896717613435,-1.6010000705718994,0.003535509373113472,0.49457340330808247,394.337890625,17.780000686645508
2023-05-03,2.909084475148269,-2.8000011444091797,-0.4283743743080962,-1.6919996738433838,-0.007155374177970998,0.05426900855749987,391.6311340332031,18.34000015258789
2023-05-04,3.000222186422059,-2.8900012969970703,-0.4285797435100749,-1.7039997577667236,-0.008700026425005582,0.17904528024682542,388.8572082519531,20.09000015258789
2023-05-05,2.8443278504626814,-5.440000534057617,-0.41926116443333844,-1.6339998245239258,0.012265112652458353,-0.06848997557911704,396.0559997558594,17.190000534057617
2023-05-08,2.83203615392421,-5.469999313354492,-0.4148617973484841,-1.5620002746582031,0.00863818637344325,-1.4099262366464387,396.1615295410156,16.979999542236328
2023-05-09,2.8741294000992386,-4.770000457763672,-0.41704252151207777,-1.6020002365112305,0.003217365810173168,-1.3930846081158894,394.4242248535156,17.709999084472656
2023-05-10,2.8296777207503316,-6.100000381469727,-0.41886879135761906,-1.626000165939331,0.0076102401362885454,0.24036389378563444,396.2671203613281,16.940000534057617
2023-05-11,2.829087214170784,-6.130001068115234,-0.4243351101743566,-1.617999792098999,0.009949319454181206,-0.6648589078760679,395.5760803222656,16.93000030517578
2023-05-12,2.8349765349943556,-6.569999694824219,-0.421790655492533,-1.5649998188018799,-0.004557220700102974,-0.6532776484669826,395.0577392578125,17.030000686645508
2023-05-15,2.8402474197342373,-5.669999122619629,-0.41669044140837613,-1.4920001029968262,0.0013326900391055858,-1.2065187032682323,396.4207458496094,17.1200008392334
2023-05-16,2.8898160352397158,-4.909999847412109,-0.4186795752811782,-1.5090000629425049,-0.008954445039687243,-1.0608629119017166,393.77154541015625,17.989999771118164
2023-05-17,2.825536946304965,-5.379999160766602,-0.4158828390039988,-1.5069997310638428,0.0024595801813709905,-0.056113820072735236,398.5515441894531,16.8700008392334
2023-05-18,2.7757088020408553,-5.2699995040893555,-0.41113558444993376,-1.4769999980926514,0.0122153287236527,0.27589683563432893,402.3908386230469,16.049999237060547
2023-05-19,2.8219739156502905,-5.790000915527344,-0.4088383283924927,-1.3930001258850098,0.016231525385175825,0.4966618588452438,401.80535888671875,16.809999465942383
2023-05-22,2.8454905570260416,-4.840000152587891,-0.4040253074734056,-1.3759996891021729,0.015860896480931853,-0.9761023934537344,401.96856689453125,17.209999084472656
2023-05-23,2.9193910773531506,-3.6899986267089844,-0.4113347617351174,-1.4549999237060547,0.00353190702422162,-0.09548626594752342,397.4573059082031,18.530000686645508
2023-05-24,2.9972311839585806,-2.25,-0.4144320705261783,-1.4659998416900635,0.012261938258167395,0.005748736045888759,394.57781982421875,20.030000686645508
2023-05-25,2.9517803541360115,-2.9200000762939453,-0.4118155289195082,-1.3490002155303955,0.02512928750104709,0.07561059934225885,397.99481201171875,19.139999389648438
2023-05-26,2.8875901574378777,-3.200000762939453,-0.4099532592517263,-1.304999828338623,0.01828422974646147,0.16744955439662135,403.14910888671875,17.950000762939453
2023-05-30,2.8599124979757535,-3.6199989318847656,-0.4131253550399744,-1.443000078201294,0.010166046830511003,-0.5651922868440472,403.3026428222656,17.459999084472656
2023-05-31,2.8870328863997474,-3.3599987030029297,-0.4194812737428326,-1.6110000610351562,0.005615510879613062,0.7573864774129662,401.0662536621094,17.940000534057617
2023-06-01,2.7504708926110997,-4.770000457763672,-0.4165553812947108,-1.5950000286102295,0.026374767803632262,0.0009708615469885534,404.8768310546875,15.649999618530273
2023-06-02,2.6810215548423537,-5.180000305175781,-0.40874796448628825,-1.5240001678466797,0.04762006262371852,0.08830127667263589,410.7318115234375,14.600000381469727
2023-06-05,2.689886199397575,-3.7599992752075195,-0.40740765887306185,-1.4500000476837158,0.05281022435191786,-0.7981048495193149,409.94476318359375,14.729999542236328
2023-06-06,2.6361961000668175,-3.210000991821289,-0.40775777713472056,-1.4590001106262207,0.0366420552660426,-0.8217698784900046,410.83746337890625,13.960000038146973
2023-06-07,2.634762375230749,-3.2799997329711914,-0.4042778283480721,-1.36899995803833,0.03291169926397401,-0.09711131601617166,409.41680908203125,13.9399995803833
2023-06-08,2.6137394936844682,-3.270000457763672,-0.4046214767242899,-1.3859999179840088,0.04333709567401769,-0.8719013994875598,411.8932189941406,13.649999618530273
2023-06-09,2.6268401401601125,-3.669999122619629,-0.401734626566513,-1.3499999046325684,0.04046826218485686,-0.0010482203335544782,412.63226318359375,13.829999923706055
2023-06-12,2.7087166608939937,-1.9300003051757812,-0.40598529268860356,-1.3299996852874756,0.051244775350525094,-0.3419995190096349,416.37567138671875,15.010000228881836
2023-06-13,2.681706202263446,-2.8299999237060547,-0.40028802074063,-1.2609999179840088,0.05912722704326563,0.5326987488797389,419.12078857421875,14.609999656677246
2023-06-14,2.630448963323681,-4.15000057220459,-0.40297736130241674,-1.2839999198913574,0.056873173280956604,0.9004262429080874,419.6199035644531,13.880000114440918
2023-06-15,2.6741486494265287,-3.6000003814697266,-0.40683127234785993,-1.3269999027252197,0.07589976027244143,1.4974477191852986,424.8221740722656,14.5
2023-06-16,2.605648264666775,-5.420000076293945,-0.40760142577476155,-1.2960000038146973,0.060421836161044025,1.8252134150163237,423.3751525878906,13.539999961853027
2023-06-20,2.630448963323681,-4.379999160766602,-0.4138887873372706,-1.3459997177124023,0.045633093634067826,-0.2859566245609517,421.1785888671875,13.880000114440918
2023-06-21,2.5802168151427143,-4.859999656677246,-0.41532378156712507,-1.4120001792907715,0.041952219554488294,-0.22744515287172332,419.02056884765625,13.199999809265137
2023-06-22,2.5580021930391945,-5.409999847412109,-0.41307896361492336,-1.3360002040863037,0.04514947102799795,-0.559840679607924,420.5331726074219,12.90999984741211
2023-06-23,2.598235303873522,-5.260001182556152,-0.4176191329495703,-1.3989999294281006,0.04884697760020077,0.7247754993211813,417.3538818359375,13.4399995803833
2023-06-26,2.6567569067146595,-4.369998931884766,-0.41819339109483306,-1.436000108718872,0.052024078847745694,-0.40093013699016167,415.6487121582031,14.25
2023-06-27,2.6203112701361366,-4.390000343322754,-0.4137176926362858,-1.4119999408721924,0.05430513793556623,-0.4002029743480464,420.2055969238281,13.739999771118164
2023-06-28,2.5974910332585845,-4.159999847412109,-0.4123154202507758,-1.4600000381469727,0.04194180053814708,-0.2422274557777355,420.4175109863281,13.430000305175781
2023-06-29,2.605648264666775,-4.350000381469727,-0.4073794150795501,-1.321000099182129,0.04549456827003547,-0.7069841410487993,422.0744934082031,13.539999961853027
2023-06-30,2.609334239391006,-4.4900007247924805,-0.40990463012238115,-1.3339998722076416,0.06278694470796325,1.506380744408179,427.0553283691406,13.59000015258789
2023-07-03,2.6078614513577736,-4.069999694824219,-0.4086670207759227,-1.2869999408721924,0.0544805318404328,-2.6839717967672527,427.5466613769531,13.569999694824219
2023-07-05,2.6518325426255456,-3.940000534057617,-0.4045677950454909,-1.247999906539917,0.03863468204415969,-1.169062107975853,426.91082763671875,14.180000305175781
2023-07-06,2.7369615174193824,-3.560000419616699,-0.4016885696600218,-1.1719999313354492,0.0326912648457128,0.10811838861196135,423.5678405761719,15.4399995803833
2023-07-07,2.6966521510052726,-4.6399993896484375,-0.3997930176319648,-1.1629996299743652,0.02798816519552915,0.40910401850553607,422.49847412109375,14.829999923706055
2023-07-10,2.7127059923878543,-3.75,-0.39999334175167117,-1.2189998626708984,0.033979961295483425,-0.9729769727934354,423.5678405761719,15.069999694824219
2023-07-11,2.697326248021437,-3.2699995040893555,-0.39932073018444475,-1.2630000114440918,0.0342979019227416,-0.8563325808024786,426.2653503417969,14.84000015258789
2023-07-12,2.605648264666775,-4.7300004959106445,-0.4003582004131861,-1.36899995803833,0.04051909239552571,0.722236181281357,429.6950988769531,13.539999961853027
2023-07-13,2.6108047914376025,-3.9900007247924805,-0.40143478869661287,-1.4620001316070557,0.0393934366251593,-0.4113619203491567,433.1054992675781,13.609999656677246
2023-07-14,2.5907670519258503,-4.14000129699707,-0.40094461040351037,-1.3960001468658447,0.032199108833222086,-0.5491431054686865,432.8357238769531,13.34000015258789
2023-07-17,2.601207071525431,-3.1800003051757812,-0.40075575495518234,-1.435999870300293,0.03447515729645464,-1.503091291420579,434.338623046875,13.479999542236328
2023-07-18,2.5877640495686753,-2.979999542236328,-0.4004741099474381,-1.4590001106262207,0.02955697564951483,0.09720076980875937,437.5660400390625,13.300000190734863
2023-07-19,2.621765849139052,-3.1999998092651367,-0.4053167043321231,-1.5029997825622559,0.03519028798567858,-0.7613401644158408,438.5390930175781,13.760000228881836
2023-07-20,2.638342772317001,-3.0900001525878906,-0.4029461285999092,-1.3889999389648438,0.033735344345289665,-0.5099745132310679,435.62957763671875,13.989999771118164
2023-07-21,2.6100698207912507,-3.8999996185302734,-0.402183273566376,-1.4110002517700195,0.038872280618601575,-0.46484829745827916,435.62957763671875,13.600000381469727
2023-07-24,2.632607994965697,-2.8500003814697266,-0.40270501109797197,-1.3929998874664307,0.039726247380234066,-1.4356508237697099,437.5756530761719,13.90999984741211
2023-07-25,2.6290069689909954,-2.729999542236328,-0.40179189916814645,-1.3529999256134033,0.050041389762329365,-1.3472881727562822,438.7702331542969,13.859999656677246
2023-07-26,2.5794589349159778,-4.050000190734863,-0.4024429280630123,-1.4170000553131104,0.05428919638857987,-0.41915655617541775,438.83770751953125,13.1899995803833
2023-07-27,2.667922399422403,-3.159998893737793,-0.3981448328837784,-1.25600004196167,0.03673356487868384,0.7857230553689012,435.9282531738281,14.40999984741211
2023-07-28,2.5900171284671405,-4.690000534057617,-0.3989490674703845,-1.2860000133514404,0.045972101013506156,0.09880627114434877,440.1961364746094,13.329999923706055
2023-07-31,2.6122732541046934,-3.390000343322754,-0.39934794419851816,-1.2890000343322754,0.043940692673433375,-0.9102968828842731,441.03424072265625,13.630000114440918
2023-08-01,2.6340448096995233,-3.3299999237060547,-0.39429615197331047,-1.2090001106262207,0.029343185509359798,-1.2833719902003589,439.77215576171875,13.930000305175781
2023-08-02,2.7781979704876907,-2.559999465942383,-0.3924580595117809,-1.1820001602172852,0.014184937595930123,0.9439526499799273,433.65460205078125,16.09000015258789
2023-08-03,2.7675761852085703,-2.659998893737793,-0.38666346504358756,-1.0689997673034668,0.012803368955875732,-0.7452883989607081,432.411865234375,15.920000076293945
2023-08-04,2.8390784858167852,-2.520000457763672,-0.3910980270562995,-1.1929998397827148,0.016131689219769166,1.315652274619815,430.45611572265625,17.100000381469727
2023-08-07,2.7581094300024462,-3.039999008178711,-0.386766473395574,-1.1820001602172852,0.02735016421753143,-1.0527561074850582,434.2133483886719,15.770000457763672
2023-08-08,2.771963512531802,-3.3199987411499023,-0.38859740402870274,-1.249000072479248,0.02046423927993175,-0.33509847839301804,432.32513427734375,15.989999771118164
2023-08-09,2.770085594411824,-2.719999313354492,-0.3894068457232895,-1.2680001258850098,0.0074082739744216,0.07162262071872591,429.4349670410156,15.960000038146973
2023-08-10,2.76316952439078,-2.7799997329711914,-0.38258359234385386,-1.188000202178955,-0.0002468300727418861,0.92353391814647,429.58905029296875,15.850000381469727
2023-08-11,2.697326248021437,-3.929999351501465,-0.3806310012869935,-1.0969996452331543,-0.008735549073793354,-0.5263493647186837,429.33856201171875,14.84000015258789
2023-08-14,2.695977599275783,-2.8400001525878906,-0.38038402936873816,-1.0859999656677246,-0.0026075411322939598,-1.7074992823086896,431.70855712890625,14.819999694824219
2023-08-15,2.8009331396275767,-2.030000686645508,-0.3783455298276058,-1.059000015258789,-0.017791168044187556,-0.10571057114596652,426.6795654296875,16.459999084472656
2023-08-16,2.8201877419595305,-2.6099987030029297,-0.37692489907813875,-1.0269999504089355,-0.032559343350389326,0.13506654359746456,423.5486145019531,16.780000686645508
2023-08-17,2.884241863403715,-2.3600006103515625,-0.3784064927213402,-0.9699997901916504,-0.04242985716109045,1.053756308903452,420.3211669921875,17.889999389648438
2023-08-18,2.8507064574031857,-2.6999988555908203,-0.3814845251988717,-1.0269999504089355,-0.03529185687569605,1.236502014897125,420.5235290527344,17.299999237060547
2023-08-21,2.840831263344002,-1.9500007629394531,-0.37578158888854146,-0.9380002021789551,-0.028806700679092204,-0.5272146604993833,423.2595520019531,17.1299991607666
2023-08-22,2.8314470387838178,-2.3299999237060547,-0.37832934694215153,-0.9670000076293945,-0.03597640125173539,-0.7588931469951383,422.1130676269531,16.969999313354492
2023-08-23,2.771337911692091,-2.6000003814697266,-0.38423317754096975,-1.0970001220703125,-0.027626434883905357,-0.5328422937140287,426.8144836425781,15.979999542236328
2023-08-24,2.844909428176351,-2.6499996185302734,-0.38631048892330877,-1.0679998397827148,-0.041736209345049506,0.6844734264072868,420.89923095703125,17.200000762939453
2023-08-25,2.752386034385003,-3.939999580383301,-0.3827189169958337,-1.0760002136230469,-0.0280590876892537,1.4912001903089387,423.86651611328125,15.680000305175781
2023-08-28,2.7133693575205298,-3.590001106262207,-0.38211177253052225,-1.1110000610351562,-0.031480596664577476,-0.9164085999289366,426.5543518066406,15.079999923706055
2023-08-29,2.6706944013587965,-3.2599992752075195,-0.38380222730070146,-1.1979999542236328,-0.01903136331065639,0.3602105576854059,432.7201232910156,14.449999809265137
2023-08-30,2.630448963323681,-3.760000228881836,-0.38278580041324456,-1.1970000267028809,-0.012055341873980975,-0.4547981184228847,434.50238037109375,13.880000114440918
2023-08-31,2.6078614513577736,-4.130000114440918,-0.3851466421914615,-1.2049999237060547,0.0004885507966963242,-0.6172576860772845,433.86651611328125,13.569999694824219
2023-09-01,2.5718485915786373,-5.289999961853027,-0.3761226629438179,-1.0950002670288086,0.005221967138657244,-1.0267100416951493,434.6758117675781,13.09000015258789
2023-09-05,2.6397713766859487,-3.34999942779541,-0.37550488143524546,-1.0099997520446777,0.005423901972676524,-1.2386366675904852,432.7972106933594,14.010000228881836
2023-09-06,2.6706944013587965,-3.510000228881836,-0.3769622164266186,-1.010000228881836,-0.010011927586921768,-0.28988320635196213,429.8877258300781,14.449999809265137
2023-09-07,2.6672281800910014,-3.479999542236328,-0.37801332321560493,-1.0229997634887695,-0.008728955442783326,-0.300712772449829,428.56781005859375,14.399999618530273
2023-09-08,2.62756296121466,-3.7599992752075195,-0.379179070141523,-1.0350003242492676,-0.0005163457592575208,-0.8365200199050197,429.2132873535156,13.84000015258789
2023-09-11,2.624668605984526,-2.75,-0.3755267054296116,-1.005000114440918,0.0056801707911239875,-0.8998277976547175,432.0361328125,13.800000190734863
2023-09-12,2.655352379932845,-2.1999998092651367,-0.3768466732321863,-1.0409998893737793,0.0007625445767417015,-0.4369307266648231,429.66607666015625,14.229999542236328
2023-09-13,2.601207071525431,-3.4499998092651367,-0.3763688514524905,-1.055999755859375,-0.003576882359076215,-0.861031248278164,430.1671447753906,13.479999542236328
2023-09-14,2.551006427687861,-3.5399999618530273,-0.37335091024232486,-1.0069999694824219,0.016725847729788093,0.6045843870131439,433.87615966796875,12.819999694824219
2023-09-15,2.6239436890389327,-3.510000228881836,-0.37556339006085515,-0.9759998321533203,0.011969502185317992,2.386767697639724,428.64874267578125,13.789999961853027
2023-09-18,2.6390573296152584,-2.5099992752075195,-0.37680834298943744,-0.9810004234313965,0.020204746074516503,-1.1300463010481276,428.9000244140625,14.0
2023-09-19,2.6468837415328474,-1.8999996185302734,-0.3765397148432796,-0.945000171661377,0.017647504542191474,-0.41209720438547937,428.0105895996094,14.109999656677246
2023-09-20,2.7173402706858383,-1.539999008178711,-0.37772964467963027,-0.9660000801086426,0.0019264932846102055,0.634205574074436,424.07574462890625,15.140000343322754
2023-09-21,2.8644840391405775,0.6399993896484375,-0.37475630558478773,-0.8249998092651367,-0.012027681019578379,1.9465949493940067,417.0664367675781,17.540000915527344
2023-09-22,2.844909428176351,-0.5799999237060547,-0.37908344697695345,-0.866999626159668,-0.02535473791403705,1.7084319544332314,416.1287536621094,17.200000762939453
2023-09-25,2.8273135993568546,-0.46000099182128906,-0.37066181454300406,-0.7710003852844238,-0.007202340285683704,-0.1655022971295136,417.878662109375,16.899999618530273
2023-09-26,2.941276115955272,0.13000106811523438,-0.3721774432699025,-0.7669997215270996,-0.029028009087261747,1.3732522931753819,411.7393798828125,18.940000534057617
2023-09-27,2.9025198541454498,-0.1900005340576172,-0.3688455995109264,-0.7039999961853027,-0.034950021925120395,1.8197211584836053,411.9037780761719,18.219999313354492
2023-09-28,2.8530159801521586,-0.75,-0.3658555683990699,-0.7109999656677246,-0.04352072141986006,1.04223712169464,414.291748046875,17.34000015258789
2023-09-29,2.8633431116363086,-1.3099994659423828,-0.365192224283814,-0.7270002365112305,-0.05006081145554634,2.3446926291280086,413.28631591796875,17.520000457763672
2023-10-02,2.8684669571674872,-1.010000228881836,-0.3620755696375885,-0.6319999694824219,-0.04899409666250438,0.4959356869455445,413.1219482421875,17.610000610351562
2023-10-03,2.9846713609086963,-0.5100002288818359,-0.360692057609953,-0.5380001068115234,-0.06433416747726403,1.6527336349066382,407.59185791015625,19.780000686645508
2023-10-04,2.922085729279452,-1.220001220703125,-0.36428007011826347,-0.5999999046325684,-0.05274720723722773,0.658163381511557,410.55999755859375,18.579999923706055
2023-10-05,2.917230033020351,-1.1399993896484375,-0.3621195584647143,-0.6079998016357422,-0.04637900295264275,-0.37065769243330254,410.4052429199219,18.489999771118164
2023-10-06,2.8593396923698937,-2.4399986267089844,-0.35774640859544554,-0.564000129699707,-0.031500983894767375,2.115396560520921,415.2779235839844,17.450000762939453
2023-10-09,2.8735646826837065,-0.9300003051757812,-0.3626713705439873,-0.5510001182556152,-0.02662425946907453,0.17810221538863016,417.93658447265625,17.700000762939453
2023-10-10,2.8349765349943556,-1.1599998474121094,-0.3633400657393461,-0.6679997444152832,-0.027988102208123457,0.08729013340905577,420.1119079589844,17.030000686645508
2023-10-11,2.7781979704876907,-2.4599990844726562,-0.36958023813978913,-0.7400002479553223,-0.01839925553295679,-0.8529214053454247,421.83282470703125,16.09000015258789
2023-10-12,2.814809769672402,-2.2200002670288086,-0.36446359379102533,-0.6230001449584961,-0.02567994570580854,0.23539973419032298,419.2611083984375,16.690000534057617
2023-10-13,2.961140812988524,-1.8099994659423828,-0.3708272181745149,-0.6989998817443848,-0.039258425788229426,1.0270840582977694,417.1728820800781,19.31999969482422
2023-10-16,2.8454905570260416,-1.6000003814697266,-0.36417321834502214,-0.6160001754760742,-0.01667062419904799,-0.13693230246740762,421.5621337890625,17.209999084472656
2023-10-17,2.883682722808376,-1.5500011444091797,-0.3608816980046463,-0.4930000305175781,-0.017302640496541722,-0.15283918378105918,421.5427551269531,17.8799991607666
2023-10-18,2.955951367816573,-1.5699996948242188,-0.3576863915979081,-0.42600011825561523,-0.028641396934041597,0.9064525421249121,415.9256591796875,19.219999313354492
2023-10-19,3.0633909042021177,-0.7300014495849609,-0.35319478733061677,-0.32200002670288086,-0.02823082152348908,2.3873855038768,412.2711486816406,21.399999618530273
2023-10-20,3.077772941719433,-1.6800003051757812,-0.3550675181471199,-0.37600040435791016,-0.023928444010180506,2.3921372242074472,407.20513916015625,21.709999084472656
2023-10-23,3.014063271438193,-0.6399993896484375,-0.3588176207702454,-0.4550004005432129,-0.02341228886335781,0.6248160015024039,406.4993896484375,20.3700008392334
2023-10-24,2.942858747750533,-0.8999996185302734,-0.3593233057956105,-0.4679999351501465,-0.02009764238859189,-0.1275648749248048,409.5641174316406,18.969999313354492
2023-10-25,3.0051874587763363,-0.8400001525878906,-0.3555685364955797,-0.3619999885559082,-0.019753140962357914,0.7382588273645244,403.68603515625,20.190000534057617
2023-10-26,3.0291670643972775,-0.7700004577636719,-0.35935196996140756,-0.4550004005432129,-0.03219937866159117,1.8158848682177284,398.85198974609375,20.68000030517578
2023-10-27,3.0572976507337097,-0.9099998474121094,-0.3585891644940195,-0.46000003814697266,-0.042523001849097096,1.3491950742219316,397.04412841796875,21.270000457763672
2023-10-30,2.9831534913471307,-0.14999961853027344,-0.35529643312450027,-0.4380002021789551,-0.028208291973067328,0.21201586424584332,401.7911071777344,19.75
2023-10-31,2.8981194110402666,-0.4699993133544922,-0.35126463251863305,-0.44500017166137695,-0.021549748087021484,-0.15176406153782201,404.31451416015625,18.139999389648438
2023-11-01,2.825536946304965,-1.6799983978271484,-0.3559871345030086,-0.5110001564025879,0.0025348256540337287,0.8262449293366491,408.6263427734375,16.8700008392334
2023-11-02,2.751109680818858,-2.6399993896484375,-0.35660118498122406,-0.6009998321533203,0.014262167164915743,0.6618269808416367,416.4574279785156,15.65999984741211
2023-11-03,2.7020321185427174,-3.5099992752075195,-0.3517963909017717,-0.6949996948242188,0.0237212600607073,0.9202123161226362,420.2569580078125,14.90999984741211
2023-11-06,2.700689869753188,-2.5000009536743164,-0.3505233342678789,-0.5980000495910645,0.014216112859135703,-0.8663979371441705,421.2237243652344,14.890000343322754
2023-11-07,2.6953026566130425,-2.489999771118164,-0.3583471069916564,-0.7019996643066406,0.010676398602599398,-1.0424739402442698,422.42254638671875,14.8100004196167
2023-11-08,2.6706944013587965,-2.809999465942383,-0.362883405835631,-0.7450003623962402,0.006216983737266101,-1.1431212663999808,422.73187255859375,14.449999809265137
2023-11-09,2.727199017446074,-2.59999942779541,-0.35892729934784545,-0.6329998970031738,-0.005700160054302127,0.009076622222381066,419.4351501464844,15.289999961853027
2023-11-10,2.651127059086777,-3.7400007247924805,-0.359058994951589,-0.6220002174377441,0.015899242775508447,0.32613969427118916,425.9803161621094,14.170000076293945
2023-11-13,2.691920834679226,-2.810000419616699,-0.360102643644048,-0.6280002593994141,0.019938997287173126,-1.7088645167323342,425.5743713378906,14.760000228881836
2023-11-14,2.6504210774895927,-3.4200010299682617,-0.365554326863372,-0.8119997978210449,0.028687302252917733,0.7455762172688676,433.83074951171875,14.15999984741211
2023-11-15,2.6518325426255456,-4.390000343322754,-0.36355402785470664,-0.7200002670288086,0.030847979804221902,-0.3267087424835902,434.7491455078125,14.180000305175781
2023-11-16,2.6616571402213416,-4.329998970031738,-0.3704121608691641,-0.7979998588562012,0.04548520250106778,-0.8839662559418717,435.2809753417969,14.319999694824219
2023-11-17,2.624668605984526,-5.180000305175781,-0.37101397259401886,-0.7919998168945312,0.05555353193456927,0.007740443453456267,435.8223876953125,13.800000190734863
2023-11-20,2.5960006859149227,-4.549999237060547,-0.3739599209100366,-0.8159999847412109,0.07558578688609768,-0.7275529000502606,439.1771545410156,13.40999984741211
2023-11-21,2.5915164134207695,-4.029999732971191,-0.37291080293873685,-0.8369998931884766,0.07513864265824903,-1.8157148451231067,438.2200012207031,13.350000381469727
2023-11-22,2.5533438410275884,-5.5199995040893555,-0.37517599476542685,-0.8489999771118164,0.07148100397364622,-1.2264720964570688,439.9118957519531,12.850000381469727
2023-11-24,2.5225235164208617,-5.289999961853027,-0.3710989862630003,-0.7809996604919434,0.08655231407085338,-2.618073666777529,440.1826477050781,12.460000038146973
2023-11-27,2.540814248659574,-4.069999694824219,-0.3777168451288187,-0.8689999580383301,0.09679662294381101,-1.5338691327355258,439.38983154296875,12.6899995803833
2023-11-28,2.540814248659574,-3.719999313354492,-0.3773036906895643,-0.9240002632141113,0.10232924152128042,-0.9262237232486622,439.82489013671875,12.6899995803833
2023-11-29,2.5634096760090963,-3.4600000381469727,-0.37996472251855995,-0.9689998626708984,0.08974060140743172,-0.8670090788978664,439.5154724121094,12.979999542236328
2023-11-30,2.55877650425956,-3.1399993896484375,-0.37655774390747243,-0.8859996795654297,0.08740961087151387,-0.05072373891571172,441.2460632324219,12.920000076293945
2023-12-01,2.5360749454234384,-3.380000114440918,-0.3802802306855788,-0.9890003204345703,0.08270010642334844,0.4004899026985273,443.8564758300781,12.630000114440918
2023-12-04,2.5710843401961823,-2.2200002670288086,-0.378201260192612,-0.934999942779541,0.05845370479912593,-0.4644901005920956,441.5264587402344,13.079999923706055
2023-12-05,2.5533438410275884,-2.0399999618530273,-0.3852141912540402,-1.0720000267028809,0.049174473511233247,-0.5982072770451061,441.4394226074219,12.850000381469727
2023-12-06,2.562639018916541,-2.0699996948242188,-0.388795624899055,-1.1220002174377441,0.04283878493369772,-0.6309860387260575,439.6605224609375,12.970000267028809
2023-12-07,2.5695541559782002,-1.9200000762939453,-0.3871761557759342,-1.1039996147155762,0.04759817472705829,-0.7468887736919539,443.0152893066406,13.0600004196167
2023-12-08,2.5136560939622226,-2.9499998092651367,-0.38376407747752667,-0.9879999160766602,0.05115620808521324,0.06514134261787272,444.919921875,12.350000381469727
2023-12-11,2.5360749454234384,-2.5099992752075195,-0.38414383074039843,-0.9939999580383301,0.06286744417969986,-0.8727754038123072,446.6504821777344,12.630000114440918
2023-12-12,2.4907230098256137,-3.189999580383301,-0.38757092920432806,-1.0420002937316895,0.051940044766712684,-0.712056696059062,448.6904296875,12.069999694824219
2023-12-13,2.5006159090701527,-2.229999542236328,-0.38904860094975674,-1.190000057220459,0.06658924388225565,0.5754039498650836,454.87786865234375,12.1899995803833
2023-12-14,2.5241273262614996,-2.5,-0.3952205550069602,-1.2850000858306885,0.05057877587542629,1.8851361386583785,456.3377685546875,12.479999542236328
2023-12-15,2.5079719009739794,-4.260000228881836,-0.39597965438789207,-1.2969999313354492,0.046816115246810286,2.8148915809544444,455.58636474609375,12.279999732971191
2023-12-18,2.530517194449025,-4.030000686645508,-0.3911527176490704,-1.2709999084472656,0.051203020096834403,-0.6501395716035882,458.1491394042969,12.5600004196167
2023-12-19,2.528125747596819,-4.390000343322754,-0.3895723345244993,-1.315999984741211,0.05602230345508083,-1.3221742031888064,460.9350280761719,12.529999732971191
2023-12-20,2.615203656316981,-2.9099998474121094,-0.39207493116184855,-1.3529999256134033,0.034400252133073066,0.9444306669505393,454.5478210449219,13.670000076293945
2023-12-21,2.6137394936844682,-3.189999580383301,-0.38718930044652194,-1.315999984741211,0.046019262010091766,0.17493291506578745,458.8577880859375,13.649999618530273
2023-12-22,2.5672543706433686,-4.429999351501465,-0.3866260046258179,-1.3070001602172852,0.044173442497621784,-0.7636858945349667,459.7799072265625,13.029999732971191
2023-12-26,2.564179813062659,-3.4300003051757812,-0.38677863849778443,-1.317000150680542,0.047771874480801224,-1.2869625089937509,461.72137451171875,12.989999771118164
2023-12-27,2.5201129300741707,-4.040000915527344,-0.39195646276703805,-1.446000099182129,0.05138113998733068,-0.6607813406479658,462.5562438964844,12.430000305175781
2023-12-28,2.523325781105642,-4.0,-0.39256188859336105,-1.3680000305175781,0.0507689962260473,-0.2098403814609551,462.73089599609375,12.470000267028809
2023-12-29,2.5217206075906473,-4.590000152587891,-0.3927326161289862,-1.313999891281128,0.0485735609901696,1.9363544208550518,461.39129638671875,12.449999809265137
2024-01-02,2.5802168151427143,-2.8899993896484375,-0.38929713750096356,-1.2669997215270996,0.039031759949289466,1.9104376106071599,458.8092041015625,13.199999809265137
2024-01-03,2.641910395880644,-2.8000011444091797,-0.3897460600105817,-1.3280000686645508,0.02493297811580792,0.9850845430257621,455.062255859375,14.039999961853027
2024-01-04,2.648300204795581,-2.9800004959106445,-0.38807585680612056,-1.2370002269744873,0.026969946796071065,0.0933613655139206,453.596435546875,14.130000114440918
2024-01-05,2.5915164134207695,-3.8000001907348633,-0.3837107317757611,-1.1779999732971191,0.028535823341008026,0.16923207279277044,454.21771240234375,13.350000381469727
2024-01-08,2.5710843401961823,-3.440000534057617,-0.38572789656603623,-1.2179999351501465,0.04674884609005249,-0.3284619906051625,460.7021484375,13.079999923706055
2024-01-09,2.5463152958540918,-3.549999237060547,-0.385906777325192,-1.2109999656677246,0.03762923921278219,-0.7356400875695549,460.00323486328125,12.760000228881836
2024-01-10,2.540814248659574,-3.6399993896484375,-0.3828182969612472,-1.1949996948242188,0.03897860714119269,-0.6603307603060724,462.6047058105469,12.6899995803833
2024-01-11,2.5209170535797867,-3.810000419616699,-0.38559961729383097,-1.2409999370574951,0.03465591441332952,-0.17639110883113257,462.4009094238281,12.4399995803833
2024-01-12,2.541601978446052,-4.419999122619629,-0.3867447957311543,-1.247999906539917,0.0307915105394669,-1.0845314891087805,462.72119140625,12.699999809265137
2024-01-16,2.62756296121466,-3.09999942779541,-0.38287818111978467,-1.1370000839233398,0.013417867836933441,0.17972689252395,461.0224914550781,13.84000015258789
2024-01-17,2.6939512741434677,-3.059999465942383,-0.3850552253491268,-1.1090002059936523,0.004639306460218459,-0.5692699190749074,458.45977783203125,14.789999961853027
2024-01-18,2.648300204795581,-3.1800003051757812,-0.381049293756768,-1.055999755859375,0.01514069547614367,0.490095609439385,462.5367431640625,14.130000114440918
2024-01-19,2.5877640495686753,-3.440000534057617,-0.38037323067903395,-1.0520000457763672,0.021920387615443765,1.3437118971780608,468.3028259277344,13.300000190734863
2024-01-22,2.5794589349159778,-1.7899999618530273,-0.3823444335584037,-1.1059999465942383,0.017970014073753485,-0.2376989848128303,469.29290771484375,13.1899995803833
2024-01-23,2.5297206807757897,-2.030000686645508,-0.37984383896284096,-1.0679998397827148,0.034836349208443265,-1.4314613453060787,470.6616516113281,12.550000190734863
2024-01-24,2.5756610391845274,-1.390000343322754,-0.3784319538273982,-1.0320000648498535,0.026491613273521973,0.10740075878629245,471.1761169433594,13.140000343322754
2024-01-25,2.598979091866817,-1.3600006103515625,-0.3774125560893828,-1.063000202178955,0.029908331463980458,-0.3334222361297567,473.7388610839844,13.449999809265137
2024-01-26,2.58475200201879,-1.9600000381469727,-0.37534709733942173,-1.0399999618530273,0.02442341403448433,-0.12205444435766251,473.13702392578125,13.260000228881836
2024-01-29,2.6100698207912507,-1.2700004577636719,-0.37727595213505966,-1.1089997291564941,0.03050486640383527,-0.8383943469054412,476.8838806152344,13.600000381469727
2024-01-30,2.5885156639334435,-1.4200000762939453,-0.3817521437755076,-1.1440000534057617,0.029353758045133824,-0.9428854773281911,476.5151062011719,13.3100004196167
2024-01-31,2.663749968788886,-1.4099998474121094,-0.3871330521741981,-1.2210001945495605,0.01580102465465447,2.2844912752240742,468.7396545410156,14.350000381469727
2024-02-01,2.630448963323681,-2.2200002670288086,-0.38909362969755235,-1.3369998931884766,0.03441626550103298,0.6440767194316432,474.87457275390625,13.880000114440918
2024-02-02,2.6282852601762876,-2.5699996948242188,-0.38444614675117345,-1.1770000457763672,0.05308887386809083,0.9914440249592428,479.873779296875,13.850000381469727
2024-02-05,2.615203656316981,-1.9799995422363281,-0.37949632085280177,-1.064000129699707,0.05266737406074021,-0.11049211656545618,478.12646484375,13.670000076293945
2024-02-06,2.5695541559782002,-2.5299997329711914,-0.38146154228652196,-1.1329998970031738,0.05419775378072919,-1.025369571263006,479.5146179199219,13.0600004196167
2024-02-07,2.551786172681018,-2.890000343322754,-0.37684179328777395,-1.1129999160766602,0.048328360960062475,-0.3279300659725273,483.513916015625,12.829999923706055
2024-02-08,2.548663612608189,-3.3299999237060547,-0.3722023899007238,-1.0479998588562012,0.0502882906175969,-1.180451475320005,483.7275390625,12.789999961853027
2024-02-09,2.5595502163859143,-3.4700002670288086,-0.36883812157913115,-1.0329999923706055,0.050411652132494,-0.6307505710454511,486.523193359375,12.930000305175781
2024-02-12,2.6340448096995233,-2.640000343322754,-0.371130529148333,-1.0560002326965332,0.05041317571919514,-0.9591536706128599,486.3096008300781,13.930000305175781
2024-02-13,2.76316952439078,-1.8199996948242188,-0.36813282483659715,-0.9169998168945312,0.03585217568953604,1.6593775954455903,479.6117248535156,15.850000381469727
2024-02-14,2.66583836025124,-3.010000228881836,-0.3688854339322394,-0.9509997367858887,0.04857647197489303,-0.4237170535106749,483.9701843261719,14.380000114440918
2024-02-15,2.6397713766859487,-3.2899999618530273,-0.3690013481539185,-0.9780001640319824,0.06102690158360461,-0.7123913594572411,487.30950927734375,14.010000228881836
2024-02-16,2.656054889910667,-3.2899999618530273,-0.368365194068186,-0.9279999732971191,0.047180924864164975,-0.06273613239171151,484.8826599121094,14.239999771118164
2024-02-20,2.73566537308291,-1.5599994659423828,-0.3696307718357198,-0.9379997253417969,0.029271180587379635,-0.24453865803033684,482.21319580078125,15.420000076293945
2024-02-21,2.7304638058861697,-1.5799999237060547,-0.3689424216772985,-0.9100003242492676,0.028064630438965885,-0.8062947006349422,482.6499938964844,15.34000015258789
2024-02-22,2.6769034694817853,-2.6000003814697266,-0.36572326015409184,-0.9059996604919434,0.04563657607400131,-0.01285794112960967,492.6387023925781,14.539999961853027
2024-02-23,2.6210388241125804,-3.3299999237060547,-0.3680424684088949,-0.9799995422363281,0.04523346307695265,-0.7326788381026155,492.9784240722656,13.75
2024-02-26,2.6203112701361366,-2.0900001525878906,-0.3681283876463113,-0.9510002136230469,0.03613992392080561,-1.2325682780602667,491.1728820800781,13.739999771118164
2024-02-27,2.5974910332585845,-2.0500001907348633,-0.3654389714209449,-0.929999828338623,0.03926709290414053,-1.3532529339707509,492.0853271484375,13.430000305175781
2024-02-28,2.62756296121466,-1.6999998092651367,-0.3654752101251009,-0.9659996032714844,0.030056715365473906,-0.9955552426479927,491.4350280761719,13.84000015258789
2024-02-29,2.5952546784889754,-2.450000762939453,-0.3645923825129634,-0.9710001945495605,0.03441871236822976,0.3126924669763995,493.20166015625,13.399999618530273
2024-03-01,2.573375271587755,-3.1100006103515625,-0.3669235010531096,-1.0350003242492676,0.060215165454609275,-0.04106289961528646,497.8320007324219,13.109999656677246
2024-03-04,2.601948653252886,-2.0,-0.36532740399187286,-1.004000186920166,0.04613898600315128,-1.3146802537238353,497.2981262207031,13.489999771118164
2024-03-05,2.671386219368722,-1.0299997329711914,-0.37156729412379824,-1.0879998207092285,0.02562218143492011,-0.1970280070767585,492.32806396484375,14.460000038146973
2024-03-06,2.6741486494265287,-1.0900001525878906,-0.37178060606669044,-1.125999927520752,0.0343244189007667,-0.4085684328623008,494.8227844238281,14.5
2024-03-07,2.6700021044053517,-1.359999656677246,-0.37309964942676377,-1.136000156402588,0.04130281618493627,-0.8628746435759086,499.734619140625,14.4399995803833
2024-03-08,2.6905648712332506,-1.669999122619629,-0.3742177835303253,-1.1389999389648438,0.026976866081558904,0.4556352198920858,496.7351379394531,14.739999771118164
2024-03-11,2.722610369978139,0.0,-0.3745308860835907,-1.1359996795654297,0.02567491739775228,-0.6843544821835051,496.3080139160156,15.220000267028809
2024-03-12,2.62756296121466,-1.5900001525878906,-0.37041161045861687,-1.0849995613098145,0.030612117011295754,-0.1737550076298274,501.6470031738281,13.84000015258789
2024-03-13,2.6210388241125804,-1.5,-0.36901147054630024,-1.0460000038146973,0.02948241138381822,-1.0187602987509947,500.8606262207031,13.75
2024-03-14,2.6672281800910014,-1.2500009536743164,-0.36640258955195815,-0.940000057220459,0.041372222709824956,1.5310489283226816,499.8705139160156,14.399999618530273
2024-03-15,2.667922399422403,-2.25,-0.3673296077479101,-0.9340000152587891,0.025435583141483937,1.3869601320794107,496.4381408691406,14.40999984741211
2024-03-18,2.662355236516009,-1.7199993133544922,-0.3633258435722305,-0.8979997634887695,0.024484924693996407,0.561997236396104,499.3885192871094,14.329999923706055
2024-03-19,2.6261167962573397,-2.130000114440918,-0.3621971304047737,-0.9409999847412109,0.03501917064943278,-0.7662742760626241,502.1636657714844,13.819999694824219
2024-03-20,2.5680215535731254,-3.6999998092651367,-0.360701562993331,-0.9550004005432129,0.04974659227032668,-0.31336512424053986,506.808349609375,13.039999961853027
2024-03-21,2.55877650425956,-4.010000228881836,-0.3626945314485786,-0.9570002555847168,0.05214046609845475,-0.7973668878408279,508.48321533203125,12.920000076293945
2024-03-22,2.5695541559782002,-4.440000534057617,-0.3671340975509045,-1.001999855041504,0.0297586040337443,0.19068836801117525,507.5192565917969,13.0600004196167
2024-03-25,2.5794589349159778,-3.9099998474121094,-0.36526892774976016,-0.9650001525878906,0.02630258860754673,-1.3542111056638386,506.1170654296875,13.1899995803833
2024-03-26,2.583242533221714,-3.6999998092651367,-0.366152294753286,-0.9839997291564941,0.02812308937478731,-0.47954334648930386,505.1822509765625,13.239999771118164
2024-03-27,2.5478814280551156,-4.4800004959106445,-0.36777861644698423,-1.0190000534057617,0.03463569590833602,0.4032015952231614,509.4276428222656,12.779999732971191
2024-03-28,2.565718310117176,-4.629999160766602,-0.3690454086338384,-0.9970002174377441,0.03576708942288001,1.060246796677373,509.3303527832031,13.010000228881836
2024-04-01,2.6137394936844682,-2.90000057220459,-0.3635055120565655,-0.8889999389648438,0.03043742487345209,-0.6637029977916208,508.4442443847656,13.649999618530273
2024-04-02,2.681706202263446,-2.060000419616699,-0.3637054022106825,-0.8480000495910645,0.014714394795404156,-0.023817786037327537,505.2114562988281,14.609999656677246
2024-04-03,2.662355236516009,-2.6399993896484375,-0.3635772107928005,-0.8550000190734863,0.016885422313275188,-0.8240020387453222,505.7665100097656,14.329999923706055
2024-04-04,2.794227920674744,-0.020000457763671875,-0.3654742997014159,-0.8940000534057617,0.014648511170497746,1.3380861102141894,499.593017578125,16.350000381469727
2024-04-05,2.774462009456489,-1.7200002670288086,-0.3620033300062965,-0.8370003700256348,0.019986660560368328,0.0666330301495497,504.8121337890625,16.030000686645508
2024-04-08,2.7206372889831454,-1.9999990463256836,-0.3595695069354577,-0.7990002632141113,0.010668370300141818,-1.3877476762104275,505.0945129394531,15.1899995803833
2024-04-09,2.7067159475307503,-1.7200002670288086,-0.3626194875382745,-0.8539996147155762,0.017844908700277655,-0.263489346634225,505.67889404296875,14.979999542236328
2024-04-10,2.7600099521047476,-1.2300004959106445,-0.35714626696909074,-0.6830000877380371,0.008641568661755685,0.551297155567091,500.615478515625,15.800000190734863
2024-04-11,2.7020321185427174,-2.309999465942383,-0.3559850262034286,-0.6619997024536133,0.005460073913143209,-0.16440856939061282,504.3935241699219,14.90999984741211
2024-04-12,2.8512843383355686,-0.8700008392333984,-0.3587739822607304,-0.7309999465942383,-0.006870404681043993,1.0890709133602152,497.4313049316406,17.309999465942383
2024-04-15,2.956471535796025,1.210000991821289,-0.35345955076446695,-0.6100001335144043,-0.017498809346517,1.0299048113708777,491.199462890625,19.229999542236328
2024-04-16,2.9123506438828892,0.39999961853027344,-0.3534152135091298,-0.5739998817443848,-0.012434054718836242,-0.0054941693988582565,490.3036193847656,18.399999618530273
2024-04-17,2.9019708434634395,-0.6700000762939453,-0.3575321597978337,-0.6549997329711914,-0.02429550312709274,0.12496540716147053,487.4018249511719,18.209999084472656
2024-04-18,2.8903717578961645,-0.7800006866455078,-0.35474056728706244,-0.5960001945495605,-0.031896971848994864,0.06421000508743953,486.39892578125,18.0
2024-04-19,2.9290580913534825,-1.1200008392333984,-0.3539442282766563,-0.630000114440918,-0.04987038829716396,1.6702365046199066,482.15350341796875,18.709999084472656
2024-04-22,2.8296777207503316,-0.17999839782714844,-0.350905025875032,-0.6219997406005859,-0.044002683422289635,-0.2998080802548091,486.5937194824219,16.940000534057617
2024-04-23,2.753023540000728,-0.43000030517578125,-0.34856374379031296,-0.6469998359680176,-0.030308350493152347,-0.511746410106652,492.3679504394531,15.6899995803833
2024-04-24,2.7707119789475727,-0.5499992370605469,-0.34688668825446234,-0.6030001640319824,-0.028016582478864658,-0.990448344726988,492.1341857910156,15.970000267028809
2024-04-25,2.7324175501047714,-0.5600004196166992,-0.34602430798865924,-0.5390000343322754,-0.029973850789058797,-0.22084084466820292,490.2646789550781,15.369999885559082
2024-04-26,2.7100481859984953,-1.6000003814697266,-0.3466987365070216,-0.5689997673034668,-0.028913186192948997,-0.4883435990575921,494.90936279296875,15.029999732971191
2024-04-29,2.685804597355568,-0.8900003433227539,-0.34787800587802165,-0.629000186920166,-0.025187017592242383,-1.4893644081350772,496.66204833984375,14.670000076293945
2024-04-30,2.7504708926110997,0.06999969482421875,-0.34968265578452873,-0.5590000152587891,-0.03941372966143088,0.26911789069602154,488.7943420410156,15.649999618530273
2024-05-01,2.733717970158959,-0.6599998474121094,-0.3485766881079812,-0.6550002098083496,-0.03628773081551369,0.5085715477254198,487.2071228027344,15.390000343322754
2024-05-02,2.6864860439749103,-1.1899995803833008,-0.34860572132742174,-0.6669998168945312,-0.02807580577244221,-0.5685884013220571,491.7641906738281,14.680000305175781
2024-05-03,2.601948653252886,-3.270000457763672,-0.3514247416733156,-0.7350001335144043,-0.003475225035834527,0.10154718701547677,497.8598327636719,13.489999771118164
2024-05-06,2.601948653252886,-1.890000343322754,-0.35307332380434336,-0.750999927520752,-0.0035939328337222095,-1.4852144299984424,503.0011291503906,13.489999771118164
2024-05-07,2.582486943526435,-2.189999580383301,-0.35341223227376733,-0.7800002098083496,-0.0030503967442054862,-1.1425006135785265,503.5561218261719,13.229999542236328
2024-05-08,2.5649493574615367,-2.4200000762939453,-0.35321428629475876,-0.7529997825622559,-0.004110103427776656,-1.7328422058968476,503.6047668457031,13.0
2024-05-09,2.540814248659574,-2.7899999618530273,-0.35455035703692755,-0.7909998893737793,0.011698919061314926,-1.6073655217806138,506.50653076171875,12.6899995803833
2024-05-10,2.5297206807757897,-2.8400001525878906,-0.352916704959934,-0.7389998435974121,0.005467731651859629,-1.0650383981870237,507.1589660644531,12.550000190734863
2024-05-13,2.6100698207912507,-1.1800003051757812,-0.3535523573670676,-0.7589998245239258,0.019501148403800232,-1.9305108479431483,507.22698974609375,13.600000381469727
2024-05-14,2.5967461372286285,-1.3899993896484375,-0.3549033785858415,-0.7899999618530273,0.03668612057808144,-0.6913336114117267,509.5542907714844,13.420000076293945
2024-05-15,2.5217206075906473,-2.6599998474121094,-0.35794423182333074,-0.8839998245239258,0.05081859737618684,-0.5592581660541207,515.8641357421875,12.449999809265137
2024-05-16,2.5193080826481626,-3.260000228881836,-0.3586895100442666,-0.8660001754760742,0.05469490179488226,-1.1101793946715772,514.802734375,12.420000076293945
2024-05-17,2.4840729499500287,-4.319999694824219,-0.35623048189791034,-0.8199996948242188,0.05819105782267858,-0.546348012113206,515.542724609375,11.989999771118164
2024-05-20,2.4973291383898717,-3.5799999237060547,-0.355246642364846,-0.8029999732971191,0.06810915403327768,-1.7766444269627544,516.13671875,12.149999618530273
2024-05-21,2.4731713646216233,-3.869999885559082,-0.3577014743197116,-0.8259997367858887,0.06139163017127714,-1.9502726225200988,517.4025268554688,11.859999656677246
2024-05-22,2.50878592047404,-3.1700000762939453,-0.3584127872630851,-0.810999870300293,0.046711536241906396,-1.0528529234555413,515.912841796875,12.289999961853027
2024-05-23,2.54709870589125,-3.880000114440918,-0.3575253504128299,-0.7699999809265137,0.03985533897148486,-0.5417042254080657,512.1444702148438,12.770000457763672
2024-05-24,2.4790562616903595,-4.9800004959106445,-0.35673142656826573,-0.7779998779296875,0.0502560677490586,-1.4318439498687483,515.5330810546875,11.930000305175781
2024-05-28,2.55877650425956,-3.2100000381469727,-0.35476025688006524,-0.7060003280639648,0.04152534126310547,-1.6795395617708557,515.893310546875,12.920000076293945
2024-05-29,2.6588599382119416,-2.0399999618530273,-0.3523854443140957,-0.625999927520752,0.030963025891987926,-1.1607168340033949,512.28076171875,14.279999732971191
2024-05-30,2.6720775590973527,-1.9200000762939453,-0.35447049461313457,-0.694000244140625,0.04027508703371475,-1.0605431056156425,508.88238525390625,14.470000267028809
2024-05-31,2.55877650425956,-2.979999542236328,-0.35537096182505407,-0.7309999465942383,0.052594686891993994,1.3678943652049527,513.5174560546875,12.920000076293945
2024-06-03,2.573375271587755,-0.8900003433227539,-0.3591539203015364,-0.8410000801086426,0.04409949814076764,-1.0294451432414917,513.93603515625,13.109999656677246
2024-06-04,2.5771819143023467,-0.6000003814697266,-0.36358343414830774,-0.9039998054504395,0.03289761959490258,-1.6273292556495575,514.5106201171875,13.15999984741211
2024-06-05,2.5360749454234384,-0.5500001907348633,-0.3636794045233156,-0.9509997367858887,0.03443888756959689,-0.910715999550613,520.6256713867188,12.630000114440918
2024-06-06,2.532108245207593,-1.0699996948242188,-0.36471599649773395,-0.9519996643066406,0.03331725825190567,-1.7356072523702182,520.6158447265625,12.579999923706055
2024-06-07,2.5030739755952336,-2.0799999237060547,-0.3582857633369205,-0.8080000877380371,0.032004295665505215,-1.0590535629372073,519.9829711914062,12.220000267028809
2024-06-10,2.54474663217841,-1.75,-0.35531699842701525,-0.7639999389648438,0.029343970523711564,-1.4045822517522346,521.5896606445312,12.739999771118164
2024-06-11,2.5533438410275884,-1.619999885559082,-0.3583183544979478,-0.8410000801086426,0.030462017587637637,-1.3226968890173791,522.8457641601562,12.850000381469727
2024-06-12,2.4882344367123217,-3.7200002670288086,-0.36044125755733936,-0.9479999542236328,0.0385072334133669,0.024333967622945884,527.1398315429688,12.039999961853027
2024-06-13,2.479894072820678,-3.890000343322754,-0.3652880656917076,-1.001999855041504,0.03594116119222759,-0.893133382788381,528.2013549804688,11.9399995803833
2024-06-14,2.538447404663274,-3.8400001525878906,-0.3700037656330082,-1.0269999504089355,0.024242222277639107,-1.126484621437654,528.5226440429688,12.65999984741211
2024-06-17,2.545531271604435,-2.8500003814697266,-0.36464197673484755,-0.9640002250671387,0.034229301325617426,-0.23981273155793797,532.7291259765625,12.75
2024-06-18,2.509599277885271,-3.5699996948242188,-0.3661554476712929,-1.0180001258850098,0.03533029229603856,-1.0215216199208843,534.0825805664062,12.300000190734863
2024-06-20,2.5862591239406965,-3.0500001907348633,-0.3634768135155149,-0.9709997177124023,0.03145841318726696,0.5806326242422853,532.6316528320312,13.279999732971191
2024-06-21,2.5802168151427143,-4.210000038146973,-0.36259065302518445,-0.9580001831054688,0.0276676708955167,0.245413603327344,531.917724609375,13.199999809265137
2024-06-24,2.5900171284671405,-3.3999996185302734,-0.3646418595060905,-0.9619998931884766,0.027295064876445774,-0.7691126056527758,530.1886596679688,13.329999923706055
2024-06-25,2.552565310145607,-3.7599992752075195,-0.362979782838956,-0.9850001335144043,0.038469509808442416,-1.171801764457639,532.2302856445312,12.84000015258789
2024-06-26,2.5297206807757897,-4.199999809265137,-0.35970963247775567,-0.9140000343322754,0.03312205285372328,-1.1042929450068355,532.89453125,12.550000190734863
2024-06-27,2.5047092583846835,-3.9300003051757812,-0.3604949843604642,-0.934999942779541,0.033998880286944345,-1.25614765227639,533.7346801757812,12.239999771118164
2024-06-28,2.5209170535797867,-3.9800004959106445,-0.3565343144374275,-0.869999885559082,0.03708319647628704,1.037920367113645,531.6343994140625,12.4399995803833
2024-07-01,2.5030739755952336,-3.2599992752075195,-0.3507727413649897,-0.7389998435974121,0.04579502323283475,-0.9522050380043305,532.728515625,12.220000267028809
2024-07-02,2.487403507789679,-3.4099998474121094,-0.3544270664796122,-0.7920002937316895,0.0434352666138716,-0.9149850624381289,536.313720703125,12.029999732971191
2024-07-03,2.4923786772477015,-3.3000001907348633,-0.35829409514149485,-0.875,0.047073069366825315,-1.3006555536187847,538.70703125,12.09000015258789
2024-07-05,2.5241273262614996,-3.5399999618530273,-0.3605112592969193,-0.9530000686645508,0.05170560633833334,-0.8020719211123984,541.8134765625,12.479999542236328
2024-07-08,2.5152741771529077,-3.239999771118164,-0.36067695834073216,-0.9489998817443848,0.041043594266750624,-1.07511634790851,542.4385986328125,12.369999885559082
2024-07-09,2.52652834277473,-3.280000686645508,-0.3599889940746369,-0.9249997138977051,0.042034393970446456,-1.5321332381586525,542.966064453125,12.510000228881836
2024-07-10,2.5533438410275884,-2.5,-0.3600700504833468,-0.9449996948242188,0.0530975145944604,-0.8636626027274189,548.3389282226562,12.850000381469727
2024-07-11,2.55877650425956,-3.25,-0.3618103326748781,-1.005000114440918,0.04135232261459254,-0.032835662591993095,543.6107788085938,12.920000076293945
2024-07-12,2.5225235164208617,-3.8199996948242188,-0.3629125282777044,-1.0089998245239258,0.045234701715338575,-0.015740785182625686,547.0396118164062,12.460000038146973
2024-07-15,2.574137774793312,-2.689999580383301,-0.3572729730194122,-0.9639997482299805,0.039801992308482324,-0.7177191308425392,548.544189453125,13.119999885559082
2024-07-16,2.5794589349159778,-3.109999656677246,-0.35921980097645734,-1.0260000228881836,0.043702765179277514,-0.9497942693389669,551.7970581054688,13.1899995803833
2024-07-17,2.6727683553440564,-2.630000114440918,-0.3608279120429135,-1.0490002632141113,0.028974328878869186,0.36387367778015717,544.0602416992188,14.479999542236328
2024-07-18,2.7682041430792563,-1.6599998474121094,-0.35856457441017026,-1.0039997100830078,0.013332117323831027,0.3362234310689329,539.8790893554688,15.930000305175781
2024-07-19,2.804571795802497,-2.119999885559082,-0.35564972087820523,-0.9539999961853027,0.004132171544240471,0.9548596734417713,536.2940673828125,16.520000457763672
2024-07-22,2.7020321185427174,-1.3000001907348633,-0.351384097450882,-0.929999828338623,0.01710961178620992,-0.48186960535398893,541.8231811523438,14.90999984741211
2024-07-23,2.689207131441274,-1.4000005722045898,-0.35051743047491796,-0.9340000152587891,0.01688115127395884,-1.0930212851732652,540.9733276367188,14.720000267028809
2024-07-24,2.892591565384329,1.3600006103515625,-0.3476000732594221,-0.884000301361084,-0.0027862057525804107,1.7805527803184138,528.7135009765625,18.040000915527344
2024-07-25,2.9156061794795076,1.1299991607666016,-0.35146109927766117,-0.9039998054504395,-0.011853494392279645,0.8160078446967537,525.958740234375,18.459999084472656
2024-07-26,2.796671355516472,-0.43000030517578125,-0.35380226522665975,-0.9550004005432129,-0.001963225813776846,0.3111106324244041,531.849365234375,16.389999389648438
2024-07-29,2.8094027183426014,0.22999954223632812,-0.3568123936954684,-0.9689998626708984,-0.0029512755530552385,-0.6951092526440258,532.1618041992188,16.600000381469727
2024-07-30,2.8729995383614964,0.8899993896484375,-0.3571278520847346,-0.9920001029968262,-0.0040874218673291555,-0.16178348058806677,529.4658203125,17.690000534057617
2024-07-31,2.794839368482153,-0.45999908447265625,-0.3593232412810953,-1.0260000228881836,0.009980590710821007,1.2492768322143026,538.0720825195312,16.360000610351562
2024-08-01,2.9226238099414155,0.40000152587890625,-0.364824647220706,-1.1389997005462646,-0.010988961242667218,2.0765509634495203,530.4524536132812,18.59000015258789
2024-08-02,3.152308554501536,-0.030000686645507812,-0.3778870911546474,-1.2380001544952393,-0.03423566084896073,2.4269542850738137,520.576171875,23.389999389648438
2024-08-05,3.6524747643078785,9.080001831054688,-0.3815489076890085,-1.2749998569488525,-0.06954179138191972,5.251209578756234,505.4150695800781,38.56999969482422
2024-08-06,3.3217933258352854,2.1700000762939453,-0.37125271931602893,-1.191999912261963,-0.061517338422092685,1.8061237995907737,510.07489013671875,27.709999084472656
2024-08-07,3.32683298007059,2.25,-0.36474677619950124,-1.1119999885559082,-0.06919586553623867,1.0293783805441081,506.66546630859375,27.850000381469727
2024-08-08,3.1692653627985705,-0.22999954223632812,-0.36109284138104353,-1.0860002040863037,-0.056188418985656324,0.6189853739877066,518.3782348632812,23.790000915527344
2024-08-09,3.014063271438193,-1.1200008392333984,-0.3663384296792098,-1.1329998970031738,-0.04312858775372272,-0.31393932163633403,520.6640014648438,20.3700008392334
2024-08-12,3.030616631200474,0.29000091552734375,-0.36779187232926985,-1.1640000343322754,-0.048890791846156564,-0.46736920406729365,520.9376831054688,20.709999084472656
2024-08-13,2.8970163469301413,-1.2900009155273438,-0.3701677848264366,-1.2009999752044678,-0.03532556936695121,0.03543863476129812,529.5048217773438,18.1200008392334
2024-08-14,2.7843938006764253,-2.660000801086426,-0.3727988198658553,-1.2430002689361572,-0.03808824496820581,-0.4746571849572249,531.17529296875,16.190000534057617
2024-08-15,2.7232671368503616,-3.5099992752075195,-0.36884557861436373,-1.1539998054504395,-0.006972966072241561,0.4968286279787552,540.2797241210938,15.229999542236328
2024-08-16,2.69462719365756,-4.839999198913574,-0.36864229510397695,-1.182999849319458,0.0029812913171246183,-0.3654306221646931,541.4910278320312,14.800000190734863
2024-08-19,2.6844403094241867,-3.4700002670288086,-0.3693302081289069,-1.196000099182129,0.019159751749086656,-0.6277194606223582,546.6683959960938,14.649999618530273
2024-08-20,2.7650604630255966,-2.4300003051757812,-0.3728157185863207,-1.2149999141693115,0.007275408996297822,-0.9058447113888752,545.779541015625,15.880000114440918
2024-08-21,2.78932294936639,-2.9300003051757812,-0.37277173522346846,-1.2269999980926514,0.012275827372584792,-0.5061089232777011,547.6551513671875,16.270000457763672
2024-08-22,2.8650539064395404,-2.8100013732910156,-0.369920828100818,-1.1630001068115234,0.02731962882977512,0.25865436827276234,543.3568725585938,17.549999237060547
2024-08-23,2.7638001945596176,-4.500000953674316,-0.3703391637690397,-1.193000078201294,0.04311289209452956,-0.025241240321580597,549.1302490234375,15.859999656677246
2024-08-26,2.781920026048249,-3.380000114440918,-0.3711075949387016,-1.1800000667572021,0.029588594890835408,-0.8027010495803374,547.8211669921875,16.149999618530273
2024-08-27,2.73631368615315,-3.559999465942383,-0.3696731773718245,-1.1349999904632568,0.03037343878412262,-0.9601644486399628,548.5733642578125,15.430000305175781
2024-08-28,2.8396631235763143,-2.260000228881836,-0.3681208555985934,-1.113999843597412,0.02963031162766518,-0.5162185403800882,545.3887939453125,17.110000610351562
2024-08-29,2.7504708926110997,-4.270000457763672,-0.36540961234674635,-1.0980000495910645,0.01359580325954909,-0.6313651062114886,545.4375610351562,15.649999618530273
2024-08-30,2.70805020110221,-4.530000686645508,-0.3625000962624762,-1.056999921798706,0.03735880616130719,0.6685418535469866,550.6443481445312,15.0
2024-09-03,3.0310993842520197,-1.6300010681152344,-0.36907128560116736,-1.1259996891021729,0.0353594119492548,0.5419867940186783,539.312744140625,20.719999313354492
2024-09-04,3.0596455849835826,-1.6399993896484375,-0.37158110664416377,-1.1800000667572021,0.06286646626799165,-0.19183671745541822,538.208740234375,21.31999969482422
2024-09-05,2.9907197125611136,-1.3899993896484375,-0.373074369213725,-1.2010002136230469,0.0512538898347329,-0.34941356217004965,536.8997802734375,19.899999618530273
2024-09-06,3.1081676653845203,-0.4799995422363281,-0.3738918685282409,-1.1979999542236328,0.04098716649559647,0.9347845295998106,527.8637084960938,22.3799991607666
2024-09-09,2.9678471092901333,-1.2099990844726562,-0.373717245459927,-1.1979999542236328,0.02926688737920993,-0.5873037389019867,533.7737426757812,19.450000762939453
2024-09-10,2.948640662021506,-0.8599987030029297,-0.37835934586771997,-1.189000129699707,0.029213351540791983,-0.8083542916425228,536.0986938476562,19.079999923706055
2024-09-11,2.8729995383614964,-1.710000991821289,-0.37728796880890636,-1.2219998836517334,0.038894547419564184,1.259568804133364,541.5985107421875,17.690000534057617
2024-09-12,2.8373225189284472,-2.729999542236328,-0.37519288444908844,-1.1600000858306885,0.03097054668032048,0.006132651101063321,546.1604614257812,17.06999969482422
2024-09-13,2.806990116707257,-3.4800004959106445,-0.37552301583850645,-1.1129999160766602,0.03303003618567561,-0.6640929154485945,549.0130004882812,16.559999465942383
2024-09-16,2.841414877559857,-2.6199989318847656,-0.3774210045899461,-1.123999834060669,0.017510723731448085,-0.8026510871293737,549.82373046875,17.139999389648438
2024-09-17,2.8684669571674872,-2.039999008178711,-0.37725877998716917,-1.0930001735687256,0.015679889712667226,-0.11528616454345328,550.0484619140625,17.610000610351562
2024-09-18,2.903068563580112,-2.3999996185302734,-0.37224133122407316,-0.929999828338623,0.0031938705600814913,0.3937330004186006,548.4171752929688,18.229999542236328
2024-09-19,2.7930039023103626,-4.409999847412109,-0.3701250617540415,-0.8529999256134033,0.02174167011473602,1.260522398642909,557.775634765625,16.329999923706055
2024-09-20,2.781920026048249,-5.7400007247924805,-0.36976010813359783,-0.817000150680542,0.016580672750151983,1.3510853759952928,556.8113403320312,16.149999618530273
2024-09-23,2.765690002154839,-4.350000381469727,-0.370219931132506,-0.7639997005462646,0.02695582612099602,-0.41834770808783545,558.2026977539062,15.890000343322754
2024-09-24,2.733717970158959,-4.34999942779541,-0.3717708075069098,-0.7589998245239258,0.019243785108442588,-0.28437463411375485,559.7999267578125,15.390000343322754
2024-09-25,2.7350166394301496,-4.329999923706055,-0.36697282851869845,-0.7060000896453857,0.019422649551142777,-0.7300789958128868,558.5653076171875,15.40999984741211
2024-09-26,2.7324175501047714,-3.890000343322754,-0.3653498217940895,-0.6770000457763672,0.022007263515134236,-0.2154246176911665,560.77978515625,15.369999885559082
2024-09-27,2.8308575763821904,-3.8000011444091797,-0.3668390662503406,-0.7329998016357422,0.026378021975376337,-0.5263272788193311,559.9664916992188,16.959999084472656
2024-09-30,2.817203487636887,-2.5699996948242188,-0.3651104865551484,-0.6960000991821289,0.030287907776484237,0.6159900013969132,562.21044921875,16.729999542236328
2024-10-01,2.9580304182537716,-1.3400001525878906,-0.3704059049648385,-0.7389998435974121,0.011788245416336246,1.0751433418678298,557.1738891601562,19.260000228881836
2024-10-02,2.939161901882013,-1.8299999237060547,-0.36806781970777913,-0.687999963760376,0.033003841218475154,-0.7939859962940946,557.4091186523438,18.899999618530273
2024-10-03,3.0199369510803917,-1.2199993133544922,-0.3639602254423335,-0.6150002479553223,0.03322303562123538,-0.6445892641106911,556.3900146484375,20.489999771118164
2024-10-04,2.9554309291215706,-4.170000076293945,-0.35963519062097926,-0.5240001678466797,0.04470423041619231,-0.5396574584462821,561.446044921875,19.209999084472656
2024-10-07,3.1197182263759906,-2.5900001525878906,-0.3587913876014263,-0.49900007247924805,0.05259617715457591,-0.18065792245996504,556.3704223632812,22.639999389648438
2024-10-08,3.0643250685814114,-3.520000457763672,-0.3583780422045742,-0.49499988555908203,0.05087536210637341,-0.8716544553640342,561.63232421875,21.420000076293945
2024-10-09,3.0378334788320487,-4.5,-0.35702666795569893,-0.4679999351501465,0.05343163112905926,-0.8254741959309383,565.5223999023438,20.860000610351562
2024-10-10,3.041183551038691,-5.530000686645508,-0.35644835669148134,-0.43400001525878906,0.04147336371839851,-0.4757208831163848,564.53271484375,20.93000030517578
2024-10-11,3.0184717157762972,-6.440000534057617,-0.3536249694609484,-0.4419999122619629,0.03905600122355484,-0.5799848516230589,567.913330078125,20.459999084472656
2024-10-14,2.9806186744718333,-5.4800004959106445,-0.35321261616336497,-0.4200000762939453,0.04199178320860611,-0.910761202153257,572.5579223632812,19.700000762939453
2024-10-15,3.0272309110420648,-5.919999122619629,-0.35832540597181034,-0.47699975967407227,0.0327161175658973,0.07607728602452418,568.1093139648438,20.639999389648438
2024-10-16,2.97450863320584,-6.069999694824219,-0.3597056211679172,-0.4869999885559082,0.03664435611440349,-1.173904787675174,570.5784912109375,19.579999923706055
2024-10-17,2.9502117901910383,-5.959999084472656,-0.35375388748357733,-0.41899967193603516,0.0397003706664013,-0.9454977541806513,570.6275024414062,19.110000610351562
2024-10-18,2.8920370752987252,-6.810000419616699,-0.3501968546080893,-0.440000057220459,0.026619119360967433,-0.7748047741782644,572.822509765625,18.030000686645508
2024-10-21,2.9107189449120305,-4.84999942779541,-0.34395960264186365,-0.3359999656677246,0.026705700268063112,-0.8303815750629485,571.8817138671875,18.3700008392334
2024-10-22,2.901421636002499,-4.619999885559082,-0.34525330604100524,-0.29600000381469727,0.023678701160835022,-0.9223097728573777,571.5779418945312,18.200000762939453
2024-10-23,2.956991433341415,-3.5500011444091797,-0.344900348435563,-0.2630000114440918,0.01164204041324956,-0.09280176221088768,566.355224609375,19.239999771118164
2024-10-24,2.948640662021506,-3.1800003051757812,-0.3450142649510105,-0.2870001792907715,0.01601030059516234,-0.8499124984763979,567.580078125,19.079999923706055
2024-10-25,3.012097623887479,-2.450000762939453,-0.3436473052767161,-0.2780003547668457,0.01170830821075036,-0.1937965977318424,567.3841552734375,20.329999923706055
2024-10-28,2.9856818991681933,1.0,-0.3403039145279646,-0.20399999618530273,0.016246205129382633,-1.0941421323597278,569.1381225585938,19.799999237060547
2024-10-29,2.9621754979149046,1.8100013732910156,-0.3412421830920075,-0.20599985122680664,0.013863870610257366,-0.3942059855061552,570.0591430664062,19.34000015258789
2024-10-30,3.013080930634045,2.8299999237060547,-0.34172343874572225,-0.19700002670288086,0.01983294050336246,-0.4497686193968966,568.3345947265625,20.350000381469727
2024-10-31,3.142426646116371,3.4099998474121094,-0.34248307995815436,-0.14800024032592773,-0.00038693110836583836,0.6089063342306456,557.1934814453125,23.15999984741211
2024-11-01,3.0855729391975917,1.5599994659423828,-0.3369256806135479,-0.03900003433227539,0.005654954795635649,-0.15918679481536552,559.5452880859375,21.8799991607666
2024-11-04,3.0901329281491026,4.200000762939453,-0.34151544442650034,-0.10900020599365234,-0.0055477533079370395,-0.730619799071107,558.3399047851562,21.979999542236328
2024-11-05,3.0199369510803917,4.510000228881836,-0.3435011878757696,-0.13399982452392578,0.015553026527981791,-0.6019281275995253,565.09130859375,20.489999771118164
2024-11-06,2.78932294936639,-1.8199996948242188,-0.331253041883789,-0.0039997100830078125,0.030701287754450413,1.8397148213448298,579.142578125,16.270000457763672
2024-11-07,2.721295415303884,-3.1100006103515625,-0.3387378020411114,-0.07899999618530273,0.03150121798272108,0.0555803624755053,583.62060546875,15.199999809265137
2024-11-08,2.704042151617877,-3.739999771118164,-0.3405722592185404,-0.11699962615966797,0.03757524888492779,-0.016762047035565178,586.1487426757812,14.9399995803833
2024-11-11,2.7060482162691324,-2.799999237060547,-0.33978734502585883,-0.10699987411499023,0.03255698913654677,-0.7490532617150121,586.7071533203125,14.970000267028809
2024-11-12,2.688527537206614,-2.789999008178711,-0.3347392512384005,0.009000301361083984,0.02130073253815908,-0.2896798806829484,584.8846435546875,14.710000038146973
2024-11-13,2.640484914257205,-3.6999998092651367,-0.33070687268982224,0.06100034713745117,0.029586433666308254,0.10196207458279316,585.1687622070312,14.020000457763672
2024-11-14,2.6609586228916786,-3.5500001907348633,-0.33257306693761746,0.03500032424926758,0.01879888997223215,-0.618303082566614,581.4061889648438,14.3100004196167
2024-11-15,2.78130062502572,-2.9999990463256836,-0.33316122689942834,0.034999847412109375,0.005821407535312519,2.3971687950214324,573.9590454101562,16.139999389648438
2024-11-18,2.7459880355456865,-3.210000991821289,-0.3331154592178802,0.01100015640258789,0.006071276174203367,-0.801280501029995,576.3108520507812,15.579999923706055
2024-11-19,2.794227920674744,-3.450000762939453,-0.3337230366902228,-0.028999805450439453,0.011363610920994359,0.2085079937368057,578.4174194335938,16.350000381469727
2024-11-20,2.842581085167748,-3.1800003051757812,-0.3315796690902234,-0.0039997100830078125,0.012233913129252512,0.26863641936450805,578.613525390625,17.15999984741211
2024-11-21,2.825536946304965,-4.030000686645508,-0.3300028075679202,0.01900005340576172,0.02676706575724719,0.002564707399052818,581.7196044921875,16.8700008392334
2024-11-22,2.723923535240007,-5.839999198913574,-0.3311770813154046,-0.005000114440917969,0.027701307418335055,-0.7072940876312418,583.5225830078125,15.239999771118164
2024-11-25,2.6810215548423537,-4.560000419616699,-0.339787175233225,-0.1400003433227539,0.03143292201520097,-0.3744533485301484,585.501953125,14.600000381469727
2024-11-26,2.6461748244387127,-4.80000114440918,-0.339114490727383,-0.09299993515014648,0.03355426882261995,-0.11441766389456519,588.5591430664062,14.100000381469727
2024-11-27,2.6461748244387127,-5.850000381469727,-0.3397527540731609,-0.14300012588500977,0.028902616018304503,-1.0770826014594135,586.7757568359375,14.100000381469727
2024-11-29,2.603430168913768,-5.369999885559082,-0.34392173118800173,-0.19500017166137695,0.03812534923501558,-1.351898078609176,590.4208984375,13.510000228881836
2024-12-02,2.5907670519258503,-4.4800004959106445,-0.34585507508063845,-0.18400001525878906,0.05971395293885542,-1.1829806391294424,591.4791870117188,13.34000015258789
2024-12-03,2.5877640495686753,-4.369999885559082,-0.34231401415034635,-0.13399982452392578,0.05596565922582804,-1.5294986490679638,591.7534790039062,13.300000190734863
2024-12-04,2.598979091866817,-4.789999008178711,-0.34474055149300886,-0.16499996185302734,0.06431251331603884,-0.22905110019815111,595.427978515625,13.449999809265137
2024-12-05,2.605648264666775,-4.899999618530273,-0.345345685772732,-0.15000009536743164,0.05064601701430494,-1.3432889558631873,594.4480590820312,13.539999961853027
2024-12-06,2.54709870589125,-5.939999580383301,-0.3459786843819084,-0.14400005340576172,0.027978649766336794,-1.1153036648561805,595.5750122070312,12.770000457763672
2024-12-09,2.6525374616006543,-4.119999885559082,-0.344698219717093,-0.09400033950805664,0.015113347077066184,-0.8240578005472131,592.508056640625,14.1899995803833
2024-12-10,2.6518325426255456,-3.689999580383301,-0.34265641297463884,-0.06399965286254883,0.007676845822792823,-0.5999722012210438,590.6658325195312,14.180000305175781
2024-12-11,2.608598116512439,-4.839999198913574,-0.3396808935101515,0.015999794006347656,0.014425530706762071,-1.2936034978368018,595.2320556640625,13.579999923706055
2024-12-12,2.6333266603871603,-5.420000076293945,-0.33678499190996614,0.10099983215332031,0.012370740949192747,-1.0303397710921396,592.1650390625,13.920000076293945
2024-12-13,2.6253929978061894,-6.25,-0.3340817580954223,0.1810002326965332,0.011686658467381596,-0.659066714251511,592.0475463867188,13.8100004196167
2024-12-16,2.687166961621,-5.5099992752075195,-0.3334815492269584,0.16899967193603516,0.022398073362947166,0.008783238287378665,594.5755004882812,14.6899995803833
2024-12-17,2.76443052732717,-4.739998817443848,-0.3357123197383598,0.14500045776367188,0.031161160022718057,1.044295627962795,592.1258544921875,15.869999885559082
2024-12-18,3.318540178366135,11.179998397827148,-0.33355828925605463,0.26200008392333984,-0.0031847013723377343,4.678659916833394,574.4783935546875,27.6200008392334
2024-12-19,3.1817968229608558,-0.4200000762939453,-0.3291540094387174,0.35000038146972656,-0.007140393212004432,2.9620682569616115,574.302001953125,24.09000015258789
2024-12-20,2.910174418435893,-4.15000057220459,-0.3268324200619962,0.30900001525878906,0.004460184366469032,4.602037403360562,581.2000122070312,18.360000610351562
2024-12-23,2.8201877419595305,-3.8899993896484375,-0.32660650844718936,0.3839998245239258,0.00507675042274391,0.68418091614288,584.6803588867188,16.780000686645508
2024-12-24,2.6581594635674883,-6.310000419616699,-0.3265105934211545,0.39100027084350586,0.013035824880640685,-0.7078037927993015,591.1790771484375,14.270000457763672
2024-12-26,2.689886199397575,-5.7300004959106445,-0.32490440871273496,0.3639998435974121,0.009715946013222605,-0.24200868660559843,591.2183837890625,14.729999542236328
2024-12-27,2.7694588172725547,-4.7599992752075195,-0.32412495490641907,0.44099998474121094,-0.0060741277995183295,1.0803253288986607,584.9949951171875,15.949999809265137
2024-12-30,2.8564701842969358,-3.130000114440918,-0.3270295201843092,0.36299991607666016,-0.014516636338667142,0.6161461851336145,578.3192749023438,17.399999618530273
2024-12-31,2.8535925283795955,-3.8299999237060547,-0.3246324497308483,0.36499977111816406,-0.024354238575250976,0.6676077723303403,576.21533203125,17.350000381469727
2025-01-02,2.886475304637442,-3.0699996948242188,-0.3223133692857467,0.36699962615966797,-0.028605318703896206,0.26198748966208835,574.7994384765625,17.93000030517578
2025-01-03,2.780680840107767,-4.699999809265137,-0.3184500504636344,0.4030003547668457,-0.016642961546292266,-0.44542387275695633,581.9864501953125,16.1299991607666
2025-01-06,2.7750856595161313,-3.830000877380371,-0.3141424309143609,0.42799997329711914,-0.01708918610771402,0.11459005127302083,585.3390502929688,16.040000915527344
2025-01-07,2.8803214049171983,-3.0900001525878906,-0.3128159838633846,0.48000001907348633,-0.02681040703135904,0.8335514338039941,578.722412109375,17.81999969482422
2025-01-08,2.8735646826837065,-3.190000534057617,-0.3131529777761351,0.48799991607666016,-0.02724446461957481,0.07413672870276487,579.5679321289062,17.700000762939453
2025-01-10,2.972463693468645,-3.1399993896484375,-0.3125897940947,0.5630002021789551,-0.03746697673136701,1.4986675357502368,570.7192993164062,19.540000915527344
2025-01-13,2.954389337849604,-1.7299995422363281,-0.3099940781029258,0.5850000381469727,-0.03280355240236438,0.0721577551770952,571.604248046875,19.190000534057617
2025-01-14,2.9290580913534825,-1.8400001525878906,-0.30986232613939924,0.5750002861022949,-0.03912956325766608,0.0955201202806951,572.3906860351562,18.709999084472656
2025-01-15,2.780060789140106,-4.289999961853027,-0.3130267359626276,0.4479999542236328,-0.01593703103986943,0.5563929048994845,582.802490234375,16.1200008392334
2025-01-16,2.8094027183426014,-3.4700002670288086,-0.3138628612192788,0.41099977493286133,-0.01766355274066787,-0.2018244846851531,581.6817016601562,16.600000381469727
2025-01-17,2.7707119789475727,-4.060000419616699,-0.31382479221952964,0.4160003662109375,-0.0119343724378141,0.6107391761390025,587.5217895507812,15.970000267028809
2025-01-21,2.7120422502347417,-3.189999580383301,-0.31697503354667506,0.3769998550415039,0.001305764005858976,-0.28035774177836714,592.8995361328125,15.0600004196167
2025-01-22,2.714694769083774,-4.239999771118164,-0.3151860253090028,0.3839998245239258,0.03716848265670662,0.03291665238523885,596.232666015625,15.100000381469727
2025-01-23,2.7093826768129303,-4.100000381469727,-0.312527720706943,0.4250001907348633,0.04291869129054163,-0.3749505557434383,599.4868774414062,15.020000457763672
2025-01-24,2.6979998909369054,-4.669999122619629,-0.3133608156895767,0.42100000381469727,0.028055495921644816,-0.7507569038801223,597.7367553710938,14.850000381469727
2025-01-27,2.8848006915355513,-0.5199985504150391,-0.31949325811251467,0.3399996757507324,0.007838788966800908,1.2629827341223763,589.2815551757812,17.899999618530273
2025-01-28,2.79789089580353,-1.489999771118164,-0.3184776167697413,0.36100006103515625,0.005340931018915449,-0.21317048878990336,594.344970703125,16.40999984741211
2025-01-29,2.806990116707257,-1.739999771118164,-0.3178037097686523,0.36699962615966797,0.0007815025069048772,-0.6143514958030861,591.6806030273438,16.559999465942383
2025-01-30,2.7625383960193535,-2.9300003051757812,-0.3181527379051254,0.3299999237060547,0.016716200584065588,-0.5065925715722276,594.8560791015625,15.84000015258789
2025-01-31,2.7991089506234785,-2.5799999237060547,-0.3169060712471388,0.3809995651245117,0.022857274088070714,1.0190041652583628,591.6903076171875,16.43000030517578
2025-02-03,2.924236316920531,-0.1700000762939453,-0.319744127614715,0.3530001640319824,0.01974963886187765,0.9510948798937975,587.70849609375,18.6200008392334
2025-02-04,2.8454905570260416,-1.6399993896484375,-0.3185511695065643,0.3000001907348633,0.028895861526803488,-0.8437115365851608,591.6510620117188,17.209999084472656
2025-02-05,2.7581094300024462,-3.0799989700317383,-0.3228692186307671,0.21199989318847656,0.02051620160225356,-0.9799697136085281,594.0499267578125,15.770000457763672
2025-02-06,2.740840023925201,-3.7900009155273438,-0.3225253547391485,0.22700023651123047,0.018241820654490322,-0.6921585311937335,596.1146850585938,15.5
2025-02-07,2.805781744947862,-3.9599990844726562,-0.3213096384181671,0.2589998245239258,0.02041426739391911,0.13225528924274418,590.6580200195312,16.540000915527344
2025-02-10,2.760642677762601,-4.469999313354492,-0.3195745048503109,0.2649998664855957,0.025722693402165195,-1.20478564534431,594.6693725585938,15.8100004196167
2025-02-11,2.773837970214724,-4.450000762939453,-0.3177180374312613,0.3120002746582031,0.04186823032829975,-0.9597410221164073,595.12158203125,16.020000457763672
2025-02-12,2.765690002154839,-4.799999237060547,-0.31443985792938667,0.4089999198913574,0.03709226400257932,-0.13074680989515153,593.2044677734375,15.890000343322754
2025-02-13,2.714694769083774,-5.529999732971191,-0.31765713635438203,0.3120002746582031,0.046219525174682384,-0.363113782105135,599.4672241210938,15.100000381469727
2025-02-14,2.692598127536089,-6.249999046325684,-0.3204248000490395,0.259000301361084,0.028143571937815606,-1.1113112665165705,599.4376220703125,14.770000457763672
2025-02-18,2.731115498884654,-4.619999885559082,-0.3172200993535145,0.33100032806396484,0.03300032504837714,-1.0914163497679505,601.1976318359375,15.350000381469727
2025-02-19,2.725890149208515,-4.869999885559082,-0.3170251616974869,0.3169999122619629,0.02536253500431104,-0.850242287156319,602.6134033203125,15.270000457763672
2025-02-20,2.751109680818858,-4.550000190734863,-0.3188116669366778,0.2950000762939453,0.012081876577777824,-0.5275255656097672,600.1063232421875,15.65999984741211
2025-02-21,2.9019708434634395,-2.479999542236328,-0.32420956044467675,0.22300004959106445,-0.010776196145745756,1.599907512113186,589.842041015625,18.209999084472656
2025-02-24,2.943385769063569,-1.5600013732910156,-0.32553818610258156,0.20300006866455078,-0.020780206053878692,0.21103222884846345,587.157958984375,18.979999542236328
2025-02-25,2.966818279095771,-0.7399997711181641,-0.3306520358899277,0.11599969863891602,-0.022842159987450653,0.6074719599756743,584.2379150390625,19.43000030517578
2025-02-26,2.949688355024821,-0.8700008392333984,-0.33137813058212506,0.0560002326965332,-0.008091132977232702,-0.1915300378510288,584.5328369140625,19.100000381469727
2025-02-27,3.0506937919103403,-0.26999855041503906,-0.32904713847352424,0.08999967575073242,-0.03273762525799898,1.4130210240103176,575.2025756835938,21.1299991607666
2025-02-28,2.9770589655357758,-1.3000011444091797,-0.3306867025307082,0.03800010681152344,-0.012759706040199253,2.0678164507059624,584.1788940429688,19.6299991607666
2025-03-03,3.1258829881615076,1.779998779296875,-0.33592477448667163,-0.013000011444091797,-0.035787395555677094,1.287739820529307,573.9441528320312,22.780000686645508
2025-03-04,3.157425872287488,2.010000228881836,-0.33275851394816675,0.014999866485595703,-0.04235875360644297,2.8181648695822594,567.1504516601562,23.510000228881836
2025-03-05,3.087855576345701,1.1800003051757812,-0.3290449368814884,0.059999942779541016,-0.024915962531299674,0.9760644295516707,573.24609375,21.93000030517578
2025-03-06,3.2136622915601216,3.0900001525878906,-0.329690721304482,0.08899974822998047,-0.04951263789667518,1.3457198980535134,563.0702514648438,24.8700008392334
2025-03-07,3.1514531844614804,1.2000007629394531,-0.3264854728414693,0.11999988555908203,-0.0479696213634043,1.3492028568534076,566.2262573242188,23.3700008392334
2025-03-10,3.3271919902594687,5.470001220703125,-0.3336782617501331,0.0279998779296875,-0.07843588048132628,2.0776780281723672,551.1445922851562,27.860000610351562
2025-03-11,3.292869507610626,3.5900001525878906,-0.33066844982757443,0.09299993515014648,-0.07758775668735027,1.5173192954230519,546.5629272460938,26.920000076293945
2025-03-12,3.1875915159360004,1.5900001525878906,-0.32656030640291245,0.12099981307983398,-0.07906355857937274,0.670348090110635,549.4633178710938,24.229999542236328
2025-03-13,3.2051824915485305,1.3000011444091797,-0.3353011851629498,0.08599996566772461,-0.09324401591869991,0.8435896359467908,542.1386108398438,24.65999984741211
2025-03-14,3.080532896273726,-0.39999961853027344,-0.33026397251461115,0.11999988555908203,-0.06957196772054149,0.3165791546481931,553.3369750976562,21.770000457763672
2025-03-17,3.0209125832438133,0.0,-0.32989397169979173,0.11800003051757812,-0.07239247984036899,-0.31437073599665866,557.6038818359375,20.510000228881836
2025-03-18,3.0773122957049135,0.6200008392333984,-0.3340667925141406,0.08599996566772461,-0.08321042315829988,0.4379344747334241,551.5770263671875,21.700000762939453
2025-03-19,2.9907197125611136,-1.039999008178711,-0.3333853498432362,0.06599998474121094,-0.07531025381095592,0.4417433504759735,557.5841674804688,19.899999618530273
2025-03-20,2.9856818991681933,-1.25,-0.3333027441818843,0.05099964141845703,-0.08055818244937003,0.2625915993626244,555.9718627929688,19.799999237060547
2025-03-21,2.9590683247967924,-1.7700004577636719,-0.3334384345532719,0.06699991226196289,-0.07605932088596985,1.1888421477297992,556.1552734375,19.280000686645508
2025-03-24,2.861057344039536,-0.48000144958496094,-0.32620830615396784,0.14899969100952148,-0.0410572299935331,0.08771420679980531,566.1151733398438,17.479999542236328
2025-03-25,2.841998151368816,-1.039999008178711,-0.3277272844811152,0.125,-0.03409550561327609,-0.8596881700805026,567.4759521484375,17.149999618530273
2025-03-26,2.908539057689369,0.11999893188476562,-0.3276978315487292,0.14799976348876953,-0.04111986891951972,-0.1684938066514615,560.7013549804688,18.329999923706055
2025-03-27,2.9279886500419825,0.1400012969970703,-0.32839099995762855,0.180999755859375,-0.0442838077175767,-0.6702219311899277,559.2122802734375,18.690000534057617
2025-03-28,3.0750054368286497,0.6800003051757812,-0.33617625971179776,0.06699991226196289,-0.04853699483271105,0.8712490999949006,547.95068359375,21.649999618530273
2025-03-31,3.1036894458780013,3.1700000762939453,-0.3369688243771399,0.05299997329711914,-0.05733160177571175,2.028536358639324,551.6289672851562,22.280000686645508
2025-04-01,3.080532896273726,2.6399993896484375,-0.3382209190174074,-0.043999671936035156,-0.0368358654746622,-0.07553133438306318,553.1870727539062,21.770000457763672
2025-04-02,3.0685179539203564,2.8400001525878906,-0.3384879638611467,-0.006999969482421875,-0.018620025981426046,1.0121454156611052,556.6878051757812,21.510000228881836
2025-04-03,3.401863841453939,6.719999313354492,-0.3509027627082426,-0.13000011444091797,-0.07984716275153789,3.2173057865577785,529.2537231445312,30.020000457763672
2025-04-04,3.8135277889878307,20.459999084472656,-0.36415719423570325,-0.17000031471252441,-0.12226287542596168,5.379028512291734,498.26971435546875,45.310001373291016
2025-04-07,3.8497219694869678,25.700000762939453,-0.35311144801000216,0.005000114440917969,-0.12963499728711547,5.045368690983239,497.3822021484375,46.97999954223633
2025-04-08,3.9575698553746506,26.12999725341797,-0.3449833658719352,0.0840001106262207,-0.11842521635876221,2.4896832403678486,489.591796875,52.33000183105469
2025-04-09,3.515121096210236,10.14000129699707,-0.33511209274841447,0.17199993133544922,-0.010214711959701729,3.770823844311287,541.0083618164062,33.619998931884766
2025-04-10,3.7067194022202417,14.720001220703125,-0.33443044906692887,0.19700002670288086,-0.06031528713020504,1.9430194593854853,517.3019409179688,40.720001220703125
2025-04-11,3.625939690902655,9.40999984741211,-0.33123887550929226,0.2800002098083496,-0.02920951731179288,0.5739146383911412,526.5320434570312,37.560001373291016
2025-04-14,3.430432487171618,4.570001602172852,-0.33245720771747317,0.16899967193603516,-0.04000034844535829,-0.06026399647854334,531.64013671875,30.889999389648438
2025-04-15,3.405189430794687,0.9400005340576172,-0.33510698237345654,0.1230001449584961,-0.050486717381369416,-0.29814776337660404,530.151123046875,30.1200008392334
2025-04-16,3.4855385113964097,2.280000686645508,-0.33945437134677225,0.0709996223449707,-0.06209811963427167,0.2538608424519753,518.366943359375,32.63999938964844
2025-04-17,3.3894621125779762,-1.7000007629394531,-0.33224729804980857,0.12800025939941406,-0.07150438834317027,0.16576830406771095,519.1065063476562,29.649999618530273
2025-04-21,3.5210523344469045,4.730001449584961,-0.32734852864749586,0.19500017166137695,-0.09269917848483078,-0.0601609716230284,506.7503662109375,33.81999969482422
2025-04-22,3.4200191259198913,3.6899986267089844,-0.32593474963066754,0.17600011825561523,-0.06734395974805357,0.0681053110559141,519.9348754882812,30.56999969482422
2025-04-23,3.348148187389192,2.719999313354492,-0.3253521458675418,0.1789999008178711,-0.06971744395762622,0.36515745770015795,527.991455078125,28.450000762939453
2025-04-24,3.2760119902984917,1.8400001525878906,-0.32661670668350684,0.10799980163574219,-0.05128771283908094,-0.2054075119271423,539.1051635742188,26.469999313354492
2025-04-25,3.2124552632081076,-0.7300014495849609,-0.3310198376652105,0.07299995422363281,-0.03207853776216195,-0.280473926435384,543.0003051757812,24.84000015258789
2025-04-28,3.224857881377966,0.7399997711181641,-0.3328247903083649,0.023000240325927734,-0.029037844297095328,-0.5609144463293314,543.2074584960938,25.149999618530273
2025-04-29,3.185112197871947,-0.26999855041503906,-0.3324703835409872,-0.017000198364257812,-0.0024144636806993757,-0.5589817684927108,546.6292724609375,24.170000076293945
2025-04-30,3.206803274522168,-0.470001220703125,-0.33308759172384933,-0.013000011444091797,-0.0087079707946047,0.3936556926000173,546.8462524414062,24.700000762939453
2025-05-01,3.2027464584452163,-0.6700000762939453,-0.32827599592501744,0.046000003814697266,-0.004466557563078143,-0.25832796088135757,550.7217407226562,24.600000381469727
2025-05-02,3.1214834923152734,-2.780000686645508,-0.32278663342685027,0.11399984359741211,0.003960123432932029,-0.30943681615346025,558.896728515625,22.68000030517578
2025-05-05,3.162940166719303,-1.8199996948242188,-0.3217644975048495,0.13499975204467773,0.048745939545712866,-0.7722726686758394,555.6918334960938,23.639999389648438
2025-05-06,3.2092294570604114,-1.2700004577636719,-0.3244942949336824,0.09800004959106445,0.10067879567210494,-0.5732595278029741,551.047119140625,24.760000228881836
2025-05-07,3.1591257880658463,-2.010000228881836,-0.32565682695562276,0.059999942779541016,0.10665828126449793,-0.4265414197739716,553.3645629882812,23.549999237060547
2025-05-08,3.1126260046623373,-2.1300010681152344,-0.32086102628529467,0.15799999237060547,0.1293886538055855,-0.2310741005341677,557.2202758789062,22.479999542236328
2025-05-09,3.086486619403746,-2.509998321533203,-0.31984946525473423,0.15999984741210938,0.028250970978601467,-0.8239683713121712,556.5103149414062,21.899999618530273
2025-05-12,2.911807005426911,-2.25,-0.3097804349091946,0.17699956893920898,0.10557197407138408,0.057729882110062414,574.9014892578125,18.389999389648438
2025-05-13,2.9025198541454498,-2.6800003051757812,-0.3088614932141301,0.21400022506713867,0.0944688745970143,-0.19943251533678377,578.6981811523438,18.219999313354492
2025-05-14,2.924236316920531,-3.049999237060547,-0.30744253775012037,0.24300003051757812,0.08609129565545487,-0.24455715088231444,579.4376831054688,18.6200008392334
2025-05-15,2.880882427596084,-4.369999885559082,-0.31268457616084866,0.19700002670288086,0.09376862351710993,-0.1453519769552524,582.2679443359375,17.829999923706055
2025-05-16,2.8472322519593383,-5.729999542236328,-0.31342012926252727,0.20399999618530273,0.12256131426373294,-0.05660470317871697,585.9559936523438,17.239999771118164
2025-05-19,2.8981194110402666,-3.8800010681152344,-0.31401720059774624,0.2350001335144043,0.12222883580394155,-0.25193956790152433,586.596923828125,18.139999389648438
2025-05-20,2.895359307842134,-4.149999618530273,-0.3120908002758374,0.2329998016357422,0.1429515860455609,-0.43854650763650366,584.6246948242188,18.09000015258789
2025-05-21,3.0383127613015377,-3.1000003814697266,-0.30759399953825756,0.36100006103515625,0.10027216474461113,0.33757088384609457,574.7733154296875,20.8700008392334
2025-05-22,3.009635212581242,-3.8999996185302734,-0.31066353295511656,0.3210000991821289,0.08529025923044425,-0.2238484767505566,575.0001831054688,20.280000686645508
2025-05-23,3.104138188471233,-3.1700000762939453,-0.3116698790978695,0.27899980545043945,0.05761033787818382,-0.11392655283447098,571.0752563476562,22.290000915527344
2025-05-27,2.9423314485395675,-3.3900012969970703,-0.3146004864390646,0.23099994659423828,0.07098873145018304,-0.19954632575094483,582.9483642578125,18.959999084472656
2025-05-28,2.9606230687833737,-3.479999542236328,-0.3128027343641035,0.2520003318786621,0.06480515960143093,-0.30701453848967625,579.5758056640625,19.309999465942383
2025-05-29,2.9538680853664383,-3.780000686645508,-0.3157690838295272,0.1939997673034668,0.062465102002210976,-0.26957778603128996,581.863525390625,19.18000030517578
2025-05-30,2.921547358930808,-4.6399993896484375,-0.3177694463177157,0.18400001525878906,0.06094921198465032,0.2125178775623492,581.2127685546875,18.56999969482422
2025-06-02,2.910174418435893,-3.450000762939453,-0.3151110078271599,0.23000001907348633,0.05950434264088418,-0.4600975757225417,584.4866943359375,18.360000610351562
2025-06-03,2.8729995383614964,-4.099998474121094,-0.313685531275883,0.22499990463256836,0.050455662887886374,-0.3977684484982343,587.8197631835938,17.690000534057617
2025-06-04,2.8684669571674872,-4.619998931884766,-0.31905132575832623,0.125,0.055937942932716825,-0.5388891427975543,587.6619262695312,17.610000610351562
2025-06-05,2.916689041442776,-3.770000457763672,-0.3181296440683033,0.16200017929077148,0.0594870342545143,0.27371713390434604,584.8218994140625,18.479999542236328
2025-06-06,2.8195916031316988,-5.820000648498535,-0.3121947484685317,0.2780003547668457,0.06550698789204133,-0.32074498071355817,590.8274536132812,16.770000457763672
2025-06-09,2.842581085167748,-4.710000038146973,-0.3146788626421842,0.24200010299682617,0.05946421091642399,-0.6194232982495252,591.3599243164062,17.15999984741211
2025-06-10,2.8302678788376356,-4.780000686645508,-0.31470853234979457,0.2239999771118164,0.06639284113513963,-0.302868512137675,594.7127685546875,16.950000762939453
2025-06-11,2.8483916989161067,-4.879999160766602,-0.31811774241962626,0.16200017929077148,0.031023794328577884,-0.13176525089194355,593.0166625976562,17.260000228881836
2025-06-12,2.891482277583281,-4.529998779296875,-0.32253500476923985,0.0989999771118164,0.02840783064465304,-0.34981990998755896,595.3734741210938,18.020000457763672
2025-06-13,3.0359140485290044,-3.3600006103515625,-0.3195426694854132,0.18400001525878906,0.015887852125630215,0.231236024067375,588.7172241210938,20.81999969482422
2025-06-16,2.9502117901910383,-3.3599987030029297,-0.3157639585909695,0.20399999618530273,0.020484304390675202,-0.0020770339207533415,594.3182983398438,19.110000610351562
2025-06-17,3.0726933323507546,-1.0499992370605469,-0.3203288821515837,0.17500019073486328,0.0055885530241452635,0.0440206295737562,589.2398071289062,21.600000381469727
2025-06-18,3.002707856984976,-2.8400001525878906,-0.31956042409384205,0.17399978637695312,0.004344606717192845,-0.09102201782199262,589.1510009765625,20.139999389648438
2025-06-20,3.026261519288784,-4.159999847412109,-0.3172550198636661,0.17999982833862305,0.005361292731153697,0.30645669331326564,587.7674560546875,20.6200008392334
2025-06-23,2.9871959386843043,-3.8999996185302734,-0.31787075877238663,0.16200017929077148,0.03218447332167495,0.14970919201085933,593.572998046875,19.829999923706055
2025-06-24,2.861057344039536,-4.649999618530273,-0.3198162880780073,0.11100006103515625,0.04277655752780263,-0.3157440530589091,600.13037109375,17.479999542236328
2025-06-25,2.818995108710371,-5.859999656677246,-0.3188716231153639,0.10500001907348633,0.050186044160174186,-0.4595973012263835,600.4666137695312,16.760000228881836
2025-06-26,2.8088001133999354,-5.960000991821289,-0.31967600660248047,0.059999942779541016,0.03740199412434202,-0.08152712697518828,605.1646728515625,16.59000015258789
2025-06-27,2.7923913308364643,-6.640000343322754,-0.31852403843418253,0.08599996566772461,0.048160161521284314,0.08544539261930015,608.1713256835938,16.31999969482422
2025-06-30,2.817203487636887,-5.670000076293945,-0.3201616682684617,0.039999961853027344,0.04899038559237863,0.2268318263307563,611.0790405273438,16.729999542236328
2025-07-01,2.8231630036695035,-5.720000267028809,-0.32262874933469093,0.026000022888183594,0.04978574596110176,-0.30082262297107876,610.8812866210938,16.829999923706055
2025-07-02,2.8118093987132804,-6.280000686645508,-0.32057645877494323,0.07000017166137695,0.048691651518918286,-0.39043391735504845,613.6505737304688,16.639999389648438
2025-07-03,2.7960610271896718,-6.35999870300293,-0.3175730650094382,0.10800027847290039,0.05085589520121255,-0.7477902029362865,618.487060546875,16.3799991607666
2025-07-07,2.8786365531407747,-4.499999046325684,-0.31496062768182664,0.15000009536743164,0.04364446842421562,-0.1631733981887257,613.8780517578125,17.790000915527344
2025-07-08,2.8219739156502905,-5.680000305175781,-0.31347122191157095,0.16499996185302734,0.04794105485904731,-0.5304990526771886,613.5418090820312,16.809999465942383
2025-07-09,2.768831647037307,-6.4900007247924805,-0.3164435497489472,0.0970001220703125,0.043703139868827144,-0.3287751589554565,617.2210083007812,15.9399995803833
2025-07-10,2.7587432984957503,-6.460000038146973,-0.3176252957054873,0.10600042343139648,0.045618507154539856,-0.5994090998532742,618.961669921875,15.779999732971191
2025-07-11,2.797281311569803,-6.340001106262207,-0.31278610483769786,0.18599987030029297,0.03644329767912606,-0.43333933204749514,616.7858276367188,16.399999618530273
2025-07-14,2.844909428176351,-5.569999694824219,-0.3117589979576678,0.19899988174438477,0.041205713167174036,-1.2734013082301727,617.9627685546875,17.200000762939453
2025-07-15,2.855320071549938,-5.369999885559082,-0.3111440021836108,0.2569999694824219,0.03295694590078687,0.3645941577547649,615.3220825195312,17.3799991607666
2025-07-16,2.842581085167748,-6.319999694824219,-0.3100954200290938,0.23000001907348633,0.04753746684278,1.3989906672275318,617.3792114257812,17.15999984741211
2025-07-17,2.804571795802497,-6.550000190734863,-0.31150513080914705,0.22799968719482422,0.0441694959054438,-0.0738257794959496,621.1574096679688,16.520000457763672
2025-07-18,2.79789089580353,-6.880000114440918,-0.3119821054967575,0.20200014114379883,0.05201858276464054,-0.2937949082886317,620.7024536132812,16.40999984741211
2025-07-21,2.812410193515358,-4.560000419616699,-0.3144832477048176,0.1490001678466797,0.05406365529471421,-0.4412726315645475,621.87939453125,16.649999618530273
2025-07-22,2.803360380906535,-4.500000953674316,-0.3151314134697148,0.10599994659423828,0.056557874751725336,-0.6736337534372443,621.9683837890625,16.5
2025-07-23,2.7324175501047714,-4.5099992752075195,-0.3130733630905724,0.14800024032592773,0.05520055172407835,0.10279704868294268,627.259765625,15.369999885559082
2025-07-24,2.733717970158959,-4.479999542236328,-0.3128440339239067,0.16300010681152344,0.044544909485007736,0.18788660122422376,627.4674682617188,15.390000343322754
2025-07-25,2.7033726319915394,-5.489999771118164,-0.31543908639175783,0.14100027084350586,0.04820012748775561,-0.8853350776736291,630.1180419921875,14.930000305175781
2025-07-28,2.7100481859984953,-4.789999961853027,-0.31391553319177706,0.18499994277954102,0.040155558884793996,-1.017739618313486,629.9598999023438,15.029999732971191
2025-07-29,2.771337911692091,-4.15000057220459,-0.319891939015789,0.09999990463256836,0.032558392027303804,-0.6240927042086365,628.2982788085938,15.979999542236328
2025-07-30,2.739548838590284,-4.890000343322754,-0.31825452211398597,0.14400005340576172,0.026528640565123326,0.8529553093564688,627.507080078125,15.479999542236328
2025-07-31,2.8166055665892396,-3.989999771118164,-0.3179069509844358,0.125,0.023093992543614442,2.534726508576932,625.1531372070312,16.719999313354492
2025-08-01,3.014553986615314,-1.7099990844726562,-0.32668900992563005,0.037999629974365234,0.0020447447271913994,4.327532681303757,614.9066162109375,20.3799991607666
2025-08-04,2.8633431116363086,-3.1800003051757812,-0.3250505859960603,0.04699993133544922,0.00927954691342893,0.14482879930551415,624.2530517578125,17.520000457763672
2025-08-05,2.882003529596501,-3.220001220703125,-0.3262772309054493,0.046000003814697266,0.011676700152712504,-0.21469666686619757,621.088134765625,17.850000381469727
2025-08-06,2.8195916031316988,-4.469999313354492,-0.32500759575584237,0.08699989318847656,0.01985515722292604,-0.47824069815347786,625.8455200195312,16.770000457763672
2025-08-07,2.8075938130211036,-4.590000152587891,-0.32500263198080837,0.10599994659423828,0.013038422165371637,0.15179963314095501,625.3212890625,16.56999969482422
2025-08-08,2.718000506775858,-5.840001106262207,-0.32168399490863114,0.15199995040893555,0.01798954222788335,-0.5210836853714459,630.197265625,15.149999618530273
2025-08-11,2.7880929087757464,-3.5,-0.3232366899282786,0.12999963760375977,0.01953158667956784,-0.929722484749293,628.9510498046875,16.25
2025-08-12,2.689886199397575,-5.2300004959106445,-0.3219075208114924,0.16300010681152344,0.02821493216260192,-0.501443060972096,635.6468505859375,14.729999542236328
2025-08-13,2.673458740536743,-5.949999809265137,-0.3245731075374353,0.12799978256225586,0.03591458742160583,-0.8084281383695965,637.82275390625,14.489999771118164
2025-08-14,2.6966521510052726,-5.510000228881836,-0.3237293090747735,0.1810002326965332,0.03267009414128854,-0.8492848637512117,637.8821411132812,14.829999923706055
2025-08-15,2.7140322828916124,-5.369998931884766,-0.3217083753422077,0.21600008010864258,0.024224968443454363,-0.2142576984265528,636.388671875,15.09000015258789
2025-08-18,2.707383296845538,-4.660000801086426,-0.3206302913917539,0.21799993515014648,0.024740029263716223,-1.819581456086148,636.2501831054688,14.989999771118164
2025-08-19,2.745345966245664,-4.199999809265137,-0.3224296627082727,0.1919999122619629,0.01740571492335749,-0.09936960959584354,632.7984008789062,15.569999694824219
2025-08-20,2.753023540000728,-4.010000228881836,-0.32325880749097136,0.1810002326965332,0.014602010758286535,1.133918234636807,631.1170043945312,15.6899995803833
2025-08-21,2.8094027183426014,-3.039999008178711,-0.3212935001562502,0.20200014114379883,0.0021106395049630615,-1.082822181470318,628.5850830078125,16.600000381469727
2025-08-22,2.6546494431534917,-5.909999847412109,-0.3210559660755543,0.17200040817260742,0.017019677685208644,0.8490962402045752,638.2381591796875,14.220000267028809
2025-08-25,2.6939512741434677,-5.010000228881836,-0.3204019090113703,0.18200016021728516,0.008393504777855587,-1.281668878640993,635.42919921875,14.789999961853027
2025-08-26,2.6823904464939363,-4.989999771118164,-0.31890117416399716,0.1700000762939453,0.012822832291185393,-1.2245626622867951,638.0897827148438,14.619999885559082
2025-08-27,2.6979998909369054,-4.670000076293945,-0.31802897480599596,0.17799997329711914,0.017739839754356862,-1.3908957103269064,639.5436401367188,14.850000381469727
2025-08-28,2.669309393934482,-6.039999008178711,-0.3190788748853696,0.13499975204467773,0.022535164725585553,-0.5432526118262879,641.80859375,14.430000305175781
2025-08-29,2.731766705367784,-5.630000114440918,-0.31729607175549723,0.18400001525878906,0.02031179573066224,0.30154937123329484,637.98095703125,15.359999656677246
2025-09-02,2.8431636793528288,-3.2099990844726562,-0.315026930061196,0.24499988555908203,0.029400177269047006,0.7584599696032914,633.2533569335938,17.170000076293945
2025-09-03,2.794227920674744,-4.4800004959106445,-0.3182366861888385,0.19299983978271484,0.0197196854278584,0.03550676968687579,636.685302734375,16.350000381469727
2025-09-04,2.7278528408647205,-5.069999694824219,-0.3223247798084392,0.17800021171569824,0.03312538529345479,-0.3337982083942788,642.0064697265625,15.300000190734863
2025-09-05,2.71997879207129,-5.760000228881836,-0.32832779153112696,0.17599987983703613,0.02259413190438251,0.9696623068834075,640.1469116210938,15.180000305175781
2025-09-08,2.715356753563089,-4.790000915527344,-0.3318297294983357,0.11800003051757812,0.02588597011843395,-0.4610468742070672,641.7196655273438,15.109999656677246
2025-09-09,2.710713315985326,-4.660000801086426,-0.3311489536646098,0.13099980354309082,0.02042768595944253,-0.2822473476417464,643.203125,15.039999961853027
2025-09-10,2.731115498884654,-4.15000057220459,-0.3333654942604415,0.10199999809265137,0.025293874523095616,0.4859509467730487,645.0625610351562,15.350000381469727
2025-09-11,2.688527537206614,-5.040000915527344,-0.33553939556656437,0.08300018310546875,0.022979924853444165,-0.04115325493264441,650.423095703125,14.710000038146973
2025-09-12,2.691920834679226,-5.209999084472656,-0.3347431038490125,0.13299989700317383,0.019227951606748957,0.13661628673695947,650.2054443359375,14.760000228881836
2025-09-15,2.753023540000728,-3.820000648498535,-0.3350259576766892,0.13399982452392578,0.02444478115817878,-0.4327647711389259,653.6671752929688,15.6899995803833
2025-09-16,2.794839368482153,-3.119999885559082,-0.33487522660256774,0.1359999179840088,0.02541098605589375,-0.5861195206440581,652.7671508789062,16.360000610351562
2025-09-17,2.7549338039876257,-3.910000801086426,-0.33407839519349536,0.20800018310546875,0.024385490452836004,2.0403218371778076,651.9561767578125,15.720000267028809
2025-09-18,2.753660700205545,-4.9900007247924805,-0.3298054409120623,0.2239999771118164,0.03448698038882887,1.2697899838822135,655.0023803710938,15.699999809265137
2025-09-19,2.737608990998456,-6.069999694824219,-0.3286309233388644,0.2609999179840088,0.042088240846079046,1.7315492472328744,658.2465209960938,15.449999809265137
2025-09-22,2.778819295684189,-4.700000762939453,-0.32565306730241483,0.2950000762939453,0.05082801266089513,-0.05429228526713828,661.3607177734375,16.100000381469727
2025-09-23,2.8118093987132804,-4.770000457763672,-0.32836243346285776,0.27499985694885254,0.030129561980716216,0.711770919650808,657.7606201171875,16.639999389648438
2025-09-24,2.7837759304916423,-5.749999046325684,-0.3256806996823366,0.2889997959136963,0.03135365458039098,-0.16174686258201362,655.6678466796875,16.18000030517578
2025-09-25,2.817801051388579,-5.289999008178711,-0.3267197271171825,0.2890000343322754,0.022551188281049534,1.189182931073489,652.6429443359375,16.739999771118164
2025-09-26,2.727199017446074,-6.1399993896484375,-0.32609424127126724,0.3269999027252197,0.025988105830975546,-0.08555542237483915,656.3820190429688,15.289999961853027
2025-09-29,2.780060789140106,-5.25,-0.3276904807830592,0.2779998779296875,0.025259258762055467,0.21198250390955362,658.2266845703125,16.1200008392334
2025-09-30,2.7899374027516357,-4.820000648498535,-0.3270735102120494,0.30299973487854004,0.035000700436092956,1.013828957193369,660.7061157226562,16.280000686645508
2025-10-01,2.7905514788157535,-5.2300004959106445,-0.3292145011311892,0.2609999179840088,0.045840325041176654,0.12639001396266633,662.95751953125,16.290000915527344
2025-10-02,2.811208242739808,-5.09999942779541,-0.3311979651311672,0.23999977111816406,0.041586481663662064,-0.889329937334741,663.7210693359375,16.6299991607666
2025-10-03,2.812410193515358,-5.609999656677246,-0.3310564577734699,0.2609999179840088,0.03324879830749556,-0.006783887214985361,663.7112426757812,16.649999618530273
2025-10-06,2.7954504426495905,-5.55000114440918,-0.3275765911779419,0.3020002841949463,0.03972933660982796,-1.0235946543274608,666.0914916992188,16.3700008392334
2025-10-07,2.8472322519593383,-4.719999313354492,-0.3305771653934365,0.2839999198913574,0.03356108200537579,0.08994090646078545,663.6219482421875,17.239999771118164
2025-10-08,2.7911650610066143,-6.090000152587891,-0.33080624999703423,0.28600025177001953,0.037197402521561077,-0.6436409289513835,667.5791625976562,16.299999237060547
2025-10-09,2.7991089506234785,-5.459999084472656,-0.3316830782262793,0.2949998378753662,0.03140949387117576,-0.2724722976821656,665.6452026367188,16.43000030517578
2025-10-10,3.075467234528159,-1.1099987030029297,-0.34033241162406846,0.19800019264221191,-0.0042661003244493885,4.599652353500618,647.6542358398438,21.65999984741211
2025-10-13,2.946016717390323,-2.9099998474121094,-0.3375049171416859,0.19800019264221191,0.01129617379821339,0.37245111070291764,657.5919189453125,19.030000686645508
2025-10-14,3.035433614742034,-1.6500015258789062,-0.33969268419640436,0.16899991035461426,0.004763846211652153,0.8596677864524317,656.78857421875,20.809999465942383
2025-10-15,3.0272309110420648,-2.6599998474121094,-0.33646959990646635,0.18799996376037598,0.010571476598990355,0.4743544888336963,659.7044677734375,20.639999389648438
2025-10-16,3.231199553456376,1.0,-0.34291592301545953,0.1230001449584961,0.004980997510231304,1.902110426621672,655.211669921875,25.309999465942383
2025-10-17,3.033991018714657,-2.2900009155273438,-0.3383519281839643,0.17499995231628418,0.0059797232011617315,1.1450164733347166,658.9308471679688,20.780000686645508
2025-10-20,2.903068563580112,-2.9599990844726562,-0.3393976090670183,0.18799996376037598,0.01138586702137413,-0.6836173516188212,665.7840576171875,18.229999542236328
2025-10-21,2.8831233761345922,-3.1100006103515625,-0.3410599576055302,0.17799997329711914,0.006650939243038956,-0.882205649995129,665.7740478515625,17.8700008392334
2025-10-22,2.9231616012282804,-1.9599990844726562,-0.34302781661239623,0.16499996185302734,0.006896893787716441,0.3372979481101817,662.3128051757812,18.600000381469727
2025-10-23,2.8507064574031857,-3.029998779296875,-0.33955604028327624,0.20299983024597168,0.01599607995130513,-0.4260463184032508,666.2402954101562,17.299999237060547
2025-10-24,2.7954504426495905,-4.350000381469727,-0.33852585070758323,0.23399996757507324,0.0287595626135544,0.0017204445610183076,671.6851806640625,16.3700008392334
2025-10-27,2.7593768258516564,-4.34999942779541,-0.33774656729241204,0.27900004386901855,0.03477539865181489,-0.563802249634494,679.6094970703125,15.789999961853027
2025-10-28,2.7985001086706855,-3.919999122619629,-0.3388197622298836,0.2630000114440918,0.034621481819014616,-0.6289801982436883,681.41455078125,16.420000076293945
2025-10-29,2.8284963586871754,-4.220000267028809,-0.336219605431177,0.3280000686645508,0.0313418895893413,0.6147874681503248,681.7418212890625,16.920000076293945
2025-10-30,2.827905153886959,-5.079999923706055,-0.3327159695742972,0.3359999656677246,0.016881085171342108,0.20520452375993625,674.2439575195312,16.90999984741211
2025-10-31,2.858766449103403,-5.779999732971191,-0.328678540887418,0.38299989700317383,0.01900486917601365,0.812366705197714,676.4556274414062,17.440000534057617
2025-11-03,2.8431636793528288,-5.409998893737793,-0.329100806095844,0.3229999542236328,0.02089465569147087,-0.8844733100547385,677.7251586914062,17.170000076293945
2025-11-04,2.9444389791664403,-3.5400009155273438,-0.3303321730793589,0.29600024223327637,0.005390438262309544,0.30685780162184856,669.6917114257812,19.0
2025-11-05,2.890927171896462,-4.7300004959106445,-0.32634858455186055,0.3689999580383301,0.012564236605725554,0.07695126954782755,672.012451171875,18.010000228881836
2025-11-06,2.970414465569701,-3.229999542236328,-0.33121695920974825,0.3299999237060547,-0.004168448567673557,0.6638984165480267,664.8021850585938,19.5
2025-11-07,2.948640662021506,-3.8800010681152344,-0.3283600750057192,0.3359999656677246,-0.00028318877719918275,1.4933914859996418,665.4567260742188,19.079999923706055
2025-11-10,2.867898923718522,-4.19999885559082,-0.3255463427080405,0.32700014114379883,0.04260051781705916,0.09106535346586069,675.8407592773438,17.600000381469727
2025-11-11,2.8495498031123385,-5.010000228881836,-0.32839468154693563,0.33699989318847656,0.029659490990354056,-0.8595970604752476,677.3878784179688,17.280000686645508
2025-11-12,2.862772159369253,-4.970000267028809,-0.3293897394326375,0.2869999408721924,0.031438119734749644,-0.6743892170170004,677.7647705078125,17.510000228881836
2025-11-13,2.995732273553991,-2.6800003051757812,-0.32853342755901327,0.3190000057220459,0.010275103853090677,1.585058427946836,666.5179443359375,20.0
2025-11-14,2.9871959386843043,-2.969999313354492,-0.3255665163687324,0.3599996566772461,0.01694515583020902,1.1880426508168833,666.408935546875,19.829999923706055
2025-11-17,3.1081676653845203,-0.8500003814697266,-0.3278230280334268,0.36099982261657715,0.0019247071721967312,0.807766033274642,660.2003173828125,22.3799991607666
2025-11-18,3.206398324987611,0.6399993896484375,-0.32802653593989667,0.3510000705718994,-0.01685499820512592,2.0587073721906273,654.6563110351562,24.690000534057617
2025-11-19,3.1637858521010482,-0.8899993896484375,-0.32761791855959854,0.36099982261657715,-0.0129842301589413,0.9594781685265317,657.1853637695312,23.65999984741211
2025-11-20,3.2741213019819138,0.5900001525878906,-0.3295999373548223,0.33099985122680664,-0.02313152136443167,4.04326339288554,647.1683349609375,26.420000076293945
2025-11-21,3.1540172655447054,-2.4499988555908203,-0.32975716801779187,0.3230001926422119,-0.019132024608457858,2.023895750909795,653.6149291992188,23.43000030517578
2025-11-24,3.0214000426107397,-3.3000011444091797,-0.3309824591405785,0.3080000877380371,-0.012660210774792499,0.02381205078485232,663.235107421875,20.520000457763672
2025-11-25,2.921008698583398,-5.339999198913574,-0.33029398909575514,0.26999974250793457,-0.015026856753066609,0.0298474460879121,669.4734497070312,18.559999465942383
2025-11-26,2.8443278504626814,-6.690000534057617,-0.3327024665405508,0.24499988555908203,-0.01079948999292245,-0.41152633282933515,674.09521484375,17.190000534057617
2025-11-28,2.794227920674744,-6.029999732971191,-0.3305113960178345,0.32000017166137695,-0.005836064795620753,-1.4376272989781989,677.7747192382812,16.350000381469727
2025-12-01,2.8472322519593383,-3.6700000762939453,-0.3269402564470263,0.4030001163482666,0.0006470361266454137,-0.8609466059096864,674.6803588867188,17.239999771118164
2025-12-02,2.8088001133999354,-4.420000076293945,-0.32570912044917383,0.4140000343322754,-0.0007772542467030949,-0.7716953122635356,675.9300537109375,16.59000015258789
2025-12-03,2.777576259006172,-5.249999046325684,-0.32709282818864055,0.4220001697540283,0.0008045323229244279,-1.023358885022401,678.2706298828125,16.079999923706055
2025-12-04,2.7587432984957503,-5.189999580383301,-0.32454877627282225,0.495999813079834,0.013459675840207717,-0.7865837258237798,678.7664794921875,15.779999732971191
2025-12-05,2.7350166394301496,-5.370000839233398,-0.323557012557736,0.5360000133514404,0.011897964354716718,-0.012275702470753222,680.0557861328125,15.40999984741211
2025-12-08,2.8130106275797595,-3.6199989318847656,-0.32396009946425397,0.5539999008178711,0.019676572108719065,-1.0943897139921879,678.0127563476562,16.65999984741211
2025-12-09,2.829087214170784,-3.780000686645508,-0.32381174541843366,0.5539999008178711,0.017828910502797852,-0.933688385735284,677.427490234375,16.93000030517578
2025-12-10,2.7581094300024462,-4.670000076293945,-0.3250669474849566,0.5710000991821289,0.00895546528835148,0.28860619610371896,681.92041015625,15.770000457763672
2025-12-11,2.6979998909369054,-6.589999198913574,-0.32374804011859604,0.5729997158050537,0.008993147319519671,0.30166574058521967,683.5072021484375,14.850000381469727
2025-12-12,2.756205228447844,-5.770000457763672,-0.3195451903073224,0.6689996719360352,-0.0023733851681014147,1.4633376211010871,676.1580810546875,15.739999771118164
2025-12-15,2.803360380906535,-5.4800004959106445,-0.32022812488470875,0.6440000534057617,0.012847882955575157,0.4499862683093451,675.1365356445312,16.5
2025-12-16,2.8021474967044036,-5.789999961853027,-0.32187193618962234,0.6040000915527344,0.010275421350670843,1.7949845159359397,673.2918701171875,16.479999542236328
2025-12-17,2.8690346681376235,-4.329999923706055,-0.3220265716086131,0.6080000400543213,0.00857103931789172,1.266103781518255,665.8832397460938,17.6200008392334
2025-12-18,2.825536946304965,-5.670000076293945,-0.323095231494355,0.5940001010894775,0.02452685217324492,1.165041423538967,670.9114990234375,16.8700008392334
2025-12-19,2.7020321185427174,-7.760000228881836,-0.3210050840891811,0.6289999485015869,0.029693797949510315,0.9202251818240679,676.9923095703125,14.90999984741211
2025-12-22,2.6447553453112924,-7.290000915527344,-0.3199529173239204,0.6410000324249268,0.051264043372704404,-0.5268146510430799,681.2098999023438,14.079999923706055
2025-12-23,2.6390573296152584,-7.779999732971191,-0.3202055654828072,0.6220002174377441,0.04591208670458242,-0.7248952652054559,684.3233032226562,14.0
2025-12-24,2.6004650102462374,-8.600000381469727,-0.32223738283031617,0.5810000896453857,0.03481243451024569,-1.7308416678558411,686.7305297851562,13.470000267028809
2025-12-26,2.6100698207912507,-8.120000839233398,-0.3226432980143866,0.5930001735687256,0.025349051077359217,-1.5916046204493115,686.660888671875,13.600000381469727
2025-12-29,2.653241951175182,-6.449999809265137,-0.32362602095168586,0.5780000686645508,0.014899170828764853,-0.727015531173614,684.2138671875,14.199999809265137
2025-12-30,2.662355236516009,-6.310000419616699,-0.3214600968833657,0.5900001525878906,0.008233709273571112,-1.309716581718182,683.3783569335938,14.329999923706055
2025-12-31,2.7047112870785104,-6.180000305175781,-0.31819564179494714,0.6160001754760742,0.0053731090117975,-0.22859907204217939,678.3152465820312,14.949999809265137
2026-01-02,2.674838082670172,-6.300000190734863,-0.31742730771590155,0.6539998054504395,0.005353860710194649,0.36392114529763436,679.55859375,14.510000228881836
2026-01-05,2.701361187349418,-5.880000114440918,-0.31763758518070495,0.6499998569488525,0.00853512983763137,-0.34128164284984425,684.0845336914062,14.899999618530273
2026-01-06,2.691243082785829,-6.0199995040893555,-0.31739023540564715,0.6589999198913574,0.013733980101077188,-0.4610848313504976,688.1529541015625,14.75
2026-01-07,2.73306797151839,-6.050000190734863,-0.318361573312702,0.622999906539917,0.008607678331081751,-0.20678226807715236,685.9347534179688,15.380000114440918
2026-01-08,2.737608990998456,-5.559999465942383,-0.31481178621174605,0.6760001182556152,0.011514876662891657,-0.6807226856045294,685.8651123046875,15.449999809265137
2026-01-09,2.673458740536743,-7.0199995040893555,-0.3176927171654703,0.6579999923706055,0.018970068076441735,-0.03327056092699444,690.4010009765625,14.489999771118164
2026-01-12,2.716018363182543,-6.289999961853027,-0.31602326807152575,0.6539998054504395,0.013928840395865526,-0.6896320189540304,691.4852294921875,15.119999885559082
2026-01-13,2.771337911692091,-6.340000152587891,-0.3181925962498655,0.6110000610351562,0.009603089063015371,-0.048884744120610495,690.1026000976562,15.979999542236328
2026-01-14,2.8183982582710754,-6.190000534057617,-0.32071762725820224,0.5799999237060547,0.015486102303579413,0.6759787443898383,686.7106323242188,16.75
2026-01-15,2.7625383960193535,-6.579999923706055,-0.31945590872652135,0.5949997901916504,0.019717560447287372,-0.07016660129687066,688.5806884765625,15.84000015258789
2026-01-16,2.7638001945596176,-6.899999618530273,-0.3159494535214689,0.6740000247955322,0.021615328668790883,0.01575667062151938,688.0037231445312,15.859999656677246
2026-01-20,3.000222186422059,-1.3500003814697266,-0.3124645517626707,0.7230000495910645,0.012113054736027262,1.4502023086467977,673.9981689453125,20.09000015258789
2026-01-21,2.8273135993568546,-3.4800004959106445,-0.3154890068027705,0.6649997234344482,0.016065178789851378,2.0637574509700904,681.77685546875,16.899999618530273
2026-01-22,2.7498317570687476,-4.369999885559082,-0.31664706346845445,0.6610000133514404,0.012252163411393721,-0.1517493394713213,685.3379516601562,15.640000343322754
2026-01-23,2.7781979704876907,-4.149999618530273,-0.3177716573163333,0.6569998264312744,0.006404264388122683,-0.7508083646616539,685.5865478515625,16.09000015258789
2026-01-26,2.781920026048249,-4.0199995040893555,-0.31809045837234756,0.6379997730255127,0.006909567077067366,-0.8575358273249637,689.0680541992188,16.149999618530273
2026-01-27,2.794227920674744,-4.369998931884766,-0.3171314665206175,0.6530001163482666,0.007374403412457844,-1.0511725089535122,691.8134765625,16.350000381469727
2026-01-28,2.794227920674744,-4.7599992752075195,-0.3172892520773494,0.6689999103546143,0.007375148572873752,-0.8048379063818779,691.7438354492188,16.350000381469727
2026-01-29,2.8261294394501912,-4.449999809265137,-0.3176839744582503,0.6470003128051758,0.008958818379929206,0.7327818952213053,690.3711547851562,16.8799991607666
2026-01-30,2.858766449103403,-4.380000114440918,-0.31557955696537265,0.6690001487731934,0.007193659720363724,0.903132352892415,688.3120727539062,17.440000534057617
2026-02-02,2.793616098770161,-4.920001029968262,-0.3140462930507565,0.6970000267028809,0.019589267789288205,-0.0629948667463819,691.7339477539062,16.34000015258789
2026-02-03,2.8903717578961645,-3.280000686645508,-0.3151196940320249,0.6840002536773682,0.009266528869137359,1.1353773405838588,685.885009765625,18.0
2026-02-04,2.925309776513262,-1.9500007629394531,-0.3150867847848162,0.6800000667572021,-0.002227131034664826,0.9891619135046703,682.5626831054688,18.639999389648438
2026-02-05,3.080532896273726,-0.15999984741210938,-0.3210118770616654,0.6319999694824219,-0.0207246946941748,1.303229906823742,674.0379638671875,21.770000457763672
2026-02-06,3.014063271438193,-4.940000534057617,-0.3180837167016796,0.6159999370574951,0.0015070027697743264,0.2710002878018625,686.96923828125,20.3700008392334
2026-02-09,2.854168744390704,-5.340000152587891,-0.31672345607008967,0.6050000190734863,0.006418763083505653,-0.35806473414587825,690.2816772460938,17.360000610351562
2026-02-10,2.8786365531407747,-5.4900007247924805,-0.3200615217130182,0.556999921798706,-0.0028134767895649786,-0.6981989508751802,688.4613037109375,17.790000915527344
2026-02-11,2.87073576176629,-6.190000534057617,-0.31910178793045874,0.5720000267028809,-0.004613826806340494,-0.23208947733037308,688.3021850585938,17.649999618530273
2026-02-12,3.0359140485290044,-2.3700008392333984,-0.3242833292556471,0.5060000419616699,-0.018181755153992417,1.4862328458910867,677.668701171875,20.81999969482422
2026-02-13,3.025291094313483,-3.3999996185302734,-0.3268620207998487,0.4630002975463867,-0.01255022048545329,0.5336306021405489,678.1461181640625,20.600000381469727
2026-02-17,3.010128198959819,-1.2900009155273438,-0.3283422096234674,0.4590001106262207,-0.013657544903131782,-0.07064712404148171,679.2402954101562,20.290000915527344
2026-02-18,2.9765494969115993,-2.309999465942383,-0.3261200670032969,0.4760000705718994,-0.007794227717193968,-0.38047033943874137,682.662109375,19.6200008392334
2026-02-19,3.007166628551692,-2.009998321533203,-0.3265556838290643,0.4799997806549072,0.01013170965156547,-0.9757618761831467,680.8616333007812,20.229999542236328
2026-02-20,2.9491646457307357,-3.0699996948242188,-0.3250084075991733,0.4909999370574951,0.00586260545746544,0.7579680404142576,685.7855834960938,19.09000015258789
2026-02-23,3.0449985257508563,-1.029998779296875,-0.3276893227170143,0.44099974632263184,-0.009610918017974241,0.3641176080424696,678.7827758789062,21.010000228881836
2026-02-24,2.972975247406338,-2.739999771118164,-0.3281631095974965,0.44499993324279785,-0.0027314002247361695,-0.3108205534661942,683.7164916992188,19.549999237060547
2026-02-25,2.886475304637442,-4.079999923706055,-0.32653417344996466,0.45999979972839355,0.0006062101391745701,-1.105363869292656,689.4859008789062,17.93000030517578
2026-02-26,2.924773139566078,-4.159999847412109,-0.32802643198516124,0.4290001392364502,-0.008940056919727761,-0.3624245005134721,685.6561889648438,18.6299991607666
2026-02-27,2.988707689349733,-2.969999313354492,-0.32927738421262964,0.3839998245239258,-0.013652894491173474,0.19491371971128513,682.3637084960938,19.860000610351562
2026-03-02,3.065258361112005,-1.260000228881836,-0.3264571282965753,0.45799994468688965,-0.011098095017532308,0.38315227602180224,682.751708984375,21.440000534057617
2026-03-03,3.159974704000404,1.0099983215332031,-0.3280012326537356,0.4610002040863037,-0.016964481369769274,1.1892333864313696,676.7337036132812,23.56999969482422
2026-03-04,3.051639887455893,-1.6900005340576172,-0.3254141134928988,0.4849998950958252,-0.014893071460247426,-0.07233559121519255,681.5082397460938,21.149999618530273
2026-03-05,3.1675825304806504,-0.3100013732910156,-0.32542929705947465,0.557999849319458,-0.011992740704606809,1.2204159154252263,677.70849609375,23.75
2026-03-06,3.3840512150658477,2.8800010681152344,-0.32695824190930256,0.562999963760376,-0.020330902683994907,0.9049794981475461,668.82568359375,29.489999771118164
2026-03-09,3.2386784521643803,2.510000228881836,-0.32692644675317895,0.5430002212524414,0.0009588428731125336,0.9698803009388879,674.6845703125,25.5
2026-03-10,3.2160719097767734,0.030000686645507812,-0.32166758734193174,0.5410001277923584,-0.019652634600839703,-0.0596697911529847,673.6002807617188,24.93000030517578
2026-03-11,3.1875915159360004,-0.529998779296875,-0.31570806378459026,0.6080002784729004,-0.025718785335802945,-0.7120007686996297,672.7548217773438,24.229999542236328
2026-03-12,3.3065203682683353,2.029998779296875,-0.3166952256833216,0.6679997444152832,-0.03837959444245744,1.2335216030851863,662.5390625,27.290000915527344
2026-03-13,3.3028492782860717,0.7199993133544922,-0.3148962464930228,0.681999921798706,-0.04382466060954171,0.649057930731869,658.7890014648438,27.190000534057617
2026-03-16,3.157425872287488,-0.5900001525878906,-0.3165403228321193,0.6149997711181641,-0.01812979441989585,-0.08999744495973834,665.493408203125,23.510000228881836
2026-03-17,3.107720813018059,-1.9699993133544922,-0.3176160862516578,0.5970001220703125,-0.01620695431674147,0.18294356261905484,667.2440185546875,22.3700008392334
2026-03-18,3.222469366459953,-0.529998779296875,-0.3173537101006155,0.6489999294281006,-0.0318710488789166,-0.06216745818047221,657.9335327148438,25.09000015258789
2026-03-19,3.180550688349624,-1.4500007629394531,-0.3184903540597843,0.6690001487731934,-0.03936343926816471,1.4213693490407162,656.3121948242188,24.059999465942383
2026-03-20,3.2876553659032615,-0.4799995422363281,-0.31547514445393277,0.7729997634887695,-0.05116205947373648,3.6224678320625654,646.9034423828125,26.780000686645508
2026-03-23,3.263849175923179,1.6599998474121094,-0.3154694687798188,0.7220001220703125,-0.04792272480106338,2.2212435854381156,653.6959228515625,26.149999618530273
2026-03-24,3.2939833256644473,1.6499996185302734,-0.316845419210316,0.7720003128051758,-0.04102132632285551,0.5383747223663974,651.5015869140625,26.950000762939453
2026-03-25,3.2319894610015845,-0.3699989318847656,-0.31728604255856274,0.7080001831054688,-0.042706295269338244,0.2676870950813675,655.1322021484375,25.329999923706055
2026-03-26,3.3120018223204255,-0.1100006103515625,-0.31575333305299946,0.7960000038146973,-0.06912931957448669,0.5065810804797396,643.432373046875,27.440000534057617
2026-03-27,3.4355987838081687,1.3699989318847656,-0.3158776806190651,0.8329999446868896,-0.080758342545117,0.8034589225699659,632.4606323242188,31.049999237060547
2026-03-30,3.421326772896934,1.4400005340576172,-0.3211260182585648,0.7439999580383301,-0.07929382763349276,0.5794021110890321,630.3460693359375,30.610000610351562
2026-03-31,3.228826155721369,-1.3699989318847656,-0.3179131566990486,0.7109999656677246,-0.05120887064671644,2.8579132380595764,648.6688842773438,25.25
2026-04-01,3.2003044765903175,-1.25,-0.31653408198903016,0.7139997482299805,-0.034849206143283004,0.39227253252119876,653.5562744140625,24.540000915527344
2026-04-02,3.1726224755092383,-3.010000228881836,-0.3183675712715744,0.7060000896453857,-0.04097964560922546,-0.9522083575989375,654.144775390625,23.8700008392334
2026-04-06,3.185112197871947,-0.8700008392333984,-0.3150501235163418,0.7120001316070557,-0.030672844033637816,-2.16434494079361,657.23681640625,24.170000076293945
2026-04-07,3.249599024145855,1.7000007629394531,-0.3159000510096504,0.7279999256134033,-0.01703915505422096,-0.806475689654409,657.5260009765625,25.780000686645508
2026-04-08,3.0464254313831653,-3.520000457763672,-0.31386504782868485,0.6909999847412109,-0.0006102803098921592,0.21401688644138248,674.27294921875,21.040000915527344
2026-04-09,2.969901501775917,-5.0,-0.31274342339935274,0.7050001621246338,0.006750559007484223,-1.3640187714248602,678.162841796875,19.489999771118164
2026-04-10,2.956471535796025,-5.5,-0.31408528242257333,0.7239999771118164,0.007344487400664516,-1.9517903754958066,677.7140502929688,19.229999542236328
2026-04-13,2.9507349515162145,-4.010000228881836,-0.31417917303525994,0.6940000057220459,0.0323709315738045,-1.4045275643724413,684.3369750976562,19.1200008392334
2026-04-14,2.910174418435893,-4.119998931884766,-0.31447203117567707,0.6440000534057617,0.05015838576775618,-1.0143650712863619,692.675537109375,18.360000610351562
2026-04-15,2.899771886606976,-4.770000457763672,-0.314605338089833,0.6700000762939453,0.04789295472300491,-1.2073931016868595,698.1414184570312,18.170000076293945
2026-04-16,2.8870328863997474,-5.310000419616699,-0.31132363565904997,0.6990001201629639,0.047720196865122654,-1.4936721864802545,699.8569946289062,17.940000534057617
2026-04-17,2.861057344039536,-5.699999809265137,-0.3131558100127576,0.6459999084472656,0.07378534601540243,-0.6453111102803708,708.3152465820312,17.479999542236328
2026-04-20,2.9375734038549357,-3.4499988555908203,-0.3139332730948234,0.6519999504089355,0.07425093839174834,-1.6840658634928065,706.8988037109375,18.8700008392334
2026-04-21,2.970414465569701,-2.8299999237060547,-0.31271832509844094,0.6939997673034668,0.08212205873383456,-1.0395905673284516,702.2708129882812,19.5
2026-04-22,2.9402195676561815,-3.9499988555908203,-0.31301612525297046,0.6990001201629639,0.08175259005959593,-1.6398405929650965,709.3825073242188,18.920000076293945
2026-04-23,2.9606230687833737,-3.4399986267089844,-0.3118969135791601,0.7279999256134033,0.0812267607971082,-1.0744408295311467,706.6295776367188,19.309999465942383
2026-04-24,2.9290580913534825,-4.590000152587891,-0.31125931632473486,0.7170000076293945,0.08338898009825937,-1.4769083663907527,712.10546875,18.709999084472656
2026-04-27,2.891482277583281,-4.079999923706055,-0.3080541751947502,0.7460000514984131,0.10313040712609249,-1.883434708287327,713.332275390625,18.020000457763672
2026-04-28,2.880882427596084,-3.799999237060547,-0.3098788225948451,0.7640001773834229,0.11545148921580639,-1.4828446478191477,709.8612060546875,17.829999923706055
2026-04-29,2.934388614920721,-3.5799999237060547,-0.3076482380834369,0.8280003070831299,0.11864596026019003,-1.4983862978987554,709.7515258789062,18.809999465942383
2026-04-30,2.826721694682848,-5.710000038146973,-0.3056361861513857,0.804999828338623,0.0998930142547355,-0.5389144546947191,716.8132934570312,16.889999389648438
2026-05-01,2.8326249222122786,-6.220001220703125,-0.3060115463992527,0.80299973487854,0.09515203376262127,-1.3861790572544208,718.7982177734375,16.989999771118164
2026-05-04,2.9063545124589427,-4.44999885559082,-0.30603627641597153,0.8560001850128174,0.09058186060071782,-1.0345013257238296,716.1649780273438,18.290000915527344
2026-05-05,2.855320071549938,-6.179999351501465,-0.3082220505534605,0.8159999847412109,0.09385637368096855,-1.5227174252489766,721.9102172851562,17.3799991607666
2026-05-06,2.8558952932683437,-5.809999465942383,-0.3101813377247718,0.7560000419616699,0.10722015878707536,-0.9051692558911502,731.9443359375,17.389999389648438
2026-05-07,2.8379081838935654,-5.789999961853027,-0.3098010031156823,0.7940001487731934,0.0789986766870375,-0.931806970843371,729.7001342773438,17.079999923706055
2026-05-08,2.8443278504626814,-6.289999961853027,-0.3105223370401274,0.7689998149871826,0.08146843792092122,-1.0621702341245827,735.724609375,17.190000534057617
2026-05-11,2.9112630712673986,-4.350000381469727,-0.31004530796511837,0.809999942779541,0.08440540574458882,-1.147714715885884,737.4002685546875,18.3799991607666
2026-05-12,2.8898160352397158,-4.700000762939453,-0.30801908736424655,0.8599998950958252,0.07316429871558498,-0.7775533461061197,736.2831420898438,17.989999771118164
2026-05-13,2.8831233761345922,-5.310000419616699,-0.30807092184798807,0.8810000419616699,0.06663230438781004,-1.1018651886734612,740.4025268554688,17.8700008392334
2026-05-14,2.8483916989161067,-5.710000038146973,-0.3081775490415743,0.872999906539917,0.06663562386586859,-1.0327554396855025,746.2474975585938,17.260000228881836
2026-05-15,2.913979788240374,-4.989999771118164,-0.3066967713634008,1.0069997310638428,0.052079008726451465,-0.47918904692845105,737.2706298828125,18.43000030517578
2026-05-18,2.8803214049171983,-4.059999465942383,-0.30383458330859575,1.0550000667572021,0.03936201448803722,-0.9011430305224525,736.751953125,17.81999969482422
2026-05-19,2.8936995184175425,-4.480001449584961,-0.3011977862250871,1.0919997692108154,0.03468068160735001,-0.6615668700981882,731.8446044921875,18.059999465942383
2026-05-20,2.858766449103403,-5.619999885559082,-0.30250946409707186,1.0150001049041748,0.05144592911727699,-0.9479086026463722,739.3452758789062,17.440000534057617
2026-05-21,2.818995108710371,-5.920000076293945,-0.3040446005560091,1.003999948501587,0.04335127259170529,-1.000834001806208,740.8114624023438,16.760000228881836
2026-05-22,2.8154087651077058,-5.960000991821289,-0.3057666838530006,0.9730000495910645,0.051163403808281785,-1.0233388380288344,743.7239990234375,16.700000762939453
2026-05-26,2.8338014198634927,-5.049999237060547,-0.30616986210431113,0.9110000133514404,0.050060668858671935,-1.0187959801040363,748.6613159179688,17.010000228881836
2026-05-27,2.7905514788157535,-6.180000305175781,-0.30817160330785015,0.8959999084472656,0.04816610614496078,-0.9714489353208514,748.5316162109375,16.290000915527344
2026-05-28,2.756205228447844,-6.130001068115234,-0.30994932253205626,0.8650000095367432,0.05854539391063169,-0.9662406345344539,752.6609497070312,15.739999771118164
2026-05-29,2.729159144392355,-6.069999694824219,-0.30986753082442703,0.8650000095367432,0.06118822157310011,-0.4910715759122599,754.5361328125,15.319999694824219
2026-06-01,2.7757088020408553,-5.670000076293945,-0.3117973361556769,0.8550000190734863,0.0540071722625321,-0.8540412985954051,756.5908203125,16.049999237060547
2026-06-02,2.7581094300024462,-6.300000190734863,-0.31095422531896005,0.8369998931884766,0.052598922482373404,-1.2233914543001814,757.6182250976562,15.770000457763672
2026-06-03,2.776331675264716,-6.350000381469727,-0.31095336199755147,0.8680002689361572,0.049227122752130856,-0.5355758250870359,752.3018798828125,16.059999465942383
2026-06-04,2.7343674846488217,-6.579999923706055,-0.31118784606815714,0.8570003509521484,0.04500846550349609,-0.5620455300025387,755.1445922851562,15.399999618530273
2026-06-05,3.0685179539203564,2.1000003814697266,-0.3099443624172802,0.9109997749328613,0.005056499518437644,0.9567321362890195,735.65478515625,21.510000228881836
2026-06-08,2.9402195676561815,-1.1000003814697266,-0.3075430858903,0.9240000247955322,0.010388905230784297,-0.5580992963495038,737.3204345703125,18.920000076293945
2026-06-09,2.9892110987999296,0.8299999237060547,-0.3097714883783149,0.8929998874664307,-0.0007730640805281917,0.7716974722337899,735.1560668945312,19.8700008392334
2026-06-10,3.1009927533093453,2.780000686645508,-0.30934849963301586,0.9069998264312744,-0.018939198230696896,-0.17306255485420013,723.56591796875,22.219999313354492
2026-06-11,2.9673328265043923,-0.7600002288818359,-0.3119215800987893,0.8399999141693115,-0.0005690792765401368,0.7522784012485151,735.8642578125,19.440000534057617
2026-06-12,2.8724340744705708,-3.25,-0.3112796366683774,0.8689999580383301,-0.0007546482743626419,-0.25801347884552966,739.843994140625,17.68000030517578
2026-06-15,2.785011289333365,-3.780000686645508,-0.30984608125416535,0.8509998321533203,0.008862329308753629,-0.13592636982391507,752.890380859375,16.200000762939453
2026-06-16,2.79789089580353,-3.760000228881836,-0.31116313943652907,0.7979998588562012,0.014985207240376431,0.12292240808464806,748.4019775390625,16.40999984741211
2026-06-17,2.9145222470903573,-1.9900016784667969,-0.3117059998717231,0.8159997463226318,0.003122464502669,0.7958652477832231,739.0560302734375,18.440000534057617
2026-06-18,2.797281311569803,-5.6399993896484375,-0.31095470309776596,0.7930002212524414,0.020148850086580277,0.6449023454630267,746.739990234375,16.399999618530273
2026-06-22,2.8495498031123385,-3.469999313354492,-0.30916750790879527,0.8289997577667236,0.006800078479271011,-0.6099311719344153,744.3900146484375,17.280000686645508
2026-06-23,2.969901501775917,-1.5900001525878906,-0.3112379579828747,0.8029999732971191,-0.009809475163996068,0.29285209938100815,733.5800170898438,19.489999771118164
2026-06-24,2.924773139566078,-2.3000011444091797,-0.316068936465245,0.7119998931884766,-0.014196940419823157,-0.10313939584098661,733.239990234375,18.6299991607666
2026-06-25,2.9386326492025887,-2.4099998474121094,-0.3165155483048547,0.7120001316070557,-0.019369051733770598,-0.2408618819134068,734.2999877929688,18.889999389648438
2026-06-26,2.912893986956671,-3.3299999237060547,-0.31714164862603805,0.7090001106262207,-0.026453441297048064,0.5870621896007747,728.989990234375,18.40999984741211
2026-06-29,2.87073576176629,-4.020000457763672,-0.3167141815602563,0.6940000057220459,-0.01561423511031676,0.002706333644671972,741.0,17.649999618530273
2026-06-30,2.800325523590678,-5.270000457763672,-0.31145479550406746,0.6860001087188721,-0.010345901189075638,-0.08523455236957928,746.77001953125,16.450000762939453
