date,pair,logx,logy,alpha_active,beta_active,spread,zscore
2015-01-02,GC=F/SI=F,7.078341579557671,2.7558239889993126,,,,
2015-01-05,GC=F/SI=F,7.093321586220125,2.7837141578380935,,,,
2015-01-06,GC=F/SI=F,7.106032242612248,2.8095834405252473,,,,
2015-01-07,GC=F/SI=F,7.098871363290676,2.803966271795261,,,,
2015-01-08,GC=F/SI=F,7.097052469716143,2.7942890472872253,,,,
2015-01-09,GC=F/SI=F,7.103322062526113,2.796427292164236,,,,
2015-01-12,GC=F/SI=F,7.1169621249467605,2.80547933720558,,,,
2015-01-13,GC=F/SI=F,7.118259326309248,2.840539384148289,,,,
2015-01-14,GC=F/SI=F,7.1183403208270315,2.8306217165942855,,,,
2015-01-15,GC=F/SI=F,7.142590180277465,2.8374982656078824,,,,
2015-01-16,GC=F/SI=F,7.152190563550428,2.875765623570649,,,,
2015-01-19,GC=F/SI=F,7.152190563550428,2.875765623570649,,,,
2015-01-20,GC=F/SI=F,7.165647984894742,2.887422998104198,,,,
2015-01-21,GC=F/SI=F,7.165261571180851,2.9002671287402797,,,,
2015-01-22,GC=F/SI=F,7.170657822529812,2.9094116036832727,,,,
2015-01-23,GC=F/SI=F,7.164410953941233,2.9060263821676227,,,,
2015-01-26,GC=F/SI=F,7.154146516098468,2.888536689295849,,,,
2015-01-27,GC=F/SI=F,7.163714421436525,2.8941424617074016,,,,
2015-01-28,GC=F/SI=F,7.159214160262366,2.8941424617074016,,,,
2015-01-29,GC=F/SI=F,7.134572056203004,2.8188757215906652,,,,
2015-01-30,GC=F/SI=F,7.153442794731241,2.8444441265007954,,,,
2015-02-02,GC=F/SI=F,7.151642153173687,2.8469422353823215,,,,
2015-02-03,GC=F/SI=F,7.138628837596547,2.850995494722429,,,,
2015-02-04,GC=F/SI=F,7.141878372975313,2.855262564100567,,,,
2015-02-05,GC=F/SI=F,7.140453043101158,2.8437459343195424,,,,
2015-02-06,GC=F/SI=F,7.117935183690583,2.8140904554729214,,,,
2015-02-09,GC=F/SI=F,7.12351165121446,2.8363848304249455,,,,
2015-02-10,GC=F/SI=F,7.1160693962273,2.8247660216175423,,,,
2015-02-11,GC=F/SI=F,7.105786129481271,2.8180997563646137,,,,
2015-02-12,GC=F/SI=F,7.106688081571402,2.820068497148485,,,,
2015-02-13,GC=F/SI=F,7.111919863698544,2.8494340088716203,,,,
2015-02-16,GC=F/SI=F,7.111919863698544,2.8494340088716203,,,,
2015-02-17,GC=F/SI=F,7.096804136316874,2.794961543249112,,,,
2015-02-18,GC=F/SI=F,7.089826763820603,2.7880929087757464,,,,
2015-02-19,GC=F/SI=F,7.095976047481696,2.795511494581385,,,,
2015-02-20,GC=F/SI=F,7.093736816878304,2.788892618970368,,,,
2015-02-23,GC=F/SI=F,7.090326845211233,2.7879082603816245,,,,
2015-02-24,GC=F/SI=F,7.0874901802770705,2.783899464352336,,,,
2015-02-25,GC=F/SI=F,7.0909098220799835,2.7987436667098713,,,,
2015-02-26,GC=F/SI=F,7.098044985241685,2.8083780852737195,,,,
2015-02-27,GC=F/SI=F,7.100522073503981,2.8041479790503567,,,,
2015-03-02,GC=F/SI=F,7.096472962850655,2.797708047922286,,,,
2015-03-03,GC=F/SI=F,7.093404625868766,2.7885850596598467,,,,
2015-03-04,GC=F/SI=F,7.090576690482858,2.78080487511938,,,,
2015-03-05,GC=F/SI=F,7.086654339389564,2.78080487511938,,,,
2015-03-06,GC=F/SI=F,7.059703514281717,2.7589967938551667,,,,
2015-03-09,GC=F/SI=F,7.061677382185517,2.757157782473022,,,,
2015-03-10,GC=F/SI=F,7.0562614662365695,2.7481038951841614,,,,
2015-03-11,GC=F/SI=F,7.048125689396002,2.730789705473381,,,,
2015-03-12,GC=F/SI=F,7.049341621853085,2.74038831098392,,,,
2015-03-13,GC=F/SI=F,7.0497755178208354,2.739355066212087,,,,
2015-03-16,GC=F/SI=F,7.05038271956964,2.7473350040063993,,,,
2015-03-17,GC=F/SI=F,7.046037909304241,2.7448320628440253,,,,
2015-03-18,GC=F/SI=F,7.048733893445515,2.742451603248223,,,,
2015-03-19,GC=F/SI=F,7.063989480129989,2.7786950141312206,,,,
2015-03-20,GC=F/SI=F,7.077329304165713,2.8253590846527064,,,,
2015-03-23,GC=F/SI=F,7.080026499922591,2.825655427801923,,,,
2015-03-24,GC=F/SI=F,7.083136097123256,2.831034462833639,,,,
2015-03-25,GC=F/SI=F,7.0878243415046605,2.83203615392421,,,,
2015-03-26,GC=F/SI=F,7.094317809774394,2.8403641711702288,,,,
2015-03-27,GC=F/SI=F,7.089910195915879,2.83626750158748,,,,
2015-03-30,GC=F/SI=F,7.077329304165713,2.8128305237613866,,,,
2015-03-31,GC=F/SI=F,7.0758933706239455,2.8082574237886786,,,,
2015-04-01,GC=F/SI=F,7.096804136316874,2.835798272343271,,,,
2015-04-02,GC=F/SI=F,7.090826574996442,2.814570093861076,,,,
2015-04-03,GC=F/SI=F,7.090826574996442,2.814570093861076,,,,
2015-04-06,GC=F/SI=F,7.1054579177798765,2.838785982924811,,,,
2015-04-07,GC=F/SI=F,7.098871363290676,2.8228659208763744,,,,
2015-04-08,GC=F/SI=F,7.092656817746849,2.79971742211329,,,,
2015-04-09,GC=F/SI=F,7.0847292089953555,2.782786519840275,,,,
2015-04-10,GC=F/SI=F,7.09390282034226,2.7954504426495905,,,,
2015-04-13,GC=F/SI=F,7.089493372951528,2.7899374027516357,,,,
2015-04-14,GC=F/SI=F,7.084058804386246,2.7819819096261265,,,,
2015-04-15,GC=F/SI=F,7.091326055176523,2.789261401190591,,,,
2015-04-16,GC=F/SI=F,7.088408778675395,2.7896915729517953,,,,
2015-04-17,GC=F/SI=F,7.09249060729603,2.7863067404579476,,,,
2015-04-20,GC=F/SI=F,7.084645445778885,2.7652493783901537,,,,
2015-04-21,GC=F/SI=F,7.09249060729603,2.7727137649663525,,,,
2015-04-22,GC=F/SI=F,7.079100165632063,2.7594401806756235,,,,
2015-04-23,GC=F/SI=F,7.085399266665421,2.7615277975409693,,,,
2015-04-24,GC=F/SI=F,7.069193583310888,2.7492560940919857,,,,
2015-04-27,GC=F/SI=F,7.0928231020226296,2.796671355516472,,,,
2015-04-28,GC=F/SI=F,7.101675971619444,2.8086192495844333,,,,
2015-04-29,GC=F/SI=F,7.098210376033307,2.813610701339424,,,,
2015-04-30,GC=F/SI=F,7.075301570841825,2.780308879323165,,,,
2015-05-01,GC=F/SI=F,7.068597804098967,2.7795022722972647,,,,
2015-05-04,GC=F/SI=F,7.07901592955934,2.7983782493151663,,,,
2015-05-05,GC=F/SI=F,7.084394011718597,2.806808925202719,,,,
2015-05-06,GC=F/SI=F,7.081960696195529,2.802390168118607,,,,
2015-05-07,GC=F/SI=F,7.075301570841825,2.7894457999214235,,,,
2015-05-08,GC=F/SI=F,7.080951976911986,2.7998390023925617,,,,
2015-05-11,GC=F/SI=F,7.075977870128735,2.7910424214952396,,,,
2015-05-12,GC=F/SI=F,7.0838910562177135,2.803966271795261,,,,
2015-05-13,GC=F/SI=F,7.1052938216187576,2.8453163203363636,,,,
2015-05-14,GC=F/SI=F,7.111022620214896,2.8592823063114,,,,
2015-05-15,GC=F/SI=F,7.111104202968168,2.8647690133836505,,,,
2015-05-18,GC=F/SI=F,7.112979268762189,2.87424236993582,,,,
2015-05-19,GC=F/SI=F,7.095810387852588,2.836150158982343,,,,
2015-05-20,GC=F/SI=F,7.097466154403216,2.8386104624316175,,,,
2015-05-21,GC=F/SI=F,7.093736816878304,2.8397215351168463,,,,
2015-05-22,GC=F/SI=F,7.093653804811252,2.8349765349943556,,,,
2015-05-25,GC=F/SI=F,7.093653804811252,2.8349765349943556,,,,
2015-05-26,GC=F/SI=F,7.079352831284304,2.817442533193075,,,,
2015-05-27,GC=F/SI=F,7.078257279557698,2.811689265209048,,,,
2015-05-28,GC=F/SI=F,7.0801106509154135,2.8125903730459045,,,,
2015-05-29,GC=F/SI=F,7.081204277798862,2.814450177249275,,,,
2015-06-01,GC=F/SI=F,7.080279034386718,2.813250677404129,,,,
2015-06-02,GC=F/SI=F,7.085148022093763,2.820366525695279,,,,
2015-06-03,GC=F/SI=F,7.077244815745109,2.801176221724364,,,,
2015-06-04,GC=F/SI=F,7.068938337353221,2.778135852295244,,,,
2015-06-05,GC=F/SI=F,7.062876957661498,2.7707745599991616,,,,
2015-06-08,GC=F/SI=F,7.067490295483687,2.769521536582766,,,,
2015-06-09,GC=F/SI=F,7.0709790015588165,2.769396153823628,,,,
2015-06-10,GC=F/SI=F,7.078425872451753,2.7695841921755155,,,,
2015-06-11,GC=F/SI=F,7.07318498879751,2.7696469036230384,,,,
2015-06-12,GC=F/SI=F,7.072252292285429,2.76114852196843,,,,
2015-06-15,GC=F/SI=F,7.077751227280194,2.7773274898752756,,,,
2015-06-16,GC=F/SI=F,7.073693356525568,2.7699602823603007,,,,
2015-06-17,GC=F/SI=F,7.070214227433038,2.768831647037307,,,,
2015-06-18,GC=F/SI=F,7.091326055176523,2.781796247402576,,,,
2015-06-19,GC=F/SI=F,7.091326055176523,2.7790676940225834,,,,
2015-06-22,GC=F/SI=F,7.076400363709425,2.781114718061279,,,,
2015-06-23,GC=F/SI=F,7.0700441405124,2.755696876877734,,,,
2015-06-24,GC=F/SI=F,7.066978763709662,2.763043282437258,,,,
2015-06-25,GC=F/SI=F,7.066040257947851,2.760326364976393,,,,
2015-06-26,GC=F/SI=F,7.067234614342587,2.75588750869732,,,,
2015-06-29,GC=F/SI=F,7.071997722376186,2.751365057538353,,,,
2015-06-30,GC=F/SI=F,7.066040257947851,2.744124922180777,,,,
2015-07-01,GC=F/SI=F,7.063903961472068,2.7441892506615226,,,,
2015-07-02,GC=F/SI=F,7.0587581525186645,2.7432242569590377,,,,
2015-07-03,GC=F/SI=F,7.0587581525186645,2.7432242569590377,,,,
2015-07-06,GC=F/SI=F,7.067234614342587,2.755315382896128,,,,
2015-07-07,GC=F/SI=F,7.04960202439578,2.7047112870785104,,,,
2015-07-08,GC=F/SI=F,7.059016114796523,2.7178025131961836,,,,
2015-07-09,GC=F/SI=F,7.055312843339752,2.730789705473381,,,,
2015-07-10,GC=F/SI=F,7.054190515034844,2.7387734003798645,,,,
2015-07-13,GC=F/SI=F,7.052028725870447,2.736702435272955,,,,
2015-07-14,GC=F/SI=F,7.05038271956964,2.727525982591029,,,,
2015-07-15,GC=F/SI=F,7.045079427282484,2.709915119588864,,,,
2015-07-16,GC=F/SI=F,7.042111374170606,2.7056472996608516,,,,
2015-07-17,GC=F/SI=F,7.031564607850431,2.695977599275783,,,,
2015-07-20,GC=F/SI=F,7.009137849150268,2.6909040345059023,,,,
2015-07-21,GC=F/SI=F,7.006151622964542,2.692530393060245,,,,
2015-07-22,GC=F/SI=F,6.995216577121623,2.6887994043991563,,,,
2015-07-23,GC=F/SI=F,6.9975959829819265,2.6866903354808263,,,,
2015-07-24,GC=F/SI=F,6.989888086031655,2.6725611995089396,,,,
2015-07-27,GC=F/SI=F,6.999878567857943,2.6806104759334586,,,,
2015-07-28,GC=F/SI=F,6.999696197219511,2.683142535673143,,,,
2015-07-29,GC=F/SI=F,6.996406931890943,2.6901577622414585,,,,
2015-07-30,GC=F/SI=F,6.99246402934024,2.6872350603496415,,,,
2015-07-31,GC=F/SI=F,6.998418336177362,2.69097187922818,,,,
2015-08-03,GC=F/SI=F,6.993382387360133,2.675251475160024,,,,
2015-08-04,GC=F/SI=F,6.994574926167001,2.6775910067264266,,,,
2015-08-05,GC=F/SI=F,6.98998017426394,2.677316009213274,,,,
2015-08-06,GC=F/SI=F,6.994116399841952,2.685804597355568,,,,
2015-08-07,GC=F/SI=F,6.997687364168456,2.695707676873938,,,,
2015-08-10,GC=F/SI=F,7.00687632562958,2.7271335866357798,,,,
2015-08-11,GC=F/SI=F,7.0099507692544964,2.7266102356100386,,,,
2015-08-12,GC=F/SI=F,7.023936989799212,2.7390965418951723,,,,
2015-08-13,GC=F/SI=F,7.017237245834568,2.7341077294749723,,,,
2015-08-14,GC=F/SI=F,7.014724521916716,2.721953108779221,,,,
2015-08-17,GC=F/SI=F,7.0198331605619355,2.727525982591029,,,,
2015-08-18,GC=F/SI=F,7.018491298721944,2.6937483962691897,,,,
2015-08-19,GC=F/SI=F,7.02829005896912,2.719715209004514,,,,
2015-08-20,GC=F/SI=F,7.050122520269059,2.74193620988502,,,,
2015-08-21,GC=F/SI=F,7.055830375993635,2.7279181623045057,,,,
2015-08-24,GC=F/SI=F,7.050469402348351,2.6920563170329532,,,,
2015-08-25,GC=F/SI=F,7.037203303269598,2.681706202263446,,,,
2015-08-26,GC=F/SI=F,7.0251826741489936,2.642266465988314,,,,
2015-08-27,GC=F/SI=F,7.0232245505399105,2.6686854447789856,,,,
2015-08-28,GC=F/SI=F,7.032712496840265,2.6765595235128763,,,,
2015-08-31,GC=F/SI=F,7.031387817852595,2.679444921062901,,,,
2015-09-01,GC=F/SI=F,7.0376424969359705,2.681911537749455,,,,
2015-09-02,GC=F/SI=F,7.032182857357189,2.6851909241289,,,,
2015-09-03,GC=F/SI=F,7.024382047460866,2.6879835161187193,,,,
2015-09-04,GC=F/SI=F,7.021619513344585,2.6771785148784697,,,,
2015-09-07,GC=F/SI=F,7.021619513344585,2.6771785148784697,,,,
2015-09-08,GC=F/SI=F,7.021441065176441,2.691243082785829,,,,
2015-09-09,GC=F/SI=F,7.005063417148531,2.6788273314274154,,,,
2015-09-10,GC=F/SI=F,7.011664742372648,2.683347576470853,,,,
2015-09-11,GC=F/SI=F,7.006242225696791,2.673458740536743,,,,
2015-09-14,GC=F/SI=F,7.010041028442246,2.664237652590228,,,,
2015-09-15,GC=F/SI=F,7.005607723426142,2.661587343741986,,,,
2015-09-16,GC=F/SI=F,7.020369379723568,2.6998836292042494,,,,
2015-09-17,GC=F/SI=F,7.018670383255184,2.706382169475284,,,,
2015-09-18,GC=F/SI=F,7.037115462836247,2.718264542137108,,,,
2015-09-21,GC=F/SI=F,7.032712496840265,2.7223474797299194,,,,
2015-09-22,GC=F/SI=F,7.025538314638521,2.691243082785829,,,,
2015-09-23,GC=F/SI=F,7.031387817852595,2.6932748974531537,,,,
2015-09-24,GC=F/SI=F,7.050816164142189,2.716349003916905,,,,
2015-09-25,GC=F/SI=F,7.044032897274685,2.7150920123558557,,,,
2015-09-28,GC=F/SI=F,7.0317412587631285,2.6767659184095014,,,,
2015-09-29,GC=F/SI=F,7.027403219587078,2.6788960004294005,,,,
2015-09-30,GC=F/SI=F,7.017058013872587,2.6750447674209017,,,,
2015-10-01,GC=F/SI=F,7.015891893763231,2.6745623269622123,,,,
2015-10-02,GC=F/SI=F,7.036236419160215,2.7250384121308304,,,,
2015-10-05,GC=F/SI=F,7.037115462836247,2.7537880713970444,,,,
2015-10-06,GC=F/SI=F,7.04473077658693,2.7712753658868174,,,,
2015-10-07,GC=F/SI=F,7.046647277848756,2.778073611686665,,,,
2015-10-08,GC=F/SI=F,7.042897830268603,2.757475098952692,,,,
2015-10-09,GC=F/SI=F,7.052980573362819,2.760579399079247,,,,
2015-10-12,GC=F/SI=F,7.060390546363807,2.763484879118429,,,,
2015-10-13,GC=F/SI=F,7.0611628674952405,2.7661304318557285,,,,
2015-10-14,GC=F/SI=F,7.073354438943572,2.77894344333903,,,,
2015-10-15,GC=F/SI=F,7.079942341847781,2.7820439074621266,,,,
2015-10-16,GC=F/SI=F,7.0763158998991,2.77894344333903,,,,
2015-10-19,GC=F/SI=F,7.067575612045639,2.761843730586882,,,,
2015-10-20,GC=F/SI=F,7.071573364211532,2.7666335084121223,,,,
2015-10-21,GC=F/SI=F,7.062705618070348,2.75340590914195,,,,
2015-10-22,GC=F/SI=F,7.061848793392002,2.761464574843819,,,,
2015-10-23,GC=F/SI=F,7.059016114796523,2.76114852196843,,,,
2015-10-26,GC=F/SI=F,7.062191632286556,2.766319085234379,,,,
2015-10-27,GC=F/SI=F,7.0620202798414615,2.7636740923414256,,,,
2015-10-28,GC=F/SI=F,7.070809044677578,2.790428646925794,,,,
2015-10-29,GC=F/SI=F,7.045079427282484,2.743674690969634,,,,
2015-10-30,GC=F/SI=F,7.04009846596985,2.7450890475569327,,,,
2015-11-02,GC=F/SI=F,7.035092570433404,2.735211316094546,,,,
2015-11-03,GC=F/SI=F,7.015891893763231,2.724186011539263,,,,
2015-11-04,GC=F/SI=F,7.008957159491104,2.712241387486714,,,,
2015-11-05,GC=F/SI=F,7.007057502162176,2.707249875332072,,,,
2015-11-06,GC=F/SI=F,6.991728690310667,2.6875753546617442,,,,
2015-11-09,GC=F/SI=F,6.992004533868495,2.6684774413279575,,,,
2015-11-10,GC=F/SI=F,6.9922801891812805,2.6641679695652605,,,,
2015-11-11,GC=F/SI=F,6.989058685030844,2.6575986634905138,,,,
2015-11-12,GC=F/SI=F,6.9854568318237495,2.6549306771624246,,,,
2015-11-13,GC=F/SI=F,6.9854568318237495,2.6534532147335015,,,,
2015-11-16,GC=F/SI=F,6.988136345872083,2.6547197255405064,,,,
2015-11-17,GC=F/SI=F,6.974198189841578,2.651127059086777,,,,
2015-11-18,GC=F/SI=F,6.974291848467377,2.6447553453112924,,,,
2015-11-19,GC=F/SI=F,6.982862751468942,2.656195319310787,,,,
2015-11-20,GC=F/SI=F,6.981377441533968,2.646600234999956,,,,
2015-11-23,GC=F/SI=F,6.972418838078504,2.6420528255552145,,,,
2015-11-24,GC=F/SI=F,6.979424611123603,2.6510564564284467,,,,
2015-11-25,GC=F/SI=F,6.975881108029737,2.650985916096882,,,,
2015-11-26,GC=F/SI=F,6.975881108029737,2.650985916096882,,,,
2015-11-27,GC=F/SI=F,6.962432794042833,2.6396286216711813,,,,
2015-11-30,GC=F/SI=F,6.971481015676272,2.64262240935519,,,,
2015-12-01,GC=F/SI=F,6.9696027282079385,2.642978226071464,,,,
2015-12-02,GC=F/SI=F,6.9605374181034,2.6375562100382965,,,,
2015-12-03,GC=F/SI=F,6.967626630029016,2.6428359281497946,,,,
2015-12-04,GC=F/SI=F,6.988874330266929,2.674493425463124,,,,
2015-12-07,GC=F/SI=F,6.981377441533968,2.660748939182721,,,,
2015-12-08,GC=F/SI=F,6.981284557636902,2.645536267558222,,,,
2015-12-09,GC=F/SI=F,6.982491602440194,2.650703503008137,,,,
2015-12-10,GC=F/SI=F,6.978306912182115,2.645110404036676,,,,
2015-12-11,GC=F/SI=F,6.981841845005522,2.628934855950195,,,,
2015-12-14,GC=F/SI=F,6.970448302459636,2.6149110231558157,,,,
2015-12-15,GC=F/SI=F,6.9687563235088295,2.6203112701361366,,,,
2015-12-16,GC=F/SI=F,6.982862751468942,2.654508796483751,,,,
2015-12-17,GC=F/SI=F,6.957307104278956,2.616154157960991,,,,
2015-12-18,GC=F/SI=F,6.9718561585922565,2.6447553453112924,,,,
2015-12-21,GC=F/SI=F,6.986474056259442,2.660329439816919,,,,
2015-12-22,GC=F/SI=F,6.9798899221712984,2.660399390826901,-6.654367267943948,1.333032488517798,0.0103466262385421,
2015-12-23,GC=F/SI=F,6.974853045344314,2.658649880732564,-6.654367267943948,1.333032488517798,0.015311436595238703,
2015-12-24,GC=F/SI=F,6.982120315608697,2.665073138511909,-6.654367267943948,1.333032488517798,0.01204718700932439,
2015-12-25,GC=F/SI=F,6.982120315608697,2.665073138511909,-6.654367267943948,1.333032488517798,0.01204718700932439,
2015-12-28,GC=F/SI=F,6.975881108029737,2.6299445155475536,-6.654367267943948,1.333032488517798,-0.014764369549673972,
2015-12-29,GC=F/SI=F,6.9823988219779025,2.633111101280752,-6.654367267943948,1.333032488517798,-0.020286108260243907,
2015-12-30,GC=F/SI=F,6.96611849924909,2.6256825800557855,-6.654367267943948,1.333032488517798,-0.006012430364149779,
2015-12-31,GC=F/SI=F,6.966307211982987,2.6228553273460755,-6.654367267943948,1.333032488517798,-0.00909124327914057,
2016-01-01,GC=F/SI=F,6.966307211982987,2.6228553273460755,-6.654367267943948,1.333032488517798,-0.00909124327914057,
2016-01-04,GC=F/SI=F,6.980168936782539,2.6258997462354294,-6.654367267943948,1.333032488517798,-0.024524953894482948,
2016-01-05,GC=F/SI=F,6.983233762797195,2.635407846816711,-6.654367267943948,1.333032488517798,-0.01910236596239301,
2016-01-06,GC=F/SI=F,6.995674599379268,2.635981158674072,-6.654367267943948,1.333032488517798,-0.03511309345327618,
2016-01-07,GC=F/SI=F,7.010041028442246,2.6627041019964404,-6.654367267943948,1.333032488517798,-0.027541066815842896,
2016-01-08,GC=F/SI=F,7.001063500593949,2.632464213597053,-6.654367267943948,1.333032488517798,-0.04581361892687674,
2016-01-11,GC=F/SI=F,6.999878567857943,2.62864614527534,-6.654367267943948,1.333032488517798,-0.04805213341478698,
2016-01-12,GC=F/SI=F,6.989888086031655,2.6203112701361366,-6.654367267943948,1.333032488517798,-0.04306937170360037,
2016-01-13,GC=F/SI=F,6.991636762962839,2.649361237115755,-6.654367267943948,1.333032488517798,-0.01635044788517348,
2016-01-14,GC=F/SI=F,6.979052183598189,2.6200929562218667,-6.654367267943948,1.333032488517798,-0.028843075631652226,
2016-01-15,GC=F/SI=F,6.995308175989998,2.6307370853608134,-6.654367267943948,1.333032488517798,-0.03986871248408619,
2016-01-18,GC=F/SI=F,6.995308175989998,2.6307370853608134,-6.654367267943948,1.333032488517798,-0.03986871248408619,
2016-01-19,GC=F/SI=F,6.993841250295543,2.6468837415328474,-6.654367267943948,1.333032488517798,-0.02176659670310066,
2016-01-20,GC=F/SI=F,7.009499240813156,2.6495026095878575,-6.894163381594158,1.3668329996878845,-0.03714888244858017,
2016-01-21,GC=F/SI=F,7.0022469198620785,2.6449684092177925,-6.894163381594158,1.3668329996878845,-0.031770371218383886,
2016-01-22,GC=F/SI=F,7.0005167145609635,2.642124066741397,-6.894163381594158,1.3668329996878845,-0.03224981199298149,
2016-01-25,GC=F/SI=F,7.008685953420164,2.656054889910667,-6.894163381594158,1.3668329996878845,-0.029484974078798132,
2016-01-26,GC=F/SI=F,7.02260062712071,2.6771785148784697,-6.894163381594158,1.3668329996878845,-0.027380384304791505,
2016-01-27,GC=F/SI=F,7.017595722787229,2.6700021044053517,-6.894163381594158,1.3668329996878845,-0.027715926374627387,
2016-01-28,GC=F/SI=F,7.01714763386909,2.6543680629451667,-6.894163381594158,1.3668329996878845,-0.04273750511470453,
2016-01-29,GC=F/SI=F,7.017864523530728,2.6552821419977897,-6.894163381594158,1.3668329996878845,-0.04280329450874554,
2016-02-01,GC=F/SI=F,7.028112797291462,2.6622854887460123,-6.894163381594158,1.3668329996878845,-0.0498076265265297,
2016-02-02,GC=F/SI=F,7.027580715364709,2.658579807231177,-6.894163381594158,1.3668329996878845,-0.052786040905338893,
2016-02-03,GC=F/SI=F,7.0399232853424545,2.689207131441274,-6.894163381594158,1.3668329996878845,-0.03902894864178208,
2016-02-04,GC=F/SI=F,7.0541041542270335,2.6970566894537717,-6.894163381594158,1.3668329996878845,-0.05056227018497417,
2016-02-05,GC=F/SI=F,7.054276973818098,2.6921917810336993,-6.894163381594158,1.3668329996878845,-0.05566339412510679,
2016-02-08,GC=F/SI=F,7.088325323118004,2.735405954867315,-6.894163381594158,1.3668329996878845,-0.05898762769950139,
2016-02-09,GC=F/SI=F,7.08899287447882,2.737220594210111,-6.894163381594158,1.3668329996878845,-0.058085419585655274,
2016-02-10,GC=F/SI=F,7.085650345952561,2.726348457350208,-6.894163381594158,1.3668329996878845,-0.06438887815346916,
2016-02-11,GC=F/SI=F,7.129217437077926,2.7593134670136013,-6.894163381594158,1.3668329996878845,-0.0909728063406341,
2016-02-12,GC=F/SI=F,7.122140568919386,2.7590601123433163,-6.894163381594158,1.3668329996878845,-0.08155326407738706,
2016-02-15,GC=F/SI=F,7.122140568919386,2.7590601123433163,-6.894163381594158,1.3668329996878845,-0.08155326407738706,
2016-02-16,GC=F/SI=F,7.096638613823222,2.729746490041981,-6.894163381594158,1.3668329996878845,-0.07600997259672582,
2016-02-17,GC=F/SI=F,7.0992842963684195,2.732547655827798,-6.894163381594158,1.3668329996878845,-0.07682501302038425,
2016-02-18,GC=F/SI=F,7.111593659326374,2.7361192239970915,-6.712349863331141,1.3405146104647745,-0.08472611668742225,
2016-02-19,GC=F/SI=F,7.115094618593758,2.7322874274520426,-6.712349863331141,1.3405146104647745,-0.09325100028103961,
2016-02-22,GC=F/SI=F,7.097962330050082,2.7199128871105547,-6.712349863331141,1.3405146104647745,-0.08265945751903381,
2016-02-23,GC=F/SI=F,7.108489648730958,2.723595389902539,-6.712349863331141,1.3405146104647745,-0.09308897922778314,
2016-02-24,GC=F/SI=F,7.121817682141307,2.727329803860228,-6.712349863331141,1.3405146104647745,-0.10722098878542852,
2016-02-25,GC=F/SI=F,7.121413951650367,2.718990138625083,-6.712349863331141,1.3405146104647745,-0.11501944739877779,
2016-02-26,GC=F/SI=F,7.106442229891971,2.6870989231789943,-6.712349863331141,1.3405146104647745,-0.12684085108392296,
2016-02-29,GC=F/SI=F,7.117935183690583,2.7010927143885826,-6.712349863331141,1.3405146104647745,-0.12825353235877124,
2016-03-01,GC=F/SI=F,7.115013360754105,2.690089862261275,-6.712349863331141,1.3405146104647745,-0.13533963815053873,
2016-03-02,GC=F/SI=F,7.123753342464165,2.7082501983947127,-6.712349863331141,1.3405146104647745,-0.12889537519463268,
2016-03-03,GC=F/SI=F,7.136801395365266,2.716745590728736,-6.712349863331141,1.3405146104647745,-0.13789108841265119,
2016-03-04,GC=F/SI=F,7.146693455420173,2.7524497728296944,-6.712349863331141,1.3405146104647745,-0.11544735734289091,
2016-03-07,GC=F/SI=F,7.141403424287121,2.7487441967082975,-6.712349863331141,1.3405146104647745,-0.11206156944061796,
2016-03-08,GC=F/SI=F,7.140532259920585,2.7333279968800777,-6.712349863331141,1.3405146104647745,-0.12630996070737943,
2016-03-09,GC=F/SI=F,7.13616492054018,2.7314411240807583,-6.712349863331141,1.3405146104647745,-0.12234235125840875,
2016-03-10,GC=F/SI=F,7.148345743900068,2.7438033403807496,-6.712349863331141,1.3405146104647745,-0.12630870663983806,
2016-03-11,GC=F/SI=F,7.137834682504955,2.7477195540472588,-6.712349863331141,1.3405146104647745,-0.10830226160168799,
2016-03-14,GC=F/SI=F,7.126408784642625,2.742000617855947,-6.712349863331141,1.3405146104647745,-0.09870461477086678,
2016-03-15,GC=F/SI=F,7.115094618593758,2.724907325670496,-6.712349863331141,1.3405146104647745,-0.10063110206258585,
2016-03-16,GC=F/SI=F,7.114200220393562,2.7222160400265345,-6.712349863331141,1.3405146104647745,-0.10212343385161304,
2016-03-17,GC=F/SI=F,7.14243206611002,2.7739627377936023,-6.712349863331141,1.3405146104647745,-0.08822193774784282,
2016-03-18,GC=F/SI=F,7.133934257783977,2.760389599336711,-5.352744965954531,1.146784470794683,-0.0679504572056171,-0.16397318713016804
2016-03-21,GC=F/SI=F,7.125926527927004,2.7626014906623024,-5.352744965954531,1.146784470794683,-0.05655542563372862,0.1356517259003666
2016-03-22,GC=F/SI=F,7.129457753381111,2.7648715119652807,-5.352744965954531,1.146784470794683,-0.058334958844394436,0.1238519335367705
2016-03-23,GC=F/SI=F,7.109634295089583,2.725431568441399,-5.352744965954531,1.146784470794683,-0.07504166824210756,-0.269268405622996
2016-03-24,GC=F/SI=F,7.107753040777623,2.720703146221063,-5.352744965954531,1.146784470794683,-0.0776126972318707,-0.30913852752541865
2016-03-25,GC=F/SI=F,7.107753040777623,2.720703146221063,-5.352744965954531,1.146784470794683,-0.0776126972318707,-0.2870081710123935
2016-03-28,GC=F/SI=F,7.106524187167858,2.7209006291492557,-5.352744965954531,1.146784470794683,-0.07600598406711967,-0.2226447821134023
2016-03-29,GC=F/SI=F,7.119311941285554,2.7237267110308325,-5.352744965954531,1.146784470794683,-0.08784470002405875,-0.523896368724084
2016-03-30,GC=F/SI=F,7.11224596169612,2.721690108380884,-5.352744965954531,1.146784470794683,-0.08177814700989039,-0.32871304159346487
2016-03-31,GC=F/SI=F,7.118178226324395,2.7382560456267386,-5.352744965954531,1.146784470794683,-0.07201523871638749,-0.02160532395814678
2016-04-01,GC=F/SI=F,7.1084077525098035,2.710846276231264,-5.352744965954531,1.146784470794683,-0.08822038046898228,-0.47475824850584786
2016-04-04,GC=F/SI=F,7.1049654482698426,2.704176065594241,-5.352744965954531,1.146784470794683,-0.09094301005986694,-0.5321184679015832
2016-04-05,GC=F/SI=F,7.113467808441352,2.715621487799704,-5.352744965954531,1.146784470794683,-0.08924796246419398,-0.4589594603167771
2016-04-06,GC=F/SI=F,7.108653221349027,2.711510875772406,-5.352744965954531,1.146784470794683,-0.08783728078072706,-0.39274440399891763
2016-04-07,GC=F/SI=F,7.119797397726608,2.718396502217393,-5.352744965954531,1.146784470794683,-0.09373162274534685,-0.5554542115185577
2016-04-08,GC=F/SI=F,7.124880757970784,2.733197992650882,-5.352744965954531,1.146784470794683,-0.08475965089933268,-0.25848359780189956
2016-04-11,GC=F/SI=F,7.136244477766857,2.7709623990623573,-5.352744965954531,1.146784470794683,-0.06002698188045663,0.5287650113850328
2016-04-12,GC=F/SI=F,7.138390715440114,2.786245006354004,-5.352744965954531,1.146784470794683,-0.04720564662313542,0.9752448461719266
2016-04-13,GC=F/SI=F,7.128335587055938,2.792575153367489,-5.352744965954531,1.146784470794683,-0.029344434526828778,1.574291172507664
2016-04-14,GC=F/SI=F,7.110696122978827,2.78309586744964,-5.352744965954531,1.146784470794683,-0.018595056967907198,1.901959797706575
2016-04-15,GC=F/SI=F,7.117286583077553,2.7917171036103863,-5.352744965954531,1.146784470794683,-0.017531658103774106,1.8931031657823703
2016-04-18,GC=F/SI=F,7.117691983018158,2.788031402226806,-4.726846932948512,1.0575259095692802,-0.012265353199933493,2.0491359571644283
2016-04-19,GC=F/SI=F,7.133295954896068,2.8313292415426323,-4.726846932948512,1.0575259095692802,0.01453088156281268,2.820893827644412
2016-04-20,GC=F/SI=F,7.13345552011528,2.8408897180325328,-4.726846932948512,1.0575259095692802,0.0239226136991304,2.948607738623095
2016-04-21,GC=F/SI=F,7.130098510125578,2.8382594406281085,-4.726846932948512,1.0575259095692802,0.024842461337499344,2.7964260203880626
2016-04-22,GC=F/SI=F,7.113711939133861,2.827076902105247,-4.726846932948512,1.0575259095692802,0.03098914620737503,2.808000706566079
2016-04-25,GC=F/SI=F,7.121979187827934,2.8335073691070023,-4.726846932948512,1.0575259095692802,0.028676783514296034,2.593823453126128
2016-04-26,GC=F/SI=F,7.124639240817421,2.8394293317874064,-4.726846932948512,1.0575259095692802,0.031785671237489765,2.542703945904468
2016-04-27,GC=F/SI=F,7.130258586321407,2.849896884725083,-4.726846932948512,1.0575259095692802,0.03631062070987934,2.507768177973565
2016-04-28,GC=F/SI=F,7.143222579985179,2.8652248467873718,-4.726846932948512,1.0575259095692802,0.03792882358123695,2.406371960122546
2016-04-29,GC=F/SI=F,7.161777112066535,2.8785802638679354,-4.726846932948512,1.0575259095692802,0.03166234224583331,2.1426943848125073
2016-05-02,GC=F/SI=F,7.166034249350748,2.871075676732477,-4.726846932948512,1.0575259095692802,0.019655722131725284,1.7954234927011756
2016-05-03,GC=F/SI=F,7.16293994801041,2.86071411514282,-4.726846932948512,1.0575259095692802,0.012566464381491116,1.5940410680265187
2016-05-04,GC=F/SI=F,7.149367272927088,2.849376161921828,-4.726846932948512,1.0575259095692802,0.015581966723277496,1.6036822683761431
2016-05-05,GC=F/SI=F,7.147873953704812,2.8508221044039095,-4.726846932948512,1.0575259095692802,0.018607132974174156,1.6089461988459588
2016-05-06,GC=F/SI=F,7.164643055143687,2.8626007992076308,-4.726846932948512,1.0575259095692802,0.0126520685260898,1.4405961785089596
2016-05-09,GC=F/SI=F,7.143301577722885,2.8373225189284472,-4.726846932948512,1.0575259095692802,0.009942953567891877,1.3459606517530316
2016-05-10,GC=F/SI=F,7.141957476969531,2.837615450138519,-4.726846932948512,1.0575259095692802,0.011657306149706947,1.336891148094224
2016-05-11,GC=F/SI=F,7.1503876637259,2.8508221044039095,-4.726846932948512,1.0575259095692802,0.015948819497729083,1.370232712039757
2016-05-12,GC=F/SI=F,7.147008410467677,2.838317934215096,-4.726846932948512,1.0575259095692802,0.007018297184481881,1.1640266072639476
2016-05-13,GC=F/SI=F,7.148267143652393,2.8399552586089767,-4.726846932948512,1.0575259095692802,0.007324478622291686,1.1339645085347205
2016-05-16,GC=F/SI=F,7.149445786755268,2.841531604048518,-4.726846932948512,1.0575259095692802,0.0076543784424085715,1.1062668179341917
2016-05-17,GC=F/SI=F,7.151642153173687,2.8469422353823215,-4.922239153398677,1.0853358742906232,0.0072475998525600716,1.066522379554037
2016-05-18,GC=F/SI=F,7.149681291260057,2.8402474197342373,-4.922239153398677,1.0853358742906232,0.002680977983868793,0.9549523465733085
2016-05-19,GC=F/SI=F,7.13425315917723,2.8020868485843144,-4.922239153398677,1.0853358742906232,-0.01873488794326761,0.5546927638609611
2016-05-20,GC=F/SI=F,7.1328170089460725,2.804511179074028,-4.922239153398677,1.0853358742906232,-0.014751852086808626,0.6062167235163354
2016-05-23,GC=F/SI=F,7.131778423809276,2.79789089580353,-4.922239153398677,1.0853358742906232,-0.020244921649836378,0.49036159076209795
2016-05-24,GC=F/SI=F,7.11387475915715,2.787354228002944,-4.922239153398677,1.0853358742906232,-0.011350099922199597,0.6250574685549839
2016-05-25,GC=F/SI=F,7.109470882882726,2.788400502126621,-4.922239153398677,1.0853358742906232,-0.005524140891953522,0.704243976772842
2016-05-26,GC=F/SI=F,7.106688081571402,2.793493642760053,-4.922239153398677,1.0853358742906232,0.00258927383568075,0.8243077936009864
2016-05-27,GC=F/SI=F,7.101511253629242,2.7878467424742004,-4.922239153398677,1.0853358742906232,0.002560970630484327,0.7976950415585983
2016-05-30,GC=F/SI=F,7.101511253629242,2.7878467424742004,-4.922239153398677,1.0853358742906232,0.002560970630484327,0.7728627175676497
2016-05-31,GC=F/SI=F,7.102334773365967,2.770837196843744,-4.922239153398677,1.0853358742906232,-0.015342370513424797,0.41101354063749435
2016-06-01,GC=F/SI=F,7.09994467511972,2.766696405168736,-4.922239153398677,1.0853358742906232,-0.01688910281870193,0.35550042929861686
2016-06-02,GC=F/SI=F,7.098210376033307,2.772901120986124,-4.922239153398677,1.0853358742906232,-0.00880208998608012,0.4912621427902806
2016-06-03,GC=F/SI=F,7.122947280821554,2.7939832601673937,-4.922239153398677,1.0853358742906232,-0.014567800990408664,0.35135439312981326
2016-06-06,GC=F/SI=F,7.126569452519126,2.7989871654429823,-4.922239153398677,1.0853358742906232,-0.01349516860103428,0.34735250664969547
2016-06-07,GC=F/SI=F,7.126408784642625,2.7958779608489235,-4.922239153398677,1.0853358742906232,-0.016429994584879815,0.2583632516423683
2016-06-08,GC=F/SI=F,7.1387082959464605,2.8313292415426323,-4.922239153398677,1.0853358742906232,0.005672185254533169,0.7187993428901897
2016-06-09,GC=F/SI=F,7.146929608927585,2.847986056434759,-4.922239153398677,1.0853358742906232,0.013406114234474131,0.8701778142902323
2016-06-10,GC=F/SI=F,7.149445786755268,2.8515732086980243,-4.922239153398677,1.0853358742906232,0.01426236843526052,0.8642843825268769
2016-06-13,GC=F/SI=F,7.158046981223505,2.858078079362606,-4.922239153398677,1.0853358742906232,0.011432054181715223,0.7730126289665932
2016-06-14,GC=F/SI=F,7.1589807954329,2.8570447450157155,-4.922239153398677,1.0853358742906232,0.009385217773446364,0.7002547920899145
2016-06-15,GC=F/SI=F,7.1591364096824845,2.8615721301891175,-4.9069946549751045,1.0831475960737587,0.014165393052518738,0.7935885399610542
2016-06-16,GC=F/SI=F,7.167115015592771,2.867557927025032,-4.9069946549751045,1.0831475960737587,0.011509182076687274,0.7013654958906517
2016-06-17,GC=F/SI=F,7.164333606382584,2.8564701842969358,-4.9069946549751045,1.0831475960737587,0.003434116048302016,0.4759521931312217
2016-06-20,GC=F/SI=F,7.162397497355718,2.8623723096289813,-4.9069946549751045,1.0831475960737587,0.011433333218533903,0.6561094162746893
2016-06-21,GC=F/SI=F,7.1471658027602185,2.851342185192917,-4.9069946549751045,1.0831475960737587,0.016901382167715084,0.7713119593006624
2016-06-22,GC=F/SI=F,7.145196134997171,2.850995494722429,-4.9069946549751045,1.0831475960737587,0.018688132599836038,0.7928170277818635
2016-06-23,GC=F/SI=F,7.139818888955297,2.8534772013451453,-4.9069946549751045,1.0831475960737587,0.026994190346305125,0.988482375592611
2016-06-24,GC=F/SI=F,7.1853870155804165,2.8783553968208353,-4.9069946549751045,1.0831475960737587,0.002515379010412211,0.3009203671234694
2016-06-27,GC=F/SI=F,7.1872791637324545,2.8758219639794134,-4.9069946549751045,1.0831475960737587,-0.002067529553304581,0.1437854677101554
2016-06-28,GC=F/SI=F,7.181820092597917,2.8813871111157465,-4.9069946549751045,1.0831475960737587,0.009410597359197581,0.44679270666479604
2016-06-29,GC=F/SI=F,7.188337223384628,2.9102832851295655,-4.9069946549751045,1.0831475960737587,0.031247756828093998,1.077096561766218
2016-06-30,GC=F/SI=F,7.184174177673155,2.9221934096347844,-4.9069946549751045,1.0831475960737587,0.0476670742880394,1.5827797436452125
2016-07-01,GC=F/SI=F,7.1979591324485686,2.9726683659657924,-4.9069946549751045,1.0831475960737587,0.08321088999207227,2.7541200595798356
2016-07-04,GC=F/SI=F,7.1979591324485686,2.9726683659657924,-4.9069946549751045,1.0831475960737587,0.08321088999207227,2.6955142254806774
2016-07-05,GC=F/SI=F,7.212589428250645,2.9890096886207966,-4.9069946549751045,1.0831475960737587,0.0837054429192099,2.669962498714832
2016-07-06,GC=F/SI=F,7.21883646274922,3.003700435634324,-4.9069946549751045,1.0831475960737587,0.09162972953301551,2.955316744586744
2016-07-07,GC=F/SI=F,7.215313487488511,2.985580939453538,-4.9069946549751045,1.0831475960737587,0.07732613553689394,2.401643289689276
2016-07-08,GC=F/SI=F,7.212736830515471,2.9986281048131493,-4.9069946549751045,1.0831475960737587,0.09316420070275999,2.9176955091328
2016-07-11,GC=F/SI=F,7.2115567333138015,3.0088459096873748,-4.9069946549751045,1.0831475960737587,0.10466022502410777,3.168610108844119
2016-07-12,GC=F/SI=F,7.196012167884736,3.0022111979610187,-4.9069946549751045,1.0831475960737587,0.11486257197425509,3.2682924740149915
2016-07-13,GC=F/SI=F,7.202214353899818,3.014063271438193,-4.9069946549751045,1.0831475960737587,0.11999676257879077,3.149527806749416
2016-07-14,GC=F/SI=F,7.193911224114897,3.0096844939433134,-5.555460124067638,1.1751795888330467,0.11100698355416583,2.629758790540396
2016-07-15,GC=F/SI=F,7.190299173577794,3.001962823304627,-5.555460124067638,1.1751795888330467,0.10753012098051684,2.363469572582271
2016-07-18,GC=F/SI=F,7.191730507881139,2.9979298883093293,-5.555460124067638,1.1751795888330467,0.1018151111271326,2.072962379335824
2016-07-19,GC=F/SI=F,7.194061405253987,2.9944815107496963,-5.555460124067638,1.1751795888330467,0.09562751055126206,1.8123675820575178
2016-07-20,GC=F/SI=F,7.184477548222238,2.9746108143346914,-5.555460124067638,1.1751795888330467,0.08701956730226357,1.5198338246990335
2016-07-21,GC=F/SI=F,7.193310090417744,2.984873550272113,-5.555460124067638,1.1751795888330467,0.0869024799340199,1.4676716106768635
2016-07-22,GC=F/SI=F,7.187732728596198,2.978433488016852,-5.555460124067638,1.1751795888330467,0.08701681945097661,1.423340010225685
2016-07-25,GC=F/SI=F,7.184856608900361,2.9762945679928015,-5.555460124067638,1.1751795888330467,0.08825785658851437,1.4098059966942293
2016-07-26,GC=F/SI=F,7.18591714107836,2.9783317938087257,-5.555460124067638,1.1751795888330467,0.08904876663555328,1.3874724558378337
2016-07-27,GC=F/SI=F,7.190374538687971,2.993980748157954,-5.555460124067638,1.1751795888330467,0.09945947829465496,1.5917955004808306
2016-07-28,GC=F/SI=F,7.194662087615662,3.003700435634324,-5.555460124067638,1.1751795888330467,0.10414052578507693,1.643492194078505
2016-07-29,GC=F/SI=F,7.207118856207756,3.0112118579243448,-5.555460124067638,1.1751795888330467,0.09701300788285394,1.4200910153152728
2016-08-01,GC=F/SI=F,7.20889638918383,3.018716117400408,-5.555460124067638,1.1751795888330467,0.10242834688695623,1.49114358432098
2016-08-02,GC=F/SI=F,7.218470068438116,3.0284898555126185,-5.555460124067638,1.1751795888330467,0.10095129254949775,1.4055615500908385
2016-08-03,GC=F/SI=F,7.2123681940907565,3.0172980917883105,-5.555460124067638,1.1751795888330467,0.09693032701182958,1.2711322509423353
2016-08-04,GC=F/SI=F,7.214357272221169,3.0158289819829527,-5.555460124067638,1.1751795888330467,0.09312369318701741,1.148619587318527
2016-08-05,GC=F/SI=F,7.19773472875113,2.9846713609086963,-5.555460124067638,1.1751795888330467,0.08150054591324007,0.8664390276528333
2016-08-08,GC=F/SI=F,7.195487368493591,2.98406445093276,-5.555460124067638,1.1751795888330467,0.08353468784071794,0.8836178105742588
2016-08-09,GC=F/SI=F,7.199678345691172,2.9863887169653625,-5.555460124067638,1.1751795888330467,0.08093380301346009,0.8030990015000734
2016-08-10,GC=F/SI=F,7.203628746782549,3.002409966958181,-5.555460124067638,1.1751795888330467,0.09231262227598691,1.017538928359701
2016-08-11,GC=F/SI=F,7.20228882638302,2.9949319159692567,-5.555460124067638,1.1751795888330467,0.08640921839125149,0.862249255315367
2016-08-12,GC=F/SI=F,7.197285678845005,2.9791963499021867,-6.5011983940730325,1.3094092714160608,0.056202147065533836,0.20241444697492314
2016-08-15,GC=F/SI=F,7.2006487849151934,2.9867419386054093,-6.5011983940730325,1.3094092714160608,0.05934405349969474,0.2533182451649947
2016-08-16,GC=F/SI=F,7.20823017323267,2.988103224863598,-6.5011983940730325,1.3094092714160608,0.0507781996047747,0.05425441171168601
2016-08-17,GC=F/SI=F,7.202437754713037,2.9769062105081914,-6.5011983940730325,1.3094092714160608,0.047165831762898236,-0.04656544920060544
2016-08-18,GC=F/SI=F,7.20874832935673,2.9816333143547364,-6.5011983940730325,1.3094092714160608,0.04362981066302751,-0.1463612842887557
2016-08-19,GC=F/SI=F,7.2007233740771674,2.9601569388722955,-6.5011983940730325,1.3094092714160608,0.032661386026344275,-0.4171659764591592
2016-08-22,GC=F/SI=F,7.198706963799989,2.936141514004563,-6.5011983940730325,1.3094092714160608,0.01128626747052941,-0.9242108204557018
2016-08-23,GC=F/SI=F,7.200872535712562,2.9396908746012023,-6.5011983940730325,1.3094092714160608,0.012000008126927142,-0.9204228637602628
2016-08-24,GC=F/SI=F,7.188714824107146,2.920200215055544,-6.5011983940730325,1.3094092714160608,0.008428768876603598,-1.0090372360455289
2016-08-25,GC=F/SI=F,7.185462751792613,2.9165808699313724,-6.5011983940730325,1.3094092714160608,0.00906771739239609,-0.9988603902577197
2016-08-26,GC=F/SI=F,7.186522734044344,2.925578038182335,-6.5011983940730325,1.3094092714160608,0.016676935055405906,-0.828503286522115
2016-08-29,GC=F/SI=F,7.187581593923291,2.931833501346708,-6.5011983940730325,1.3094092714160608,0.02154591727715527,-0.7386741920579675
2016-08-30,GC=F/SI=F,7.179079247596029,2.921924238338892,-6.5011983940730325,1.3094092714160608,0.0227697053790461,-0.7372078510443251
2016-08-31,GC=F/SI=F,7.175413218283886,2.9243436635366087,-6.5011983940730325,1.3094092714160608,0.029989463347366296,-0.5853234881311447
2016-09-01,GC=F/SI=F,7.17946035969989,2.936884216356025,-6.5011983940730325,1.3094092714160608,0.037230651673935355,-0.4363367691400367
2016-09-02,GC=F/SI=F,7.186976642049927,2.958860750490778,-6.5011983940730325,1.3094092714160608,0.049365296012968685,-0.1609979756334375
2016-09-05,GC=F/SI=F,7.186976642049927,2.958860750490778,-6.5011983940730325,1.3094092714160608,0.049365296012968685,-0.19249555842105798
2016-09-06,GC=F/SI=F,7.207415346285857,2.9981792665419955,-6.5011983940730325,1.3094092714160608,0.06192118324192819,0.11592279135288912
2016-09-07,GC=F/SI=F,7.203628746782549,2.9836091231361745,-6.5011983940730325,1.3094092714160608,0.052309248332878866,-0.158142739140152
2016-09-08,GC=F/SI=F,7.198034013807309,2.9750702568553455,-6.5011983940730325,1.3094092714160608,0.05109617728092708,-0.20862221527051353
2016-09-09,GC=F/SI=F,7.193009388004192,2.9591719968757686,-6.5011983940730325,1.3094092714160608,0.0417772089133468,-0.48163105176774884
2016-09-12,GC=F/SI=F,7.186144304522325,2.9399553064871773,-6.800610242655447,1.3519075395733628,0.0255628833967112,-0.9486870237329216
2016-09-13,GC=F/SI=F,7.1846291527173145,2.9386326492025887,-6.800610242655447,1.3519075395733628,0.026288571260916882,-0.9389688457881931
2016-09-14,GC=F/SI=F,7.186522734044344,2.9434911801969816,-6.800610242655447,1.3519075395733628,0.02858715538250145,-0.888571871496806
2016-09-15,GC=F/SI=F,7.180450609125595,2.9422787335039593,-6.800610242655447,1.3519075395733628,0.03558366014836878,-0.7146493482482872
2016-09-16,GC=F/SI=F,7.174571196145797,2.9328457278109297,-6.800610242655447,1.3519075395733628,0.034099077190994365,-0.7766607067520512
2016-09-19,GC=F/SI=F,7.180450609125595,2.9552226976420872,-6.800610242655447,1.3519075395733628,0.04852762428649626,-0.374321103013604
2016-09-20,GC=F/SI=F,7.180602825307063,2.954649812554049,-6.800610242655447,1.3519075395733628,0.04774895699508619,-0.41519454124067384
2016-09-21,GC=F/SI=F,7.1906006919417145,2.9799077650628862,-6.800610242655447,1.3519075395733628,0.05949071822088925,-0.08245669434492436
2016-09-22,GC=F/SI=F,7.2007233740771674,2.9967317967523925,-6.800610242655447,1.3519075395733628,0.06262981961077152,-0.017158574210867646
2016-09-23,GC=F/SI=F,7.198333118030743,2.9822923511348765,-6.800610242655447,1.3519075395733628,0.05142177916392754,-0.3994124317035132
2016-09-26,GC=F/SI=F,7.200200950835881,2.9712346802647533,-6.800610242655447,1.3519075395733628,0.037838971041876945,-0.8636103668098998
2016-09-27,GC=F/SI=F,7.189846771533873,2.94900746945172,-6.800610242655447,1.3519075395733628,0.029609653293322324,-1.1333927319515247
2016-09-28,GC=F/SI=F,7.184932385292683,2.9467521241830568,-6.800610242655447,1.3519075395733628,0.03399810383649893,-0.9760419820006295
2016-09-29,GC=F/SI=F,7.1866740288203355,2.9504733551744375,-6.800610242655447,1.3519075395733628,0.035364793811597295,-0.9036514372511548
2016-09-30,GC=F/SI=F,7.180298369770832,2.95172813486689,-6.800610242655447,1.3519075395733628,0.04523887504282342,-0.5653911778999132
2016-10-03,GC=F/SI=F,7.1770187659099,2.9335908810754097,-6.800610242655447,1.3519075395733628,0.031535342437749136,-0.9792147719140346
2016-10-04,GC=F/SI=F,7.143854580016244,2.874298796228291,-6.800610242655447,1.3519075395733628,0.017078170544076343,-1.4047513627961619
2016-10-05,GC=F/SI=F,7.142985452838286,2.869828900795391,-6.800610242655447,1.3519075395733628,0.013783254695908909,-1.4590117683307764
2016-10-06,GC=F/SI=F,7.130738856563732,2.8500126253829468,-6.800610242655447,1.3519075395733628,0.010523245121143887,-1.5090689671002762
2016-10-07,GC=F/SI=F,7.130018462417492,2.852092789001608,-6.800610242655447,1.3519075395733628,0.013577315017572644,-1.3665315996611753
2016-10-10,GC=F/SI=F,7.130018462417492,2.852092789001608,-6.800610242655447,1.3519075395733628,0.013577315017572644,-1.3317884500153805
2016-10-11,GC=F/SI=F,7.133295954896068,2.859683393251441,-7.012701301035477,1.3820356537264613,0.013915356037808024,-1.293298408413871
2016-10-12,GC=F/SI=F,7.131778423809276,2.859626136186106,-7.012701301035477,1.3820356537264613,0.015955381040058114,-1.1959071819068268
2016-10-13,GC=F/SI=F,7.134890851565884,2.8570447450157155,-7.012701301035477,1.3820356537264613,0.009072503740387816,-1.3911589151947037
2016-10-14,GC=F/SI=F,7.133375740688307,2.8560678062482348,-7.012701301035477,1.3820356537264613,0.010189502225065539,-1.3161466716433994
2016-10-17,GC=F/SI=F,7.134412669058884,2.8579633779588005,-7.012701301035477,1.3820356537264613,0.010652001957135226,-1.2627649698412022
2016-10-18,GC=F/SI=F,7.139501757831505,2.8673873850638425,-7.012701301035477,1.3820356537264613,0.013042706933436676,-1.1444559807044776
2016-10-19,GC=F/SI=F,7.1451172867894135,2.868807535804674,-7.012701301035477,1.3820356537264613,0.006701996439904434,-1.3209993244397507
2016-10-20,GC=F/SI=F,7.143301577722885,2.86231520632069,-7.012701301035477,1.3820356537264613,0.002719041622658125,-1.4133851063533613
2016-10-21,GC=F/SI=F,7.143538629928715,2.8592250262757397,-7.012701301035477,1.3820356537264613,-0.0006987530225455174,-1.4844589480015629
2016-10-24,GC=F/SI=F,7.140453043101158,2.8657374925771504,-7.012701301035477,1.3820356537264613,0.010078104287218892,-1.0790037831210784
2016-10-25,GC=F/SI=F,7.148267143652393,2.875596475755325,-7.012701301035477,1.3820356537264613,0.009137721901783635,-1.0862881706796261
2016-10-26,GC=F/SI=F,7.142669324500673,2.8670462138629733,-7.012701301035477,1.3820356537264613,0.008323845660221707,-1.0953754116727688
2016-10-27,GC=F/SI=F,7.1451172867894135,2.868126154149523,-7.012701301035477,1.3820356537264613,0.00602061478475413,-1.155979962631764
2016-10-28,GC=F/SI=F,7.1510935375818665,2.8770612948693604,-7.012701301035477,1.3820356537264613,0.006696363833809116,-1.1154339638619215
2016-10-31,GC=F/SI=F,7.147952584862174,2.8770612948693604,-7.012701301035477,1.3820356537264613,0.011037272479093474,-0.9335330566269696
2016-11-01,GC=F/SI=F,7.159602917403295,2.9115351272026144,-7.012701301035477,1.3820356537264613,0.029409929862749706,-0.17100997578147648
2016-11-02,GC=F/SI=F,7.1753367170915645,2.926382187241926,-7.012701301035477,1.3820356537264613,0.02251231776428142,-0.4320294234936784
2016-11-03,GC=F/SI=F,7.171733605984922,2.911426292958876,-7.012701301035477,1.3820356537264613,0.012536051494949518,-0.8493032677277597
2016-11-04,GC=F/SI=F,7.172654826001666,2.9091934605586833,-7.012701301035477,1.3820356537264613,0.009030060186690392,-0.9937203216486716
2016-11-07,GC=F/SI=F,7.153286387371679,2.8972370571136756,-7.012701301035477,1.3820356537264613,0.023841529485338242,-0.2666290064476668
2016-11-08,GC=F/SI=F,7.149445786755268,2.9085390576893686,-7.012701301035477,1.3820356537264613,0.04045137704463464,0.632377720664917
2016-11-09,GC=F/SI=F,7.1488173116142955,2.9100109922666775,-7.06180567178548,1.3890380023967526,0.04183774602811319,0.8019302066853701
2016-11-10,GC=F/SI=F,7.143222579985179,2.9293787518066776,-7.06180567178548,1.3890380023967526,0.06897680041416798,2.378653521296868
2016-11-11,GC=F/SI=F,7.143222579985179,2.9293787518066776,-7.06180567178548,1.3890380023967526,0.06897680041416798,2.3269510135121614
2016-11-14,GC=F/SI=F,7.107589220876997,2.8259517961725673,-7.06180567178548,1.3890380023967526,0.0150459347343741,-0.6946052910033513
2016-11-15,GC=F/SI=F,7.1098794630722715,2.834917733618387,-7.06180567178548,1.3890380023967526,0.02083063873626223,-0.3534733592345825
2016-11-16,GC=F/SI=F,7.109389166764376,2.828141655197982,-7.06180567178548,1.3890380023967526,0.014735600519960812,-0.6715027952421223
2016-11-17,GC=F/SI=F,7.103733162223577,2.819054740027254,-7.06180567178548,1.3890380023967526,0.01350509059813021,-0.7216961793966731
2016-11-18,GC=F/SI=F,7.097135200143538,2.8101855737579777,-7.06180567178548,1.3890380023967526,0.01380074439640211,-0.7084728491126306
2016-11-21,GC=F/SI=F,7.098044985241685,2.8040873366252788,-7.06180567178548,1.3890380023967526,0.0064387811883612756,-1.1167238967808029
2016-11-22,GC=F/SI=F,7.099201743553092,2.8107872299029077,-7.06180567178548,1.3890380023967526,0.011531893211859767,-0.832672976766338
2016-11-23,GC=F/SI=F,7.080951976911986,2.7962441764457076,-7.06180567178548,1.3890380023967526,0.022338459154026324,-0.24072376171443685
2016-11-24,GC=F/SI=F,7.080951976911986,2.7962441764457076,-7.06180567178548,1.3890380023967526,0.022338459154026324,-0.24617320700083645
2016-11-25,GC=F/SI=F,7.0717430876446015,2.801176221724364,-7.06180567178548,1.3890380023967526,0.040062001584942664,0.7323163241086207
2016-11-28,GC=F/SI=F,7.082212640213609,2.808076461784741,-7.06180567178548,1.3890380023967526,0.032419635258879254,0.2937917891884981
2016-11-29,GC=F/SI=F,7.079942341847781,2.8130706168183495,-7.06180567178548,1.3890380023967526,0.040567320999400636,0.7397665316743206
2016-11-30,GC=F/SI=F,7.0654425965226535,2.7976471299512213,-7.06180567178548,1.3890380023967526,0.045284531413949836,0.9944654601771193
2016-12-01,GC=F/SI=F,7.062105959734216,2.798926325345717,-7.06180567178548,1.3890380023967526,0.05119844210777913,1.3280815184200883
2016-12-02,GC=F/SI=F,7.069108508563738,2.818577362195154,-7.06180567178548,1.3890380023967526,0.06112267251937453,1.8697194271659048
2016-12-05,GC=F/SI=F,7.068172000388042,2.82280640302874,-7.06180567178548,1.3890380023967526,0.06665255879855714,2.177571711569798
2016-12-06,GC=F/SI=F,7.062705618070348,2.817801051388579,-7.06180567178548,1.3890380023967526,0.06924021993330243,2.2570556186291832
2016-12-07,GC=F/SI=F,7.069023426578259,2.8450837357698178,-7.06180567178548,1.3890380023967526,0.08774722820518477,3.1524353282876456
2016-12-08,GC=F/SI=F,7.0645881147495,2.8346828296291307,-7.054789933554832,1.388276733816245,0.08186944948246477,2.6165815733384066
2016-12-09,GC=F/SI=F,7.05565792996313,2.8271360534505283,-7.054789933554832,1.388276733816245,0.0867202410714576,2.6694318090291977
2016-12-12,GC=F/SI=F,7.059187982742347,2.8400136530884414,-7.054789933554832,1.388276733816245,0.09469715056684258,2.8398475846085973
2016-12-13,GC=F/SI=F,7.053326360088054,2.827964256261764,-7.054789933554832,1.388276733816245,0.09078530809352969,2.4683135348344987
2016-12-14,GC=F/SI=F,7.057295388297802,2.842114809797795,-7.054789933554832,1.388276733816245,0.09942575211010585,2.6648366894780966
2016-12-15,GC=F/SI=F,7.028024154668102,2.7661304318557285,-7.054789933554832,1.388276733816245,0.064077946786254,1.1599969384330593
2016-12-16,GC=F/SI=F,7.034652255179494,2.7821057833744915,-7.054789933554832,1.388276733816245,0.07085166057565395,1.393794358548473
2016-12-19,GC=F/SI=F,7.039222041724443,2.7742123452761236,-7.054789933554832,1.388276733816245,0.05661409413842655,0.8387429038896566
2016-12-20,GC=F/SI=F,7.031299465073592,2.7759580929355074,-7.054789933554832,1.388276733816245,0.06935857063406381,1.3109504109154384
2016-12-21,GC=F/SI=F,7.0309458679529815,2.76745055828317,-7.054789933554832,1.388276733816245,0.061341926637414446,1.0070902275953635
2016-12-22,GC=F/SI=F,7.02891044379527,2.7609588302247823,-7.054789933554832,1.388276733816245,0.05767593058062559,0.8628231057415775
2016-12-23,GC=F/SI=F,7.031652937207473,2.753915487095304,-7.054789933554832,1.388276733816245,0.046825247654341595,0.45299316070967055
2016-12-26,GC=F/SI=F,7.031652937207473,2.753915487095304,-7.054789933554832,1.388276733816245,0.046825247654341595,0.4424790089717762
2016-12-27,GC=F/SI=F,7.036412354123771,2.7681413410859883,-7.054789933554832,1.388276733816245,0.05444371387359759,0.7098919860540038
2016-12-28,GC=F/SI=F,7.038257108473417,2.7718384355999315,-7.054789933554832,1.388276733816245,0.055579778844320415,0.7370761835733819
2016-12-29,GC=F/SI=F,7.053067031254317,2.782724686036069,-7.054789933554832,1.388276733816245,0.04590575805412023,0.38152256919066424
2016-12-30,GC=F/SI=F,7.047517221357296,2.7685806927034555,-7.054789933554832,1.388276733816245,0.03946643667864258,0.14205496873895163
2017-01-02,GC=F/SI=F,7.047517221357296,2.7685806927034555,-7.054789933554832,1.388276733816245,0.03946643667864258,0.1297589485061742
2017-01-03,GC=F/SI=F,7.0565200732866,2.7945948575444923,-7.054789933554832,1.388276733816245,0.05298215164823539,0.6044977030138132
2017-01-04,GC=F/SI=F,7.059445834178338,2.803299806303228,-7.054789933554832,1.388276733816245,0.05762533463226127,0.7513251481089094
2017-01-05,GC=F/SI=F,7.073015406457506,2.808438353051294,-7.054789933554832,1.388276733816245,0.043925559897321165,0.22864461361987462
2017-01-06,GC=F/SI=F,7.066381663097445,2.8012976247824337,-6.871740001477081,1.362814919828651,0.04286726658672002,0.17364505951840128
2017-01-09,GC=F/SI=F,7.0762314289540384,2.811208242739808,-6.871740001477081,1.362814919828651,0.039354476677909034,0.028435189899090933
2017-01-10,GC=F/SI=F,7.076822678864669,2.8215574119285343,-6.871740001477081,1.362814919828651,0.04889788166708087,0.36834270428757043
2017-01-11,GC=F/SI=F,7.086403409989858,2.820366525695279,-6.871740001477081,1.362814919828651,0.03465023211355245,-0.18450752309832644
2017-01-12,GC=F/SI=F,7.089159769077327,2.8201877419595305,-6.871740001477081,1.362814919828651,0.03071504108899603,-0.3494876381864389
2017-01-13,GC=F/SI=F,7.086152519734035,2.8166055665892396,-6.871740001477081,1.362814919828651,0.03123118999138974,-0.34513469938177577
2017-01-16,GC=F/SI=F,7.086152519734035,2.8166055665892396,-6.871740001477081,1.362814919828651,0.03123118999138974,-0.35893735764468254
2017-01-17,GC=F/SI=F,7.10002716662926,2.8391953737993054,-6.871740001477081,1.362814919828651,0.034912421405286054,-0.2355831374600456
2017-01-18,GC=F/SI=F,7.099449482333269,2.8469422353823215,-6.871740001477081,1.362814919828651,0.04344655976583134,0.07778331720589038
2017-01-19,GC=F/SI=F,7.090826574996442,2.8312702253028634,-6.871740001477081,1.362814919828651,0.03952597645730016,-0.10765392569287201
2017-01-20,GC=F/SI=F,7.093653804811252,2.833036842633732,-6.871740001477081,1.362814919828651,0.037439602814760775,-0.21410769912285882
2017-01-23,GC=F/SI=F,7.102499355774649,2.841998151368816,-6.871740001477081,1.362814919828651,0.03434606272282359,-0.36524784702091195
2017-01-24,GC=F/SI=F,7.098623582088377,2.841939872661559,-6.871740001477081,1.362814919828651,0.03956974622109577,-0.16721714045769223
2017-01-25,GC=F/SI=F,7.0878243415046605,2.829913803267728,-6.871740001477081,1.362814919828651,0.042261043017573385,-0.07724837202378318
2017-01-26,GC=F/SI=F,7.081288329743012,2.8222118237078337,-6.871740001477081,1.362814919828651,0.04346643780262838,-0.050585117538966946
2017-01-27,GC=F/SI=F,7.0801106509154135,2.8390784858167852,-6.871740001477081,1.362814919828651,0.06193805818859843,0.7580659632957548
2017-01-30,GC=F/SI=F,7.084394011718597,2.8403641711702288,-6.871740001477081,1.362814919828651,0.057386315532454546,0.529406464593431
2017-01-31,GC=F/SI=F,7.097217923727174,2.8628863105545617,-6.871740001477081,1.362814919828651,0.0624318363009273,0.7369069794907006
2017-02-01,GC=F/SI=F,7.094732627061736,2.8576189758040322,-6.871740001477081,1.362814919828651,0.06055150092625716,0.6251390795519717
2017-02-02,GC=F/SI=F,7.103897514661797,2.8565851666953836,-6.871740001477081,1.362814919828651,0.0470276462576944,-0.0365839655329856
2017-02-03,GC=F/SI=F,7.1053758730652605,2.859511502934524,-6.871740001477081,1.362814919828651,0.04793925360774054,-0.011074395996276899
2017-02-06,GC=F/SI=F,7.114769448366463,2.8716984822662783,-6.86763370556806,1.362471165704272,0.04566396380134208,-0.12527669100586372
2017-02-07,GC=F/SI=F,7.118178226324395,2.8754272993241776,-6.86763370556806,1.362471165704272,0.04474841918127126,-0.17195115942948494
2017-02-08,GC=F/SI=F,7.120929279531915,2.8726037580004085,-6.86763370556806,1.362471165704272,0.03817664718693692,-0.47090465650076413
2017-02-09,GC=F/SI=F,7.118907197677097,2.8746939064271877,-6.86763370556806,1.362471165704272,0.04302182383560016,-0.21579154726723723
2017-02-10,GC=F/SI=F,7.1183403208270315,2.8854709159270877,-6.86763370556806,1.362471165704272,0.054571186698220586,0.32856270874769156
2017-02-13,GC=F/SI=F,7.11020622701087,2.8794231991480004,-6.86763370556806,1.362471165704272,0.059605938202786035,0.558723408681406
2017-02-14,GC=F/SI=F,7.109797780336052,2.8832352278125537,-6.86763370556806,1.362471165704272,0.06397446368450588,0.7581835198781369
2017-02-15,GC=F/SI=F,7.116150568304566,2.887422998104198,-6.86763370556806,1.362471165704272,0.05950674354721741,0.5000556003775904
2017-02-16,GC=F/SI=F,7.122866658599083,2.893865631944851,-6.86763370556806,1.362471165704272,0.056798898015324895,0.3292766496657567
2017-02-17,GC=F/SI=F,7.120929279531915,2.891426706782494,-6.86763370556806,1.362471165704272,0.05699959596902282,0.31167658704417145
2017-02-20,GC=F/SI=F,7.120929279531915,2.891426706782494,-6.86763370556806,1.362471165704272,0.05699959596902282,0.2827571248124051
2017-02-21,GC=F/SI=F,7.120848494442845,2.8898160352397158,-6.86763370556806,1.362471165704272,0.055498991780721596,0.1657083114258352
2017-02-22,GC=F/SI=F,7.116394144093465,2.88714430167041,-6.86763370556806,1.362471165704272,0.05889618212439096,0.34972489742974616
2017-02-23,GC=F/SI=F,7.13105877844146,2.8966299605288306,-6.86763370556806,1.362471165704272,0.04840169952807294,-0.32558905211437955
2017-02-24,GC=F/SI=F,7.136403670354821,2.9088117515899725,-6.86763370556806,1.362471165704272,0.053301229473454725,-0.034671668368999334
2017-02-27,GC=F/SI=F,7.136801395365266,2.909847539384984,-6.86763370556806,1.362471165704272,0.05379512840985434,-0.016214186255061352
2017-02-28,GC=F/SI=F,7.132976650600603,2.9134370349690686,-6.86763370556806,1.362471165704272,0.0625957284519707,0.5394004664341358
2017-03-01,GC=F/SI=F,7.130018462417492,2.9146849377227917,-6.86763370556806,1.362471165704272,0.06787407730791095,0.8645500645843436
2017-03-02,GC=F/SI=F,7.116312991786146,2.873847081254692,-6.86763370556806,1.362471165704272,0.04570952938742501,-0.5582467586364311
2017-03-03,GC=F/SI=F,7.111104202968168,2.87339516214246,-6.86763370556806,1.362471165704272,0.05235443484793123,-0.11401262688110197
2017-03-06,GC=F/SI=F,7.110287876392222,2.8749760939397553,-6.86763370556806,1.362471165704272,0.05504758806675092,0.07570550219083662
2017-03-07,GC=F/SI=F,7.102581636822341,2.8617436666991978,-6.966761394314059,1.3767308768766862,0.05016161606258507,-0.2138375533315048
2017-03-08,GC=F/SI=F,7.097135200143538,2.8482178564970244,-6.966761394314059,1.3767308768766862,0.04413408340507452,-0.6022057456069436
2017-03-09,GC=F/SI=F,7.092074858743207,2.8328014963478596,-6.966761394314059,1.3767308768766862,0.035684451509281345,-1.1909360519152874
2017-03-10,GC=F/SI=F,7.090659958370289,2.8263071641508053,-6.966761394314059,1.3767308768766862,0.031138056343328557,-1.5598666743736964
2017-03-13,GC=F/SI=F,7.092074858743207,2.8293824547340027,-6.966761394314059,1.3767308768766862,0.032265409895424924,-1.489701408741048
2017-03-14,GC=F/SI=F,7.0916589372716325,2.8266033394589307,-6.966761394314059,1.3767308768766862,0.030058906552627107,-1.8146691405966937
2017-03-15,GC=F/SI=F,7.090160145294039,2.8266033394589307,-6.966761394314059,1.3767308768766862,0.03212233974619494,-1.5538116310390604
2017-03-16,GC=F/SI=F,7.111919863698544,2.85047523354819,-6.966761394314059,1.3767308768766862,0.026036957635829694,-2.103372729505492
2017-03-17,GC=F/SI=F,7.1146068732234875,2.855262564100567,-6.966761394314059,1.3767308768766862,0.02712499920875544,-1.898474393674884
2017-03-20,GC=F/SI=F,7.117691983018158,2.8566425981377113,-6.966761394314059,1.3767308768766862,0.02425766733302126,-2.1147055458393367
2017-03-21,GC=F/SI=F,7.127773933356443,2.8650539064395404,-6.966761394314059,1.3767308768766862,0.018788843304996306,-2.520558631355632
2017-03-22,GC=F/SI=F,7.13033871252217,2.8647690133836505,-6.966761394314059,1.3767308768766862,0.014972939579280364,-2.704886010356297
2017-03-23,GC=F/SI=F,7.1284157695823485,2.8657944008011422,-6.966761394314059,1.3767308768766862,0.018645701916497615,-2.2125166148732722
2017-03-24,GC=F/SI=F,7.129457753381111,2.8746939064271877,-6.966761394314059,1.3767308768766862,0.0261106762735821,-1.4965722593525292
2017-03-27,GC=F/SI=F,7.135209545330669,2.8948063507442323,-6.966761394314059,1.3767308768766862,0.0383044510162982,-0.47572338837435846
2017-03-28,GC=F/SI=F,7.135129905721736,2.902794298825845,-6.966761394314059,1.3767308768766862,0.046402041406551575,0.18896493596774655
2017-03-29,GC=F/SI=F,7.133615157268844,2.9029589085601355,-6.966761394314059,1.3767308768766862,0.04865205210663959,0.3675657168344906
2017-03-30,GC=F/SI=F,7.126890808898808,2.9005970490709223,-6.966761394314059,1.3767308768766862,0.0555478106453311,0.9053498247501113
2017-03-31,GC=F/SI=F,7.128736533278721,2.903342857732075,-6.966761394314059,1.3767308768766862,0.05575255356245101,0.8966205339971132
2017-04-03,GC=F/SI=F,7.131538664621202,2.9009269654412693,-6.966761394314059,1.3767308768766862,0.049478880531388825,0.39482707857017824
2017-04-04,GC=F/SI=F,7.134890851565884,2.9070103459943537,-6.966761394314059,1.3767308768766862,0.05094720181266865,0.5250454267557576
2017-04-05,GC=F/SI=F,7.127212062041742,2.8995517352391618,-7.022368036821633,1.3847523113813287,0.0524963954436064,0.638151959329329
2017-04-06,GC=F/SI=F,7.1311388405540805,2.902794298825845,-7.022368036821633,1.3847523113813287,0.05030134340904624,0.4502017700252784
2017-04-07,GC=F/SI=F,7.134332965959214,2.897567978476996,-7.022368036821633,1.3847523113813287,0.04065195052259618,-0.32791849784273414
2017-04-10,GC=F/SI=F,7.131778423809276,2.8844654108142063,-7.022368036821633,1.3847523113813287,0.031086791006455172,-1.0752189618219492
2017-04-11,GC=F/SI=F,7.147716576811457,2.903233128177659,-7.022368036821633,1.3847523113813287,0.027784114160988693,-1.326726680501142
2017-04-12,GC=F/SI=F,7.150936762320413,2.9057528232045184,-7.022368036821633,1.3847523113813287,0.025844649861245017,-1.469423281674626
2017-04-13,GC=F/SI=F,7.159214160262366,2.917175977979308,-7.022368036821633,1.3847523113813287,0.025805658703692558,-1.4533847856816062
2017-04-14,GC=F/SI=F,7.159214160262366,2.917175977979308,-7.022368036821633,1.3847523113813287,0.025805658703692558,-1.4346213600516005
2017-04-17,GC=F/SI=F,7.161932291810956,2.9173922837529624,-7.022368036821633,1.3847523113813287,0.022258025532797987,-1.6770053047850506
2017-04-18,GC=F/SI=F,7.163714421436525,2.9042198429500035,-7.022368036821633,1.3847523113813287,0.0066177766116499726,-2.7830158965110323
2017-04-19,GC=F/SI=F,7.155708528257568,2.897898895536802,-7.022368036821633,1.3847523113813287,0.011383008282681573,-2.255133100920058
2017-04-20,GC=F/SI=F,7.156098650363305,2.889927246884336,-7.022368036821633,1.3847523113813287,0.0028711371425771404,-2.721265775513704
2017-04-21,GC=F/SI=F,7.160379978582367,2.880882427596084,-7.022368036821633,1.3847523113813287,-0.012102261292804783,-3.5108871647166198
2017-04-24,GC=F/SI=F,7.151328750080409,2.8818914331921937,-7.022368036821633,1.3847523113813287,0.0014404538922327959,-2.365982325566296
2017-04-25,GC=F/SI=F,7.143301577722885,2.8668187378761942,-7.022368036821633,1.3847523113813287,-0.002516595947829714,-2.4540634914010133
2017-04-26,GC=F/SI=F,7.140532259920585,2.853765439039683,-7.022368036821633,1.3847523113813287,-0.011735075556655872,-2.802509406766282
2017-04-27,GC=F/SI=F,7.141799166125618,2.8486812954899965,-7.022368036821633,1.3847523113813287,-0.018573570402065087,-2.9624763767015705
2017-04-28,GC=F/SI=F,7.143696569243321,2.844385990171753,-7.022368036821633,1.3847523113813287,-0.02549630907317102,-3.072048904735189
2017-05-01,GC=F/SI=F,7.133535390577122,2.8201877419595305,-7.022368036821633,1.3847523113813287,-0.03562384164101573,-3.2956426290677907
2017-05-02,GC=F/SI=F,7.134970510214514,2.8195318900784927,-7.022368036821633,1.3847523113813287,-0.03826697875703999,-3.1197491139974054
2017-05-03,GC=F/SI=F,7.128014694704146,2.802572161962904,-7.022368036821633,1.3847523113813287,-0.045594625267105116,-3.1473502267268674
2017-05-04,GC=F/SI=F,7.111919863698544,2.787723577886177,-7.044414412914974,1.3878909624718943,-0.038431313850404436,-2.61335904033116
2017-05-05,GC=F/SI=F,7.110532884209676,2.7859367491695735,-7.044414412914974,1.3878909624718943,-0.03829316626927515,-2.4357192913732204
2017-05-08,GC=F/SI=F,7.110941030805335,2.7849494752016106,-7.044414412914974,1.3878909624718943,-0.03984690320871387,-2.3413854066770505
2017-05-09,GC=F/SI=F,7.101923098270697,2.7730885610599185,-7.044414412914974,1.3878909624718943,-0.03919191028540148,-2.1861577216718118
2017-05-10,GC=F/SI=F,7.104390610527375,2.7819819096261265,-7.044414412914974,1.3878909624718943,-0.03372319968002557,-1.8997639947445248
2017-05-11,GC=F/SI=F,7.108816767215471,2.7855666209369763,-7.044414412914974,1.3878909624718943,-0.036281511235069175,-1.8945956835799866
2017-05-12,GC=F/SI=F,7.1116751955079005,2.7939832601673937,-7.044414412914974,1.3878909624718943,-0.03183205879858875,-1.6798828085242667
2017-05-15,GC=F/SI=F,7.113630568858378,2.807050583361269,-7.044414412914974,1.3878909624718943,-0.021478580606100195,-1.3096229581459973
2017-05-16,GC=F/SI=F,7.118826249062078,2.8149895174055706,-7.044414412914974,1.3878909624718943,-0.02075068416040793,-1.2455714715561923
2017-05-17,GC=F/SI=F,7.136880901973894,2.824469301560213,-7.044414412914974,1.3878909624718943,-0.036328789612642964,-1.6667429538826692
2017-05-18,GC=F/SI=F,7.13225786732453,2.8106669735317857,-7.044414412914974,1.3878909624718943,-0.04371484963202121,-1.8202745460684129
2017-05-19,GC=F/SI=F,7.133056461871838,2.8183982582710754,-7.044414412914974,1.3878909624718943,-0.0370919270476211,-1.5559774958080768
2017-05-22,GC=F/SI=F,7.13942236250626,2.8415899065533057,-7.044414412914974,1.3878909624718943,-0.02273545472390026,-1.090503503811604
2017-05-23,GC=F/SI=F,7.134731515229596,2.8385519859536528,-7.044414412914974,1.3878909624718943,-0.019262990781934164,-0.9576606408512459
2017-05-24,GC=F/SI=F,7.1328170089460725,2.8377325092474712,-7.044414412914974,1.3878909624718943,-0.017425341519617277,-0.8749305040728551
2017-05-25,GC=F/SI=F,7.135528137562096,2.842114809797795,-7.044414412914974,1.3878909624718943,-0.016805791873570897,-0.8291778275204532
2017-05-26,GC=F/SI=F,7.144880608556697,2.8497234141568213,-7.044414412914974,1.3878909624718943,-0.022177397484732353,-0.9582980006138802
2017-05-29,GC=F/SI=F,7.144880608556697,2.8497234141568213,-7.044414412914974,1.3878909624718943,-0.022177397484732353,-0.9300772133517262
2017-05-30,GC=F/SI=F,7.140532259920585,2.8557803412080527,-7.044414412914974,1.3878909624718943,-0.010085436659764468,-0.5423822027042254
2017-05-31,GC=F/SI=F,7.148345743900068,2.854629434333106,-7.044414412914974,1.3878909624718943,-0.022080607335253077,-0.8820914950592015
2017-06-01,GC=F/SI=F,7.144407180321139,2.8474062657878476,-7.044414412914974,1.3878909624718943,-0.023837479084196644,-0.9079977784350529
2017-06-02,GC=F/SI=F,7.152112264938123,2.861457719808994,-6.995915364675405,1.3809230592028046,-0.01914366417585356,-0.7358590266074118
2017-06-05,GC=F/SI=F,7.154068370490834,2.864883045565526,-6.995915364675405,1.3809230592028046,-0.018419569683295833,-0.6879522564364127
2017-06-06,GC=F/SI=F,7.1658025651655235,2.8722643621433464,-6.995915364675405,1.3809230592028046,-0.027242273112928928,-0.941383906431097
2017-06-07,GC=F/SI=F,7.162474994806928,2.8671599866809045,-6.995915364675405,1.3809230592028046,-0.02775152993606511,-0.92791343042663
2017-06-08,GC=F/SI=F,7.151720584246205,2.855550287719328,-6.995915364675405,1.3809230592028046,-0.024510215366206012,-0.796427073592484
2017-06-09,GC=F/SI=F,7.145590379039336,2.8445023703877137,-6.995915364675405,1.3809230592028046,-0.027092790970009162,-0.8523902386846
2017-06-12,GC=F/SI=F,7.143696569243321,2.828141655197982,-6.995915364675405,1.3809230592028046,-0.04083830054267956,-1.2619109301931084
2017-06-13,GC=F/SI=F,7.1434596509161175,2.817681635573339,-6.995915364675405,1.3809230592028046,-0.05097115418613818,-1.542129443146956
2017-06-14,GC=F/SI=F,7.14897451538634,2.839487756985274,-6.995915364675405,1.3809230592028046,-0.036780636289512,-1.0417039782928532
2017-06-15,GC=F/SI=F,7.132657244317339,2.8148696510820876,-6.995915364675405,1.3809230592028046,-0.03886584631025336,-1.0743188546085636
2017-06-16,GC=F/SI=F,7.134093721192866,2.8115690026191498,-6.995915364675405,1.3809230592028046,-0.04415015881461848,-1.2054707503216027
2017-06-19,GC=F/SI=F,7.126247992836324,2.8023295347147434,-6.995915364675405,1.3809230592028046,-0.042555279515232414,-1.1172080092090988
2017-06-20,GC=F/SI=F,7.123672785204607,2.797159419908775,-6.995915364675405,1.3809230592028046,-0.04416923072033008,-1.1320621027550382
2017-06-21,GC=F/SI=F,7.125604861470159,2.7945336330011283,-6.995915364675405,1.3809230592028046,-0.049463066295215796,-1.2585871603652312
2017-06-22,GC=F/SI=F,7.128976965164826,2.8027541226914687,-6.995915364675405,1.3809230592028046,-0.04589919235486484,-1.109145502967684
2017-06-23,GC=F/SI=F,7.135846531150573,2.811088036990548,-6.995915364675405,1.3809230592028046,-0.047051620132219085,-1.1127202632968742
2017-06-26,GC=F/SI=F,7.127934480010799,2.806990116707257,-6.995915364675405,1.3809230592028046,-0.04022360655100243,-0.8708112594602024
2017-06-27,GC=F/SI=F,7.128014694704146,2.807955878964563,-6.995915364675405,1.3809230592028046,-0.039368614613426445,-0.8200966103547829
2017-06-28,GC=F/SI=F,7.129297548929373,2.8163065290008618,-6.995915364675405,1.3809230592028046,-0.03278948755833966,-0.5815004653938556
2017-06-29,GC=F/SI=F,7.126247992836324,2.808558992708433,-6.995915364675405,1.3809230592028046,-0.036325821521543844,-0.683156174405837
2017-06-30,GC=F/SI=F,7.1234309760935215,2.8074731719842183,-6.995915364675405,1.3809230592028046,-0.033521558867462886,-0.5608910636896793
2017-07-03,GC=F/SI=F,7.104883363139097,2.7748985934400543,-6.909193497341073,1.3685374204817269,-0.039206659832787594,-0.7578055969098314
2017-07-04,GC=F/SI=F,7.104883363139097,2.7748985934400543,-6.909193497341073,1.3685374204817269,-0.039206659832787594,-0.7469774813308223
2017-07-05,GC=F/SI=F,7.106933972847482,2.762664641523681,-6.909193497341073,1.3685374204817269,-0.05424694786989015,-1.398041986406264
2017-07-06,GC=F/SI=F,7.1084077525098035,2.7680157851437803,-6.909193497341073,1.3685374204817269,-0.0509127268672227,-1.247173331367439
2017-07-07,GC=F/SI=F,7.097217923727174,2.7324826361040917,-6.909193497341073,1.3685374204817269,-0.07113217648909931,-2.2114052425135546
2017-07-10,GC=F/SI=F,7.100109651334512,2.74579544579389,-6.909193497341073,1.3685374204817269,-0.061776804239784155,-1.7131271611708674
2017-07-11,GC=F/SI=F,7.101346407917264,2.753469582616617,-6.909193497341073,1.3685374204817269,-0.05579521508057894,-1.3981849176557934
2017-07-12,GC=F/SI=F,7.1050475266631725,2.7624752371847077,-6.909193497341073,1.3685374204817269,-0.05185468001391058,-1.190077216790052
2017-07-13,GC=F/SI=F,7.103568782769194,2.749959616860935,-6.909193497341073,1.3685374204817269,-0.06234658398346582,-1.791500282646841
2017-07-14,GC=F/SI=F,7.112001373288033,2.7653123022216572,-6.909193497341073,1.3685374204817269,-0.05853421429937278,-1.5797502155336605
2017-07-17,GC=F/SI=F,7.117043323613404,2.7757088020408553,-6.909193497341073,1.3685374204817269,-0.055037812172656686,-1.343294407129935
2017-07-18,GC=F/SI=F,7.123753342464165,2.7863683531731382,-6.909193497341073,1.3685374204817269,-0.053561172929777356,-1.2486469190417089
2017-07-19,GC=F/SI=F,7.1238338932347745,2.7881544115418646,-6.909193497341073,1.3685374204817269,-0.051885351304878924,-1.1230707184507416
2017-07-20,GC=F/SI=F,7.126730192649805,2.791103743130983,-6.909193497341073,1.3685374204817269,-0.05289971384614667,-1.1593039518640085
2017-07-21,GC=F/SI=F,7.134332965959214,2.79789089580353,-6.909193497341073,1.3685374204817269,-0.05651724094696675,-1.4018736228093789
2017-07-24,GC=F/SI=F,7.134013992666994,2.797159419908775,-6.909193497341073,1.3685374204817269,-0.05681218995518478,-1.4074256768498086
2017-07-25,GC=F/SI=F,7.13225786732453,2.8031785304697516,-6.909193497341073,1.3685374204817269,-0.048389756147988905,-0.7575913071851914
2017-07-26,GC=F/SI=F,7.130098510125578,2.7981956067273797,-6.909193497341073,1.3685374204817269,-0.05041751875941003,-0.8822115045472501
2017-07-27,GC=F/SI=F,7.1385494698444765,2.8051163733165017,-6.909193497341073,1.3685374204817269,-0.05506220678458362,-1.1988487209601286
2017-07-28,GC=F/SI=F,7.145511561912112,2.813250677404129,-6.909193497341073,1.3685374204817269,-0.05645578621635572,-1.2656760159786944
2017-07-31,GC=F/SI=F,7.144091404807055,2.8183982582710754,-6.909193497341073,1.3685374204817269,-0.049364667208173785,-0.715118651798867
2017-08-01,GC=F/SI=F,7.1488173116142955,2.8170840004374953,-6.842784933284598,1.3589437682865897,-0.05497180251544442,-1.1143231923568442
2017-08-02,GC=F/SI=F,7.148188537226234,2.8152290927243353,-6.842784933284598,1.3589437682865897,-0.055972241192291605,-1.1564133867709518
2017-08-03,GC=F/SI=F,7.145038432364125,2.809041175966265,-6.842784933284598,1.3589437682865897,-0.05787934257855021,-1.2597212974230234
2017-08-04,GC=F/SI=F,7.137516921402757,2.7863683531731382,-6.842784933284598,1.3589437682865897,-0.07033085492262536,-2.095476391876739
2017-08-07,GC=F/SI=F,7.137437368328008,2.7863067404579476,-6.842784933284598,1.3589437682865897,-0.07028435948263834,-1.989660012150696
2017-08-08,GC=F/SI=F,7.13600578709625,2.794839368482153,-6.842784933284598,1.3589437682865897,-0.059806293064738725,-1.2065755275743306
2017-08-09,GC=F/SI=F,7.149131598557407,2.8234006290351403,-6.842784933284598,1.3589437682865897,-0.0490822722005948,-0.47175996666106895
2017-08-10,GC=F/SI=F,7.157501774053858,2.835328710859728,-6.842784933284598,1.3589437682865897,-0.04852878820637585,-0.41865826083842606
2017-08-11,GC=F/SI=F,7.160612922360871,2.8356222266152464,-6.842784933284598,1.3589437682865897,-0.05246314805488694,-0.6561819573069413
2017-08-14,GC=F/SI=F,7.157891197337735,2.8386690470768223,-6.842784933284598,1.3589437682865897,-0.04571765633413172,-0.17944583300944578
2017-08-15,GC=F/SI=F,7.149681291260057,2.814809769672402,-6.842784933284598,1.3589437682865897,-0.05842013303607274,-1.0225457344335087
2017-08-16,GC=F/SI=F,7.152190563550428,2.8283190226693993,-6.842784933284598,1.3589437682865897,-0.04832083998100778,-0.3261084394166508
2017-08-17,GC=F/SI=F,7.159602917403295,2.8349765349943556,-6.842784933284598,1.3589437682865897,-0.05173629973274174,-0.5420267743055093
2017-08-18,GC=F/SI=F,7.15905855811235,2.83203615392421,-6.842784933284598,1.3589437682865897,-0.053936927136748025,-0.667191902356547
2017-08-21,GC=F/SI=F,7.1630174980056065,2.8329192325292727,-6.842784933284598,1.3589437682865897,-0.05843382522864715,-0.9528520159708124
2017-08-22,GC=F/SI=F,7.158591796315303,2.8309755416424016,-6.842784933284598,1.3589437682865897,-0.05436323638318363,-0.6416422843470014
2017-08-23,GC=F/SI=F,7.161544439352515,2.835093903402163,-6.842784933284598,1.3589437682865897,-0.05425735047881908,-0.6107780459872871
2017-08-24,GC=F/SI=F,7.159680631721799,2.830385801163416,-6.842784933284598,1.3589437682865897,-0.05643264295251882,-0.7483074742735933
2017-08-25,GC=F/SI=F,7.164333606382584,2.8354461498896666,-6.842784933284598,1.3589437682865897,-0.05769542514553727,-0.8203669675484834
2017-08-28,GC=F/SI=F,7.177553345053441,2.8582502162266112,-6.842784933284598,1.3589437682865897,-0.05285624029373004,-0.42054555730869875
2017-08-29,GC=F/SI=F,7.180146014272268,2.8577338261951013,-6.842784933284598,1.3589437682865897,-0.05689592200339533,-0.7338504466937984
2017-08-30,GC=F/SI=F,7.176330963030423,2.8567000262818576,-6.662811746735797,1.3333557475842288,-0.049090363105623425,-0.03542145986213042
2017-08-31,GC=F/SI=F,7.182504038924217,2.861057344039536,-6.662811746735797,1.3333557475842288,-0.05296395157120948,-0.3491001161373343
2017-09-01,GC=F/SI=F,7.188790308712124,2.8746375024255455,-6.662811746735797,1.3333557475842288,-0.047765627137771105,0.19053845003708222
2017-09-04,GC=F/SI=F,7.188790308712124,2.8746375024255455,-6.662811746735797,1.3333557475842288,-0.047765627137771105,0.23188898963111002
2017-09-05,GC=F/SI=F,7.199827663274544,2.881723318463809,-6.662811746735797,1.3333557475842288,-0.055396531243433245,-0.5399289802827162
2017-09-06,GC=F/SI=F,7.195862279449766,2.880096929098601,-6.662811746735797,1.3333557475842288,-0.051735653294496586,-0.10232450092141686
2017-09-07,GC=F/SI=F,7.204223620564166,2.891260293458204,-6.662811746735797,1.3333557475842288,-0.05172093116729215,-0.05971803401842896
2017-09-08,GC=F/SI=F,7.204892510204673,2.891870657720244,-6.662811746735797,1.3333557475842288,-0.052002434751921456,-0.07392321136241022
2017-09-11,GC=F/SI=F,7.193685818395112,2.8795915938604617,-6.662811746735797,1.3333557475842288,-0.04933899167602007,0.25643363039192674
2017-09-12,GC=F/SI=F,7.191429330036379,2.878917523249537,-6.662811746735797,1.3333557475842288,-0.04700436056447188,0.5842259458929618
2017-09-13,GC=F/SI=F,7.187959480025944,2.8776241490130525,-6.662811746735797,1.3333557475842288,-0.04367119034628608,1.0419793447763552
2017-09-14,GC=F/SI=F,7.188941260830455,2.873451636258631,-6.662811746735797,1.3333557475842288,-0.049152766179272334,0.3334633066100471
2017-09-15,GC=F/SI=F,7.185690018468937,2.868523710278689,-6.662811746735797,1.3333557475842288,-0.04974562946969563,0.2734350458254136
2017-09-18,GC=F/SI=F,7.1749540298714685,2.837381067343422,-6.662811746735797,1.3333557475842288,-0.06657338030252724,-1.9215123513061223
2017-09-19,GC=F/SI=F,7.174877400086743,2.8446186261362922,-6.662811746735797,1.3333557475842288,-0.059233646745756374,-0.8974898440450046
2017-09-20,GC=F/SI=F,7.179307969504034,2.8478700809690234,-6.662811746735797,1.3333557475842288,-0.061889717110643616,-1.2085302521302508
2017-09-21,GC=F/SI=F,7.162862486584908,2.829500594125445,-6.662811746735797,1.3333557475842288,-0.05833152478220427,-0.7191460680999916
2017-09-22,GC=F/SI=F,7.164952408175876,2.8274911137462273,-6.662811746735797,1.3333557475842288,-0.06312761412674028,-1.3118390272447724
2017-09-25,GC=F/SI=F,7.1753367170915645,2.836677924592854,-6.662811746735797,1.3333557475842288,-0.06778678125753679,-1.8858642086819837
2017-09-26,GC=F/SI=F,7.167809184316444,2.821617004157657,-6.662811746735797,1.3333557475842288,-0.07281082260189997,-2.5504097007767172
2017-09-27,GC=F/SI=F,7.157268104339371,2.8182787998695886,-6.662811746735797,1.3333557475842288,-0.06209401731679165,-1.0247854612985419
2017-09-28,GC=F/SI=F,7.158903026705945,2.8197704934696124,-6.418193348877958,1.2986828069979997,-0.05918043540138207,-0.6090170779302316
2017-09-29,GC=F/SI=F,7.155786545804125,2.8098243143574,-6.418193348877958,1.2986828069979997,-0.06507929434806314,-1.461270040615542
2017-10-02,GC=F/SI=F,7.1488958686322235,2.808498617196883,-6.418193348877958,1.2986828069979997,-0.05745618753685733,-0.2788681788601303
2017-10-03,GC=F/SI=F,7.147952584862174,2.8082574237886786,-6.418193348877958,1.2986828069979997,-0.056472354530779256,-0.12060516030717776
2017-10-04,GC=F/SI=F,7.149681291260057,2.8071712753873808,-6.418193348877958,1.2986828069979997,-0.05980354420935541,-0.6190369485673991
2017-10-05,GC=F/SI=F,7.146693455420173,2.8083178138637206,-6.418193348877958,1.2986828069979997,-0.05477675469762566,0.13079059576430016
2017-10-06,GC=F/SI=F,7.148031209837164,2.817442533193075,-6.418193348877958,1.2986828069979997,-0.04738935402960287,1.3087379854631216
2017-10-09,GC=F/SI=F,7.15602065716353,2.828259941259032,-6.418193348877958,1.2986828069979997,-0.04694770384381286,1.3405411781105665
2017-10-10,GC=F/SI=F,7.162862486584908,2.842289716336382,-6.418193348877958,1.2986828069979997,-0.041803295004420704,2.12398701008894
2017-10-11,GC=F/SI=F,7.1591364096824845,2.8379666980298266,-6.418193348877958,1.2986828069979997,-0.041287321300245594,2.102050001673095
2017-10-12,GC=F/SI=F,7.164952408175876,2.8455487399984287,-6.418193348877958,1.2986828069979997,-0.041258416580536306,2.0008071409977655
2017-10-13,GC=F/SI=F,7.17127272443462,2.853880622937277,-6.418193348877958,1.2986828069979997,-0.04113461970170995,1.9264794609155766
2017-10-16,GC=F/SI=F,7.170042636195466,2.8515732086980243,-6.418193348877958,1.2986828069979997,-0.04184453949368283,1.744706492102093
2017-10-17,GC=F/SI=F,7.1569563646156364,2.832448316892766,-6.418193348877958,1.2986828069979997,-0.04397451539050934,1.3906582699612007
2017-10-18,GC=F/SI=F,7.154537247936722,2.829854816006933,-6.418193348877958,1.2986828069979997,-0.04342635103731496,1.4250394788103216
2017-10-19,GC=F/SI=F,7.159991523470839,2.844967534083476,-6.418193348877958,1.2986828069979997,-0.03539700682155811,2.4474691692332815
2017-10-20,GC=F/SI=F,7.152582060239797,2.834506587405307,-6.418193348877958,1.2986828069979997,-0.03623541099249117,2.191864281891313
2017-10-23,GC=F/SI=F,7.152816827381636,2.834624123018649,-6.418193348877958,1.2986828069979997,-0.03642276342990236,2.071771289375073
2017-10-24,GC=F/SI=F,7.150701457592526,2.827727712986975,-6.418193348877958,1.2986828069979997,-0.04057197908601573,1.4837745619707345
2017-10-25,GC=F/SI=F,7.15101515302345,2.825418337693513,-6.418193348877958,1.2986828069979997,-0.04328874524225235,1.1130449672724014
2017-10-26,GC=F/SI=F,7.143854580016244,2.8192337264219782,-6.418193348877958,1.2986828069979997,-0.040174043461075115,1.4427940718327297
2017-10-27,GC=F/SI=F,7.145590379039336,2.8155284526320457,-6.289189876788056,1.2803353997679976,-0.04403398510558354,0.9610161590054269
2017-10-30,GC=F/SI=F,7.149995306825525,2.8214979296671148,-6.289189876788056,1.2803353997679976,-0.04370429304859336,0.9725885073156745
2017-10-31,GC=F/SI=F,7.144407180321139,2.8121098985285604,-6.289189876788056,1.2803353997679976,-0.04593764800520184,0.691567951338449
2017-11-01,GC=F/SI=F,7.149995306825525,2.8409480579718043,-6.289189876788056,1.2803353997679976,-0.024254164743904738,3.1285326733702994
2017-11-02,GC=F/SI=F,7.150623042293863,2.838727516710066,-6.289189876788056,1.2803353997679976,-0.027278417947446343,2.6006392745630156
2017-11-03,GC=F/SI=F,7.14401246944173,2.8210217170133864,-6.289189876788056,1.2803353997679976,-0.03652046720879554,1.4934830619078368
2017-11-06,GC=F/SI=F,7.154146516098468,2.8446186261362922,-6.289189876788056,1.2803353997679976,-0.02589853676341214,2.5709509324423068
2017-11-07,GC=F/SI=F,7.149681291260057,2.827609476777743,-6.289189876788056,1.2803353997679976,-0.03719070069341868,1.2656875030799548
2017-11-08,GC=F/SI=F,7.155864557264421,2.8394293317874064,-6.289189876788056,1.2803353997679976,-0.033287500035326545,1.6221675762384
2017-11-09,GC=F/SI=F,7.1589807954329,2.829854816006933,-6.289189876788056,1.2803353997679976,-0.0468518458570113,0.23124164267772024
2017-11-10,GC=F/SI=F,7.1486601790624,2.8239945021466832,-6.289189876788056,1.2803353997679976,-0.03949830923068376,0.9542577866159958
2017-11-13,GC=F/SI=F,7.152503792276339,2.8345654129614983,-6.289189876788056,1.2803353997679976,-0.033848512476691184,1.478337263149454
2017-11-14,GC=F/SI=F,7.155786545804125,2.83626750158748,-6.289189876788056,1.2803353997679976,-0.03634944940104745,1.1901867288446506
2017-11-15,GC=F/SI=F,7.151877236681538,2.8302678788376356,-6.289189876788056,1.2803353997679976,-0.03734384529260737,1.0597950375556808
2017-11-16,GC=F/SI=F,7.152582060239797,2.836502033669373,-6.289189876788056,1.2803353997679976,-0.032012101013100036,1.5332478498098636
2017-11-17,GC=F/SI=F,7.166883581697694,2.8540534837942237,-6.289189876788056,1.2803353997679976,-0.03277139508133686,1.4067731746688732
2017-11-20,GC=F/SI=F,7.1503876637259,2.822984719244624,-6.289189876788056,1.2803353997679976,-0.04271985189997807,0.43629847231871355
2017-11-21,GC=F/SI=F,7.155474343805278,2.8302087999251273,-6.289189876788056,1.2803353997679976,-0.042008427792397995,0.4861354603001864
2017-11-22,GC=F/SI=F,7.163637019981935,2.8391369315158954,-6.289189876788056,1.2803353997679976,-0.043531259467446404,0.32490760420864706
2017-11-23,GC=F/SI=F,7.163637019981935,2.8391369315158954,-6.289189876788056,1.2803353997679976,-0.043531259467446404,0.3062145780061377
2017-11-24,GC=F/SI=F,7.159836042242607,2.83209512498039,-6.289189876788056,1.2803353997679976,-0.045706539649561506,0.08823228813672071
2017-11-27,GC=F/SI=F,7.1653389413499715,2.833742661484099,-6.191423371313631,1.2664268374111531,-0.0492115016750958,-0.26021619948964114
2017-11-28,GC=F/SI=F,7.166034249350748,2.8220334830649354,-6.191423371313631,1.2664268374111531,-0.06180123680670846,-1.4535315935823112
2017-11-29,GC=F/SI=F,7.156254618516409,2.8007509631184324,-6.191423371313631,1.2664268374111531,-0.07069856980463207,-2.2526264468281134
2017-11-30,GC=F/SI=F,7.149288657057226,2.7961831692305377,-6.191423371313631,1.2664268374111531,-0.06644448315224416,-1.7516653838814833
2017-12-01,GC=F/SI=F,7.153677455368455,2.7909810960989225,-6.191423371313631,1.2664268374111531,-0.07720464824918416,-2.6297285869217006
2017-12-04,GC=F/SI=F,7.150152325535839,2.7901830550038196,-6.191423371313631,1.2664268374111531,-0.07353837031890365,-2.1689251593137002
2017-12-05,GC=F/SI=F,7.140136016297162,2.7708997700598013,-6.191423371313631,1.2664268374111531,-0.08013673243125297,-2.598729937909126
2017-12-06,GC=F/SI=F,7.1410867953503905,2.764304504575299,-6.191423371313631,1.2664268374111531,-0.08793609002521308,-3.035292296906172
2017-12-07,GC=F/SI=F,7.130738856563732,2.754615679959228,-6.191423371313631,1.2664268374111531,-0.08452000724997077,-2.5500201251034764
2017-12-08,GC=F/SI=F,7.127051399354374,2.755951084965454,-6.191423371313631,1.2664268374111531,-0.07851470747200828,-1.9793628184750214
2017-12-11,GC=F/SI=F,7.125846047399322,2.753469582616617,-6.191423371313631,1.2664268374111531,-0.07946971975644068,-1.9513096610525065
2017-12-12,GC=F/SI=F,7.121656248929415,2.7461163877094337,-6.191423371313631,1.2664268374111531,-0.0815168414379901,-1.9932613391348895
2017-12-13,GC=F/SI=F,7.127212062041742,2.7589967938551667,-6.191423371313631,1.2664268374111531,-0.07567246612134859,-1.535707675414287
2017-12-14,GC=F/SI=F,7.133934257783977,2.76316952439078,-6.191423371313631,1.2664268374111531,-0.08001290468003219,-1.7492118239593655
2017-12-15,GC=F/SI=F,7.134332965959214,2.771212756482608,-6.191423371313631,1.2664268374111531,-0.07247460732162025,-1.2511162328508807
2017-12-18,GC=F/SI=F,7.1406114704652035,2.780060789140106,-6.191423371313631,1.2664268374111531,-0.07157784126931332,-1.171600656524048
2017-12-19,GC=F/SI=F,7.13942236250626,2.776705236801864,-6.191423371313631,1.2664268374111531,-0.07342747537577132,-1.262573135200657
2017-12-20,GC=F/SI=F,7.143696569243321,2.784270210046841,-6.191423371313631,1.2664268374111531,-0.07127547225125141,-1.1080636399176023
2017-12-21,GC=F/SI=F,7.144643970617273,2.7820439074621266,-6.191423371313631,1.2664268374111531,-0.0747015893617391,-1.2925254499014387
2017-12-22,GC=F/SI=F,7.15101515302345,2.7946559617321656,-6.191423371313631,1.2664268374111531,-0.07015817147692438,-1.0147162720433163
2017-12-25,GC=F/SI=F,7.15101515302345,2.7946559617321656,-6.191423371313631,1.2664268374111531,-0.07015817147692438,-1.0199059407156748
2017-12-26,GC=F/SI=F,7.157813343824642,2.804571795802497,-6.053857273428418,1.246786302361568,-0.06583456271049926,-0.7576182431507259
2017-12-27,GC=F/SI=F,7.160069207596127,2.810546587928175,-6.053857273428418,1.246786302361568,-0.06267235063510412,-0.5674831241549954
2017-12-28,GC=F/SI=F,7.165570732961955,2.8232818800689556,-6.053857273428418,1.246786302361568,-0.056796284962532084,-0.23282947496413067
2017-12-29,GC=F/SI=F,7.1749540298714685,2.8367365107588656,-6.053857273428418,1.246786302361568,-0.05504062033039503,-0.13256592112222373
2018-01-01,GC=F/SI=F,7.1749540298714685,2.8367365107588656,-6.053857273428418,1.246786302361568,-0.05504062033039503,-0.13390301472766902
2018-01-02,GC=F/SI=F,7.180602825307063,2.840305797156095,-6.053857273428418,1.246786302361568,-0.05851417470710807,-0.33833524888701
2018-01-03,GC=F/SI=F,7.182504038924217,2.8440368792248334,-6.053857273428418,1.246786302361568,-0.05715349973410078,-0.2564039686416912
2018-01-04,GC=F/SI=F,7.184932385292683,2.844269596409861,-6.053857273428418,1.246786302361568,-0.059948411538664814,-0.40832996998302584
2018-01-05,GC=F/SI=F,7.185614299467753,2.845200034815038,-6.053857273428418,1.246786302361568,-0.05986817438635228,-0.39170924555583625
2018-01-08,GC=F/SI=F,7.18432582816406,2.836970932881741,-6.053857273428418,1.246786302361568,-0.06649082794721828,-0.7577789190321412
2018-01-09,GC=F/SI=F,7.179079247596029,2.829441582484819,-6.053857273428418,1.246786302361568,-0.06747881355768293,-0.7912950757353414
2018-01-10,GC=F/SI=F,7.183415394738597,2.831034462833639,-6.053857273428418,1.246786302361568,-0.07129218207124133,-0.9864242863669338
2018-01-11,GC=F/SI=F,7.185841439273372,2.8269584760160558,-6.053857273428418,1.246786302361568,-0.07839292798370145,-1.3637049779452795
2018-01-12,GC=F/SI=F,7.195487368493591,2.837263967085355,-6.053857273428418,1.246786302361568,-0.0801138493397211,-1.4149970094359412
2018-01-15,GC=F/SI=F,7.195487368493591,2.837263967085355,-6.053857273428418,1.246786302361568,-0.0801138493397211,-1.3656792030742348
2018-01-16,GC=F/SI=F,7.196986169705978,2.8403641711702288,-6.053857273428418,1.246786302361568,-0.07888233007641254,-1.250631627002498
2018-01-17,GC=F/SI=F,7.198931240688173,2.839370791667587,-6.053857273428418,1.246786302361568,-0.08230079743677621,-1.4009463613420896
2018-01-18,GC=F/SI=F,7.189922170745808,2.8268993141655865,-6.053857273428418,1.246786302361568,-0.08353988993761874,-1.4231640744201275
2018-01-19,GC=F/SI=F,7.194361791537236,2.831741695917203,-6.053857273428418,1.246786302361568,-0.08423276657643441,-1.414184859371333
2018-01-22,GC=F/SI=F,7.193610702436535,2.829146246726354,-6.053857273428418,1.246786302361568,-0.08589176816467692,-1.4564845912334008
2018-01-23,GC=F/SI=F,7.1972107414268525,2.8246473215270993,-6.053857273428418,1.246786302361568,-0.09487917266502777,-1.8912573535305166
2018-01-24,GC=F/SI=F,7.212220737474062,2.8579059128624,-5.7787267359509835,1.2078165795029712,-0.07440713294293388,-0.7237129273994164
2018-01-25,GC=F/SI=F,7.217003147268372,2.8651109622520408,-5.7787267359509835,1.2078165795029712,-0.07297835739283798,-0.6237758940986572
2018-01-26,GC=F/SI=F,7.209044336777052,2.855435186259568,-5.7787267359509835,1.2078165795029712,-0.0730413501207714,-0.6049482854276885
2018-01-29,GC=F/SI=F,7.209044336777052,2.855435186259568,-5.7787267359509835,1.2078165795029712,-0.0730413501207714,-0.5837368045396721
2018-01-30,GC=F/SI=F,7.196986169705978,2.8339777864004794,-5.7787267359509835,1.2078165795029712,-0.07993469587300162,-0.9420524823940433
2018-01-31,GC=F/SI=F,7.199678345691172,2.8451419424164013,-5.7787267359509835,1.2078165795029712,-0.07202219464693549,-0.4694101870211948
2018-02-01,GC=F/SI=F,7.203628746782549,2.840130543242195,-5.7787267359509835,1.2078165795029712,-0.08180495375499319,-1.0122210368571625
2018-02-02,GC=F/SI=F,7.195712277017322,2.813970595704132,-5.7787267359509835,1.2078165795029712,-0.09840325785948245,-1.9892358069065659
2018-02-05,GC=F/SI=F,7.195187320178709,2.8117493337651718,-5.7787267359509835,1.2078165795029712,-0.09999046822524171,-2.011264848707777
2018-02-06,GC=F/SI=F,7.1899975642731295,2.8062652688852032,-5.7787267359509835,1.2078165795029712,-0.09920625987887988,-1.902185838925096
2018-02-07,GC=F/SI=F,7.179003026356539,2.7853815054349074,-5.7787267359509835,1.2078165795029712,-0.1068106381495415,-2.2692332072963306
2018-02-08,GC=F/SI=F,7.183035787255215,2.7920235843711785,-5.7787267359509835,1.2078165795029712,-0.10503939468786427,-2.068151718056994
2018-02-09,GC=F/SI=F,7.180146014272268,2.7798125190417924,-5.7787267359509835,1.2078165795029712,-0.11376014429744608,-2.5081468923561663
2018-02-12,GC=F/SI=F,7.188563745617067,2.8062652688852032,-5.7787267359509835,1.2078165795029712,-0.09747446993408637,-1.4726084952716887
2018-02-13,GC=F/SI=F,7.191504610023506,2.803784531516638,-5.7787267359509835,1.2078165795029712,-0.10350723209081814,-1.7862883227968007
2018-02-14,GC=F/SI=F,7.21192566893872,2.8248253098085176,-5.7787267359509835,1.2078165795029712,-0.10713134732774066,-1.969551744194652
2018-02-15,GC=F/SI=F,7.209414200308309,2.8200089262544425,-5.7787267359509835,1.2078165795029712,-0.1089143374311039,-2.0410363024024547
2018-02-16,GC=F/SI=F,7.210227400823102,2.815109255116146,-5.7787267359509835,1.2078165795029712,-0.11479620563362936,-2.325330649387665
2018-02-19,GC=F/SI=F,7.210227400823102,2.815109255116146,-5.7787267359509835,1.2078165795029712,-0.11479620563362936,-2.237787611233488
2018-02-20,GC=F/SI=F,7.192031595045115,2.7988045179207823,-5.7787267359509835,1.2078165795029712,-0.10912374693292293,-1.823328297746374
2018-02-21,GC=F/SI=F,7.1929342212158,2.809643635704689,-5.7787267359509835,1.2078165795029712,-0.09937483600306152,-1.199038165517231
2018-02-22,GC=F/SI=F,7.1933852289596265,2.808136862788751,-5.3792226920278745,1.151284571183772,-0.09427387386583774,-0.8647578215254875
2018-02-23,GC=F/SI=F,7.191579884343983,2.80190476638649,-5.3792226920278745,1.151284571183772,-0.09842750486643936,-1.0987777809534611
2018-02-26,GC=F/SI=F,7.193460361856133,2.8059025902005894,-5.3792226920278745,1.151284571183772,-0.09659464579853605,-0.9508934769088708
2018-02-27,GC=F/SI=F,7.181972100480348,2.7939832601673937,-5.3792226920278745,1.151284571183772,-0.09528771776006373,-0.8411550037908235
2018-02-28,GC=F/SI=F,7.181972100480348,2.792636381088476,-5.3792226920278745,1.151284571183772,-0.09663459683898168,-0.8979865819598576
2018-03-01,GC=F/SI=F,7.172347846947133,2.785011289333365,-5.3792226920278745,1.151284571183772,-0.09317943399214279,-0.6606289261446764
2018-03-02,GC=F/SI=F,7.186219983404206,2.796793423037883,-5.3792226920278745,1.151284571183772,-0.09736807696000938,-0.8992584386682986
2018-03-05,GC=F/SI=F,7.183946566196258,2.793493642760053,-5.3792226920278745,1.151284571183772,-0.09805050708246199,-0.9188458351907458
2018-03-06,GC=F/SI=F,7.195637313129699,2.8163065290008618,-5.3792226920278745,1.151284571183772,-0.08869699741173953,-0.33340139910726824
2018-03-07,GC=F/SI=F,7.189922170745808,2.7989871654429823,-5.3792226920278745,1.151284571183772,-0.09943660572092483,-0.9831857013665024
2018-03-08,GC=F/SI=F,7.185311273631812,2.7994741011534696,-5.3792226920278745,1.151284571183772,-0.09364121530377822,-0.605819532797963
2018-03-09,GC=F/SI=F,7.187203564968749,2.8061443521796634,-5.3792226920278745,1.151284571183772,-0.08914953009798587,-0.31976138040514873
2018-03-12,GC=F/SI=F,7.184932385292683,2.801601299562284,-5.3792226920278745,1.151284571183772,-0.09107780859592296,-0.42854339274297765
2018-03-13,GC=F/SI=F,7.189846771533873,2.806929761581827,-5.3792226920278745,1.151284571183772,-0.09140720363270205,-0.4339436639467053
2018-03-14,GC=F/SI=F,7.188714824107146,2.801358320784902,-5.3792226920278745,1.151284571183772,-0.09567545082184381,-0.6799713362592471
2018-03-15,GC=F/SI=F,7.182959867003701,2.794411405939951,-5.3792226920278745,1.151284571183772,-0.09599677234577442,-0.6776079114879865
2018-03-16,GC=F/SI=F,7.178774327773803,2.785134670689045,-5.3792226920278745,1.151284571183772,-0.10045476085921479,-0.9247421973133292
2018-03-19,GC=F/SI=F,7.182959867003701,2.788400502126621,-5.3792226920278745,1.151284571183772,-0.10200767615910422,-0.9901880999583977
2018-03-20,GC=F/SI=F,7.178621739884303,2.780370862681836,-5.3792226920278745,1.151284571183772,-0.10504289678349288,-1.1420794845803754
2018-03-21,GC=F/SI=F,7.18591714107836,2.7946559617321656,-5.3792226920278745,1.151284571183772,-0.09915688056847749,-0.7540298982878542
2018-03-22,GC=F/SI=F,7.190374538687971,2.792881371305572,-5.3792226920278745,1.151284571183772,-0.10606320409064729,-1.1436980661609517
2018-03-23,GC=F/SI=F,7.207341254624486,2.805176953372285,-5.0529813867058015,1.1050737179933978,-0.10648505701699573,-1.1328866989318038
2018-03-26,GC=F/SI=F,7.211113848844666,2.8113285487208404,-5.0529813867058015,1.1050737179933978,-0.10450245638981404,-0.9794294588585474
2018-03-27,GC=F/SI=F,7.2013946083116265,2.8026935113520635,-5.0529813867058015,1.1050737179933978,-0.10239701648667321,-0.8228264167767464
2018-03-28,GC=F/SI=F,7.188563745617067,2.785319831885461,-5.0529813867058015,1.1050737179933978,-0.10559164681033639,-1.0000768193473133
2018-03-29,GC=F/SI=F,7.187506018020341,2.7864299620924364,-5.0529813867058015,1.1050737179933978,-0.10331264963542086,-0.8334341378332478
2018-03-30,GC=F/SI=F,7.187506018020341,2.7864299620924364,-5.0529813867058015,1.1050737179933978,-0.10331264963542086,-0.8153409815863809
2018-04-02,GC=F/SI=F,7.201990812212818,2.8110279286969506,-5.0529813867058015,1.1050737179933978,-0.09472144840355767,-0.19697997056907998
2018-04-03,GC=F/SI=F,7.195037308048326,2.794044401736515,-5.0529813867058015,1.1050737179933978,-0.1040208406638552,-0.844858657193034
2018-04-04,GC=F/SI=F,7.197285678845005,2.7855666209369763,-5.0529813867058015,1.1050737179933978,-0.11498323693910795,-1.6674592131016197
2018-04-05,GC=F/SI=F,7.188639333803812,2.7923913308364643,-5.0529813867058015,1.1050737179933978,-0.09860367837789585,-0.3590290806810459
2018-04-06,GC=F/SI=F,7.194361791537236,2.793126418303145,-5.0529813867058015,1.1050737179933978,-0.10419232855474991,-0.791637235636022
2018-04-09,GC=F/SI=F,7.197659916326807,2.803299806303228,-5.0529813867058015,1.1050737179933978,-0.09766361157828296,-0.21416651325273636
2018-04-10,GC=F/SI=F,7.201916317531627,2.8073524012549815,-5.0529813867058015,1.1050737179933978,-0.09831465373121251,-0.242378200343989
2018-04-11,GC=F/SI=F,7.212663132098986,2.817681635573339,-5.0529813867058015,1.1050737179933978,-0.09986144174339184,-0.35802025657477715
2018-04-12,GC=F/SI=F,7.199230167913845,2.799899902987092,-5.0529813867058015,1.1050737179933978,-0.10279875865389254,-0.6042867566571389
2018-04-13,GC=F/SI=F,7.204000618403243,2.811088036990548,-5.0529813867058015,1.1050737179933978,-0.09688232410925934,-0.02942622400928972
2018-04-16,GC=F/SI=F,7.206006302783152,2.8131307169314184,-5.0529813867058015,1.1050737179933978,-0.09705607326321619,-0.019440815128258043
2018-04-17,GC=F/SI=F,7.205783607243907,2.8197107910978585,-5.0529813867058015,1.1050737179933978,-0.09022990410924159,0.6633710826062447
2018-04-18,GC=F/SI=F,7.20874832935673,2.84671013940799,-5.0529813867058015,1.1050737179933978,-0.06650679228714562,3.000208363791904
2018-04-19,GC=F/SI=F,7.205486723541838,2.8461876433620183,-5.0529813867058015,1.1050737179933978,-0.06342497346862519,3.0957050619369557
2018-04-20,GC=F/SI=F,7.1979591324485686,2.8418231938217127,-5.0529813867058015,1.1050737179933978,-0.059470879931956766,3.2154993298623267
2018-04-23,GC=F/SI=F,7.1872791637324545,2.807654128082138,-4.695141407585123,1.0544456204765609,-0.07579950167286409,1.6228785041765819
2018-04-24,GC=F/SI=F,7.193986317503739,2.8146299896241773,-4.695141407585123,1.0544456204765609,-0.0758959690508183,1.6218261394688949
2018-04-25,GC=F/SI=F,7.186295656559228,2.8025115395932776,-4.695141407585123,1.0544456204765609,-0.07990503533020821,1.31106195750949
2018-04-26,GC=F/SI=F,7.182580086526343,2.802632896338701,-4.695141407585123,1.0544456204765609,-0.07586581203603604,1.6718080316243942
2018-04-27,GC=F/SI=F,7.185614299467753,2.7976471299512213,-4.695141407585123,1.0544456204765609,-0.08405099097117752,1.0083289024717392
2018-04-30,GC=F/SI=F,7.182504038924217,2.7919010501099546,-4.695141407585123,1.0544456204765609,-0.08651747020377254,0.8145942384680055
2018-05-01,GC=F/SI=F,7.173038393941063,2.775023228765934,-4.695141407585123,1.0544456204765609,-0.09341428365032023,0.2658226940583318
2018-05-02,GC=F/SI=F,7.172117527369738,2.7906128305633726,-4.695141407585123,1.0544456204765609,-0.07685367812970423,1.7252699563739369
2018-05-03,GC=F/SI=F,7.178316587372028,2.794961543249112,-4.695141407585123,1.0544456204765609,-0.07904153711445172,1.4712752111422922
2018-05-04,GC=F/SI=F,7.179841326612648,2.799352360437485,-4.695141407585123,1.0544456204765609,-0.07625847454071888,1.6528606188230712
2018-05-07,GC=F/SI=F,7.17946035969989,2.7980737102575377,-4.695141407585123,1.0544456204765609,-0.07713541582796246,1.5175234450203687
2018-05-08,GC=F/SI=F,7.179307969504034,2.7965493894796722,-4.695141407585123,1.0544456204765609,-0.0784990494312039,1.3522937564477082
2018-05-09,GC=F/SI=F,7.178774327773803,2.800811692309142,-4.695141407585123,1.0544456204765609,-0.07367405041638886,1.694007580149692
2018-05-10,GC=F/SI=F,7.185992929574516,2.8142104152265106,-4.695141407585123,1.0544456204765609,-0.0678869505537456,2.1013844285780907
2018-05-11,GC=F/SI=F,7.1846291527173145,2.813970595704132,-4.695141407585123,1.0544456204765609,-0.06668874154174187,2.089232240789671
2018-05-14,GC=F/SI=F,7.182731978936364,2.8075938130211036,-4.695141407585123,1.0544456204765609,-0.07106505764016369,1.6568089013797607
2018-05-15,GC=F/SI=F,7.161544439352515,2.784640818339915,-4.695141407585123,1.0544456204765609,-0.07167694399848834,1.5489242073240097
2018-05-16,GC=F/SI=F,7.162552486252748,2.7909810960989225,-4.695141407585123,1.0544456204765609,-0.06639959687866703,1.8855852663680348
2018-05-17,GC=F/SI=F,7.1610011362086405,2.7980737102575377,-4.695141407585123,1.0544456204765609,-0.05767116846021647,2.4642554824811524
2018-05-18,GC=F/SI=F,7.162552486252748,2.7964882844884174,-4.695141407585123,1.0544456204765609,-0.060892408489171324,2.113816205476829
2018-05-21,GC=F/SI=F,7.162552486252748,2.800447029963767,-4.695141407585123,1.0544456204765609,-0.05693366301382152,2.2993252530822406
2018-05-22,GC=F/SI=F,7.163714421436525,2.8038450767659113,-4.499919899774893,1.0267630794410485,-0.051672503049610796,2.530286237994667
2018-05-23,GC=F/SI=F,7.161854752288601,2.793493642760053,-4.499919899774893,1.0267630794410485,-0.06011449743440611,1.820901761738628
2018-05-24,GC=F/SI=F,7.172961617215234,2.8106669735317857,-4.499919899774893,1.0267630794410485,-0.054345285497678475,2.1099045895948247
2018-05-25,GC=F/SI=F,7.172654826001666,2.802208256876673,-4.499919899774893,1.0267630794410485,-0.062489000261602534,1.5014430204021014
2018-05-28,GC=F/SI=F,7.172654826001666,2.802208256876673,-4.499919899774893,1.0267630794410485,-0.062489000261602534,1.4471282253353757
2018-05-29,GC=F/SI=F,7.16911900551835,2.7914718279579813,-4.499919899774893,1.0267630794410485,-0.0695949792524937,0.9699999254186131
2018-05-30,GC=F/SI=F,7.17127272443462,2.8020868485843144,-4.499919899774893,1.0267630794410485,-0.06119131769288,1.4430247230354865
2018-05-31,GC=F/SI=F,7.17019644478952,2.7974033046626334,-4.499919899774893,1.0267630794410485,-0.06476977741181855,1.1813181437016895
2018-06-01,GC=F/SI=F,7.166111559763029,2.7965493894796722,-4.499919899774893,1.0267630794410485,-0.061429483465817114,1.3390834701088132
2018-06-04,GC=F/SI=F,7.164797696421547,2.7960000087997114,-4.499919899774893,1.0267630794410485,-0.06062983777531361,1.3424262233366302
2018-06-05,GC=F/SI=F,7.1681946150400435,2.8028147303573623,-4.499919899774893,1.0267630794410485,-0.057302946839000946,1.48811101715279
2018-06-06,GC=F/SI=F,7.167886263524592,2.8119296323977343,-4.499919899774893,1.0267630794410485,-0.04787144084707329,1.9677003328686204
2018-06-07,GC=F/SI=F,7.16911900551835,2.819353070810718,-4.499919899774893,1.0267630794410485,-0.04171373639975595,2.214520128365955
2018-06-08,GC=F/SI=F,7.168656917091413,2.8150493880529983,-4.499919899774893,1.0267630794410485,-0.04554296382126122,1.8930022513245213
2018-06-11,GC=F/SI=F,7.16927305020919,2.827609476777743,-4.499919899774893,1.0267630794410485,-0.0336154978338703,2.425199342620901
2018-06-12,GC=F/SI=F,7.166343172378439,2.8242913630990585,-4.499919899774893,1.0267630794410485,-0.03392532112866675,2.266792368019277
2018-06-13,GC=F/SI=F,7.167732099166634,2.8304447571120885,-4.499919899774893,1.0267630794410485,-0.029198025861802535,2.3716498078471715
2018-06-14,GC=F/SI=F,7.1731917424865985,2.846419860623183,-4.499919899774893,1.0267630794410485,-0.01882868253856529,2.7222853952973
2018-06-15,GC=F/SI=F,7.1503876637259,2.800447029963767,-4.499919899774893,1.0267630794410485,-0.04138712706583014,1.5413007896613118
2018-06-18,GC=F/SI=F,7.151642153173687,2.798012814558487,-4.499919899774893,1.0267630794410485,-0.045109405919646406,1.3247458402468957
2018-06-19,GC=F/SI=F,7.151171915996625,2.7913491090711746,-4.499919899774893,1.0267630794410485,-0.05129028923497003,1.0092665590511924
2018-06-20,GC=F/SI=F,7.147716576811457,2.790490006209596,-4.396290067268137,1.012037891693369,-0.04697994134027894,1.1705808307034233
2018-06-21,GC=F/SI=F,7.144564982527865,2.7915331232682776,-4.396290067268137,1.012037891693369,-0.04274729144735723,1.3262578893075783
2018-06-22,GC=F/SI=F,7.144722856152524,2.7996565104042133,-4.396290067268137,1.012037891693369,-0.03478367840167529,1.6441673014632365
2018-06-25,GC=F/SI=F,7.143301577722885,2.79165581957653,-4.396290067268137,1.012037891693369,-0.041345981603917004,1.295020721830636
2018-06-26,GC=F/SI=F,7.13616492054018,2.787354228002944,-4.396290067268137,1.012037891693369,-0.03842500568858043,1.3903659374272075
2018-06-27,GC=F/SI=F,7.133136364211733,2.7812386992718428,-4.396290067268137,1.012037891693369,-0.04147552065816562,1.2120792734828043
2018-06-28,GC=F/SI=F,7.1291373188080565,2.769521536582766,-4.396290067268137,1.012037891693369,-0.04914549786811939,0.8289435465003907
2018-06-29,GC=F/SI=F,7.131938328892926,2.7790676940225834,-4.396290067268137,1.012037891693369,-0.042434068769205524,1.1105491089445143
2018-07-02,GC=F/SI=F,7.122705394651691,2.756459367931562,-4.396290067268137,1.012037891693369,-0.05569831555658311,0.46292590888091145
2018-07-03,GC=F/SI=F,7.132177992288445,2.7695841921755155,-4.396290067268137,1.012037891693369,-0.0521601190537897,0.6103504057487771
2018-07-04,GC=F/SI=F,7.132177992288445,2.7695841921755155,-4.396290067268137,1.012037891693369,-0.0521601190537897,0.5860787768445184
2018-07-05,GC=F/SI=F,7.136721882434834,2.7730885610599185,-4.396290067268137,1.012037891693369,-0.05325433917322453,0.5061946133309352
2018-07-06,GC=F/SI=F,7.134332965959214,2.7714005132611432,-4.396290067268137,1.012037891693369,-0.052524712978582855,0.5200831092573406
2018-07-09,GC=F/SI=F,7.137357905951583,2.7758957166299285,-4.396290067268137,1.012037891693369,-0.05109086350217318,0.5731760062565936
2018-07-10,GC=F/SI=F,7.133934257783977,2.7727762208732774,-4.396290067268137,1.012037891693369,-0.05074549758538094,0.568869855623094
2018-07-11,GC=F/SI=F,7.125122216807695,2.755696876877734,-4.396290067268137,1.012037891693369,-0.058906722209771445,0.06880954389053823
2018-07-12,GC=F/SI=F,7.126890808898808,2.7661933002741295,-4.396290067268137,1.012037891693369,-0.05020018102453161,0.5650898496202504
2018-07-13,GC=F/SI=F,7.1225440062184795,2.756141728928735,-4.396290067268137,1.012037891693369,-0.055852623349720076,0.18318623898271455
2018-07-16,GC=F/SI=F,7.121333205707671,2.75588750869732,-4.396290067268137,1.012037891693369,-0.05488146758491563,0.2174367272536576
2018-07-17,GC=F/SI=F,7.1112673485101885,2.7438033403807496,-4.396290067268137,1.012037891693369,-0.05677860700525805,0.0807996010253584
2018-07-18,GC=F/SI=F,7.111756824585418,2.7410335703164326,-4.396290067268137,1.012037891693369,-0.0600437454047853,-0.14132709727621065
2018-07-19,GC=F/SI=F,7.108571438384493,2.7304638058861697,-4.369864886142885,1.0081666507314844,-0.06629596649252978,-0.5528611409609591
2018-07-20,GC=F/SI=F,7.1143628616562475,2.740194639652674,-4.369864886142885,1.0081666507314844,-0.06240385252887837,-0.30896996112131175
2018-07-23,GC=F/SI=F,7.1098794630722715,2.7322874274520426,-4.369864886142885,1.0081666507314844,-0.06579105179520806,-0.5546612182362021
2018-07-24,GC=F/SI=F,7.109797780336052,2.7384500927357682,-4.369864886142885,1.0081666507314844,-0.05954603670088687,-0.152147702920481
2018-07-25,GC=F/SI=F,7.115907032303374,2.7429667925145966,-4.369864886142885,1.0081666507314844,-0.061188481016427154,-0.285834549492018
2018-07-26,GC=F/SI=F,7.110941030805335,2.7368319847366136,-4.369864886142885,1.0081666507314844,-0.06231673169660468,-0.4004033866883145
2018-07-27,GC=F/SI=F,7.108734997625655,2.736702435272955,-4.369864886142885,1.0081666507314844,-0.060222232078102955,-0.2889660952116219
2018-07-30,GC=F/SI=F,7.1076711841574935,2.739225843221369,-4.369864886142885,1.0081666507314844,-0.0566263228684889,-0.06620452689578776
2018-07-31,GC=F/SI=F,7.109634295089583,2.740840023925201,-4.369864886142885,1.0081666507314844,-0.05699128513807672,-0.12313367195712886
2018-08-01,GC=F/SI=F,7.104883363139097,2.733977826581384,-4.369864886142885,1.0081666507314844,-0.05906375132951869,-0.3285355019928985
2018-08-02,GC=F/SI=F,7.098871363290676,2.729746490041981,-4.369864886142885,1.0081666507314844,-0.057233990117540934,-0.20400552221240037
2018-08-03,GC=F/SI=F,7.101840662482097,2.7347570528447753,-4.369864886142885,1.0081666507314844,-0.05521697573558093,-0.06065509542460865
2018-08-06,GC=F/SI=F,7.097217923727174,2.727329803860228,-4.369864886142885,1.0081666507314844,-0.05798373367237275,-0.3493757709141025
2018-08-07,GC=F/SI=F,7.098044985241685,2.728963348085506,-4.369864886142885,1.0081666507314844,-0.05718400528412815,-0.30682616314913663
2018-08-08,GC=F/SI=F,7.100522073503981,2.7328078785259273,-4.369864886142885,1.0081666507314844,-0.05583679262067154,-0.1991863318706487
2018-08-09,GC=F/SI=F,7.09994467511972,2.735600493912611,-4.369864886142885,1.0081666507314844,-0.052462063438788675,0.10612696200481145
2018-08-10,GC=F/SI=F,7.0992842963684195,2.7256281198826553,-4.369864886142885,1.0081666507314844,-0.06176866563483152,-0.836148574439226
2018-08-13,GC=F/SI=F,7.082800467792577,2.7049119531937316,-4.369864886142885,1.0081666507314844,-0.06586638607721707,-1.2819629391400649
2018-08-14,GC=F/SI=F,7.084226422097916,2.7097154550322706,-4.369864886142885,1.0081666507314844,-0.06250048381478734,-0.9455227794741164
2018-08-15,GC=F/SI=F,7.071148825890573,2.6686854447789856,-4.369864886142885,1.0081666507314844,-0.09034609770009627,-3.7198813856730024
2018-08-16,GC=F/SI=F,7.0700441405124,2.6876433606969172,-4.369864886142885,1.0081666507314844,-0.07027447482434024,-1.5119222864299897
2018-08-17,GC=F/SI=F,7.070299208167417,2.6821168310814576,-4.416875957307719,1.0145793869522075,-0.07438704780199945,-1.8347938432505337
2018-08-20,GC=F/SI=F,7.07901592955934,2.6847815559418517,-4.416875957307719,1.0145793869522075,-0.08056612878765534,-2.2952924007052062
2018-08-21,GC=F/SI=F,7.0838910562177135,2.6913109045101486,-4.416875957307719,1.0145793869522075,-0.07898298323572472,-2.0487881774045174
2018-08-22,GC=F/SI=F,7.086988779992811,2.690225592889844,-4.416875957307719,1.0145793869522075,-0.08321118154471474,-2.2952911958303104
2018-08-23,GC=F/SI=F,7.079184394609668,2.6760090163012293,-4.416875957307719,1.0145793869522075,-0.08950958959576294,-2.6772100031540917
2018-08-24,GC=F/SI=F,7.095313143048934,2.693207273333024,-4.416875957307719,1.0145793869522075,-0.08867522826778451,-2.448103235022573
2018-08-27,GC=F/SI=F,7.097548850614793,2.697595733946862,-4.416875957307719,1.0145793869522075,-0.08655507046551936,-2.1836469819254507
2018-08-28,GC=F/SI=F,7.096224586582686,2.692394974924579,-4.416875957307719,1.0145793869522075,-0.09041225849794454,-2.345459565836536
2018-08-29,GC=F/SI=F,7.093819822054926,2.687030815178638,-4.416875957307719,1.0145793869522075,-0.09333659372354663,-2.421099508042893
2018-08-30,GC=F/SI=F,7.088158289185217,2.6725611995089396,-4.416875957307719,1.0145793869522075,-0.1020621348450863,-2.8383200735634566
2018-08-31,GC=F/SI=F,7.090326845211233,2.669863600693683,-4.416875957307719,1.0145793869522075,-0.10695990590378912,-2.926368832702679
2018-09-03,GC=F/SI=F,7.090326845211233,2.669863600693683,-4.416875957307719,1.0145793869522075,-0.10695990590378912,-2.7016249244845163
2018-09-04,GC=F/SI=F,7.083974882645472,2.6434049983846046,-4.416875957307719,1.0145793869522075,-0.12697393792695522,-3.580901780688747
2018-09-05,GC=F/SI=F,7.085817799287596,2.6474505811348883,-4.416875957307719,1.0145793869522075,-0.12479814041364179,-3.114641887964847
2018-09-06,GC=F/SI=F,7.088325323118004,2.6444001604744316,-4.416875957307719,1.0145793869522075,-0.1303926430647211,-3.110980680199205
2018-09-07,GC=F/SI=F,7.0847292089953555,2.643831656435978,-4.416875957307719,1.0145793869522075,-0.12731260384120802,-2.7361801875373204
2018-09-10,GC=F/SI=F,7.084226422097916,2.644684359078121,-4.416875957307719,1.0145793869522075,-0.1259497839768935,-2.5035669877316575
2018-09-11,GC=F/SI=F,7.086236156813495,2.642764737661221,-4.416875957307719,1.0145793869522075,-0.12990844080946218,-2.5275592489788488
2018-09-12,GC=F/SI=F,7.09398581174145,2.652678452984016,-4.416875957307719,1.0145793869522075,-0.1278573656325639,-2.3306045866803258
2018-09-13,GC=F/SI=F,7.091742115095153,2.6492197772238146,-4.416875957307719,1.0145793869522075,-0.129039633024858,-2.2499306785764883
2018-09-14,GC=F/SI=F,7.085901464365611,2.6420528255552145,-4.416875957307719,1.0145793869522075,-0.1302807808568769,-2.1773194813379515
2018-09-17,GC=F/SI=F,7.089826763820603,2.6477338467256932,-4.546436253955158,1.0324607575183002,-0.12579781056688688,-1.904107248114098
2018-09-18,GC=F/SI=F,7.087406648019114,2.645039375290893,-4.546436253955158,1.0324607575183002,-0.1259936074079997,-1.827555742057594
2018-09-19,GC=F/SI=F,7.091908449989418,2.6524670256660396,-4.546436253955158,1.0324607575183002,-0.1232138909053111,-1.6571008853901048
2018-09-20,GC=F/SI=F,7.095230160535933,2.6542977558372503,-4.546436253955158,1.0324607575183002,-0.12481269652121174,-1.655042727302554
2018-09-21,GC=F/SI=F,7.08690510379109,2.6580893556912204,-4.546436253955158,1.0324607575183002,-0.11242580227407917,-1.1738841040131092
2018-09-24,GC=F/SI=F,7.089493372951528,2.656827108065077,-4.546436253955158,1.0324607575183002,-0.11636033623826858,-1.2730466082083587
2018-09-25,GC=F/SI=F,7.090076835776092,2.6670892916204387,-4.546436253955158,1.0324607575183002,-0.1067005551527398,-0.9037213954298362
2018-09-26,GC=F/SI=F,7.085064293952548,2.6606091478355776,-4.546436253955158,1.0324607575183002,-0.10800544620937291,-0.9198699797464533
2018-09-27,GC=F/SI=F,7.075217014168335,2.653312399705693,-4.546436253955158,1.0324607575183002,-0.10513526439375465,-0.7922278818931303
2018-09-28,GC=F/SI=F,7.082968296538797,2.6825956415427896,-4.546436253955158,1.0324607575183002,-0.08385491742460349,-0.029984554855391664
2018-10-01,GC=F/SI=F,7.07926861649335,2.6687548137334702,-4.546436253955158,1.0324607575183002,-0.09387597077162457,-0.3628991187114762
2018-10-02,GC=F/SI=F,7.092074858743207,2.681706202263446,-4.546436253955158,1.0324607575183002,-0.09414652481589947,-0.35235613978731917
2018-10-03,GC=F/SI=F,7.088659205436301,2.6803363729930827,-4.546436253955158,1.0324607575183002,-0.09198982608559358,-0.2556883215176563
2018-10-04,GC=F/SI=F,7.0877407351932735,2.674838082670172,-4.546436253955158,1.0324607575183002,-0.09653983192563231,-0.3994417927551312
2018-10-05,GC=F/SI=F,7.09107629545972,2.6788960004294005,-4.546436253955158,1.0324607575183002,-0.09592574924584607,-0.3554840542954149
2018-10-08,GC=F/SI=F,7.076991616840457,2.657388273993644,-4.546436253955158,1.0324607575183002,-0.10289159772495715,-0.5902768380624066
2018-10-09,GC=F/SI=F,7.079352831284304,2.6622854887460123,-4.546436253955158,1.0324607575183002,-0.10043224422594488,-0.47686852940743835
2018-10-10,GC=F/SI=F,7.081120218789387,2.65710773039276,-4.546436253955158,1.0324607575183002,-0.10743476082152359,-0.7170266042968143
2018-10-11,GC=F/SI=F,7.109470882882726,2.6765595235128763,-4.546436253955158,1.0324607575183002,-0.117253915827364,-1.0643808215189123
2018-10-12,GC=F/SI=F,7.1050475266631725,2.6785527392186874,-4.546436253955158,1.0324607575183002,-0.11069375840833917,-0.7821962576118133
2018-10-15,GC=F/SI=F,7.1118383474647,2.684849817301937,-4.546436253955158,1.0324607575183002,-0.1114079363140057,-0.783623737793889
2018-10-16,GC=F/SI=F,7.112571953388457,2.6830742228543785,-4.664470007009369,1.0487276329208968,-0.11160651879288874,-0.7652812948737897
2018-10-17,GC=F/SI=F,7.109634295089583,2.6804734338548233,-4.664470007009369,1.0487276329208968,-0.11112650435833427,-0.7214189677811884
2018-10-18,GC=F/SI=F,7.111919863698544,2.676421925119063,-4.664470007009369,1.0487276329208968,-0.1175749520512488,-0.9489526536057895
2018-10-19,GC=F/SI=F,7.110941030805335,2.679582169568151,-4.664470007009369,1.0487276329208968,-0.11338817849904004,-0.7548571737520214
2018-10-22,GC=F/SI=F,7.107589220876997,2.675664762498144,-4.664470007009369,1.0487276329208968,-0.1137904498769009,-0.7452402786213533
2018-10-23,GC=F/SI=F,7.1175298823515085,2.6897504226919677,-4.664470007009369,1.0487276329208968,-0.11012983606090998,-0.57293489694984
2018-10-24,GC=F/SI=F,7.112979268762189,2.6817746738672903,-4.664470007009369,1.0487276329208968,-0.11333323066772305,-0.6794842178556363
2018-10-25,GC=F/SI=F,7.114037453357569,2.6786213616014627,-4.664470007009369,1.0487276329208968,-0.11759629035945629,-0.8305391300321426
2018-10-26,GC=F/SI=F,7.116799905916845,2.6834159357831955,-4.664470007009369,1.0487276329208968,-0.11569877651126959,-0.7256640005316121
2018-10-29,GC=F/SI=F,7.110287876392222,2.665629697357789,-4.664470007009369,1.0487276329208968,-0.12665566962780783,-1.1714116975524043
2018-10-30,GC=F/SI=F,7.108734997625655,2.6674365097415738,-4.664470007009369,1.0487276329208968,-0.1232203103709475,-0.9920979857637829
2018-10-31,GC=F/SI=F,7.100274701029799,2.6552821419977897,-4.664470007009369,1.0487276329208968,-0.12650213129195098,-1.1136565456350314
2018-11-01,GC=F/SI=F,7.119635638017636,2.6898183457232205,-4.664470007009369,1.0487276329208968,-0.1122702771849049,-0.44154151321894314
2018-11-02,GC=F/SI=F,7.115500907950568,2.688323555874154,-4.664470007009369,1.0487276329208968,-0.10942886135796748,-0.2818081918556159
2018-11-05,GC=F/SI=F,7.1146068732234875,2.681295470062408,-4.664470007009369,1.0487276329208968,-0.11551934824663412,-0.5521046639925065
2018-11-06,GC=F/SI=F,7.1097160909272175,2.6712479072427526,-4.664470007009369,1.0487276329208968,-0.12043781252558983,-0.7829853091701331
2018-11-07,GC=F/SI=F,7.1116751955079005,2.6760778134565206,-4.664470007009369,1.0487276329208968,-0.11766247342136626,-0.6203521681496643
2018-11-08,GC=F/SI=F,7.108980386159395,2.666255489171108,-4.664470007009369,1.0487276329208968,-0.12465867667754793,-1.0015606945203221
2018-11-09,GC=F/SI=F,7.095396017490812,2.646387518530058,-4.664470007009369,1.0487276329208968,-0.1302803445200711,-1.3229120358987665
2018-11-12,GC=F/SI=F,7.091159623373399,2.637198458492347,-4.664470007009369,1.0487276329208968,-0.13502658098290699,-1.621938671053369
2018-11-13,GC=F/SI=F,7.089409906071138,2.635622843106033,-4.664470007009369,1.0487276329208968,-0.13476721948453996,-1.5474119957599897
2018-11-14,GC=F/SI=F,7.096638613823222,2.642978226071464,-4.701302610455719,1.0535553731534726,-0.1324209063946844,-1.3823893198236459
2018-11-15,GC=F/SI=F,7.1006870551487635,2.655844242320592,-4.701302610455719,1.0535553731534726,-0.12382014725697665,-0.7944589811660995
2018-11-16,GC=F/SI=F,7.107261700527018,2.6643072643387002,-4.701302610455719,1.0535553731534726,-0.12228387820370745,-0.6676469990307512
2018-11-19,GC=F/SI=F,7.10914387853251,2.665907860664656,-4.701302610455719,1.0535553731534726,-0.12266626062866948,-0.6745054192601941
2018-11-20,GC=F/SI=F,7.105786129481271,2.6565463400277936,-4.701302610455719,1.0535553731534726,-0.1284902067108975,-1.0847559535142723
2018-11-21,GC=F/SI=F,7.111349010885311,2.6727683553440564,-4.701302610455719,1.0535553731534726,-0.11812899498807639,-0.27512653187219166
2018-11-22,GC=F/SI=F,7.111349010885311,2.6727683553440564,-4.701302610455719,1.0535553731534726,-0.11812899498807639,-0.24752114191409136
2018-11-23,GC=F/SI=F,7.107425474110705,2.6547197255405064,-4.701302610455719,1.0535553731534726,-0.1320439615409743,-1.3484886483709653
2018-11-26,GC=F/SI=F,7.106770018701258,2.65204403687828,-4.701302610455719,1.0535553731534726,-0.13402909163471666,-1.4865313892301886
2018-11-27,GC=F/SI=F,7.099366842369342,2.643476143308914,-4.701302610455719,1.0535553731534726,-0.13479732900118968,-1.515694622812502
2018-11-28,GC=F/SI=F,7.107753040777623,2.6604693369440815,-4.701302610455719,1.0535553731534726,-0.1266394597593976,-0.7822990004590706
2018-11-29,GC=F/SI=F,7.109961139136966,2.6583696240770975,-4.701302610455719,1.0535553731534726,-0.13106552651731906,-1.1278367282555775
2018-11-30,GC=F/SI=F,7.106770018701258,2.645749165161032,-4.701302610455719,1.0535553731534726,-0.14032396335196484,-1.8647562508413467
2018-12-03,GC=F/SI=F,7.117935183690583,2.665907860664656,-4.701302610455719,1.0535553731534726,-0.13192838741498836,-1.1206213133191283
2018-12-04,GC=F/SI=F,7.123753342464165,2.67559587124375,-4.701302610455719,1.0535553731534726,-0.12837012927366231,-0.8148723576725596
2018-12-05,GC=F/SI=F,7.123753342464165,2.67559587124375,-4.701302610455719,1.0535553731534726,-0.12837012927366231,-0.8194161581507146
2018-12-06,GC=F/SI=F,7.121333205707671,2.6665335447577023,-4.701302610455719,1.0535553731534726,-0.1348827076761392,-1.3450071330299473
2018-12-07,GC=F/SI=F,7.128335587055938,2.6791018482559603,-4.701302610455719,1.0535553731534726,-0.12969180067221764,-0.9025620708605628
2018-12-10,GC=F/SI=F,7.125846047399322,2.672630234265398,-4.701302610455719,1.0535553731534726,-0.13354054678087302,-1.2115791811849503
2018-12-11,GC=F/SI=F,7.124397763612625,2.6740796536423805,-4.701302610455719,1.0535553731534726,-0.13056528023856462,-0.9589722633110465
2018-12-12,GC=F/SI=F,7.126408784642625,2.6895467554439136,-4.701302610455719,1.0535553731534726,-0.1172169004487138,0.10513726418712804
2018-12-13,GC=F/SI=F,7.125041671519983,2.6898183457232205,-4.717455306468925,1.055456781430417,-0.11289989798793432,0.43472309024150946
2018-12-14,GC=F/SI=F,7.1204443723924875,2.6750447674209017,-4.717455306468925,1.055456781430417,-0.12282122574987397,-0.3760794631805082
2018-12-17,GC=F/SI=F,7.128816683663982,2.683689196019922,-4.717455306468925,1.055456781430417,-0.12301340985859799,-0.39633722036362345
2018-12-18,GC=F/SI=F,7.130258586321407,2.679993605935178,-4.717455306468925,1.055456781430417,-0.1282308658812843,-0.8156480692621786
2018-12-19,GC=F/SI=F,7.132577401176409,2.6879835161187193,-4.717455306468925,1.055456781430417,-0.12268836456133592,-0.36508127096229825
2018-12-20,GC=F/SI=F,7.141720049606893,2.6914464695182545,-4.717455306468925,1.055456781430417,-0.12887508144798954,-0.8480000115895933
2018-12-21,GC=F/SI=F,7.133934257783977,2.6798564792875186,-4.717455306468925,1.055456781430417,-0.13224750490042414,-1.0963139433475877
2018-12-24,GC=F/SI=F,7.144801735465339,2.6879155332130207,-4.717455306468925,1.055456781430417,-0.13565860399075813,-1.3331108767284587
2018-12-25,GC=F/SI=F,7.144801735465339,2.6879155332130207,-4.717455306468925,1.055456781430417,-0.13565860399075813,-1.2883668080808537
2018-12-26,GC=F/SI=F,7.146142021237464,2.708316812896994,-4.717455306468925,1.055456781430417,-0.11667193801402842,0.24779099256205647
2018-12-27,GC=F/SI=F,7.152503792276339,2.720703146221063,-4.717455306468925,1.055456781430417,-0.11100017907484805,0.7883658683728676
2018-12-28,GC=F/SI=F,7.154537247936722,2.7295507464868165,-4.717455306468925,1.055456781430417,-0.10429880337558473,1.4285905047729213
2018-12-31,GC=F/SI=F,7.153286387371679,2.7365080487065434,-4.717455306468925,1.055456781430417,-0.09602127188985943,2.2285000623634805
2019-01-01,GC=F/SI=F,7.153286387371679,2.7365080487065434,-4.717455306468925,1.055456781430417,-0.09602127188985943,2.266506392538697
2019-01-02,GC=F/SI=F,7.155396301896734,2.7435460250057178,-4.717455306468925,1.055456781430417,-0.09121021918439265,2.7005388534121826
2019-01-03,GC=F/SI=F,7.163791911396889,2.754042825840494,-4.717455306468925,1.055456781430417,-0.08957462133079641,2.7951376053884065
2019-01-04,GC=F/SI=F,7.156722472239129,2.7533421708497765,-4.717455306468925,1.055456781430417,-0.08281378882154655,3.2481501385939096
2019-01-07,GC=F/SI=F,7.1599138333102585,2.7516842171851366,-4.717455306468925,1.055456781430417,-0.08784008617070338,2.6361295621796677
2019-01-08,GC=F/SI=F,7.157112199060406,2.7489362194518026,-4.717455306468925,1.055456781430417,-0.08763108003594322,2.5125324086001606
2019-01-09,GC=F/SI=F,7.161854752288601,2.7506625841075607,-4.717455306468925,1.055456781430417,-0.0909102753461779,2.117941525202699
2019-01-10,GC=F/SI=F,7.158280469030149,2.7447677757024516,-4.717455306468925,1.055456781430417,-0.09303258224740052,1.8773311921856293
2019-01-11,GC=F/SI=F,7.16014688568706,2.74579544579389,-4.589919816360448,1.0372282255843612,-0.09099118701024178,1.9534534710690847
2019-01-14,GC=F/SI=F,7.161699560510216,2.7478476841733834,-4.589919816360448,1.0372282255843612,-0.09054942678247979,1.908009089837536
2019-01-15,GC=F/SI=F,7.159447375737673,2.7438033403807496,-4.589919816360448,1.0372282255843612,-0.0922577409598011,1.7233472702979786
2019-01-16,GC=F/SI=F,7.163637019981935,2.7449605634556216,-4.589919816360448,1.0372282255843612,-0.09544613515023403,1.4512329766154457
2019-01-17,GC=F/SI=F,7.1631723908466425,2.738708722549272,-4.589919816360448,1.0372282255843612,-0.1012160496030301,1.0418290196554334
2019-01-18,GC=F/SI=F,7.155630504623799,2.729811687906949,-4.589919816360448,1.0372282255843612,-0.10229042698087376,0.9527101995959194
2019-01-21,GC=F/SI=F,7.155630504623799,2.729811687906949,-4.589919816360448,1.0372282255843612,-0.10229042698087376,0.939575336751226
2019-01-22,GC=F/SI=F,7.1565665770449245,2.7251694814097576,-4.589919816360448,1.0372282255843612,-0.10790355421444708,0.5713392318197824
2019-01-23,GC=F/SI=F,7.157034284873568,2.728963348085506,-4.589919816360448,1.0372282255843612,-0.10459480729989501,0.7667341283516899
2019-01-24,GC=F/SI=F,7.15391196551844,2.7237923025433144,-4.589919816360448,1.0372282255843612,-0.1065272950776599,0.6322278327826767
2019-01-25,GC=F/SI=F,7.168117559596638,2.7497677905513256,-4.589919816360448,1.0372282255843612,-0.09528625020874859,1.3106528465287854
2019-01-28,GC=F/SI=F,7.171964013993716,2.7542337732056286,-4.589919816360448,1.0372282255843612,-0.09480991862351917,1.2972052026547218
2019-01-29,GC=F/SI=F,7.176407388202448,2.7591234872351538,-4.589919816360448,1.0372282255843612,-0.0945289977401238,1.2712999404456717
2019-01-30,GC=F/SI=F,7.177706096041715,2.7650604630255966,-4.589919816360448,1.0372282255843612,-0.08993907837735637,1.5142836542987543
2019-01-31,GC=F/SI=F,7.185159680023371,2.7739627377936023,-4.589919816360448,1.0372282255843612,-0.08876787129688779,1.5395301777007184
2019-02-01,GC=F/SI=F,7.183035787255215,2.7650604630255966,-4.589919816360448,1.0372282255843612,-0.09546718453764758,1.0985763890740015
2019-02-04,GC=F/SI=F,7.181059520639392,2.76234896776516,-4.589919816360448,1.0372282255843612,-0.09612884028287283,1.02857376973321
2019-02-05,GC=F/SI=F,7.180983357309509,2.7593768258516564,-4.589919816360448,1.0372282255843612,-0.09902198344086699,0.8360327497415374
2019-02-06,GC=F/SI=F,7.1774006639477665,2.7508542388654345,-4.589919816360448,1.0372282255843612,-0.10382849974867625,0.53762626444021
2019-02-07,GC=F/SI=F,7.177324314652219,2.752067098687078,-4.589919816360448,1.0372282255843612,-0.10253644828268715,0.5904976972470561
2019-02-08,GC=F/SI=F,7.180602825307063,2.7582996025106477,-4.589919816360448,1.0372282255843612,-0.09970450824820087,0.7307712361280788
2019-02-11,GC=F/SI=F,7.175489713624222,2.7509180750160875,-4.386784780894939,1.0084169254171333,-0.0981824194641776,0.7943976079700407
2019-02-12,GC=F/SI=F,7.177171505330871,2.751109680818858,-4.386784780894939,1.0084169254171333,-0.09968676088341866,0.6796884838755426
2019-02-13,GC=F/SI=F,7.178392954075289,2.7488081676938148,-4.386784780894939,1.0084169254171333,-0.1032200035958617,0.44979251185544317
2019-02-14,GC=F/SI=F,7.177629770063022,2.740840023925201,-4.386784780894939,1.0084169254171333,-0.11041853968929782,0.008247233745604139
2019-02-15,GC=F/SI=F,7.183946566196258,2.7551245813148197,-4.386784780894939,1.0084169254171333,-0.10250394643484384,0.4656481240955545
2019-02-18,GC=F/SI=F,7.183946566196258,2.7551245813148197,-4.386784780894939,1.0084169254171333,-0.10250394643484384,0.44471844152653855
2019-02-19,GC=F/SI=F,7.200499498808092,2.769270695538941,-4.386784780894939,1.0084169254171333,-0.10505008962178586,0.27799078294153995
2019-02-20,GC=F/SI=F,7.202884588418349,2.7823533667956957,-4.386784780894939,1.0084169254171333,-0.09437258309664998,0.904819864326886
2019-02-21,GC=F/SI=F,7.188035021667156,2.7594401806756235,-4.386784780894939,1.0084169254171333,-0.10231121476970806,0.3975617913781704
2019-02-22,GC=F/SI=F,7.192332499745467,2.7668221268658493,-4.386784780894939,1.0084169254171333,-0.09926291821025934,0.5612167653379697
2019-02-25,GC=F/SI=F,7.189846771533873,2.761590955977484,-4.386784780894939,1.0084169254171333,-0.10198743869806748,0.3662439546442793
2019-02-26,GC=F/SI=F,7.189243188846273,2.761717321140976,-4.386784780894939,1.0084169254171333,-0.10125241053651113,0.39189970396449647
2019-02-27,GC=F/SI=F,7.183643034495636,2.7518756762608874,-4.386784780894939,1.0084169254171333,-0.10544676498446837,0.09793508315155462
2019-02-28,GC=F/SI=F,7.17991757696976,2.743288643402442,-4.386784780894939,1.0084169254171333,-0.11027698341889725,-0.2591669142883905
2019-03-01,GC=F/SI=F,7.167346490099591,2.7192538499822714,-4.386784780894939,1.0084169254171333,-0.12163488006830114,-1.0691173378333634
2019-03-04,GC=F/SI=F,7.158358381196953,2.709182905907457,-4.386784780894939,1.0084169254171333,-0.12264206299820302,-1.1569470388063003
2019-03-05,GC=F/SI=F,7.156176637480615,2.7093826768129303,-4.386784780894939,1.0084169254171333,-0.1202421848022528,-1.0055926304285334
2019-03-06,GC=F/SI=F,7.158436192290184,2.7082501983947127,-4.386784780894939,1.0084169254171333,-0.1236532365343459,-1.2935662558417003
2019-03-07,GC=F/SI=F,7.157579746911736,2.7053799750962626,-4.386784780894939,1.0084169254171333,-0.12565980581747382,-1.4600717128553309
2019-03-08,GC=F/SI=F,7.167809184316444,2.726021106905713,-4.386784780894939,1.0084169254171333,-0.11533421182442627,-0.731653731181276
2019-03-11,GC=F/SI=F,7.161466869749267,2.7210980103315245,-4.386784780894939,1.0084169254171333,-0.11386161104275416,-0.6565292135333363
2019-03-12,GC=F/SI=F,7.167269369273299,2.7303334287419623,-4.136759576477092,0.9729992156624275,-0.10665446952520785,-0.11617642060404455
2019-03-13,GC=F/SI=F,7.175872195939078,2.733132953196122,-4.136759576477092,0.9729992156624275,-0.11222548866933124,-0.5476329284160171
2019-03-14,GC=F/SI=F,7.165029707888372,2.714760955678714,-4.136759576477092,0.9729992156624275,-0.12004775381757149,-1.1698362438125762
2019-03-15,GC=F/SI=F,7.171503238646448,2.724776222024248,-4.136759576477092,0.9729992156624275,-0.11633122782221239,-0.8915207997117279
2019-03-18,GC=F/SI=F,7.170350323608704,2.7246451011875807,-4.136759576477092,0.9729992156624275,-0.11534056323142927,-0.8467544813618451
2019-03-19,GC=F/SI=F,7.173958319756794,2.7279181623045057,-4.136759576477092,0.9729992156624275,-0.11557807953670896,-0.8842226725634109
2019-03-20,GC=F/SI=F,7.170504084888706,2.7242515729334342,-4.136759576477092,0.9729992156624275,-0.1158837010904179,-0.9488876117687803
2019-03-21,GC=F/SI=F,7.174800857891137,2.732547655827798,-4.136759576477092,0.9729992156624275,-0.11176837495729774,-0.6568299149674053
2019-03-22,GC=F/SI=F,7.179003026356539,2.730789705473381,-4.136759576477092,0.9729992156624275,-0.11761503193263234,-1.2567807099902197
2019-03-25,GC=F/SI=F,7.186825393054272,2.741291532914025,-4.136759576477092,0.9729992156624275,-0.11472436115350604,-1.083139195213564
2019-03-26,GC=F/SI=F,7.181059520639392,2.7324826361040917,-4.136759576477092,0.9729992156624275,-0.1179230686261521,-1.3960518603935297
2019-03-27,GC=F/SI=F,7.177706096041715,2.7238579523349937,-4.136759576477092,0.9729992156624275,-0.12328487289192669,-1.877517622460113
2019-03-28,GC=F/SI=F,7.162242484433405,2.702769584956491,-4.136759576477092,0.9729992156624275,-0.12932715830423636,-2.3558242192249295
2019-03-29,GC=F/SI=F,7.164720378771857,2.7120422502347417,-4.136759576477092,0.9729992156624275,-0.12246548227379428,-1.6127721814857587
2019-04-01,GC=F/SI=F,7.161156436406176,2.711444410345792,-4.136759576477092,0.9729992156624275,-0.11959560903626976,-1.3005271300713677
2019-04-02,GC=F/SI=F,7.162397497355718,2.7092494583089244,-4.136759576477092,0.9729992156624275,-0.12299811240363123,-1.5555525038571567
2019-04-03,GC=F/SI=F,7.162319993898187,2.7119758201179494,-4.136759576477092,0.9729992156624275,-0.12019633979121735,-1.2606903206169655
2019-04-04,GC=F/SI=F,7.161622002939187,2.7107798300205888,-4.136759576477092,0.9729992156624275,-0.12071318523293151,-1.2803120710061417
2019-04-05,GC=F/SI=F,7.162707545730762,2.710912781423686,-4.136759576477092,0.9729992156624275,-0.12163646611460432,-1.328430351163764
2019-04-08,GC=F/SI=F,7.167886263524592,2.719517554667493,-4.136759576477092,0.9729992156624275,-0.11807058122233105,-0.9714500553536188
2019-04-09,GC=F/SI=F,7.172808233373557,2.7191879600994566,-4.136759576477092,0.9729992156624275,-0.12318924859292402,-1.4109973576451635
2019-04-10,GC=F/SI=F,7.177095138536552,2.7213612292151055,-3.903507807672986,0.9399219660785463,-0.12104033645796086,-1.1701533209802581
2019-04-11,GC=F/SI=F,7.161311617758351,2.6962475131723154,-3.903507807672986,0.9399219660785463,-0.13131877461926234,-2.0871376916380777
2019-04-12,GC=F/SI=F,7.162862486584908,2.70270259988915,-3.903507807672986,0.9399219660785463,-0.12632138357901557,-1.5495243395715235
2019-04-15,GC=F/SI=F,7.1599138333102585,2.704577508560863,-3.903507807672986,0.9399219660785463,-0.1216749709241105,-1.0772277475584306
2019-04-16,GC=F/SI=F,7.1488173116142955,2.700756989774635,-3.903507807672986,0.9399219660785463,-0.1150656252212352,-0.4366002070280876
2019-04-17,GC=F/SI=F,7.1485029258638475,2.702769584956491,-3.903507807672986,0.9399219660785463,-0.1127575319667109,-0.20483298768451072
2019-04-18,GC=F/SI=F,7.148267143652393,2.703841374715931,-3.903507807672986,0.9399219660785463,-0.11146412532751349,-0.07023244545719631
2019-04-19,GC=F/SI=F,7.148267143652393,2.703841374715931,-3.903507807672986,0.9399219660785463,-0.11146412532751349,-0.05699631582468679
2019-04-22,GC=F/SI=F,7.149524294419511,2.7051794028846214,-3.903507807672986,0.9399219660785463,-0.11130772077951079,-0.03714910333376334
2019-04-23,GC=F/SI=F,7.146220884862676,2.6928011743297757,-3.903507807672986,0.9399219660785463,-0.12058100212893308,-0.8956352695310841
2019-04-24,GC=F/SI=F,7.1510935375818665,2.7012269598787166,-3.903507807672986,0.9399219660785463,-0.11673512990383195,-0.5121518103561964
2019-04-25,GC=F/SI=F,7.151328750080409,2.698740335883502,-3.903507807672986,0.9399219660785463,-0.11944283529312294,-0.7449453019358769
2019-04-26,GC=F/SI=F,7.158436192290184,2.708183515884833,-3.903507807672986,0.9399219660785463,-0.11668009634739285,-0.45374001605521214
2019-04-29,GC=F/SI=F,7.153520989238255,2.697595733946862,-3.903507807672986,0.9399219660785463,-0.12264797096911995,-1.0172026934608658
2019-04-30,GC=F/SI=F,7.156800505882708,2.701361187349418,-3.903507807672986,0.9399219660785463,-0.12196500729880544,-0.9291892071395159
2019-05-01,GC=F/SI=F,7.155708528257568,2.6840990115370316,-3.903507807672986,0.9399219660785463,-0.13820080935485635,-2.6453704047020428
2019-05-02,GC=F/SI=F,7.146535892619318,2.6769034694817853,-3.903507807672986,0.9399219660785463,-0.13677478968687673,-2.36407668394786
2019-05-03,GC=F/SI=F,7.1539901233489145,2.701830873651122,-3.903507807672986,0.9399219660785463,-0.11885378072050568,-0.42662290775699446
2019-05-06,GC=F/SI=F,7.155942562639401,2.698471158277222,-3.903507807672986,0.9399219660785463,-0.12404863667096944,-0.9458851744572252
2019-05-07,GC=F/SI=F,7.157346000311195,2.6986730161857935,-3.903507807672986,0.9399219660785463,-0.12516590065813915,-1.0337342923272623
2019-05-08,GC=F/SI=F,7.154146516098468,2.694086481706141,-3.903507807672986,0.9399219660785463,-0.12674516964612614,-1.1697685049886486
2019-05-09,GC=F/SI=F,7.157346000311195,2.688323555874154,-3.741274103352442,0.9168201424955613,-0.1324013206687491,-1.745653352254274
2019-05-10,GC=F/SI=F,7.15905855811235,2.689614627548543,-3.741274103352442,0.9168201424955613,-0.13268035648164744,-1.729404138153461
2019-05-13,GC=F/SI=F,7.17019644478952,2.688731476939176,-3.741274103352442,0.9168201424955613,-0.14377494594147677,-2.883722069646062
2019-05-14,GC=F/SI=F,7.166034249350748,2.6913786569878755,-3.741274103352442,0.9168201424955613,-0.13731178127750798,-2.021873735752361
2019-05-15,GC=F/SI=F,7.167269369273299,2.6913786569878755,-3.741274103352442,0.9168201424955613,-0.13844416410089977,-2.0403104392661957
2019-05-16,GC=F/SI=F,7.158513997329321,2.6726993301224238,-3.741274103352442,0.9168201424955613,-0.1490963896130726,-3.0246581997279347
2019-05-17,GC=F/SI=F,7.15030922381617,2.6636105298926385,-3.741274103352442,0.9168201424955613,-0.15066288822138674,-2.9638613904146025
2019-05-20,GC=F/SI=F,7.151563811608152,2.6678530388841795,-3.741274103352442,0.9168201424955613,-0.14757061058806364,-2.4724295864981873
2019-05-21,GC=F/SI=F,7.148345743900068,2.6653514566545673,-3.741274103352442,0.9168201424955613,-0.14712180352298976,-2.350906328225097
2019-05-22,GC=F/SI=F,7.149602795920785,2.6681999258025897,-3.741274103352442,0.9168201424955613,-0.1454258249877265,-2.0935576382918635
2019-05-23,GC=F/SI=F,7.158358381196953,2.679444921062901,-3.741274103352442,0.9168201424955613,-0.1422081266679429,-1.7414767480963635
2019-05-24,GC=F/SI=F,7.1569563646156364,2.675527040923073,-3.741274103352442,0.9168201424955613,-0.14484060976590651,-1.9262232733297058
2019-05-27,GC=F/SI=F,7.1569563646156364,2.675527040923073,-3.741274103352442,0.9168201424955613,-0.14484060976590651,-1.8699678606401124
2019-05-28,GC=F/SI=F,7.151877236681538,2.6589299920870064,-3.741274103352442,0.9168201424955613,-0.1567810118056805,-2.8673021652042348
2019-05-29,GC=F/SI=F,7.155083978020151,2.665281851202329,-3.741274103352442,0.9168201424955613,-0.1533691577413725,-2.379549158908157
2019-05-30,GC=F/SI=F,7.16014688568706,2.671386219368722,-3.741274103352442,0.9168201424955613,-0.15190656530359536,-2.1216987658657613
2019-05-31,GC=F/SI=F,7.174571196145797,2.6762154592044345,-3.741274103352442,0.9168201424955613,-0.16030182383806313,-2.67344754289963
2019-06-03,GC=F/SI=F,7.187430344116506,2.688051559265625,-3.741274103352442,0.9168201424955613,-0.16025524965174842,-2.487609172534937
2019-06-04,GC=F/SI=F,7.187959480025944,2.6900220224052562,-3.741274103352442,0.9168201424955613,-0.15876990897200827,-2.2280878028774436
2019-06-05,GC=F/SI=F,7.191655244898319,2.69151421281205,-3.741274103352442,0.9168201424955613,-0.16066607024213564,-2.2394909496652238
2019-06-06,GC=F/SI=F,7.198632224078297,2.6992112544875737,-3.741274103352442,0.9168201424955613,-0.1593656636125882,-2.034709558792031
2019-06-07,GC=F/SI=F,7.201319978185777,2.7076501500841705,-3.490131878972383,0.881171790222114,-0.1478179880836823,-1.191836029243447
2019-06-10,GC=F/SI=F,7.188941260830455,2.6813639044967617,-3.490131878972383,0.881171790222114,-0.1631964571384481,-2.161058432206269
2019-06-11,GC=F/SI=F,7.19022380278729,2.688255596082201,-3.490131878972383,0.881171790222114,-0.1574349053451476,-1.6900938703843287
2019-06-12,GC=F/SI=F,7.194361791537236,2.6893429819282075,-3.490131878972383,0.881171790222114,-0.15999379845385153,-1.7825786616717483
2019-06-13,GC=F/SI=F,7.199827663274544,2.6994130272020067,-3.490131878972383,0.881171790222114,-0.1547401251639391,-1.386850083541661
2019-06-14,GC=F/SI=F,7.200499498808092,2.6934101964918176,-3.490131878972383,0.881171790222114,-0.16133495839395984,-1.74301550994734
2019-06-17,GC=F/SI=F,7.199454236317567,2.695572688346309,-3.490131878972383,0.881171790222114,-0.1582514107194397,-1.4887694161010736
2019-06-18,GC=F/SI=F,7.2053381579810285,2.7067159475307503,-3.490131878972383,0.881171790222114,-0.15229289732071827,-1.0809913598187801
2019-06-19,GC=F/SI=F,7.203851831877817,2.7043767753159758,-3.490131878972383,0.881171790222114,-0.1533223609022718,-1.1105199456212955
2019-06-20,GC=F/SI=F,7.239143201221491,2.7388380123768306,-3.490131878972383,0.881171790222114,-0.14995888294537263,-0.8737533501387189
2019-06-21,GC=F/SI=F,7.241509504564144,2.7260865481027308,-3.490131878972383,0.881171790222114,-0.16479546697212655,-1.7429239021098357
2019-06-24,GC=F/SI=F,7.254390022551042,2.7322874274520426,-3.490131878972383,0.881171790222114,-0.1699445367163177,-1.981914812234214
2019-06-25,GC=F/SI=F,7.254814153456881,2.727264443975457,-3.490131878972383,0.881171790222114,-0.17534125238249043,-2.204025120881494
2019-06-26,GC=F/SI=F,7.2524790745058025,2.726741099046491,-3.490131878972383,0.881171790222114,-0.17380699161182456,-2.00064225838001
2019-06-27,GC=F/SI=F,7.250209604615506,2.7216243161116402,-3.490131878972383,0.881171790222114,-0.17692398170058787,-2.0787126791507125
2019-06-28,GC=F/SI=F,7.251132160139633,2.724776222024248,-3.490131878972383,0.881171790222114,-0.17458500569075408,-1.855788443993328
2019-07-01,GC=F/SI=F,7.233888520188322,2.7150920123558557,-3.490131878972383,0.881171790222114,-0.16907460627330373,-1.4873568785082094
2019-07-02,GC=F/SI=F,7.247507826343415,2.718264542137108,-3.490131878972383,0.881171790222114,-0.17790302487831777,-1.8953783097578403
2019-07-03,GC=F/SI=F,7.256791084681796,2.7247106324910884,-3.490131878972383,0.881171790222114,-0.179637079893463,-1.9037053570134364
2019-07-04,GC=F/SI=F,7.256791084681796,2.7247106324910884,-3.490131878972383,0.881171790222114,-0.179637079893463,-1.8223217814282557
2019-07-05,GC=F/SI=F,7.241867555352088,2.7025685523642116,-3.490131878972383,0.881171790222114,-0.18862896696444853,-2.1970601064118815
2019-07-08,GC=F/SI=F,7.242082359256962,2.7061817981954226,-2.85798854315541,0.7920036144092983,-0.17158506303049936,-1.2648786572137896
2019-07-09,GC=F/SI=F,7.242440205029254,2.712573279196845,-2.85798854315541,0.7920036144092983,-0.16547699717413344,-0.9307833504677532
2019-07-10,GC=F/SI=F,7.251415885529474,2.7178025131961836,-2.85798854315541,0.7920036144092983,-0.16735653457275212,-0.992669120843034
2019-07-11,GC=F/SI=F,7.247294271744571,2.7125069476437424,-2.85798854315541,0.7920036144092983,-0.16938776711035075,-1.0592270809138074
2019-07-12,GC=F/SI=F,7.251274076187482,2.71872635770587,-2.85798854315541,0.7920036144092983,-0.16632037655165188,-0.87889989742575
2019-07-15,GC=F/SI=F,7.252337415864493,2.727199017446074,-2.85798854315541,0.7920036144092983,-0.15868988567898423,-0.47889284416189687
2019-07-16,GC=F/SI=F,7.2507774118175465,2.7472709387086787,-2.85798854315541,0.7920036144092983,-0.13738243557270557,0.6152528791151277
2019-07-17,GC=F/SI=F,7.259327259099518,2.7658787386324986,-2.85798854315541,0.7920036144092983,-0.1255461455988538,1.2643370132869969
2019-07-18,GC=F/SI=F,7.262698707623261,2.780060789140106,-2.85798854315541,0.7920036144092983,-0.11403429450784675,1.906673914368423
2019-07-19,GC=F/SI=F,7.261997248547693,2.779874651517126,-2.85798854315541,0.7920036144092983,-0.11366487400761649,1.9372800252957227
2019-07-22,GC=F/SI=F,7.262137631119123,2.793616098770161,-2.85798854315541,0.7920036144092983,-0.10003461025855387,2.6249265124037655
2019-07-23,GC=F/SI=F,7.258482553459176,2.797586208268932,-2.85798854315541,0.7920036144092983,-0.09316966604215882,2.882919194488138
2019-07-24,GC=F/SI=F,7.260382074392633,2.806627816081675,-2.85798854315541,0.7920036144092983,-0.08563248567435977,3.1006721376074258
2019-07-25,GC=F/SI=F,7.254107139864972,2.793554931007514,-2.85798854315541,0.7920036144092983,-0.09373559992243141,2.54307433210311
2019-07-26,GC=F/SI=F,7.257355254248906,2.7926977218969165,-2.85798854315541,0.7920036144092983,-0.09716532736511851,2.274876257440284
2019-07-29,GC=F/SI=F,7.258130403574495,2.7953282110737367,-2.85798854315541,0.7920036144092983,-0.0951487592558724,2.278450395711501
2019-07-30,GC=F/SI=F,7.265219876882411,2.8030573555585914,-2.85798854315541,0.7920036144092983,-0.0930345032551454,2.251710179950773
2019-07-31,GC=F/SI=F,7.262698707623261,2.7939832601673937,-2.85798854315541,0.7920036144092983,-0.10011182348055936,1.8594498439953362
2019-08-01,GC=F/SI=F,7.259045769826141,2.7801227878776706,-2.85798854315541,0.7920036144092983,-0.11107915583175121,1.3863458371036665
2019-08-02,GC=F/SI=F,7.276279722389486,2.7863683531731382,-2.85798854315541,0.7920036144092983,-0.11848294325701048,1.0786375630638962
2019-08-05,GC=F/SI=F,7.289337429957529,2.7939219981666588,-2.85798854315541,0.7920036144092983,-0.12127104985327986,0.9626085559489611
2019-08-06,GC=F/SI=F,7.294649018086001,2.797586208268932,-2.318586505621964,0.7159932772145163,-0.10674694269815355,1.5158157041623566
2019-08-07,GC=F/SI=F,7.318075282210914,2.8423479746593614,-2.318586505621964,0.7159932772145163,-0.07875822393141352,2.5373545862807068
2019-08-08,GC=F/SI=F,7.311685844396276,2.8273727367032455,-2.318586505621964,0.7159932772145163,-0.08915866736706768,2.0135242334039685
2019-08-09,GC=F/SI=F,7.3109511313332405,2.8271360534505283,-2.318586505621964,0.7159932772145163,-0.08886930100597024,1.9314468870057
2019-08-12,GC=F/SI=F,7.316747525303929,2.8355048082629812,-2.318586505621964,0.7159932772145163,-0.08465072530861661,1.9947850804370486
2019-08-13,GC=F/SI=F,7.314685946747501,2.8306217165942855,-2.318586505621964,0.7159932772145163,-0.08805774059046012,1.7940759436734097
2019-08-14,GC=F/SI=F,7.323764617071298,2.847986056434759,-2.318586505621964,0.7159932772145163,-0.07719366766787239,2.0698486380130987
2019-08-15,GC=F/SI=F,7.3262024052473596,2.8442114499330997,-2.318586505621964,0.7159932772145163,-0.08271371411486506,1.7957467668235654
2019-08-16,GC=F/SI=F,7.321519189904997,2.838844557288413,-2.318586505621964,0.7159932772145163,-0.0847274560586726,1.6596395917694007
2019-08-19,GC=F/SI=F,7.313487034479435,2.828141655197982,-2.318586505621964,0.7159932772145163,-0.08967938886285864,1.4480648613140719
2019-08-20,GC=F/SI=F,7.31628234489984,2.8403641711702288,-2.318586505621964,0.7159932772145163,-0.0794582963593502,1.6994245164770732
2019-08-21,GC=F/SI=F,7.31628234489984,2.840539384148289,-2.318586505621964,0.7159932772145163,-0.07928308338128964,1.6385495178694849
2019-08-22,GC=F/SI=F,7.311418797754455,2.8340365309663436,-2.318586505621964,0.7159932772145163,-0.08230366950372403,1.4912986213669839
2019-08-23,GC=F/SI=F,7.330798303371927,2.856182834919724,-2.318586505621964,0.7159932772145163,-0.07403296128819381,1.668141577448388
2019-08-26,GC=F/SI=F,7.330601816912247,2.8692616406686984,-2.318586505621964,0.7159932772145163,-0.06081347255502578,1.961542859629995
2019-08-27,GC=F/SI=F,7.340186835320115,2.8980643130109747,-2.318586505621964,0.7159932772145163,-0.03887360895476011,2.450948749851301
2019-08-28,GC=F/SI=F,7.338108134350015,2.9071196618807447,-2.318586505621964,0.7159932772145163,-0.02832992416505853,2.569451123031956
2019-08-29,GC=F/SI=F,7.330732812174933,2.899606751377593,-2.318586505621964,0.7159932772145163,-0.030562153573560735,2.3518151080220813
2019-08-30,GC=F/SI=F,7.325873317142218,2.9005970490709223,-2.318586505621964,0.7159932772145163,-0.02609249010614967,2.322926088685713
2019-09-02,GC=F/SI=F,7.325873317142218,2.9005970490709223,-2.318586505621964,0.7159932772145163,-0.02609249010614967,2.193125264169031
2019-09-03,GC=F/SI=F,7.3433615597950705,2.9485882785380064,-2.318586505621964,0.7159932772145163,0.0093772751911958,2.85426223445983
2019-09-04,GC=F/SI=F,7.346203771068236,2.9648090794586084,-1.967279016060077,0.666550617945816,0.03547143235726846,3.1848272040906984
2019-09-05,GC=F/SI=F,7.323434725607912,2.9261678175292043,-1.967279016060077,0.666550617945816,0.01200689174947911,2.457266804965953
2019-09-06,GC=F/SI=F,7.317345169249163,2.888592420925033,-1.967279016060077,0.666550617945816,-0.02150950730075163,1.6917805000182606
2019-09-09,GC=F/SI=F,7.314685946747501,2.891426706782494,-1.967279016060077,0.666550617945816,-0.016902715041552163,1.7086189006799244
2019-09-10,GC=F/SI=F,7.306732753718704,2.8926469657694818,-1.967279016060077,0.666550617945816,-0.010381250326577884,1.7577084397702774
2019-09-11,GC=F/SI=F,7.309480083811612,2.892092506410509,-1.967279016060077,0.666550617945816,-0.012766944256679125,1.6437510778870394
2019-09-12,GC=F/SI=F,7.3123533120706306,2.8926469657694818,-1.967279016060077,0.666550617945816,-0.014127636969254453,1.5577009904141337
2019-09-13,GC=F/SI=F,7.307135259809739,2.8585370816332345,-1.967279016060077,0.666550617945816,-0.04475942514653042,0.9750465926655073
2019-09-16,GC=F/SI=F,7.315284904896706,2.884856525211733,-1.967279016060077,0.666550617945816,-0.023872132536789437,1.3027360856478811
2019-09-17,GC=F/SI=F,7.316614603937426,2.891260293458204,-1.967279016060077,0.666550617945816,-0.018354676007592552,1.3536098491848343
2019-09-18,GC=F/SI=F,7.318207928601341,2.878917523249537,-1.967279016060077,0.666550617945816,-0.03175947775558008,1.0813068629208271
2019-09-19,GC=F/SI=F,7.3121531674233,2.8776804921291217,-1.967279016060077,0.666550617945816,-0.028960704071257837,1.0953460616081245
2019-09-20,GC=F/SI=F,7.318075282210914,2.8757092799874635,-1.967279016060077,0.666550617945816,-0.03487930548414653,0.961539159406998
2019-09-23,GC=F/SI=F,7.328896834429548,2.9231616012282804,-1.967279016060077,0.666550617945816,0.0053599034382072475,1.6243259318281662
2019-09-24,GC=F/SI=F,7.334394606386676,2.918689239768227,-1.967279016060077,0.666550617945816,-0.002777001317194383,1.4313232353176377
2019-09-25,GC=F/SI=F,7.31628234489984,2.8882584093022308,-1.967279016060077,0.666550617945816,-0.02113509269674463,1.073743846798688
2019-09-26,GC=F/SI=F,7.318207928601341,2.8792546689255953,-1.967279016060077,0.666550617945816,-0.031422332079521276,0.8647329106427548
2019-09-27,GC=F/SI=F,7.3126201907324555,2.8651679061409174,-1.967279016060077,0.666550617945816,-0.04178458473477509,0.6553247721544109
2019-09-30,GC=F/SI=F,7.290088189719394,2.82719531417136,-1.967279016060077,0.666550617945816,-0.06473845750552076,0.21692203347182581
2019-10-01,GC=F/SI=F,7.301147805856032,2.845025636614501,-1.967279016060077,0.666550617945816,-0.05427992903249912,0.38363428512772335
2019-10-02,GC=F/SI=F,7.313886831633462,2.8674441994754623,-1.967279016060077,0.666550617945816,-0.04035257167551176,0.6243825348241497
2019-10-03,GC=F/SI=F,7.317942537226266,2.8670462138629733,-1.872332024756461,0.6531847077450954,-0.040589918854106344,0.5975922071008876
2019-10-04,GC=F/SI=F,7.317345169249163,2.8644840391405775,-1.872332024756461,0.6531847077450954,-0.04276190194896223,0.5293817578199848
2019-10-07,GC=F/SI=F,7.311685844396276,2.8597407562984114,-1.872332024756461,0.6531847077450954,-0.04380860034105982,0.48282704699606177
2019-10-08,GC=F/SI=F,7.311351943417312,2.868864377858324,-1.872332024756461,0.6531847077450954,-0.03446687976778762,0.6636878490793596
2019-10-09,GC=F/SI=F,7.317278791007682,2.875145346714982,-1.872332024756461,0.6531847077450954,-0.032057237122295135,0.69849459995615
2019-10-10,GC=F/SI=F,7.309747730276651,2.8633431116363086,-1.872332024756461,0.6531847077450954,-0.03894029849835956,0.5141145548429601
2019-10-11,GC=F/SI=F,7.301619996092082,2.860027085271818,-1.872332024756461,0.6531847077450954,-0.0369474131848726,0.5406655980550946
2019-10-14,GC=F/SI=F,7.307671655426677,2.869828900795391,-1.872332024756461,0.6531847077450954,-0.031098448995139805,0.6683186605042718
2019-10-15,GC=F/SI=F,7.298174412362248,2.851168854981958,-1.872332024756461,0.6531847077450954,-0.043555040873149764,0.3131619655294167
2019-10-16,GC=F/SI=F,7.305188215393037,2.853650131945932,-1.872332024756461,0.6531847077450954,-0.04565507279202219,0.23212467468534462
2019-10-17,GC=F/SI=F,7.308073865657468,2.8642558707391275,-1.872332024756461,0.6531847077450954,-0.036934196623453985,0.44878008216320997
2019-10-18,GC=F/SI=F,7.305322582152971,2.86231520632069,-1.872332024756461,0.6531847077450954,-0.03707776473008284,0.42232121207105694
2019-10-21,GC=F/SI=F,7.301417691440431,2.863685439524783,-1.872332024756461,0.6531847077450954,-0.03315691662714304,0.5122317035393044
2019-10-22,GC=F/SI=F,7.300945323260565,2.8585944010868163,-1.872332024756461,0.6531847077450954,-0.03793941139359536,0.3552900015295637
2019-10-23,GC=F/SI=F,7.30646429897967,2.86317184929361,-1.872332024756461,0.6531847077450954,-0.03696687372893859,0.3619828234822563
2019-10-24,GC=F/SI=F,7.312486801024536,2.875765623570649,-1.872332024756461,0.6531847077450954,-0.028306905689969852,0.5926912322281243
2019-10-25,GC=F/SI=F,7.312886998189064,2.882619568339577,-1.872332024756461,0.6531847077450954,-0.021714363588992924,0.7641796600663986
2019-10-28,GC=F/SI=F,7.306531398939505,2.880096929098601,-1.872332024756461,0.6531847077450954,-0.020085622591601293,0.7872249537456489
2019-10-29,GC=F/SI=F,7.304515946460155,2.877567910051544,-1.872332024756461,0.6531847077450954,-0.02129817889996044,0.7250330533704492
2019-10-30,GC=F/SI=F,7.308676714340104,2.8800408290357735,-1.872332024756461,0.6531847077450954,-0.021543009867389884,0.6948207706717324
2019-10-31,GC=F/SI=F,7.320791668739896,2.8911492299733443,-1.872332024756461,0.6531847077450954,-0.018347911878792367,0.7800613041000278
2019-11-01,GC=F/SI=F,7.318539548567902,2.890593939327765,-1.742454780849095,0.634902406853643,-0.01350965386247438,0.9338195235746463
2019-11-04,GC=F/SI=F,7.318539548567902,2.8911492299733443,-1.742454780849095,0.634902406853643,-0.012954363216894471,0.9367943373214773
2019-11-05,GC=F/SI=F,7.30033779423344,2.8631147916247337,-1.742454780849095,0.634902406853643,-0.029432463929596864,0.3104438935698085
2019-11-06,GC=F/SI=F,7.306665585353471,2.8655097186588856,-1.742454780849095,0.634902406853643,-0.03105506670762015,0.22341378354996833
2019-11-07,GC=F/SI=F,7.289064263864553,2.8314470387838178,-1.742454780849095,0.634902406853643,-0.05394262520556925,-0.6866303686000942
2019-11-08,GC=F/SI=F,7.287081762894775,2.820366525695279,-1.742454780849095,0.634902406853643,-0.06376444365680634,-1.111475233087145
2019-11-11,GC=F/SI=F,7.283104763185678,2.819114367788455,-1.742454780849095,0.634902406853643,-0.062491594876267875,-1.1040985832577135
2019-11-12,GC=F/SI=F,7.280766046723757,2.8140305273843222,-1.742454780849095,0.634902406853643,-0.06609057856977874,-1.2767901760407385
2019-11-13,GC=F/SI=F,7.287355387490222,2.82719531417136,-1.742454780849095,0.634902406853643,-0.057109380094948925,-0.93551536604199
2019-11-14,GC=F/SI=F,7.2942414536682865,2.8339777864004794,-1.742454780849095,0.634902406853643,-0.054698887856036826,-0.8782864997222024
2019-11-15,GC=F/SI=F,7.291179289490954,2.829264414024914,-1.742454780849095,0.634902406853643,-0.057468084825232246,-1.064943054834529
2019-11-18,GC=F/SI=F,7.293629753923341,2.8323306375472868,-1.742454780849095,0.634902406853643,-0.05595766706889105,-1.0390444043086542
2019-11-19,GC=F/SI=F,7.295260094855319,2.8392539241887076,-1.742454780849095,0.634902406853643,-0.05006948780917497,-0.8072835112807449
2019-11-20,GC=F/SI=F,7.295260094855319,2.8390784858167852,-1.742454780849095,0.634902406853643,-0.05024492618109733,-0.8746717993805655
2019-11-21,GC=F/SI=F,7.288312734697586,2.836150158982343,-1.742454780849095,0.634902406853643,-0.04876235733011569,-0.8439783988987762
2019-11-22,GC=F/SI=F,7.288312734697586,2.8323306375472868,-1.742454780849095,0.634902406853643,-0.05258187876517173,-1.059882255650406
2019-11-25,GC=F/SI=F,7.2838602150228215,2.825596188808177,-1.742454780849095,0.634902406853643,-0.056489412046210496,-1.2396550565930735
2019-11-26,GC=F/SI=F,7.286054752466034,2.8349765349943556,-1.742454780849095,0.634902406853643,-0.04850238296465825,-0.8002533580807781
2019-11-27,GC=F/SI=F,7.281660934980431,2.828023467924471,-1.742454780849095,0.634902406853643,-0.05266580473765714,-0.9907906594411096
2019-11-28,GC=F/SI=F,7.281660934980431,2.828023467924471,-1.742454780849095,0.634902406853643,-0.05266580473765714,-0.9631628360847191
2019-11-29,GC=F/SI=F,7.290019977261799,2.8313881418977487,-1.742454780849095,0.634902406853643,-0.054608306827812036,-1.0325144359645173
2019-12-02,GC=F/SI=F,7.287765851009151,2.823519477191579,-1.5885497427700719,0.6132262176567649,-0.056979868020826,-1.1335141628446215
2019-12-03,GC=F/SI=F,7.298580377318635,2.840539384148289,-1.5885497427700719,0.6132262176567649,-0.046591712128630114,-0.5880691067697554
2019-12-04,GC=F/SI=F,7.295735072749282,2.821200351723426,-1.5885497427700719,0.6132262176567649,-0.06418592919434651,-1.6337330142449096
2019-12-05,GC=F/SI=F,7.297700591962878,2.8297957126853595,-1.5885497427700719,0.6132262176567649,-0.056795876145498525,-1.1308808850301166
2019-12-06,GC=F/SI=F,7.2855750695377015,2.802208256876673,-1.5885497427700719,0.6132262176567649,-0.07694764370028206,-2.30228521307476
2019-12-09,GC=F/SI=F,7.285712181133663,2.805297871728889,-1.5885497427700719,0.6132262176567649,-0.07394210927345402,-2.0232581363573505
2019-12-10,GC=F/SI=F,7.287970936144616,2.809161742925352,-1.5885497427700719,0.6132262176567649,-0.07146336586897117,-1.8000429723741282
2019-12-11,GC=F/SI=F,7.292609449801164,2.818039954159535,-1.5885497427700719,0.6132262176567649,-0.0654296128199423,-1.3883868182311756
2019-12-12,GC=F/SI=F,7.2907702249615625,2.8240538360959446,-1.5885497427700719,0.6132262176567649,-0.058287869991723085,-0.9424930907394545
2019-12-13,GC=F/SI=F,7.296819949177344,2.828023467924471,-1.5885497427700719,0.6132262176567649,-0.05802808766190637,-0.8980937643173583
2019-12-16,GC=F/SI=F,7.29641326877392,2.834330314114686,-1.5885497427700719,0.6132262176567649,-0.05147185438610524,-0.49267332819432047
2019-12-17,GC=F/SI=F,7.296142028999153,2.831918426062809,-1.5885497427700719,0.6132262176567649,-0.05371741109682393,-0.6048898176330183
2019-12-18,GC=F/SI=F,7.294784808355733,2.8304447571120885,-1.5885497427700719,0.6132262176567649,-0.054358796765854756,-0.6209392466070972
2019-12-19,GC=F/SI=F,7.298580377318635,2.8366193349943023,-1.5885497427700719,0.6132262176567649,-0.050511761282616696,-0.3802424040265596
2019-12-20,GC=F/SI=F,7.296209825146347,2.8407145664321396,-1.5885497427700719,0.6132262176567649,-0.04496284510240933,-0.00899344649738583
2019-12-23,GC=F/SI=F,7.301485130871881,2.8566425981377113,-1.5885497427700719,0.6132262176567649,-0.03226976917388935,0.8691241347585066
2019-12-24,GC=F/SI=F,7.3126201907324555,2.876779802658075,-1.5885497427700719,0.6132262176567649,-0.018960875295207735,1.782184811935088
2019-12-25,GC=F/SI=F,7.3126201907324555,2.876779802658075,-1.5885497427700719,0.6132262176567649,-0.018960875295207735,1.737574195140862
2019-12-26,GC=F/SI=F,7.319401278516886,2.8844654108142063,-1.5885497427700719,0.6132262176567649,-0.015433607952720862,1.9007313013456395
2019-12-27,GC=F/SI=F,7.3223783571304,2.881947536395172,-1.5885497427700719,0.6132262176567649,-0.01977710502958807,1.5491278394689036
2019-12-30,GC=F/SI=F,7.322840630467292,2.885247593206779,-1.5885497427700719,0.6132262176567649,-0.01676052634788583,1.6790288685151715
2019-12-31,GC=F/SI=F,7.326136612356848,2.8807702054427464,-1.4452952230472884,0.5930535904236117,-0.01872619340207038,1.500774110547487
2020-01-01,GC=F/SI=F,7.326136612356848,2.8807702054427464,-1.4452952230472884,0.5930535904236117,-0.01872619340207038,1.4541472982993018
2020-01-02,GC=F/SI=F,7.329421766428309,2.8884810607248306,-1.4452952230472884,0.5930535904236117,-0.012963610537160442,1.7467344231053075
2020-01-03,GC=F/SI=F,7.345493916122313,2.8941424617074016,-1.4452952230472884,0.5930535904236117,-0.016833855636443573,1.4556448067867702
2020-01-06,GC=F/SI=F,7.356407551140662,2.8957461854233983,-1.4452952230472884,0.5930535904236117,-0.021702502352651365,1.142541849288493
2020-01-07,GC=F/SI=F,7.359976769497175,2.907774993961764,-1.4452952230472884,0.5930535904236117,-0.011790431575621874,1.6805586822227145
2020-01-08,GC=F/SI=F,7.350773058819053,2.895248698701457,-1.4452952230472884,0.5930535904236117,-0.01885843317304925,1.2325633062923782
2020-01-09,GC=F/SI=F,7.347106351621934,2.882563609622572,-1.4452952230472884,0.5930535904236117,-0.029368968383649552,0.6323442450316358
2020-01-10,GC=F/SI=F,7.350837250661608,2.8922034651870043,-1.4452952230472884,0.5930535904236117,-0.02194173589020476,1.0330851571300275
2020-01-13,GC=F/SI=F,7.344977434470777,2.8862522061323563,-1.4452952230472884,0.5930535904236117,-0.024417809913657607,0.873004652110864
2020-01-14,GC=F/SI=F,7.341094939684901,2.872094621008959,-1.4452952230472884,0.5930535904236117,-0.036272867564489886,0.21604996913317995
2020-01-15,GC=F/SI=F,7.347364115927442,2.886084822979213,-1.4452952230472884,0.5930535904236117,-0.026000623073874074,0.7649693001633643
2020-01-16,GC=F/SI=F,7.3453648404168685,2.883403088580071,-1.4452952230472884,0.5930535904236117,-0.02749667995322369,0.6725573239819835
2020-01-17,GC=F/SI=F,7.351671604788729,2.8910937465485795,-1.4452952230472884,0.5930535904236117,-0.023546271239403005,0.8759557232955953
2020-01-20,GC=F/SI=F,7.351671604788729,2.8910937465485795,-1.4452952230472884,0.5930535904236117,-0.023546271239403005,0.8586709163462007
2020-01-21,GC=F/SI=F,7.350130756796638,2.8764418214170067,-1.4452952230472884,0.5930535904236117,-0.03728439093696956,0.12125056512215669
2020-01-22,GC=F/SI=F,7.349423763445181,2.877567910051544,-1.4452952230472884,0.5930535904236117,-0.035739017356944736,0.21045783459766298
2020-01-23,GC=F/SI=F,7.355385463646952,2.8776804921291217,-1.4452952230472884,0.5930535904236117,-0.0391620429890569,0.0422387842458449
2020-01-24,GC=F/SI=F,7.35953127441408,2.8935333772919454,-1.4452952230472884,0.5930535904236117,-0.025767845786895727,0.775592364564429
2020-01-27,GC=F/SI=F,7.363152786805104,2.8903717578961645,-1.4452952230472884,0.5930535904236117,-0.031077216108936767,0.49699247718568557
2020-01-28,GC=F/SI=F,7.358321183218825,2.8565851666953836,-1.4452952230472884,0.5930535904236117,-0.061998407455370774,-1.1626086063199996
2020-01-29,GC=F/SI=F,7.358703532797392,2.8582502162266112,-1.3497590519210902,0.5796192604043771,-0.05723703106739908,-0.8690475941628523
2020-01-30,GC=F/SI=F,7.367392865978695,2.887701510640789,-1.3497590519210902,0.5796192604043771,-0.03282224152517532,0.49595842041706756
2020-01-31,GC=F/SI=F,7.367013902115322,2.8888149980001634,-1.3497590519210902,0.5796192604043771,-0.03148909941159328,0.5974276504802247
2020-02-03,GC=F/SI=F,7.363406371044731,2.870169015978216,-1.3497590519210902,0.5796192604043771,-0.04804408694251894,-0.3257482844442623
2020-02-04,GC=F/SI=F,7.346268256883446,2.863799595328862,-1.3497590519210902,0.5796192604043771,-0.04447992653698307,-0.11163528181524862
2020-02-05,GC=F/SI=F,7.351029879830131,2.8661359992790194,-1.3497590519210902,0.5796192604043771,-0.044903450957507474,-0.1442655438879335
2020-02-06,GC=F/SI=F,7.3557049830974135,2.8785802638679354,-1.3497590519210902,0.5796192604043771,-0.03516896626668853,0.3909301363327979
2020-02-07,GC=F/SI=F,7.357938765214329,2.871585332638299,-1.3497590519210902,0.5796192604043771,-0.043458640634836065,-0.1065505466912999
2020-02-10,GC=F/SI=F,7.3618200259184725,2.8768360859581477,-1.3497590519210902,0.5796192604043771,-0.04045754077375818,0.04606085477667123
2020-02-11,GC=F/SI=F,7.356024400487805,2.866363630607783,-1.3497590519210902,0.5796192604043771,-0.04757073999842021,-0.3877597779295059
2020-02-12,GC=F/SI=F,7.357173490194917,2.8609429838725413,-1.3497590519210902,0.5796192604043771,-0.0536574212598353,-0.7556820082483549
2020-02-13,GC=F/SI=F,7.362074025807682,2.867898923718522,-1.3497590519210902,0.5796192604043771,-0.04954192624131082,-0.5177175061108703
2020-02-14,GC=F/SI=F,7.366887497488081,2.8744117469309205,-1.3497590519210902,0.5796192604043771,-0.04581908392428247,-0.3044099837850502
2020-02-17,GC=F/SI=F,7.366887497488081,2.8744117469309205,-1.3497590519210902,0.5796192604043771,-0.04581908392428247,-0.30897313263248494
2020-02-18,GC=F/SI=F,7.3777589082278725,2.8976232090575826,-1.3497590519210902,0.5796192604043771,-0.028908900850170838,0.6966994357862577
2020-02-19,GC=F/SI=F,7.382435456111774,2.9064637957856694,-1.3497590519210902,0.5796192604043771,-0.022778931347797737,1.042285008897137
2020-02-20,GC=F/SI=F,7.388080442197639,2.9073927430638715,-1.3497590519210902,0.5796192604043771,-0.025121926729676503,0.870843416685265
2020-02-21,GC=F/SI=F,7.40525245769181,2.9189052184974793,-1.3497590519210902,0.5796192604043771,-0.023562682216452302,0.9360308070978145
2020-02-24,GC=F/SI=F,7.422015014080629,2.93746736703944,-1.3497590519210902,0.5796192604043771,-0.014716434211066165,1.4329906481857757
2020-02-25,GC=F/SI=F,7.4066500267044155,2.900487122686875,-1.3497590519210902,0.5796192604043771,-0.0427908359445075,-0.2644330351158244
2020-02-26,GC=F/SI=F,7.402451520818244,2.880658077692316,-1.3497590519210902,0.5796192604043771,-0.06018634606252071,-1.3010981157049568
2020-02-27,GC=F/SI=F,7.402451520818244,2.8711889920553846,-1.2134503123059723,0.5604587845487541,-0.06412967767751265,-1.5193474135320078
2020-02-28,GC=F/SI=F,7.35506584207118,2.7964882844884174,-1.2134503123059723,0.5604587845487541,-0.1122726653288817,-4.297551580329922
2020-03-02,GC=F/SI=F,7.372934821527534,2.814150494326655,-1.2134503123059723,0.5604587845487541,-0.10462528199787968,-3.3385429140532925
2020-03-03,GC=F/SI=F,7.403731174630206,2.8407729165903417,-1.2134503123059723,0.5604587845487541,-0.09526294636265042,-2.6328450721213295
2020-03-04,GC=F/SI=F,7.403122012808937,2.8441533000751287,-1.2134503123059723,0.5604587845487541,-0.09154115278392183,-2.3128115027127856
2020-03-05,GC=F/SI=F,7.418420904597544,2.8531312504027286,-1.2134503123059723,0.5604587845487541,-0.09113760075310662,-2.2371808411680725
2020-03-06,GC=F/SI=F,7.421057861847419,2.8457230470024824,-1.2134503123059723,0.5604587845487541,-0.10002371000852595,-2.562601916724521
2020-03-09,GC=F/SI=F,7.423269892234259,2.8332721335447624,-1.2134503123059723,0.5604587845487541,-0.11371437532823858,-3.0237062736710003
2020-03-10,GC=F/SI=F,7.414030550934065,2.8276685966298345,-1.2134503123059723,0.5604587845487541,-0.11413964224802875,-2.8306375458351627
2020-03-11,GC=F/SI=F,7.403304830069537,2.81714374582184,-1.2134503123059723,0.5604587845487541,-0.11865316857688057,-2.807798660593353
2020-03-12,GC=F/SI=F,7.371048977425811,2.770148274424554,-1.2134503123059723,0.5604587845487541,-0.14757056400688118,-3.6349908175142907
2020-03-13,GC=F/SI=F,7.32363262522271,2.6711095759838925,-1.2134503123059723,0.5604587845487541,-0.22003435132405613,-5.574221266946591
2020-03-16,GC=F/SI=F,7.30377594469279,2.5472552993440147,-1.2134503123059723,0.5604587845487541,-0.3327597769289614,-7.443428178793122
2020-03-17,GC=F/SI=F,7.329684129131238,2.523245553000807,-1.2134503123059723,0.5604587845487541,-0.3712899928324074,-6.080398121947106
2020-03-18,GC=F/SI=F,7.297971409379836,2.46257580004668,-1.2134503123059723,0.5604587845487541,-0.41418607341992786,-5.400052161816677
2020-03-19,GC=F/SI=F,7.298850956611393,2.4929574980686686,-1.2134503123059723,0.5604587845487541,-0.3842973253702917,-4.018385388494437
2020-03-20,GC=F/SI=F,7.302496423727326,2.5135750862822412,-1.2134503123059723,0.5604587845487541,-0.3657228712256275,-3.3193350840470783
2020-03-23,GC=F/SI=F,7.356918242356021,2.5821090065889547,-1.2134503123059723,0.5604587845487541,-0.32769013724048435,-2.6194109864630564
2020-03-24,GC=F/SI=F,7.414693326609945,2.6552821419977897,-1.2134503123059723,0.5604587845487541,-0.2868975553298059,-2.04374824768443
2020-03-25,GC=F/SI=F,7.397745372073684,2.697124053769659,-1.2134503123059723,0.5604587845487541,-0.23555701355795566,-1.452497591182505
2020-03-26,GC=F/SI=F,7.408591156323254,2.683757531984173,-1.2134503123059723,0.5604587845487541,-0.2550021504014346,-1.5849592472679996
2020-03-27,GC=F/SI=F,7.392585957505257,2.6740107188772027,-0.6347372127904366,0.47907562960076305,-0.2328598403019515,-1.318780578942294
2020-03-30,GC=F/SI=F,7.3914152346753585,2.6443291490226533,-0.6347372127904366,0.47907562960076305,-0.2619805453796791,-1.5431987571650112
2020-03-31,GC=F/SI=F,7.367329728156092,2.6460329130462434,-0.6347372127904366,0.47907562960076305,-0.24873800215611785,-1.3656619206542338
2020-04-01,GC=F/SI=F,7.364040205147811,2.633757570771285,-0.6347372127904366,0.47907562960076305,-0.25943741412479815,-1.4154108416441125
2020-04-02,GC=F/SI=F,7.393693741205039,2.6807474992341356,-0.6347372127904366,0.47907562960076305,-0.2266537721184534,-1.0740307419979274
2020-04-03,GC=F/SI=F,7.398602630144402,2.669725077796079,-0.6347372127904366,0.47907562960076305,-0.24002792261577488,-1.1592026314904271
2020-04-06,GC=F/SI=F,7.424761761823209,2.715422959470744,-0.6347372127904366,0.47907562960076305,-0.20686224341994386,-0.8293305794024857
2020-04-07,GC=F/SI=F,7.417460304409149,2.735795056958392,-0.6347372127904366,0.47907562960076305,-0.18299219562465163,-0.5923530986905204
2020-04-08,GC=F/SI=F,7.417820628461298,2.7178025131961836,-0.6347372127904366,0.47907562960076305,-0.2011573618590039,-0.7328796340041328
2020-04-09,GC=F/SI=F,7.459454067834147,2.772276166246688,-0.6347372127904366,0.47907562960076305,-0.16662927498849234,-0.4026928711606214
2020-04-10,GC=F/SI=F,7.459454067834147,2.772276166246688,-0.6347372127904366,0.47907562960076305,-0.16662927498849234,-0.38453446632352556
2020-04-13,GC=F/SI=F,7.46439524287236,2.739484272506382,-0.6347372127904366,0.47907562960076305,-0.2017883652711978,-0.6821711748215364
2020-04-14,GC=F/SI=F,7.471192300223968,2.777078658842899,-0.6347372127904366,0.47907562960076305,-0.16745028346483481,-0.35092637306019797
2020-04-15,GC=F/SI=F,7.454256850930492,2.7374147805915507,-0.6347372127904366,0.47907562960076305,-0.19900080068333947,-0.6178002424830902
2020-04-16,GC=F/SI=F,7.450312115100504,2.7449605634556216,-0.6347372127904366,0.47907562960076305,-0.18956519101790814,-0.5099000823270735
2020-04-17,GC=F/SI=F,7.432010294153723,2.7237267110308325,-0.6347372127904366,0.47907562960076305,-0.2020310870497779,-0.6028372397790184
2020-04-20,GC=F/SI=F,7.439324249538318,2.7444464005991946,-0.6347372127904366,0.47907562960076305,-0.18481533526216243,-0.42345515610520273
2020-04-21,GC=F/SI=F,7.425477040340435,2.6958426471821233,-0.6347372127904366,0.47907562960076305,-0.2267852282145446,-0.7911589693845269
2020-04-22,GC=F/SI=F,7.455124931683166,2.726348457350208,-0.6347372127904366,0.47907562960076305,-0.2104830002578133,-0.6148922392001426
2020-04-23,GC=F/SI=F,7.4577824131178785,2.7309851445474567,-0.6347372127904366,0.47907562960076305,-0.20711944765205237,-0.5606119586228807
2020-04-24,GC=F/SI=F,7.45211238595692,2.7248417447360813,-0.6347372127904366,0.47907562960076305,-0.21054647563143813,-0.5706128192647169
2020-04-27,GC=F/SI=F,7.445359158042116,2.7213612292151055,0.043112969886794826,0.3838853976026946,-0.17991640135155018,-0.26214603285661214
2020-04-28,GC=F/SI=F,7.444541004417659,2.7187922780096305,0.043112969886794826,0.3838853976026946,-0.18217127532760058,-0.2666504838452345
2020-04-29,GC=F/SI=F,7.440381547039529,2.7186603701490615,0.043112969886794826,0.3838853976026946,-0.1807064282387545,-0.2327668432118878
2020-04-30,GC=F/SI=F,7.429045923604011,2.7012269598787166,0.043112969886794826,0.3838853976026946,-0.19378825819948142,-0.33904774120098896
2020-05-01,GC=F/SI=F,7.435142991047106,2.6988748975202976,0.043112969886794826,0.3838853976026946,-0.19848089571750283,-0.3651976681186349
2020-05-04,GC=F/SI=F,7.442434153073447,2.6893429819282075,0.043112969886794826,0.3838853976026946,-0.2108117819430606,-0.466147060352998
2020-05-05,GC=F/SI=F,7.4409684359498955,2.7118430099816235,0.043112969886794826,0.3838853976026946,-0.1877490864888971,-0.21512219263275623
2020-05-06,GC=F/SI=F,7.429045923604011,2.7071831897159755,0.043112969886794826,0.3838853976026946,-0.18783202836222257,-0.19452382414565542
2020-05-07,GC=F/SI=F,7.451125562582621,2.7448320628440253,0.043112969886794826,0.3838853976026946,-0.15865920622240015,0.12435209544739351
2020-05-08,GC=F/SI=F,7.444190182532612,2.756205228447844,0.043112969886794826,0.3838853976026946,-0.14462364949055795,0.2911054589587478
2020-05-11,GC=F/SI=F,7.435615024105963,2.749575927437323,0.043112969886794826,0.3838853976026946,-0.14796107239895884,0.27609712964801936
2020-05-12,GC=F/SI=F,7.4409684359498955,2.7528323613827537,0.043112969886794826,0.3838853976026946,-0.14675973508776696,0.30829740381301396
2020-05-13,GC=F/SI=F,7.446526768643268,2.751301249915878,0.043112969886794826,0.3838853976026946,-0.15042460931064605,0.28978743941296264
2020-05-14,GC=F/SI=F,7.460547827523025,2.781052780793546,0.043112969886794826,0.3838853976026946,-0.12605555819584424,0.5797428534276993
2020-05-15,GC=F/SI=F,7.469312053078326,2.8359155443503425,0.043112969886794826,0.3838853976026946,-0.07455725285102455,1.1753851424847346
2020-05-18,GC=F/SI=F,7.456916637208714,2.8601416594391385,0.043112969886794826,0.3838853976026946,-0.04557271861267154,1.5238510710141535
2020-05-19,GC=F/SI=F,7.4640512487983175,2.884353696657359,0.043112969886794826,0.3838853976026946,-0.02409955460126678,1.7818765495568363
2020-05-20,GC=F/SI=F,7.467713851352226,2.8904829077585577,0.043112969886794826,0.3838853976026946,-0.01937636313773572,1.8346181054793087
2020-05-21,GC=F/SI=F,7.450370225237535,2.8527275263231786,0.043112969886794826,0.3838853976026946,-0.05047377976620426,1.4794648491949498
2020-05-22,GC=F/SI=F,7.458532104175605,2.871528645043457,0.043112969886794826,0.3838853976026946,-0.03480588718725208,1.6817629982311948
2020-05-25,GC=F/SI=F,7.458532104175605,2.871528645043457,0.043112969886794826,0.3838853976026946,-0.03480588718725208,1.6762782725420804
2020-05-26,GC=F/SI=F,7.441203109425963,2.8659083161224364,0.42395829848553074,0.33041895588782855,-0.016764544328884412,1.8643303828063695
2020-05-27,GC=F/SI=F,7.444424101255096,2.8727734127426303,0.42395829848553074,0.33041895588782855,-0.010963724465795632,1.8956065733591592
2020-05-28,GC=F/SI=F,7.446176642838386,2.8845213697985237,0.42395829848553074,0.33041895588782855,0.00020515962999700932,1.955878792599637
2020-05-29,GC=F/SI=F,7.459857208116079,2.9145222470903573,0.42395829848553074,0.33041895588782855,0.025685718826820025,2.161775251889199
2020-06-01,GC=F/SI=F,7.460375252502772,2.932153273211623,0.42395829848553074,0.33041895588782855,0.043145573262731496,2.2576764253095414
2020-06-02,GC=F/SI=F,7.45309823647081,2.901806175749315,0.42395829848553074,0.33041895588782855,0.01520293983968335,1.8823907677434915
2020-06-03,GC=F/SI=F,7.437088603063512,2.8859731831663815,0.42395829848553074,0.33041895588782855,0.004659833611335706,1.721018798758568
2020-06-04,GC=F/SI=F,7.449439844537417,2.891704212442342,0.42395829848553074,0.33041895588782855,0.006309778575570135,1.687777326178502
2020-06-05,GC=F/SI=F,7.424284576534555,2.8589384675245615,0.42395829848553074,0.33041895588782855,-0.01814418895362646,1.4067006424388582
2020-06-08,GC=F/SI=F,7.437383058461901,2.883011405197818,0.42395829848553074,0.33041895588782855,0.0016007619974813814,1.5564976467317726
2020-06-09,GC=F/SI=F,7.446993388708614,2.8777367247596657,0.42395829848553074,0.33041895588782855,-0.006849353726527507,1.435203011027708
2020-06-10,GC=F/SI=F,7.446176642838386,2.877849180535317,0.42395829848553074,0.33041895588782855,-0.0064670296332098864,1.3959017293736578
2020-06-11,GC=F/SI=F,7.4570320891223805,2.8830673388630674,0.42395829848553074,0.33041895588782855,-0.004835716532312961,1.3624328734025102
2020-06-12,GC=F/SI=F,7.455472009567651,2.860027085271818,0.42395829848553074,0.33041895588782855,-0.027360490265986748,1.1230022352905653
2020-06-15,GC=F/SI=F,7.4502540015864875,2.855262564100567,0.42395829848553074,0.33041895588782855,-0.030400882688287556,1.070390316956819
2020-06-16,GC=F/SI=F,7.455645432769505,2.8697154312396975,0.42395829848553074,0.33041895588782855,-0.017729446611390642,1.177538174708761
2020-06-17,GC=F/SI=F,7.455414124556069,2.876779802658075,0.42395829848553074,0.33041895588782855,-0.010588646574641203,1.2310540458684074
2020-06-18,GC=F/SI=F,7.45286640902412,2.861800802652688,0.42395829848553074,0.33041895588782855,-0.02472583307406273,1.0700434157855625
2020-06-19,GC=F/SI=F,7.465025474974383,2.8809946371570234,0.42395829848553074,0.33041895588782855,-0.009549584445584625,1.2038972966445913
2020-06-22,GC=F/SI=F,7.471192300223968,2.8840741433863535,0.42395829848553074,0.33041895588782855,-0.008507714176364978,1.1831301278041442
2020-06-23,GC=F/SI=F,7.479920549204389,2.8932011178736263,0.42395829848553074,0.33041895588782855,-0.002264718603931737,1.211937704635753
2020-06-24,GC=F/SI=F,7.476359152119608,2.8711889920553846,0.43623508248101617,0.3286954261163057,-0.02249114773012817,0.9633251923981374
2020-06-25,GC=F/SI=F,7.47426154471959,2.883850508482145,0.43623508248101617,0.3286954261163057,-0.009140157345193689,1.0752252200354282
2020-06-26,GC=F/SI=F,7.4801462584062826,2.8916487598022163,0.43623508248101617,0.3286954261163057,-0.003276184497942758,1.1087202868075545
2020-06-29,GC=F/SI=F,7.481443047016657,2.8892600035838703,0.43623508248101617,0.3286954261163057,-0.006091189201158365,1.0469456278061535
2020-06-30,GC=F/SI=F,7.491645473605133,2.9199845158671285,0.43623508248101617,0.3286954261163057,0.02127983212718032,1.320900495258722
2020-07-01,GC=F/SI=F,7.480541075334171,2.8977334506951613,0.43623508248101617,0.3286954261163057,0.0026787318766521295,1.0756929978872545
2020-07-02,GC=F/SI=F,7.486613313139955,2.903836230412771,0.43623508248101617,0.3286954261163057,0.006785594801210326,1.0921604702054808
2020-07-03,GC=F/SI=F,7.486613313139955,2.903836230412771,0.43623508248101617,0.3286954261163057,0.006785594801210326,1.0592213082688524
2020-07-06,GC=F/SI=F,7.4891325586990725,2.917986909261337,0.43623508248101617,0.3286954261163057,0.020108209157230217,1.1762047388172352
2020-07-07,GC=F/SI=F,7.49787253215895,2.924665839045373,0.43623508248101617,0.3286954261163057,0.023914349640626664,1.183756219858634
2020-07-08,GC=F/SI=F,7.504116190854391,2.94869304276112,0.43623508248101617,0.3286954261163057,0.04588929130095121,1.3934999751961064
2020-07-09,GC=F/SI=F,7.495097373506308,2.938209085694099,0.43623508248101617,0.3286954261163057,0.03836977824522325,1.262184950317396
2020-07-10,GC=F/SI=F,7.494541416396782,2.943543831358831,0.43623508248101617,0.3286954261163057,0.04388726446897362,1.2869855172828042
2020-07-13,GC=F/SI=F,7.501634457883413,2.9810753656294584,0.43623508248101617,0.3286954261163057,0.07908734844569176,1.6397468277422207
2020-07-14,GC=F/SI=F,7.5014135475573775,2.9678984936071804,0.43623508248101617,0.3286954261163057,0.06598308863716351,1.4393590998408914
2020-07-15,GC=F/SI=F,7.501855319418856,2.979856897265519,0.43623508248101617,0.3286954261163057,0.07779628390524751,1.5267362822327804
2020-07-16,GC=F/SI=F,7.494819433587583,2.9702605942757403,0.43623508248101617,0.3286954261163057,0.07051264440688465,1.4000634874156614
2020-07-17,GC=F/SI=F,7.50014248339316,2.979856897265519,0.43623508248101617,0.3286954261163057,0.07835928527258096,1.4461839953187825
2020-07-20,GC=F/SI=F,7.504336505010358,3.001913159925653,0.43623508248101617,0.3286954261163057,0.09903699221010909,1.651346596490701
2020-07-21,GC=F/SI=F,7.518824361757703,3.0679133784472254,0.43623508248101617,0.3286954261163057,0.16027511848460074,2.3141468740242117
2020-07-22,GC=F/SI=F,7.53053362877823,3.1390964237943426,0.43623508248101617,0.3286954261163057,0.22760938131889663,2.989475352928071
2020-07-23,GC=F/SI=F,7.543855791239159,3.1331000345464792,0.29938255492377425,0.3478869882418884,0.2093082086773861,2.6081209680198825
2020-07-24,GC=F/SI=F,7.548187127605672,3.127111376363755,0.29938255492377425,0.3478869882418884,0.20181273493105323,2.387302445639523
2020-07-27,GC=F/SI=F,7.565793282428515,3.1976930387426914,0.29938255492377425,0.3478869882418884,0.2662694451341503,2.952240278895073
2020-07-28,GC=F/SI=F,7.572862977402529,3.1890762244415436,0.29938255492377425,0.3478869882418884,0.25519317594070356,2.649459284850992
2020-07-29,GC=F/SI=F,7.577377914495125,3.190188212854443,0.29938255492377425,0.3478869882418884,0.2547344764863584,2.5087919323008054
2020-07-30,GC=F/SI=F,7.571628141977419,3.150168633396023,0.29938255492377425,0.3478869882418884,0.21671516807219948,2.0292982014272023
2020-07-31,GC=F/SI=F,7.582127329092518,3.185897950306973,0.29938255492377425,0.3478869882418884,0.24879195439868917,2.28201279791919
2020-08-03,GC=F/SI=F,7.583756300707112,3.1941731872031642,0.29938255492377425,0.3478869882418884,0.25650049326594804,2.2682072852076414
2020-08-04,GC=F/SI=F,7.601502255214627,3.2585579365703765,0.29938255492377425,0.3478869882418884,0.3147116559660632,2.737996563430108
2020-08-05,GC=F/SI=F,7.616332785177321,3.2912709323730627,0.29938255492377425,0.3478869882418884,0.3422653033659966,2.8368132611540626
2020-08-06,GC=F/SI=F,7.626326511882241,3.3459312632513263,0.29938255492377425,0.3478869882418884,0.3934489467595732,3.1134143202818745
2020-08-07,GC=F/SI=F,7.605939738913655,3.315385319608408,0.29938255492377425,0.3478869882418884,0.36999529616466775,2.691977312721176
2020-08-10,GC=F/SI=F,7.613028651399823,3.3758454038399432,0.29938255492377425,0.3478869882418884,0.4279892399814793,3.0115758513070783
2020-08-11,GC=F/SI=F,7.5666215129324526,3.2595186285300453,0.29938255492377425,0.3478869882418884,0.3278069043059193,2.026885676439918
2020-08-12,GC=F/SI=F,7.567810937159622,3.2563642663397223,0.29938255492377425,0.3478869882418884,0.3242387569034646,1.9179546416745408
2020-08-13,GC=F/SI=F,7.579014634829729,3.321215792048173,0.29938255492377425,0.3478869882418884,0.3851926619722885,2.2980075782894134
2020-08-14,GC=F/SI=F,7.5688956634069955,3.260593438709523,0.29938255492377425,0.3478869882418884,0.3280905671259995,1.7559513471529224
2020-08-17,GC=F/SI=F,7.59337419312129,3.319372518663948,0.29938255492377425,0.3478869882418884,0.3783538851015287,2.0454210292592396
2020-08-18,GC=F/SI=F,7.600602426743775,3.3339529730932544,0.29938255492377425,0.3478869882418884,0.39041973110560013,2.0319474235964496
2020-08-19,GC=F/SI=F,7.580036241931854,3.307436021399488,0.29938255492377425,0.3478869882418884,0.3710574875056789,1.8061422685546429
2020-08-20,GC=F/SI=F,7.5672422832992785,3.3003451971015836,0.29938255492377425,0.3478869882418884,0.36841751494415265,1.7138993553015658
2020-08-21,GC=F/SI=F,7.567655853128751,3.2849257307540407,-0.5907895184562183,0.4726034499230411,0.2992149851913166,1.1880342928403942
2020-08-24,GC=F/SI=F,7.564082836073813,3.2804599615017387,-0.5907895184562183,0.4726034499230411,0.2964378361258122,1.1316412884518408
2020-08-25,GC=F/SI=F,7.555800511170056,3.2678183473384417,-0.5907895184562183,0.4726034499230411,0.287710477285414,1.0383916907429749
2020-08-26,GC=F/SI=F,7.570803986557991,3.311637316075133,-0.5907895184562183,0.4726034499230411,0.32443875179293213,1.2470904351674093
2020-08-27,GC=F/SI=F,7.5609134386206485,3.296207176278491,-0.5907895184562183,0.4726034499230411,0.31368291907310697,1.1363694814084089
2020-08-28,GC=F/SI=F,7.58304392881378,3.31817804804824,-0.5907895184562183,0.4726034499230411,0.32519484482909444,1.1753429965808808
2020-08-31,GC=F/SI=F,7.584569792513143,3.3476911237974947,-0.5907895184562183,0.4726034499230411,0.35398679212991757,1.3230694811313028
2020-09-01,GC=F/SI=F,7.584874673656367,3.3494127406550316,-0.5907895184562183,0.4726034499230411,0.35556432110735026,1.2890986458125122
2020-09-02,GC=F/SI=F,7.5675524924815285,3.305016843347326,-0.5907895184562183,0.4726034499230411,0.3193549463830654,1.0164637007327804
2020-09-03,GC=F/SI=F,7.564030972100654,3.285973591230377,-0.5907895184562183,0.4726034499230411,0.3019759769470922,0.8741156063172675
2020-09-04,GC=F/SI=F,7.562109667512808,3.280008560909133,-0.5907895184562183,0.4726034499230411,0.29691896180241706,0.8139610404233227
2020-09-07,GC=F/SI=F,7.562109667512808,3.280008560909133,-0.5907895184562183,0.4726034499230411,0.29691896180241706,0.7873998590299538
2020-09-08,GC=F/SI=F,7.566828479208331,3.2907871122632137,-0.5907895184562183,0.4726034499230411,0.30546738646965643,0.8166439439900429
2020-09-09,GC=F/SI=F,7.572862977402529,3.294168806073213,-0.5907895184562183,0.4726034499230411,0.3059971556145231,0.7934405577782746
2020-09-10,GC=F/SI=F,7.577736156523995,3.301855757076618,-0.5907895184562183,0.4726034499230411,0.3113810253530307,0.8027958075554633
2020-09-11,GC=F/SI=F,7.569308613148615,3.2861231858004802,-0.5907895184562183,0.4726034499230411,0.29963134015047377,0.6983704627249967
2020-09-14,GC=F/SI=F,7.577173120342685,3.304282585172394,-0.5907895184562183,0.4726034499230411,0.3140739462905251,0.7710735544655898
2020-09-15,GC=F/SI=F,7.5788102380266915,3.308570290438441,-0.5907895184562183,0.4726034499230411,0.3175879440911804,0.7693950058169317
2020-09-16,GC=F/SI=F,7.580801762925312,3.3088993107816025,-0.5907895184562183,0.4726034499230411,0.31697576289664653,0.7398692615262793
2020-09-17,GC=F/SI=F,7.570443252057374,3.295281178688785,-0.5907895184562183,0.4726034499230411,0.30825309877608165,0.653160316393533
2020-09-18,GC=F/SI=F,7.576660982662484,3.296873361173489,-0.5907895184562183,0.4726034499230411,0.30690676032611863,0.6190339946952705
2020-09-21,GC=F/SI=F,7.550240519057062,3.190435188444917,-1.3202739188155665,0.5748249370389749,0.17064257626439083,-0.4026827102458024
2020-09-22,GC=F/SI=F,7.5488720385887165,3.1963029409172408,-1.3202739188155665,0.5748249370389749,0.17729696543577056,-0.3864181765684039
2020-09-23,GC=F/SI=F,7.5282780149476265,3.1361027237491785,-1.3202739188155665,0.5748249370389749,0.12893470661057727,-0.7919579450337795
2020-09-24,GC=F/SI=F,7.532784231600847,3.140611536192154,-1.3202739188155665,0.5748249370389749,0.13085323334958066,-0.8109944582056983
2020-09-25,GC=F/SI=F,7.527094416113176,3.1362330819597197,-1.3202739188155665,0.5748249370389749,0.1297454269466103,-0.8573759457988279
2020-09-28,GC=F/SI=F,7.535189942248959,3.1581911960633944,-1.3202739188155665,0.5748249370389749,0.14705003074898748,-0.7454173294693729
2020-09-29,GC=F/SI=F,7.5466046819105745,3.1937630896300977,-1.3202739188155665,0.5748249370389749,0.17606044730838466,-0.5397748309075383
2020-09-30,GC=F/SI=F,7.54300848112318,3.1541453093894374,-1.3202739188155665,0.5748249370389749,0.1385098529589195,-0.9064970398466646
2020-10-01,GC=F/SI=F,7.5540204864349,3.186063367918617,-1.3202739188155665,0.5748249370389749,0.16409793622811542,-0.7221354238549468
2020-10-02,GC=F/SI=F,7.5497143970763405,3.1768447943995626,-1.3202739188155665,0.5748249370389749,0.15735461025347952,-0.8270145731598424
2020-10-05,GC=F/SI=F,7.556166565700691,3.198754779878093,-1.3202739188155665,0.5748249370389749,0.175555728308753,-0.6991421799949264
2020-10-06,GC=F/SI=F,7.550187932155509,3.1726224755092383,-1.3202739188155665,0.5748249370389749,0.15286009159108627,-0.9599174211089413
2020-10-07,GC=F/SI=F,7.540940105408016,3.1717003384603855,-1.3202739188155665,0.5748249370389749,0.157253835970109,-0.9616204128830236
2020-10-08,GC=F/SI=F,7.5435910799018995,3.1712389908716796,-1.3202739188155665,0.5748249370389749,0.1552686421348648,-1.0291396765090435
2020-10-09,GC=F/SI=F,7.559820014440852,3.2216320328006636,-1.3202739188155665,0.5748249370389749,0.1963328877892856,-0.628658277884523
2020-10-12,GC=F/SI=F,7.5613817013797995,3.2278752020112838,-1.3202739188155665,0.5748249370389749,0.2016783604035508,-0.6124044827525956
2020-10-13,GC=F/SI=F,7.543538142152512,3.181630777210159,-1.3202739188155665,0.5748249370389749,0.16569085841180264,-1.054396601565594
2020-10-14,GC=F/SI=F,7.5502931673969815,3.193106646126207,-1.3202739188155665,0.5748249370389749,0.17328377036700093,-1.0145817582851462
2020-10-15,GC=F/SI=F,7.551291933332944,3.186063367918617,-1.3202739188155665,0.5748249370389749,0.16566637659315475,-1.1516585788997327
2020-10-16,GC=F/SI=F,7.550030154856523,3.1933118114476313,-1.3202739188155665,0.5748249370389749,0.17364012185543576,-1.0916349879287284
2020-10-19,GC=F/SI=F,7.552971938590901,3.205060819125736,-1.3202739188155665,0.5748249370389749,0.18369811888364396,-0.975857627731454
2020-10-20,GC=F/SI=F,7.5550679359778385,3.216352655337846,-1.637144552553174,0.6192450525940635,0.17505876652470054,-1.0655242126967934
2020-10-21,GC=F/SI=F,7.562473420237034,3.2267249597957264,-1.637144552553174,0.6192450525940635,0.18084526149301094,-0.9838150232801679
2020-10-22,GC=F/SI=F,7.550187932155509,3.2053852718041824,-1.637144552553174,0.6192450525940635,0.16711330121465462,-1.1401062988906525
2020-10-23,GC=F/SI=F,7.550661243105336,3.2038434348728226,-1.637144552553174,0.6192450525940635,0.16527836881927715,-1.1316319053342976
2020-10-26,GC=F/SI=F,7.551029183383809,3.193599019148275,-1.637144552553174,0.6192450525940635,0.15480610789763372,-1.225959659568246
2020-10-27,GC=F/SI=F,7.554230076924187,3.1997337413888376,-1.637144552553174,0.6192450525940635,0.15895869264943752,-1.145368217301121
2020-10-28,GC=F/SI=F,7.537003707666839,3.1494828478457277,-1.637144552553174,0.6192450525940635,0.11937514304309804,-1.5780268171729073
2020-10-29,GC=F/SI=F,7.531337983069733,3.1501258111133925,-1.637144552553174,0.6192450525940635,0.12352657823688151,-1.4781403058887737
2020-10-30,GC=F/SI=F,7.537643132907079,3.1619668162465655,-1.637144552553174,0.6192450525940635,0.13146315052741375,-1.3423032298907476
2020-11-02,GC=F/SI=F,7.544543738787458,3.1783038207143677,-1.637144552553174,0.6192450525940635,0.14352698894388993,-1.1651747234824485
2020-11-03,GC=F/SI=F,7.554072872185285,3.1906821030535095,-1.637144552553174,0.6192450525940635,0.15000440257091885,-1.057654498833502
2020-11-04,GC=F/SI=F,7.546763000555304,3.172371060639977,-1.637144552553174,0.6192450525940635,0.13621996199934916,-1.1805138906608317
2020-11-05,GC=F/SI=F,7.573171510904334,3.2256925194027644,-1.637144552553174,0.6192450525940635,0.17318808138212116,-0.7355544406804491
2020-11-06,GC=F/SI=F,7.575738510914745,3.24438761046706,-1.637144552553174,0.6192450525940635,0.19029357038996064,-0.5176743264298844
2020-11-09,GC=F/SI=F,7.524669127194487,3.164841913827367,-1.637144552553174,0.6192450525940635,0.14237233695806495,-1.049849957478485
2020-11-10,GC=F/SI=F,7.536577262003581,3.1964665684007962,-1.637144552553174,0.6192450525940635,0.16662293796533945,-0.7367735905351465
2020-11-11,GC=F/SI=F,7.528708013751791,3.188457830995379,-1.637144552553174,0.6192450525940635,0.16348719360747754,-0.7498075722840644
2020-11-12,GC=F/SI=F,7.535083105467267,3.1900647807056135,-1.637144552553174,0.6192450525940635,0.16114639931307018,-0.7522558845451891
2020-11-13,GC=F/SI=F,7.542054357838977,3.20918909070958,-1.637144552553174,0.6192450525940635,0.1759537957754711,-0.5477482054869329
2020-11-16,GC=F/SI=F,7.54290254111604,3.210278949324103,-1.637144552553174,0.6192450525940635,0.17651842109197968,-0.5166525314903119
2020-11-17,GC=F/SI=F,7.5414178127071905,3.204168205286847,-1.637144552553174,0.6192450525940635,0.17132708777634953,-0.559680093321707
2020-11-18,GC=F/SI=F,7.535563618233742,3.1959347006737095,-1.9140241676360863,0.6580591522085165,0.1511122622815586,-0.8072162856028379
2020-11-19,GC=F/SI=F,7.5289229766318355,3.1794279252655007,-1.9140241676360863,0.6580591522085165,0.13897542185602063,-0.9448395081792065
2020-11-20,GC=F/SI=F,7.535083105467267,3.1924496930841957,-1.9140241676360863,0.6580591522085165,0.14794346051577634,-0.7935264571432613
2020-11-23,GC=F/SI=F,7.5163245096355755,3.1622631676940935,-1.9140241676360863,0.6580591522085165,0.1301012007953002,-1.0110620603551417
2020-11-24,GC=F/SI=F,7.49820508835833,3.1481099461135704,-1.9140241676360863,0.6580591522085165,0.12787163021898973,-1.0141152505596074
2020-11-25,GC=F/SI=F,7.498703580180728,3.1508539489667844,-1.9140241676360863,0.6580591522085165,0.13028759596617334,-0.9514446238310809
2020-11-26,GC=F/SI=F,7.498703580180728,3.1508539489667844,-1.9140241676360863,0.6580591522085165,0.13028759596617334,-0.926083955717133
2020-11-27,GC=F/SI=F,7.48543550343451,3.1158680724670065,-1.9140241676360863,0.6580591522085165,0.10403289880144939,-1.2987123791374964
2020-11-30,GC=F/SI=F,7.48194996286683,3.1150252973477484,-1.9140241676360863,0.6580591522085165,0.10548381555314723,-1.2643571129061042
2020-12-01,GC=F/SI=F,7.503344742489329,3.1794279252655007,-1.9140241676360863,0.6580591522085165,0.15580741293082934,-0.4457896006672666
2020-12-02,GC=F/SI=F,7.509718727374586,3.179094938978324,-1.9140241676360863,0.6580591522085165,0.15127996755387052,-0.49410326718380065
2020-12-03,GC=F/SI=F,7.5157802327085035,3.1816722714362515,-1.9140241676360863,0.6580591522085165,0.14986847095065325,-0.4929307982734792
2020-12-04,GC=F/SI=F,7.515290116764304,3.186476555855404,-1.9140241676360863,0.6580591522085165,0.1549952806525292,-0.3800486422848257
2020-12-07,GC=F/SI=F,7.529299066908689,3.2084617550655365,-1.9140241676360863,0.6580591522085165,0.1677617620073164,-0.1245457060609299
2020-12-08,GC=F/SI=F,7.534121451951862,3.2061552610769857,-1.9140241676360863,0.6580591522085165,0.1622818534056325,-0.19223855733520007
2020-12-09,GC=F/SI=F,7.514581739767988,3.175132914673135,-1.9140241676360863,0.6580591522085165,0.1441177934358997,-0.5182512195240577
2020-12-10,GC=F/SI=F,7.514036513205595,3.1793446692455327,-1.9140241676360863,0.6580591522085165,0.1486883393377072,-0.39978316915049156
2020-12-11,GC=F/SI=F,7.517412175582966,3.179386258438444,-1.9140241676360863,0.6580591522085165,0.14650854300842475,-0.42433318356283894
2020-12-14,GC=F/SI=F,7.511360584179584,3.1774286604012465,-1.9140241676360863,0.6580591522085165,0.14853325007964902,-0.3526170223881188
2020-12-15,GC=F/SI=F,7.524183415489485,3.201973761341872,-1.9140241676360863,0.6580591522085165,0.16464016951956673,0.1466253357952019
2020-12-16,GC=F/SI=F,7.526232778051633,3.2182756692248877,-1.9140241676360863,0.6580591522085165,0.17959347561236783,0.7923139091323418
2020-12-17,GC=F/SI=F,7.542849502220148,3.261935328944346,-2.1261129352796377,0.6878133349794177,0.1999757928541035,2.1556507115551278
2020-12-18,GC=F/SI=F,7.542054357838977,3.25613305029074,-2.1261129352796377,0.6878133349794177,0.19472042510910104,1.8203280894110299
2020-12-21,GC=F/SI=F,7.538601407361239,3.268732082574288,-2.1261129352796377,0.6878133349794177,0.20969444277626081,2.463327499568372
2020-12-22,GC=F/SI=F,7.531873860052217,3.236086862198492,-2.1261129352796377,0.6878133349794177,0.18167651915131522,1.0794679832434972
2020-12-23,GC=F/SI=F,7.536203899557312,3.251304269043363,-2.1261129352796377,0.6878133349794177,0.1939156670835942,1.5918098410449466
2020-12-24,GC=F/SI=F,7.53897387590681,3.2508007895759636,-2.1261129352796377,0.6878133349794177,0.19150696094543207,1.4298989847971662
2020-12-25,GC=F/SI=F,7.53897387590681,3.2508007895759636,-2.1261129352796377,0.6878133349794177,0.19150696094543207,1.3799366301577662
2020-12-28,GC=F/SI=F,7.537536557909116,3.2756341240863804,-2.1261129352796377,0.6878133349794177,0.21732890194126853,2.4699877699969894
2020-12-29,GC=F/SI=F,7.538867442645997,3.2633902128557395,-2.1261129352796377,0.6878133349794177,0.20416959044128014,1.77641109656305
2020-12-30,GC=F/SI=F,7.544861068658458,3.276691833080605,-2.1261129352796377,0.6878133349794177,0.2133487147698956,2.0801181268544555
2020-12-31,GC=F/SI=F,7.545970963119523,3.270784957420527,-2.1261129352796377,0.6878133349794177,0.2066784388990781,1.716228112443314
2021-01-01,GC=F/SI=F,7.545970963119523,3.270784957420527,-2.1261129352796377,0.6878133349794177,0.2066784388990781,1.6613499623675931
2021-01-04,GC=F/SI=F,7.572862977402529,3.306300464333175,-2.1261129352796377,0.6878133349794177,0.2236972597834166,2.2374048026052282
2021-01-05,GC=F/SI=F,7.57696828424101,3.316764464694885,-2.1261129352796377,0.6878133349794177,0.23133757535743715,2.3938718355307445
2021-01-06,GC=F/SI=F,7.553234178643592,3.2948363498309763,-2.1261129352796377,0.6878133349794177,0.22573409481724305,2.0578161619610973
2021-01-07,GC=F/SI=F,7.556062010602644,3.3032170013511957,-2.1261129352796377,0.6878133349794177,0.23216972580694506,2.210022396236358
2021-01-08,GC=F/SI=F,7.514309163645792,3.202014497587837,-2.1261129352796377,0.6878133349794177,0.15968538695386414,-0.2584371881842974
2021-01-11,GC=F/SI=F,7.522724665278414,3.2283904299327952,-2.1261129352796377,0.6878133349794177,0.1802730250553637,0.42413853196324747
2021-01-12,GC=F/SI=F,7.519095710085624,3.2341190849379315,-2.1261129352796377,0.6878133349794177,0.18849772383414365,0.6910676479520597
2021-01-13,GC=F/SI=F,7.5248849599470065,3.2394624764140367,-2.1261129352796377,0.6878133349794177,0.18985919205606194,0.7212960420524946
2021-01-14,GC=F/SI=F,7.523103093476972,3.248279286498104,-2.1261129352796377,0.6878133349794177,0.199901593659372,1.0385720399310143
2021-01-15,GC=F/SI=F,7.5116886856894975,3.211851240663943,-2.419652299775716,0.7289659270066438,0.15573843429069711,-0.4116598789093514
2021-01-18,GC=F/SI=F,7.5116886856894975,3.211851240663943,-2.419652299775716,0.7289659270066438,0.15573843429069711,-0.40131757674275625
2021-01-19,GC=F/SI=F,7.5172490745448295,3.2299739849751643,-2.419652299775716,0.7289659270066438,0.16980784458547404,0.06839757795454499
2021-01-20,GC=F/SI=F,7.53149880248754,3.2478130457086025,-2.419652299775716,0.7289659270066438,0.17725933917956205,0.30895272866682716
2021-01-21,GC=F/SI=F,7.531177203227606,3.2512268612529542,-2.419652299775716,0.7289659270066438,0.18090758962655595,0.42094067830764
2021-01-22,GC=F/SI=F,7.526017236037783,3.239619192582134,-2.419652299775716,0.7289659270066438,0.17306136122158922,0.15293176920500642
2021-01-25,GC=F/SI=F,7.525586078394562,3.2369121843570907,-2.419652299775716,0.7289659270066438,0.17066865222762218,0.06806193113748454
2021-01-26,GC=F/SI=F,7.523319198500104,3.239815034582874,-2.419652299775716,0.7289659270066438,0.17522398065708167,0.19362622060750279
2021-01-27,GC=F/SI=F,7.520180367696991,3.2338038238053533,-2.419652299775716,0.7289659270066438,0.17150087058566932,0.04373638288558003
2021-01-28,GC=F/SI=F,7.516378907755101,3.2545904140045767,-2.419652299775716,0.7289659270066438,0.1950585955554116,0.8304950843051663
2021-01-29,GC=F/SI=F,7.521480418996749,3.2921262724267626,-2.419652299775716,0.7289659270066438,0.22887562610619394,1.965986329593576
2021-02-01,GC=F/SI=F,7.528761808004793,3.3809266692147575,-2.419652299775716,0.7289659270066438,0.31236813840604416,4.673008697480552
2021-02-02,GC=F/SI=F,7.512344432560291,3.2727577953123244,-2.419652299775716,0.7289659270066438,0.21616697181352862,1.1804876643122426
2021-02-03,GC=F/SI=F,7.5132726829311105,3.2913081177758663,-2.419652299775716,0.7289659270066438,0.23404063138501208,1.6639056666217358
2021-02-04,GC=F/SI=F,7.489356198444698,3.2666368719736605,-2.419652299775716,0.7289659270066438,0.22680368786718308,1.4060076773859842
2021-02-05,GC=F/SI=F,7.501579251729026,3.2963552478791827,-2.419652299775716,0.7289659270066438,0.24761187440444488,1.9421531746977096
2021-02-08,GC=F/SI=F,7.513108971918594,3.3167282139665804,-2.419652299775716,0.7289659270066438,0.259580067325726,2.1799720704075987
2021-02-09,GC=F/SI=F,7.514963261469409,3.31039701399383,-2.419652299775716,0.7289659270066438,0.2518971534516279,1.8629853793982833
2021-02-10,GC=F/SI=F,7.517846871140569,3.298573835783363,-2.419652299775716,0.7289659270066438,0.2379719220440979,1.422738918061588
2021-02-11,GC=F/SI=F,7.509280483373071,3.297391206165415,-2.419652299775716,0.7289659270066438,0.24303389722618274,1.5041375889509363
2021-02-12,GC=F/SI=F,7.507470501346992,3.3077288366618216,-2.419652299775716,0.7289659270066438,0.2546909429480957,1.7422781849145483
2021-02-15,GC=F/SI=F,7.507470501346992,3.3077288366618216,-2.684248678192622,0.7660882966385533,0.24059222641334088,1.3280442532922518
2021-02-16,GC=F/SI=F,7.493985150027005,3.307582439748252,-2.684248678192622,0.7660882966385533,0.25077679932207264,1.5295444436806422
2021-02-17,GC=F/SI=F,7.479356087677898,3.3073993610894825,-2.684248678192622,0.7660882966385533,0.26180087411974995,1.741065397900944
2021-02-18,GC=F/SI=F,7.480653900712717,3.298684646643885,-2.684248678192622,0.7660882966385533,0.2520919202969525,1.4424627855103758
2021-02-19,GC=F/SI=F,7.482006332094636,3.305126942586888,-2.684248678192622,0.7660882966385533,0.25749813438626035,1.525980582384629
2021-02-22,GC=F/SI=F,7.499257228753742,3.3351644175778707,-2.684248678192622,0.7660882966385533,0.2743198993401803,1.8780839993234604
2021-02-23,GC=F/SI=F,7.497983419064535,3.3209269000269606,-2.684248678192622,0.7660882966385533,0.2610582324843165,1.497871724304409
2021-02-24,GC=F/SI=F,7.493539954804132,3.3270842938885026,-2.684248678192622,0.7660882966385533,0.27061971231228554,1.6790619293960307
2021-02-25,GC=F/SI=F,7.481217630355155,3.3191554231880107,-2.684248678192622,0.7660882966385533,0.2721308301595382,1.686424726105698
2021-02-26,GC=F/SI=F,7.454777803932255,3.273439781040906,-2.684248678192622,0.7660882966385533,0.24667042960017138,1.0338563318707792
2021-03-01,GC=F/SI=F,7.451532002887814,3.2826765498685324,-2.684248678192622,0.7660882966385533,0.25839376862116126,1.2918320574777484
2021-03-02,GC=F/SI=F,7.4576669773683975,3.2902658351623124,-2.684248678192622,0.7660882966385533,0.26128312176519053,1.3242236322153977
2021-03-03,GC=F/SI=F,7.447343299882009,3.271733907671709,-2.684248678192622,0.7660882966385533,0.2506600427751806,1.020778922669316
2021-03-04,GC=F/SI=F,7.438501141464211,3.236086862198492,-2.684248678192622,0.7660882966385533,0.22178687138286257,0.26717195700508406
2021-03-05,GC=F/SI=F,7.437206366871292,3.2291033438153547,-2.684248678192622,0.7660882966385533,0.2157952646621446,0.09655598658669488
2021-03-08,GC=F/SI=F,7.425179057672149,3.228430028604794,-2.684248678192622,0.7660882966385533,0.22433593026910081,0.29475754867989706
2021-03-09,GC=F/SI=F,7.448100855061783,3.263772733177555,-2.684248678192622,0.7660882966385533,0.2421185141237432,0.7359580527390006
2021-03-10,GC=F/SI=F,7.450951282778578,3.2620119122699283,-2.684248678192622,0.7660882966385533,0.2381740139018662,0.6057721358510254
2021-03-11,GC=F/SI=F,7.451415914192235,3.2643080013454604,-2.684248678192622,0.7660882966385533,0.24011415428914518,0.6351703115093161
2021-03-12,GC=F/SI=F,7.449788829872321,3.2534704372048244,-2.684248678192622,0.7660882966385533,0.23052308040363823,0.3402400542740345
2021-03-15,GC=F/SI=F,7.455240661231884,3.2677802781025567,-2.684248678192622,0.7660882966385533,0.2406563371015631,0.6083516830973412
2021-03-16,GC=F/SI=F,7.456223434065357,3.2570960735231997,-2.932863990296198,0.8010366715262298,0.21725166203980972,-0.09444727748319343
2021-03-17,GC=F/SI=F,7.454025291957976,3.2592497453854787,-2.932863990296198,0.8010366715262298,0.22116612633932586,0.011291205501923751
2021-03-18,GC=F/SI=F,7.457147527708441,3.2703670671920624,-2.932863990296198,0.8010366715262298,0.2297824228126366,0.25116782277104566
2021-03-19,GC=F/SI=F,7.462444680414305,3.269264703437026,-2.932863990296198,0.8010366715262298,0.22443684548552945,0.08546993042927506
2021-03-22,GC=F/SI=F,7.460375252502772,3.2480850212203296,-2.932863990296198,0.8010366715262298,0.2049148509150518,-0.5115664361892442
2021-03-23,GC=F/SI=F,7.452808372986271,3.226844024792752,-2.932863990296198,0.8010366715262298,0.18973520246921183,-0.96955094772448
2021-03-24,GC=F/SI=F,7.457551598734758,3.2268836847464977,-2.932863990296198,0.8010366715262298,0.1859753646570912,-1.079551956756771
2021-03-25,GC=F/SI=F,7.4529243709244835,3.2197554122829812,-2.932863990296198,0.8010366715262298,0.18255367135711076,-1.1754216533120314
2021-03-26,GC=F/SI=F,7.457147527708441,3.2225490325314468,-2.932863990296198,0.8010366715262298,0.18196438815202143,-1.1639818650925202
2021-03-29,GC=F/SI=F,7.445475951951054,3.2087042590646493,-2.932863990296198,0.8010366715262298,0.17746897488138824,-1.274239494477584
2021-03-30,GC=F/SI=F,7.428867825114786,3.183082842388664,-2.932863990296198,0.8010366715262298,0.16515127684661302,-1.5955368234790324
2021-03-31,GC=F/SI=F,7.446468434726164,3.1993667625708615,-2.932863990296198,0.8010366715262298,0.16733646328887808,-1.485943884524229
2021-04-01,GC=F/SI=F,7.453851516830047,3.216272417580094,-2.932863990296198,0.8010366715262298,0.1783279987840114,-1.1402857805299695
2021-04-02,GC=F/SI=F,7.453851516830047,3.216272417580094,-2.932863990296198,0.8010366715262298,0.1783279987840114,-1.1091113541500552
2021-04-05,GC=F/SI=F,7.454141078146678,3.209350623361307,-2.932863990296198,0.8010366715262298,0.1711742553319482,-1.2711934155969296
2021-04-06,GC=F/SI=F,7.462502089806056,3.2273200674143285,-2.932863990296198,0.8010366715262298,0.18244622243475028,-0.9297757754026309
2021-04-07,GC=F/SI=F,7.461697847791268,3.2281526537871073,-2.932863990296198,0.8010366715262298,0.18392303615415528,-0.8642526551922456
2021-04-08,GC=F/SI=F,7.471249279108998,3.241380689756576,-2.932863990296198,0.8010366715262298,0.18950002537255806,-0.7347788617351553
2021-04-09,GC=F/SI=F,7.46353517575819,3.2312391164056113,-2.932863990296198,0.8010366715262298,0.18553773169353427,-0.8488660404618485
2021-04-12,GC=F/SI=F,7.456570060447376,3.212978495388506,-2.932863990296198,0.8010366715262298,0.1728564234617993,-1.1905583508156676
2021-04-13,GC=F/SI=F,7.465197249414203,3.2354182342834568,-2.932863990296198,0.8010366715262298,0.18838546762213593,-0.7568071193911747
2021-04-14,GC=F/SI=F,7.458705067904599,3.2392664905946504,-3.106645894219058,0.8254791020098847,0.18890722320324294,-0.7356360958009182
2021-04-15,GC=F/SI=F,7.4761325864153285,3.256402772656196,-3.106645894219058,0.8254791020098847,0.19165745293429115,-0.6877770613578184
2021-04-16,GC=F/SI=F,7.483806687665835,3.2618970350820655,-3.106645894219058,0.8254791020098847,0.19081690515115923,-0.7403367403453087
2021-04-19,GC=F/SI=F,7.4783957988472185,3.2515752968118536,-3.106645894219058,0.8254791020098847,0.1849617425240151,-0.9217029799903514
2021-04-20,GC=F/SI=F,7.482850665239149,3.2517301263016654,-3.106645894219058,0.8254791020098847,0.18143917290504152,-1.0278994369155334
2021-04-21,GC=F/SI=F,7.491255017480828,3.279594580006713,-3.106645894219058,0.8254791020098847,0.20236600946865302,-0.4376945662748663
2021-04-22,GC=F/SI=F,7.485042546034497,3.264766543471638,-3.106645894219058,0.8254791020098847,0.19266623828435758,-0.7330578313981951
2021-04-23,GC=F/SI=F,7.482681828154651,3.2610536868939115,-3.106645894219058,0.8254791020098847,0.19090210498218507,-0.8019996048353987
2021-04-26,GC=F/SI=F,7.4839190766123975,3.2661791868664785,-3.106645894219058,0.8254791020098847,0.1950062822088885,-0.6959776554494825
2021-04-27,GC=F/SI=F,7.48324441607385,3.2738184771743635,-3.106645894219058,0.8254791020098847,0.2032024906922949,-0.4739268408124158
2021-04-28,GC=F/SI=F,7.480541075334171,3.2612070558944315,-3.106645894219058,0.8254791020098847,0.19282262069858103,-0.7849712872870631
2021-04-29,GC=F/SI=F,7.477660788875966,3.260132905388876,-3.106645894219058,0.8254791020098847,0.19412608647207552,-0.7266044964826399
2021-04-30,GC=F/SI=F,7.477208264824408,3.2524266731682485,-3.106645894219058,0.8254791020098847,0.1867934033991654,-0.9433494422136196
2021-05-03,GC=F/SI=F,7.490752729669577,3.2937235528063904,-3.106645894219058,0.8254791020098847,0.21690961035971323,0.0120109054260669
2021-05-04,GC=F/SI=F,7.482006332094636,3.2786153325453005,-3.106645894219058,0.8254791020098847,0.20902135851460635,-0.22481635557924856
2021-05-05,GC=F/SI=F,7.4866693516964125,3.277220232357719,-3.106645894219058,0.8254791020098847,0.20377703309349648,-0.3793188907297684
2021-05-06,GC=F/SI=F,7.504116190854391,3.3128032270101304,-3.106645894219058,0.8254791020098847,0.2249580266248694,0.30345627553180976
2021-05-07,GC=F/SI=F,7.5126721448146645,3.3128032270101304,-3.106645894219058,0.8254791020098847,0.2178952654329045,0.10091208143920391
2021-05-10,GC=F/SI=F,7.516161231086992,3.313422079921855,-3.106645894219058,0.8254791020098847,0.2156339505417133,0.04668056126467509
2021-05-11,GC=F/SI=F,7.515290116764304,3.3198788455882546,-3.106645894219058,0.8254791020098847,0.22280980287695318,0.29037725169279277
2021-05-12,GC=F/SI=F,7.508019318666842,3.304356063273029,-3.106645894219058,0.8254791020098847,0.2132889124461146,-0.007118217272626378
2021-05-13,GC=F/SI=F,7.508677542272306,3.2974651923614866,-3.3052877221692243,0.8533721618269304,0.195056527820471,-0.5878423460969897
2021-05-14,GC=F/SI=F,7.516378907755101,3.3088262354960363,-3.3052877221692243,0.8533721618269304,0.19984544004394778,-0.4075035269639943
2021-05-17,GC=F/SI=F,7.5323559170069725,3.341447385355526,-3.3052877221692243,0.8533721618269304,0.218832254978639,0.25239018987673156
2021-05-18,GC=F/SI=F,7.532516572817669,3.343356352870991,-3.3052877221692243,0.8533721618269304,0.22060412329761991,0.3427839693168109
2021-05-19,GC=F/SI=F,7.539718332171544,3.332490162949923,-3.3052877221692243,0.8533721618269304,0.2035921524277784,-0.22869883908734415
2021-05-20,GC=F/SI=F,7.539984070520228,3.334059932306504,-3.3052877221692243,0.8533721618269304,0.20493514807526214,-0.15534999398956942
2021-05-21,GC=F/SI=F,7.537270168279149,3.313203688640033,-3.3052877221692243,0.8533721618269304,0.18639487303124813,-0.8154813049520453
2021-05-24,GC=F/SI=F,7.54147086281815,3.3281605992297782,-3.3052877221692243,0.8533721618269304,0.19776702784107236,-0.35524274929059574
2021-05-25,GC=F/SI=F,7.548608651958579,3.3335250898304998,-3.3052877221692243,0.8533721618269304,0.1970403278923598,-0.35637657574607684
2021-05-26,GC=F/SI=F,7.5502931673969815,3.326940703509085,-3.3052877221692243,0.8533721618269304,0.18901842298964588,-0.6735033410529233
2021-05-27,GC=F/SI=F,7.547343416690213,3.32930748304188,-3.3052877221692243,0.8533721618269304,0.19390243765992565,-0.4339493779940726
2021-05-28,GC=F/SI=F,7.550924089735841,3.3319544800101806,-3.3052877221692243,0.8533721618269304,0.19349378793048277,-0.4271365150533489
2021-05-31,GC=F/SI=F,7.550924089735841,3.3319544800101806,-3.3052877221692243,0.8533721618269304,0.19349378793048277,-0.40181500264026615
2021-06-01,GC=F/SI=F,7.551134330137885,3.3351644175778707,-3.3052877221692243,0.8533721618269304,0.19652431219177835,-0.2178741734279737
2021-06-02,GC=F/SI=F,7.553548763158612,3.3388254300027898,-3.3052877221692243,0.8533721618269304,0.19812491469021332,-0.11514710099212656
2021-06-03,GC=F/SI=F,7.534335189175417,3.3127303669994257,-3.3052877221692243,0.8533721618269304,0.18842618085330987,-0.6116044582864038
2021-06-04,GC=F/SI=F,7.544226308186246,3.3278737068441946,-3.3052877221692243,0.8533721618269304,0.1951287150849197,-0.2311989311074265
2021-06-07,GC=F/SI=F,7.547923560493564,3.3322402042054358,-3.3052877221692243,0.8533721618269304,0.19634008025184535,-0.1327264132416502
2021-06-08,GC=F/SI=F,7.545495426465394,3.321973788377375,-3.3052877221692243,0.8533721618269304,0.18814576640860992,-0.5744436151109479
2021-06-09,GC=F/SI=F,7.5460237722407735,3.3316686741532764,-3.3052877221692243,0.8533721618269304,0.1973897766079835,0.009200468996153274
2021-06-10,GC=F/SI=F,7.546551839014298,3.332740059230649,-3.3052877221692243,0.8533721618269304,0.1980105242012451,0.0817169889601118
2021-06-11,GC=F/SI=F,7.537643132907079,3.3368721895478437,-3.5233151557878255,0.8839255050810129,0.19747233196035108,0.0967063520598151
2021-06-14,GC=F/SI=F,7.530479995245536,3.3330612918845763,-3.5233151557878255,0.8839255050810129,0.19999311437252754,0.2924110284111024
2021-06-15,GC=F/SI=F,7.525370396929645,3.320674033800734,-3.5233151557878255,0.8839255050810129,0.19212236056082066,-0.22896571579097036
2021-06-16,GC=F/SI=F,7.528062913365125,3.3250359932527256,-3.5233151557878255,0.8839255050810129,0.194104336062642,-0.050407646957282844
2021-06-17,GC=F/SI=F,7.480879444469765,3.252078460382148,-3.5233151557878255,0.8839255050810129,0.1628534747668695,-2.416305826614384
2021-06-18,GC=F/SI=F,7.4775476943216175,3.25647985431948,-3.5233151557878255,0.8839255050810129,0.17019988763670657,-1.732039666210613
2021-06-21,GC=F/SI=F,7.485379395690362,3.2586732712807422,-3.5233151557878255,0.8839255050810129,0.16547066400995725,-2.0123314496700497
2021-06-22,GC=F/SI=F,7.48228785569451,3.2522332119930226,-3.5233151557878255,0.8839255050810129,0.1617632957745494,-2.1916184873497273
2021-06-23,GC=F/SI=F,7.485659971425936,3.2622417731751367,-3.5233151557878255,0.8839255050810129,0.16879115785557097,-1.6210194979049404
2021-06-24,GC=F/SI=F,7.481893659210127,3.259902632397215,-3.5233151557878255,0.8839255050810129,0.16978115650530157,-1.5143565319359864
2021-06-25,GC=F/SI=F,7.482456690593586,3.261245449316217,-3.5233151557878255,0.8839255050810129,0.1706262956243032,-1.4349705555766101
2021-06-28,GC=F/SI=F,7.484143885213038,3.266446213489528,-3.5233151557878255,0.8839255050810129,0.17433570544144494,-1.2070520750259834
2021-06-29,GC=F/SI=F,7.474658760667017,3.2531612928084903,-3.5233151557878255,0.8839255050810129,0.1694349282655052,-1.5584535779982103
2021-06-30,GC=F/SI=F,7.479186728432034,3.264422674814705,-3.5233151557878255,0.8839255050810129,0.17669392407803652,-1.0466878658666607
2021-07-01,GC=F/SI=F,7.48206262940798,3.260977030146259,-3.5233151557878255,0.8839255050810129,0.17070619718686508,-1.4415155592886382
2021-07-02,GC=F/SI=F,7.485828238000856,3.2764275287029783,-3.5233151557878255,0.8839255050810129,0.18282817826618825,-0.6340761023536841
2021-07-05,GC=F/SI=F,7.485828238000856,3.2764275287029783,-3.5233151557878255,0.8839255050810129,0.18282817826618825,-0.6346473746031107
2021-07-06,GC=F/SI=F,7.491924296972337,3.2640021168137925,-3.5233151557878255,0.8839255050810129,0.16501430437163211,-1.8168634627922284
2021-07-07,GC=F/SI=F,7.496374930188148,3.262318406087198,-3.5233151557878255,0.8839255050810129,0.15939656543182235,-2.1102069470714087
2021-07-08,GC=F/SI=F,7.495319683400634,3.2568264646640896,-3.5233151557878255,0.8839255050810129,0.15483738355835186,-2.301435607894374
2021-07-09,GC=F/SI=F,7.501082124259871,3.2661791868664785,-3.5233151557878255,0.8839255050810129,0.15909653731374096,-1.95588855760198
2021-07-12,GC=F/SI=F,7.498592840717513,3.266408019228346,-3.6796404909709186,0.9058734545277713,0.15327230948127646,-2.2158159319700896
2021-07-13,GC=F/SI=F,7.500750591084547,3.26250985312388,-3.6796404909709186,0.9058734545277713,0.1474194945978171,-2.434986613619061
2021-07-14,GC=F/SI=F,7.508951657559576,3.267513607520235,-3.6796404909709186,0.9058734545277713,0.14499412057562644,-2.4218288755378525
2021-07-15,GC=F/SI=F,7.511196559810282,3.2724165917962305,-3.6796404909709186,0.9058734545277713,0.1478635074946979,-2.129497236199001
2021-07-16,GC=F/SI=F,7.503565226653125,3.249482638035803,-3.6796404909709186,0.9058734545277713,0.1318425758639954,-2.8326013512916224
2021-07-19,GC=F/SI=F,7.500363607167215,3.2239031447197566,-3.6796404909709186,0.9058734545277713,0.1091633446517335,-3.70613724498766
2021-07-20,GC=F/SI=F,7.501579251729026,3.2179553726955192,-3.6796404909709186,0.9058734545277713,0.10211435248881173,-3.61124474270741
2021-07-21,GC=F/SI=F,7.497151772089706,3.2283508296926793,-3.6796404909709186,0.9058734545277713,0.11652054576169313,-2.667933474803771
2021-07-22,GC=F/SI=F,7.498315870766981,3.2333702619951232,-3.6796404909709186,0.9058734545277713,0.12048545197394223,-2.3389518366378015
2021-07-23,GC=F/SI=F,7.496319432902469,3.227558041588068,-3.6796404909709186,0.9058734545277713,0.11648175163196317,-2.3481780551424656
2021-07-26,GC=F/SI=F,7.494819433587583,3.2306067507600664,-3.6796404909709186,0.9058734545277713,0.12088927036512676,-2.063062332688209
2021-07-27,GC=F/SI=F,7.495264127519086,3.2040464093832592,-3.6796404909709186,0.9058734545277713,0.09392609256038131,-2.862081840533947
2021-07-28,GC=F/SI=F,7.495264127519086,3.2130992083101115,-3.6796404909709186,0.9058734545277713,0.1029788914872336,-2.3627928292438773
2021-07-29,GC=F/SI=F,7.512726741973806,3.2489781663156347,-3.6796404909709186,0.9058734545277713,0.1230389306115729,-1.6204058557037893
2021-07-30,GC=F/SI=F,7.502517544151597,3.2397758841941218,-3.6796404909709186,0.9058734545277713,0.12308488978922227,-1.5611791555963896
2021-08-02,GC=F/SI=F,7.505547265296888,3.240911220682249,-3.6796404909709186,0.9058734545277713,0.12147568231720829,-1.5522373142808477
2021-08-03,GC=F/SI=F,7.5011373578648195,3.241263343148991,-3.6796404909709186,0.9058734545277713,0.1258226228635868,-1.3679416450872348
2021-08-04,GC=F/SI=F,7.501358329205696,3.2365585261398984,-3.6796404909709186,0.9058734545277713,0.12091763378258147,-1.472814060402824
2021-08-05,GC=F/SI=F,7.498371257369368,3.2298949082531974,-3.6796404909709186,0.9058734545277713,0.11695992497917818,-1.5423018314744992
2021-08-06,GC=F/SI=F,7.473069088032197,3.19097006691172,-3.6796404909709186,0.9058734545277713,0.10095564718221084,-1.960309260573853
2021-08-09,GC=F/SI=F,7.452054376971886,3.1465201265877605,-3.6796404909709186,0.9058734545277713,0.07554237576235856,-2.6260136051662597
2021-08-10,GC=F/SI=F,7.455182833436616,3.1517526676064085,-3.784026812531053,0.9205263261830996,0.07308741545074238,-2.5383863402368156
2021-08-11,GC=F/SI=F,7.4675996261753665,3.155893465329722,-3.784026812531053,0.9205263261830996,0.06579822857127748,-2.5766112556223693
2021-08-12,GC=F/SI=F,7.466799475018602,3.1400490245099086,-3.784026812531053,0.9205263261830996,0.05069034795619043,-2.805495072666614
2021-08-13,GC=F/SI=F,7.481668344112681,3.1683401233945645,-3.784026812531053,0.9205263261830996,0.0652942613991776,-2.26677455257909
2021-08-16,GC=F/SI=F,7.488237567547419,3.1688449201375515,-3.784026812531053,0.9205263261830996,0.059751915027909774,-2.2981300465004217
2021-08-17,GC=F/SI=F,7.487173694213739,3.163278575092376,-3.784026812531053,0.9205263261830996,0.05516489339410935,-2.287171097359079
2021-08-18,GC=F/SI=F,7.48526710223971,3.1532487394542574,-3.784026812531053,0.9205263261830996,0.04689012586137409,-2.3604679056632376
2021-08-19,GC=F/SI=F,7.484480969096381,3.145013946698448,-3.784026812531053,0.9205263261830996,0.03937898935988393,-2.392641964242812
2021-08-20,GC=F/SI=F,7.484930283289661,3.1400490245099086,-3.784026812531053,0.9205263261830996,0.034000461627702094,-2.3748494799742765
2021-08-23,GC=F/SI=F,7.497318116206915,3.163320837843292,-3.784026812531053,0.9205263261830996,0.04586894863639657,-1.9991052142706156
2021-08-24,GC=F/SI=F,7.498648211982024,3.173459935789306,-3.784026812531053,0.9205263261830996,0.054783658405077595,-1.7274241896651186
2021-08-25,GC=F/SI=F,7.488964778995477,3.168466346471673,-3.784026812531053,0.9205263261830996,0.05870392407939118,-1.5822571870672284
2021-08-26,GC=F/SI=F,7.4911991672053215,3.158955934566713,-3.784026812531053,0.9205263261830996,0.0471366990043558,-1.7536867754985408
2021-08-27,GC=F/SI=F,7.504721887628686,3.180550688349624,-3.784026812531053,0.9205263261830996,0.05628343263594715,-1.5072657201174284
2021-08-30,GC=F/SI=F,7.500529485395295,3.176385735036591,-3.784026812531053,0.9205263261830996,0.05597769594869906,-1.4621859939561512
2021-08-31,GC=F/SI=F,7.503840746698951,3.176385735036591,-3.784026812531053,0.9205263261830996,0.052929592745812215,-1.4734465270675006
2021-09-01,GC=F/SI=F,7.502793352966393,3.185401769903869,-3.784026812531053,0.9205263261830996,0.06290978111778944,-1.23151808652641
2021-09-02,GC=F/SI=F,7.500363607167215,3.172831886366794,-3.784026812531053,0.9205263261830996,0.05257654255478883,-1.3931263185526574
2021-09-03,GC=F/SI=F,7.512562941553019,3.2093101848740755,-3.784026812531053,0.9205263261830996,0.07782503259802809,-0.8633355232417553
2021-09-06,GC=F/SI=F,7.512562941553019,3.2093101848740755,-3.784026812531053,0.9205263261830996,0.07782503259802809,-0.8358194033668962
2021-09-07,GC=F/SI=F,7.493261581619024,3.191874534315905,-3.784026812531053,0.9205263261830996,0.07815679199023684,-0.8029190410820001
2021-09-08,GC=F/SI=F,7.4903618565750945,3.1785536691680827,-3.8307883355830117,0.9270929729525578,0.0650801626484494,-1.038470993979849
2021-09-09,GC=F/SI=F,7.494096468807261,3.183580174446874,-3.8307883355830117,0.9270929729525578,0.06664433517009716,-0.9780482685779847
2021-09-10,GC=F/SI=F,7.48974739653373,3.1719938197786477,-3.8307883355830117,0.9270929729525578,0.05908997484552447,-1.107219154612488
2021-09-13,GC=F/SI=F,7.491087593534876,3.1677088492136574,-3.8307883355830117,0.9270929729525578,0.053562517058399095,-1.1926661214299832
2021-09-14,GC=F/SI=F,7.4981496249111625,3.1714486916160456,-3.8307883355830117,0.9270929729525578,0.05075519979706122,-1.221945631165374
2021-09-15,GC=F/SI=F,7.491310796532867,3.1679614388204804,-3.8307883355830117,0.9270929729525578,0.053608176734243784,-1.1231919906959233
2021-09-16,GC=F/SI=F,7.469996175779965,3.124653089165653,-3.8307883355830117,0.9270929729525578,0.030060462200579785,-1.5901670490522901
2021-09-17,GC=F/SI=F,7.467028164941432,3.1043624415014603,-3.8307883355830117,0.9270929729525578,0.012521436528437846,-1.9059555547850486
2021-09-20,GC=F/SI=F,7.4740913203906025,3.098424236596899,-3.8307883355830117,0.9270929729525578,3.5029840078415475e-05,-2.087673133039722
2021-09-21,GC=F/SI=F,7.4821189235521155,3.1167544997735153,-3.8307883355830117,0.9270929729525578,0.010922958536005112,-1.7750577566510133
2021-09-22,GC=F/SI=F,7.482512962559379,3.1297822589885653,-3.8307883355830117,0.9270929729525578,0.023585406956351918,-1.454949580443055
2021-09-23,GC=F/SI=F,7.46605588883381,3.1198065974168157,-3.8307883355830117,0.9270929729525578,0.028866982790939133,-1.3041242567394222
2021-09-24,GC=F/SI=F,7.467199595744004,3.108525122839067,-3.8307883355830117,0.9270929729525578,0.016525185573632584,-1.5235397798022574
2021-09-27,GC=F/SI=F,7.4673710669175595,3.1204688367716513,-3.8307883355830117,0.9270929729525578,0.028309929786149546,-1.2356586209995324
2021-09-28,GC=F/SI=F,7.4592237093401845,3.1103993621378137,-3.8307883355830117,0.9270929729525578,0.025793813110428054,-1.2592259204565335
2021-09-29,GC=F/SI=F,7.450951282778578,3.0661441207287456,-3.8307883355830117,0.9270929729525578,-0.010792119764108321,-2.008056200208724
2021-09-30,GC=F/SI=F,7.470395089279838,3.091996539366536,-3.8307883355830117,0.9270929729525578,-0.0029659175010854355,-1.7862468682692274
2021-10-01,GC=F/SI=F,7.471363088187097,3.113959665086648,-3.8307883355830117,0.9270929729525578,0.01809978323428041,-1.2912273507993994
2021-10-04,GC=F/SI=F,7.476585597388837,3.118746050798396,-3.8307883355830117,0.9270929729525578,0.0180444173639156,-1.2635874324559269
2021-10-05,GC=F/SI=F,7.472841775599785,3.11715316119221,-3.8307883355830117,0.9270929729525578,0.019922398630346727,-1.1921344380303232
2021-10-06,GC=F/SI=F,7.473353138595107,3.1137819633793837,-3.8307883355830117,0.9270929729525578,0.01607711977792814,-1.2523180869611616
2021-10-07,GC=F/SI=F,7.471875207694043,3.1193648326508403,-3.8518856158190315,0.9300568269318016,0.021981901571554552,-1.0889452071596792
2021-10-08,GC=F/SI=F,7.470964630229389,3.1214394238544076,-3.8518856158190315,0.9300568269318016,0.02490338156257277,-0.9953219302949646
2021-10-11,GC=F/SI=F,7.469996175779965,3.1197182263759906,-3.8518856158190315,0.9300568269318016,0.024082901756415254,-0.992129512353537
2021-10-12,GC=F/SI=F,7.472102739920569,3.1131151945886057,-3.8518856158190315,0.9300568269318016,0.015520645608693151,-1.185572214373032
2021-10-13,GC=F/SI=F,7.492035777332955,3.1419515903056787,-3.8518856158190315,0.9300568269318016,0.025818183798889116,-0.8976247973909708
2021-10-14,GC=F/SI=F,7.493706900761966,3.155126299032585,-3.8518856158190315,0.9300568269318016,0.03743865277199809,-0.5647611049989048
2021-10-15,GC=F/SI=F,7.477151624475687,3.1496543178885856,-3.8518856158190315,0.9300568269318016,0.04736401935979373,-0.27415214991786385
2021-10-18,GC=F/SI=F,7.475792676167033,3.1460040127452693,-3.8518856158190315,0.9300568269318016,0.044977613368389235,-0.31859793477818843
2021-10-19,GC=F/SI=F,7.4785652920859516,3.1722872149908956,-3.8518856158190315,0.9300568269318016,0.0686821252501657,0.36533310548556563
2021-10-20,GC=F/SI=F,7.4866693516964125,3.1955662466861368,-3.8518856158190315,0.9300568269318016,0.08442392097883467,0.8479196781840806
2021-10-21,GC=F/SI=F,7.485042546034497,3.1842843643027336,-3.8518856158190315,0.9300568269318016,0.07465506030738744,0.5951975372820355
2021-10-22,GC=F/SI=F,7.493038813666137,3.195770986131702,-3.8518856158190315,0.9300568269318016,0.07870469883557529,0.755783084270484
2021-10-25,GC=F/SI=F,7.498869733976931,3.2016076037941126,-3.8518856158190315,0.9300568269318016,0.07911822925563694,0.7811082351554713
2021-10-26,GC=F/SI=F,7.491478115023594,3.181630777210159,-3.8518856158190315,0.9300568269318016,0.06601602834131182,0.40246382503822986
2021-10-27,GC=F/SI=F,7.49437460971146,3.185897950306973,-3.8518856158190315,0.9300568269318016,0.06758929677950487,0.49663443769129245
2021-10-28,GC=F/SI=F,7.496430424394049,3.182917010056475,-3.8518856158190315,0.9300568269318016,0.06269633204855918,0.38472285370651377
2021-10-29,GC=F/SI=F,7.48605261786314,3.175759521049708,-3.8518856158190315,0.9300568269318016,0.06519079285444107,0.5211554619370508
2021-11-01,GC=F/SI=F,7.492815996076633,3.180716913526463,-3.8518856158190315,0.9300568269318016,0.06385785925061516,0.5380793987379299
2021-11-02,GC=F/SI=F,7.489244350701092,3.1570004211501135,-3.8518856158190315,0.9300568269318016,0.043463200039165706,-0.18672673110211274
2021-11-03,GC=F/SI=F,7.475112439640472,3.1452723335968944,-3.8518856158190315,0.9300568269318016,0.044878592845470244,-0.09201726956969654
2021-11-04,GC=F/SI=F,7.491645473605133,3.1741294792003347,-3.8518856158190315,0.9300568269318016,0.05835907734018164,0.5229009875286363
2021-11-05,GC=F/SI=F,7.504611812664702,3.1843672100944223,-3.8906347662205554,0.9354993936727355,0.05444217581790056,0.36995189593995104
2021-11-08,GC=F/SI=F,7.510649483924519,3.200182209161295,-3.8906347662205554,0.9354993936727355,0.06460893708201887,0.8340393957134233
2021-11-09,GC=F/SI=F,7.512180502802158,3.191011175423133,-3.8906347662205554,0.9354993936727355,0.054005636112123945,0.3687142487147477
2021-11-10,GC=F/SI=F,7.521642765342517,3.209512129924451,-3.8906347662205554,0.9354993936727355,0.06365464974416302,0.7906039796218524
2021-11-11,GC=F/SI=F,7.530050692363537,3.230843944164578,-3.8906347662205554,0.9354993936727355,0.07712085335408236,1.3854610059703003
2021-11-12,GC=F/SI=F,7.532570097235584,3.2325420102134115,-3.8906347662205554,0.9354993936727355,0.0764620176727,1.3280773680805744
2021-11-15,GC=F/SI=F,7.531605957456492,3.2231467056971055,-3.8906347662205554,0.9354993936727355,0.06796866533515011,0.9320386434523485
2021-11-16,GC=F/SI=F,7.5248849599470065,3.21663332210297,-3.8906347662205554,0.9354993936727355,0.06774277083601454,0.9017677986512301
2021-11-17,GC=F/SI=F,7.533533243055742,3.2255336052566497,-3.8906347662205554,0.9354993936727355,0.0685525903851616,0.91201168759118
2021-11-18,GC=F/SI=F,7.528869256642251,3.2149079259273465,-3.8906347662205554,0.9354993936727355,0.062290067517777103,0.6206139813490714
2021-11-19,GC=F/SI=F,7.52358933006294,3.2100369039106615,-3.8906347662205554,0.9354993936727355,0.06235841361467376,0.610657807286321
2021-11-22,GC=F/SI=F,7.498869733976931,3.190352922359614,-3.8906347662205554,0.9354993936727355,0.06579959921392309,0.7488435204268176
2021-11-23,GC=F/SI=F,7.486333004798946,3.15423060858578,-3.8906347662205554,0.9354993936727355,0.04140538798473248,-0.28045669289081965
2021-11-24,GC=F/SI=F,7.4866693516964125,3.1568302062353126,-3.8906347662205554,0.9354993936727355,0.04369033331562289,-0.18076365924925214
2021-11-25,GC=F/SI=F,7.4866693516964125,3.1568302062353126,-3.8906347662205554,0.9354993936727355,0.04369033331562289,-0.17251876135303848
2021-11-26,GC=F/SI=F,7.4873417746690105,3.1401356171145003,-3.8906347662205554,0.9354993936727355,0.026366692911652834,-0.8911838449290336
2021-11-29,GC=F/SI=F,7.485659971425936,3.126716665979567,-3.8906347662205554,0.9354993936727355,0.014521067690893119,-1.362475348027031
2021-11-30,GC=F/SI=F,7.4807666445368435,3.1252242419757827,-3.8906347662205554,0.9354993936727355,0.017606348024897578,-1.1887806312400888
2021-12-01,GC=F/SI=F,7.48526710223971,3.104541824831328,-3.8906347662205554,0.9354993936727355,-0.007286244571838907,-2.1699432552921807
2021-12-02,GC=F/SI=F,7.473466708500175,3.1036894458780013,-3.8906347662205554,0.9354993936727355,0.002900637663268313,-1.6616116890116024
2021-12-03,GC=F/SI=F,7.485491608030754,3.1110678586372913,-3.8906347662205554,0.9354993936727355,-0.0009702357972729558,-1.7566845158389082
2021-12-06,GC=F/SI=F,7.482963161677396,3.1013527842492894,-3.9269726650102843,0.940595197016141,-0.0101137600629011,-2.0526449888830145
2021-12-07,GC=F/SI=F,7.485828238000856,3.112937342740761,-3.9269726650102843,0.940595197016141,-0.0012240786003623327,-1.6141866618862164
2021-12-08,GC=F/SI=F,7.486276947390396,3.108614403350656,-3.9269726650102843,0.940595197016141,-0.005969071887123256,-1.7336616084485497
2021-12-09,GC=F/SI=F,7.481330310643735,3.089859978637209,-3.9269726650102843,0.940595197016141,-0.020070713835278475,-2.1872020538790466
2021-12-10,GC=F/SI=F,7.4859965447341805,3.098288854993348,-3.9269726650102843,0.940595197016141,-0.016030874852765997,-1.9269388306678723
2021-12-13,GC=F/SI=F,7.487901747789623,3.104138188471233,-3.9269726650102843,0.940595197016141,-0.011973566218169474,-1.6971738345085843
2021-12-14,GC=F/SI=F,7.478960802526979,3.085892813523702,-3.9269726650102843,0.940595197016141,-0.021809130994873804,-1.966529882652948
2021-12-15,GC=F/SI=F,7.4745452568143955,3.06842493198844,-3.9269726650102843,0.940595197016141,-0.03512377144067358,-2.3253134775752793
2021-12-16,GC=F/SI=F,7.49365125520607,3.111513303142064,-3.9269726650102843,0.940595197016141,-0.010006410608458083,-1.409531253615385
2021-12-17,GC=F/SI=F,7.497650856801196,3.113826370580544,-3.9269726650102843,0.940595197016141,-0.011455349220332423,-1.4416092527920985
2021-12-20,GC=F/SI=F,7.492035777332955,3.1034649562314085,-3.9269726650102843,0.940595197016141,-0.01653524679077556,-1.5728410703214943
2021-12-21,GC=F/SI=F,7.488797039412935,3.1136042300886104,-3.9269726650102843,0.940595197016141,-0.003349631601609282,-1.1164985875810942
2021-12-22,GC=F/SI=F,7.496430424394049,3.1264095891618466,-3.9269726650102843,0.940595197016141,0.0022758022214173224,-0.9178199235030354
2021-12-23,GC=F/SI=F,7.501744861049872,3.132489696262101,-3.9269726650102843,0.940595197016141,0.0033571757283574755,-0.873518686897131
2021-12-24,GC=F/SI=F,7.501744861049872,3.132489696262101,-3.9269726650102843,0.940595197016141,0.0033571757283574755,-0.856348965747929
2021-12-27,GC=F/SI=F,7.500031835654502,3.1345807593569903,-3.9269726650102843,0.940595197016141,0.007059502282498187,-0.7293559683169846
2021-12-28,GC=F/SI=F,7.501192588419186,3.140308697302191,-3.9269726650102843,0.940595197016141,0.011695641752314856,-0.6035261810730125
2021-12-29,GC=F/SI=F,7.498371257369368,3.1288635674576772,-3.9269726650102843,0.940595197016141,0.0029042423424519015,-0.8829940629540827
2021-12-30,GC=F/SI=F,7.50257269853219,3.136710861512612,-3.9269726650102843,0.940595197016141,0.006799681019089121,-0.7529099987578582
2021-12-31,GC=F/SI=F,7.510704191623933,3.1496543178885856,-3.9269726650102843,0.940595197016141,0.012094694048400356,-0.5845438530315091
2022-01-03,GC=F/SI=F,7.495208568550909,3.12632188342992,-3.9269726650102843,0.940595197016141,0.003337368226993931,-0.8448235321714896
2022-01-04,GC=F/SI=F,7.503289630675082,3.137145031140634,-3.923548585134012,0.9401138137536222,0.006747385882687418,-0.7325337240984685
2022-01-05,GC=F/SI=F,7.5091160505308725,3.1419947640540693,-3.923548585134012,0.9401138137536222,0.00611962100496477,-0.7414321133124939
2022-01-06,GC=F/SI=F,7.489244350701092,3.098920421716217,-3.923548585134012,0.9401138137536222,-0.01827306182014432,-1.459126368415412
2022-01-07,GC=F/SI=F,7.493873886783559,3.108793025636676,-3.923548585134012,0.9401138137536222,-0.012752748722084206,-1.2531701694593398
2022-01-10,GC=F/SI=F,7.494652673274807,3.1111123865252677,-3.923548585134012,0.9401138137536222,-0.011165535771879398,-1.1801760394899392
2022-01-11,GC=F/SI=F,7.5058222398671655,3.1270236485300615,-3.923548585134012,0.9401138137536222,-0.00575493761420276,-0.9947398084115052
2022-01-12,GC=F/SI=F,7.510539992738767,3.144152311557585,-3.923548585134012,0.9401138137536222,0.00693850076885294,-0.6051749218712227
2022-01-13,GC=F/SI=F,7.507250876649664,3.142210769587023,-3.923548585134012,0.9401138137536222,0.008089102268694859,-0.5537596017270242
2022-01-14,GC=F/SI=F,7.5046668516612565,3.13161711393823,-3.923548585134012,0.9401138137536222,-7.527579341104484e-05,-0.7700626818228034
2022-01-17,GC=F/SI=F,7.5046668516612565,3.13161711393823,-3.923548585134012,0.9401138137536222,-7.527579341104484e-05,-0.7442718815623002
2022-01-18,GC=F/SI=F,7.502352062755433,3.1564470558044606,-3.923548585134012,0.9401138137536222,0.026930831099107877,0.0727314774288096
2022-01-19,GC=F/SI=F,7.519204202311381,3.187426429666241,-3.923548585134012,0.9401138137536222,0.04206727577303759,0.5488876248694438
2022-01-20,GC=F/SI=F,7.5188786240634915,3.2072485065344236,-3.923548585134012,0.9401138137536222,0.06219543324951893,1.1910533489580322
2022-01-21,GC=F/SI=F,7.513054395624703,3.191052282244706,-3.923548585134012,0.9401138137536222,0.05147464656956213,0.8832603174330822
2022-01-24,GC=F/SI=F,7.518444310589031,3.1694754777793754,-3.923548585134012,0.9401138137536222,0.024830708591311534,0.06895822029212079
2022-01-25,GC=F/SI=F,7.52439928720085,3.173711077082509,-3.923548585134012,0.9401138137536222,0.023467952121093205,0.0484633518656568
2022-01-26,GC=F/SI=F,7.512016612875388,3.169979621751643,-3.923548585134012,0.9401138137536222,0.03137761997480659,0.3225807626301431
2022-01-27,GC=F/SI=F,7.491812804182463,3.1211748040503697,-3.923548585134012,0.9401138137536222,0.0015666819161870293,-0.62521951427833
2022-01-28,GC=F/SI=F,7.487117683913574,3.104676362595738,-3.923548585134012,0.9401138137536222,-0.010517812116426661,-0.9996879452811368
2022-01-31,GC=F/SI=F,7.492760300922379,3.108837740099704,-3.923548585134012,0.9401138137536222,-0.011661136808159611,-1.006390797243353
2022-02-01,GC=F/SI=F,7.495708623785792,3.117772929175651,-3.923548585134012,0.9401138137536222,-0.0054977067835135784,-0.7726730549195783
2022-02-02,GC=F/SI=F,7.5006400106148945,3.1228494080976215,-3.9312999034771114,0.9412002869695764,-0.005455218871492029,-0.7454024993364821
2022-02-03,GC=F/SI=F,7.497207223203318,3.107944264160919,-3.9312999034771114,0.9412002869695764,-0.01712942231131276,-1.1104934675433902
2022-02-04,GC=F/SI=F,7.499201891201926,3.112403597330753,-3.9312999034771114,0.9412002869695764,-0.01454747123417821,-0.9929876364347142
2022-02-07,GC=F/SI=F,7.506921382661289,3.138793125652012,-3.9312999034771114,0.9412002869695764,0.004576469510269909,-0.31058996170066977
2022-02-08,GC=F/SI=F,7.510211580891728,3.1439367250467427,-3.9312999034771114,0.9412002869695764,0.006623333386324148,-0.21380243412366706
2022-02-09,GC=F/SI=F,7.514908719768673,3.149997251527748,-3.9312999034771114,0.9412002869695764,0.008262911408412954,-0.1226099436449332
2022-02-10,GC=F/SI=F,7.515453471117657,3.1578085668413975,-3.9312999034771114,0.9412002869695764,0.015561506596071695,0.19196458134987215
2022-02-11,GC=F/SI=F,7.517955565246647,3.1512819409902297,-3.9312999034771114,0.9412002869695764,0.006679909032673237,-0.1207809839519358
2022-02-14,GC=F/SI=F,7.532623618788788,3.171574522953982,-3.9312999034771114,0.9412002869695764,0.013166914793276696,0.18456215377626722
2022-02-15,GC=F/SI=F,7.5255321788425835,3.1500829052697696,-3.9312999034771114,0.9412002869695764,-0.0016502375785405476,-0.41853745299408207
2022-02-16,GC=F/SI=F,7.533800629892841,3.161289076903369,-3.9312999034771114,0.9412002869695764,0.0017736655537623491,-0.23424436131761317
2022-02-17,GC=F/SI=F,7.549977492667243,3.172790023681827,-3.9312999034771114,0.9412002869695764,-0.001951055553313985,-0.3828629420748006
2022-02-18,GC=F/SI=F,7.5488720385887165,3.1776787275807714,-3.9312999034771114,0.9412002869695764,0.003978102041571674,-0.043834743611568916
2022-02-21,GC=F/SI=F,7.5488720385887165,3.1776787275807714,-3.9312999034771114,0.9412002869695764,0.003978102041571674,-0.012965700967859749
2022-02-22,GC=F/SI=F,7.552814535926642,3.1909289567103274,-3.9312999034771114,0.9412002869695764,0.013517651545296161,0.5609159690344098
2022-02-23,GC=F/SI=F,7.554439559556566,3.200915511919462,-3.9312999034771114,0.9412002869695764,0.021974734047613964,1.1100381611790466
2022-02-24,GC=F/SI=F,7.562733180742608,3.206236314699951,-3.9312999034771114,0.9412002869695764,0.019489578187783074,0.9729738641142835
2022-02-25,GC=F/SI=F,7.542478539404365,3.1779288117251343,-3.9312999034771114,0.9412002869695764,0.010245749452986175,0.4199833705251879
2022-02-28,GC=F/SI=F,7.549293338662418,3.1929834954076965,-3.9312999034771114,0.9412002869695764,0.018886342118229038,0.9401159167955353
2022-03-01,GC=F/SI=F,7.571679613434198,3.2400109129354235,-3.9312999034771114,0.9412002869695764,0.044843791406576905,2.442276241221872
2022-03-02,GC=F/SI=F,7.560549117902566,3.2261691861145674,-3.9312999034771114,0.9412002869695764,0.04147809017420645,2.107172333492325
2022-03-03,GC=F/SI=F,7.5675524924815285,3.2270423845076572,-3.938887762907859,0.9422619228505061,0.035313584577730595,1.665486520120576
2022-03-04,GC=F/SI=F,7.583298401169894,3.249676558041264,-3.938887762907859,0.9422619228505061,0.04311098791361001,2.018537941345098
2022-03-07,GC=F/SI=F,7.59784781105723,3.2469966750674932,-3.938887762907859,0.9422619228505061,0.02672175000305721,1.0690266070017966
2022-03-08,GC=F/SI=F,7.620754093277593,3.2916801085826246,-3.938887762907859,0.9422619228505061,0.049821465987873736,2.231637477622397
2022-03-09,GC=F/SI=F,7.593827503163821,3.2487064336420484,-3.938887762907859,0.9422619228505061,0.03221969162370808,1.2352182532419802
2022-03-10,GC=F/SI=F,7.599951995787448,3.2658357309197332,-3.938887762907859,0.9422619228505061,0.0435781127053696,1.771534421419809
2022-03-11,GC=F/SI=F,7.59221480651743,3.262165207451718,-3.938887762907859,0.9422619228505061,0.04719804807637917,1.881034692529138
2022-03-14,GC=F/SI=F,7.580495637305723,3.228588483170621,-3.938887762907859,0.9422619228505061,0.024663850710916257,0.6981930107790448
2022-03-15,GC=F/SI=F,7.564497777648283,3.2237837290305262,-3.938887762907859,0.9422619228505061,0.034933270573133335,1.2065036266576803
2022-03-16,GC=F/SI=F,7.553810852008231,3.2055879336338453,-3.938887762907859,0.9422619228505061,0.026807358279407723,0.7505257084138067
2022-03-17,GC=F/SI=F,7.571525128260445,3.241967141777537,-3.938887762907859,0.9422619228505061,0.04649507841978373,1.7456153837175175
2022-03-18,GC=F/SI=F,7.564342178907116,3.2210734205919227,-3.938887762907859,0.9422619228505061,0.03236957690357567,0.9571863988072573
2022-03-21,GC=F/SI=F,7.5645496174173275,3.2300926637776888,-3.938887762907859,0.9422619228505061,0.04119335867983587,1.3824166123099026
2022-03-22,GC=F/SI=F,7.56044495648876,3.2142652215081,-3.938887762907859,0.9422619228505061,0.029233582109449152,0.7252894990722366
2022-03-23,GC=F/SI=F,7.568689124570768,3.2256528121783705,-3.938887762907859,0.9422619228505061,0.03285300711046446,0.8878157716809132
2022-03-24,GC=F/SI=F,7.581515733295897,3.2542429539769313,-3.938887762907859,0.9422619228505061,0.04935712390803282,1.6991852512541854
2022-03-25,GC=F/SI=F,7.577531498210205,3.2423969930822163,-3.938887762907859,0.9422619228505061,0.041265356026251254,1.228705738045924
2022-03-28,GC=F/SI=F,7.570237032644034,3.2258911833994097,-3.938887762907859,0.9422619228505061,0.03163284349399209,0.7182127901686671
2022-03-29,GC=F/SI=F,7.555905093611346,3.2074507911472474,-3.938887762907859,0.9422619228505061,0.026696891672945533,0.453093485258967
2022-03-30,GC=F/SI=F,7.567087111047352,3.2229873864374974,-3.938887762907859,0.9422619228505061,0.031697097712596545,0.683883792957873
2022-03-31,GC=F/SI=F,7.57517428591901,3.2237041612656636,-3.938887762907859,0.9422619228505061,0.024793635595766084,0.327928499426593
2022-04-01,GC=F/SI=F,7.559611592402581,3.2044523122523203,-3.968511006435704,0.9464033724767377,0.018521413023981026,0.003561201907301018
2022-04-04,GC=F/SI=F,7.5648606628847785,3.2020958099318713,-3.968511006435704,0.9464033724767377,0.011197172696811641,-0.3671839563342059
2022-04-05,GC=F/SI=F,7.5615897548530215,3.199815317152684,-3.968511006435704,0.9464033724767377,0.012012278309940783,-0.3315915219058269
2022-04-06,GC=F/SI=F,7.5592467969995125,3.1968346908715515,-3.968511006435704,0.9464033724767377,0.01124903524293952,-0.4039227488684706
2022-04-07,GC=F/SI=F,7.5672422832992785,3.208138376305233,-3.968511006435704,0.9464033724767377,0.014985765477931068,-0.23823259281724501
2022-04-08,GC=F/SI=F,7.571267641838194,3.211609498712999,-3.968511006435704,0.9464033724767377,0.014647274989039616,-0.2831286535357776
2022-04-11,GC=F/SI=F,7.572657319215252,3.2179954630982373,-3.968511006435704,0.9464033724767377,0.019718044017975167,-0.03220165118110474
2022-04-12,GC=F/SI=F,7.586854231436295,3.2474632965488683,-3.968511006435704,0.9464033724767377,0.03574987186385492,0.8220045080880757
2022-04-13,GC=F/SI=F,7.591357046698551,3.2588654906771213,-3.968511006435704,0.9464033724767377,0.04289058644226884,1.1819042211857311
2022-04-14,GC=F/SI=F,7.586245582585715,3.246101831910333,-3.968511006435704,0.9464033724767377,0.034964434550162515,0.7178490217036859
2022-04-15,GC=F/SI=F,7.586245582585715,3.246101831910333,-3.968511006435704,0.9464033724767377,0.034964434550162515,0.6929883858776825
2022-04-18,GC=F/SI=F,7.592315710917061,3.2634666848467426,-3.968511006435704,0.9464033724767377,0.04658449756241989,1.3124478629727117
2022-04-19,GC=F/SI=F,7.57850343963152,3.2343948099725512,-3.968511006435704,0.9464033724767377,0.030584602814427875,0.44091487091476483
2022-04-20,GC=F/SI=F,7.576763468699321,3.2296179395150086,-3.968511006435704,0.9464033724767377,0.02745444671512942,0.31072437690834537
2022-04-21,GC=F/SI=F,7.572965853401922,3.2035997490908756,-3.968511006435704,0.9464033724767377,0.005030332215825162,-0.9416842832770418
2022-04-22,GC=F/SI=F,7.565793282428515,3.1887052342649906,-3.968511006435704,0.9464033724767377,-0.003076037251497965,-1.3776499394569126
2022-04-25,GC=F/SI=F,7.5460237722407735,3.1641238938687875,-3.968511006435704,0.9464033724767377,-0.008947446533809966,-1.6623909951415972
2022-04-26,GC=F/SI=F,7.550345748764975,3.1587860522124678,-3.968511006435704,0.9464033724767377,-0.018375621348400983,-2.114477275530355
2022-04-27,GC=F/SI=F,7.542160452463896,3.155211595904986,-3.968511006435704,0.9464033724767377,-0.014203485631818502,-1.8186599043531317
2022-04-28,GC=F/SI=F,7.543644014849031,3.141087228878579,-3.968511006435704,0.9464033724767377,-0.029731901102797664,-2.6312148851472155
2022-04-29,GC=F/SI=F,7.554491987293255,3.1372318755641198,-3.968511006435704,0.9464033724767377,-0.043853812123004765,-3.2601825878122113
2022-05-02,GC=F/SI=F,7.529299066908689,3.1154689829069606,-3.9781138301363894,0.9477449410836077,-0.042272287524888874,-2.942964076207218
2022-05-03,GC=F/SI=F,7.533051818761971,3.118878691191975,-3.9781138301363894,0.9477449410836077,-0.04241923082396415,-2.764917230200986
2022-05-04,GC=F/SI=F,7.532088143541722,3.107363067889864,-3.9781138301363894,0.9477449410836077,-0.053021535811236475,-3.106206757648169
2022-05-05,GC=F/SI=F,7.535830462798367,3.1090609418310957,-3.9781138301363894,0.9477449410836077,-0.05487042601341052,-2.983230646124217
2022-05-06,GC=F/SI=F,7.539665124115054,3.105707160936782,-3.9781138301363894,0.9477449410836077,-0.061858487771382364,-3.0314135003873357
2022-05-09,GC=F/SI=F,7.52677139705267,3.081083921739377,-3.9781138301363894,0.9477449410836077,-0.07426176237370008,-3.244240558831802
2022-05-10,GC=F/SI=F,7.517466514569281,3.0629234945598793,-3.9781138301363894,0.9477449410836077,-0.08360353425218836,-3.2734458113803466
2022-05-11,GC=F/SI=F,7.524345323641657,3.070375781146533,-3.9781138301363894,0.9477449410836077,-0.08267060416455863,-2.948583001147078
2022-05-12,GC=F/SI=F,7.508677542272306,3.0328835377145533,-3.9781138301363894,0.9477449410836077,-0.10531378706573236,-3.381750206842915
2022-05-13,GC=F/SI=F,7.499644640975691,3.0437602069335834,-3.9781138301363894,0.9477449410836077,-0.08587623133952871,-2.5408141468527266
2022-05-16,GC=F/SI=F,7.503013958722957,3.0696795114204973,-3.9781138301363894,0.9477449410836077,-0.06315018070248879,-1.8072850113757066
2022-05-17,GC=F/SI=F,7.505602252832557,3.0790158552275892,-3.9781138301363894,0.9477449410836077,-0.0562668795438066,-1.5655808472961623
2022-05-18,GC=F/SI=F,7.504336505010358,3.0695866860591248,-3.9781138301363894,0.9477449410836077,-0.06449644261709508,-1.7162165007515227
2022-05-19,GC=F/SI=F,7.518172785423357,3.0863953412013965,-3.9781138301363894,0.9477449410836077,-0.060801052239656705,-1.5633742612108816
2022-05-20,GC=F/SI=F,7.518498659798356,3.075882696608034,-3.9781138301363894,0.9477449410836077,-0.0716225426233521,-1.763091429974859
2022-05-23,GC=F/SI=F,7.52175104766165,3.0783715874068793,-3.9781138301363894,0.9477449410836077,-0.07221608596838625,-1.7046953653408783
2022-05-24,GC=F/SI=F,7.531069936853453,3.09390198487742,-3.9781138301363894,0.9477449410836077,-0.06551761858589522,-1.4861945374228076
2022-05-25,GC=F/SI=F,7.520884725108144,3.0846585106693234,-3.9781138301363894,0.9477449410836077,-0.06510810988851023,-1.4242829377232833
2022-05-26,GC=F/SI=F,7.521534537373873,3.0883570319643665,-3.9781138301363894,0.9477449410836077,-0.06202544488096606,-1.3097638965196157
2022-05-27,GC=F/SI=F,7.523643400370178,3.093765989616035,-3.9781138301363894,0.9477449410836077,-0.05861515146548335,-1.1938268425831713
2022-05-30,GC=F/SI=F,7.523643400370178,3.093765989616035,-3.9781138301363894,0.9477449410836077,-0.05861515146548335,-1.1558495220877745
2022-05-31,GC=F/SI=F,7.5189871398426735,3.0750515997677996,-3.9369724129040167,0.941975678546808,-0.07067900036620944,-1.3768057133510938
2022-06-01,GC=F/SI=F,7.519312748991644,3.085755811761725,-3.9369724129040167,0.941975678546808,-0.060281504271325836,-1.109716473306783
2022-06-02,GC=F/SI=F,7.5318202983546385,3.1025217547078734,-3.9369724129040167,0.941975678546808,-0.055297368623342,-0.9695003096454059
2022-06-03,GC=F/SI=F,7.5204513483741415,3.086029883652105,-3.9369724129040167,0.941975678546808,-0.06107996530686677,-1.0618009175432699
2022-06-06,GC=F/SI=F,7.517085946900404,3.0944004183917007,-3.9369724129040167,0.941975678546808,-0.04953930423046504,-0.7846116895527908
2022-06-07,GC=F/SI=F,7.521588652822357,3.098243752410787,-3.9369724129040167,0.941975678546808,-0.04993740967750693,-0.7676000401016382
2022-06-08,GC=F/SI=F,7.523967431251211,3.0944004183917007,-3.9369724129040167,0.941975678546808,-0.05602149512122523,-0.872364611342321
2022-06-09,GC=F/SI=F,7.522292085370883,3.0817723862487405,-3.9369724129040167,0.941975678546808,-0.06707139219176383,-1.0841202863196264
2022-06-10,GC=F/SI=F,7.534495527344483,3.0870800728876113,-3.9369724129040167,0.941975678546808,-0.07325905108658137,-1.1837184935885343
2022-06-13,GC=F/SI=F,7.510977752014095,3.0556978575955616,-3.9369724129040167,0.941975678546808,-0.08248809400387724,-1.3461395724262415
2022-06-14,GC=F/SI=F,7.500805843003797,3.041470204584675,-3.9369724129040167,0.941975678546808,-0.08713405612267255,-1.4012128224118576
2022-06-15,GC=F/SI=F,7.504006049194487,3.0634843955677145,-3.9369724129040167,0.941975678546808,-0.06813438153759765,-0.9499848105883413
2022-06-16,GC=F/SI=F,7.520613861858174,3.084978677584579,-3.9369724129040167,0.941975678546808,-0.06228425512378788,-0.7937693689354792
2022-06-17,GC=F/SI=F,7.515126669220361,3.071442530666538,-3.9369724129040167,0.941975678546808,-0.07065160003350801,-0.9512959232243684
2022-06-20,GC=F/SI=F,7.515126669220361,3.071442530666538,-3.9369724129040167,0.941975678546808,-0.07065160003350801,-0.921794810753954
2022-06-21,GC=F/SI=F,7.514581739767988,3.0797976353445926,-3.9369724129040167,0.941975678546808,-0.061783185064793855,-0.6960977607812212
2022-06-22,GC=F/SI=F,7.514418242939792,3.063717952099637,-3.9369724129040167,0.941975678546808,-0.07770885827406904,-1.0345492975996318
2022-06-23,GC=F/SI=F,7.509718727374586,3.046045067838986,-3.9369724129040167,0.941975678546808,-0.09095491317134385,-1.312793786704878
2022-06-24,GC=F/SI=F,7.510156846235337,3.050031010107882,-3.9369724129040167,0.941975678546808,-0.08738166821358817,-1.192141144297151
2022-06-27,GC=F/SI=F,7.507086176745488,3.0520653656440224,-3.9369724129040167,0.941975678546808,-0.08245481670115407,-1.0424499376140555
2022-06-28,GC=F/SI=F,7.505217209407674,3.034808788090467,-3.9369724129040167,0.941975678546808,-0.09795087247849121,-1.3814994587170557
2022-06-29,GC=F/SI=F,7.5031242097015465,3.0285865749874556,-3.8951117117861376,0.9361036826515767,-0.10000391732022607,-1.390371229009063
2022-06-30,GC=F/SI=F,7.497817117926213,3.0097337728768516,-3.8951117117861376,0.9361036826515767,-0.11388873127577082,-1.6798591809722017
2022-07-01,GC=F/SI=F,7.4949306595403025,2.9753764995259475,-3.8951117117861376,0.9361036826515767,-0.14554398030180327,-2.369936098606965
2022-07-04,GC=F/SI=F,7.4949306595403025,2.9753764995259475,-3.8951117117861376,0.9361036826515767,-0.14554398030180327,-2.247475644860352
2022-07-05,GC=F/SI=F,7.4740913203906025,2.947172085341321,-3.8951117117861376,0.9361036826515767,-0.15424061236437048,-2.335157036965253
2022-07-06,GC=F/SI=F,7.458705067904599,2.9489026382261496,-3.8951117117861376,0.9361036826515767,-0.1381069318651873,-1.866128757194677
2022-07-07,GC=F/SI=F,7.460432780818713,2.9508394910977582,-3.8951117117861376,0.9361036826515767,-0.1377873974150443,-1.7903004218040401
2022-07-08,GC=F/SI=F,7.461985146329179,2.9531900407351532,-3.8951117117861376,0.9361036826515767,-0.13689002284881902,-1.7118263027413905
2022-07-11,GC=F/SI=F,7.455876687491824,2.9479590624722376,-3.8951117117861376,0.9361036826515767,-0.13640285029876065,-1.6613154752717865
2022-07-12,GC=F/SI=F,7.451996364621614,2.939109019494147,-3.8951117117861376,0.9361036826515767,-0.14162050874817034,-1.752001625395204
2022-07-13,GC=F/SI=F,7.458301462787065,2.951675912870774,-3.8951117117861376,0.9361036826515767,-0.13495584098370106,-1.5659074218763183
2022-07-14,GC=F/SI=F,7.441027091577958,2.8997168795531474,-3.8951117117861376,0.9361036826515767,-0.17074427179699292,-2.3851031466760384
2022-07-15,GC=F/SI=F,7.439794313488292,2.9203619846278426,-3.8951117117861376,0.9361036826515767,-0.14894515861267,-1.8234815637193749
2022-07-18,GC=F/SI=F,7.443780675202046,2.93337805129565,-3.8951117117861376,0.9361036826515767,-0.1396607398254881,-1.5727061007479608
2022-07-19,GC=F/SI=F,7.444248649496705,2.9269179616400773,-3.8951117117861376,0.9361036826515767,-0.14655890194167753,-1.7361775620295032
2022-07-20,GC=F/SI=F,7.438089369136171,2.9252561564750725,-3.8951117117861376,0.9361036826515767,-0.14245498207870355,-1.5926622433967235
2022-07-21,GC=F/SI=F,7.445826323128879,2.9278281096379404,-3.8951117117861376,0.9361036826515767,-0.14712562004091456,-1.6783811583575157
2022-07-22,GC=F/SI=F,7.454198966214003,2.922354754487587,-3.8951117117861376,0.9361036826515767,-0.1604366372167796,-1.9861264818395878
2022-07-25,GC=F/SI=F,7.449498005382849,2.9065731714317424,-3.8951117117861376,0.9361036826515767,-0.17181763352658042,-2.214794832321878
2022-07-26,GC=F/SI=F,7.448741437216523,2.917067755958167,-3.8951117117861376,0.9361036826515767,-0.16061482275348116,-1.8414679130675449
2022-07-27,GC=F/SI=F,7.449556162845794,2.920631473904114,-3.8951117117861376,0.9361036826515767,-0.15781377246944484,-1.704074822961177
2022-07-28,GC=F/SI=F,7.467542508693793,2.987044628225303,-3.8301275739621845,0.9269415909047133,-0.1048035309697104,-0.285761582313697
2022-07-29,GC=F/SI=F,7.474715473140505,3.003502017631663,-3.8301275739621845,0.9269415909047133,-0.09499506063908836,-0.00973238654361483
2022-08-01,GC=F/SI=F,7.478169694159785,3.011704067841764,-3.8301275739621845,0.9269415909047133,-0.08999487155593577,0.14368992992914745
2022-08-02,GC=F/SI=F,7.479356087677898,3.000968517580589,-3.8301275739621845,0.9269415909047133,-0.10183013931222895,-0.15392011337748845
2022-08-03,GC=F/SI=F,7.471932078245122,2.9889593777446977,-3.8301275739621845,0.9269415909047133,-0.10695765603361185,-0.2730856391826828
2022-08-04,GC=F/SI=F,7.4891325586990725,3.0006701088936856,-3.8301275739621845,0.9269415909047133,-0.11119076560093433,-0.3699989704189871
2022-08-05,GC=F/SI=F,7.480371916675028,2.9866410858607244,-3.8301275739621845,0.9269415909047133,-0.11709918517878126,-0.5149963100482157
2022-08-08,GC=F/SI=F,7.4881816168050985,3.0249026049114174,-3.8301275739621845,0.9269415909047133,-0.08607680199114487,0.339527405888445
2022-08-09,GC=F/SI=F,7.492203042618741,3.018374012985127,-3.8301275739621845,0.9269415909047133,-0.09633302075883865,0.063408392188218
2022-08-10,GC=F/SI=F,7.4930944933111725,3.031002907521387,-3.8301275739621845,0.9269415909047133,-0.08453044894563355,0.37929692471764087
2022-08-11,GC=F/SI=F,7.4898032597405075,3.0119008652254164,-3.8301275739621845,0.9269415909047133,-0.10058170995957294,-0.056103519993408776
2022-08-12,GC=F/SI=F,7.494763849906489,3.0290219736325117,-3.8301275739621845,0.9269415909047133,-0.08805877889275848,0.3014372136103861
2022-08-15,GC=F/SI=F,7.485154864702755,3.0082041479239146,-3.8301275739621845,0.9269415909047133,-0.0999696365696261,-0.009943588768374147
2022-08-16,GC=F/SI=F,7.480541075334171,2.9989770303352574,-3.8301275739621845,0.9269415909047133,-0.10492004090086926,-0.13195540812463313
2022-08-17,GC=F/SI=F,7.4732395557904505,2.9811768779944336,-3.8301275739621845,0.9269415909047133,-0.11595211109981562,-0.42322850994491035
2022-08-18,GC=F/SI=F,7.470395089279838,2.9677442346600396,-3.8301275739621845,0.9269415909047133,-0.12674810012158666,-0.7094598017148109
2022-08-19,GC=F/SI=F,7.465998683107229,2.9474869905500487,-3.8301275739621845,0.9269415909047133,-0.1429301324996759,-1.143165591029378
2022-08-22,GC=F/SI=F,7.458186157340487,2.9377322864055895,-3.8301275739621845,0.9269415909047133,-0.1454430815809271,-1.178055000993139
2022-08-23,GC=F/SI=F,7.465540849564305,2.945070313004288,-3.8301275739621845,0.9269415909047133,-0.14492242509278963,-1.1262876850828227
2022-08-24,GC=F/SI=F,7.46611316113035,2.9388973610281615,-3.8301275739621845,0.9269415909047133,-0.15162587646243786,-1.2809744414990525
2022-08-25,GC=F/SI=F,7.4717613874392965,2.950264088700563,-3.8301275739621845,0.9269415909047133,-0.14549472467064195,-1.068562530091526
2022-08-26,GC=F/SI=F,7.459396483185313,2.930660264596731,-3.776384907721978,0.9193787612944418,-0.15096552639631966,-1.1929264856881916
2022-08-29,GC=F/SI=F,7.459684443568004,2.920739310959652,-3.776384907721978,0.9193787612944418,-0.16115122469333976,-1.4453259018563491
2022-08-30,GC=F/SI=F,7.451938278066397,2.8991663274251467,-3.776384907721978,0.9193787612944418,-0.17560254818419452,-1.8123561453907133
2022-08-31,GC=F/SI=F,7.445884765783252,2.8770612948693604,-3.776384907721978,0.9193787612944418,-0.19214211011562377,-2.2204501419971145
2022-09-01,GC=F/SI=F,7.436381512983641,2.8651109622520408,-3.776384907721978,0.9193787612944418,-0.19535535394576886,-2.209139414434519
2022-09-02,GC=F/SI=F,7.444131712149932,2.877849180535317,-3.776384907721978,0.9193787612944418,-0.1897425041717815,-1.9695471824562487
2022-09-05,GC=F/SI=F,7.444131712149932,2.877849180535317,-3.776384907721978,0.9193787612944418,-0.1897425041717815,-1.9069560552095841
2022-09-06,GC=F/SI=F,7.43861881084247,2.878917523249537,-3.776384907721978,0.9193787612944418,-0.1836057170823686,-1.675864437644137
2022-09-07,GC=F/SI=F,7.447343299882009,2.8979540026807733,-3.776384907721978,0.9193787612944418,-0.17259034757723146,-1.318907572793742
2022-09-08,GC=F/SI=F,7.443078374348516,2.9085390576893686,-3.776384907721978,0.9193787612944418,-0.15808421061463918,-0.8804314475654715
2022-09-09,GC=F/SI=F,7.447867794921718,2.926275059243287,-3.776384907721978,0.9193787612944418,-0.14475150061462916,-0.4836809432867007
2022-09-12,GC=F/SI=F,7.454777803932255,2.983406581381278,-3.776384907721978,0.9193787612944418,-0.09397289400128095,0.9541805477857046
2022-09-13,GC=F/SI=F,7.4413203897176174,2.964757437776914,-3.776384907721978,0.9193787612944418,-0.10024957679476465,0.8029552548372114
2022-09-14,GC=F/SI=F,7.436322584224285,2.9689262136148518,-3.776384907721978,0.9193787612944418,-0.09148592473317585,1.0942529521064681
2022-09-15,GC=F/SI=F,7.417820628461298,2.9536073074650817,-3.776384907721978,0.9193787612944418,-0.08979452571204583,1.169021825003998
2022-09-16,GC=F/SI=F,7.42159632249992,2.9598977960307584,-3.776384907721978,0.9193787612944418,-0.08697533005462432,1.27792650496019
2022-09-19,GC=F/SI=F,7.418300834235728,2.9587051899276795,-3.776384907721978,0.9193787612944418,-0.08513813423951078,1.3725249479901507
2022-09-20,GC=F/SI=F,7.414392112706823,2.949793004068671,-3.776384907721978,0.9193787612944418,-0.09045672454102949,1.220854895444365
2022-09-21,GC=F/SI=F,7.41734011864537,2.965839879528823,-3.776384907721978,0.9193787612944418,-0.07712018312894742,1.6283212392615691
2022-09-22,GC=F/SI=F,7.421057861847419,2.972872996580681,-3.776384907721978,0.9193787612944418,-0.0735050802169992,1.72119667497485
2022-09-23,GC=F/SI=F,7.405678047069943,2.936035325239204,-3.776384907721978,0.9193787612944418,-0.09620287649942227,1.0204240731714442
2022-09-26,GC=F/SI=F,7.392216423396343,2.9126767058777703,-3.7247927881793133,0.9120856330448788,-0.10486490208112009,0.75766302336462
2022-09-27,GC=F/SI=F,7.3943086717557325,2.9045485664598183,-3.7247927881793133,0.9120856330448788,-0.1149013511684327,0.4584035001746912
2022-09-28,GC=F/SI=F,7.414813830882607,2.9336440560744452,-3.7247927881793133,0.9120856330448788,-0.10450832259672627,0.772921363951175
2022-09-29,GC=F/SI=F,7.4136688583871075,2.9237528070413474,-3.7247927881793133,0.9120856330448788,-0.11335525866644769,0.48463515759099224
2022-09-30,GC=F/SI=F,7.416017635030997,2.9423314485395675,-3.7247927881793133,0.9120856330448788,-0.09691890260035141,0.9644135570188783
2022-10-03,GC=F/SI=F,7.434198328064648,3.021351242296735,-3.7247927881793133,0.9120856330448788,-0.03448145775797595,2.810968818432359
2022-10-04,GC=F/SI=F,7.450718886090785,3.0462828233411265,-3.7247927881793133,0.9120856330448788,-0.024618040339108305,2.8849969613099615
2022-10-05,GC=F/SI=F,7.445067042249504,3.019399975324742,-3.7247927881793133,0.9120856330448788,-0.04634592278764771,2.086661518190716
2022-10-06,GC=F/SI=F,7.445242279175519,3.025048294547645,-3.7247927881793133,0.9120856330448788,-0.04085743464734115,2.1246909999440287
2022-10-07,GC=F/SI=F,7.43867760444725,3.0052864583984618,-3.7247927881793133,0.9120856330448788,-0.05463172529125693,1.6728387671719562
2022-10-10,GC=F/SI=F,7.4189608598521595,2.9732821322322187,-3.7247927881793133,0.9120856330448788,-0.06865269198190305,1.263319947474022
2022-10-11,GC=F/SI=F,7.4257749342415,2.9666638534129706,-3.7247927881793133,0.9120856330448788,-0.08148599015416735,0.9129062141030784
2022-10-12,GC=F/SI=F,7.420758559229048,2.9379972366435836,-3.7247927881793133,0.9120856330448788,-0.10557724334473217,0.29732544118233867
2022-10-13,GC=F/SI=F,7.4205789054108005,2.936937216524647,-3.7247927881793133,0.9120856330448788,-0.10647340379712311,0.2597796907540865
2022-10-14,GC=F/SI=F,7.403487539558055,2.8912047103198697,-3.7247927881793133,0.9120856330448788,-0.13661712075849763,-0.4915686140548072
2022-10-17,GC=F/SI=F,7.4127640174265625,2.9271321706221367,-3.7247927881793133,0.9120856330448788,-0.10915060264535548,0.17832014548450248
2022-10-18,GC=F/SI=F,7.407924322559599,2.921601178198735,-3.7247927881793133,0.9120856330448788,-0.11026737891227789,0.1383199051738595
2022-10-19,GC=F/SI=F,7.394800374082724,2.9088663646654487,-3.7247927881793133,0.9120856330448788,-0.1110320275909853,0.10554916428052057
2022-10-20,GC=F/SI=F,7.396826000886308,2.9267037067626984,-3.7247927881793133,0.9120856330448788,-0.09504223059919514,0.4871618587741915
2022-10-21,GC=F/SI=F,7.409136443920128,2.9466995415152035,-3.7247927881793133,0.9120856330448788,-0.0862745740742552,0.6865542329252781
2022-10-24,GC=F/SI=F,7.407742347950996,2.9535551835135174,-3.7247927881793133,0.9120856330448788,-0.07814739717140995,0.8703738815700235
2022-10-25,GC=F/SI=F,7.410226127908044,2.9621238186749173,-3.6970763554046147,0.9081478419183233,-0.07038069210693187,1.0427423537167146
2022-10-26,GC=F/SI=F,7.416979621381154,2.969388274715227,-3.6970763554046147,0.9081478419183233,-0.06924940658963585,1.0489643914122295
2022-10-27,GC=F/SI=F,7.414994449810572,2.9692856564412113,-3.6970763554046147,0.9081478419183233,-0.06754919558598971,1.073853365998533
2022-10-28,GC=F/SI=F,7.402207573739927,2.9521460119200724,-3.6970763554046147,0.9081478419183233,-0.07307646619869601,0.9180464645375358
2022-10-31,GC=F/SI=F,7.399948405524059,2.9509963797125995,-3.6970763554046147,0.9081478419183233,-0.07217443966639792,0.9233527979749604
2022-11-01,GC=F/SI=F,7.405495663199472,2.9792471543577874,-3.6970763554046147,0.9081478419183233,-0.04896139510770148,1.4803735621265275
2022-11-02,GC=F/SI=F,7.405921074931212,2.9755295856992126,-3.6970763554046147,0.9081478419183233,-0.05306530051238223,1.330957759422316
2022-11-03,GC=F/SI=F,7.394677508672175,2.967127058937904,-3.6970763554046147,0.9081478419183233,-0.051257006840081054,1.3323958853425293
2022-11-04,GC=F/SI=F,7.422074792002384,3.03447214590683,-3.6970763554046147,0.9081478419183233,-0.008792703601909757,2.3146312110404144
2022-11-07,GC=F/SI=F,7.424463565906283,3.039653494929226,-3.6970763554046147,0.9081478419183233,-0.005780714445169366,2.2597916306999863
2022-11-08,GC=F/SI=F,7.445475951951054,3.066982561690013,-3.6970763554046147,0.9081478419183233,0.0024659992755040605,2.3304820019512644
2022-11-09,GC=F/SI=F,7.444307113042614,3.0586131873549234,-3.6970763554046147,0.9081478419183233,-0.004841896527335798,2.0470470994735037
2022-11-10,GC=F/SI=F,7.467542508693793,3.076251792724535,-3.6970763554046147,0.9081478419183233,-0.008304465574460629,1.8852233639271325
2022-11-11,GC=F/SI=F,7.476472381163905,3.0748206756434096,-3.6970763554046147,0.9081478419183233,-0.017845227067924796,1.61513286388989
2022-11-14,GC=F/SI=F,7.4807666445368435,3.095215509215976,-3.6970763554046147,0.9081478419183233,-0.0013502195101207093,1.8780300369070901
2022-11-15,GC=F/SI=F,7.480879444469765,3.068006447974799,-3.6970763554046147,0.9081478419183233,-0.02866171976694787,1.2755655755985438
2022-11-16,GC=F/SI=F,7.480428306074208,3.0682389508587358,-3.6970763554046147,0.9081478419183233,-0.0280195165226802,1.2459330569599867
2022-11-17,GC=F/SI=F,7.473523557942899,3.042377277736188,-3.6970763554046147,0.9081478419183233,-0.04761065753079041,0.8382474200995594
2022-11-18,GC=F/SI=F,7.468456206177539,3.0433789190195,-3.6970763554046147,0.9081478419183233,-0.0420071116775258,0.9166925120685628
2022-11-21,GC=F/SI=F,7.460145035877888,3.03730603010808,-3.6970763554046147,0.9081478419183233,-0.04053222921750166,0.9155899693718242
2022-11-22,GC=F/SI=F,7.460662931217079,3.0461401949591336,-3.6970763554046147,0.9081478419183233,-0.03216838990107451,1.0450943261148595
2022-11-23,GC=F/SI=F,7.464452540395853,3.061379571222498,-3.6844095335840845,0.9063535406520913,-0.019643884210696072,1.250017441294161
2022-11-24,GC=F/SI=F,7.464452540395853,3.061379571222498,-3.6844095335840845,0.9063535406520913,-0.019643884210696072,1.211204860450927
2022-11-25,GC=F/SI=F,7.469255033325352,3.064558428874067,-3.6844095335840845,0.9063535406520913,-0.02081778302973536,1.1539591025868916
2022-11-28,GC=F/SI=F,7.461697847791268,3.040227506143178,-3.6844095335840845,0.9063535406520913,-0.038299223894442846,0.7863989080881377
2022-11-29,GC=F/SI=F,7.466456376952819,3.0541898654337305,-3.6844095335840845,0.9063535406520913,-0.028649774357758062,0.9607983229780952
2022-11-30,GC=F/SI=F,7.465082736399547,3.070375781146533,-3.6844095335840845,0.9063535406520913,-0.011218854665914435,1.312579065095786
2022-12-01,GC=F/SI=F,7.496152854787927,3.119585697299334,-3.6844095335840845,0.9063535406520913,0.009830549677099398,1.7593353948319685
2022-12-02,GC=F/SI=F,7.493261581619024,3.137145031140634,-3.6844095335840845,0.9063535406520913,0.03001039919202686,2.200864678096292
2022-12-05,GC=F/SI=F,7.4772648328974505,3.1000472160114416,-3.6844095335840845,0.9063535406520913,0.0074112939055535065,1.6468537386433326
2022-12-06,GC=F/SI=F,7.478339294716382,3.096617754772417,-3.6844095335840845,0.9063535406520913,0.003007990392645432,1.5269064927124008
2022-12-07,GC=F/SI=F,7.487453767034503,3.1228053158036246,-3.6844095335840845,0.9063535406520913,0.020934617167148062,1.940639473321784
2022-12-08,GC=F/SI=F,7.489244350701092,3.1382295898734953,-3.6844095335840845,0.9063535406520913,0.03473598939097222,2.227417531203299
2022-12-09,GC=F/SI=F,7.494485817259892,3.1584886683696602,-3.6844095335840845,0.9063535406520913,0.050244446113359764,2.4791661485938032
2022-12-12,GC=F/SI=F,7.484649502717833,3.145013946698448,-3.6844095335840845,0.9063535406520913,0.04568490295431005,2.2303991866571877
2022-12-13,GC=F/SI=F,7.503234515823355,3.1697276216043178,-3.6844095335840845,0.9063535406520913,0.05355398542892509,2.287974590924864
2022-12-14,GC=F/SI=F,7.49969995403292,3.1758012596105205,-3.6844095335840845,0.9063535406520913,0.06283118602854199,2.3629164844368744
2022-12-15,GC=F/SI=F,7.4827943435870035,3.141044015929862,-3.6844095335840845,0.9063535406520913,0.04339640223242469,1.827311964814647
2022-12-16,GC=F/SI=F,7.489970898834801,3.1420379359385673,-3.6844095335840845,0.9063535406520913,0.03788582598260337,1.6380394064272594
2022-12-19,GC=F/SI=F,7.488685129107665,3.136754262111911,-3.6844095335840845,0.9063535406520913,0.03376751410059953,1.493590393109565
2022-12-20,GC=F/SI=F,7.504336505010358,3.181962841144939,-3.6844095335840845,0.9063535406520913,0.06479041316814449,2.051874063037706
2022-12-21,GC=F/SI=F,7.504336505010358,3.1795110949973537,-3.6844095335840845,0.9063535406520913,0.062338667020559235,1.9051410627336955
2022-12-22,GC=F/SI=F,7.488293515159428,3.1559786155463745,-3.6945753400988446,0.9077798032521555,0.052832341759402546,1.6456762565325436
2022-12-23,GC=F/SI=F,7.493261581619024,3.1681718279251077,-3.6945753400988446,0.9077798032521555,0.060515643744900594,1.7321009682659487
2022-12-26,GC=F/SI=F,7.493261581619024,3.1681718279251077,-3.6945753400988446,0.9077798032521555,0.060515643744900594,1.674348028030881
2022-12-27,GC=F/SI=F,7.503730574695322,3.1797191477505065,-3.6945753400988446,0.9077798032521555,0.06255942309524887,1.6546170921626862
2022-12-28,GC=F/SI=F,7.499921243192069,3.1639126513067763,-3.6945753400988446,0.9077798032521555,0.050210960854063735,1.3738181199037938
2022-12-29,GC=F/SI=F,7.506317017052215,3.181298523756884,-3.6945753400988446,0.9077798032521555,0.06179087896776281,1.546459313539509
2022-12-30,GC=F/SI=F,7.506426904486133,3.1722872149908956,-3.6945753400988446,0.9077798032521555,0.05267981660863175,1.3245978066021797
2023-01-02,GC=F/SI=F,7.506426904486133,3.1722872149908956,-3.6945753400988446,0.9077798032521555,0.05267981660863175,1.284555223835768
2023-01-03,GC=F/SI=F,7.5173577672903855,3.180509147557234,-3.6945753400988446,0.9077798032521555,0.05097893268914966,1.2124940652697245
2023-01-04,GC=F/SI=F,7.52445331373237,3.1693493820217054,-3.6945753400988446,0.9077798032521555,0.033377973400550154,0.8644062713843453
2023-01-05,GC=F/SI=F,7.5146907893352495,3.1466491339403335,-3.6945753400988446,0.9077798032521555,0.019539947795640167,0.5946369371798006
2023-01-06,GC=F/SI=F,7.530587259434521,3.1706095445963145,-3.6945753400988446,0.9077798032521555,0.02906986395250133,0.7413247437236167
2023-01-09,GC=F/SI=F,7.535136492692812,3.1659812446091418,-3.6945753400988446,0.9077798032521555,0.020311861893167915,0.559864796593812
2023-01-10,GC=F/SI=F,7.534548945947574,3.1572982478371476,-3.6945753400988446,0.9077798032521555,0.012162228189969149,0.38717090539696125
2023-01-11,GC=F/SI=F,7.536150569288774,3.1496114735756544,-3.6945753400988446,0.9077798032521555,0.0030215326069171766,0.19117636180966693
2023-01-12,GC=F/SI=F,7.54723793495639,3.1723291786587584,-3.6945753400988446,0.9077798032521555,0.015674351065687375,0.40601017654139593
2023-01-13,GC=F/SI=F,7.5592467969995125,3.1876328422818547,-3.6945753400988446,0.9077798032521555,0.020076612265995664,0.46941570078127554
2023-01-16,GC=F/SI=F,7.5592467969995125,3.1876328422818547,-3.6945753400988446,0.9077798032521555,0.020076612265995664,0.4443243187245509
2023-01-17,GC=F/SI=F,7.553391451269035,3.1757177807467154,-3.6945753400988446,0.9077798032521555,0.013476915326042338,0.272851473613031
2023-01-18,GC=F/SI=F,7.551922290140182,3.158276231920975,-3.6945753400988446,0.9077798032521555,-0.0026309586992026013,-0.1260884146605925
2023-01-19,GC=F/SI=F,7.56117360461132,3.167750925147073,-3.6945753400988446,0.9077798032521555,-0.0015544219035383833,-0.1366025170721236
2023-01-20,GC=F/SI=F,7.563408267787914,3.170945287909058,-3.7110829582050537,0.9100946786011656,-0.0013893704877281365,-0.1668982584676244
2023-01-23,GC=F/SI=F,7.563771548535065,3.1549557647879074,-3.7110829582050537,0.9100946786011656,-0.01770951348369909,-0.6123123318606074
2023-01-24,GC=F/SI=F,7.567293980992516,3.163320837843292,-3.7110829582050537,0.9100946786011656,-0.012550187463571838,-0.5165352274268877
2023-01-25,GC=F/SI=F,7.571061592377483,3.1713229244521823,-3.7110829582050537,0.9100946786011656,-0.00797698392717816,-0.43291955028252216
2023-01-26,GC=F/SI=F,7.564808839238169,3.175132914673135,-3.7110829582050537,0.9100946786011656,0.0015236036524717278,-0.2142604149114134
2023-01-27,GC=F/SI=F,7.5645496174173275,3.1581487159581023,-3.7110829582050537,0.9100946786011656,-0.015224678662836055,-0.7445687629975041
2023-01-30,GC=F/SI=F,7.5615897548530215,3.1631516954556895,-3.7110829582050537,0.9100946786011656,-0.007527943996084474,-0.5472841514892326
2023-01-31,GC=F/SI=F,7.565016180977674,3.1674982823543685,-3.7110829582050537,0.9100946786011656,-0.006299729280071276,-0.5471971752857819
2023-02-01,GC=F/SI=F,7.564134760678286,3.157893635241024,-3.7110829582050537,0.9100946786011656,-0.01510220046933064,-0.8612996399521388
2023-02-02,GC=F/SI=F,7.558151547954867,3.158446200899412,-3.7110829582050537,0.9100946786011656,-0.009104344750420879,-0.6684520583841763
2023-02-03,GC=F/SI=F,7.52988970540107,3.106110164626585,-3.7110829582050537,0.9100946786011656,-0.035719428507572815,-1.4978560235307583
2023-02-06,GC=F/SI=F,7.531659530635456,3.099055717850029,-3.7110829582050537,0.9100946786011656,-0.044384583811997835,-1.7204282836467677
2023-02-07,GC=F/SI=F,7.534602361697269,3.096346569803249,-3.7110829582050537,0.9100946786011656,-0.04977198674815586,-1.827588123649889
2023-02-08,GC=F/SI=F,7.537643132907079,3.1075866842517694,-3.7110829582050537,0.9100946786011656,-0.041299261996527115,-1.5168776792457646
2023-02-09,GC=F/SI=F,7.531659530635456,3.0954418582272614,-3.7110829582050537,0.9100946786011656,-0.047998443434765115,-1.6811372865972858
2023-02-10,GC=F/SI=F,7.529836037320442,3.092586732923161,-3.7110829582050537,0.9100946786011656,-0.04919401717640692,-1.6587432738894863
2023-02-13,GC=F/SI=F,7.523967431251211,3.082735353542648,-3.7110829582050537,0.9100946786011656,-0.053704409402506315,-1.7552425193299126
2023-02-14,GC=F/SI=F,7.5251007461258,3.083834678462427,-3.7110829582050537,0.9100946786011656,-0.05363650831927025,-1.7144485479001625
2023-02-15,GC=F/SI=F,7.514363671503905,3.0701901625179273,-3.7110829582050537,0.9100946786011656,-0.057509269786640616,-1.8108101973378998
2023-02-16,GC=F/SI=F,7.518607216815252,3.0765746621017804,-3.7110829582050537,0.9100946786011656,-0.05498679820904595,-1.7160199394892988
2023-02-17,GC=F/SI=F,7.517738231546942,3.0770357358718576,-3.7110829582050537,0.9100946786011656,-0.05373486557049745,-1.6598666591710458
2023-02-20,GC=F/SI=F,7.517738231546942,3.0770357358718576,-3.695055501874208,0.9078506098203538,-0.052892000233613956,-1.607526262185655
2023-02-21,GC=F/SI=F,7.513709247839705,3.085070085183161,-3.695055501874208,0.9078506098203538,-0.0411999356067394,-1.2618974168150192
2023-02-22,GC=F/SI=F,7.513163545234075,3.075513376154783,-3.695055501874208,0.9078506098203538,-0.050261228191815555,-1.4769731378853257
2023-02-23,GC=F/SI=F,7.505492274737424,3.0586601132267415,-3.695055501874208,0.9078506098203538,-0.0601501235213755,-1.6986806148149947
2023-02-24,GC=F/SI=F,7.500418947958521,3.035241394914558,-3.695055501874208,0.9078506098203538,-0.07896301902351421,-2.144103513220978
2023-02-27,GC=F/SI=F,7.504942068396171,3.028683377384724,-3.695055501874208,0.9078506098203538,-0.08962735420096024,-2.3231200751848022
2023-02-28,GC=F/SI=F,7.511469985559572,3.04266358934929,-3.695055501874208,0.9078506098203538,-0.08157351581404271,-2.0126602267487606
2023-03-01,GC=F/SI=F,7.516270042131141,3.0425681309182933,-3.695055501874208,0.9078506098203538,-0.08602670853071182,-2.019948409171247
2023-03-02,GC=F/SI=F,7.5139819875113805,3.033317069886302,-3.695055501874208,0.9078506098203538,-0.09320055778085123,-2.0826518362872957
2023-03-03,GC=F/SI=F,7.521696874934672,3.0489412514170784,-3.695055501874208,0.9078506098203538,-0.08458034150200522,-1.7953496014869976
2023-03-06,GC=F/SI=F,7.521805151395167,3.0437602069335834,-3.695055501874208,0.9078506098203538,-0.08985968483618922,-1.8328284419425631
2023-03-07,GC=F/SI=F,7.503234515823355,2.998428677711296,-3.695055501874208,0.9078506098203538,-0.1183318512298559,-2.336482700257527
2023-03-08,GC=F/SI=F,7.50257269853219,2.995982200358015,-3.695055501874208,0.9078506098203538,-0.12017749735176331,-2.2416761560785643
2023-03-09,GC=F/SI=F,7.5116886856894975,2.9969814739047487,-3.695055501874208,0.9078506098203538,-0.12745417830490613,-2.26731797248501
2023-03-10,GC=F/SI=F,7.529406457837013,3.0143086591269266,-3.695055501874208,0.9078506098203538,-0.1262120833315068,-2.1257188119713395
2023-03-13,GC=F/SI=F,7.555748151993242,3.081588783705548,-3.695055501874208,0.9078506098203538,-0.08284628185632048,-1.236743511971636
2023-03-14,GC=F/SI=F,7.552866984888099,3.0878100007212073,-3.695055501874208,0.9078506098203538,-0.07400939552726271,-1.0386214916843677
2023-03-15,GC=F/SI=F,7.563512057651426,3.080716605167571,-3.695055501874208,0.9078506098203538,-0.09076692688066768,-1.3135908916413461
2023-03-16,GC=F/SI=F,7.5595594960077,3.0721375743632175,-3.695055501874208,0.9078506098203538,-0.0957576221864107,-1.3616798438740247
2023-03-17,GC=F/SI=F,7.585687318523968,3.1068710552783756,-3.695055501874208,0.9078506098203538,-0.08474430087592566,-1.1162913717431817
2023-03-20,GC=F/SI=F,7.590447976967586,3.1149809433568465,-3.695055501874208,0.9078506098203538,-0.0809563794686401,-1.016209748625092
2023-03-21,GC=F/SI=F,7.569411792450712,3.1056623062691013,-3.6511657950477785,0.9017037982663109,-0.06853926257773146,-0.7568869917980922
2023-03-22,GC=F/SI=F,7.573942303040522,3.1212629623544763,-3.6511657950477785,0.9017037982663109,-0.05702378509927453,-0.5141111510672283
2023-03-23,GC=F/SI=F,7.5977976690785844,3.141735528775261,-3.6511657950477785,0.9017037982663109,-0.058061692844042945,-0.5097937075433379
2023-03-24,GC=F/SI=F,7.591912155386678,3.146176080291519,-3.6511657950477785,0.9017037982663109,-0.048314151277045525,-0.2923917329498448
2023-03-27,GC=F/SI=F,7.576814676517634,3.1378393272436327,-3.6511657950477785,0.9017037982663109,-0.04303745028446837,-0.15779304273088027
2023-03-28,GC=F/SI=F,7.587006366727817,3.1494828478457277,-3.6511657950477785,0.9017037982663109,-0.040583815455649486,-0.0795692824656301
2023-03-29,GC=F/SI=F,7.583807151695937,3.151709831509182,-3.6511657950477785,0.9017037982663109,-0.03547208744647801,0.06360397102617169
2023-03-30,GC=F/SI=F,7.591003652019768,3.173962155319599,-3.6511657950477785,0.9017037982663109,-0.019708875312283602,0.4504077177113656
2023-03-31,GC=F/SI=F,7.585281078639126,3.1812155025583873,-3.6511657950477785,0.9017037982663109,-0.007295461920313606,0.7808853330592384
2023-04-03,GC=F/SI=F,7.592819895654822,3.175592469714492,-3.6511657950477785,0.9017037982663109,-0.0197162747016959,0.5314635697357712
2023-04-04,GC=F/SI=F,7.611941282511257,3.2197554122829812,-3.6511657950477785,0.9017037982663109,0.007204840710225646,1.2273319662058522
2023-04-05,GC=F/SI=F,7.6112982478049895,3.217394702302385,-3.6511657950477785,0.9017037982663109,0.005423957566687676,1.1964765278501013
2023-04-06,GC=F/SI=F,7.60683484033002,3.2198753099577386,-3.6511657950477785,0.9017037982663109,0.011929236695431555,1.3864675572304925
2023-04-07,GC=F/SI=F,7.60683484033002,3.2198753099577386,-3.6511657950477785,0.9017037982663109,0.011929236695431555,1.3969078619067263
2023-04-10,GC=F/SI=F,7.59543754183709,3.2126968008134087,-3.6511657950477785,0.9017037982663109,0.0150277148921516,1.4753894175351925
2023-04-11,GC=F/SI=F,7.603299608497412,3.2241021644835617,-3.6511657950477785,0.9017037982663109,0.019343823192469856,1.56941026864882
2023-04-12,GC=F/SI=F,7.606337674172885,3.234906615512342,-3.6511657950477785,0.9017037982663109,0.02740883886229284,1.7662139627023468
2023-04-13,GC=F/SI=F,7.6213421626996505,3.25323862472615,-3.6511657950477785,0.9017037982663109,0.03221124378047424,1.8742080239870063
2023-04-14,GC=F/SI=F,7.602001830598146,3.2356936013919433,-3.6511657950477785,0.9017037982663109,0.03210547136192421,1.8513194209157493
2023-04-17,GC=F/SI=F,7.597998221909623,3.2209935607402103,-3.6511657950477785,0.9017037982663109,0.02101549987140583,1.551672639138759
2023-04-18,GC=F/SI=F,7.604595643541732,3.2287469126325767,-3.6511657950477785,0.9017037982663109,0.0228199316193356,1.5682808674767492
2023-04-19,GC=F/SI=F,7.598499550452974,3.2334096639664454,-3.6461509238912337,0.9010028657674513,0.0332907173668584,1.7900810042435034
2023-04-20,GC=F/SI=F,7.604695245619959,3.2334885384390413,-3.6461509238912337,0.9010028657674513,0.027787252738580293,1.6165210724903252
2023-04-21,GC=F/SI=F,7.590599566546185,3.2209935607402103,-3.6461509238912337,0.9010028657674513,0.027992522280158028,1.5755728803552569
2023-04-24,GC=F/SI=F,7.59543754183709,3.231041512119533,-3.6461509238912337,0.9010028657674513,0.03368144405786211,1.664216683335803
2023-04-25,GC=F/SI=F,7.597897950521784,3.213943714331213,-3.6461509238912337,0.9010028657674513,0.014366810993674761,1.1911242834972837
2023-04-26,GC=F/SI=F,7.593726751203106,3.213702477751032,-3.6461509238912337,0.9010028657674513,0.01788383695330964,1.258700685998478
2023-04-27,GC=F/SI=F,7.59583967746861,3.2181955856233673,-3.6461509238912337,0.9010028657674513,0.02047319220527033,1.290893451424651
2023-04-28,GC=F/SI=F,7.59594015544451,3.2188358460417144,-3.6461509238912337,0.9010028657674513,0.021022921679384687,1.2808541017491806
2023-05-01,GC=F/SI=F,7.592567835061222,3.2192357912004756,-3.6461509238912337,0.9010028657674513,0.0244613371677751,1.333563966193151
2023-05-02,GC=F/SI=F,7.608027043725119,3.234906615512342,-3.6461509238912337,0.9010028657674513,0.026203370170973628,1.3410153800078326
2023-05-03,GC=F/SI=F,7.615101166906963,3.237736825920696,-3.6461509238912337,0.9010028657674513,0.022659775319693765,1.2396341456353897
2023-05-04,GC=F/SI=F,7.6246189861593985,3.259441780753987,-3.6461509238912337,0.9010028657674513,0.03578914773068398,1.4776735378764654
2023-05-05,GC=F/SI=F,7.609564844722481,3.2481627466785645,-3.6461509238912337,0.9010028657674513,0.03807393823159266,1.473829215477917
2023-05-08,GC=F/SI=F,7.6139667729684675,3.243997601142582,-3.6461509238912337,0.9010028657674513,0.029942642731072944,1.2593264361234024
2023-05-09,GC=F/SI=F,7.618840580693071,3.246413166079969,-3.6461509238912337,0.9010028657674513,0.027966892941392985,1.1825662329982487
2023-05-10,GC=F/SI=F,7.616037347126352,3.2371478870353627,-3.6461509238912337,0.9010028657674513,0.02122733537381638,1.014885920698479
2023-05-11,GC=F/SI=F,7.608225555685935,3.1886227470967508,-3.6461509238912337,0.9010028657674513,-0.020259358090202184,0.17790451392997822
2023-05-12,GC=F/SI=F,7.608126304631402,3.177720465614513,-3.6461509238912337,0.9010028657674513,-0.031072214087875416,-0.04315052620297798
2023-05-15,GC=F/SI=F,7.609862200913554,3.18333157886243,-3.6461509238912337,0.9010028657674513,-0.027025148364852924,0.02888307719701393
2023-05-16,GC=F/SI=F,7.5950855864987625,3.1670349916283445,-3.6461509238912337,0.9010028657674513,-0.03000796366487002,-0.038991168594608064
2023-05-17,GC=F/SI=F,7.5912055719112645,3.1676667715097833,-3.6461509238912337,0.9010028657674513,-0.025880279520875682,0.03422178085048675
2023-05-18,GC=F/SI=F,7.578912441650467,3.156787668274438,-3.6547174414268384,0.9021970991564014,-0.026167709916134818,0.01993187615049047
2023-05-19,GC=F/SI=F,7.5901953177215224,3.174714932271977,-3.6547174414268384,0.9021970991564014,-0.01841982398004305,0.16446678147965024
2023-05-22,GC=F/SI=F,7.588222431110313,3.16610776576378,-3.6547174414268384,0.9021970991564014,-0.025247057910641857,0.02264519919611476
2023-05-23,GC=F/SI=F,7.587006366727817,3.155893465329722,-3.6547174414268384,0.9021970991564014,-0.034364228586425405,-0.1654536446669399
2023-05-24,GC=F/SI=F,7.582127329092518,3.1404817475383138,-3.6547174414268384,0.9021970991564014,-0.045374092776591546,-0.39263629773956954
2023-05-25,GC=F/SI=F,7.57203990229249,3.1261462814717325,-3.6547174414268384,0.9021970991564014,-0.050608711646234816,-0.5111259118271931
2023-05-26,GC=F/SI=F,7.572554411468566,3.1458749221350946,-3.6547174414268384,0.9021970991564014,-0.03134425966901855,-0.13979518371677785
2023-05-29,GC=F/SI=F,7.572554411468566,3.1458749221350946,-3.6547174414268384,0.9021970991564014,-0.03134425966901855,-0.15763228211420943
2023-05-30,GC=F/SI=F,7.579678823090456,3.140914283398489,-3.6547174414268384,0.9021970991564014,-0.04273252190408883,-0.41379450453519284
2023-05-31,GC=F/SI=F,7.5826875835525955,3.155893465329722,-3.6547174414268384,0.9021970991564014,-0.030467834933855187,-0.17904662733814886
2023-06-01,GC=F/SI=F,7.589841512182657,3.172831886366794,-3.6547174414268384,0.9021970991564014,-0.019983667554395623,0.02407076256424302
2023-06-02,GC=F/SI=F,7.576814676517634,3.163067073195814,-3.6547174414268384,0.9021970991564014,-0.017995707377204795,0.043627257759609496
2023-06-05,GC=F/SI=F,7.579678823090456,3.158446200899412,-3.6547174414268384,0.9021970991564014,-0.025200604403165627,-0.1536425027532266
2023-06-06,GC=F/SI=F,7.583501944861915,3.160144384560771,-3.6547174414268384,0.9021970991564014,-0.026951630113738467,-0.23784494524890368
2023-06-07,GC=F/SI=F,7.571834011910578,3.154401266528716,-3.6547174414268384,0.9021970991564014,-0.02216797288394634,-0.17222736069785444
2023-06-08,GC=F/SI=F,7.5825347897505795,3.1889937678708185,-3.6547174414268384,0.9021970991564014,0.002770317732189831,0.44097586940655453
2023-06-09,GC=F/SI=F,7.581821546844913,3.191874534315905,-3.6547174414268384,0.9021970991564014,0.006294569857762333,0.5131256943196969
2023-06-12,GC=F/SI=F,7.57829893830442,3.1774286604012465,-3.6547174414268384,0.9021970991564014,-0.004973216850199691,0.17070067278506157
2023-06-13,GC=F/SI=F,7.572811566820757,3.1678351519922576,-3.6547174414268384,0.9021970991564014,-0.009616034624634118,0.0012544865054300582
2023-06-14,GC=F/SI=F,7.57829893830442,3.179885511196311,-3.6547174414268384,0.9021970991564014,-0.0025163660551354994,0.17997032368052213
2023-06-15,GC=F/SI=F,7.579576697767632,3.1735018502753776,-3.6547174414268384,0.9021970991564014,-0.010052817857198804,-0.10033771159097904
2023-06-16,GC=F/SI=F,7.579883104784338,3.1812155025583873,-3.6424567591543098,0.9004854556730449,-0.0019022298474427046,0.13618938652691018
2023-06-19,GC=F/SI=F,7.579883104784338,3.1812155025583873,-3.6424567591543098,0.9004854556730449,-0.0019022298474427046,0.10382395018878562
2023-06-20,GC=F/SI=F,7.568120970017703,3.143850543217503,-3.6424567591543098,0.9004854556730449,-0.02867555790330556,-0.912262285871669
2023-06-21,GC=F/SI=F,7.566983691594818,3.1256195417585144,-3.6424567591543098,0.9004854556730449,-0.04588245668343571,-1.605305134732336
2023-06-22,GC=F/SI=F,7.556271109868112,3.1106668483716473,-3.6424567591543098,0.9004854556730449,-0.051188626032694806,-1.8120116746752009
2023-06-23,GC=F/SI=F,7.559611592402581,3.105841456597252,-3.6424567591543098,0.9004854556730449,-0.05902207374430901,-2.0871120871542943
2023-06-26,GC=F/SI=F,7.562005668529734,3.1269798235456316,-3.6424567591543098,0.9004854556730449,-0.040039537528205216,-1.3361717698815094
2023-06-27,GC=F/SI=F,7.5569505720129,3.1328384828517404,-3.6424567591543098,0.9004854556730449,-0.029628837331663327,-0.9459587911731194
2023-06-28,GC=F/SI=F,7.556062010602644,3.129738554736235,-3.6424567591543098,0.9004854556730449,-0.03192862882076142,-1.0202206582000695
2023-06-29,GC=F/SI=F,7.554439559556566,3.1175515793137327,-3.6424567591543098,0.9004854556730449,-0.04265461067372911,-1.387468163787752
2023-06-30,GC=F/SI=F,7.56065320492602,3.127199012882986,-3.6424567591543098,0.9004854556730449,-0.03860247438637998,-1.2114183037219666
2023-07-03,GC=F/SI=F,7.560965464529564,3.1309622188154607,-3.6424567591543098,0.9004854556730449,-0.03512045368528938,-1.050003149594507
2023-07-04,GC=F/SI=F,7.560965464529564,3.1309622188154607,-3.6424567591543098,0.9004854556730449,-0.03512045368528938,-1.0196291554867658
2023-07-05,GC=F/SI=F,7.559872097265783,3.144022981673252,-3.6424567591543098,0.9004854556730449,-0.021075129508754564,-0.4957574755748055
2023-07-06,GC=F/SI=F,7.554177635453971,3.1217480304576917,-3.6424567591543098,0.9004854556730449,-0.038222300684892296,-1.0809604698191826
2023-07-07,GC=F/SI=F,7.563304403777306,3.1394861962301728,-3.6424567591543098,0.9004854556730449,-0.028702657044872737,-0.7138129130844433
2023-07-10,GC=F/SI=F,7.562681246721884,3.1420379359385673,-3.6424567591543098,0.9004854556730449,-0.025589773471470068,-0.5803322090069389
2023-07-11,GC=F/SI=F,7.56594865556107,3.1392263923603925,-3.6424567591543098,0.9004854556730449,-0.03134357118706976,-0.7614216634572725
2023-07-12,GC=F/SI=F,7.57875906989569,3.182999890119739,-3.6424567591543098,0.9004854556730449,0.0008943347828065384,0.4262739810807098
2023-07-13,GC=F/SI=F,7.580291480715476,3.209552483237737,-3.6424567591543098,0.9004854556730449,0.026067014245470865,1.3768419513100705
2023-07-14,GC=F/SI=F,7.580750758875711,3.219435665686675,-3.6424567591543098,0.9004854556730449,0.035536623391008604,1.715088663074761
2023-07-17,GC=F/SI=F,7.576814676517634,3.2126162691694,-3.6300886782027737,0.8987564168531241,0.032994137545022006,1.5970663087339034
2023-07-18,GC=F/SI=F,7.589436956737211,3.2222301780813907,-3.6300886782027737,0.8987564168531241,0.0312636911143489,1.5350472605076373
2023-07-19,GC=F/SI=F,7.589588699641809,3.2275976732346083,-3.6300886782027737,0.8987564168531241,0.036494806358347454,1.7172679947845806
2023-07-20,GC=F/SI=F,7.584925529826199,3.2110452580560067,-3.6300886782027737,0.8987564168531241,0.024133444974401286,1.2566416727143463
2023-07-21,GC=F/SI=F,7.582891251598004,3.2067222668421866,-3.6300886782027737,0.8987564168531241,0.021638774371836256,1.1820933477165978
2023-07-24,GC=F/SI=F,7.5808528266448745,3.1960574885072206,-3.6300886782027737,0.8987564168531241,0.012806043543769796,0.8553012350933321
2023-07-25,GC=F/SI=F,7.581770594783233,3.205993211402494,-3.6300886782027737,0.8987564168531241,0.021916916435509748,1.1889455079582962
2023-07-26,GC=F/SI=F,7.585230302547636,3.211851240663943,-3.6300886782027737,0.8987564168531241,0.024665511143264318,1.2859212250480865
2023-07-27,GC=F/SI=F,7.573222902984976,3.1878391336011105,-3.6300886782027737,0.8987564168531241,0.011445131487091587,0.8057842252351763
2023-07-28,GC=F/SI=F,7.580903825489005,3.1933529020742664,-3.6300886782027737,0.8987564168531241,0.010055621572400142,0.7693800359522802
2023-07-31,GC=F/SI=F,7.586042596635059,3.2130187090674243,-3.6300886782027737,0.8987564168531241,0.025102925023302802,1.336828084337953
2023-08-01,GC=F/SI=F,7.570803986557991,3.1866831646098412,-3.6300886782027737,0.8987564168531241,0.012463179156408266,0.8716017604279528
2023-08-02,GC=F/SI=F,7.569102159593741,3.167750925147073,-3.6300886782027737,0.8987564168531241,-0.00493953240186773,0.25454430691783797
2023-08-03,GC=F/SI=F,7.566311014772463,3.1606533344291146,-3.6300886782027737,0.8987564168531241,-0.009528563801335821,0.11248560688917995
2023-08-04,GC=F/SI=F,7.570237032644034,3.1619668162465655,-3.6300886782027737,0.8987564168531241,-0.011743615738638802,0.05288995218069769
2023-08-07,GC=F/SI=F,7.567087111047352,3.1416491570257583,-3.6300886782027737,0.8987564168531241,-0.029230262711845256,-0.6190662270316107
2023-08-08,GC=F/SI=F,7.562213592238408,3.1231135012362827,-3.6300886782027737,0.8987564168531241,-0.04338581219912818,-1.1677912653672722
2023-08-09,GC=F/SI=F,7.557681769833714,3.1201598350871125,-3.6300886782027737,0.8987564168531241,-0.04226647388203997,-1.0962410467974752
2023-08-10,GC=F/SI=F,7.557159549347017,3.124389318508098,-3.6300886782027737,0.8987564168531241,-0.037567641447624034,-0.8953267759560425
2023-08-11,GC=F/SI=F,7.556375706921461,3.121218884173909,-3.6300886782027737,0.8987564168531241,-0.04003359237204229,-0.9822904508160277
2023-08-14,GC=F/SI=F,7.55517259505769,3.1198948764169248,-3.6300886782027737,0.8987564168531241,-0.040276295621271,-0.9807093963820093
2023-08-15,GC=F/SI=F,7.550924089735841,3.1177286124739747,-3.6307696434742205,0.8988501690389776,-0.03865113851135327,-0.9019344493999256
2023-08-16,GC=F/SI=F,7.547554411164222,3.1126260046623373,-3.6307696434742205,0.8988501690389776,-0.04072491016928481,-0.9704223330959447
2023-08-17,GC=F/SI=F,7.54120551932601,3.121042467884852,-3.6307696434742205,0.8988501690389776,-0.02660174444478347,-0.4031998558890409
2023-08-18,GC=F/SI=F,7.542266471112921,3.1221446224616,-3.6307696434742205,0.8988501690389776,-0.026453226561041987,-0.39649576067527215
2023-08-21,GC=F/SI=F,7.54607664304826,3.1486250563243225,-3.6307696434742205,0.8988501690389776,-0.0033975663864671546,0.49169976360550943
2023-08-22,GC=F/SI=F,7.547712643901862,3.153590361427212,-3.6307696434742205,0.8988501690389776,9.721907261450724e-05,0.6067588616475099
2023-08-23,GC=F/SI=F,7.559298909687007,3.1930656236680495,-3.6307696434742205,0.8988501690389776,0.02915816435394447,1.7347724469747237
2023-08-24,GC=F/SI=F,7.559142499838671,3.186807093619713,-3.6307696434742205,0.8988501690389776,0.023040223324223952,1.4259725863565669
2023-08-25,GC=F/SI=F,7.555434258720061,3.1871787097745945,-3.6307696434742205,0.8988501690389776,0.026744992635404863,1.5183003446701926
2023-08-28,GC=F/SI=F,7.558986129170371,3.1879216854300716,-3.6307696434742205,0.8988501690389776,0.0242953689362162,1.372264165972331
2023-08-29,GC=F/SI=F,7.568637498954807,3.209915820740347,-3.6307696434742205,0.8988501690389776,0.03761436888429426,1.8281060733331362
2023-08-30,GC=F/SI=F,7.572657319215252,3.208178785091003,-3.6307696434742205,0.8988501690389776,0.03226411711434274,1.5526885546798543
2023-08-31,GC=F/SI=F,7.569514961107938,3.1975296118367647,-3.6307696434742205,0.8988501690389776,0.024439452976045217,1.2131461435369608
2023-09-01,GC=F/SI=F,7.570340179131174,3.18767408820794,-3.6307696434742205,0.8988501690389776,0.013842181987540947,0.7944036641929522
2023-09-04,GC=F/SI=F,7.570340179131174,3.18767408820794,-3.6307696434742205,0.8988501690389776,0.013842181987540947,0.7702500047643067
2023-09-05,GC=F/SI=F,7.563304403777306,3.1594654895019203,-3.6307696434742205,0.8988501690389776,-0.008042308852334479,-0.03402426465307536
2023-09-06,GC=F/SI=F,7.559090378999389,3.144410838966362,-3.6307696434742205,0.8988501690389776,-0.019309182503927325,-0.4309332153023963
2023-09-07,GC=F/SI=F,7.558777533241411,3.133317969750103,-3.6307696434742205,0.8988501690389776,-0.030120850257746135,-0.8035337783865799
2023-09-08,GC=F/SI=F,7.5592467969995125,3.1307875132120775,-3.6307696434742205,0.8988501690389776,-0.033073104604064874,-0.8904371670288702
2023-09-11,GC=F/SI=F,7.561797765049001,3.1399625069648724,-3.6307696434742205,0.8988501690389776,-0.026191048913765336,-0.6281805975221777
2023-09-12,GC=F/SI=F,7.555538943337627,3.1410008011137047,-3.6307696434742205,0.8988501690389776,-0.01952701181167882,-0.3780234144152164
2023-09-13,GC=F/SI=F,7.554387193012356,3.131660819415103,-3.6299811649437737,0.898739249962226,-0.027782295413294023,-0.6633110319624104
2023-09-14,GC=F/SI=F,7.554858521040676,3.124477193893479,-3.6299811649437737,0.898739249962226,-0.03538952193357581,-0.9143116892819645
2023-09-15,GC=F/SI=F,7.562005668529734,3.140957501953574,-3.6299811649437737,0.898739249962226,-0.025332635847167495,-0.5389169196025194
2023-09-18,GC=F/SI=F,7.566052182106336,3.145530653748797,-3.6299811649437737,0.898739249962226,-0.02439624462874157,-0.5086276964854852
2023-09-19,GC=F/SI=F,7.566311014772463,3.1438936350605364,-3.6299811649437737,0.898739249962226,-0.02626588639322236,-0.5923831040917782
2023-09-20,GC=F/SI=F,7.573325679223501,3.160356505450086,-3.6299811649437737,0.898739249962226,-0.0161073702711354,-0.250880290398238
2023-09-21,GC=F/SI=F,7.559663686083568,3.1546146090279614,-3.6299811649437737,0.898739249962226,-0.00957069722568793,-0.041772314307153155
2023-09-22,GC=F/SI=F,7.562889030023861,3.1610772345942406,-3.6299811649437737,0.898739249962226,-0.0060068148531771115,0.07256185512605415
2023-09-25,GC=F/SI=F,7.558308049171447,3.141778794261314,-3.6299811649437737,0.898739249962226,-0.021188147890713438,-0.5099626651672575
2023-09-26,GC=F/SI=F,7.549819682159568,3.133317969750103,-3.6299811649437737,0.898739249962226,-0.0220201438002654,-0.5500836816300639
2023-09-27,GC=F/SI=F,7.534548945947574,3.112492532256159,-3.6299811649437737,0.898739249962226,-0.029121171284669956,-0.8397394966924583
2023-09-28,GC=F/SI=F,7.528546810472959,3.1141817266448713,-3.6299811649437737,0.898739249962226,-0.022037622161331427,-0.5790534960111995
2023-09-29,GC=F/SI=F,7.521913350081353,3.1017125998361035,-3.6299811649437737,0.898739249962226,-0.028544997753092716,-0.842132898636399
2023-10-02,GC=F/SI=F,7.512071245835466,3.054849897453957,-3.6299811649437737,0.898739249962226,-0.06656221474724067,-2.3225006081656923
2023-10-03,GC=F/SI=F,7.5091160505308725,3.0529628832317,-3.6299811649437737,0.898739249962226,-0.06579327895795561,-2.178087828529
2023-10-04,GC=F/SI=F,7.5057672644270435,3.0424249716924536,-3.6299811649437737,0.898739249962226,-0.07332150498596235,-2.3779095798499075
2023-10-05,GC=F/SI=F,7.504721887628686,3.037257999889104,-3.6299811649437737,0.898739249962226,-0.07754895562962894,-2.409624078019408
2023-10-06,GC=F/SI=F,7.512180502802158,3.069911714231832,-3.6299811649437737,0.898739249962226,-0.05159859149366408,-1.415115114478322
2023-10-09,GC=F/SI=F,7.522670611272509,3.079199843001213,-3.6299811649437737,0.898739249962226,-0.05173833494294833,-1.3928214150038458
2023-10-10,GC=F/SI=F,7.528869256642251,3.0808084031654404,-3.6299811649437737,0.898739249962226,-0.055700740669104576,-1.4753400762575735
2023-10-11,GC=F/SI=F,7.535189942248959,3.0890860286443007,-3.6299811649437737,0.898739249962226,-0.053103763431663786,-1.3413573897876914
2023-10-12,GC=F/SI=F,7.53331933433936,3.081542921564685,-3.6147747760239475,0.8966079908009049,-0.058116614834991864,-1.4665208566008985
2023-10-13,GC=F/SI=F,7.563927236084025,3.1235536134363207,-3.6147747760239475,0.8966079908009049,-0.043549212249271996,-0.9459745527958565
2023-10-16,GC=F/SI=F,7.56065320492602,3.1183923132846396,-3.6147747760239475,0.8966079908009049,-0.04577498990255435,-0.9915959636555081
2023-10-17,GC=F/SI=F,7.561485701782688,3.129519921393946,-3.6147747760239475,0.8966079908009049,-0.035393805127252875,-0.6155587147821879
2023-10-18,GC=F/SI=F,7.57829893830442,3.1330564750579275,-3.6147747760239475,0.8966079908009049,-0.04693213367988225,-0.985154485179328
2023-10-19,GC=F/SI=F,7.584976321394822,3.130569025774236,-3.6147747760239475,0.8966079908009049,-0.055406578000066986,-1.2467439940057123
2023-10-20,GC=F/SI=F,7.592113953509003,3.150639802562351,-3.6147747760239475,0.8966079908009049,-0.0417354592009227,-0.7379233273371522
2023-10-23,GC=F/SI=F,7.588981713353227,3.138619782927263,-3.6147747760239475,0.8966079908009049,-0.050947087283234715,-1.0329154705660162
2023-10-24,GC=F/SI=F,7.5883236773352225,3.1346242525005192,-3.6147747760239475,0.8966079908009049,-0.05435261735800179,-1.1240991065479171
2023-10-25,GC=F/SI=F,7.592920677495569,3.130132074384252,-3.6147747760239475,0.8966079908009049,-0.06296650255174896,-1.3934868433438075
2023-10-26,GC=F/SI=F,7.594481867167841,3.1261902267039265,-3.6147747760239475,0.8966079908009049,-0.0683081253673885,-1.5357204836074552
2023-10-27,GC=F/SI=F,7.595186140268963,3.1254439001794543,-3.6147747760239475,0.8966079908009049,-0.0696859087820334,-1.5429406727332822
2023-10-30,GC=F/SI=F,7.599000627791948,3.14768051213052,-3.6147747760239475,0.8966079908009049,-0.05086939682488634,-0.8277470318365818
2023-10-31,GC=F/SI=F,7.593474919117212,3.1285571492973574,-3.6147747760239475,0.8966079908009049,-0.06503836510544225,-1.3022149690581062
2023-11-01,GC=F/SI=F,7.590245904029177,3.121703889573603,-3.6147747760239475,0.8966079908009049,-0.06899646409884852,-1.3973794078098045
2023-11-02,GC=F/SI=F,7.593676402154784,3.124609076330162,-3.6147747760239475,0.8966079908009049,-0.06916708937413585,-1.3550212244746183
2023-11-03,GC=F/SI=F,7.596643402621699,3.1441953903991062,-3.6147747760239475,0.8966079908009049,-0.05224101163253714,-0.7376619150114065
2023-11-06,GC=F/SI=F,7.591659865854771,3.1419515903056787,-3.6147747760239475,0.8966079908009049,-0.050016532838286665,-0.6552539064834326
2023-11-07,GC=F/SI=F,7.584163160363961,3.1138707758097923,-3.6147747760239475,0.8966079908009049,-0.07137574128643287,-1.3734244275783474
2023-11-08,GC=F/SI=F,7.5763535866206695,3.1200273645274055,-3.6147747760239475,0.8966079908009049,-0.0582170263458357,-0.8963244825750705
2023-11-09,GC=F/SI=F,7.582840291864634,3.1281192341955224,-3.6147747760239475,0.8966079908009049,-0.05594118843342777,-0.8060397872039299
2023-11-10,GC=F/SI=F,7.5666215129324526,3.1007677432565592,-3.5874003187482852,0.8927880141339334,-0.0672209322292181,-1.167095744008063
2023-11-13,GC=F/SI=F,7.573274292424609,3.104541824831328,-3.5874003187482852,0.8927880141339334,-0.06938637244572288,-1.2110783895026873
2023-11-14,GC=F/SI=F,7.581617723019666,3.1389231336407026,-3.5874003187482852,0.8927880141339334,-0.042453978468373954,-0.3115258112389323
2023-11-15,GC=F/SI=F,7.580750758875711,3.1563619454679537,-3.5874003187482852,0.8927880141339334,-0.02424115144471628,0.2859032929929045
2023-11-16,GC=F/SI=F,7.592819895654822,3.173543683172598,-3.5874003187482852,0.8927880141339334,-0.017834594397404757,0.4918685315544833
2023-11-17,GC=F/SI=F,7.591659865854771,3.1700636610976485,-3.5874003187482852,0.8927880141339334,-0.02027895577083072,0.4225567524469063
2023-11-20,GC=F/SI=F,7.5896898076386305,3.160356505450086,-3.5874003187482852,0.8927880141339334,-0.028227267055877192,0.17604318439608443
2023-11-21,GC=F/SI=F,7.600552422700397,3.171490690485442,-3.5874003187482852,0.8927880141339334,-0.026791094549817096,0.26215471396680406
2023-11-22,GC=F/SI=F,7.596593200213732,3.164292952484262,-3.5874003187482852,0.8927880141339334,-0.030454086169612538,0.16987116681831774
2023-11-23,GC=F/SI=F,7.596593200213732,3.164292952484262,-3.5874003187482852,0.8927880141339334,-0.030454086169612538,0.20994009714960202
2023-11-24,GC=F/SI=F,7.602001830598146,3.191669073872726,-3.5874003187482852,0.8927880141339334,-0.007906725161234363,1.1092117476773844
2023-11-27,GC=F/SI=F,7.606785146971102,3.205669033251937,-3.5874003187482852,0.8927880141339334,0.0018227466923912417,1.598000239049725
2023-11-28,GC=F/SI=F,7.620557993261648,3.2160719097767734,-3.5874003187482852,0.8927880141339334,-7.060887148035988e-05,1.6137558030093415
2023-11-29,GC=F/SI=F,7.624179424520405,3.221751705697425,-3.5874003187482852,0.8927880141339334,0.0023760166273429917,1.7989663862233152
2023-11-30,GC=F/SI=F,7.619773268313499,3.2305276486511545,-3.5874003187482852,0.8927880141339334,0.015085723030999532,2.404350361405391
2023-12-01,GC=F/SI=F,7.635786861395585,3.2386392572518155,-3.5874003187482852,0.8927880141339334,0.008900587664756543,2.1232556664305915
2023-12-04,GC=F/SI=F,7.612880424239801,3.200915511919462,-3.5874003187482852,0.8927880141339334,-0.008372565128401455,1.3154140722989387
2023-12-05,GC=F/SI=F,7.610109940292996,3.186393963449981,-3.5874003187482852,0.8927880141339334,-0.02042065873682386,0.776542258514349
2023-12-06,GC=F/SI=F,7.616037347126352,3.1734180993884693,-3.5874003187482852,0.8927880141339334,-0.03868844057405241,-0.01946832088475114
2023-12-07,GC=F/SI=F,7.615741821765947,3.166824363184537,-3.5874003187482852,0.8927880141339334,-0.04501833527834176,-0.2882532713646186
2023-12-08,GC=F/SI=F,7.600052122522075,3.1342325800266746,-3.5874003187482852,0.8927880141339334,-0.06360254300590906,-1.0775103894895173
2023-12-11,GC=F/SI=F,7.589841512182657,3.1255756551945546,-3.5755613309186347,0.8911365297132403,-0.06244804012675598,-0.9941266581403788
2023-12-12,GC=F/SI=F,7.589740419523991,3.1235976727492263,-3.5755613309186347,0.8911365297132403,-0.06433593521106129,-1.0456890694749479
2023-12-13,GC=F/SI=F,7.592013090328221,3.1196740800521505,-3.5755613309186347,0.8911365297132403,-0.07028478788179893,-1.269818999681176
2023-12-14,GC=F/SI=F,7.615889565299437,3.1820458794804773,-3.5755613309186347,0.8911365297132403,-0.029190187501106912,0.498086465102566
2023-12-15,GC=F/SI=F,7.611397184555132,3.1726224755092383,-3.5755613309186347,0.8911365297132403,-0.03461026688571511,0.2741300025688176
2023-12-18,GC=F/SI=F,7.6139667729684675,3.1709872278892712,-3.5755613309186347,0.8911365297132403,-0.03853536860713369,0.11479031470010644
2023-12-19,GC=F/SI=F,7.619920477354915,3.1797191477505065,-3.5755613309186347,0.8911365297132403,-0.03510901221177587,0.27693002657123245
2023-12-20,GC=F/SI=F,7.618005367441745,3.192408643666802,-3.5755613309186347,0.8911365297132403,-0.020712891893436947,0.9207864450624607
2023-12-21,GC=F/SI=F,7.620263801047742,3.1907643420639755,-3.5755613309186347,0.8911365297132403,-0.02436976618250064,0.7828669423732704
2023-12-22,GC=F/SI=F,7.629052550431204,3.1900647807056135,-3.5755613309186347,0.8911365297132403,-0.03290130316695983,0.4123337388534277
2023-12-25,GC=F/SI=F,7.629052550431204,3.1900647807056135,-3.5755613309186347,0.8911365297132403,-0.03290130316695983,0.42204327113647055
2023-12-26,GC=F/SI=F,7.629587069678288,3.1840358647380276,-3.5755613309186347,0.8911365297132403,-0.039406548761458104,0.13806071231974504
2023-12-27,GC=F/SI=F,7.641036170374455,3.193558016883911,-3.5755613309186347,0.8911365297132403,-0.040087108478293665,0.12097795910032079
2023-12-28,GC=F/SI=F,7.637186124531112,3.1836216668963013,-3.5755613309186347,0.8911365297132403,-0.04659254197383067,-0.16049613942286595
2023-12-29,GC=F/SI=F,7.631625584834141,3.1719100224548997,-3.5755613309186347,0.8911365297132403,-0.053348986366340334,-0.48008648229271395
2024-01-01,GC=F/SI=F,7.631625584834141,3.1719100224548997,-3.5755613309186347,0.8911365297132403,-0.053348986366340334,-0.49238095863830506
2024-01-02,GC=F/SI=F,7.632594858969664,3.1668664763492074,-3.5755613309186347,0.8911365297132403,-0.05925628806150307,-0.7852837218790497
2024-01-03,GC=F/SI=F,7.617857876187895,3.1331435921376847,-3.5755613309186347,0.8911365297132403,-0.07984650857843612,-1.7738300683232595
2024-01-04,GC=F/SI=F,7.621831926631511,3.135015854594981,-3.5755613309186347,0.8911365297132403,-0.0815156676423694,-1.7893089293506688
2024-01-05,GC=F/SI=F,7.621880877880889,3.1407845340344025,-3.5755613309186347,0.8911365297132403,-0.07579061044944346,-1.4713553469315155
2024-01-08,GC=F/SI=F,7.614114778967409,3.1406980801031983,-3.5755613309186347,0.8911365297132403,-0.06895640994547936,-1.1358553091846706
2024-01-09,GC=F/SI=F,7.614016110735463,3.1313115384827364,-3.5499478564014106,0.8875694261218114,-0.07670851500355447,-1.452771004008829
2024-01-10,GC=F/SI=F,7.611693996468268,3.1304380104124974,-3.5499478564014106,0.8875694261218114,-0.07552100544627027,-1.3696705075658033
2024-01-11,GC=F/SI=F,7.608027043725119,3.115158432149894,-3.5499478564014106,0.8875694261218114,-0.08754590856702027,-1.8375940626757816
2024-01-12,GC=F/SI=F,7.623983995128402,3.1425130330899607,-3.5499478564014106,0.8875694261218114,-0.07435420982661878,-1.218495596871385
2024-01-15,GC=F/SI=F,7.623983995128402,3.1425130330899607,-3.5499478564014106,0.8875694261218114,-0.07435420982661878,-1.1807344219555953
2024-01-16,GC=F/SI=F,7.613818684808629,3.132576945900297,-3.5499478564014106,0.8875694261218114,-0.07526787836941207,-1.1872240385795398
2024-01-17,GC=F/SI=F,7.60220160308252,3.114226200808418,-3.5499478564014106,0.8875694261218114,-0.08330765690043851,-1.4843952885701985
2024-01-18,GC=F/SI=F,7.610159468710207,3.1209101142041558,-3.5499478564014106,0.8875694261218114,-0.08368690173302173,-1.4485249904460606
2024-01-19,GC=F/SI=F,7.614065446068364,3.116665858591651,-3.5499478564014106,0.8875694261218114,-0.09139798342774963,-1.7034813848202306
2024-01-22,GC=F/SI=F,7.610753799767189,3.098424236596899,-3.5499478564014106,0.8875694261218114,-0.10670028941545073,-2.2232867802267284
2024-01-23,GC=F/SI=F,7.612682773949469,3.106110164626585,-3.5499478564014106,0.8875694261218114,-0.10072645989373541,-1.901934031624436
2024-01-24,GC=F/SI=F,7.6078284317355935,3.12478486458733,-3.5499478564014106,0.8875694261218114,-0.0777431942000204,-1.0186126712289931
2024-01-25,GC=F/SI=F,7.609316970247847,3.127111376363755,-3.5499478564014106,0.8875694261218114,-0.07673786369667734,-0.9742781336601921
2024-01-26,GC=F/SI=F,7.609267400084402,3.12478486458733,-3.5499478564014106,0.8875694261218114,-0.07902037851157928,-1.0330078802863805
2024-01-29,GC=F/SI=F,7.613423715985481,3.1414763087096986,-3.5499478564014106,0.8875694261218114,-0.06601795330831273,-0.5634118164106039
2024-01-30,GC=F/SI=F,7.616529715427782,3.1401356171145003,-3.5499478564014106,0.8875694261218114,-0.07011543504604933,-0.709332463661723
2024-01-31,GC=F/SI=F,7.62481423191399,3.137709178265894,-3.5499478564014106,0.8875694261218114,-0.07989495743801545,-1.0513316029939217
2024-02-01,GC=F/SI=F,7.627057417018934,3.141130439960018,-3.5499478564014106,0.8875694261218114,-0.0784646782601719,-0.9773077908788542
2024-02-02,GC=F/SI=F,7.618791480387221,3.1224089857907864,-3.5499478564014106,0.8875694261218114,-0.08984953979683485,-1.3470663924793145
2024-02-05,GC=F/SI=F,7.613670574715439,3.1061549138133784,-3.5499478564014106,0.8875694261218114,-0.1015584524659161,-1.7227585469275895
2024-02-06,GC=F/SI=F,7.618005367441745,3.10874839435029,-3.5499478564014106,0.8875694261218114,-0.10281240142144732,-1.7030529807366528
2024-02-07,GC=F/SI=F,7.618349349153996,3.1035996389435874,-3.508724513193676,0.8818272384943501,-0.10574381631243313,-1.7366811581584838
2024-02-08,GC=F/SI=F,7.616874205024557,3.1164000569464854,-3.508724513193676,0.8818272384943501,-0.09164257603549153,-1.2295580238813297
2024-02-09,GC=F/SI=F,7.612485144918063,3.1147589745570277,-3.508724513193676,0.8818272384943501,-0.08941326567165397,-1.1358577289101452
2024-02-12,GC=F/SI=F,7.60996127983653,3.122761305556285,-3.508724513193676,0.8818272384943501,-0.07918532169721626,-0.7818558864509446
2024-02-13,GC=F/SI=F,7.597346155589825,3.095396627051925,-3.508724513193676,0.8818272384943501,-0.09542564002384157,-1.2665431502446078
2024-02-14,GC=F/SI=F,7.596040684658222,3.105975819637419,-3.508724513193676,0.8818272384943501,-0.08369524761179736,-0.858472384651774
2024-02-15,GC=F/SI=F,7.601951896483426,3.131660819415103,-3.508724513193676,0.8818272384943501,-0.0632229154340882,-0.18554471515593876
2024-02-16,GC=F/SI=F,7.606635991389843,3.154401266528716,-3.508724513193676,0.8818272384943501,-0.04461303079664525,0.4214858174257305
2024-02-19,GC=F/SI=F,7.606635991389843,3.154401266528716,-3.508724513193676,0.8818272384943501,-0.04461303079664525,0.43327516772183916
2024-02-20,GC=F/SI=F,7.614558785989568,3.1400923630233706,-3.508724513193676,0.8818272384943501,-0.06590847038502545,-0.24101324639604005
2024-02-21,GC=F/SI=F,7.61199078067235,3.1289948727134944,-3.508724513193676,0.8818272384943501,-0.07474142365758052,-0.5096616324332658
2024-02-22,GC=F/SI=F,7.610704240338412,3.1252242419757827,-3.508724513193676,0.8818272384943501,-0.07737754808540398,-0.5723648910469387
2024-02-23,GC=F/SI=F,7.620018564758416,3.1341454747287285,-3.508724513193676,0.8818272384943501,-0.07666994031419083,-0.52450903571009
2024-02-26,GC=F/SI=F,7.615051882646502,3.114270588287056,-3.508724513193676,0.8818272384943501,-0.09216507118463468,-1.0471760338038014
2024-02-27,GC=F/SI=F,7.617759576608505,3.114537041160607,-3.508724513193676,0.8818272384943501,-0.09428633660028485,-1.1084266130232052
2024-02-28,GC=F/SI=F,7.617267813628347,3.109507281003916,-3.508724513193676,0.8818272384943501,-0.09888244676618907,-1.2927058292064562
2024-02-29,GC=F/SI=F,7.6234952843260535,3.120866020467597,-3.508724513193676,0.8818272384943501,-0.09301526059067111,-1.0595166467352903
2024-03-01,GC=F/SI=F,7.643434943465897,3.1419947640540693,-3.508724513193676,0.8818272384943501,-0.08946985156000498,-0.8942377941419957
2024-03-04,GC=F/SI=F,7.6580858500123865,3.168802809999321,-3.508724513193676,0.8818272384943501,-0.07558137407608356,-0.25406064225050223
2024-03-05,GC=F/SI=F,7.665519102628054,3.1681297696982154,-3.508724513193676,0.8818272384943501,-0.0828092590042937,-0.5589710240931567
2024-03-06,GC=F/SI=F,7.67336266897893,3.1893233962025365,-3.508724513193676,0.8818272384943501,-0.06853230295511281,0.11594845074555912
2024-03-07,GC=F/SI=F,7.67693714581808,3.1933529020742664,-3.4693690935292936,0.8763473152432657,-0.06494126142541301,0.2838493964555418
2024-03-08,GC=F/SI=F,7.686437792473576,3.1920800309197035,-3.4693690935292936,0.8763473152432657,-0.0745399987695956,-0.15340596711129093
2024-03-11,GC=F/SI=F,7.688226287713757,3.1991627580755195,-3.4693690935292936,0.8763473152432657,-0.06902461461583709,0.10646087266237626
2024-03-12,GC=F/SI=F,7.678048623515879,3.186104678628614,-3.4693690935292936,0.8763473152432657,-0.07316352536748472,-0.08396806685112355
2024-03-13,GC=F/SI=F,7.68496778976858,3.2172344639235746,-3.4693690935292936,0.8763473152432657,-0.04809733284180062,1.1306876273142092
2024-03-14,GC=F/SI=F,7.679251425953058,3.2138231033155082,-3.4693690935292936,0.8763473152432657,-0.0464991733671809,1.234914775341277
2024-03-15,GC=F/SI=F,7.676612741410463,3.226844024792752,-3.4693690935292936,0.8763473152432657,-0.031165847775259437,1.9941833291220135
2024-03-18,GC=F/SI=F,7.678187499653334,3.2225092002890348,-3.4693690935292936,0.8763473152432657,-0.03688070743727412,1.704629204102884
2024-03-19,GC=F/SI=F,7.676149091561022,3.217434815188456,-3.4693690935292936,0.8763473152432657,-0.040168739078785265,1.6015286244607434
2024-03-20,GC=F/SI=F,7.676890760286194,3.216192249882692,-3.4693690935292936,0.8763473152432657,-0.042061263780654556,1.5601447437521314
2024-03-21,GC=F/SI=F,7.68818042290196,3.212817547741926,-3.4693690935292936,0.8763473152432657,-0.05532963144474845,0.9066578083152117
2024-03-22,GC=F/SI=F,7.676983529198448,3.2064792816669483,-3.4693690935292936,0.8763473152432657,-0.05185552978358832,1.1356293736950138
2024-03-25,GC=F/SI=F,7.684692007723543,3.2086234823191204,-3.4693690935292936,0.8763473152432657,-0.056466633591494286,0.9164928019582669
2024-03-26,GC=F/SI=F,7.685059812435847,3.1979789910530934,-3.4693690935292936,0.8763473152432657,-0.06743344952968311,0.3476077390878934
2024-03-27,GC=F/SI=F,7.691930802469327,3.2037621870581527,-3.4693690935292936,0.8763473152432657,-0.06767162719352626,0.35888156497348267
2024-03-28,GC=F/SI=F,7.7040905732973695,3.2107227138020082,-3.4693690935292936,0.8763473152432657,-0.0713672829687999,0.16699003448599672
2024-03-29,GC=F/SI=F,7.7040905732973695,3.2107227138020082,-3.4693690935292936,0.8763473152432657,-0.0713672829687999,0.18519307353153075
2024-04-01,GC=F/SI=F,7.712667422872903,3.2170341489446064,-3.4693690935292936,0.8763473152432657,-0.07257214692496561,0.1282369653911371
2024-04-02,GC=F/SI=F,7.72356247227797,3.250529551784713,-3.4693690935292936,0.8763473152432657,-0.04862459138043196,1.495779165449644
2024-04-03,GC=F/SI=F,7.73822660784243,3.293797740059582,-3.4693690935292936,0.8763473152432657,-0.018207278937840243,3.159895739141923
2024-04-04,GC=F/SI=F,7.735782963069405,3.301008631917719,-3.4693690935292936,0.8763473152432657,-0.008854905543455693,3.3788845029579866
2024-04-05,GC=F/SI=F,7.751776326981187,3.310542999471772,-3.438662511073959,0.8720855913827833,-0.011006931836717193,2.9595257791197147
2024-04-08,GC=F/SI=F,7.754352873313949,3.321865528525683,-3.438662511073959,0.8720855913827833,-0.0019313717151385745,3.137896946833157
2024-04-09,GC=F/SI=F,7.759400817362761,3.3283040829490678,-3.438662511073959,0.8720855913827833,0.00010494343717137866,2.9558519909045273
2024-04-10,GC=F/SI=F,7.7534518999221165,3.3308106979309455,-3.438662511073959,0.8720855913827833,0.007799523603361003,3.0320348939412636
2024-04-11,GC=F/SI=F,7.764211097889678,3.3384705728744057,-3.438662511073959,0.8720855913827833,0.006076457024475346,2.7217231195757985
2024-04-12,GC=F/SI=F,7.764805410088767,3.3412704033796863,-3.438662511073959,0.8720855913827833,0.008357996424147807,2.6114685637966764
2024-04-15,GC=F/SI=F,7.768871530750796,3.3551883140785406,-3.438662511073959,0.8720855913827833,0.018729901880822908,2.784558274409915
2024-04-16,GC=F/SI=F,7.7793833373734405,3.343497672882308,-3.438662511073959,0.8720855913827833,-0.0021279344104208064,1.9265481525413684
2024-04-17,GC=F/SI=F,7.771362255983032,3.3444859504301263,-3.438662511073959,0.8720855913827833,0.005855412645281888,2.0847285978149186
2024-04-18,GC=F/SI=F,7.775821707065487,3.3438860316465058,-3.438662511073959,0.8720855913827833,0.0013664708271754478,1.8493368397186742
2024-04-19,GC=F/SI=F,7.782557086631083,3.3606531459444353,-3.438662511073959,0.8720855913827833,0.012259757653454884,2.102126397833382
2024-04-22,GC=F/SI=F,7.754567286149724,3.3036947761900897,-3.438662511073959,0.8720855913827833,-0.020289110395418142,1.0609056837161115
2024-04-23,GC=F/SI=F,7.752635913591029,3.3080215662084753,-3.438662511073959,0.8720855913827833,-0.014277998197002262,1.2020818026620788
2024-04-24,GC=F/SI=F,7.751260241130639,3.307765415090479,-3.438662511073959,0.8720855913827833,-0.013334445183830645,1.1908305657127785
2024-04-25,GC=F/SI=F,7.753537726923752,3.3084239469093712,-3.438662511073959,0.8720855913827833,-0.014662075909690486,1.1150232981421824
2024-04-26,GC=F/SI=F,7.75568153424283,3.3047231627598506,-3.438662511073959,0.8720855913827833,-0.020232443532879785,0.9253700302827592
2024-04-29,GC=F/SI=F,7.760211200389609,3.30955709656268,-3.438662511073959,0.8720855913827833,-0.01934876631043192,0.923546413128874
2024-04-30,GC=F/SI=F,7.736918220840929,3.2730230712695425,-3.438662511073959,0.8720855913827833,-0.03556931975879163,0.44085184962258417
2024-05-01,GC=F/SI=F,7.740620880250078,3.2767295645739423,-3.438662511073959,0.8720855913827833,-0.03509186237490791,0.436589712560133
2024-05-02,GC=F/SI=F,7.740316494087754,3.2802719206213413,-3.438662511073959,0.8720855913827833,-0.03128405554113023,0.5236561112054191
2024-05-03,GC=F/SI=F,7.740229524763182,3.275067092977925,-3.438662511073959,0.8720855913827833,-0.03641303848969546,0.3522525258988323
2024-05-06,GC=F/SI=F,7.750011924194124,3.3094109670757366,-3.432880900916065,0.8712845426999627,-0.010173727298933954,1.0986398484900521
2024-05-07,GC=F/SI=F,7.747251334786979,3.3069965678206645,-3.432880900916065,0.8712845426999627,-0.010182867674819462,1.0697647860086468
2024-05-08,GC=F/SI=F,7.746560074174096,3.3091186440247635,-3.432880900916065,0.8712845426999627,-0.007458506783738272,1.119615348238413
2024-05-09,GC=F/SI=F,7.754524470072458,3.3369077173609725,-3.432880900916065,0.8712845426999627,0.013391311514284077,1.7148364205613085
2024-05-10,GC=F/SI=F,7.769505364821181,3.3419780085107704,-3.432880900916065,0.8712845426999627,0.005408980633705873,1.4111000307144237
2024-05-13,GC=F/SI=F,7.756238193054161,3.340066405448247,-3.432880900916065,0.8712845426999627,0.015056859257132515,1.6596639167744875
2024-05-14,GC=F/SI=F,7.763616328534013,3.3493776543594804,-3.432880900916065,0.8712845426999627,0.01793965277082421,1.6863025697865572
2024-05-15,GC=F/SI=F,7.778504543444617,3.3848647249732506,-3.432880900916065,0.8712845426999627,0.04045485186459086,2.2761570843598133
2024-05-16,GC=F/SI=F,7.77485576666552,3.389967930572812,-3.432880900916065,0.8712845426999627,0.048737180271540836,2.383422820589658
2024-05-17,GC=F/SI=F,7.788294452906988,3.4355022138596296,-3.432880900916065,0.8712845426999627,0.08256254396197349,3.1536599017498648
2024-05-20,GC=F/SI=F,7.797250147945767,3.4721217768550763,-3.432880900916065,0.8712845426999627,0.1113791483009976,3.6121275938973363
2024-05-21,GC=F/SI=F,7.792225031703708,3.461602372475744,-3.432880900916065,0.8712845426999627,0.10523805002864073,3.1062156599259088
2024-05-22,GC=F/SI=F,7.7787138404211325,3.4434583428145604,-3.432880900916065,0.8712845426999627,0.0988661124854282,2.7192969181385434
2024-05-23,GC=F/SI=F,7.755767170102998,3.410619533341328,-3.432880900916065,0.8712845426999627,0.08602038216681862,2.2731409250460777
2024-05-24,GC=F/SI=F,7.754695932721499,3.412137319185028,-3.432880900916065,0.8712845426999627,0.08847152058258079,2.213427625701038
2024-05-27,GC=F/SI=F,7.754695932721499,3.412137319185028,-3.432880900916065,0.8712845426999627,0.08847152058258079,2.1129365727904803
2024-05-28,GC=F/SI=F,7.764380907802506,3.4648292629067945,-3.432880900916065,0.8712845426999627,0.13272509521983178,2.8934749186531183
2024-05-29,GC=F/SI=F,7.7580344261264225,3.47205958843017,-3.432880900916065,0.8712845426999627,0.14548501212810727,2.940337316083852
2024-05-30,GC=F/SI=F,7.75914471559081,3.44642566982153,-3.432880900916065,0.8712845426999627,0.1188837154712239,2.261633090949138
2024-05-31,GC=F/SI=F,7.750571642020127,3.4110487269236645,-3.432880900916065,0.8712845426999627,0.09097635905892432,1.662257450746334
2024-06-03,GC=F/SI=F,7.760722792605584,3.4223390058168444,-3.432880900916065,0.8712845426999627,0.09342209735637574,1.64662386786276
2024-06-04,GC=F/SI=F,7.751690348664152,3.383983430422549,-3.4738313195654404,0.8769532226275276,0.05994491791625833,1.0134570212806713
2024-06-05,GC=F/SI=F,7.763913809285012,3.3994625428399106,-3.4738313195654404,0.8769532226275276,0.06470462715049585,1.0636036437470127
2024-06-06,GC=F/SI=F,7.770771828996774,3.441923363272537,-3.4738313195654404,0.8769532226275276,0.10115128509604965,1.6603338885064245
2024-06-07,GC=F/SI=F,7.742922698380781,3.3787813111684364,-3.4738313195654404,0.8769532226275276,0.06243161783301865,0.9383559167904525
2024-06-10,GC=F/SI=F,7.74400661535175,3.3934675533584,-3.4738313195654404,0.8769532226275276,0.07616731554223044,1.146940031324792
2024-06-11,GC=F/SI=F,7.743919966377007,3.3718715323773303,-3.4738313195654404,0.8769532226275276,0.05464728165879951,0.7397969577720457
2024-06-12,GC=F/SI=F,7.756195343948118,3.4070469261717777,-3.4738313195654404,0.8769532226275276,0.07905774353329154,1.1375042803799933
2024-06-13,GC=F/SI=F,7.740751333430707,3.3669509350383646,-3.4738313195654404,0.8769532226275276,0.05250542719341489,0.6443823677578312
2024-06-14,GC=F/SI=F,7.754224182598346,3.381062713772966,-3.4738313195654404,0.8769532226275276,0.05480214743248091,0.6617559597934756
2024-06-17,GC=F/SI=F,7.746041182976764,3.3784404205562293,-3.4738313195654404,0.8769532226275276,0.05935596210465022,0.7176501908845573
2024-06-18,GC=F/SI=F,7.7537951637398645,3.384559712065363,-3.4738313195654404,0.8769532226275276,0.05867537519539123,0.681320711871929
2024-06-19,GC=F/SI=F,7.7537951637398645,3.384559712065363,-3.4738313195654404,0.8769532226275276,0.05867537519539123,0.656717616802382
2024-06-20,GC=F/SI=F,7.7637863431879435,3.4267351352060977,-3.4738313195654404,0.8769532226275276,0.09208900132128317,1.2277588099916976
2024-06-21,GC=F/SI=F,7.747769493193004,3.3868617813468784,-3.4738313195654404,0.8769532226275276,0.06626167568146801,0.7292321193357296
2024-06-24,GC=F/SI=F,7.753623546559746,3.384017323318543,-3.4738313195654404,0.8769532226275276,0.058283486687733976,0.5589821536169353
2024-06-25,GC=F/SI=F,7.747855914653234,3.3616592811106893,-3.4738313195654404,0.8769532226275276,0.04098338786722522,0.21155527930020132
2024-06-26,GC=F/SI=F,7.740316494087754,3.3641529790461306,-3.4738313195654404,0.8769532226275276,0.05008880496430912,0.3588547633646872
2024-06-27,GC=F/SI=F,7.751260241130639,3.3644642132783917,-3.4738313195654404,0.8769532226275276,0.040802884959690644,0.14774956274324447
2024-06-28,GC=F/SI=F,7.752635913591029,3.3754350137379165,-3.4738313195654404,0.8769532226275276,0.050567285021796415,0.3177703121067533
2024-07-01,GC=F/SI=F,7.7525930147382836,3.377587489984132,-3.4738313195654404,0.8769532226275276,0.05275738155517562,0.3386438185938797
2024-07-02,GC=F/SI=F,7.750614732770409,3.379394777534484,-3.4738313195654404,0.8769532226275276,0.05629952985251929,0.39378422824779763
2024-07-03,GC=F/SI=F,7.766332169357455,3.4192992280151833,-3.509787103083913,0.8819329729798614,0.0797019118285398,0.8779006244299177
2024-07-04,GC=F/SI=F,7.766332169357455,3.4192992280151833,-3.509787103083913,0.8819329729798614,0.0797019118285398,0.8499617595966679
2024-07-05,GC=F/SI=F,7.778420832830016,3.44642566982153,-3.509787103083913,0.8819329729798614,0.09616696271917746,1.179071476563546
2024-07-08,GC=F/SI=F,7.764380907802506,3.4215880723066094,-3.509787103083913,0.8819329729798614,0.08371163802418291,0.8731565467560541
2024-07-09,GC=F/SI=F,7.766459311381319,3.4266051647703155,-3.509787103083913,0.8819329729798614,0.08689571784057559,0.9147422775251225
2024-07-10,GC=F/SI=F,7.771573053011698,3.4251417235657793,-3.509787103083913,0.8819329729798614,0.08092229927690742,0.757988129005265
2024-07-11,GC=F/SI=F,7.789454566086673,3.446616763176562,-3.509787103083913,0.8819329729798614,0.08662704290009948,0.8565682115989023
2024-07-12,GC=F/SI=F,7.789040401657477,3.430302996426058,-3.509787103083913,0.8819329729798614,0.07067854141593877,0.4890307605845612
2024-07-15,GC=F/SI=F,7.7927204085078605,3.4233502151572845,-3.509787103083913,0.8819329729798614,0.060480240765019566,0.24737941487765783
2024-07-16,GC=F/SI=F,7.808891723425643,3.4402578157799066,-3.509787103083913,0.8819329729798614,0.06312582554520851,0.28776448772559365
2024-07-17,GC=F/SI=F,7.805800590405819,3.405753623883461,-3.509787103083913,0.8819329729798614,0.031347805782813154,-0.4288748296348967
2024-07-18,GC=F/SI=F,7.804577747576109,3.401030729084166,-3.509787103083913,0.8819329729798614,0.02770337639581122,-0.5177820232085112
2024-07-19,GC=F/SI=F,7.781347256323177,3.3703256954384146,-3.509787103083913,0.8819329729798614,0.017486078964540575,-0.7739217829838142
2024-07-22,GC=F/SI=F,7.779885115070522,3.3715625953937614,-3.509787103083913,0.8819329729798614,0.020012489501757713,-0.7382237430785055
2024-07-23,GC=F/SI=F,7.785138889153072,3.3718372253081066,-3.509787103083913,0.8819329729798614,0.01565364282011572,-0.8613892474372692
2024-07-24,GC=F/SI=F,7.788750404694495,3.371287824528499,-3.509787103083913,0.8819329729798614,0.011919127402096663,-0.9721087330234381
2024-07-25,GC=F/SI=F,7.76297874958556,3.32528775902737,-3.509787103083913,0.8819329729798614,-0.011352065690196866,-1.5543342942841334
2024-07-26,GC=F/SI=F,7.77485576666552,3.327191990259468,-3.509787103083913,0.8819329729798614,-0.019922567441560624,-1.7702689579482764
2024-07-29,GC=F/SI=F,7.773720689443547,3.3215406786316652,-3.509787103083913,0.8819329729798614,-0.024572817040426465,-1.9101541322704478
2024-07-30,GC=F/SI=F,7.785305182539862,3.3451559827093664,-3.509787103083913,0.8819329729798614,-0.011174259399623132,-1.6033939271730828
2024-07-31,GC=F/SI=F,7.794205168845271,3.359611202099433,-3.509787103083913,0.8819329729798614,-0.004568231391366417,-1.4716899744113765
2024-08-01,GC=F/SI=F,7.79770203551669,3.3439565894076564,-3.5336190887328223,0.8852306927621543,-0.025189496712821224,-2.044397479111261
2024-08-02,GC=F/SI=F,7.793875401381676,3.3409518649108736,-3.5336190887328223,0.8852306927621543,-0.024806767223318538,-2.0059327990568803
2024-08-05,GC=F/SI=F,7.783932078589066,3.2986477345361176,-3.5336190887328223,0.8852306927621543,-0.05830876307401489,-2.8109730262556996
2024-08-06,GC=F/SI=F,7.778672045843722,3.2993861402935454,-3.5336190887328223,0.8852306927621543,-0.052914014885474536,-2.546774409639028
2024-08-07,GC=F/SI=F,7.779257828066158,3.2895206615939268,-3.5336190887328223,0.8852306927621543,-0.06329804598766753,-2.6535469513531567
2024-08-08,GC=F/SI=F,7.792431476928365,3.3141860046725258,-3.5336190887328223,0.8852306927621543,-0.05029442121756489,-2.2296404491906405
2024-08-09,GC=F/SI=F,7.796510400814827,3.3137131478649553,-3.5336190887328223,0.8852306927621543,-0.05437806664287326,-2.2205108746672253
2024-08-12,GC=F/SI=F,7.808891723425643,3.329235815705365,-3.5336190887328223,0.8852306927621543,-0.04981572559454772,-2.029114398596755
2024-08-13,GC=F/SI=F,7.8106364841514395,3.321251880465902,-3.5336190887328223,0.8852306927621543,-0.05934417658001134,-2.126149208186829
2024-08-14,GC=F/SI=F,7.79950734637624,3.3052002886900347,-3.5336190887328223,0.8852306927621543,-0.0655439140132934,-2.1393054735513184
2024-08-15,GC=F/SI=F,7.805107849645363,3.3443447700230675,-3.5336190887328223,0.8852306927621543,-0.03135717006900318,-1.3980521379419975
2024-08-16,GC=F/SI=F,7.823485893082116,3.359611202099433,-3.5336190887328223,0.8852306927621543,-0.0323595461157673,-1.3713536589568804
2024-08-19,GC=F/SI=F,7.824765771297838,3.3755376270538817,-3.5336190887328223,0.8852306927621543,-0.0175661086408736,-1.0545938593634043
2024-08-20,GC=F/SI=F,7.828555845777486,3.382863672383464,-3.5336190887328223,0.8852306927621543,-0.013595153568529916,-0.9486697057889137
2024-08-21,GC=F/SI=F,7.827400339737175,3.3835763672104022,-3.5336190887328223,0.8852306927621543,-0.011859569329037534,-0.8871596752409454
2024-08-22,GC=F/SI=F,7.8155701529802535,3.3675027230239722,-3.5336190887328223,0.8852306927621543,-0.01746076909713068,-0.9623660650130397
2024-08-23,GC=F/SI=F,7.827400339737175,3.3940384608987695,-3.5336190887328223,0.8852306927621543,-0.0013974756406698319,-0.6359603646476761
2024-08-26,GC=F/SI=F,7.831101045936028,3.4004303970325256,-3.5336190887328223,0.8852306927621543,0.0017184817809674513,-0.5530908198069588
2024-08-27,GC=F/SI=F,7.830425617820331,3.3995627201181127,-3.5336190887328223,0.8852306927621543,0.0014487145653232503,-0.5348254018931521
2024-08-28,GC=F/SI=F,7.824445930877619,3.3733464739030325,-3.5336190887328223,0.8852306927621543,-0.019474129234959392,-0.9316114997939186
2024-08-29,GC=F/SI=F,7.834273511679216,3.386320575586746,-3.5336190887328223,0.8852306927621543,-0.015199703712419854,-0.8160860988652919
2024-08-30,GC=F/SI=F,7.821562950142294,3.357976710541988,-3.515003061607377,0.8826561932447994,-0.030771206647793647,-1.108795067534472
2024-09-02,GC=F/SI=F,7.821562950142294,3.357976710541988,-3.515003061607377,0.8826561932447994,-0.030771206647793647,-1.074000969622079
2024-09-03,GC=F/SI=F,7.819997788788769,3.330452984779167,-3.515003061607377,0.8826561932447994,-0.05691343304849994,-1.5720605493891155
2024-09-04,GC=F/SI=F,7.821402480744976,3.3381510734438113,-3.515003061607377,0.8826561932447994,-0.050455204438603296,-1.394081971743238
2024-09-05,GC=F/SI=F,7.828595606669679,3.3575937202717534,-3.515003061607377,0.8826561932447994,-0.037361614756889594,-1.0813808059180723
2024-09-06,GC=F/SI=F,7.821442624986177,3.3253237693855993,-3.515003061607377,0.8826561932447994,-0.0633179420599328,-1.5751981400222839
2024-09-09,GC=F/SI=F,7.824765771297838,3.342543745812745,-3.515003061607377,0.8826561932447994,-0.049031161305834736,-1.2302084610930508
2024-09-10,GC=F/SI=F,7.828953966644502,3.341341213428789,-3.515003061607377,0.8826561932447994,-0.05393043025104127,-1.2914957844445776
2024-09-11,GC=F/SI=F,7.82887437458728,3.3521121643557903,-3.515003061607377,0.8826561932447994,-0.043089226901800615,-1.0325055007446542
2024-09-12,GC=F/SI=F,7.84431909655657,3.39259381121403,-3.515003061607377,0.8826561932447994,-0.01623995954269919,-0.4653912197196553
2024-09-13,GC=F/SI=F,7.856048445897884,3.424230061387967,-3.515003061607377,0.8826561932447994,0.005043307792394813,-0.017653250535508667
2024-09-16,GC=F/SI=F,7.8556996668126935,3.426572685018091,-3.515003061607377,0.8826561932447994,0.00769378344213667,0.053105323496012706
2024-09-17,GC=F/SI=F,7.849440834917736,3.421620714359344,-3.515003061607377,0.8826561932447994,0.008266209517952205,0.08188002536747978
2024-09-18,GC=F/SI=F,7.851933495349086,3.4124999200906245,-3.515003061607377,0.8826561932447994,-0.0030547469181545495,-0.12579332881678748
2024-09-19,GC=F/SI=F,7.858640655620791,3.4370148701109704,-3.515003061607377,0.8826561932447994,0.015540086549285625,0.2922869954619813
2024-09-20,GC=F/SI=F,7.870891390812996,3.4396485871245774,-3.515003061607377,0.8826561932447994,0.007360616273691001,0.1338462265345079
2024-09-23,GC=F/SI=F,7.873407440394017,3.426442693465499,-3.515003061607377,0.8826561932447994,-0.008066084130586404,-0.18839383051534955
2024-09-24,GC=F/SI=F,7.882767628254931,3.4691986524633696,-3.515003061607377,0.8826561932447994,0.02642804708191271,0.5852247769221698
2024-09-25,GC=F/SI=F,7.885780586299169,3.4562535859660932,-3.515003061607377,0.8826561932447994,0.01082357450690452,0.24954248576960467
2024-09-26,GC=F/SI=F,7.889796260932641,3.466516895429289,-3.515003061607377,0.8826561932447994,0.017542423884808755,0.41513257774517537
2024-09-27,GC=F/SI=F,7.880161677448205,3.4505905100353504,-3.515003061607377,0.8826561932447994,0.010120063272742286,0.26554096378300107
2024-09-30,GC=F/SI=F,7.877055868215637,3.439263568269379,-3.505895493030627,0.8813969605115967,0.002345961274707875,0.10910033855728526
2024-10-01,GC=F/SI=F,7.888822022101402,3.448239978290401,-3.505895493030627,0.8813969605115967,0.0009517190239050066,0.10844581344145887
2024-10-02,GC=F/SI=F,7.881220017022597,3.4540428124102553,-3.505895493030627,0.8813969605115967,0.013454937314011595,0.44430872478860817
2024-10-03,GC=F/SI=F,7.884990618236591,3.471624753681847,-3.505895493030627,0.8813969605115967,0.02771348213628766,0.8621384380172921
2024-10-04,GC=F/SI=F,7.880728774483236,3.4697278727760223,-3.505895493030627,0.8813969605115967,0.02957297736084552,0.9677309619155164
2024-10-07,GC=F/SI=F,7.880350745528695,3.457735259059124,-3.505895493030627,0.8813969605115967,0.01791355721546406,0.7152575510166428
2024-10-08,GC=F/SI=F,7.869019376499023,3.4129612335020587,-3.505895493030627,0.8813969605115967,-0.016873034120411745,-0.2260708075681877
2024-10-09,GC=F/SI=F,7.8655717576847906,3.41526461379752,-3.505895493030627,0.8813969605115967,-0.011530933081084882,-0.026045000841003755
2024-10-10,GC=F/SI=F,7.871158615435328,3.4341484547341614,-3.505895493030627,0.8813969605115967,0.0024286684154226634,0.4700078059313569
2024-10-11,GC=F/SI=F,7.88517877560506,3.4506222795126376,-3.505895493030627,0.8813969605115967,0.006545166634411181,0.6638629508865297
2024-10-14,GC=F/SI=F,7.881484403944573,3.43666105182858,-3.505895493030627,0.8813969605115967,-0.0041598530970929914,0.3475570753417868
2024-10-15,GC=F/SI=F,7.886607542416078,3.450844335103321,-3.505895493030627,0.8813969605115967,0.0055079115005831625,0.731182348643895
2024-10-16,GC=F/SI=F,7.891330757661889,3.458207643585542,-3.505895493030627,0.8813969605115967,0.00870819242130505,0.8751273742549345
2024-10-17,GC=F/SI=F,7.897668150726906,3.4523023235295653,-3.505895493030627,0.8813969605115967,-0.0027828866197454616,0.4537386978548706
2024-10-18,GC=F/SI=F,7.90606827834049,3.4974768338538693,-3.505895493030627,0.8813969605115967,0.03498777675803755,1.9091436102589097
2024-10-21,GC=F/SI=F,7.909526252062851,3.522500126422926,-3.505895493030627,0.8813969605115967,0.05696322179867508,2.684504610391632
2024-10-22,GC=F/SI=F,7.917244854693865,3.550507831645963,-3.505895493030627,0.8813969605115967,0.0781677741233393,3.2901767237652293
2024-10-23,GC=F/SI=F,7.906326177492916,3.5157158169611216,-3.505895493030627,0.8813969605115967,0.052999448336222166,2.164526386888094
2024-10-24,GC=F/SI=F,7.913850115408907,3.514853396160017,-3.505895493030627,0.8813969605115967,0.0455054515248845,1.8146211510996586
2024-10-25,GC=F/SI=F,7.91604157697261,3.5146153677694953,-3.505895493030627,0.8813969605115967,0.043335875573037974,1.669866986990883
2024-10-28,GC=F/SI=F,7.916770998235205,3.521348036917791,-3.505895493030627,0.8813969605115967,0.04942563503754904,1.792650247620238
2024-10-29,GC=F/SI=F,7.926024779692368,3.5342411848074144,-3.5196290601631595,0.8832910609111212,0.052883408508265894,1.82580201309867
2024-10-30,GC=F/SI=F,7.933259095829609,3.523827951677827,-3.5196290601631595,0.8832910609111212,0.036080168602850016,1.2614084556928027
2024-10-31,GC=F/SI=F,7.915092586706181,3.4859367313770777,-3.5196290601631595,0.8832910609111212,0.014235263418783894,0.5957850483036051
2024-11-01,GC=F/SI=F,7.91520215555732,3.4825315570903843,-3.5196290601631595,0.8832910609111212,0.010733307945326231,0.4699112729002868
2024-11-04,GC=F/SI=F,7.914288863473888,3.480624501199768,-3.5196290601631595,0.8832910609111212,0.009632954788005854,0.4144211627915269
2024-11-05,GC=F/SI=F,7.915822700258254,3.485997945972806,-3.5196290601631595,0.8832910609111212,0.01365157524051508,0.5109015768787714
2024-11-06,GC=F/SI=F,7.888934507366431,3.441090966828163,-3.5196290601631595,0.8832910609111212,-0.0075053034787258,-0.16095046765300178
2024-11-07,GC=F/SI=F,7.900414247557012,3.458365035503903,-3.5196290601631595,0.8832910609111212,-0.0003711866949078768,0.03562820956134185
2024-11-08,GC=F/SI=F,7.896366672435918,3.4455012833760614,-3.5196290601631595,0.8832910609111212,-0.009659751899921076,-0.28505344994750204
2024-11-11,GC=F/SI=F,7.867565146070291,3.4190373297684604,-3.5196290601631595,0.8832910609111212,-0.0106835747281675,-0.35285114342082374
2024-11-12,GC=F/SI=F,7.8632667240095735,3.4238065513748226,-3.5196290601631595,0.8832910609111212,-0.002117595339550249,-0.10411983769673505
2024-11-13,GC=F/SI=F,7.8558547262907075,3.4206731631509744,-3.5196290601631595,0.8832910609111212,0.0012959677651700474,-0.0035462771460243866
2024-11-14,GC=F/SI=F,7.850960524384587,3.4179889252960267,-3.5196290601631595,0.8832910609111212,0.0029347347041914773,0.034895695991244154
2024-11-15,GC=F/SI=F,7.849986605825533,3.4134882152922374,-3.5196290601631595,0.8832910609111212,-0.0007057217423298567,-0.10366499022190998
2024-11-18,GC=F/SI=F,7.867335396362277,3.439231497074261,-3.5196290601631595,0.8832910609111212,0.009713528440968844,0.2541747043810068
2024-11-19,GC=F/SI=F,7.873635892368931,3.440674478071616,-3.5196290601631595,0.8832910609111212,0.005591337636340121,0.09781538490247135
2024-11-20,GC=F/SI=F,7.881635424467425,3.4325668211985487,-3.5196290601631595,0.8832910609111212,-0.009582234430798309,-0.4496549093638355
2024-11-21,GC=F/SI=F,7.890619995652563,3.431144479255778,-3.5196290601631595,0.8832910609111212,-0.018940567787520735,-0.77392872573569
2024-11-22,GC=F/SI=F,7.904666976787061,3.443905596637886,-3.5196290601631595,0.8832910609111212,-0.018587023274302616,-0.7464027841327248
2024-11-25,GC=F/SI=F,7.869707494883653,3.40817296509314,-3.5196290601631595,0.8832910609111212,-0.02344025695968366,-0.9013526364004364
2024-11-26,GC=F/SI=F,7.87104411265143,3.414047809709201,-3.5196290601631595,0.8832910609111212,-0.018746034869755235,-0.7340256601050036
2024-11-27,GC=F/SI=F,7.878496279642658,3.4048905555267783,-3.520938975725013,0.8834712951807621,-0.034595781000922976,-1.2822899568801243
2024-11-28,GC=F/SI=F,7.878496279642658,3.4048905555267783,-3.520938975725013,0.8834712951807621,-0.034595781000922976,-1.2768557020217328
2024-11-29,GC=F/SI=F,7.884952945759814,3.4237739184365426,-3.520938975725013,0.8834712951807621,-0.02141669726823192,-0.8155072819476656
2024-12-02,GC=F/SI=F,7.876600472528579,3.416053133350223,-3.520938975725013,0.8834712951807621,-0.021758312010989656,-0.8720456077777952
2024-12-03,GC=F/SI=F,7.880312897846962,3.4364679849420874,-3.520938975725013,0.8834712951807621,-0.004623281623419295,-0.2843959717317591
2024-12-04,GC=F/SI=F,7.88374787250166,3.450146236755917,-3.520938975725013,0.8834712951807621,0.006020268683310626,0.08636075272593931
2024-12-05,GC=F/SI=F,7.873445550330778,3.4383004946087827,-3.520938975725013,0.8834712951807621,0.0032763324478555234,-0.05942831784643374
2024-12-06,GC=F/SI=F,7.8780037894603065,3.4399693025839917,-3.520938975725013,0.8834712951807621,0.0009180669955553,-0.19135485679879538
2024-12-09,GC=F/SI=F,7.887921775798393,3.4724632112345106,-3.520938975725013,0.8834712951807621,0.0246497194103803,0.7760328165856624
2024-12-10,GC=F/SI=F,7.900117804008696,3.477015762877761,-3.520938975725013,0.8834712951807621,0.01842743021461324,0.47992884249557166
2024-12-11,GC=F/SI=F,7.913447879579452,3.483145972744253,-3.520938975725013,0.8834712951807621,0.012780900951753438,0.20754297642166789
2024-12-12,GC=F/SI=F,7.896366672435918,3.4413151487803044,-3.520938975725013,0.8834712951807621,-0.013959166813847013,-0.9885783436946615
2024-12-13,GC=F/SI=F,7.884576510596324,3.422795803613787,-3.520938975725013,0.8834712951807621,-0.022062242429548462,-1.3238384377026864
2024-12-16,GC=F/SI=F,7.882843044532792,3.4241649463521058,-3.520938975725013,0.8834712951807621,-0.019161632182928656,-1.158414012631428
2024-12-17,GC=F/SI=F,7.880199438529968,3.4201172650173857,-3.520938975725013,0.8834712951807621,-0.0208737634983871,-1.2109458449118742
2024-12-18,GC=F/SI=F,7.877207558970524,3.414771496671585,-3.520938975725013,0.8834712951807621,-0.02357629213477974,-1.2893009904316932
2024-12-19,GC=F/SI=F,7.860262196152717,3.370531962631084,-3.520938975725013,0.8834712951807621,-0.05284508453932535,-2.486929022188448
2024-12-20,GC=F/SI=F,7.874244687814029,3.389799331565218,-3.520938975725013,0.8834712951807621,-0.045930845623064265,-2.070948240527941
2024-12-23,GC=F/SI=F,7.86798635701028,3.3974570783834652,-3.520938975725013,0.8834712951807621,-0.032744043183959626,-1.4527256419121208
2024-12-24,GC=F/SI=F,7.8709295967551425,3.400330370275921,-3.520938975725013,0.8834712951807621,-0.032471019120925426,-1.3925829945284032
2024-12-25,GC=F/SI=F,7.8709295967551425,3.400330370275921,-3.520938975725013,0.8834712951807621,-0.032471019120925426,-1.3447848207201036
2024-12-26,GC=F/SI=F,7.878079565852628,3.4027628518410413,-3.511856780155234,0.8822175562571137,-0.03556047058933309,-1.4177729609109393
2024-12-27,GC=F/SI=F,7.869860304338956,3.3896307684451497,-3.511856780155234,0.8822175562571137,-0.04144137717839502,-1.59147706560413
2024-12-30,GC=F/SI=F,7.865610167406165,3.3709443694218204,-3.511856780155234,0.8822175562571137,-0.05637823078311932,-2.079087931405241
2024-12-31,GC=F/SI=F,7.8744348778179445,3.365224739657298,-3.511856780155234,0.8822175562571137,-0.06988317500179875,-2.4518404643617764
2025-01-01,GC=F/SI=F,7.8744348778179445,3.365224739657298,-3.511856780155234,0.8822175562571137,-0.06988317500179875,-2.30867593957529
2025-01-02,GC=F/SI=F,7.885667745684397,3.3885173197477956,-3.511856780155234,0.8822175562571137,-0.056500428150202175,-1.745324083239311
2025-01-03,GC=F/SI=F,7.8804263442924,3.3947097073356116,-3.511856780155234,0.8822175562571137,-0.04568398423497566,-1.324696503565287
2025-01-06,GC=F/SI=F,7.877927914791898,3.412532860146515,-3.511856780155234,0.8822175562571137,-0.025656673055658885,-0.6555610822606313
2025-01-07,GC=F/SI=F,7.884840011709641,3.415987483673039,-3.511856780155234,0.8822175562571137,-0.028300022780517686,-0.7303607780477978
2025-01-08,GC=F/SI=F,7.8877717017368365,3.416151662420278,-3.511856780155234,0.8822175562571137,-0.030722232444774455,-0.7888824036712906
2025-01-09,GC=F/SI=F,7.89498899786051,3.4272224513797465,-3.511856780155234,0.8822175562571137,-0.02601866883431736,-0.6191160558965052
2025-01-10,GC=F/SI=F,7.904150255097954,3.4369183754763313,-3.511856780155234,0.8822175562571137,-0.02440496670999348,-0.5556454071292898
2025-01-13,GC=F/SI=F,7.891143754388787,3.4042261105378735,-3.511856780155234,0.8822175562571137,-0.04562266837735329,-1.2062036890386787
2025-01-14,GC=F/SI=F,7.892638802321904,3.405587728950652,-3.511856780155234,0.8822175562571137,-0.045580007498617015,-1.16693092304624
2025-01-15,GC=F/SI=F,7.905625997848715,3.4442249499279614,-3.511856780155234,0.8822175562571137,-0.018400318421605277,-0.2972561790416803
2025-01-16,GC=F/SI=F,7.9180462065855695,3.450717460876017,-3.511856780155234,0.8822175562571137,-0.02286513367357923,-0.41455728729186675
2025-01-17,GC=F/SI=F,7.917281330108373,3.432405315688324,-3.511856780155234,0.8822175562571137,-0.0405024914047214,-0.959248513828665
2025-01-20,GC=F/SI=F,7.917281330108373,3.432405315688324,-3.511856780155234,0.8822175562571137,-0.0405024914047214,-0.9591056398896691
2025-01-21,GC=F/SI=F,7.9211727215870145,3.443969499821843,-3.511856780155234,0.8822175562571137,-0.03237136115192918,-0.6504354773099313
2025-01-22,GC=F/SI=F,7.925735832910192,3.4416673244733853,-3.511856780155234,0.8822175562571137,-0.038699193420850264,-0.8633191993894458
2025-01-23,GC=F/SI=F,7.92410855215582,3.4233827997416446,-3.511856780155234,0.8822175562571137,-0.05554810250212494,-1.4920246957764087
2025-01-24,GC=F/SI=F,7.929234529301571,3.434728887988089,-3.4898108338117706,0.8791759842560436,-0.04665284989585494,-1.1275678752446023
2025-01-27,GC=F/SI=F,7.914800374124757,3.409628397557242,-3.4898108338117706,0.8791759842560436,-0.059063177742222805,-1.658064754317713
2025-01-28,GC=F/SI=F,7.925446714374299,3.4251417235657793,-3.4898108338117706,0.8791759842560436,-0.05290985840130169,-1.3682570666397216
2025-01-29,GC=F/SI=F,7.926277671905906,3.441635330278253,-3.4898108338117706,0.8791759842560436,-0.037146809594553076,-0.6382634381670079
2025-01-30,GC=F/SI=F,7.945555428253489,3.4770466449122814,-3.4898108338117706,0.8791759842560436,-0.018684035371659746,0.2074088100601781
2025-01-31,GC=F/SI=F,7.941829046512676,3.4697278727760223,-3.4898108338117706,0.8791759842560436,-0.022726662173225165,0.04840868004127441
2025-02-03,GC=F/SI=F,7.949409099352944,3.4779114259704,-3.4898108338117706,0.8791759842560436,-0.021207309395402163,0.14682488504253496
2025-02-04,GC=F/SI=F,7.95623151526931,3.4931078644423676,-3.4898108338117706,0.8791759842560436,-0.0120089751517094,0.5863040020467544
2025-02-05,GC=F/SI=F,7.962624678709936,3.492164764663548,-3.4898108338117706,0.8791759842560436,-0.018572790690952523,0.2912490360574257
2025-02-06,GC=F/SI=F,7.957177323459475,3.481793830035976,-3.4898108338117706,0.8791759842560436,-0.0241545414046076,0.03592773756758641
2025-02-07,GC=F/SI=F,7.961126116433862,3.4761502065847365,-3.4898108338117706,0.8791759842560436,-0.03326984880572681,-0.38487722602291236
2025-02-10,GC=F/SI=F,7.977384949480431,3.4779114259704,-3.4898108338117706,0.8791759842560436,-0.04580300496663536,-0.9625144741439561
2025-02-11,GC=F/SI=F,7.976767097873956,3.4729286910938058,-3.4898108338117706,0.8791759842560436,-0.05024253954898317,-1.1460722652614208
2025-02-12,GC=F/SI=F,7.975564658495202,3.4872221516792195,-3.4898108338117706,0.8791759842560436,-0.03489192313924594,-0.37080981770962873
2025-02-13,GC=F/SI=F,7.981357371269596,3.485844902456862,-3.4898108338117706,0.8791759842560436,-0.0413619863165442,-0.6655466123225239
2025-02-14,GC=F/SI=F,7.9667948263965105,3.490458962723651,-3.4898108338117706,0.8791759842560436,-0.023944886327686987,0.2320430816586686
2025-02-17,GC=F/SI=F,7.9667948263965105,3.490458962723651,-3.4898108338117706,0.8791759842560436,-0.023944886327686987,0.26179674236798317
2025-02-18,GC=F/SI=F,7.983303661363282,3.506067817533702,-3.4898108338117706,0.8791759842560436,-0.02285020274846694,0.3322955470168313
2025-02-19,GC=F/SI=F,7.979133361245682,3.496295418678444,-3.4898108338117706,0.8791759842560436,-0.028956173893191384,0.019350084039381196
2025-02-20,GC=F/SI=F,7.986164860332727,3.509872405587794,-3.4898108338117706,0.8791759842560436,-0.0215611121144903,0.41241762785611685
2025-02-21,GC=F/SI=F,7.98534823366972,3.4957800768986464,-3.4898108338117706,0.8791759842560436,-0.03493548225341758,-0.2842899495353716
2025-02-24,GC=F/SI=F,7.988848298303912,3.4835451464319203,-3.471289801276342,0.8766247232611402,-0.04838698096763583,-0.971754396809722
2025-02-25,GC=F/SI=F,7.974016537432587,3.4594977545456,-3.471289801276342,0.8766247232611402,-0.05943248458465522,-1.5247093266557155
2025-02-26,GC=F/SI=F,7.978242420664705,3.473611011076752,-3.471289801276342,0.8766247232611402,-0.04902374177239199,-0.9492155069112552
2025-02-27,GC=F/SI=F,7.966656050478625,3.4594977545456,-3.471289801276342,0.8766247232611402,-0.05298009974557072,-1.1218996940404082
2025-02-28,GC=F/SI=F,7.950431952532339,3.441026879425876,-3.471289801276342,0.8766247232611402,-0.05722852949297064,-1.3009157683483557
2025-03-03,GC=F/SI=F,7.969080965969854,3.4667354498161673,-3.471289801276342,0.8766247232611402,-0.0478681453464338,-0.7912935713990967
2025-03-04,GC=F/SI=F,7.975770927236241,3.4691052734954524,-3.471289801276342,0.8766247232611402,-0.05136290711092251,-0.9481838496641303
2025-03-05,GC=F/SI=F,7.977728026190001,3.492195298495355,-3.471289801276342,0.8766247232611402,-0.029988523439755,0.20215514133732235
2025-03-06,GC=F/SI=F,7.978173866762372,3.4984148240703976,-3.471289801276342,0.8766247232611402,-0.024159832733085196,0.550156682122083
2025-03-07,GC=F/SI=F,7.974085376919482,3.4827159331482047,-3.471289801276342,0.8766247232611402,-0.03627465237819916,-0.07001857426452478
2025-03-10,GC=F/SI=F,7.969357742016346,3.4742929840101304,-3.471289801276342,0.8766247232611402,-0.0405532398776316,-0.2972592943414565
2025-03-11,GC=F/SI=F,7.976904393974166,3.4931078644423676,-3.471289801276342,0.8766247232611402,-0.028353941129466875,0.5974392764099565
2025-03-12,GC=F/SI=F,7.985858724245289,3.511067747431305,-3.471289801276342,0.8766247232611402,-0.01824364543644119,1.3532332564791587
2025-03-13,GC=F/SI=F,8.001120508824924,3.527859362201943,-3.471289801276342,0.8766247232611402,-0.014830888349397497,1.5861270039109772
2025-03-14,GC=F/SI=F,8.004532551704518,3.5318454628807263,-3.471289801276342,0.8766247232611402,-0.013835868815692542,1.6407913171992774
2025-03-17,GC=F/SI=F,8.006367567650246,3.5285346686352903,-3.471289801276342,0.8766247232611402,-0.01875528340673327,1.2688270343990333
2025-03-18,GC=F/SI=F,8.017999684055582,3.543246519907337,-3.471289801276342,0.8766247232611402,-0.014240432959454985,1.5716291692510584
2025-03-19,GC=F/SI=F,8.018263167729483,3.5256249151253916,-3.471289801276342,0.8766247232611402,-0.03209301404411846,0.27804470207473736
2025-03-20,GC=F/SI=F,8.019612794400267,3.520046494725532,-3.471289801276342,0.8766247232611402,-0.03885455055075848,-0.20656934143918398
2025-03-21,GC=F/SI=F,8.012415890006555,3.5052570790885054,-3.471289801276342,0.8766247232611402,-0.04733498186531104,-0.7896601539586097
2025-03-24,GC=F/SI=F,8.010724760502212,3.5045057748456903,-3.471289801276342,0.8766247232611402,-0.046603800174382926,-0.7192303119524551
2025-03-25,GC=F/SI=F,8.014236509880472,3.5264193141047073,-3.450413980952116,0.873750838146239,-0.025612572553428414,0.7472537800366211
2025-03-26,GC=F/SI=F,8.013310046889949,3.5273306699331206,-3.450413980952116,0.873750838146239,-0.023891718910533655,0.8513560916532169
2025-03-27,GC=F/SI=F,8.026235536331852,3.5524008472636406,-3.450413980952116,0.873750838146239,-0.010115198813327453,1.770488761621384
2025-03-28,GC=F/SI=F,8.03479304183395,3.5451245795381916,-3.450413980952116,0.873750838146239,-0.02486859414367526,0.705493803893056
2025-03-31,GC=F/SI=F,8.046485329882143,3.5397121911082534,-3.450413980952116,0.873750838146239,-0.040497129055570014,-0.42081413484642344
2025-04-01,GC=F/SI=F,8.045235623224508,3.5309968468931445,-3.450413980952116,0.873750838146239,-0.048120541031132724,-1.0471721619350929
2025-04-02,GC=F/SI=F,8.051946200159703,3.540930354032656,-3.450413980952116,0.873750838146239,-0.04405040611319233,-0.7639192008579776
2025-04-03,GC=F/SI=F,8.038189179973203,3.460848976913774,-3.450413980952116,0.873750838146239,-0.11211157531372606,-5.926768499325299
2025-04-04,GC=F/SI=F,8.010359588919783,3.371287824528499,-3.450413980952116,0.873750838146239,-0.1773565991908086,-8.651956355143533
2025-04-07,GC=F/SI=F,7.990001046774565,3.3847291967109254,-3.450413980952116,0.873750838146239,-0.14612693374556152,-4.47058228434069
2025-04-08,GC=F/SI=F,7.995778333197363,3.387504022560535,-3.450413980952116,0.873750838146239,-0.14840001675008185,-3.914035920660212
2025-04-09,GC=F/SI=F,8.02502574946878,3.4119064989608816,-3.450413980952116,0.873750838146239,-0.14955249483049826,-3.4917294212143783
2025-04-10,GC=F/SI=F,8.05680714893287,3.4233175673237715,-3.450413980952116,0.873750838146239,-0.16591045088681788,-3.630062693799378
2025-04-11,GC=F/SI=F,8.077819619903226,3.4602207034121197,-3.450413980952116,0.873750838146239,-0.14736697892034023,-2.7498771460962983
2025-04-14,GC=F/SI=F,8.072404980147489,3.468606748412258,-3.450413980952116,0.873750838146239,-0.1342498878953684,-2.223145968265258
2025-04-15,GC=F/SI=F,8.076732815140671,3.4728046474459062,-3.450413980952116,0.873750838146239,-0.13383343831437156,-2.094690536659865
2025-04-16,GC=F/SI=F,8.109706069712608,3.494262579371129,-3.450413980952116,0.873750838146239,-0.1411859152077879,-2.1659818721664035
2025-04-17,GC=F/SI=F,8.104310627222715,3.4787754598283587,-3.450413980952116,0.873750838146239,-0.15195876235284445,-2.3024061828043503
2025-04-18,GC=F/SI=F,8.104310627222715,3.4787754598283587,-3.450413980952116,0.873750838146239,-0.15195876235284445,-2.1735611417545395
2025-04-21,GC=F/SI=F,8.133352565069663,3.4811169550647745,-3.450413980952116,0.873750838146239,-0.17499268465158924,-2.553417735587492
2025-04-22,GC=F/SI=F,8.131765991402416,3.4928646026732353,-3.450413980952116,0.873750838146239,-0.16185876697159074,-2.1212989174526387
2025-04-23,GC=F/SI=F,8.094470030775227,3.5120826543973274,-3.384071076867138,0.8646321337833967,-0.10258516329047485,-0.8466900820384248
2025-04-24,GC=F/SI=F,8.111328003286733,3.511007934509019,-3.384071076867138,0.8646321337833967,-0.1182358279226694,-1.1322112157520832
2025-04-25,GC=F/SI=F,8.0963301113765,3.496174124460902,-3.384071076867138,0.8646321337833967,-0.1201019786861881,-1.1388956886165018
2025-04-28,GC=F/SI=F,8.111478052052863,3.4962045361185368,-3.384071076867138,0.8646321337833967,-0.13316896329798222,-1.358570423447687
2025-04-29,GC=F/SI=F,8.107358565502714,3.5048064101377907,-3.384071076867138,0.8646321337833967,-0.1210052488327813,-1.081727692252363
2025-04-30,GC=F/SI=F,8.103191752285786,3.4821934264571235,-3.384071076867138,0.8646321337833967,-0.14001547191061903,-1.4080199764243408
2025-05-01,GC=F/SI=F,8.07402621612406,3.471624753681847,-3.384071076867138,0.8646321337833967,-0.12536668492144543,-1.0843515598276445
2025-05-02,GC=F/SI=F,8.080825448351897,3.4653921037211757,-3.384071076867138,0.8646321337833967,-0.13747816955135939,-1.2768961500178742
2025-05-05,GC=F/SI=F,8.105096155255932,3.4721217768550763,-3.384071076867138,0.8646321337833967,-0.15173372951632658,-1.5015466727113136
2025-05-06,GC=F/SI=F,8.134878014580329,3.4999259231868787,-3.384071076867138,0.8646321337833967,-0.1496799357602141,-1.4103243596121322
2025-05-07,GC=F/SI=F,8.126045075022446,3.4821934264571235,-3.384071076867138,0.8646321337833967,-0.15977518911245792,-1.546613599737972
2025-05-08,GC=F/SI=F,8.10064694292058,3.477479128922123,-3.384071076867138,0.8646321337833967,-0.14252944549410973,-1.1778307633742016
2025-05-09,GC=F/SI=F,8.112347861908756,3.4866408233199984,-3.384071076867138,0.8646321337833967,-0.1434847416482068,-1.1579182943936857
2025-05-12,GC=F/SI=F,8.077136638538454,3.4777879988998603,-3.384071076867138,0.8646321337833967,-0.12189281087255566,-0.7383357292327145
2025-05-13,GC=F/SI=F,8.083421212161552,3.4924995409974304,-3.384071076867138,0.8646321337833967,-0.11261511307664485,-0.5495471181858222
2025-05-14,GC=F/SI=F,8.065076599768261,3.4727736341295907,-3.384071076867138,0.8646321337833967,-0.11647967858744401,-0.599345845884131
2025-05-15,GC=F/SI=F,8.077353991056018,3.480655271991665,-3.384071076867138,0.8646321337833967,-0.11921346775179753,-0.6258845504193767
2025-05-16,GC=F/SI=F,8.065265208897733,3.4706612827408687,-3.384071076867138,0.8646321337833967,-0.11875510749023288,-0.5945137274651182
2025-05-19,GC=F/SI=F,8.079896770693928,3.475469617536814,-3.384071076867138,0.8646321337833967,-0.12659769119071473,-0.7144006384954558
2025-05-20,GC=F/SI=F,8.095690175495562,3.495901303251414,-3.384071076867138,0.8646321337833967,-0.11982149076945703,-0.5658591331451958
2025-05-21,GC=F/SI=F,8.104491980398265,3.5104403882253727,-3.384071076867138,0.8646321337833967,-0.1128927291496673,-0.4146544872435733
2025-05-22,GC=F/SI=F,8.099341702488031,3.4979308173997987,-3.3085234095772407,0.8542542821452257,-0.11244310493076348,-0.3863158569383225
2025-05-23,GC=F/SI=F,8.120767136991995,3.509812635192783,-3.3085234095772407,0.8542542821452257,-0.11886405630961328,-0.48909642509328366
2025-05-26,GC=F/SI=F,8.120767136991995,3.509812635192783,-3.3085234095772407,0.8542542821452257,-0.11886405630961328,-0.47208504957383335
2025-05-27,GC=F/SI=F,8.101405012585873,3.5009220429392474,-3.3085234095772407,0.8542542821452257,-0.11121447087778957,-0.3092217746449652
2025-05-28,GC=F/SI=F,8.099736500106001,3.4965075614664802,-3.3085234095772407,0.8542542821452257,-0.11420361841981475,-0.3496049636436006
2025-05-29,GC=F/SI=F,8.106846215656715,3.505046784545298,-3.3085234095772407,0.8542542821452257,-0.11173790029502761,-0.2868986587983438
2025-05-30,GC=F/SI=F,8.098308411655925,3.4932294151512,-3.3085234095772407,0.8542542821452257,-0.11626181406133451,-0.3557539489750268
2025-06-02,GC=F/SI=F,8.122846078014877,3.54278373777743,-3.3085234095772407,0.8542542821452257,-0.08766889799608979,0.21081381047721093
2025-06-03,GC=F/SI=F,8.116775309954896,3.5410462290160623,-3.3085234095772407,0.8542542821452257,-0.08422042714630784,0.29872086437468914
2025-06-04,GC=F/SI=F,8.12370606006748,3.541509926256496,-3.3085234095772407,0.8542542821452257,-0.08967735286802814,0.2147132317006131
2025-06-05,GC=F/SI=F,8.116924543642376,3.574842494968937,-3.3085234095772407,0.8542542821452257,-0.05055164471000406,1.0192809932798523
2025-06-06,GC=F/SI=F,8.108532969716217,3.584213184241696,-3.3085234095772407,0.8542542821452257,-0.03401241747688566,1.3591354950843177
2025-06-09,GC=F/SI=F,8.111358044148902,3.602449718629226,-3.3085234095772407,0.8542542821452257,-0.018189215020856686,1.6838621486180243
2025-06-10,GC=F/SI=F,8.107991080104602,3.5984622789786513,-3.3085234095772407,0.8542542821452257,-0.01930041121875803,1.661367745524963
2025-06-11,GC=F/SI=F,8.10811156623504,3.5881194610886227,-3.3085234095772407,0.8542542821452257,-0.029746154901652666,1.4555981062337666
2025-06-12,GC=F/SI=F,8.125897196337576,3.589418204938799,-3.3085234095772407,0.8542542821452257,-0.04364086172721837,1.1896214112689611
2025-06-13,GC=F/SI=F,8.140665318972044,3.5912941394764775,-3.3085234095772407,0.8542542821452257,-0.05438065918927926,0.9903466107930313
2025-06-16,GC=F/SI=F,8.130471297372337,3.5939917295422026,-3.3085234095772407,0.8542542821452257,-0.04297478251972375,1.2631172383671385
2025-06-17,GC=F/SI=F,8.127581776067315,3.6133473956154893,-3.3085234095772407,0.8542542821452257,-0.021150730498272097,1.7350712004080173
2025-06-18,GC=F/SI=F,8.12852621598838,3.6072897477024846,-3.3085234095772407,0.8542542821452257,-0.028015170258075983,1.569288643473749
2025-06-19,GC=F/SI=F,8.12852621598838,3.6072897477024846,-3.3085234095772407,0.8542542821452257,-0.028015170258075983,1.5491201210092296
2025-06-20,GC=F/SI=F,8.122104095127305,3.582852097820138,-3.2699840701118963,0.8489617830654174,-0.0425198069101711,1.2312244521554971
2025-06-23,GC=F/SI=F,8.124950269021166,3.5877599293368725,-3.2699840701118963,0.8489617830654174,-0.04002826825728345,1.2984187799280993
2025-06-24,GC=F/SI=F,8.106936593134355,3.57517870558144,-3.2699840701118963,0.8489617830654174,-0.03731656961228591,1.371001716924356
2025-06-25,GC=F/SI=F,8.10985636202704,3.5858772411528257,-3.2699840701118963,0.8489617830654174,-0.029096806246172946,1.576402137693322
2025-06-26,GC=F/SI=F,8.111778082058114,3.599665613530737,-3.2699840701118963,0.8489617830654174,-0.016939900732395152,1.8407118539245801
2025-06-27,GC=F/SI=F,8.093676107785052,3.5845461537114724,-3.2699840701118963,0.8489617830654174,-0.016691476195796362,1.8148753524443024
2025-06-30,GC=F/SI=F,8.099979306630418,3.5793993866923017,-3.2699840701118963,0.8489617830654174,-0.027189418145745492,1.558993406316087
2025-07-01,GC=F/SI=F,8.11273755896759,3.585794146329427,-3.2699840701118963,0.8489617830654174,-0.03162592716158308,1.4502535761225843
2025-07-02,GC=F/SI=F,8.116118431609365,3.5952827693510985,-3.2699840701118963,0.8489617830654174,-0.025007535806190084,1.535305656349233
2025-07-03,GC=F/SI=F,8.111207977373303,3.605062978806181,-3.2699840701118963,0.8489617830654174,-0.011058538367199056,1.7713862654318715
2025-07-04,GC=F/SI=F,8.111478052052863,3.6048183079797886,-3.2699840701118963,0.8489617830654174,-0.011532492275112105,1.6901396990592936
2025-07-07,GC=F/SI=F,8.111388010841548,3.6004580383539935,-3.2699840701118963,0.8489617830654174,-0.015816320353600588,1.5409309477052069
2025-07-08,GC=F/SI=F,8.103796712981794,3.5965448462581,-3.2699840701118963,0.8489617830654174,-0.013284790682695835,1.5357088161967876
2025-07-09,GC=F/SI=F,8.105186764753794,3.5932217617704265,-3.2699840701118963,0.8489617830654174,-0.017787976001280015,1.399032851480839
2025-07-10,GC=F/SI=F,8.106936593134355,3.6119443640265745,-3.2699840701118963,0.8489617830654174,-0.0005509111671511135,1.6868313656270801
2025-07-11,GC=F/SI=F,8.118505067587098,3.655219218691839,-3.2699840701118963,0.8489617830654174,0.032902750799366665,2.2597629970180115
2025-07-14,GC=F/SI=F,8.117163285798012,3.6496707877020578,-3.2699840701118963,0.8489617830654174,0.028493441269731967,2.0581903273376603
2025-07-15,GC=F/SI=F,8.110667535774732,3.6332081595640577,-3.2699840701118963,0.8489617830654174,0.017545456653841995,1.7648673611345904
2025-07-16,GC=F/SI=F,8.117461615155834,3.6337102539107833,-3.2699840701118963,0.8489617830654174,0.012279637254899889,1.6045854064290623
2025-07-17,GC=F/SI=F,8.113756054879833,3.639058752714681,-3.2699840701118963,0.8489617830654174,0.020774015117968503,1.7009742774464154
2025-07-18,GC=F/SI=F,8.117610746466228,3.643437417489631,-3.2699840701118963,0.8489617830654174,0.021880194050563517,1.671869790984168
2025-07-21,GC=F/SI=F,8.132089349343557,3.6661480865992466,-3.2649063135953225,0.8482644033408016,0.03289248035956849,1.816187804786066
2025-07-22,GC=F/SI=F,8.142994150984547,3.6717332875176285,-3.2649063135953225,0.8482644033408016,0.029227526220407363,1.6743560960400359
2025-07-23,GC=F/SI=F,8.129793937892053,3.6706645625851766,-3.2649063135953225,0.8482644033408016,0.039356072170830814,1.7835381676029
2025-07-24,GC=F/SI=F,8.12296471523406,3.6640999604034707,-3.2649063135953225,0.8482644033408016,0.03858445647238895,1.697673021743913
2025-07-25,GC=F/SI=F,8.111928063310739,3.6419712631150194,-3.2649063135953225,0.8482644033408016,0.025817758142554048,1.4208076799104474
2025-07-28,GC=F/SI=F,8.104431557586858,3.6382701619688356,-3.2649063135953225,0.8482644033408016,0.028475675951378676,1.4166839463081666
2025-07-29,GC=F/SI=F,8.108743604882672,3.639794236807571,-3.2649063135953225,0.8482644033408016,0.026341994563552795,1.3371242092821587
2025-07-30,GC=F/SI=F,8.100404224391887,3.62609943635831,-3.2649063135953225,0.8482644033408016,0.01972119373053971,1.1842189162942387
2025-07-31,GC=F/SI=F,8.099615000597316,3.598735853331546,-3.2649063135953225,0.8482644033408016,-0.0069729188450198265,0.7036820943406936
2025-08-01,GC=F/SI=F,8.11602880727419,3.6051444878814216,-3.2649063135953225,0.8482644033408016,-0.014487532222455357,0.5511448296372624
2025-08-04,GC=F/SI=F,8.123972780784179,3.6160937204921075,-3.2649063135953225,0.8482644033408016,-0.01027688956137407,0.6003883431322379
2025-08-05,GC=F/SI=F,8.126192931842445,3.6293152146889316,-3.2649063135953225,0.8482644033408016,0.0010613295226837849,0.7812616680574881
2025-08-06,GC=F/SI=F,8.125630988477065,3.631409196252719,-3.2649063135953225,0.8482644033408016,0.0036319876400163764,0.8046471739123294
2025-08-07,GC=F/SI=F,8.131618956365811,3.641735459097952,-3.2649063135953225,0.8482644033408016,0.008878870476878298,0.8807419451152314
2025-08-08,GC=F/SI=F,8.14296511662579,3.6485000651943316,-3.2649063135953225,0.8482644033408016,0.00601893271011722,0.7994353395785612
2025-08-11,GC=F/SI=F,8.117640599183844,3.6286515953410845,-3.2649063135953225,0.8482644033408016,0.007652349534656544,0.8053231097338159
2025-08-12,GC=F/SI=F,8.1163871835281,3.6349246806176487,-3.2649063135953225,0.8482644033408016,0.014988662694578103,0.9251892359496505
2025-08-13,GC=F/SI=F,8.119309258790581,3.650632281198763,-3.2649063135953225,0.8482644033408016,0.028217570846647888,1.166407253850854
2025-08-14,GC=F/SI=F,8.112287911926348,3.6371123223148403,-3.2649063135953225,0.8482644033408016,0.020653570571162128,0.9828451049960492
2025-08-15,GC=F/SI=F,8.112527763478637,3.6347928147864113,-3.2649063135953225,0.8482644033408016,0.018130605508840603,0.9078727239335624
2025-08-18,GC=F/SI=F,8.111237948563224,3.6362958595845223,-3.2649063135953225,0.8482644033408016,0.02072775438659491,0.9419714130596598
2025-08-19,GC=F/SI=F,8.105730102031313,3.617947245835076,-3.2730321724001645,0.8493801572203611,0.006133109786070179,0.5946134762000402
2025-08-20,GC=F/SI=F,8.114743503059865,3.629792760217258,-3.2730321724001645,0.8493801572203611,0.010322820185530546,0.667352037587501
2025-08-21,GC=F/SI=F,8.112797482000532,3.6382964449731934,-3.2730321724001645,0.8493801572203611,0.02047941661479591,0.8899992446280208
2025-08-22,GC=F/SI=F,8.123972780784179,3.6636385239962825,-3.2730321724001645,0.8493801572203611,0.03632941860004735,1.2729701419170325
2025-08-25,GC=F/SI=F,8.12379499899895,3.6552450599836996,-3.2730321724001645,0.8493801572203611,0.028086958908153825,1.0462009298607131
2025-08-26,GC=F/SI=F,8.128172164543061,3.65278586544921,-3.2730321724001645,0.8493801572203611,0.02190988681562711,0.8712795024908123
2025-08-27,GC=F/SI=F,8.132882766064089,3.655555300609052,-3.2730321724001645,0.8493801572203611,0.020678230514935336,0.8293686993587693
2025-08-28,GC=F/SI=F,8.140840198079658,3.6684215771696658,-3.2730321724001645,0.8493801572203611,0.026785622219094307,1.0268115563290394
2025-08-29,GC=F/SI=F,8.152975573229819,3.6938670146035686,-3.2730321724001645,0.8493801572203611,0.04192351280002615,1.5242522376643282
2025-09-01,GC=F/SI=F,8.152975573229819,3.6938670146035686,-3.2730321724001645,0.8493801572203611,0.04192351280002615,1.5222116328257311
2025-09-02,GC=F/SI=F,8.17453382658701,3.715302255539796,-3.2730321724001645,0.8493801572203611,0.04504760111032535,1.660553569635834
2025-09-03,GC=F/SI=F,8.186798435766015,3.7267049592461974,-3.2730321724001645,0.8493801572203611,0.046032989144017655,1.6543542088554255
2025-09-04,GC=F/SI=F,8.179143725294125,3.7113989583869467,-3.2730321724001645,0.8493801572203611,0.03722874746885818,1.2690792751277689
2025-09-05,GC=F/SI=F,8.192349071761871,3.715375349866478,-3.2730321724001645,0.8493801572203611,0.02998877968946534,0.9599524095280504
2025-09-08,GC=F/SI=F,8.199216873173507,3.7239086713562233,-3.2730321724001645,0.8493801572203611,0.03268872693643754,1.0297023471052955
2025-09-09,GC=F/SI=F,8.200645156731959,3.7105919807057437,-3.2730321724001645,0.8493801572203611,0.018158880572524794,0.4594950255154556
2025-09-10,GC=F/SI=F,8.200727509672786,3.716810704946063,-3.2730321724001645,0.8493801572203611,0.024307655859015398,0.6688068589905758
2025-09-11,GC=F/SI=F,8.19888692256914,3.7304291501038334,-3.2730321724001645,0.8493801572203611,0.03948945918026059,1.2523345850240097
2025-09-12,GC=F/SI=F,8.2023180227429,3.7468417359309285,-3.2730321724001645,0.8493801572203611,0.05298773660232747,1.7763709187243444
2025-09-15,GC=F/SI=F,8.211265665362522,3.7499039557563782,-3.2730321724001645,0.8493801572203611,0.04845000633277152,1.5259054929907474
2025-09-16,GC=F/SI=F,8.213083563139017,3.748821505888591,-3.2730321724001645,0.8493801572203611,0.04582347016577337,1.3739517796115246
2025-09-17,GC=F/SI=F,8.211157055274487,3.7310285705478967,-3.2893666555721333,0.8516207322380756,0.027603642185330735,0.5970980032486831
2025-09-18,GC=F/SI=F,8.200754914477026,3.730668997985444,-3.2893666555721333,0.8516207322380756,0.03610274838565708,0.933382628488487
2025-09-19,GC=F/SI=F,8.208355576891664,3.75035075970062,-3.2893666555721333,0.8516207322380756,0.049311628409782315,1.4948919414876294
2025-09-22,GC=F/SI=F,8.227028025617445,3.77961098119419,-3.2893666555721333,0.8516207322380756,0.06267000544682588,2.0756870665910814
2025-09-23,GC=F/SI=F,8.23763803200695,3.78854380761187,-3.2893666555721333,0.8516207322380756,0.06256713045402496,2.008542909788991
2025-09-24,GC=F/SI=F,8.224726383058846,3.7791085750660285,-3.2893666555721333,0.8516207322380756,0.06412772583976967,2.0004303650563706
2025-09-25,GC=F/SI=F,8.226011643561785,3.7999063538660893,-3.2893666555721333,0.8516207322380756,0.08383095014920006,2.7948245176243796
2025-09-26,GC=F/SI=F,8.236235141657787,3.833434254793325,-3.2893666555721333,0.8516207322380756,0.10865230814188465,3.725134523550316
2025-09-29,GC=F/SI=F,8.248241250386604,3.841858008235576,-3.2893666555721333,0.8516207322380756,0.1068514104771694,3.3452720886030916
2025-09-30,GC=F/SI=F,8.25343596992974,3.834126291090641,-3.2893666555721333,0.8516207322380756,0.09469576247113753,2.6281937546008383
2025-10-01,GC=F/SI=F,8.260363582447221,3.856298876015635,-3.2893666555721333,0.8516207322380756,0.11096864895133329,3.081505049691731
2025-10-02,GC=F/SI=F,8.253149504813205,3.828641396489095,-3.2893666555721333,0.8516207322380756,0.08945482750189537,2.0925298020160796
2025-10-03,GC=F/SI=F,8.263796609512982,3.8627697366057823,-3.2893666555721333,0.8516207322380756,0.11451587251794404,2.8847981030351053
2025-10-06,GC=F/SI=F,8.281091038937635,3.8729079019323436,-3.2893666555721333,0.8516207322380756,0.10992574319424175,2.5429922270666503
2025-10-07,GC=F/SI=F,8.288182486381706,3.85394889644482,-3.2893666555721333,0.8516207322380756,0.08492751404177135,1.597768531985538
2025-10-08,GC=F/SI=F,8.304816481289226,3.8847750945567707,-3.2893666555721333,0.8516207322380756,0.10158785723053487,2.0807346196601477
2025-10-09,GC=F/SI=F,8.280533722421648,3.846950976114977,-3.2893666555721333,0.8516207322380756,0.08444343967630807,1.441660071730344
2025-10-10,GC=F/SI=F,8.288006391992694,3.848827576079488,-3.2893666555721333,0.8516207322380756,0.07995615930895283,1.2537916943717624
2025-10-13,GC=F/SI=F,8.320837640627152,3.9146196525823185,-3.2893666555721333,0.8516207322380756,0.11778846380941577,2.370746096969927
2025-10-14,GC=F/SI=F,8.328137055037917,3.918283352022313,-3.2893666555721333,0.8516207322380756,0.11523583060400533,2.1606618560057935
2025-10-15,GC=F/SI=F,8.33732460020327,3.933256018285399,-3.2893666555721333,0.8516207322380756,0.12238419292590308,2.253087380020275
2025-10-16,GC=F/SI=F,8.361755062087669,3.970725759235292,-3.3357712036340716,0.8579754543245809,0.1323163645238319,2.404278529861652
2025-10-17,GC=F/SI=F,8.340432122975391,3.909299267681704,-3.3357712036340716,0.8579754543245809,0.08918443134263576,1.122670111543656
2025-10-20,GC=F/SI=F,8.374799767267016,3.9341562379137627,-3.3357712036340716,0.8579754543245809,0.08455480634952206,0.9674373569160002
2025-10-21,GC=F/SI=F,8.315737731726966,3.859676541134745,-3.3357712036340716,0.8579754543245809,0.060748886346313924,0.3227521090389613
2025-10-22,GC=F/SI=F,8.305088463071202,3.8599082902965356,-3.3357712036340716,0.8579754543245809,0.07011744662125707,0.5571745142788942
2025-10-23,GC=F/SI=F,8.324942503544397,3.8811925629329798,-3.3357712036340716,0.8579754543245809,0.07436743986253358,0.6497609186485541
2025-10-24,GC=F/SI=F,8.323219993689625,3.8790244714547533,-3.3357712036340716,0.8579754543245809,0.07367721955953321,0.6123353061302585
2025-10-27,GC=F/SI=F,8.294524502922767,3.840784763725852,-3.3357712036340716,0.8579754543245809,0.06005753855839391,0.2387425605159997
2025-10-28,GC=F/SI=F,8.285563724140669,3.8528036457681747,-3.3357712036340716,0.8579754543245809,0.0797645488473897,0.738295797648988
2025-10-29,GC=F/SI=F,8.289966302407413,3.8653715666533324,-3.3357712036340716,0.8579754543245809,0.08855516564393895,0.9464863124453872
2025-10-30,GC=F/SI=F,8.294374599504033,3.8800781878330337,-3.3357712036340716,0.8579754543245809,0.09947957611936875,1.2170280360169194
2025-10-31,GC=F/SI=F,8.28958969711834,3.8710759922850797,-3.3357712036340716,0.8579754543245809,0.0945827093696785,1.0521236089707091
2025-11-03,GC=F/SI=F,8.294124649495783,3.8688649613066604,-3.3357712036340716,0.8579754543245809,0.08848080056488161,0.8527426978550728
2025-11-04,GC=F/SI=F,8.280888397455453,3.85290976359881,-3.3357712036340716,0.8579754543245809,0.08388198221488974,0.6968724946702639
2025-11-05,GC=F/SI=F,8.289112484589658,3.868342741662155,-3.3357712036340716,0.8579754543245809,0.0922588953828587,0.9106653899928587
2025-11-06,GC=F/SI=F,8.289011947797325,3.86690008178821,-3.3357712036340716,0.8579754543245809,0.09090249360899261,0.8443860010223655
2025-11-07,GC=F/SI=F,8.293899604433177,3.8715550792811113,-3.3357712036340716,0.8579754543245809,0.09136400167916658,0.8317948738759963
2025-11-10,GC=F/SI=F,8.321616120319346,3.9155567172761727,-3.3357712036340716,0.8579754543245809,0.11158554936449683,1.404516562465041
2025-11-11,GC=F/SI=F,8.320399367866491,3.924307244864265,-3.3357712036340716,0.8579754543245809,0.12138002069112908,1.6458124254374993
2025-11-12,GC=F/SI=F,8.343886851722043,3.9765365399864656,-3.3357712036340716,0.8579754543245809,0.15345763118142042,2.5271300692028307
2025-11-13,GC=F/SI=F,8.339715858960922,3.971687190874479,-3.3357712036340716,0.8579754543245809,0.1521868914786415,2.350917813907534
2025-11-14,GC=F/SI=F,8.315713303628906,3.923753931320012,-3.385279689732579,0.8647504363795147,0.11801691293255967,1.2880098514913811
2025-11-17,GC=F/SI=F,8.310980512764104,3.924445525426703,-3.385279689732579,0.8647504363795147,0.1228011900048811,1.3906227013707586
2025-11-18,GC=F/SI=F,8.309258410410761,3.9209827619223026,-3.385279689732579,0.8647504363795147,0.12082761526202379,1.2992422869925389
2025-11-19,GC=F/SI=F,8.31328837098063,3.9276995028388937,-3.385279689732579,0.8647504363795147,0.12405944601722929,1.3545319222918601
2025-11-20,GC=F/SI=F,8.30807581183512,3.9169508764614096,-3.385279689732579,0.8647504363795147,0.1178183824354786,1.1332007808069948
2025-11-21,GC=F/SI=F,8.313043104617195,3.909479796183973,-3.385279689732579,0.8647504363795147,0.10605183355711745,0.7637948612307268
2025-11-24,GC=F/SI=F,8.316764664979495,3.917905632180004,-3.385279689732579,0.8647504363795147,0.11125944860583648,0.8903914461606544
2025-11-25,GC=F/SI=F,8.328257858617814,3.9305306398360105,-3.385279689732579,0.8647504363795147,0.11394571204771342,0.9449082005300246
2025-11-26,GC=F/SI=F,8.334519619547246,3.9687057575207425,-3.385279689732579,0.8647504363795147,0.1467059692362147,1.9053692173920367
2025-11-27,GC=F/SI=F,8.334519619547246,3.9687057575207425,-3.385279689732579,0.8647504363795147,0.1467059692362147,1.8274040872148813
2025-11-28,GC=F/SI=F,8.347187435963644,4.033284413779413,-3.385279689732579,0.8647504363795147,0.20033012572082853,3.3287496218499086
2025-12-01,GC=F/SI=F,8.352153394184935,4.067624048984884,-3.385279689732579,0.8647504363795147,0.23037544638739682,3.8595166897707354
2025-12-02,GC=F/SI=F,8.339644250986328,4.060149893608819,-3.385279689732579,0.8647504363795147,0.23371857805106,3.517299818781294
2025-12-03,GC=F/SI=F,8.342673077203631,4.0590800378852805,-3.385279689732579,0.8647504363795147,0.23002954353439087,3.104181255648257
2025-12-04,GC=F/SI=F,8.345645342372986,4.0403634505029355,-3.385279689732579,0.8647504363795147,0.20874268854981093,2.4076197969147075
2025-12-05,GC=F/SI=F,8.345906502461952,4.0676925463732445,-3.385279689732579,0.8647504363795147,0.2358459461192215,2.858951043003092
2025-12-08,GC=F/SI=F,8.339787578421014,4.056625376241759,-3.385279689732579,0.8647504363795147,0.2300701182223106,2.5670072714046683
2025-12-09,GC=F/SI=F,8.34443381775488,4.097157248213987,-3.385279689732579,0.8647504363795147,0.26658415270305547,3.157788001953084
2025-12-10,GC=F/SI=F,8.341982270585895,4.100641389154106,-3.385279689732579,0.8647504363795147,0.2721882701273577,3.0139682614311756
2025-12-11,GC=F/SI=F,8.362992510338938,4.157773105914009,-3.385279689732579,0.8647504363795147,0.31115137289237893,3.473157750211299
2025-12-12,GC=F/SI=F,8.366393579935423,4.116790743094542,-3.385279689732579,0.8647504363795147,0.26722793365519504,2.426884206976395
2025-12-15,GC=F/SI=F,8.367927273927458,4.14218186981721,-3.4781419402102802,0.8774535557187831,0.2778562695236584,2.4610074574226166
2025-12-16,GC=F/SI=F,8.36741626609801,4.138361459806968,-3.4781419402102802,0.8774535557187831,0.27448424515036596,2.280523656674883
2025-12-17,GC=F/SI=F,8.377356246228437,4.193239211824586,-3.4781419402102802,0.8774535557187831,0.32064012625876526,2.865468253702724
2025-12-18,GC=F/SI=F,8.3755144130843,4.168090608522467,-3.4781419402102802,0.8774535557187831,0.2971076459980111,2.3278197842181947
2025-12-19,GC=F/SI=F,8.380548363327613,4.202376524696782,-3.4781419402102802,0.8774535557187831,0.3269765046320199,2.616420979285354
2025-12-22,GC=F/SI=F,8.399445177119254,4.218124369837946,-3.4781419402102802,0.8774535557187831,0.32614327331995163,2.440290057152278
2025-12-23,GC=F/SI=F,8.408003086608563,4.2553999298822,-3.4781419402102802,0.8774535557187831,0.35590966525329293,2.681931974528654
2025-12-24,GC=F/SI=F,8.40751226680818,4.263116376549999,-3.4781419402102802,0.8774535557187831,0.364056783500156,2.60122216149903
2025-12-25,GC=F/SI=F,8.40751226680818,4.263116376549999,-3.4781419402102802,0.8774535557187831,0.364056783500156,2.430416104692269
2025-12-26,GC=F/SI=F,8.418278544803755,4.337107718346794,-3.4781419402102802,0.8774535557187831,0.42860121638787607,3.005081177768773
2025-12-29,GC=F/SI=F,8.372190563064926,4.246436020559029,-3.4781419402102802,0.8774535557187831,0.3783695820527493,2.2401945651977027
2025-12-30,GC=F/SI=F,8.382541193469468,4.348650813949657,-3.4781419402102802,0.8774535557187831,0.47150217799098115,3.061042758314165
2025-12-31,GC=F/SI=F,8.372306160644143,4.250407736145342,-3.4781419402102802,0.8774535557187831,0.3822398661321449,1.9664211927341768
2026-01-01,GC=F/SI=F,8.372306160644143,4.250407736145342,-3.4781419402102802,0.8774535557187831,0.3822398661321449,1.8748612996217016
2026-01-02,GC=F/SI=F,8.369713521388062,4.256406717288992,-3.4781419402102802,0.8774535557187831,0.3905137678097388,1.866652940703466
2026-01-05,GC=F/SI=F,8.397711191364179,4.332888929345091,-3.4781419402102802,0.8774535557187831,0.4424293247934541,2.245047039306204
2026-01-06,GC=F/SI=F,8.407869319876628,4.388629770649088,-3.4781419402102802,0.8774535557187831,0.48925688011475454,2.524853749638543
2026-01-07,GC=F/SI=F,8.40050201551867,4.3455571611586,-3.4781419402102802,0.8774535557187831,0.4526487380292181,2.0702348722640824
2026-01-08,GC=F/SI=F,8.400592001050814,4.313694305043198,-3.4781419402102802,0.8774535557187831,0.42070692378867314,1.7164741555121428
2026-01-09,GC=F/SI=F,8.409674750152496,4.367978452992075,-3.4781419402102802,0.8774535557187831,0.46702138124257875,2.0107321064658845
2026-01-12,GC=F/SI=F,8.434745886029118,4.438052470150114,-3.4781419402102802,0.8774535557187831,0.5150966410797668,2.2834024500621073
2026-01-13,GC=F/SI=F,8.431461038484148,4.452916027143427,-3.6678515393798774,0.9033834720470666,0.5039250191479301,2.0754417738669013
2026-01-14,GC=F/SI=F,8.439512649313857,4.509418945185546,-3.6678515393798774,0.9033834720470666,0.5531542450431335,2.326145743902811
2026-01-15,GC=F/SI=F,8.437348755101262,4.520439835848619,-3.6678515393798774,0.9033834720470666,0.5661299619731244,2.2894657262873768
2026-01-16,GC=F/SI=F,8.431286637123822,4.478370409884037,-3.6678515393798774,0.9033834720470666,0.5295369531949596,1.9221944422844763
2026-01-19,GC=F/SI=F,8.431286637123822,4.478370409884037,-3.6678515393798774,0.9033834720470666,0.5295369531949596,1.8423303259784374
2026-01-20,GC=F/SI=F,8.467918930598742,4.545483887427136,-3.6678515393798774,0.9033834720470666,0.5635574222696391,1.990314910006729
2026-01-21,GC=F/SI=F,8.482974307607247,4.524068574622329,-3.6678515393798774,0.9033834720470666,0.5285413307099107,1.6796183302856091
2026-01-22,GC=F/SI=F,8.498784751944644,4.564098138590603,-3.6678515393798774,0.9033834720470666,0.5542880005780599,1.7815313454533472
2026-01-23,GC=F/SI=F,8.512421865786672,4.614377696976882,-3.6678515393798774,0.9033834720470666,0.5922480157130261,1.953929711866464
2026-01-26,GC=F/SI=F,8.533007522160208,4.745627554594493,-3.6678515393798774,0.9033834720470666,0.7049011316015452,2.568466447381339
2026-01-27,GC=F/SI=F,8.533046836115355,4.658928963505647,-3.6678515393798774,0.9033834720470666,0.6181670249353983,1.8993250053435993
2026-01-28,GC=F/SI=F,8.575763959194164,4.728369637995099,-3.6678515393798774,0.9033834720470666,0.6490177564620536,2.00129494064057
2026-01-29,GC=F/SI=F,8.578927766859113,4.736522979618686,-3.6678515393798774,0.9033834720470666,0.6543129665323892,1.9452640536735646
2026-01-30,GC=F/SI=F,8.458270849147539,4.360419892613875,-3.6678515393798774,0.9033834720470666,0.38720934477635716,0.3515053002919693
2026-02-02,GC=F/SI=F,8.43869096326128,4.340918139193355,-3.6678515393798774,0.9033834720470666,0.385395736650052,0.3185827519017224
2026-02-03,GC=F/SI=F,8.49774534102304,4.419346501700991,-3.6678515393798774,0.9033834720470666,0.41047535033569016,0.44257508489288894
2026-02-04,GC=F/SI=F,8.501145087147412,4.432779168748813,-3.6678515393798774,0.9033834720470666,0.4208367429255988,0.48080564043935486
2026-02-05,GC=F/SI=F,8.48908172116707,4.3376697451922865,-3.6678515393798774,0.9033834720470666,0.3366251648129692,-0.05019104111932799
2026-02-06,GC=F/SI=F,8.507385289872659,4.340357935581076,-3.6678515393798774,0.9033834720470666,0.3227782137536508,-0.15771968715430085
2026-02-09,GC=F/SI=F,8.527321704877853,4.407511645933563,-3.6678515393798774,0.9033834720470666,0.37192169629857474,0.12569638857346913
2026-02-10,GC=F/SI=F,8.517952863729644,4.38474795750548,-3.6678515393798774,0.9033834720470666,0.35762166411601726,0.015314768313099898
2026-02-11,GC=F/SI=F,8.531411647909303,4.427883904523921,-3.9178437720140513,0.9375059352644949,0.34747862043835553,-0.07010014069829779
2026-02-12,GC=F/SI=F,8.501815599039745,4.324741710738722,-3.9178437720140513,0.9375059352644949,0.27208289812874575,-0.5864014185427265
2026-02-13,GC=F/SI=F,8.52158353971753,4.3547967167566775,-3.9178437720140513,0.9375059352644949,0.28360534243332136,-0.5359334992547933
2026-02-16,GC=F/SI=F,8.52158353971753,4.3547967167566775,-3.9178437720140513,0.9375059352644949,0.28360534243332136,-0.5637954896072997
2026-02-17,GC=F/SI=F,8.493494564638718,4.296564038560883,-3.9178437720140513,0.9375059352644949,0.25170624508940964,-0.8122897307336262
2026-02-18,GC=F/SI=F,8.514489539841923,4.350394093297298,-3.9178437720140513,0.9375059352644949,0.28585338596208754,-0.6032318790655455
2026-02-19,GC=F/SI=F,8.512361518128209,4.351116325991911,-3.9178437720140513,0.9375059352644949,0.28857065164368034,-0.6201286232411465
2026-02-20,GC=F/SI=F,8.528983374186064,4.410164490122168,-3.9178437720140513,0.9375059352644949,0.33203572706458573,-0.335880959765767
2026-02-23,GC=F/SI=F,8.55731738002657,4.460410304880637,-3.9178437720140513,0.9375059352644949,0.3557182431777619,-0.19195401655754848
2026-02-24,GC=F/SI=F,8.547877535665137,4.471147252376196,-3.9178437720140513,0.9375059352644949,0.375305100790138,-0.06943959580080465
2026-02-25,GC=F/SI=F,8.557643898267756,4.510188984962263,-3.9178437720140513,0.9375059352644949,0.4051908104703035,0.14067075346831723
2026-02-26,GC=F/SI=F,8.551884431206167,4.4658851425128505,-3.9178437720140513,0.9375059352644949,0.36628650257509143,-0.2038142675438495
2026-02-27,GC=F/SI=F,8.562262154783815,4.5291742703991,-3.9178437720140513,0.9375059352644949,0.419846453012763,0.2226565115616232
2026-03-02,GC=F/SI=F,8.57440491872215,4.480558852022519,-3.9178437720140513,0.9375059352644949,0.35984712137347685,-0.3076110486057296
2026-03-03,GC=F/SI=F,8.538445728329147,4.417912424408558,-3.9178437720140513,0.9375059352644949,0.3309126481802611,-0.5792543498083048
2026-03-04,GC=F/SI=F,8.540948817916115,4.414409155627621,-3.9178437720140513,0.9375059352644949,0.32506271805504205,-0.6588650829547237
2026-03-05,GC=F/SI=F,8.530168606379707,4.402894827141552,-3.9178437720140513,0.9375059352644949,0.3236549018677639,-0.692953171845239
2026-03-06,GC=F/SI=F,8.545994444198614,4.428623942624991,-3.9178437720140513,0.9375059352644949,0.33454720046544395,-0.6186199663435064
2026-03-09,GC=F/SI=F,8.53532776161172,4.431197651079703,-3.9178437720140513,0.9375059352644949,0.3471209871549519,-0.5196167360067975
2026-03-10,GC=F/SI=F,8.562109231383857,4.489568521470712,-3.9178437720140513,0.9375059352644949,0.3803840706794759,-0.22945543410180191
2026-03-11,GC=F/SI=F,8.550124920752683,4.443415698834579,-3.9178437720140513,0.9375059352644949,0.3454666103901207,-0.5641528515012089
2026-03-12,GC=F/SI=F,8.540089030714851,4.4387613260284065,-4.077982928325872,0.9593504802841656,0.32380574106845295,-0.7847398344968365
2026-03-13,GC=F/SI=F,8.527638449277775,4.393386880348228,-4.077982928325872,0.9593504802841656,0.29037576666974907,-1.112197291476537
2026-03-16,GC=F/SI=F,8.515992470839718,4.385308748743538,-4.077982928325872,0.9593504802841656,0.29347021007298935,-1.0885397231252238
2026-03-17,GC=F/SI=F,8.517393171418904,4.37613429362008,-4.077982928325872,0.9593504802841656,0.2829519921761534,-1.1792093073010181
2026-03-18,GC=F/SI=F,8.494927112391053,4.34689155047178,-4.077982928325872,0.9593504802841656,0.2752620735463136,-1.246516253016926
2026-03-19,GC=F/SI=F,8.433963787265732,4.2612986479108015,-4.077982928325872,0.9593504802841656,0.24815436622403197,-1.4818438843089043
2026-03-20,GC=F/SI=F,8.42735598604314,4.239310341272049,-4.077982928325872,0.9593504802841656,0.23250525686179735,-1.595470967961341
2026-03-23,GC=F/SI=F,8.390291226389055,4.2348164496436445,-4.077982928325872,0.9593504802841656,0.2635694602091547,-1.2682104760795552
2026-03-24,GC=F/SI=F,8.389200671944693,4.238069685379249,-4.077982928325872,0.9593504802841656,0.2678689198747364,-1.2008565126999131
2026-03-25,GC=F/SI=F,8.422838512007234,4.281667481065022,-4.077982928325872,0.9593504802841656,0.2791962375407895,-1.0747674114388712
2026-03-26,GC=F/SI=F,8.383776077975886,4.214657692556464,-4.077982928325872,0.9593504802841656,0.24966101388126916,-1.3035920560021166
2026-03-27,GC=F/SI=F,8.410053315858335,4.24197399873003,-4.077982928325872,0.9593504802841656,0.25176823927176883,-1.2507204585086666
2026-03-30,GC=F/SI=F,8.417593826193484,4.253113098996085,-4.077982928325872,0.9593504802841656,0.25567334732621205,-1.1765446424809232
2026-03-31,GC=F/SI=F,8.444106257320895,4.313346247056165,-4.077982928325872,0.9593504802841656,0.29047178185070877,-0.8517867706583239
2026-04-01,GC=F/SI=F,8.472865098399714,4.3289817646089155,-4.077982928325872,0.9593504802841656,0.27851749140207716,-0.935451141368689
2026-04-02,GC=F/SI=F,8.444945027208613,4.286822707616867,-4.077982928325872,0.9593504802841656,0.26314356811677975,-1.0428628946847989
2026-04-03,GC=F/SI=F,8.444945027208613,4.286822707616867,-4.077982928325872,0.9593504802841656,0.26314356811677975,-1.0121872392651068
2026-04-06,GC=F/SI=F,8.44608375401617,4.285804832268816,-4.077982928325872,0.9593504802841656,0.26103325465898664,-0.9981640865437501
2026-04-07,GC=F/SI=F,8.446148236772482,4.2742464773612046,-4.077982928325872,0.9593504802841656,0.24941303818813765,-1.0642077114525106
2026-04-08,GC=F/SI=F,8.465794628330237,4.320470315992716,-4.077982928325872,0.9593504802841656,0.2767891016428674,-0.8092073684217822
2026-04-09,GC=F/SI=F,8.474744915907731,4.334371456771392,-4.077982928325872,0.9593504802841656,0.28210377973539025,-0.7405676148669121
2026-04-10,GC=F/SI=F,8.468402006738472,4.33498740388101,-4.1899049403867,0.9746367712302387,0.27127635494045244,-0.8046834660403467
2026-04-13,GC=F/SI=F,8.464298595069556,4.324437280375674,-4.1899049403867,0.9746367712302387,0.2647255673351374,-0.8326778555373765
2026-04-14,GC=F/SI=F,8.481566013773087,4.374384997095489,-4.1899049403867,0.9746367712302387,0.2978438228422622,-0.5277844362474295
2026-04-15,GC=F/SI=F,8.476371196895983,4.37564377392037,-4.1899049403867,0.9746367712302387,0.304165659215375,-0.44893701567044514
2026-04-16,GC=F/SI=F,8.473324874552453,4.364448068117182,-4.1899049403867,0.9746367712302387,0.2959390111852098,-0.49746070417175264
2026-04-17,GC=F/SI=F,8.488299787865062,4.403518997317789,-4.1899049403867,0.9746367712302387,0.32041483922536607,-0.25496565212653177
2026-04-20,GC=F/SI=F,8.477745272766242,4.38141390197811,-4.1899049403867,0.9746367712302387,0.3085965624035012,-0.3361666970315797
2026-04-21,GC=F/SI=F,8.454977283423307,4.336126705603574,-4.1899049403867,0.9746367712302387,0.28549988564956763,-0.5287693944103348
2026-04-22,GC=F/SI=F,8.462208883083479,4.355336061053489,-4.1899049403867,0.9746367712302387,0.2976610581558621,-0.38612148627879844
2026-04-23,GC=F/SI=F,8.456402326534143,4.323668924084134,-4.1899049403867,0.9746367712302387,0.27165320471372034,-0.6253674226157727
2026-04-24,GC=F/SI=F,8.460051206669272,4.335760200674324,-4.1899049403867,0.9746367712302387,0.2801881485503994,-0.5338724486670737
2026-04-27,GC=F/SI=F,8.450069978672687,4.317528090764554,-4.1899049403867,0.9746367712302387,0.2716841104681347,-0.6333578042697319
2026-04-28,GC=F/SI=F,8.431962047053577,4.293263749658145,-4.1899049403867,0.9746367712302387,0.2650684253686322,-0.7632635507311684
2026-04-29,GC=F/SI=F,8.42182705301501,4.270662022729377,-4.1899049403867,0.9746367712302387,0.2523446363060522,-1.1604242705217507
2026-04-30,GC=F/SI=F,8.437002181730875,4.297747837811856,-4.1899049403867,0.9746367712302387,0.2646402129338945,-0.8711834077104649
2026-05-01,GC=F/SI=F,8.440290527482377,4.330088348098923,-4.1899049403867,0.9746367712302387,0.2937757805350305,-0.22291654159614654
2026-05-04,GC=F/SI=F,8.416156647238466,4.291445237231336,-4.1899049403867,0.9746367712302387,0.27865443678562585,-0.5291396702594552
2026-05-05,GC=F/SI=F,8.424156382576067,4.2919378232683565,-4.1899049403867,0.9746367712302387,0.2713501866025112,-0.6806806030696986
2026-05-06,GC=F/SI=F,8.45145926857066,4.34134782012785,-4.1899049403867,0.9746367712302387,0.2941497868109675,-0.11663078595485146
2026-05-07,GC=F/SI=F,8.455275192043628,4.378282087586601,-4.1899049403867,0.9746367712302387,0.3273649149367639,0.6843548148666466
2026-05-08,GC=F/SI=F,8.459648800063464,4.386951943440872,-4.1899049403867,0.9746367712302387,0.3317720915919544,0.8234775496158954
2026-05-11,GC=F/SI=F,8.459288658305873,4.44834092909494,-4.301982827848064,0.9899442489311316,0.3760995996047569,1.9336847501175327
2026-05-12,GC=F/SI=F,8.450540457738887,4.444179467632579,-4.301982827848064,0.9899442489311316,0.380598368982179,1.9977346110486767
2026-05-13,GC=F/SI=F,8.454828347795702,4.487377155774927,-4.301982827848064,0.9899442489311316,0.41955128502273276,2.8193123060248
2026-05-14,GC=F/SI=F,8.450647344447532,4.441615456275342,-4.301982827848064,0.9899442489311316,0.37792854574242973,1.6886527589594404
2026-05-15,GC=F/SI=F,8.424156382576067,4.345894188378023,-4.301982827848064,0.9899442489311316,0.3084318531984227,0.1110451116361367
2026-05-18,GC=F/SI=F,8.423431811601763,4.344752999343088,-4.301982827848064,0.9899442489311316,0.3080079490324419,0.08311742845492004
2026-05-19,GC=F/SI=F,8.413231653330019,4.315192185638947,-4.301982827848064,0.9899442489311316,0.28854472334760217,-0.3524906588942746
2026-05-20,GC=F/SI=F,8.41876410992189,4.328770862264418,-4.301982827848064,0.9899442489311316,0.2966465763874897,-0.17432704442728086
2026-05-21,GC=F/SI=F,8.42063819417933,4.336165944628097,-4.301982827848064,0.9899442489311316,0.30218641981850247,-0.04026997894644007
2026-05-22,GC=F/SI=F,8.416488487294606,4.329324423778105,-4.301982827848064,0.9899442489311316,0.2994528774337937,-0.08269459978480091
2026-05-25,GC=F/SI=F,8.416488487294606,4.329324423778105,-4.301982827848064,0.9899442489311316,0.2994528774337937,-0.05707947701770826
2026-05-26,GC=F/SI=F,8.411921538997456,4.334738470942258,-4.301982827848064,0.9899442489311316,0.30938794879987697,0.21751914352086363
2026-05-27,GC=F/SI=F,8.400097419539991,4.312127089203306,-4.301982827848064,0.9899442489311316,0.29848178611651655,-0.021830448107965316
2026-05-28,GC=F/SI=F,8.411677064693304,4.326051299819329,-4.301982827848064,0.9899442489311316,0.3009427936083533,0.09184326459880442
2026-05-29,GC=F/SI=F,8.425187545620213,4.3256678654889065,-4.301982827848064,0.9899442489311316,0.2871847363840452,-0.25101269118976827
2026-06-01,GC=F/SI=F,8.406306366090995,4.317581492965378,-4.301982827848064,0.9899442489311316,0.2977896789485026,0.05328400398183371
2026-06-02,GC=F/SI=F,8.409407536964212,4.321626166762548,-4.301982827848064,0.9899442489311316,0.2987643664747779,0.09186978916685909
2026-06-03,GC=F/SI=F,8.397666179862853,4.296958794040645,-4.301982827848064,0.9899442489311316,0.2857202826900114,-0.25362094518546785
2026-06-04,GC=F/SI=F,8.406440342043604,4.301074129168085,-4.301982827848064,0.9899442489311316,0.2811496864274279,-0.3607386737690512
2026-06-05,GC=F/SI=F,8.374961223498993,4.233280087751763,-4.301982827848064,0.9899442489311316,0.24451821737576473,-1.3657639234459171
2026-06-08,GC=F/SI=F,8.374684457600189,4.225738299526783,-4.301982827848064,0.9899442489311316,0.2372504119606056,-1.5652692736417266
2026-06-09,GC=F/SI=F,8.357024439263416,4.175832406260114,-4.411869480431267,1.004962438080993,0.18920623110677504,-2.919182506599615
2026-06-10,GC=F/SI=F,8.320740302897182,4.16819891567528,-4.411869480431267,1.004962438080993,0.21803693466821628,-1.9073744784696252
2026-06-11,GC=F/SI=F,8.316373607917688,4.157084565770033,-4.411869480431267,1.004962438080993,0.21131094919591575,-2.004431371777228
2026-06-12,GC=F/SI=F,8.346404870435956,4.217432040115248,-4.411869480431267,1.004962438080993,0.24147813274212204,-1.1251267188979248
2026-06-15,GC=F/SI=F,8.372860820526318,4.249437681986009,-4.411869480431267,1.004962438080993,0.2468965385083255,-0.9574050343824074
2026-06-16,GC=F/SI=F,8.373530629043536,4.247051372674268,-4.411869480431267,1.004962438080993,0.24383709679607257,-1.0176328627506985
2026-06-17,GC=F/SI=F,8.379974988529845,4.258388982128849,-4.411869480431267,1.004962438080993,0.24869836702942294,-0.8899433341516398
2026-06-18,GC=F/SI=F,8.34856152246712,4.193510892261886,-4.411869480431267,1.004962438080993,0.21538963060542748,-1.7604782901643703
2026-06-19,GC=F/SI=F,8.34856152246712,4.193510892261886,-4.411869480431267,1.004962438080993,0.21538963060542748,-1.702716314217905
2026-06-22,GC=F/SI=F,8.338520944346731,4.182462277965074,-4.411869480431267,1.004962438080993,0.21443142017622563,-1.6695602103610272
2026-06-23,GC=F/SI=F,8.326008448940723,4.127456921053207,-4.411869480431267,1.004962438080993,0.1720006511540575,-2.632140321783086
2026-06-24,GC=F/SI=F,8.291621707264065,4.0613391285407925,-4.411869480431267,1.004962438080993,0.14044024239467845,-3.204640220236449
2026-06-25,GC=F/SI=F,8.301645716723655,4.0664250749015896,-4.411869480431267,1.004962438080993,0.13545243576961852,-3.0477956087117883
2026-06-26,GC=F/SI=F,8.313533577203224,4.081208646853059,-4.411869480431267,1.004962438080993,0.13828915446997492,-2.7542836344214607
2026-06-29,GC=F/SI=F,8.299609169446613,4.063455696073796,-4.411869480431267,1.004962438080993,0.13452971045862938,-2.629437256988361
2026-06-30,GC=F/SI=F,8.299758290293921,4.0855897032090915,-4.411869480431267,1.004962438080993,0.15651385674364704,-2.061421869854399
2026-07-01,GC=F/SI=F,8.310980512764104,4.09576021112606,-4.411869480431267,1.004962438080993,0.15540645260629127,-1.985278732028002
2026-07-02,GC=F/SI=F,8.321835073600054,4.105004238070816,-4.411869480431267,1.004962438080993,0.15374205362905258,-1.9252731409147448
2026-07-03,GC=F/SI=F,8.321835073600054,4.105004238070816,-4.411869480431267,1.004962438080993,0.15374205362905258,-1.8432687962325534
2026-07-06,GC=F/SI=F,8.332091797891366,4.125843199710174,-4.411869480431267,1.004962438080993,0.16427339261788987,-1.6042920730251973
2026-07-07,GC=F/SI=F,8.329730394190795,4.109742072395268,-4.411869480431267,1.004962438080993,0.1505453873232021,-1.7596832741351864
2026-07-08,GC=F/SI=F,8.311619360223228,4.063266631835954,-4.469263349125845,1.0128215462099956,0.11434280903157479,-2.240293789193386
2026-07-09,GC=F/SI=F,8.326177977495696,4.100624772885382,-4.469263349125845,1.0128215462099956,0.13695566882442378,-1.7876144555177897
2026-07-10,GC=F/SI=F,8.319741776820285,4.091156119669049,-4.469263349125845,1.0128215462099956,0.1340057383278772,-1.7573339491877449
2026-07-13,GC=F/SI=F,8.293299358711323,4.054112651742481,-4.469263349125845,1.0128215462099956,0.12374372119595911,-1.8285510467241761
2026-07-14,GC=F/SI=F,8.309209175906599,4.073665540109372,-4.469263349125845,1.0128215462099956,0.12718280391121262,-1.7027542210778503
2026-07-15,GC=F/SI=F,8.304989580140361,4.044979243364069,-4.469263349125845,1.0128215462099956,0.10277020467425046,-1.9633079927486459
2026-07-16,GC=F/SI=F,8.290443169010187,4.023528580053591,-4.469263349125845,1.0128215462099956,0.09605245997644296,-1.9638328947186583
2026-07-17,GC=F/SI=F,8.297219598264451,4.026029999907581,-4.469263349125845,1.0128215462099956,0.09169056627534644,-1.9303097100704374
2026-07-20,GC=F/SI=F,8.296621342645524,4.0395715036018025,-4.469263349125845,1.0128215462099956,0.10583799615055867,-1.6646567713480553
2026-07-21,GC=F/SI=F,8.311668536178162,4.074736900354962,-4.469263349125845,1.0128215462099956,0.1257632710838692,-1.353373622153707
2026-07-22,GC=F/SI=F,8.330116322589204,4.094661195539815,-4.469263349125845,1.0128215462099956,0.12700325071173957,-1.2931200735152721
2026-07-23,GC=F/SI=F,8.305632325478008,4.056954178811586,-4.469263349125845,1.0128215462099956,0.11409415379507415,-1.4062567619203554
2026-07-24,GC=F/SI=F,8.310808447925304,4.07168984148102,-4.469263349125845,1.0128215462099956,0.12358732812406537,-1.2448855724093242
2026-07-27,GC=F/SI=F,8.312503318760275,4.068548009265762,-4.469263349125845,1.0128215462099956,0.11872889420910582,-1.2626862633669336
2026-07-28,GC=F/SI=F,8.303083721829147,4.048230838289695,-4.469263349125845,1.0128215462099956,0.10795209396149907,-1.3488508950715952
2026-07-29,GC=F/SI=F,8.302687216395567,4.058078129563283,-4.469263349125845,1.0128215462099956,0.11820097448140388,-1.1859510139191034
2026-07-30,GC=F/SI=F,8.318766666456881,4.074396901063071,-4.469263349125845,1.0128215462099956,0.11823413250788839,-1.1475426665879462
2026-07-31,GC=F/SI=F,8.30624993730136,4.053366298604819,-4.469263349125845,1.0128215462099956,0.10988074302642126,-1.2062998777862934
2026-08-03,GC=F/SI=F,8.302439335770604,4.054685082984563,-4.469263349125845,1.0128215462099956,0.11505898674053583,-1.109344747992042
2026-08-04,GC=F/SI=F,8.317619647769108,4.095277456205485,-4.469263349125845,1.0128215462099956,0.14027641289118264,-0.7908019273174329
2026-08-05,GC=F/SI=F,8.353685491996558,4.128729870024299,-4.469263349125845,1.0128215462099956,0.13720056259418278,-0.799568559247408
2026-08-06,GC=F/SI=F,8.352790135124629,4.11804479925403,-4.503442397788465,1.0175047562283022,0.12248350677634257,-0.942468858465172
2026-08-07,GC=F/SI=F,8.375790949406767,4.148390742203987,-4.503442397788465,1.0175047562283022,0.1294260117970989,-0.8379137397889902
2026-08-10,GC=F/SI=F,8.380640050405166,4.17601675398991,-4.503442397788465,1.0175047562283022,0.1521180402537201,-0.5409474041483183
2026-08-11,GC=F/SI=F,8.38548870041881,4.17082705048091,-4.503442397788465,1.0175047562283022,0.14199481229455024,-0.6518655540392692
2026-08-12,GC=F/SI=F,8.391380482070906,4.182889489606628,-4.503442397788465,1.0175047562283022,0.1480623355666033,-0.5496888500991768
2026-08-13,GC=F/SI=F,8.381052706103345,4.172431529429598,-4.503442397788465,1.0175047562283022,0.1481129365578262,-0.5247941330936052
2026-08-14,GC=F/SI=F,8.384895301107692,4.174202621501515,-4.503442397788465,1.0175047562283022,0.14597416993656154,-0.5307713176417986
2026-08-17,GC=F/SI=F,8.393397069392371,4.191486430086375,-4.503442397788465,1.0175047562283022,0.1546073888554087,-0.38269417003125744
2026-08-18,GC=F/SI=F,8.38160253710989,4.157960812762763,-4.503442397788465,1.0175047562283022,0.13308276422671028,-0.6748170744480058
2026-08-19,GC=F/SI=F,8.409474319764817,4.185616313078654,-4.503442397788465,1.0175047562283022,0.1323785931266528,-0.6615120878543742
2026-08-20,GC=F/SI=F,8.415448310286457,4.2198899993947485,-4.503442397788465,1.0175047562283022,0.1605737156733138,-0.20157579866884012
2026-08-21,GC=F/SI=F,8.43903705753492,4.240837473439544,-4.503442397788465,1.0175047562283022,0.15751952719933193,-0.2216637586256908
2015-01-02,ES=F/YM=F,7.623764128685345,9.782618510055139,,,,
2015-01-05,ES=F/YM=F,7.60887062919126,9.767094927630573,,,,
2015-01-06,ES=F/YM=F,7.598148671345461,9.757883578677337,,,,
2015-01-07,ES=F/YM=F,7.610605235003468,9.770356079932933,,,,
2015-01-08,ES=F/YM=F,7.628031126930335,9.788076701024801,,,,
2015-01-09,ES=F/YM=F,7.618373940454087,9.778434403532566,,,,
2015-01-12,ES=F/YM=F,7.612089648932646,9.774005094757891,,,,
2015-01-13,ES=F/YM=F,7.60887062919126,9.771954162574279,,,,
2015-01-14,ES=F/YM=F,7.604645445820917,9.762211965178174,,,,
2015-01-15,ES=F/YM=F,7.5953872788539725,9.757478638400492,,,,
2015-01-16,ES=F/YM=F,7.607381425639791,9.766062876624456,,,,
2015-01-19,ES=F/YM=F,7.607381425639791,9.766062876624456,,,,
2015-01-20,ES=F/YM=F,7.609242583817084,9.767725101522128,,,,
2015-01-21,ES=F/YM=F,7.614065446068364,9.769441741907062,,,,
2015-01-22,ES=F/YM=F,7.628760787670479,9.783408132205587,,,,
2015-01-23,ES=F/YM=F,7.622663951323595,9.7749721303007,,,,
2015-01-26,ES=F/YM=F,7.627300933396613,9.776449319365405,,,,
2015-01-27,ES=F/YM=F,7.615791072035833,9.762960317399152,,,,
2015-01-28,ES=F/YM=F,7.596643402621699,9.746833742490752,,,,
2015-01-29,ES=F/YM=F,7.610109940292996,9.766062876624456,,,,
2015-01-30,ES=F/YM=F,7.595135864647745,9.74665828850311,,,,
2015-02-02,ES=F/YM=F,7.6093665379542115,9.758403975346978,,,,
2015-02-03,ES=F/YM=F,7.621684998724611,9.77406200509567,,,,
2015-02-04,ES=F/YM=F,7.615791072035833,9.773834344309257,,,,
2015-02-05,ES=F/YM=F,7.628031126930335,9.786054455644033,,,,
2015-02-06,ES=F/YM=F,7.627057417018934,9.785941988681085,,,,
2015-02-09,ES=F/YM=F,7.621929826734158,9.780245895678089,,,,
2015-02-10,ES=F/YM=F,7.631552898740841,9.786560400506836,,,,
2015-02-11,ES=F/YM=F,7.633248635581293,9.788693794534046,,,,
2015-02-12,ES=F/YM=F,7.642044402873258,9.79434210527533,,,,
2015-02-13,ES=F/YM=F,7.646592585459198,9.797126536544718,,,,
2015-02-16,ES=F/YM=F,7.646592585459198,9.797126536544718,,,,
2015-02-17,ES=F/YM=F,7.647786045440933,9.798182590890704,,,,
2015-02-18,ES=F/YM=F,7.6475474673651265,9.79773807235252,,,,
2015-02-19,ES=F/YM=F,7.647428156979015,9.795846661018736,,,,
2015-02-20,ES=F/YM=F,7.653020413804189,9.803888187313373,,,,
2015-02-23,ES=F/YM=F,7.652901754652463,9.802838144386198,,,,
2015-02-24,ES=F/YM=F,7.65621890021279,9.808407346285858,,,,
2015-02-25,ES=F/YM=F,7.6545617028638295,9.808847148382007,,,,
2015-02-26,ES=F/YM=F,7.6544432264701125,9.809341694645898,,,,
2015-02-27,ES=F/YM=F,7.651001290842546,9.805157818462918,,,,
2015-03-02,ES=F/YM=F,7.656337166430183,9.811810763964225,,,,
2015-03-03,ES=F/YM=F,7.6519519742177735,9.808407346285858,,,,
2015-03-04,ES=F/YM=F,7.648024566610817,9.802893437300426,,,,
2015-03-05,ES=F/YM=F,7.649573569005737,9.80477157959697,,,,
2015-03-06,ES=F/YM=F,7.635666139478373,9.790374843904484,,,,
2015-03-09,ES=F/YM=F,7.639040856433136,9.796458979777604,,,,
2015-03-10,ES=F/YM=F,7.621684998724611,9.779397167305078,,,,
2015-03-11,ES=F/YM=F,7.620459958757613,9.777810944448126,,,,
2015-03-12,ES=F/YM=F,7.6324011266014535,9.790654744261785,,,,
2015-03-13,ES=F/YM=F,7.625473113476287,9.782956995898381,,,,
2015-03-16,ES=F/YM=F,7.638439063070808,9.794397869948424,,,,
2015-03-17,ES=F/YM=F,7.637475439772922,9.790150867197125,,,,
2015-03-18,ES=F/YM=F,7.649930690609437,9.801953041711831,,,,
2015-03-19,ES=F/YM=F,7.645158550796619,9.796236361789152,,,,
2015-03-20,ES=F/YM=F,7.650287684722826,9.800474864510255,,,,
2015-03-23,ES=F/YM=F,7.6471894934933955,9.799015530939418,,,,
2015-03-24,ES=F/YM=F,7.642524134232902,9.795289682058142,,,,
2015-03-25,ES=F/YM=F,7.6274226693514775,9.778434403532566,,,,
2015-03-26,ES=F/YM=F,7.6248630969869255,9.775824621045972,,,,
2015-03-27,ES=F/YM=F,7.626813841326583,9.777130363659605,,,,
2015-03-30,ES=F/YM=F,7.637957367493094,9.79031885443049,,,,
2015-03-31,ES=F/YM=F,7.630825273193337,9.781489395725279,,,,
2015-04-01,ES=F/YM=F,7.627057417018934,9.776506090775339,,,,
2015-04-02,ES=F/YM=F,7.630218513876136,9.77996306625063,,,,
2015-04-03,ES=F/YM=F,7.630218513876136,9.77996306625063,,,,
2015-04-06,ES=F/YM=F,7.6368727033313135,9.787234595711878,,,,
2015-04-07,ES=F/YM=F,7.634216338572016,9.786110684382555,,,,
2015-04-08,ES=F/YM=F,7.638198244285779,9.788581624034771,,,,
2015-04-09,ES=F/YM=F,7.642883781782184,9.791829470993246,,,,
2015-04-10,ES=F/YM=F,7.6475474673651265,9.796625910752034,,,,
2015-04-13,ES=F/YM=F,7.643243300031608,9.793114495054757,,,,
2015-04-14,ES=F/YM=F,7.645397699428633,9.796125034207629,,,,
2015-04-15,ES=F/YM=F,7.649573569005737,9.799348512794982,,,,
2015-04-16,ES=F/YM=F,7.650049702808327,9.800402224452803,,,,
2015-04-17,ES=F/YM=F,7.637957367493094,9.785266921148697,,,,
2015-04-20,ES=F/YM=F,7.645397699428633,9.794955345712667,,,,
2015-04-21,ES=F/YM=F,7.645397699428633,9.791605819888035,,,,
2015-04-22,ES=F/YM=F,7.6498116642449565,9.795066803581708,,,,
2015-04-23,ES=F/YM=F,7.653020413804189,9.797070923831638,,,,
2015-04-24,ES=F/YM=F,7.655272266607606,9.7990710356157,,,,
2015-04-27,ES=F/YM=F,7.6519519742177735,9.79757132694458,,,,
2015-04-28,ES=F/YM=F,7.655390644826152,9.801344078867425,,,,
2015-04-29,ES=F/YM=F,7.649216319820633,9.795568210316635,,,,
2015-04-30,ES=F/YM=F,7.639642287858013,9.784647708654596,,,,
2015-05-01,ES=F/YM=F,7.650406654445171,9.794453631511994,,,,
2015-05-04,ES=F/YM=F,7.654087713045736,9.79784922051313,,,,
2015-05-05,ES=F/YM=F,7.642044402873258,9.790542793519993,,,,
2015-05-06,ES=F/YM=F,7.637354921544395,9.78571701680162,,,,
2015-05-07,ES=F/YM=F,7.6421643572907225,9.791941277791215,,,,
2015-05-08,ES=F/YM=F,7.653732073186615,9.804826765712157,,,,
2015-05-11,ES=F/YM=F,7.648620620750179,9.800402224452803,,,,
2015-05-12,ES=F/YM=F,7.647308832356238,9.7997368515422,,,,
2015-05-13,ES=F/YM=F,7.64707014038709,9.798960023182193,,,,
2015-05-14,ES=F/YM=F,7.65799142652621,9.8092867571373,,,,
2015-05-15,ES=F/YM=F,7.6586995582682995,9.810769011532921,,,,
2015-05-18,ES=F/YM=F,7.661997558901893,9.812413388136733,,,,
2015-05-19,ES=F/YM=F,7.661291759554866,9.813781639451635,,,,
2015-05-20,ES=F/YM=F,7.660349918185503,9.812249072101856,,,,
2015-05-21,ES=F/YM=F,7.662937850461535,9.812358619125026,,,,
2015-05-22,ES=F/YM=F,7.661291759554866,9.810494685686963,,,,
2015-05-25,ES=F/YM=F,7.661291759554866,9.810494685686963,,,,
2015-05-26,ES=F/YM=F,7.652070746116482,9.801067154936659,,,,
2015-05-27,ES=F/YM=F,7.659642954564682,9.805929848941323,,,,
2015-05-28,ES=F/YM=F,7.659996498849786,9.805543908206001,,,,
2015-05-29,ES=F/YM=F,7.652545692693921,9.798626911919953,,,,
2015-06-01,ES=F/YM=F,7.654087713045736,9.799403998992805,,,,
2015-06-02,ES=F/YM=F,7.652901754652463,9.798182590890704,,,,
2015-06-03,ES=F/YM=F,7.65728279297819,9.803446198355902,,,,
2015-06-04,ES=F/YM=F,7.649216319820633,9.793951665467821,,,,
2015-06-05,ES=F/YM=F,7.645995320912983,9.78931050747373,,,,
2015-06-08,ES=F/YM=F,7.639281472411198,9.785154365574263,,,,
2015-06-09,ES=F/YM=F,7.640123172695364,9.785098083035907,,,,
2015-06-10,ES=F/YM=F,7.653020413804189,9.799126537211386,,,,
2015-06-11,ES=F/YM=F,7.654087713045736,9.800513076908299,,,,
2015-06-12,ES=F/YM=F,7.646353722445999,9.792723575551273,,,,
2015-06-15,ES=F/YM=F,7.642044402873258,9.786728991925932,,,,
2015-06-16,ES=F/YM=F,7.648501438341361,9.793170328225258,,,,
2015-06-17,ES=F/YM=F,7.648501438341361,9.793170328225258,,,,
2015-06-18,ES=F/YM=F,7.660585461703256,9.805047479722875,,,,
2015-06-19,ES=F/YM=F,7.658463570066614,9.802480826616078,,,,
2015-06-22,ES=F/YM=F,7.655745695424591,9.79951496215315,,,,
2015-06-23,ES=F/YM=F,7.657519059960978,9.801842348773928,,,,
2015-06-24,ES=F/YM=F,7.649454500124248,9.791605819888035,,,,
2015-06-25,ES=F/YM=F,7.646831391430482,9.787627666441592,,,,
2015-06-26,ES=F/YM=F,7.647666763517967,9.791046473190379,,,,
2015-06-29,ES=F/YM=F,7.625838944832114,9.771098364490383,,,,
2015-06-30,ES=F/YM=F,7.627787788323465,9.771269582708419,,,,
2015-07-01,ES=F/YM=F,7.635786861395585,9.779680156808055,,,,
2015-07-02,ES=F/YM=F,7.634699839125373,9.778434403532566,,,,
2015-07-03,ES=F/YM=F,7.634699839125373,9.778434403532566,,,,
2015-07-06,ES=F/YM=F,7.632643345326145,9.777187096419954,,,,
2015-07-07,ES=F/YM=F,7.637113841504655,9.780189336191635,,,,
2015-07-08,ES=F/YM=F,7.62033737218069,9.76663636978693,,,,
2015-07-09,ES=F/YM=F,7.621317644284675,9.7672095342435,,,,
2015-07-10,ES=F/YM=F,7.634820677745543,9.77956697061665,,,,
2015-07-13,ES=F/YM=F,7.64707014038709,9.792555991828847,,,,
2015-07-14,ES=F/YM=F,7.650644551436897,9.795958019593462,,,,
2015-07-15,ES=F/YM=F,7.651714388091685,9.797682493639151,,,,
2015-07-16,ES=F/YM=F,7.6577552711348655,9.799237531162328,,,,
2015-07-17,ES=F/YM=F,7.65858157112876,9.797960356321203,,,,
2015-07-20,ES=F/YM=F,7.660114319173928,9.798293689657623,,,,
2015-07-21,ES=F/YM=F,7.656573656912543,9.790654744261785,,,,
2015-07-22,ES=F/YM=F,7.653494909661253,9.786110684382555,,,,
2015-07-23,ES=F/YM=F,7.648978082773645,9.77996306625063,,,,
2015-07-24,ES=F/YM=F,7.638920526729604,9.771269582708419,,,,
2015-07-27,ES=F/YM=F,7.632643345326145,9.76399557371753,,,,
2015-07-28,ES=F/YM=F,7.64360268907411,9.772581282688328,,,,
2015-07-29,ES=F/YM=F,7.650406654445171,9.780302451965749,,,,
2015-07-30,ES=F/YM=F,7.651476745505016,9.78052864513568,,,,
2015-07-31,ES=F/YM=F,7.648978082773645,9.776449319365405,,,,
2015-08-03,ES=F/YM=F,7.645397699428633,9.7705845338719,,,,
2015-08-04,ES=F/YM=F,7.641564441260972,9.767324127723256,,,,
2015-08-05,ES=F/YM=F,7.646711995573376,9.768526567102011,,,,
2015-08-06,ES=F/YM=F,7.639882759182966,9.762787670432992,,,,
2015-08-07,ES=F/YM=F,7.636993279686436,9.75967491717028,,,,
2015-08-10,ES=F/YM=F,7.649573569005737,9.772980154456345,,,,
2015-08-11,ES=F/YM=F,7.640002973163997,9.761635928295886,,,,
2015-08-12,ES=F/YM=F,7.6421643572907225,9.762327132747114,,,,
2015-08-13,ES=F/YM=F,7.640363528422996,9.762442287054013,,,,
2015-08-14,ES=F/YM=F,7.64468008188797,9.766464356369461,,,,
2015-08-17,ES=F/YM=F,7.649335417063672,9.770184705221707,,,,
2015-08-18,ES=F/YM=F,7.646831391430482,9.768927059140433,,,,
2015-08-19,ES=F/YM=F,7.636631506996328,9.757594352355724,,,,
2015-08-20,ES=F/YM=F,7.613571862642745,9.736074312475292,,,,
2015-08-21,ES=F/YM=F,7.5865499533176814,9.709113657218,,,,
2015-08-24,ES=F/YM=F,7.5343619357338385,9.661989075499939,,,,
2015-08-25,ES=F/YM=F,7.535163217827992,9.662625450728237,,,,
2015-08-26,ES=F/YM=F,7.569411792450712,9.695786647402777,,,,
2015-08-27,ES=F/YM=F,7.5955129622576445,9.72016549540859,,,,
2015-08-28,ES=F/YM=F,7.595764281685959,9.720705889909716,,,,
2015-08-31,ES=F/YM=F,7.5854080385834335,9.711600390872473,,,,
2015-09-01,ES=F/YM=F,7.557994958530806,9.685766771390307,,,,
2015-09-02,ES=F/YM=F,7.5740450053721995,9.700759185964511,,,,
2015-09-03,ES=F/YM=F,7.57353126274595,9.701860844684168,,,,
2015-09-04,ES=F/YM=F,7.560991508229241,9.68775397939693,,,,
2015-09-07,ES=F/YM=F,7.560991508229241,9.68775397939693,,,,
2015-09-08,ES=F/YM=F,7.583629130871626,9.708202329350314,,,,
2015-09-09,ES=F/YM=F,7.571859774089352,9.697078200213083,,,,
2015-09-10,ES=F/YM=F,7.575328208422652,9.699288417222856,,,,
2015-09-11,ES=F/YM=F,7.580827295111031,9.707229330003301,,,,
2015-09-14,ES=F/YM=F,7.577633832602728,9.70381635740706,,,,
2015-09-15,ES=F/YM=F,7.590725853090522,9.71842223507111,,,,
2015-09-16,ES=F/YM=F,7.600027076506128,9.72704865890033,,,,
2015-09-17,ES=F/YM=F,7.594758624781593,9.720645860495285,,,,
2015-09-18,ES=F/YM=F,7.580699752224563,9.711461717428097,,,,
2015-09-21,ES=F/YM=F,7.5822291942764615,9.708445431332793,,,,
2015-09-22,ES=F/YM=F,7.566311014772463,9.694555044315882,,,,
2015-09-23,ES=F/YM=F,7.564497777648283,9.69196372993396,,,,
2015-09-24,ES=F/YM=F,7.559429211335507,9.686512437242294,,,,
2015-09-25,ES=F/YM=F,7.559689763708008,9.692951689261001,,,,
2015-09-28,ES=F/YM=F,7.534762657037537,9.67464026580524,,,,
2015-09-29,ES=F/YM=F,7.536097236175967,9.677151410322754,,,,
2015-09-30,ES=F/YM=F,7.554203856532842,9.691036630760662,,,,
2015-10-01,ES=F/YM=F,7.558386322439004,9.69214904667168,,,,
2015-10-02,ES=F/YM=F,7.57198844937744,9.703633190449867,,,,
2015-10-05,ES=F/YM=F,7.588197087044528,9.720705889909716,,,,
2015-10-06,ES=F/YM=F,7.585027110383792,9.721485944553093,,,,
2015-10-07,ES=F/YM=F,7.594507052453222,9.729967151695242,,,,
2015-10-08,ES=F/YM=F,7.604147189706971,9.73896662036768,,,,
2015-10-09,ES=F/YM=F,7.604645445820917,9.740439071085758,,,,
2015-10-12,ES=F/YM=F,7.606387389772652,9.743318800383307,,,,
2015-10-13,ES=F/YM=F,7.597897950521784,9.739379125161532,,,,
2015-10-14,ES=F/YM=F,7.592870287844818,9.730442832522382,,,,
2015-10-15,ES=F/YM=F,7.610357618312838,9.745019231764333,,,,
2015-10-16,ES=F/YM=F,7.613571862642745,9.747710550964285,,,,
2015-10-19,ES=F/YM=F,7.614558785989568,9.747827400695664,,,,
2015-10-20,ES=F/YM=F,7.611100284518528,9.747243015452291,,,,
2015-10-21,ES=F/YM=F,7.605143453799337,9.74425732696557,,,,
2015-10-22,ES=F/YM=F,7.627057417018934,9.76468514965567,,,,
2015-10-23,ES=F/YM=F,7.633369649679584,9.772581282688328,,,,
2015-10-26,ES=F/YM=F,7.631552898740841,9.771726021353874,,,,
2015-10-27,ES=F/YM=F,7.630703950778872,9.770698741272664,,,,
2015-10-28,ES=F/YM=F,7.642284297320852,9.781432906528822,,,,
2015-10-29,ES=F/YM=F,7.641564441260972,9.780415554946133,,,,
2015-10-30,ES=F/YM=F,7.637113841504655,9.77531321381262,,,,
2015-11-02,ES=F/YM=F,7.6475474673651265,9.783295367207723,,,,
2015-11-03,ES=F/YM=F,7.6511201757027,9.789254458374703,,,,
2015-11-04,ES=F/YM=F,7.6471894934933955,9.786223132375477,,,,
2015-11-05,ES=F/YM=F,7.646831391430482,9.787066089518877,,,,
2015-11-06,ES=F/YM=F,7.646711995573376,9.789366553431428,,,,
2015-11-09,ES=F/YM=F,7.636752112435779,9.779906490764773,,,,
2015-11-10,ES=F/YM=F,7.639161171659173,9.782223465043089,,,,
2015-11-11,ES=F/YM=F,7.634820677745543,9.778774308362486,,,,
2015-11-12,ES=F/YM=F,7.62095015484586,9.764110536067486,,,,
2015-11-13,ES=F/YM=F,7.610109940292996,9.753013439181293,,,,
2015-11-16,ES=F/YM=F,7.6246189861593985,9.76543165404016,,,,
2015-11-17,ES=F/YM=F,7.6251071482389,9.767438708072852,,,,
2015-11-18,ES=F/YM=F,7.640002973163997,9.780698256443507,,,,
2015-11-19,ES=F/YM=F,7.639762530748797,9.781715320606217,,,,
2015-11-20,ES=F/YM=F,7.644321079909603,9.787009914477434,,,,
2015-11-23,ES=F/YM=F,7.6421643572907225,9.784816622818449,,,,
2015-11-24,ES=F/YM=F,7.6424042229670945,9.784985508455128,,,,
2015-11-25,ES=F/YM=F,7.643961949002529,9.787066089518877,,,,
2015-11-26,ES=F/YM=F,7.643961949002529,9.787066089518877,,,,
2015-11-27,ES=F/YM=F,7.644919344958857,9.787009914477434,,,,
2015-11-30,ES=F/YM=F,7.640002973163997,9.782110566369528,,,,
2015-12-01,ES=F/YM=F,7.649692623711514,9.790430830243832,,,,
2015-12-02,ES=F/YM=F,7.64084406663503,9.784591397592273,,,,
2015-12-03,ES=F/YM=F,7.626204642404301,9.769155839740836,,,,
2015-12-04,ES=F/YM=F,7.64420138393723,9.788020582727414,,,,
2015-12-07,ES=F/YM=F,7.640603826393634,9.784478765953926,,,,
2015-12-08,ES=F/YM=F,7.62985428149185,9.771897132148531,,,,
2015-12-09,ES=F/YM=F,7.621684998724611,9.767438708072852,,,,
2015-12-10,ES=F/YM=F,7.62522915153314,9.773720494477063,,,,
2015-12-11,ES=F/YM=F,7.60576561520807,9.75620490038669,,,,
2015-12-14,ES=F/YM=F,7.610109940292996,9.760540543216194,,,,
2015-12-15,ES=F/YM=F,7.623397537369454,9.77286620732769,,,,
2015-12-16,ES=F/YM=F,7.6362696033793735,9.783295367207723,,,,
2015-12-17,ES=F/YM=F,7.617882479576767,9.766693701018134,,,,
2015-12-18,ES=F/YM=F,7.617021841421965,9.76350166907241,,,,
2015-12-21,ES=F/YM=F,7.608374474380783,9.75138477432617,,,,
2015-12-22,ES=F/YM=F,7.618742377670413,9.761751162220882,1.1668318797841202,1.128000871076184,0.0009712439194995426,
2015-12-23,ES=F/YM=F,7.627057417018934,9.768354878544631,1.1668318797841202,1.128000871076184,-0.0018044113849153831,
2015-12-24,ES=F/YM=F,7.626204642404301,9.76703761939823,1.1668318797841202,1.128000871076184,-0.0021597400231776476,
2015-12-25,ES=F/YM=F,7.626204642404301,9.76703761939823,1.1668318797841202,1.128000871076184,-0.0021597400231776476,
2015-12-28,ES=F/YM=F,7.62498513005804,9.766407011987761,1.1668318797841202,1.128000871076184,-0.0014147364447776312,
2015-12-29,ES=F/YM=F,7.636631506996328,9.777810944448126,1.1668318797841202,1.128000871076184,-0.0031479273156840293,
2015-12-30,ES=F/YM=F,7.627787788323465,9.770470313426317,1.1668318797841202,1.128000871076184,-0.0005128359709498653,
2015-12-31,ES=F/YM=F,7.618496767943033,9.760828918798548,1.1668318797841202,1.128000871076184,0.0003260484835951871,
2016-01-01,ES=F/YM=F,7.618496767943033,9.760828918798548,1.1668318797841202,1.128000871076184,0.0003260484835951871,
2016-01-04,ES=F/YM=F,7.605392364814935,9.745956164549392,1.1668318797841202,1.128000871076184,0.00023507237786724033,
2016-01-05,ES=F/YM=F,7.606760269026243,9.74572201363806,1.1668318797841202,1.128000871076184,-0.0015420756753687925,
2016-01-06,ES=F/YM=F,7.593877844605118,9.73139351589761,1.1668318797841202,1.128000871076184,-0.0013391874472183929,
2016-01-07,ES=F/YM=F,7.566828479208331,9.706194479812028,1.1668318797841202,1.128000871076184,0.0039734841968357415,
2016-01-08,ES=F/YM=F,7.555643553136467,9.694924684536947,1.1668318797841202,1.128000871076184,0.005320295273739006,
2016-01-11,ES=F/YM=F,7.557081179993233,9.698122522573561,1.1668318797841202,1.128000871076184,0.006896488963638703,
2016-01-12,ES=F/YM=F,7.562681246721884,9.702777967428895,1.1668318797841202,1.128000871076184,0.005235053670968881,
2016-01-13,ES=F/YM=F,7.539824610033492,9.683837890476173,1.1668318797841202,1.128000871076184,0.012077282812626322,
2016-01-14,ES=F/YM=F,7.557211770917349,9.697754062731514,1.1668318797841202,1.128000871076184,0.006380722445433307,
2016-01-15,ES=F/YM=F,7.536363938404511,9.674828820533808,1.1668318797841202,1.128000871076184,0.006971853482259149,
2016-01-18,ES=F/YM=F,7.536363938404511,9.674828820533808,1.1668318797841202,1.128000871076184,0.006971853482259149,
2016-01-19,ES=F/YM=F,7.5352967024440884,9.674891664210184,1.1668318797841202,1.128000871076184,0.00823854025163584,
2016-01-20,ES=F/YM=F,7.5256399750415355,9.662498208076329,1.3131779517372462,1.108832880032177,0.0046432087284955514,
2016-01-21,ES=F/YM=F,7.528869256642251,9.666942095531727,1.3131779517372462,1.108832880032177,0.005506362566137568,
2016-01-22,ES=F/YM=F,7.549214350383331,9.680593969977126,1.3131779517372462,1.108832880032177,-0.003401071875909878,
2016-01-25,ES=F/YM=F,7.533827390752514,9.668461179310146,1.3131779517372462,1.108832880032177,0.0015277042194874468,
2016-01-26,ES=F/YM=F,7.547501682814967,9.684460516733758,1.3131779517372462,1.108832880032177,0.002364536993088251,
2016-01-27,ES=F/YM=F,7.536363938404511,9.670987868797893,1.3131779517372462,1.108832880032177,0.001241786268931122,
2016-01-28,ES=F/YM=F,7.539425912440331,9.678592468183112,1.3131779517372462,1.108832880032177,0.00545116816542901,
2016-01-29,ES=F/YM=F,7.5652752818989315,9.702350081484532,1.3131779517372462,1.108832880032177,0.0005461506830535257,
2016-02-01,ES=F/YM=F,7.565922740646055,9.701371368413994,1.3131779517372462,1.108832880032177,-0.0011504859347599705,
2016-02-02,ES=F/YM=F,7.548292509269785,9.68601538845915,1.3131779517372462,1.108832880032177,0.003042514342981306,
2016-02-03,ES=F/YM=F,7.554072872185285,9.696647867928448,1.3131779517372462,1.108832880032177,0.00726553735305302,
2016-02-04,ES=F/YM=F,7.553679816169742,9.70063670448968,1.3131779517372462,1.108832880032177,0.011690207348012294,
2016-02-05,ES=F/YM=F,7.536497262849745,9.688498165477787,1.3131779517372462,1.108832880032177,0.01860424842023889,
2016-02-08,ES=F/YM=F,7.524021415206125,9.679593719831214,1.3131779517372462,1.108832880032177,0.023533432847184343,
2016-02-09,ES=F/YM=F,7.5219945244372095,9.677778212399186,1.3131779517372462,1.108832880032177,0.023965408543963562,
2016-02-10,ES=F/YM=F,7.521182616408847,9.671933733861948,1.3131779517372462,1.108832880032177,0.019021200324136345,
2016-02-11,ES=F/YM=F,7.509061255876502,9.655795128300506,1.3131779517372462,1.108832880032177,0.016323157871681815,
2016-02-12,ES=F/YM=F,7.5273904636054025,9.674891664210184,1.3131779517372462,1.108832880032177,0.01509566558661568,
2016-02-15,ES=F/YM=F,7.5273904636054025,9.674891664210184,1.3131779517372462,1.108832880032177,0.01509566558661568,
2016-02-16,ES=F/YM=F,7.5436705135869495,9.688498165477787,1.3131779517372462,1.108832880032177,0.010650312146111673,
2016-02-17,ES=F/YM=F,7.561511731937163,9.705828982731935,1.3131779517372462,1.108832880032177,0.008198199873710621,
2016-02-18,ES=F/YM=F,7.55825588482061,9.70448768268936,1.6311634616306336,1.067182748223769,0.0072839341173924765,
2016-02-19,ES=F/YM=F,7.557211770917349,9.702472353294919,1.6311634616306336,1.067182748223769,0.006382865067692478,
2016-02-22,ES=F/YM=F,7.568508391731078,9.713476507257793,1.6311634616306336,1.067182748223769,0.005331460184930137,
2016-02-23,ES=F/YM=F,7.557994958530806,9.704792681624228,1.6311634616306336,1.067182748223769,0.007867389087298449,
2016-02-24,ES=F/YM=F,7.5654048071889255,9.709477955946982,1.6311634616306336,1.067182748223769,0.004645000755157724,
2016-02-25,ES=F/YM=F,7.575841028946711,9.721485944553093,1.6311634616306336,1.067182748223769,0.005515633544723286,
2016-02-26,ES=F/YM=F,7.571859774089352,9.717218213494077,1.6311634616306336,1.067182748223769,0.0054966289857620865,
2016-02-29,ES=F/YM=F,7.565016180977674,9.710933825175925,1.6311634616306336,1.067182748223769,0.00651560517225569,
2016-03-01,ES=F/YM=F,7.589841512182657,9.732046586838385,1.6311634616306336,1.067182748223769,0.0011352016538168641,
2016-03-02,ES=F/YM=F,7.592618239954385,9.73317361486645,1.6311634616306336,1.067182748223769,-0.0007010462926206884,
2016-03-03,ES=F/YM=F,7.596141142440372,9.736192529758796,1.6311634616306336,1.067182748223769,-0.0014417121569945124,
2016-03-04,ES=F/YM=F,7.598399329323964,9.73902556004294,1.6311634616306336,1.067182748223769,-0.0010185799572841603,
2016-03-07,ES=F/YM=F,7.6004023345004,9.743788173778453,1.6311634616306336,1.067182748223769,0.0016064612093344977,
2016-03-08,ES=F/YM=F,7.591357046698551,9.739320206322216,1.6311634616306336,1.067182748223769,0.006791468847946902,
2016-03-09,ES=F/YM=F,7.5953872788539725,9.74143910058173,1.6311634616306336,1.067182748223769,0.004609368879858522,
2016-03-10,ES=F/YM=F,7.595261579651996,9.740615619563487,1.6311634616306336,1.067182748223769,0.00392003188143164,
2016-03-11,ES=F/YM=F,7.61085279039525,9.751733997308591,1.6311634616306336,1.067182748223769,-0.0016002615025865197,
2016-03-14,ES=F/YM=F,7.610233786970967,9.753942915256111,1.6311634616306336,1.067182748223769,0.0012692462204206834,
2016-03-15,ES=F/YM=F,7.608746613565131,9.75510354676987,1.6311634616306336,1.067182748223769,0.004016963536503937,
2016-03-16,ES=F/YM=F,7.614312146452,9.7603097828598,1.6311634616306336,1.067182748223769,0.0032837589448959648,
2016-03-17,ES=F/YM=F,7.620582530308909,9.769155839740836,1.6311634616306336,1.067182748223769,0.005438170349098215,
2016-03-18,ES=F/YM=F,7.6246189861593985,9.773209678439857,1.6839236719930397,1.0602880520122318,0.0049935942763923435,-0.002054974731757065
2016-03-21,ES=F/YM=F,7.622052218264817,9.771554881275302,1.6839236719930397,1.0602880520122318,0.00606031044275035,0.15889843728450082
2016-03-22,ES=F/YM=F,7.621929826734158,9.770184705221707,1.6839236719930397,1.0602880520122318,0.004819904666780062,-0.06082307305398983
2016-03-23,ES=F/YM=F,7.615175118828801,9.765718622791232,1.6839236719930397,1.0602880520122318,0.007515758323187072,0.3624424022018086
2016-03-24,ES=F/YM=F,7.615051882646502,9.766464356369461,1.6839236719930397,1.0602880520122318,0.008392157753084106,0.48655008668706856
2016-03-25,ES=F/YM=F,7.615051882646502,9.766464356369461,1.6839236719930397,1.0602880520122318,0.008392157753084106,0.46488929314455363
2016-03-28,ES=F/YM=F,7.614805364711073,9.766980307881465,1.6839236719930397,1.0602880520122318,0.009169489286628973,0.5736610467772205
2016-03-29,ES=F/YM=F,7.624374815727225,9.7721252343393,1.6839236719930397,1.0602880520122318,0.004168041167723402,-0.3057214967624672
2016-03-30,ES=F/YM=F,7.628152774032243,9.776903400426676,1.6839236719930397,1.0602880520122318,0.004940483203288437,-0.18506097001100738
2016-03-31,ES=F/YM=F,7.626326511882241,9.775370049755686,1.6839236719930397,1.0602880520122318,0.005343496469787823,-0.12914165725619559
2016-04-01,ES=F/YM=F,7.632885505395133,9.781658844170995,1.6839236719930397,1.0602880520122318,0.0046778684301518325,-0.261151927734844
2016-04-04,ES=F/YM=F,7.629246932551225,9.778037701818713,1.6839236719930397,1.0602880520122318,0.004914661390641228,-0.2404168392811898
2016-04-05,ES=F/YM=F,7.620092153935223,9.771497828073176,1.6839236719930397,1.0602880520122318,0.00808149003046843,0.30981807190197813
2016-04-06,ES=F/YM=F,7.630582613643493,9.777243825961877,1.6839236719930397,1.0602880520122318,0.002704578830375226,-0.6731870924150136
2016-04-07,ES=F/YM=F,7.618251097876695,9.767553275295295,1.6839236719930397,1.0602880520122318,0.006088986994528867,-0.05403037226769933
2016-04-08,ES=F/YM=F,7.621072666331465,9.769098649497476,1.6839236719930397,1.0602880520122318,0.004642685876182995,-0.31218832179511696
2016-04-11,ES=F/YM=F,7.618005367441745,9.768412111339039,1.6839236719930397,1.0602880520122318,0.0072083680824661656,0.15149034470569533
2016-04-12,ES=F/YM=F,7.628396023851005,9.777754247070364,1.6839236719930397,1.0602880520122318,0.005533414970487982,-0.13726822260608293
2016-04-13,ES=F/YM=F,7.638198244285779,9.788525534066446,1.6839236719930397,1.0602880520122318,0.005911524756388786,-0.06617194208130812
2016-04-14,ES=F/YM=F,7.638439063070808,9.78931050747373,1.6839236719930397,1.0602880520122318,0.00644116088320601,0.03302640846803502
2016-04-15,ES=F/YM=F,7.637716432664798,9.787739943991815,1.6839236719930397,1.0602880520122318,0.005636793786804262,-0.11148229147748924
2016-04-18,ES=F/YM=F,7.643363110730846,9.794119015480764,1.6709611682754857,1.062038787050695,0.005609760096662697,-0.10899924735630295
2016-04-19,ES=F/YM=F,7.646711995573376,9.795958019593462,1.6709611682754857,1.062038787050695,0.0038921186132263585,-0.4241895348173114
2016-04-20,ES=F/YM=F,7.6487397889562425,9.8001804826702,1.6709611682754857,1.062038787050695,0.005960986465236573,-0.04326704401909393
2016-04-21,ES=F/YM=F,7.641444414855019,9.7925001243465,1.6709611682754857,1.062038787050695,0.006028598403080565,-0.05947354911778682
2016-04-22,ES=F/YM=F,7.643003635560718,9.793505261799899,1.6709611682754857,1.062038787050695,0.005377782989453905,-0.19531484786371728
2016-04-25,ES=F/YM=F,7.641684453262316,9.792667717430884,1.6709611682754857,1.062038787050695,0.005941261388533903,-0.0990501998726197
2016-04-26,ES=F/YM=F,7.64420138393723,9.793616881400416,1.6709611682754857,1.062038787050695,0.004217347356988199,-0.44129257360318463
2016-04-27,ES=F/YM=F,7.645278132261635,9.796069365768835,1.6709611682754857,1.062038787050695,0.005526283240998353,-0.18883557132648068
2016-04-28,ES=F/YM=F,7.63651088700945,9.784760321267326,1.6709611682754857,1.062038787050695,0.0035283932528962225,-0.588700396223959
2016-04-29,ES=F/YM=F,7.629975707027789,9.780924360113003,1.6709611682754857,1.062038787050695,0.006633046719453972,-0.008247018515883877
2016-05-02,ES=F/YM=F,7.637354921544395,9.786897554926753,1.6709611682754857,1.062038787050695,0.004769229498601035,-0.3835025756809862
2016-05-03,ES=F/YM=F,7.6290038896529575,9.779793330189797,1.6709611682754857,1.062038787050695,0.006534124542248776,-0.030964793652347954
2016-05-04,ES=F/YM=F,7.624130585661289,9.774574052442789,1.6709611682754857,1.062038787050695,0.00649048465548141,-0.023695361382921838
2016-05-05,ES=F/YM=F,7.622663951323595,9.774175816055788,1.6709611682754857,1.062038787050695,0.007649870821531124,0.25400187289819093
2016-05-06,ES=F/YM=F,7.6269356365888985,9.779680156808055,1.6709611682754857,1.062038787050695,0.008617516135974057,0.5663192832122433
2016-05-09,ES=F/YM=F,7.627666096811297,9.77826440778205,1.6709611682754857,1.062038787050695,0.006425990021384109,0.1361206004886561
2016-05-10,ES=F/YM=F,7.638920526729604,9.789926840312962,1.6709611682754857,1.062038787050695,0.006135781452909939,0.12528826436196502
2016-05-11,ES=F/YM=F,7.629489916393995,9.779000847413124,1.6709611682754857,1.062038787050695,0.0052254625150514045,-0.11184248448841283
2016-05-12,ES=F/YM=F,7.62985428149185,9.779510372716418,1.6709611682754857,1.062038787050695,0.005348017951774864,-0.02063905702083833
2016-05-13,ES=F/YM=F,7.622419303004332,9.769670404801788,1.6709611682754857,1.062038787050695,0.003404285571777521,-0.7541592538240581
2016-05-16,ES=F/YM=F,7.631795322984453,9.779283949076822,1.6709611682754857,1.062038787050695,0.0030601329597601534,-0.8798780806673127
2016-05-17,ES=F/YM=F,7.622419303004332,9.769327390849192,1.6389101675649538,1.0662884861317883,0.002719284022029811,-0.9978288850054634
2016-05-18,ES=F/YM=F,7.621440110759631,9.768755439335086,1.6389101675649538,1.0662884861317883,0.0031914339241581047,-0.7648470073485932
2016-05-19,ES=F/YM=F,7.620092153935223,9.765087182800102,1.6389101675649538,1.0662884861317883,0.0009604882308416052,-1.6940598619178926
2016-05-20,ES=F/YM=F,7.6255950721324535,9.768927059140433,1.6389101675649538,1.0662884861317883,-0.0010673337426592155,-2.4748306943383596
2016-05-23,ES=F/YM=F,7.623275310393808,9.768240403128102,1.6389101675649538,1.0662884861317883,0.0007195454774961973,-1.6142597213119156
2016-05-24,ES=F/YM=F,7.637716432664798,9.780585185434793,1.6389101675649538,1.0662884861317883,-0.0023340746201903073,-2.764984563796214
2016-05-25,ES=F/YM=F,7.64360268907411,9.78790833668397,1.6389101675649538,1.0662884861317883,-0.0012873708066827305,-2.175906683941184
2016-05-26,ES=F/YM=F,7.6447997205792655,9.78790833668397,1.6389101675649538,1.0662884861317883,-0.00256375171816714,-2.5228826435855876
2016-05-27,ES=F/YM=F,7.648382241726404,9.789702763229508,1.6389101675649538,1.0662884861317883,-0.004589326223145562,-3.0660739247866036
2016-05-30,ES=F/YM=F,7.648382241726404,9.789702763229508,1.6389101675649538,1.0662884861317883,-0.004589326223145562,-2.8528046557731166
2016-05-31,ES=F/YM=F,7.647308832356238,9.78549199429842,1.6389101675649538,1.0662884861317883,-0.007655531101919522,-3.667467479148515
2016-06-01,ES=F/YM=F,7.6487397889562425,9.785773264516571,1.6389101675649538,1.0662884861317883,-0.00890007343050847,-3.7242579313125153
2016-06-02,ES=F/YM=F,7.651476745505016,9.788357245282496,1.6389101675649538,1.0662884861317883,-0.009234477919582318,-3.4717790019910693
2016-06-03,ES=F/YM=F,7.648620620750179,9.786953736280177,1.6389101675649538,1.0662884861317883,-0.0075925339808637915,-2.747362139275789
2016-06-06,ES=F/YM=F,7.653613498454751,9.793393629739054,1.6389101675649538,1.0662884861317883,-0.006476488531035329,-2.2983859102485726
2016-06-07,ES=F/YM=F,7.6545617028638295,9.794397869948424,1.6389101675649538,1.0662884861317883,-0.0064833077655652716,-2.171639213525988
2016-06-08,ES=F/YM=F,7.658227526161352,9.79784922051313,1.6389101675649538,1.0662884861317883,-0.006940782375201238,-2.1574983869906017
2016-06-09,ES=F/YM=F,7.656455418662332,9.796625910752034,1.6389101675649538,1.0662884861317883,-0.0062745143139029125,-1.9415503761726727
2016-06-10,ES=F/YM=F,7.647905313137419,9.790654744261785,1.6389101675649538,1.0662884861317883,-0.003128801727726227,-1.228568589383521
2016-06-13,ES=F/YM=F,7.639522030507138,9.78290058954701,1.6389101675649538,1.0662884861317883,-0.001943958697843584,-0.9555623713506849
2016-06-14,ES=F/YM=F,7.637475439772922,9.779170718028748,1.6389101675649538,1.0662884861317883,-0.003491574080388915,-1.2389908143410941
2016-06-15,ES=F/YM=F,7.636148939729152,9.77826440778205,1.6804408697417388,1.0608115029806293,-0.0026910956977097555,-1.0422288287446098
2016-06-16,ES=F/YM=F,7.639762530748797,9.78357725586357,1.6804408697417388,1.0608115029806293,-0.0012115865368969025,-0.7231081323937523
2016-06-17,ES=F/YM=F,7.639401758692692,9.78315725681104,1.6804408697417388,1.0608115029806293,-0.0012488744423571063,-0.7078261704465502
2016-06-20,ES=F/YM=F,7.637354921544395,9.781997654948418,1.6804408697417388,1.0608115029806293,-0.00023716791333683318,-0.49084440061712475
2016-06-21,ES=F/YM=F,7.640363528422996,9.783408132205587,1.6804408697417388,1.0608115029806293,-0.00201825544093559,-0.8188730650419981
2016-06-22,ES=F/YM=F,7.638559450719181,9.780641722537283,1.6804408697417388,1.0608115029806293,-0.002870878728760573,-0.9603580745892565
2016-06-23,ES=F/YM=F,7.652426977195473,9.793393629739054,1.6804408697417388,1.0608115029806293,-0.004829803130929733,-1.3194670419892853
2016-06-24,ES=F/YM=F,7.610109940292996,9.7553934942914,1.6804408697417388,1.0608115029806293,0.0020604609396208673,0.09238945006475725
2016-06-27,ES=F/YM=F,7.59337419312129,9.740085880594684,1.6804408697417388,1.0608115029806293,0.004506320353625526,0.5876628194632173
2016-06-28,ES=F/YM=F,7.615051882646502,9.758519582283522,1.6804408697417388,1.0608115029806293,-5.5920363923434024e-05,-0.3222565399519469
2016-06-29,ES=F/YM=F,7.633732604132785,9.777016888482178,1.6804408697417388,1.0608115029806293,-0.0013753384018944104,-0.571077932123379
2016-06-30,ES=F/YM=F,7.645038955030167,9.788020582727414,1.6804408697417388,1.0608115029806293,-0.002365551245336661,-0.7511619911691829
2016-07-01,ES=F/YM=F,7.647905313137419,9.790654744261785,1.6804408697417388,1.0608115029806293,-0.002772055362800785,-0.809430867588729
2016-07-04,ES=F/YM=F,7.647905313137419,9.790654744261785,1.6804408697417388,1.0608115029806293,-0.002772055362800785,-0.7830711821595763
2016-07-05,ES=F/YM=F,7.641444414855019,9.784816622818449,1.6804408697417388,1.0608115029806293,-0.0017563815885779377,-0.5571459388273027
2016-07-06,ES=F/YM=F,7.646831391430482,9.788862026694824,1.6804408697417388,1.0608115029806293,-0.003425544429742189,-0.8749462645119753
2016-07-07,ES=F/YM=F,7.645875825184813,9.78796446128059,1.6804408697417388,1.0608115029806293,-0.0033094341787105463,-0.8243730683346882
2016-07-08,ES=F/YM=F,7.659407188914646,9.800235922725653,1.6804408697417388,1.0608115029806293,-0.005392199029268241,-1.2247658121714187
2016-07-11,ES=F/YM=F,7.663994622708065,9.806260536775024,1.6804408697417388,1.0608115029806293,-0.00423398751711801,-0.9487247940786451
2016-07-12,ES=F/YM=F,7.671244420598329,9.812687188209631,1.6804408697417388,1.0608115029806293,-0.005498005078788282,-1.1783366495102345
2016-07-13,ES=F/YM=F,7.671360923190644,9.814000386034591,1.6804408697417388,1.0608115029806293,-0.0043083945438837645,-0.897751007847168
2016-07-14,ES=F/YM=F,7.676589541388417,9.821572259334861,1.7092570505276574,1.0570153308508143,-0.0019576250893749148,-0.3835681071461961
2016-07-15,ES=F/YM=F,7.674501373576274,9.821029430095606,1.7092570505276574,1.0570153308508143,-0.0002932289378048125,-0.014963049018938794
2016-07-18,ES=F/YM=F,7.67786350067821,9.822873848541882,1.7092570505276574,1.0570153308508143,-0.002002630382545334,-0.3602317507459996
2016-07-19,ES=F/YM=F,7.677284629460888,9.824444345195674,1.7092570505276574,1.0570153308508143,0.00017974202254400495,0.12651127830436446
2016-07-20,ES=F/YM=F,7.6813297086546966,9.82720028436401,1.7092570505276574,1.0570153308508143,-0.0013400295314820454,-0.1800867823386566
2016-07-21,ES=F/YM=F,7.67693714581808,9.8220605538404,1.7092570505276574,1.0570153308508143,-0.0018367537950627622,-0.26796923721949595
2016-07-22,ES=F/YM=F,7.6813297086546966,9.824336114230691,1.7092570505276574,1.0570153308508143,-0.004204199664799901,-0.7724978175348991
2016-07-25,ES=F/YM=F,7.678904625186621,9.821192309809298,1.7092570505276574,1.0570153308508143,-0.004784653681843665,-0.8768584579006767
2016-07-26,ES=F/YM=F,7.679366999486848,9.819997242037102,1.7092570505276574,1.0570153308508143,-0.006468458177971925,-1.2311297855288497
2016-07-27,ES=F/YM=F,7.6780949553719875,9.819562317598367,1.7092570505276574,1.0570153308508143,-0.0055588124857806065,-0.9861774707246108
2016-07-28,ES=F/YM=F,7.68006016032791,9.818800744368934,1.7092570505276574,1.0570153308508143,-0.008397637481888154,-1.613631161608167
2016-07-29,ES=F/YM=F,7.681675669564565,9.818038590703646,1.7092570505276574,1.0570153308508143,-0.010867409177452103,-2.126274542798536
2016-08-01,ES=F/YM=F,7.679944666882035,9.816076095525158,1.7092570505276574,1.0570153308508143,-0.011000207982760912,-2.0801415747010386
2016-08-02,ES=F/YM=F,7.674501373576274,9.811810763964225,1.7092570505276574,1.0570153308508143,-0.009511895069186593,-1.671749071699513
2016-08-03,ES=F/YM=F,7.676473646389156,9.81296091333657,1.7092570505276574,1.0570153308508143,-0.010446468296679612,-1.858401269884831
2016-08-04,ES=F/YM=F,7.677516218160395,9.813179839504594,1.7092570505276574,1.0570153308508143,-0.011329556474366953,-2.049708858278843
2016-08-05,ES=F/YM=F,7.685588217708725,9.8230364281385,1.7092570505276574,1.0570153308508143,-0.010005195113665266,-1.678431464275025
2016-08-08,ES=F/YM=F,7.685013802160735,9.823361508056843,1.7092570505276574,1.0570153308508143,-0.009072949154818488,-1.4191450833921682
2016-08-09,ES=F/YM=F,7.685932708726658,9.823686482332572,1.7092570505276574,1.0570153308508143,-0.009719273206888701,-1.5529269099496184
2016-08-10,ES=F/YM=F,7.68374892531757,9.822928044677711,1.7092570505276574,1.0570153308508143,-0.008169418319086574,-1.1315483789668928
2016-08-11,ES=F/YM=F,7.687882586043421,9.829033366611181,1.7092570505276574,1.0570153308508143,-0.0064334391453773065,-0.6538661193005142
2016-08-12,ES=F/YM=F,7.687194828107095,9.826768482122723,1.8157203060123888,1.0430095744945147,-0.006769630610081734,-0.7192414189011902
2016-08-15,ES=F/YM=F,7.689828668736484,9.829948649201258,1.8157203060123888,1.0430095744945147,-0.006336584525692857,-0.5774720555874722
2016-08-16,ES=F/YM=F,7.685588217708725,9.826822467600643,1.8157203060123888,1.0430095744945147,-0.005039935104178994,-0.1895227312281398
2016-08-17,ES=F/YM=F,7.686965470307924,9.827739775097854,1.8157203060123888,1.0430095744945147,-0.005559115254429869,-0.31434082869152025
2016-08-18,ES=F/YM=F,7.688684372925616,9.829033366611181,1.8157203060123888,1.0430095744945147,-0.006058355628979939,-0.4398716402737059
2016-08-19,ES=F/YM=F,7.687882586043421,9.827685839119846,1.8157203060123888,1.0430095744945147,-0.00656961172548165,-0.5661123227495671
2016-08-22,ES=F/YM=F,7.687767992563664,9.826552511062006,1.8157203060123888,1.0430095744945147,-0.0075834176867601855,-0.8448160710651933
2016-08-23,ES=F/YM=F,7.689485517460597,9.827038380372722,1.8157203060123888,1.0430095744945147,-0.00888894328797818,-1.2022288956533111
2016-08-24,ES=F/YM=F,7.684783943522785,9.824011351034331,1.8157203060123888,1.0430095744945147,-0.007012185994037523,-0.6152704058898898
2016-08-25,ES=F/YM=F,7.684094050428847,9.82271124250884,1.8157203060123888,1.0430095744945147,-0.0075927294171727056,-0.7714431650404228
2016-08-26,ES=F/YM=F,7.681790963275421,9.819018395909678,1.8157203060123888,1.0430095744945147,-0.008883434064415496,-1.128461209393369
2016-08-29,ES=F/YM=F,7.686736059891685,9.824931239630352,1.8157203060123888,1.0430095744945147,-0.008128373461305571,-0.8989152536388089
2016-08-30,ES=F/YM=F,7.684898879446134,9.822494393326597,1.8157203060123888,1.0430095744945147,-0.008649022970278253,-1.0564993699345608
2016-08-31,ES=F/YM=F,7.682252005238405,9.819834167538875,1.8157203060123888,1.0430095744945147,-0.008548533616854925,-1.0333268696520348
2016-09-01,ES=F/YM=F,7.68121436174875,9.819834167538875,1.8157203060123888,1.0430095744945147,-0.007466261522232287,-0.7117276681212416
2016-09-02,ES=F/YM=F,7.686162303492906,9.824444345195674,1.8157203060123888,1.0430095744945147,-0.008016834478629775,-0.8642075507374098
2016-09-05,ES=F/YM=F,7.686162303492906,9.824444345195674,1.8157203060123888,1.0430095744945147,-0.008016834478629775,-0.8532983648268534
2016-09-06,ES=F/YM=F,7.689142248391491,9.826768482122723,1.8157203060123888,1.0430095744945147,-0.008800808612271283,-1.0698745055831473
2016-09-07,ES=F/YM=F,7.689142248391491,9.826282481627157,1.8157203060123888,1.0430095744945147,-0.009286809107837968,-1.187819238587965
2016-09-08,ES=F/YM=F,7.685932708726658,9.8233073354086,1.8157203060123888,1.0430095744945147,-0.008914374726254337,-1.0455199830279225
2016-09-09,ES=F/YM=F,7.660467696879473,9.800402224452803,1.8157203060123888,1.0430095744945147,-0.005259234510819333,0.014759052737842608
2016-09-12,ES=F/YM=F,7.677168814995532,9.815803221891244,1.9293246483118904,1.0280676537108038,-0.006170357194855924,-0.23399822367345935
2016-09-13,ES=F/YM=F,7.663290231976898,9.802948727157515,1.9293246483118904,1.0280676537108038,-0.004756729647786173,0.18058231357632848
2016-09-14,ES=F/YM=F,7.659289285241809,9.798127036878302,1.9293246483118904,1.0280676537108038,-0.005465176004434191,-0.003973125652264682
2016-09-15,ES=F/YM=F,7.6708948313621175,9.809176873064887,1.9293246483118904,1.0280676537108038,-0.006346626387787602,-0.23989073117037973
2016-09-16,ES=F/YM=F,7.6693785308441536,9.807392895187865,1.9293246483118904,1.0280676537108038,-0.006571744748985253,-0.28235658922528944
2016-09-19,ES=F/YM=F,7.665284718471351,9.801011760946892,1.9293246483118904,1.0280676537108038,-0.008744162909119169,-0.9102132766303795
2016-09-20,ES=F/YM=F,7.664346632098617,9.800734744961298,1.9293246483118904,1.0280676537108038,-0.0080567626385184,-0.6773427871111389
2016-09-21,ES=F/YM=F,7.6761258807796695,9.810165395304756,1.9293246483118904,1.0280676537108038,-0.010735976849066908,-1.4551500839337645
2016-09-22,ES=F/YM=F,7.681675669564565,9.814601692527686,1.9293246483118904,1.0280676537108038,-0.012005237960813986,-1.82521666631942
2016-09-23,ES=F/YM=F,7.67693714581808,9.808627271512169,1.9293246483118904,1.0280676537108038,-0.013108135986230174,-2.2200925912744975
2016-09-26,ES=F/YM=F,7.668444278761719,9.798904512343688,1.9293246483118904,1.0280676537108038,-0.014099653246799626,-2.4657731121455906
2016-09-27,ES=F/YM=F,7.674501373576274,9.805819595357969,1.9293246483118904,1.0280676537108038,-0.013411673486823261,-2.125428246783635
2016-09-28,ES=F/YM=F,7.679366999486848,9.81126260849361,1.9293246483118904,1.0280676537108038,-0.01297085296489886,-1.8933794800592505
2016-09-29,ES=F/YM=F,7.6725252032150495,9.803501457660202,1.9293246483118904,1.0280676537108038,-0.013698174357992698,-2.039917920282803
2016-09-30,ES=F/YM=F,7.6780949553719875,9.810220284565686,1.9293246483118904,1.0280676537108038,-0.012705429484242359,-1.6524767835554957
2016-10-03,ES=F/YM=F,7.674733607669283,9.806756363576357,1.9293246483118904,1.0280676537108038,-0.012713657627545949,-1.6045021683832545
2016-10-04,ES=F/YM=F,7.670778274453075,9.803225130597733,1.9293246483118904,1.0280676537108038,-0.012178540466938337,-1.3873790360050313
2016-10-05,ES=F/YM=F,7.674733607669283,9.809176873064887,1.9293246483118904,1.0280676537108038,-0.010293148139015607,-0.7802460404678033
2016-10-06,ES=F/YM=F,7.676241816087898,9.809121926500406,1.9293246483118904,1.0280676537108038,-0.01189863499372823,-1.2351201045997613
2016-10-07,ES=F/YM=F,7.671593887664615,9.806811440270668,1.9293246483118904,1.0280676537108038,-0.009430736354727465,-0.4616514471601959
2016-10-10,ES=F/YM=F,7.671593887664615,9.806811440270668,1.9293246483118904,1.0280676537108038,-0.009430736354727465,-0.44419802354791954
2016-10-11,ES=F/YM=F,7.665987706198017,9.802008383586275,2.039036273719972,1.013625855029691,-0.007471233475762951,0.16559428820895297
2016-10-12,ES=F/YM=F,7.664581236205265,9.801067154936659,2.039036273719972,1.013625855029691,-0.006986827776401583,0.3469875441688568
2016-10-13,ES=F/YM=F,7.662115143710071,9.79929302351827,2.039036273719972,1.013625855029691,-0.006261264080767326,0.634352634347344
2016-10-14,ES=F/YM=F,7.6624678152002375,9.801399454452342,2.039036273719972,1.013625855029691,-0.004512310087458893,1.2620723449643632
2016-10-17,ES=F/YM=F,7.660585461703256,9.798848998423558,2.039036273719972,1.013625855029691,-0.005154763943397533,1.1327055294464747
2016-10-18,ES=F/YM=F,7.664815785285735,9.801676286389442,2.039036273719972,1.013625855029691,-0.006615441335855898,0.6644166987791794
2016-10-19,ES=F/YM=F,7.6676260915849905,9.805047479722875,2.039036273719972,1.013625855029691,-0.006092847127901813,0.9269300432395132
2016-10-20,ES=F/YM=F,7.667158255319148,9.80410910855585,2.039036273719972,1.013625855029691,-0.0065570073599481304,0.7711990595342387
2016-10-21,ES=F/YM=F,7.666104822787715,9.801786997709788,2.039036273719972,1.013625855029691,-0.007811331755619655,0.29425855882416635
2016-10-24,ES=F/YM=F,7.670545119870531,9.805543908206001,2.039036273719972,1.013625855029691,-0.008555221186561823,0.007406662590304806
2016-10-25,ES=F/YM=F,7.6676260915849905,9.803501457660202,2.039036273719972,1.013625855029691,-0.00763886919057466,0.39671880269115833
2016-10-26,ES=F/YM=F,7.665753431861699,9.805212983267788,2.039036273719972,1.013625855029691,-0.004029167269787415,1.8472322171256186
2016-10-27,ES=F/YM=F,7.660820949753326,9.802672247297311,2.039036273719972,1.013625855029691,-0.0015702118457463499,2.7412855235913094
2016-10-28,ES=F/YM=F,7.660938672986142,9.803556713911078,2.039036273719972,1.013625855029691,-0.0008050725444990192,2.843393736989107
2016-10-31,ES=F/YM=F,7.659171367666058,9.801565562810744,2.039036273719972,1.013625855029691,-0.0010048372786650717,2.561212483058696
2016-11-01,ES=F/YM=F,7.651476745505016,9.79473239269909,2.039036273719972,1.013625855029691,-3.853942320120041e-05,2.727608161128417
2016-11-02,ES=F/YM=F,7.645995320912983,9.791493975575204,2.039036273719972,1.013625855029691,0.002279157141791721,3.2992270975591564
2016-11-03,ES=F/YM=F,7.641804450862508,9.78987082574916,2.039036273719972,1.013625855029691,0.004903981553979975,3.7893726755535018
2016-11-04,ES=F/YM=F,7.640123172695364,9.787234595711878,2.039036273719972,1.013625855029691,0.003971938536411201,3.110925897057881
2016-11-07,ES=F/YM=F,7.663407664893479,9.808737215990318,2.039036273719972,1.013625855029691,0.0018727955016046849,2.317022593803361
2016-11-08,ES=F/YM=F,7.666456090281521,9.81383633058348,2.039036273719972,1.013625855029691,0.003881947304319233,2.6766361098194946
2016-11-09,ES=F/YM=F,7.677979234721509,9.827254246536539,2.0672201947362177,1.0099147928102525,0.005929243765128156,2.971971966990627
2016-11-10,ES=F/YM=F,7.68121436174875,9.84086719055446,2.0672201947362177,1.0099147928102525,0.01627498514161818,4.979400419278326
2016-11-11,ES=F/YM=F,7.68121436174875,9.84086719055446,2.0672201947362177,1.0099147928102525,0.01627498514161818,4.1521007697462275
2016-11-14,ES=F/YM=F,7.6780949553719875,9.842781677418733,2.0672201947362177,1.0099147928102525,0.02133980665056967,4.447944337826693
2016-11-15,ES=F/YM=F,7.686736059891685,9.84585843969949,2.0672201947362177,1.0099147928102525,0.01568978965066581,3.0185185147147324
2016-11-16,ES=F/YM=F,7.68374892531757,9.843365929194746,2.0672201947362177,1.0099147928102525,0.0162140305404348,2.845318125787823
2016-11-17,ES=F/YM=F,7.689027799178204,9.845275642787714,2.0672201947362177,1.0099147928102525,0.012792531332168622,2.2071916139614287
2016-11-18,ES=F/YM=F,7.6874241333133275,9.844427331406584,2.0672201947362177,1.0099147928102525,0.01356378583070228,2.18260210337372
2016-11-21,ES=F/YM=F,7.693025748417888,9.847446161652503,2.0672201947362177,1.0099147928102525,0.010925462118896334,1.7610516056259895
2016-11-22,ES=F/YM=F,7.696326269253921,9.851931065621725,2.0672201947362177,1.0099147928102525,0.012077121271830471,1.8194529999382394
2016-11-23,ES=F/YM=F,7.6965534903410155,9.855032332266724,2.0672201947362177,1.0099147928102525,0.01494891397973408,2.0602098831168014
2016-11-24,ES=F/YM=F,7.6965534903410155,9.855032332266724,2.0672201947362177,1.0099147928102525,0.01494891397973408,1.9592083102908417
2016-11-25,ES=F/YM=F,7.701313245473995,9.85974462958821,2.0672201947362177,1.0099147928102525,0.014854264182269539,1.8583596852996027
2016-11-28,ES=F/YM=F,7.6965534903410155,9.856395945002278,2.0672201947362177,1.0099147928102525,0.016312526715288378,1.9262184636762898
2016-11-29,ES=F/YM=F,7.69791573371208,9.858228646130513,2.0672201947362177,1.0099147928102525,0.016769478111678282,1.8842342707588569
2016-11-30,ES=F/YM=F,7.695644296051768,9.859117604800188,2.0672201947362177,1.0099147928102525,0.0199523952754479,2.1102915074212367
2016-12-01,ES=F/YM=F,7.692569648067906,9.86250929580757,2.0672201947362177,1.0099147928102525,0.02644921876441586,2.6173834364533177
2016-12-02,ES=F/YM=F,7.692569648067906,9.860475661942838,2.0672201947362177,1.0099147928102525,0.02441558489968365,2.2619971053618797
2016-12-05,ES=F/YM=F,7.698142593967137,9.863186255762603,2.0672201947362177,1.0099147928102525,0.021497978216284963,1.8856375863899257
2016-12-06,ES=F/YM=F,7.700747794511798,9.864330837334935,2.0672201947362177,1.0099147928102525,0.020011529220325563,1.6763253854350373
2016-12-07,ES=F/YM=F,7.712779198427706,9.879041159631202,2.0672201947362177,1.0099147928102525,0.02257115872364235,1.8241633753456303
2016-12-08,ES=F/YM=F,7.717684994864882,9.884355700220102,1.8539340290687203,1.0379495508989132,0.019853996752097203,1.5238307509305027
2016-12-09,ES=F/YM=F,7.723120092266331,9.891870333195937,1.8539340290687203,1.0379495508989132,0.02172727282100695,1.6185546205914463
2016-12-12,ES=F/YM=F,7.721348612617949,9.892477160016076,1.8539340290687203,1.0379495508989132,0.02417280614661088,1.7494512719675166
2016-12-13,ES=F/YM=F,7.728965804606022,9.899077844047428,1.8539340290687203,1.0379495508989132,0.022867229174829973,1.5761789350858597
2016-12-14,ES=F/YM=F,7.721791776817535,9.894648603868923,1.8539340290687203,1.0379495508989132,0.025884267917522408,1.7466363997997927
2016-12-15,ES=F/YM=F,7.724667566876013,9.896613983592955,1.8539340290687203,1.0379495508989132,0.02486472264187789,1.5987361261646973
2016-12-16,ES=F/YM=F,7.726433181989291,9.899399226238785,1.8539340290687203,1.0379495508989132,0.02581734587382023,1.609136710644278
2016-12-19,ES=F/YM=F,7.723120092266331,9.89530415972811,1.8539340290687203,1.0379495508989132,0.025161099353178784,1.50064438598255
2016-12-20,ES=F/YM=F,7.7259920703809035,9.898424758193666,1.8539340290687203,1.0379495508989132,0.025300729424523993,1.4587030813306399
2016-12-21,ES=F/YM=F,7.7233413067346595,9.89802264710506,1.8539340290687203,1.0379495508989132,0.027649977272075077,1.5795141974100635
2016-12-22,ES=F/YM=F,7.722566841906438,9.897117305528285,1.8539340290687203,1.0379495508989132,0.027548491115940266,1.519226683064052
2016-12-23,ES=F/YM=F,7.723120092266331,9.897167623791308,1.8539340290687203,1.0379495508989132,0.02702456341637749,1.4340843824229819
2016-12-26,ES=F/YM=F,7.723120092266331,9.897167623791308,1.8539340290687203,1.0379495508989132,0.02702456341637749,1.3905433830384972
2016-12-27,ES=F/YM=F,7.72356247227797,9.897268252722212,1.8539340290687203,1.0379495508989132,0.026666024212874007,1.3233931795416058
2016-12-28,ES=F/YM=F,7.716572152551059,9.892173792635855,1.8539340290687203,1.0379495508989132,0.028827163347704854,1.443271699104243
2016-12-29,ES=F/YM=F,7.716460800176355,9.891364362733817,1.8539340290687203,1.0379495508989132,0.02813331159298116,1.3508417602935232
2016-12-30,ES=F/YM=F,7.7125556348229285,9.889388628156626,1.8539340290687203,1.0379495508989132,0.030210941640564926,1.4662849708519214
2017-01-02,ES=F/YM=F,7.7125556348229285,9.889388628156626,1.8539340290687203,1.0379495508989132,0.030210941640564926,1.4250901330816177
2017-01-03,ES=F/YM=F,7.719795989482493,9.893336201479753,1.8539340290687203,1.0379495508989132,0.026643392096449503,1.119298890478766
2017-01-04,ES=F/YM=F,7.724998857255058,9.896261507444388,1.8539340290687203,1.0379495508989132,0.024168383793163883,0.904332827349024
2017-01-05,ES=F/YM=F,7.724998857255058,9.894497260697996,1.8539340290687203,1.0379495508989132,0.02240413704677202,0.7429034346755153
2017-01-06,ES=F/YM=F,7.728195685199458,9.898324245579248,1.471002947005485,1.088229548586831,0.017270396678460642,0.31754753954166093
2017-01-09,ES=F/YM=F,7.725330037917135,9.894850359140465,1.471002947005485,1.088229548586831,0.01691499228812887,0.26467125861115265
2017-01-10,ES=F/YM=F,7.724778009197623,9.8928309723476,1.471002947005485,1.088229548586831,0.015496339459508235,0.12401597235694634
2017-01-11,ES=F/YM=F,7.727755350538006,9.897318563390598,1.471002947005485,1.088229548586831,0.016743899679672936,0.20210245340360436
2017-01-12,ES=F/YM=F,7.724667566876013,9.893588720356881,1.471002947005485,1.088229548586831,0.016374274066579986,0.14608926343913753
2017-01-13,ES=F/YM=F,7.728635826051634,9.895052073715027,1.471002947005485,1.088229548586831,0.01351925053336167,-0.12900287114337766
2017-01-16,ES=F/YM=F,7.728635826051634,9.895052073715027,1.471002947005485,1.088229548586831,0.01351925053336167,-0.16159215041230648
2017-01-17,ES=F/YM=F,7.72433616670728,9.89055427712423,1.471002947005485,1.088229548586831,0.013700470289947475,-0.17871397301772646
2017-01-18,ES=F/YM=F,7.7259920703809035,9.890148988096948,1.471002947005485,1.088229548586831,0.01149317795541549,-0.4277980906010321
2017-01-19,ES=F/YM=F,7.723783588917898,9.888069299807748,1.471002947005485,1.088229548586831,0.011816824451765129,-0.44471546744776547
2017-01-20,ES=F/YM=F,7.725771441587952,9.89065557372075,1.471002947005485,1.088229548586831,0.01223985835097885,-0.4576007177162074
2017-01-23,ES=F/YM=F,7.724004656676065,9.890148988096948,1.471002947005485,1.088229548586831,0.013655940274286849,-0.3606598883870464
2017-01-24,ES=F/YM=F,7.729515527010059,9.89565697342094,1.471002947005485,1.088229548586831,0.013166833662396016,-0.46693133292117406
2017-01-25,ES=F/YM=F,7.738052297689316,9.903637541287253,1.471002947005485,1.088229548586831,0.011857435426035678,-0.6719495510751972
2017-01-26,ES=F/YM=F,7.738052297689316,9.906034306802704,1.471002947005485,1.088229548586831,0.014254200941484996,-0.4217041526173888
2017-01-27,ES=F/YM=F,7.735870319952567,9.904087372608096,1.471002947005485,1.088229548586831,0.014681759394365557,-0.416802063159136
2017-01-30,ES=F/YM=F,7.730174795246222,9.897871813750493,1.471002947005485,1.088229548586831,0.0146642388169127,-0.47079963513324624
2017-01-31,ES=F/YM=F,7.729515527010059,9.893033094632269,1.471002947005485,1.088229548586831,0.010542954873727695,-1.1057551617087367
2017-02-01,ES=F/YM=F,7.729515527010059,9.894244971169195,1.471002947005485,1.088229548586831,0.011754831410652145,-0.9646311077864818
2017-02-02,ES=F/YM=F,7.7299550874566965,9.894497260697996,1.471002947005485,1.088229548586831,0.01152877827303378,-1.045461660924052
2017-02-03,ES=F/YM=F,7.736743682453495,9.902787307421734,1.471002947005485,1.088229548586831,0.01243127532786481,-0.9745062091364918
2017-02-06,ES=F/YM=F,7.73477754309811,9.902086571620499,1.2924295073029988,1.1116717750119944,0.011123183658712676,-1.2460685128151403
2017-02-07,ES=F/YM=F,7.7356518600936965,9.904387147778964,1.2924295073029988,1.1116717750119944,0.012451806290769696,-1.0681118188009868
2017-02-08,ES=F/YM=F,7.736416260895318,9.90358754753646,1.2924295073029988,1.1116717750119944,0.010802443252307725,-1.3224363555705236
2017-02-09,ES=F/YM=F,7.742510522873774,9.910264536815152,1.2924295073029988,1.1116717750119944,0.010704613500021054,-1.3078882652990147
2017-02-10,ES=F/YM=F,7.746192571651428,9.91457584952155,1.2924295073029988,1.1116717750119944,0.01092269650608202,-1.230174450842478
2017-02-13,ES=F/YM=F,7.7520128079564605,9.922456499083731,1.2924295073029988,1.1116717750119944,0.01233315364405918,-0.9804373425837284
2017-02-14,ES=F/YM=F,7.756623334538858,9.927301730635383,1.2924295073029988,1.1116717750119944,0.012052992926117057,-1.0086248697252762
2017-02-15,ES=F/YM=F,7.7623833504641855,9.934162236804047,1.2924295073029988,1.1116717750119944,0.012510251966975972,-0.9326118880561108
2017-02-16,ES=F/YM=F,7.760253877768513,9.932755050216697,1.2924295073029988,1.1116717750119944,0.013470340071062736,-0.7762866460495952
2017-02-17,ES=F/YM=F,7.761319180947987,9.932463660772646,1.2924295073029988,1.1116717750119944,0.011994683150559737,-1.0221352706796778
2017-02-20,ES=F/YM=F,7.761319180947987,9.932463660772646,1.2924295073029988,1.1116717750119944,0.011994683150559737,-1.021708212109254
2017-02-21,ES=F/YM=F,7.7664168980196555,9.937309101011639,1.2924295073029988,1.1116717750119944,0.011173135203982554,-1.1380312253827292
2017-02-22,ES=F/YM=F,7.766840537085513,9.940253331726451,1.2924295073029988,1.1116717750119944,0.01364641832648772,-0.7321489155875176
2017-02-23,ES=F/YM=F,7.767581473875166,9.942564024517921,1.2924295073029988,1.1116717750119944,0.015133432601833974,-0.49523116763838093
2017-02-24,ES=F/YM=F,7.768533300926033,9.94208307029549,1.2924295073029988,1.1116717750119944,0.013594359112261145,-0.7320739232021429
2017-02-27,ES=F/YM=F,7.769906564755644,9.943333070458252,1.2924295073029988,1.1116717750119944,0.013317740635999442,-0.7644720946798538
2017-02-28,ES=F/YM=F,7.767581473875166,9.943044747534582,1.2924295073029988,1.1116717750119944,0.015614155618495218,-0.3892750315523999
2017-03-01,ES=F/YM=F,7.780512008832564,9.956601688185614,1.2924295073029988,1.1116717750119944,0.014796585521581918,-0.49557126410528046
2017-03-02,ES=F/YM=F,7.775695749915245,9.952563390182721,1.2924295073029988,1.1116717750119944,0.016112386618221564,-0.2668801310484298
2017-03-03,ES=F/YM=F,7.775380838875011,9.951372545256701,1.2924295073029988,1.1116717750119944,0.015271619407268844,-0.3870811971200199
2017-03-06,ES=F/YM=F,7.772963220626976,9.950227998419942,1.2924295073029988,1.1116717750119944,0.016814670539604393,-0.1308272115508993
2017-03-07,ES=F/YM=F,7.7691673493463025,9.94812625415451,1.1148193097472296,1.134969098387993,0.015542082694272707,-0.31941453714223267
2017-03-08,ES=F/YM=F,7.768110378525988,9.945972164142283,1.1148193097472296,1.134969098387993,0.014587621901002379,-0.46053751613113086
2017-03-09,ES=F/YM=F,7.7690617025235325,9.946020083254831,1.1148193097472296,1.134969098387993,0.01355581767378311,-0.6080253785921212
2017-03-10,ES=F/YM=F,7.7713833582729865,9.94712158955619,1.1148193097472296,1.134969098387993,0.01202231644241536,-0.8314898575487008
2017-03-13,ES=F/YM=F,7.772752716468742,9.946930110378965,1.1148193097472296,1.134969098387993,0.010276658028384844,-1.0858431357759213
2017-03-14,ES=F/YM=F,7.7691673493463025,9.944965331982438,1.1148193097472296,1.134969098387993,0.012381160522201284,-0.7129632903004052
2017-03-15,ES=F/YM=F,7.776430156914629,9.949607488149681,1.1148193097472296,1.134969098387993,0.008780254531856713,-1.2777565750973137
2017-03-16,ES=F/YM=F,7.776010561817735,9.949416484424528,1.1148193097472296,1.134969098387993,0.009065478275513073,-1.194275723252032
2017-03-17,ES=F/YM=F,7.776744737738279,9.950966869080814,1.1148193097472296,1.134969098387993,0.009782595949200612,-1.0408096253728794
2017-03-20,ES=F/YM=F,7.770750713798068,9.945972164142283,1.1148193097472296,1.134969098387993,0.011590922957807948,-0.7077847320492072
2017-03-21,ES=F/YM=F,7.758867284831298,9.934356176198595,1.1148193097472296,1.134969098387993,0.013462259674291488,-0.36154652163479345
2017-03-22,ES=F/YM=F,7.758974014112577,9.932852161166032,1.1148193097472296,1.134969098387993,0.011837110205584978,-0.6256675139205844
2017-03-23,ES=F/YM=F,7.757906208351747,9.932463660772646,1.1148193097472296,1.134969098387993,0.012660536353820362,-0.45020414321825547
2017-03-24,ES=F/YM=F,7.759934065389048,9.93183202554527,1.1148193097472296,1.134969098387993,0.009727346053161057,-0.9907714880745773
2017-03-27,ES=F/YM=F,7.757264977165941,9.928033812954128,1.1148193097472296,1.134969098387993,0.00895846611611617,-1.1278049066425955
2017-03-28,ES=F/YM=F,7.762808701385103,9.934259211202882,1.1148193097472296,1.134969098387993,0.008891908686136318,-1.1455667627271882
2017-03-29,ES=F/YM=F,7.7651449029361315,9.933094897288786,1.1148193097472296,1.134969098387993,0.005076078204016454,-2.0209353867039783
2017-03-30,ES=F/YM=F,7.768321862083931,9.93595474267363,1.1148193097472296,1.134969098387993,0.004330173129266868,-2.293745623299497
2017-03-31,ES=F/YM=F,7.766099050901443,9.933240510685476,1.1148193097472296,1.134969098387993,0.004138763144787561,-2.504692780753862
2017-04-03,ES=F/YM=F,7.764720544771477,9.932560800021836,1.1148193097472296,1.134969098387993,0.005023614340597504,-2.321922286709075
2017-04-04,ES=F/YM=F,7.764932746363786,9.934695479660322,1.1148193097472296,1.134969098387993,0.006917451729183455,-1.7629689951603833
2017-04-05,ES=F/YM=F,7.760680135234472,9.931929226167432,1.0036851189022424,1.1495449480947935,0.006993464026784579,-1.7646963148706347
2017-04-06,ES=F/YM=F,7.763765079971362,9.933289043772918,1.0036851189022424,1.1495449480947935,0.004806998994826728,-2.441410291985909
2017-04-07,ES=F/YM=F,7.763127595886875,9.932997809910068,1.0036851189022424,1.1495449480947935,0.00524858174079057,-2.1755192426960472
2017-04-10,ES=F/YM=F,7.763233871459534,9.932949262685748,1.0036851189022424,1.1495449480947935,0.0050778659688131,-2.124507303451146
2017-04-11,ES=F/YM=F,7.762596048540069,9.932706491205348,1.0036851189022424,1.1495449480947935,0.00556830060326341,-1.8826977422769589
2017-04-12,ES=F/YM=F,7.758226669818998,9.92896034850916,1.0036851189022424,1.1495449480947935,0.00684495514219563,-1.4150099747595866
2017-04-13,ES=F/YM=F,7.752550009151222,9.923976218963444,1.0036851189022424,1.1495449480947935,0.008386402189170639,-0.8904216999808542
2017-04-14,ES=F/YM=F,7.752550009151222,9.923976218963444,1.0036851189022424,1.1495449480947935,0.008386402189170639,-0.8633959951389616
2017-04-17,ES=F/YM=F,7.76004068088038,9.931540366978163,1.0036851189022424,1.1495449480947935,0.007339686359799202,-1.1584404438236697
2017-04-18,ES=F/YM=F,7.756730303571425,9.924906519909428,1.0036851189022424,1.1495449480947935,0.004511266802859737,-1.986772950933846
2017-04-19,ES=F/YM=F,7.755231694855932,9.920098818341325,1.0036851189022424,1.1495449480947935,0.0014262833128242391,-2.8049315300854416
2017-04-20,ES=F/YM=F,7.763021309018518,9.929545086855418,1.0036851189022424,1.1495449480947935,0.001918040218708228,-2.463289101363325
2017-04-21,ES=F/YM=F,7.761106211082418,9.928326495883047,1.0036851189022424,1.1495449480947935,0.002900940403888441,-2.052342704378685
2017-04-24,ES=F/YM=F,7.7706452341291765,9.937695723865865,1.0036851189022424,1.1495449480947935,0.0013046326335448555,-2.3680464897831444
2017-04-25,ES=F/YM=F,7.776954403322442,9.949655233381135,1.0036851189022424,1.1495449480947935,0.006011468576021528,-1.0552430136906148
2017-04-26,ES=F/YM=F,7.775800698228298,9.947743643790666,1.0036851189022424,1.1495449480947935,0.005426114848116725,-1.1683253584627622
2017-04-27,ES=F/YM=F,7.777373602657861,9.947408739594056,1.0036851189022424,1.1495449480947935,0.0032830863106667607,-1.6667992354134256
2017-04-28,ES=F/YM=F,7.775065828634573,9.946259644379998,1.0036851189022424,1.1495449480947935,0.004786881066422666,-1.2337496852598617
2017-05-01,ES=F/YM=F,7.77779262633883,9.946211736745907,1.0036851189022424,1.1495449480947935,0.0016043969069272634,-1.9745167178769507
2017-05-02,ES=F/YM=F,7.777268819297364,9.945828393025653,1.0036851189022424,1.1495449480947935,0.0018231929249683532,-1.830110545667164
2017-05-03,ES=F/YM=F,7.776220381373688,9.946499148129375,1.0036851189022424,1.1495449480947935,0.003699174547241668,-1.3160182981722974
2017-05-04,ES=F/YM=F,7.7771640249561615,9.94611591459175,0.9618401073106594,1.1550336905953469,0.001389341170614955,-1.802748199770533
2017-05-05,ES=F/YM=F,7.78228607660806,9.950084837912911,0.9618401073106594,1.1550336905953469,-0.0005578777311381344,-2.1632667208978975
2017-05-08,ES=F/YM=F,7.781138509845015,9.949464238776152,0.9618401073106594,1.1550336905953469,0.00014700140562773356,-1.8988329647280715
2017-05-09,ES=F/YM=F,7.780407553826462,9.947839310106628,0.9618401073106594,1.1550336905953469,-0.0006336484361231243,-1.9792145560976337
2017-05-10,ES=F/YM=F,7.781242888530983,9.947169453622251,0.9618401073106594,1.1550336905953469,-0.002268344647145426,-2.2231054423179497
2017-05-11,ES=F/YM=F,7.779466967458324,9.946068000071246,0.9618401073106594,1.1550336905953469,-0.0013185495273919656,-1.9148608270968508
2017-05-12,ES=F/YM=F,7.778525495554483,9.945013299364627,0.9618401073106594,1.1550336905953469,-0.0012858184663251393,-1.8229644005812817
2017-05-15,ES=F/YM=F,7.782598820942119,9.948938815440046,0.9618401073106594,1.1550336905953469,-0.002065130446382568,-1.8935275524894621
2017-05-16,ES=F/YM=F,7.781973234434385,9.949177678453244,0.9618401073106594,1.1550336905953469,-0.0011036939403705759,-1.6315670671587952
2017-05-17,ES=F/YM=F,7.765357014507613,9.933289043772918,0.9618401073106594,1.1550336905953469,0.002199965205067045,-0.962518173253249
2017-05-18,ES=F/YM=F,7.767898850233291,9.935179999268618,0.9618401073106594,1.1550336905953469,0.001155014801650367,-1.124895122066816
2017-05-19,ES=F/YM=F,7.775485820240915,9.94208307029549,0.9618401073106594,1.1550336905953469,-0.0007051201398198259,-1.4303572119391896
2017-05-22,ES=F/YM=F,7.780198611076016,9.946451251968243,0.9618401073106594,1.1550336905953469,-0.0017803706583379153,-1.5750879150201034
2017-05-23,ES=F/YM=F,7.7823903355874595,9.948221883876299,0.9618401073106594,1.1550336905953469,-0.0025412544015033234,-1.6571192543682711
2017-05-24,ES=F/YM=F,7.784057002639929,9.951563175767692,0.9618401073106594,1.1550336905953469,-0.0011250191067180282,-1.3488161407161228
2017-05-25,ES=F/YM=F,7.788833255100547,9.955273225685358,0.9618401073106594,1.1550336905953469,-0.0029317016958536612,-1.6310347064550728
2017-05-26,ES=F/YM=F,7.788936833742724,9.955415645396487,0.9618401073106594,1.1550336905953469,-0.0029089188060655857,-1.5696762031283404
2017-05-29,ES=F/YM=F,7.788936833742724,9.955415645396487,0.9618401073106594,1.1550336905953469,-0.0029089188060655857,-1.5260846149755352
2017-05-30,ES=F/YM=F,7.787693181390494,9.952991747439217,0.9618401073106594,1.1550336905953469,-0.003896356397120826,-1.660273801292911
2017-05-31,ES=F/YM=F,7.787796878181171,9.95237295026594,0.9618401073106594,1.1550336905953469,-0.004634926857237431,-1.7537064401409928
2017-06-01,ES=F/YM=F,7.795440753845957,9.958543758284206,0.9618401073106594,1.1550336905953469,-0.0072930527585217675,-2.1912519273586173
2017-06-02,ES=F/YM=F,7.798830761715228,9.96189796008255,0.977162884156686,1.1530253293693973,-0.007514331797024099,-2.1693511179449603
2017-06-05,ES=F/YM=F,7.797496675622756,9.960623743906938,0.977162884156686,1.1530253293693973,-0.007250312916456281,-2.0510234754728627
2017-06-06,ES=F/YM=F,7.795955130689767,9.95967883218587,0.977162884156686,1.1530253293693973,-0.006417784283426542,-1.8327874535443824
2017-06-07,ES=F/YM=F,7.796469243086058,9.960009652860453,0.977162884156686,1.1530253293693973,-0.0066797482239095984,-1.8254691566478185
2017-06-08,ES=F/YM=F,7.79667481406016,9.9607181859904,0.977162884156686,1.1530253293693973,-0.00620824363408623,-1.67684906865748
2017-06-09,ES=F/YM=F,7.79585227648551,9.96415923206886,0.977162884156686,1.1530253293693973,-0.0018187908976958767,-0.8215374992247483
2017-06-12,ES=F/YM=F,7.795029061785799,9.962982124321767,0.977162884156686,1.1530253293693973,-0.0020467112445139435,-0.8391206794993644
2017-06-13,ES=F/YM=F,7.799753318287247,9.96749468251042,0.977162884156686,1.1530253293693973,-0.002981340464467408,-0.9860403216481631
2017-06-14,ES=F/YM=F,7.798625633509381,9.969790141790192,0.977162884156686,1.1530253293693973,0.0006143679277279546,-0.28250514712753244
2017-06-15,ES=F/YM=F,7.797393979858866,9.969415732650235,0.977162884156686,1.1530253293693973,0.0016600866438256645,-0.060455729186272386
2017-06-16,ES=F/YM=F,7.797188556686409,9.969280413613456,0.977162884156686,1.1530253293693973,0.001761625728127214,-0.011435821328565444
2017-06-19,ES=F/YM=F,7.802822374404665,9.973992613421482,0.977162884156686,1.1530253293693973,-2.2108994045311192e-05,-0.3391158555111336
2017-06-20,ES=F/YM=F,7.798728202872002,9.972873680021136,0.977162884156686,1.1530253293693973,0.003579641085552865,0.452953975192285
2017-06-21,ES=F/YM=F,7.797085829273509,9.97011763483389,0.977162884156686,1.1530253293693973,0.002717294257656988,0.31482773115419777
2017-06-22,ES=F/YM=F,7.79636644174955,9.968713337453835,0.977162884156686,1.1530253293693973,0.002142468914358986,0.217868921557518
2017-06-23,ES=F/YM=F,7.79770203551669,9.968291663401624,0.977162884156686,1.1530253293693973,0.00018082141888697834,-0.21183800260406346
2017-06-26,ES=F/YM=F,7.798112628829788,9.969649754789797,0.977162884156686,1.1530253293693973,0.0010654883169891605,0.029311745929539362
2017-06-27,ES=F/YM=F,7.791729409379749,9.966039727193092,0.977162884156686,1.1530253293693973,0.004815474429102906,0.9587036480334378
2017-06-28,ES=F/YM=F,7.7991383751501075,9.971239654586947,0.977162884156686,1.1530253293693973,0.0014726766253030377,0.14215016193172536
2017-06-29,ES=F/YM=F,7.791522819150732,9.96434744079289,0.977162884156686,1.1530253293693973,0.003361391795756674,0.6148593651944518
2017-06-30,ES=F/YM=F,7.791935956938058,9.966462351697517,0.977162884156686,1.1530253293693973,0.004999944367076736,1.0273641050679492
2017-07-03,ES=F/YM=F,7.793586803371584,9.972827030614742,0.9821493172031984,1.1523719847883493,0.009566620189943364,2.1782070675863565
2017-07-04,ES=F/YM=F,7.793586803371584,9.972827030614742,0.9821493172031984,1.1523719847883493,0.009566620189943364,2.1278249524245765
2017-07-05,ES=F/YM=F,7.794823152179389,9.972173710324576,0.9821493172031984,1.1523719847883493,0.00748856617023641,1.5590787268977946
2017-07-06,ES=F/YM=F,7.786759426070275,9.96552294345558,0.9821493172031984,1.1523719847883493,0.010130211362390895,2.152657912626985
2017-07-07,ES=F/YM=F,7.7925553437649215,9.969743348313193,0.9821493172031984,1.1523719847883493,0.007671563042553231,1.5137201185484066
2017-07-10,ES=F/YM=F,7.793380596545407,9.969228475498804,0.9821493172031984,1.1523719847883493,0.006205692043565136,1.1611296020790625
2017-07-11,ES=F/YM=F,7.793380596545407,9.969602954742989,0.9821493172031984,1.1523719847883493,0.006580171287749792,1.2514254295569955
2017-07-12,ES=F/YM=F,7.799753318287247,9.97501720367505,0.9821493172031984,1.1523719847883493,0.0046506742176628535,0.8297262323323601
2017-07-13,ES=F/YM=F,7.802004879979412,9.976226731176434,0.9821493172031984,1.1523719847883493,0.003265565102973156,0.5364862130328877
2017-07-14,ES=F/YM=F,7.806289289267033,9.980217085394802,0.9821493172031984,1.1523719847883493,0.0023186860869195414,0.3367857652864368
2017-07-17,ES=F/YM=F,7.8073066868519945,9.979568576941464,0.9821493172031984,1.1523719847883493,0.0004977571592803542,-0.08522929379345776
2017-07-18,ES=F/YM=F,7.807001576247034,9.976738014275721,0.9821493172031984,1.1523719847883493,-0.0019812045930436284,-0.6698678457579047
2017-07-19,ES=F/YM=F,7.812580532747014,9.980263391338177,0.9821493172031984,1.1523719847883493,-0.004884860705518079,-1.3400760221270216
2017-07-20,ES=F/YM=F,7.812479374484827,9.979568576941464,0.9821493172031984,1.1523719847883493,-0.005463103154855986,-1.4305305196305402
2017-07-21,ES=F/YM=F,7.81177097998068,9.976645073153854,0.9821493172031984,1.1523719847883493,-0.007570272961709534,-1.868316495598922
2017-07-24,ES=F/YM=F,7.811365957698918,9.975761701406148,0.9821493172031984,1.1523719847883493,-0.007986908378697422,-1.8880277567520702
2017-07-25,ES=F/YM=F,7.813591552952433,9.978595025022933,0.9821493172031984,1.1523719847883493,-0.007718298381540478,-1.7496276836418223
2017-07-26,ES=F/YM=F,7.813288354203332,9.982575958855092,0.9821493172031984,1.1523719847883493,-0.0033879668050946776,-0.7297888877173047
2017-07-27,ES=F/YM=F,7.812782818577581,9.987047145635058,0.9821493172031984,1.1523719847883493,0.0016657850672974206,0.40686873146724173
2017-07-28,ES=F/YM=F,7.812074639075072,9.988517801720704,0.9821493172031984,1.1523719847883493,0.003952527371836823,0.9096961904784974
2017-07-31,ES=F/YM=F,7.811163385025279,9.991590000757673,0.9821493172031984,1.1523719847883493,0.008074830046812309,1.8000431493229474
2017-08-01,ES=F/YM=F,7.8128839461501,9.99442454752823,0.9699562933240243,1.1539707625952136,0.008628608797472737,1.8685177544512104
2017-08-02,ES=F/YM=F,7.813389430667764,9.996841274269336,0.9699562933240243,1.1539707625952136,0.010462021184251213,2.1791104018182588
2017-08-03,ES=F/YM=F,7.812681680777242,9.997615215260826,0.9699562933240243,1.1539707625952136,0.012052684856632467,2.387122102557355
2017-08-04,ES=F/YM=F,7.812782818577581,9.999570161213173,0.9699562933240243,1.1539707625952136,0.013890920744394464,2.604367533787469
2017-08-07,ES=F/YM=F,7.815005266204143,10.001611950529327,0.9699562933240243,1.1539707625952136,0.013368070478096072,2.3373446580136616
2017-08-08,ES=F/YM=F,7.81308617061995,10.000160439796389,0.9699562933240243,1.1539707625952136,0.014131139939943083,2.33845585423508
2017-08-09,ES=F/YM=F,7.813187267521416,9.999615579630348,0.9699562933240243,1.1539707625952136,0.013469616905421589,2.092474354721826
2017-08-10,ES=F/YM=F,7.798728202872002,9.991315262901649,0.9699562933240243,1.1539707625952136,0.021854638036620244,3.364133692353717
2017-08-11,ES=F/YM=F,7.799753318287247,9.99186466315354,0.9699562933240243,1.1539707625952136,0.021221085071033485,2.9519828497086698
2017-08-14,ES=F/YM=F,7.809338381984018,9.996613530525611,0.9699562933240243,1.1539707625952136,0.014909069179417145,1.823103541111404
2017-08-15,ES=F/YM=F,7.80943985846693,9.997751730926211,0.9699562933240243,1.1539707625952136,0.015930168685647672,1.8904134575252967
2017-08-16,ES=F/YM=F,7.810960771307637,9.999297607382104,0.9699562933240243,1.1539707625952136,0.015720956190907742,1.7796069257975724
2017-08-17,ES=F/YM=F,7.795440753845957,9.986587121705702,0.9699562933240243,1.1539707625952136,0.02092011690025153,2.390510555966076
2017-08-18,ES=F/YM=F,7.794308192592336,9.984099329028517,0.9699562933240243,1.1539707625952136,0.019739266796593213,2.1008358781612957
2017-08-21,ES=F/YM=F,7.794823152179389,9.984698807960951,0.9699562933240243,1.1539707625952136,0.019744497421649854,1.9969291712515969
2017-08-22,ES=F/YM=F,7.8049651230435,9.993602441978389,0.9699562933240243,1.1539707625952136,0.016944593586812218,1.5675806814367677
2017-08-23,ES=F/YM=F,7.800367883501715,9.989435864672492,0.9699562933240243,1.1539707625952136,0.01808309630078142,1.643432472911377
2017-08-24,ES=F/YM=F,7.800060648105781,9.989022840642392,0.9699562933240243,1.1539707625952136,0.01802461293482338,1.5731795480085722
2017-08-25,ES=F/YM=F,7.800777383916937,9.990078007617226,0.9699562933240243,1.1539707625952136,0.01825268773907851,1.5407841098682473
2017-08-28,ES=F/YM=F,7.801289023733676,9.989252319496922,0.9699562933240243,1.1539707625952136,0.016836582229277752,1.3245608523660621
2017-08-29,ES=F/YM=F,7.802618063442671,9.99305399589517,0.9699562933240243,1.1539707625952136,0.019104585661018803,1.5380664506359374
2017-08-30,ES=F/YM=F,7.806187492554979,9.992916837362552,0.8700938361920627,1.167054577783365,0.012576152948954089,0.751423312200692
2017-08-31,ES=F/YM=F,7.8119734296220225,9.996522418503318,0.8700938361920627,1.167054577783365,0.009429229748860735,0.36519654517072164
2017-09-01,ES=F/YM=F,7.8136925987768,9.997888227957612,0.8700938361920627,1.167054577783365,0.008788674971087929,0.2663910382146417
2017-09-04,ES=F/YM=F,7.8136925987768,9.997888227957612,0.8700938361920627,1.167054577783365,0.008788674971087929,0.24264276604367668
2017-09-05,ES=F/YM=F,7.807814997745875,9.988012507605816,0.8700938361920627,1.167054577783365,0.0057724358088169225,-0.14894506743342376
2017-09-06,ES=F/YM=F,7.810149905664181,9.990215556045952,0.8700938361920627,1.167054577783365,0.005250519274191845,-0.24064249892382464
2017-09-07,ES=F/YM=F,7.810555420673793,9.989848718184172,0.8700938361920627,1.167054577783365,0.004410423264085139,-0.3625209287807166
2017-09-08,ES=F/YM=F,7.808932373046244,9.990215556045952,0.8700938361920627,1.167054577783365,0.006671446289555405,-0.09259568960386742
2017-09-11,ES=F/YM=F,7.819033469032748,10.001203926042198,0.8700938361920627,1.167054577783365,0.005871285974123452,-0.21653532489731636
2017-09-12,ES=F/YM=F,7.822444729489319,10.004418271114568,0.8700938361920627,1.167054577783365,0.005104503914640901,-0.32788369377382043
2017-09-13,ES=F/YM=F,7.822645029940664,10.005547627727275,0.8700938361920627,1.167054577783365,0.006000098968673484,-0.21995151918147504
2017-09-14,ES=F/YM=F,7.822645029940664,10.008568028986636,0.8700938361920627,1.167054577783365,0.009020500228034578,0.1644280857096562
2017-09-15,ES=F/YM=F,7.822444729489319,10.011586083983477,0.8700938361920627,1.167054577783365,0.012272316783549897,0.5748154953219496
2017-09-18,ES=F/YM=F,7.825145406299593,10.012297113393403,0.8700938361920627,1.167054577783365,0.009831508958932034,0.23550793795559363
2017-09-19,ES=F/YM=F,7.825944208139372,10.0139550055621,0.8700938361920627,1.167054577783365,0.010557155783772032,0.31729563531358584
2017-09-20,ES=F/YM=F,7.826143808938438,10.015744234881796,0.8700938361920627,1.167054577783365,0.012113440077188287,0.5074644540700339
2017-09-21,ES=F/YM=F,7.824445930877619,10.013820684220475,0.8700938361920627,1.167054577783365,0.012171405779264788,0.49378064104722325
2017-09-22,ES=F/YM=F,7.823845990853625,10.012297113393403,0.8700938361920627,1.167054577783365,0.011347997703591517,0.3624010546745556
2017-09-25,ES=F/YM=F,7.822845290279774,10.01126514470956,0.8700938361920627,1.167054577783365,0.01148390120545173,0.36717191065821003
2017-09-26,ES=F/YM=F,7.822244388909664,10.010501700190611,0.8700938361920627,1.167054577783365,0.0114217413812856,0.33975233770023283
2017-09-27,ES=F/YM=F,7.825844392797672,10.012252267327517,0.8700938361920627,1.167054577783365,0.00897090750065388,-0.010044398901759411
2017-09-28,ES=F/YM=F,7.827141215763595,10.013238416495247,0.8177032460727749,1.173915229662673,0.007134892517179026,-0.26926505556661884
2017-09-29,ES=F/YM=F,7.830425617820331,10.014402613107283,0.8177032460727749,1.173915229662673,0.0044434795344763245,-0.6310004272949913
2017-10-02,ES=F/YM=F,7.834491268717831,10.021581650918597,0.8177032460727749,1.173915229662673,0.0068497878387230315,-0.290750497527572
2017-10-03,ES=F/YM=F,7.837060947933787,10.02605910492431,0.8177032460727749,1.173915229662673,0.008310656277478401,-0.09067488752719235
2017-10-04,ES=F/YM=F,7.838441891140024,10.02601487181582,0.8177032460727749,1.173915229662673,0.006645312907886947,-0.3131862801268643
2017-10-05,ES=F/YM=F,7.843848638152472,10.031880767304527,0.8177032460727749,1.173915229662673,0.0061641457357488605,-0.3761874750520772
2017-10-06,ES=F/YM=F,7.841885928984623,10.029855851350934,0.8177032460727749,1.173915229662673,0.006443283965692714,-0.338154485691997
2017-10-09,ES=F/YM=F,7.841394649190905,10.030604667595593,0.8177032460727749,1.173915229662673,0.007768821042223095,-0.15772358643291923
2017-10-10,ES=F/YM=F,7.843260229780096,10.033813814211703,0.8177032460727749,1.173915229662673,0.008787934192518776,-0.026046766826868305
2017-10-11,ES=F/YM=F,7.845024417241484,10.035217323214022,0.8177032460727749,1.173915229662673,0.008120436665935316,-0.1295561101913478
2017-10-12,ES=F/YM=F,7.84365254049521,10.034428091796723,0.8177032460727749,1.173915229662673,0.008941672254305644,-0.029942570820545154
2017-10-13,ES=F/YM=F,7.8449264884356475,10.035830739523842,0.8177032460727749,1.173915229662673,0.00884881309234764,-0.061944244873443806
2017-10-16,ES=F/YM=F,7.8462966197911115,10.038804849483757,0.8177032460727749,1.173915229662673,0.010214504987445139,0.10674247604552042
2017-10-17,ES=F/YM=F,7.846589975291186,10.041116787524166,0.8177032460727749,1.173915229662673,0.01218206853861048,0.3654760808850177
2017-10-18,ES=F/YM=F,7.847762537473608,10.048193773535386,0.8177032460727749,1.173915229662673,0.017882565946159446,1.2148773964203927
2017-10-19,ES=F/YM=F,7.847957830902605,10.048193773535386,0.8177032460727749,1.173915229662673,0.017653308015608715,1.1764286859319557
2017-10-20,ES=F/YM=F,7.853216388156072,10.055221027562059,0.8177032460727749,1.173915229662673,0.018507461596382058,1.334998399999859
2017-10-23,ES=F/YM=F,7.849128791223755,10.05311372649194,0.8177032460727749,1.173915229662673,0.021198652817831842,1.866610946133992
2017-10-24,ES=F/YM=F,7.850590566078404,10.060619498256424,0.8177032460727749,1.173915229662673,0.026988424818105372,2.9809900116891717
2017-10-25,ES=F/YM=F,7.847176428245146,10.056251557087757,0.8177032460727749,1.173915229662673,0.02662839204806744,2.7297028268931
2017-10-26,ES=F/YM=F,7.848348303379257,10.058309435627498,0.8177032460727749,1.173915229662673,0.02731058852061352,2.685575475321688
2017-10-27,ES=F/YM=F,7.854963113491014,10.059294003674328,0.7429619813057547,1.1836950414330205,0.018451134289980686,0.9888595838224633
2017-10-30,ES=F/YM=F,7.850980012096373,10.055822298839407,0.7429619813057547,1.1836950414330205,0.019694206825422,1.170505054452466
2017-10-31,ES=F/YM=F,7.852730644716201,10.057281025715545,0.7429619813057547,1.1836950414330205,0.019080718550098297,1.0313176838510163
2017-11-01,ES=F/YM=F,7.853507721005911,10.059294003674328,0.7429619813057547,1.1836950414330205,0.020173875157935228,1.1873327551596131
2017-11-02,ES=F/YM=F,7.854284193916902,10.06236987759632,0.7429619813057547,1.1836950414330205,0.02233064194538059,1.5150958424647736
2017-11-03,ES=F/YM=F,7.856610001729555,10.062583129041906,0.7429619813057547,1.1836950414330205,0.019790846215803626,1.0518743218351148
2017-11-06,ES=F/YM=F,7.858930412709794,10.064202355576024,0.7429619813057547,1.1836950414330205,0.01866341377852443,0.8465237546545938
2017-11-07,ES=F/YM=F,7.85815754048506,10.064244931414242,0.7429619813057547,1.1836950414330205,0.019620834636823403,0.9820844435020105
2017-11-08,ES=F/YM=F,7.85979918056211,10.064372648053766,0.7429619813057547,1.1836950414330205,0.01780535005732453,0.7013244299455591
2017-11-09,ES=F/YM=F,7.857093864902493,10.061174828371723,0.7429619813057547,1.1836950414330205,0.017809799107080693,0.7170865947799031
2017-11-10,ES=F/YM=F,7.8553508606847045,10.059721774566764,0.7429619813057547,1.1836950414330205,0.01841993075191617,0.8060542765097206
2017-11-13,ES=F/YM=F,7.856319571406588,10.060747678734712,0.7429619813057547,1.1836950414330205,0.01829917684178639,0.77700232436541
2017-11-14,ES=F/YM=F,7.8547691834991324,10.059422354156888,0.7429619813057547,1.1836950414330205,0.01880903874231521,0.8495995232694101
2017-11-15,ES=F/YM=F,7.84971375760487,10.054576406898985,0.7429619813057547,1.1836950414330205,0.019947174047782568,1.0441917806537997
2017-11-16,ES=F/YM=F,7.85748078694253,10.061516416761037,0.7429619813057547,1.1836950414330205,0.0176933897961824,0.6782009353234059
2017-11-17,ES=F/YM=F,7.854090132204669,10.056895099165441,0.7429619813057547,1.1836950414330205,0.017085573401004694,0.5877417298209928
2017-11-20,ES=F/YM=F,7.856319571406588,10.060277603300317,0.7429619813057547,1.1836950414330205,0.01782910140739169,0.7081494997578023
2017-11-21,ES=F/YM=F,7.861823375190322,10.06658381534495,0.7429619813057547,1.1836950414330205,0.017620488204199702,0.6752127951308539
2017-11-22,ES=F/YM=F,7.861149098807794,10.064117198461096,0.7429619813057547,1.1836950414330205,0.01595200893089732,0.40513616234694905
2017-11-23,ES=F/YM=F,7.861149098807794,10.064117198461096,0.7429619813057547,1.1836950414330205,0.01595200893089732,0.4125680226650981
2017-11-24,ES=F/YM=F,7.8636512654486515,10.065478842856832,0.7429619813057547,1.1836950414330205,0.014351851081011446,0.15358805297071854
2017-11-27,ES=F/YM=F,7.8639395745179685,10.067390523806065,0.6451849679894555,1.1964853551922245,0.013117020789286116,-0.036309067963953535
2017-11-28,ES=F/YM=F,7.873217054862741,10.077902937758985,0.6451849679894555,1.1964853551922245,0.012529065376602588,-0.1345817070487264
2017-11-29,ES=F/YM=F,7.872836175025724,10.082386592528753,0.6451849679894555,1.1964853551922245,0.017468437293448602,0.6731654529436362
2017-11-30,ES=F/YM=F,7.881559917056899,10.097161097666307,0.6451849679894555,1.1964853551922245,0.02180511284822728,1.3688651320938576
2017-12-01,ES=F/YM=F,7.880048200971577,10.095676928528432,0.6451849679894555,1.1964853551922245,0.02212968986764885,1.375318802851817
2017-12-04,ES=F/YM=F,7.8778710975512,10.098437369479555,0.6451849679894555,1.1964853551922245,0.02749500317799125,2.210974943818658
2017-12-05,ES=F/YM=F,7.87407350445594,10.093074320321495,0.6451849679894555,1.1964853551922245,0.026675718543389237,1.9775060857702076
2017-12-06,ES=F/YM=F,7.874453913400138,10.092329472153317,0.6451849679894555,1.1964853551922245,0.025475716644494995,1.7122510156404156
2017-12-07,ES=F/YM=F,7.878344784263671,10.095388084110406,0.6451849679894555,1.1964853551922245,0.023878958594421462,1.3979393085344336
2017-12-08,ES=F/YM=F,7.8826922062890254,10.098972095856363,0.6451849679894555,1.1964853551922245,0.022261343554202284,1.100267737540997
2017-12-11,ES=F/YM=F,7.886645152612812,10.102379394048045,0.6451849679894555,1.1964853551922245,0.020938999359612964,0.858966334771166
2017-12-12,ES=F/YM=F,7.887959336599945,10.10748905832197,0.6451849679894555,1.1964853551922245,0.024476261738906047,1.4054452338350891
2017-12-13,ES=F/YM=F,7.888522030040657,10.111598681016376,0.6451849679894555,1.1964853551922245,0.02791262997203603,1.9120225536678175
2017-12-14,ES=F/YM=F,7.883540582641932,10.107937461403084,0.6451849679894555,1.1964853551922245,0.030211639218979514,2.186940680889245
2017-12-15,ES=F/YM=F,7.888615781505592,10.113328642129094,0.6451849679894555,1.1964853551922245,0.029530418829931904,1.9727769821962866
2017-12-18,ES=F/YM=F,7.898967937373551,10.11952592172029,0.6451849679894555,1.1964853551922245,0.023341495530447176,0.959130481323147
2017-12-19,ES=F/YM=F,7.895063498091573,10.11759035919819,0.6451849679894555,1.1964853551922245,0.02607753742947061,1.3371572141571075
2017-12-20,ES=F/YM=F,7.89413161842298,10.116136224757685,0.6451849679894555,1.1964853551922245,0.025738383365238704,1.242014612275233
2017-12-21,ES=F/YM=F,7.8964596913653375,10.117711441675684,0.6451849679894555,1.1964853551922245,0.024528095101889136,1.0241012982740803
2017-12-22,ES=F/YM=F,7.895808377083183,10.117227023775044,0.6451849679894555,1.1964853551922245,0.02482296520147287,1.035308113619572
2017-12-25,ES=F/YM=F,7.895808377083183,10.117227023775044,0.6451849679894555,1.1964853551922245,0.02482296520147287,1.0029364914590566
2017-12-26,ES=F/YM=F,7.8961806086154915,10.118276299467585,0.5217692639150735,1.2126173658412787,0.02146130572620919,0.47764894890587456
2017-12-27,ES=F/YM=F,7.895622209345514,10.118114944081999,0.5217692639150735,1.2126173658412787,0.02197707499247059,0.5309283695517599
2017-12-28,ES=F/YM=F,7.895715297546651,10.118477957093951,0.5217692639150735,1.2126173658412787,0.02222720763516861,0.5457523146800024
2017-12-29,ES=F/YM=F,7.892078421248119,10.115974523661809,0.5217692639150735,1.2126173658412787,0.024133913560044462,0.8263185050255233
2018-01-01,ES=F/YM=F,7.892078421248119,10.115974523661809,0.5217692639150735,1.2126173658412787,0.024133913560044462,0.8013051973716853
2018-01-02,ES=F/YM=F,7.898411092811599,10.117307776389454,0.5217692639150735,1.2126173658412787,0.017788058777645332,-0.2868855548488237
2018-01-03,ES=F/YM=F,7.905072849498666,10.12173915776991,0.5217692639150735,1.2126173658412787,0.014141278312354899,-0.9707092129044851
2018-01-04,ES=F/YM=F,7.90976488625883,10.12874885982134,0.5217692639150735,1.2126173658412787,0.01546133510724168,-0.7897520079746007
2018-01-05,ES=F/YM=F,7.916625192149385,10.137333626983473,0.5217692639150735,1.2126173658412787,0.015727176211505878,-0.7908617388340506
2018-01-08,ES=F/YM=F,7.9181736735809904,10.136581434703507,0.5217692639150735,1.2126173658412787,0.013097268456892408,-1.349280429716559
2018-01-09,ES=F/YM=F,7.920174037950512,10.141440895503818,0.5217692639150735,1.2126173658412787,0.015531052684711,-0.9180283631705163
2018-01-10,ES=F/YM=F,7.9195379923155125,10.140573455973044,0.5217692639150735,1.2126173658412787,0.015434893136404781,-0.9924088671381831
2018-01-11,ES=F/YM=F,7.926422077473158,10.14858827120238,0.5217692639150735,1.2126173658412787,0.015101947155649498,-1.125847269160226
2018-01-12,ES=F/YM=F,7.933348745746742,10.158168529848494,0.5217692639150735,1.2126173658412787,0.016282807565794144,-0.9140954909510275
2018-01-15,ES=F/YM=F,7.933348745746742,10.158168529848494,0.5217692639150735,1.2126173658412787,0.016282807565794144,-0.9479077678551019
2018-01-16,ES=F/YM=F,7.9311050831497,10.158865933983696,0.5217692639150735,1.2126173658412787,0.019700915929258045,-0.16665928933241825
2018-01-17,ES=F/YM=F,7.938713085834418,10.169613962022192,0.5217692639150735,1.2126173658412787,0.021223347792897584,0.1700600655750005
2018-01-18,ES=F/YM=F,7.93603451280434,10.16358000762854,0.5217692639150735,1.2126173658412787,0.018437477571191963,-0.4708950360938912
2018-01-19,ES=F/YM=F,7.941295570906532,10.167619484527648,0.5217692639150735,1.2126173658412787,0.016097304052882677,-0.9898398136651402
2018-01-22,ES=F/YM=F,7.94988539569544,10.17332383184232,0.5217692639150735,1.2126173658412787,0.011385480658990588,-2.038366240793654
2018-01-23,ES=F/YM=F,7.951383259317487,10.173552856959743,0.5217692639150735,1.2126173658412787,0.009798170336656753,-2.311515279865177
2018-01-24,ES=F/YM=F,7.951911381854188,10.176182882679585,0.4346613314351682,1.2239956095595073,0.008416932248616504,-2.5114903367492434
2018-01-25,ES=F/YM=F,7.951999375166753,10.180209784751566,0.4346613314351682,1.2239956095595073,0.012336130892348862,-1.5356501739452202
2018-01-26,ES=F/YM=F,7.963634025063346,10.188816859404312,0.4346613314351682,1.2239956095595073,0.006702445152901859,-2.649784311932206
2018-01-29,ES=F/YM=F,7.956301589976762,10.182255007598334,0.4346613314351682,1.2239956095595073,0.009115461700282879,-2.001022390509281
2018-01-30,ES=F/YM=F,7.946086636765317,10.167964967343314,0.4346613314351682,1.2239956095595073,0.007328479327927795,-2.247828116075254
2018-01-31,ES=F/YM=F,7.946529095070841,10.171068953280907,0.4346613314351682,1.2239956095595073,0.009890898242145951,-1.6547616509613654
2018-02-01,ES=F/YM=F,7.945378296023817,10.17244541598963,0.4346613314351682,1.2239956095595073,0.012675933931911132,-1.0907483336184292
2018-02-02,ES=F/YM=F,7.921807728638788,10.1436062080563,0.4346613314351682,1.2239956095595073,0.012686996992682609,-1.061668116635746
2018-02-05,ES=F/YM=F,7.866243059556081,10.083222433433315,0.4346613314351682,1.2239956095595073,0.020314133373558363,0.3154643717744603
2018-02-06,ES=F/YM=F,7.8988751514769415,10.118598932153073,0.4346613314351682,1.2239956095595073,0.015749094851441825,-0.498432602943485
2018-02-07,ES=F/YM=F,7.889178105794074,10.115974523661809,0.4346613314351682,1.2239956095595073,0.024993827701704774,1.1388266667223443
2018-02-08,ES=F/YM=F,7.860763593791455,10.08455832742843,0.4346613314351682,1.2239956095595073,0.028356869407309304,1.6962366830907265
2018-02-09,ES=F/YM=F,7.870547844507712,10.092743345182981,0.4346613314351682,1.2239956095595073,0.024566007242331267,0.9843343165103732
2018-02-12,ES=F/YM=F,7.884294091201649,10.109810426119994,0.4346613314351682,1.2239956095595073,0.024807742578042635,1.0023282367896842
2018-02-13,ES=F/YM=F,7.886739080194715,10.111558074352816,0.4346613314351682,1.2239956095595073,0.023562735017931047,0.7723223781372034
2018-02-14,ES=F/YM=F,7.89989532313973,10.121136033568359,0.4346613314351682,1.2239956095595073,0.01703751063047676,-0.3390914030297199
2018-02-15,ES=F/YM=F,7.913521017283895,10.135947570487687,0.4346613314351682,1.2239956095595073,0.015171257740147936,-0.6513982331134975
2018-02-16,ES=F/YM=F,7.913886714856082,10.1360268254907,0.4346613314351682,1.2239956095595073,0.014802900520377804,-0.7038601129033545
2018-02-19,ES=F/YM=F,7.913886714856082,10.1360268254907,0.4346613314351682,1.2239956095595073,0.014802900520377804,-0.693951916816089
2018-02-20,ES=F/YM=F,7.906178840394815,10.124548937646013,0.4346613314351682,1.2239956095595073,0.01275941717531559,-1.0289116604700146
2018-02-21,ES=F/YM=F,7.900543981829017,10.117872862176439,0.4346613314351682,1.2239956095595073,0.012980383850766941,-0.9774853977271817
2018-02-22,ES=F/YM=F,7.905257266281115,10.127150968697189,0.37191289845324,1.2321953513840946,0.014416815237021652,-0.7346419091797219
2018-02-23,ES=F/YM=F,7.918901541868971,10.139112881352395,0.37191289845324,1.2321953513840946,0.009566314939867482,-1.5401170601969
2018-02-26,ES=F/YM=F,7.931823603029724,10.156500537452615,0.37191289845324,1.2321953513840946,0.01103146734750915,-1.277789344371918
2018-02-27,ES=F/YM=F,7.918446686277776,10.143645534009467,0.37191289845324,1.2321953513840946,0.014659438541961833,-0.6605179581782625
2018-02-28,ES=F/YM=F,7.906363053345506,10.128149949819608,0.37191289845324,1.2321953513840946,0.01405325067907981,-0.7389391988821331
2018-03-01,ES=F/YM=F,7.8929188751426675,10.111314399738445,0.37191289845324,1.2321953513840946,0.013783554482632354,-0.7604734130548404
2018-03-02,ES=F/YM=F,7.897389405080502,10.107855948524003,0.37191289845324,1.2321953513840946,0.004816537060566617,-2.195164470692205
2018-03-05,ES=F/YM=F,7.907835536585975,10.121176253167373,0.37191289845324,1.2321953513840946,0.0052651670229462155,-2.0211746197538862
2018-03-06,ES=F/YM=F,7.909856667269403,10.120693511183584,0.37191289845324,1.2321953513840946,0.002291997206496532,-2.3963075091386776
2018-03-07,ES=F/YM=F,7.9095812989625545,10.118397298923234,0.37191289845324,1.2321953513840946,0.0003350924937652877,-2.5552702093477597
2018-03-08,ES=F/YM=F,7.915439439285502,10.122301745689109,0.37191289845324,1.2321953513840946,-0.002978834014053078,-2.871206039852759
2018-03-09,ES=F/YM=F,7.931644021454311,10.13994211791001,0.37191289845324,1.2321953513840946,-0.005305672612678336,-2.972236178711533
2018-03-12,ES=F/YM=F,7.931644021454311,10.13491668343711,0.37191289845324,1.2321953513840946,-0.010331107085578495,-3.3939026179680503
2018-03-13,ES=F/YM=F,7.926060936263021,10.127710521069902,0.37191289845324,1.2321953513840946,-0.010657817833697791,-3.141691693568885
2018-03-14,ES=F/YM=F,7.919265277437226,10.117388522483406,0.37191289845324,1.2321953513840946,-0.01260623720545695,-3.140969146736759
2018-03-15,ES=F/YM=F,7.919901496499813,10.122904167442703,0.37191289845324,1.2321953513840946,-0.007874538417540933,-2.397161244942237
2018-03-16,ES=F/YM=F,7.9203556909937,10.12178618302786,0.37191289845324,1.2321953513840946,-0.009552179176377962,-2.4375978580748874
2018-03-19,ES=F/YM=F,7.909397677955796,10.114194083746655,0.37191289845324,1.2321953513840946,-0.0036418657318701975,-1.7033330102531479
2018-03-20,ES=F/YM=F,7.909673096823729,10.117186645022338,0.37191289845324,1.2321953513840946,-0.0009886743049385416,-1.37374927399243
2018-03-21,ES=F/YM=F,7.907743569877859,10.115651043007174,0.37191289845324,1.2321953513840946,-0.00014672218702926898,-1.2445569382050212
2018-03-22,ES=F/YM=F,7.8797644996126355,10.084266253072569,0.37191289845324,1.2321953513840946,0.002944168195222474,-0.8949801180174652
2018-03-23,ES=F/YM=F,7.862400964732756,10.06951033636058,0.3676378829617018,1.2327545524458405,0.009461870970003616,-0.2053681529293558
2018-03-26,ES=F/YM=F,7.885893414182372,10.093735942146068,0.3676378829617018,1.2327545524458405,0.004727052748375371,-0.672116513699661
2018-03-27,ES=F/YM=F,7.8693061422611565,10.079916783625245,0.3676378829617018,1.2327545524458405,0.011355929201087633,0.03451285353158253
2018-03-28,ES=F/YM=F,7.866147186874928,10.079958695651907,0.3676378829617018,1.2327545524458405,0.015292057861095998,0.46277261350447574
2018-03-29,ES=F/YM=F,7.879669914604289,10.091915427761844,0.3676378829617018,1.2327545524458405,0.010578585801177098,-0.013661239668776302
2018-03-30,ES=F/YM=F,7.879669914604289,10.091915427761844,0.3676378829617018,1.2327545524458405,0.010578585801177098,0.009215156148112323
2018-04-02,ES=F/YM=F,7.853604813097837,10.066966021528604,0.3676378829617018,1.2327545524458405,0.017761052109978692,0.7968691905962563
2018-04-03,ES=F/YM=F,7.868349936412817,10.085142220342378,0.3676378829617018,1.2327545524458405,0.01776013303083701,0.7876037505992654
2018-04-04,ES=F/YM=F,7.881182202227102,10.096790261839317,0.3676378829617018,1.2327545524458405,0.013589140427020752,0.33428166555882854
2018-04-05,ES=F/YM=F,7.886739080194715,10.105121420362455,0.3676378829617018,1.2327545524458405,0.015070032338195816,0.4975768923518479
2018-04-06,ES=F/YM=F,7.865475820619432,10.082721012730849,0.3676378829617018,1.2327545524458405,0.018882004747858616,0.9025270905383189
2018-04-09,ES=F/YM=F,7.870547844507712,10.086308984371733,0.3676378829617018,1.2327545524458405,0.016217415850352523,0.6084127202789331
2018-04-10,ES=F/YM=F,7.884199933676039,10.100328195429285,0.3676378829617018,1.2327545524458405,0.013406951835250425,0.3065789558522751
2018-04-11,ES=F/YM=F,7.878912912297133,10.092743345182981,0.3676378829617018,1.2327545524458405,0.012339701262673586,0.19573987294776862
2018-04-12,ES=F/YM=F,7.88758403166028,10.10475352533102,0.3676378829617018,1.2327545524458405,0.013660519540991345,0.34456512445058574
2018-04-13,ES=F/YM=F,7.885047032413691,10.099712014499074,0.3676378829617018,1.2327545524458405,0.011746506079829189,0.14419576071961512
2018-04-16,ES=F/YM=F,7.894224845477539,10.108996524638528,0.3676378829617018,1.2327545524458405,0.009717025383327638,-0.06073509154899528
2018-04-17,ES=F/YM=F,7.903411566237033,10.11484188327536,0.3676378829617018,1.2327545524458405,0.004237412181845812,-0.6417497733232238
2018-04-18,ES=F/YM=F,7.90461165869586,10.115893663307597,0.3676378829617018,1.2327545524458405,0.0038097727721080332,-0.6663926805206207
2018-04-19,ES=F/YM=F,7.898411092811599,10.112004656988175,0.3676378829617018,1.2327545524458405,0.007564542274247188,-0.23215578984821095
2018-04-20,ES=F/YM=F,7.890395391397826,10.10368995654877,0.3676378829617018,1.2327545524458405,0.009131234243717756,-0.053121953834585726
2018-04-23,ES=F/YM=F,7.8903018066333575,10.102912017229745,0.3350132757917118,1.2370226485681022,0.007416702594756686,-0.24054818196638744
2018-04-24,ES=F/YM=F,7.876733333135299,10.085142220342378,0.3350132757917118,1.2370226485681022,0.006431414730984741,-0.3470658529104836
2018-04-25,ES=F/YM=F,7.8802372905060345,10.089053839494971,0.3350132757917118,1.2370226485681022,0.006008559256359902,-0.3831876670725534
2018-04-26,ES=F/YM=F,7.891517725971305,10.098889848868613,0.3350132757917118,1.2370226485681022,0.0018904144737508233,-0.8343725725746753
2018-04-27,ES=F/YM=F,7.890395391397826,10.097531796025063,0.3350132757917118,1.2370226485681022,0.001920714916865407,-0.8139586841988341
2018-04-30,ES=F/YM=F,7.881182202227102,10.091252599948522,0.3350132757917118,1.2370226485681022,0.0070384425100531445,-0.24405897583932867
2018-05-01,ES=F/YM=F,7.883163615339381,10.088763075406442,0.3350132757917118,1.2370226485681022,0.0020978650719136738,-0.776138588324071
2018-05-02,ES=F/YM=F,7.8737881027511065,10.078490728522404,0.3350132757917118,1.2370226485681022,0.003423239601506367,-0.6116243558268023
2018-05-03,ES=F/YM=F,7.875404303131434,10.082052060452371,0.3350132757917118,1.2370226485681022,0.004985295056384231,-0.42577882005206924
2018-05-04,ES=F/YM=F,7.887208585813932,10.095264268100838,0.3350132757917118,1.2370226485681022,0.003595337676500776,-0.556012181054
2018-05-07,ES=F/YM=F,7.8898337513942955,10.098272780745283,0.3350132757917118,1.2370226485681022,0.0033564610417951,-0.562478299783029
2018-05-08,ES=F/YM=F,7.889927379969805,10.098519653689262,0.3350132757917118,1.2370226485681022,0.0034875133173155604,-0.5234837187401613
2018-05-09,ES=F/YM=F,7.899524472032198,10.106510025854115,0.3350132757917118,1.2370226485681022,-0.000393934759404857,-0.9550431873530174
2018-05-10,ES=F/YM=F,7.907927494836994,10.114234583513786,0.3350132757917118,1.2370226485681022,-0.003064106625700447,-1.2536967099442493
2018-05-11,ES=F/YM=F,7.911873721221812,10.11952592172029,0.3350132757917118,1.2370226485681022,-0.00265433983359209,-1.1802428755145467
2018-05-14,ES=F/YM=F,7.912423121473705,10.122060675335577,0.3350132757917118,1.2370226485681022,-0.0007992067730278052,-0.9225166033509291
2018-05-15,ES=F/YM=F,7.904334842085095,10.112937776718335,0.3350132757917118,1.2370226485681022,8.327940138741496e-05,-0.7814455410061948
2018-05-16,ES=F/YM=F,7.909489492673759,10.11617664594648,0.3350132757917118,1.2370226485681022,-0.003054270894100597,-1.1581589220712472
2018-05-17,ES=F/YM=F,7.907927494836994,10.114720452824503,0.3350132757917118,1.2370226485681022,-0.0025782373149834115,-1.0609226850111846
2018-05-18,ES=F/YM=F,7.905810312658931,10.115408363827857,0.3350132757917118,1.2370226485681022,0.0007286759937787934,-0.6026041310100371
2018-05-21,ES=F/YM=F,7.913155185928068,10.126711100650509,0.3350132757917118,1.2370226485681022,0.002945638231645731,-0.2940686759106837
2018-05-22,ES=F/YM=F,7.9105906122564775,10.12041180403642,0.3298421011906976,1.23769919001382,-0.00036189047504642247,-0.7065218742085195
2018-05-23,ES=F/YM=F,7.912331575723653,10.120975138994181,0.3298421011906976,1.23769919001382,-0.001953344590452488,-0.890850854288343
2018-05-24,ES=F/YM=F,7.911140717707226,10.118719892579001,0.3298421011906976,1.23769919001382,-0.0027346670032795117,-0.9666162972382063
2018-05-25,ES=F/YM=F,7.907743569877859,10.115772360515463,0.3298421011906976,1.23769919001382,-0.0014775519500531686,-0.7721574102741768
2018-05-28,ES=F/YM=F,7.907743569877859,10.115772360515463,0.3298421011906976,1.23769919001382,-0.0014775519500531686,-0.7463145625580498
2018-05-29,ES=F/YM=F,7.89813255420899,10.101395343782077,0.3298421011906976,1.23769919001382,-0.003959022374870003,-1.0521003738329664
2018-05-30,ES=F/YM=F,7.910040204023153,10.113302673639005,0.3298421011906976,1.23769919001382,-0.0067897810478996234,-1.4004940001279287
2018-05-31,ES=F/YM=F,7.9030420170827895,10.10303488999515,0.3298421011906976,1.23769919001382,-0.008395914384101033,-1.5676017534506075
2018-06-01,ES=F/YM=F,7.913429571990978,10.111679889397125,0.3298421011906976,1.23769919001382,-0.012607583278215984,-2.05736289641024
2018-06-04,ES=F/YM=F,7.917718486718927,10.11843762882181,0.3298421011906976,1.23769919001382,-0.011158230138351044,-1.7797810360803092
2018-06-05,ES=F/YM=F,7.919901496499813,10.119485635689466,0.3298421011906976,1.23769919001382,-0.012812132708290846,-1.9185136802104872
2018-06-06,ES=F/YM=F,7.927414543833326,10.132215482144238,0.3298421011906976,1.23769919001382,-0.009381178852741812,-1.4421057739499923
2018-06-07,ES=F/YM=F,7.927414543833326,10.137294052018591,0.3298421011906976,1.23769919001382,-0.004302608978388633,-0.8186980953479189
2018-06-08,ES=F/YM=F,7.929756465278406,10.1388363162887,0.3298421011906976,1.23769919001382,-0.005658938983932771,-1.004711768501565
2018-06-11,ES=F/YM=F,7.931284761525891,10.139705263337609,0.3298421011906976,1.23769919001382,-0.006681562962636889,-1.1519626859091665
2018-06-12,ES=F/YM=F,7.931644021454311,10.138401559449253,0.3298421011906976,1.23769919001382,-0.008429922573402138,-1.4013960774486736
2018-06-13,ES=F/YM=F,7.928135719380673,10.13396415121713,0.3298421011906976,1.23769919001382,-0.008525108170660545,-1.4099696649152655
2018-06-14,ES=F/YM=F,7.931374588608817,10.134003858179751,0.3298421011906976,1.23769919001382,-0.012494147028272451,-1.9093082944984734
2018-06-15,ES=F/YM=F,7.928946420681662,10.12896158928339,0.3298421011906976,1.23769919001382,-0.014531074447976522,-2.09526936915523
2018-06-18,ES=F/YM=F,7.930116274583359,10.127270899137677,0.3298421011906976,1.23769919001382,-0.01766969182025413,-2.372069685031106
2018-06-19,ES=F/YM=F,7.9252478913652595,10.11516562574106,0.3298421011906976,1.23769919001382,-0.02374937125115295,-2.9274459024787918
2018-06-20,ES=F/YM=F,7.927324360309794,10.113343209523402,0.3542058877514784,1.2345181837380221,-0.027288749419900782,-3.0761215943716733
2018-06-21,ES=F/YM=F,7.920264868596835,10.10528488583074,0.3542058877514784,1.2345181837380221,-0.026632002224967977,-2.760444083432767
2018-06-22,ES=F/YM=F,7.922804782879556,10.1104610706877,0.3542058877514784,1.2345181837380221,-0.02459138773516223,-2.3723706780680742
2018-06-25,ES=F/YM=F,7.909214023226171,10.097367058163812,0.3542058877514784,1.2345181837380221,-0.020907360336133607,-1.906508853970585
2018-06-26,ES=F/YM=F,7.9115072866262866,10.098355078498601,0.3542058877514784,1.2345181837380221,-0.022750415368888,-1.9957907446035736
2018-06-27,ES=F/YM=F,7.902857191280582,10.091418348094594,0.3542058877514784,1.2345181837380221,-0.019008445777554783,-1.5780564962220072
2018-06-28,ES=F/YM=F,7.908203318863015,10.094934017107084,0.3542058877514784,1.2345181837380221,-0.02209266847816238,-1.7866813787014288
2018-06-29,ES=F/YM=F,7.908938477874255,10.096790261839317,0.3542058877514784,1.2345181837380221,-0.02114399091324337,-1.646610416502553
2018-07-02,ES=F/YM=F,7.911049054477866,10.097655331613764,0.3542058877514784,1.2345181837380221,-0.02288446633412633,-1.7487414313980025
2018-07-03,ES=F/YM=F,7.905902457326125,10.092577816525454,0.3542058877514784,1.2345181837380221,-0.02160841365423849,-1.5766223802746229
2018-07-04,ES=F/YM=F,7.905902457326125,10.092577816525454,0.3542058877514784,1.2345181837380221,-0.02160841365423849,-1.5283752091639067
2018-07-05,ES=F/YM=F,7.915165604223776,10.09999961284942,0.3542058877514784,1.2345181837380221,-0.02562214061405932,-1.8427816787605655
2018-07-06,ES=F/YM=F,7.924072324923417,10.104630863570671,0.3542058877514784,1.2345181837380221,-0.03198639855398966,-2.340214311435722
2018-07-09,ES=F/YM=F,7.9329004157683745,10.117549995114146,0.3542058877514784,1.2345181837380221,-0.02996570568630652,-2.058328118139051
2018-07-10,ES=F/YM=F,7.93621330772704,10.123706832333092,0.3542058877514784,1.2345181837380221,-0.027898693831092558,-1.8012322324565573
2018-07-11,ES=F/YM=F,7.928045600874777,10.114113079291366,0.3542058877514784,1.2345181837380221,-0.02740926424425716,-1.7022236194646214
2018-07-12,ES=F/YM=F,7.936838838331414,10.122382089560922,0.3542058877514784,1.2345181837380221,-0.029995665508845804,-1.8646538046556727
2018-07-13,ES=F/YM=F,7.93853473734099,10.126791091051704,0.3542058877514784,1.2345181837380221,-0.027680282183169425,-1.6025992748845181
2018-07-16,ES=F/YM=F,7.936123914261643,10.128269760518846,0.3542058877514784,1.2345181837380221,-0.023225407786798158,-1.1769067882992212
2018-07-17,ES=F/YM=F,7.941384503273525,10.130862140378154,0.3542058877514784,1.2345181837380221,-0.02712732071983126,-1.4604842598836538
2018-07-18,ES=F/YM=F,7.943072717277933,10.133050455652521,0.3542058877514784,1.2345181837380221,-0.027023136331946418,-1.4058864778247182
2018-07-19,ES=F/YM=F,7.939247940544976,10.128988323424016,0.42127105126797953,1.2257622501074723,-0.023913147607489194,-1.1086689503782063
2018-07-20,ES=F/YM=F,7.9376425174388325,10.12783038442582,0.42127105126797953,1.2257622501074723,-0.0231032195667229,-1.0094101424340056
2018-07-23,ES=F/YM=F,7.941651252930556,10.127950233416236,0.42127105126797953,1.2257622501074723,-0.027897127212728634,-1.3829277362759436
2018-07-24,ES=F/YM=F,7.944846711001996,10.135154674791215,0.42127105126797953,1.2257622501074723,-0.024609557713521468,-1.064379332675346
2018-07-25,ES=F/YM=F,7.951999375166753,10.142622556268384,0.42127105126797953,1.2257622501074723,-0.025909141957207282,-1.1414561149391802
2018-07-26,ES=F/YM=F,7.952439225624691,10.147413643032866,0.42127105126797953,1.2257622501074723,-0.02165720727975895,-0.7460205243972213
2018-07-27,ES=F/YM=F,7.943605245913932,10.14305548226448,0.42127105126797953,1.2257622501074723,-0.015187009200481327,-0.16221648399790758
2018-07-30,ES=F/YM=F,7.93853473734099,10.137966613514083,0.42127105126797953,1.2257622501074723,-0.01406063995331941,-0.04176403432464406
2018-07-31,ES=F/YM=F,7.943427767876373,10.142307583235345,0.42127105126797953,1.2257622501074723,-0.015717362350953223,-0.16576059838723875
2018-08-01,ES=F/YM=F,7.941206630629869,10.138124797561552,0.42127105126797953,1.2257622501074723,-0.017177561835675093,-0.2732339086966325
2018-08-02,ES=F/YM=F,7.947501814783211,10.138757283648179,0.42127105126797953,1.2257622501074723,-0.024261474841688724,-0.9105805170635684
2018-08-03,ES=F/YM=F,7.951383259317487,10.142898076314209,0.42127105126797953,1.2257622501074723,-0.024878410361660386,-0.9431423460066535
2018-08-06,ES=F/YM=F,7.955074273262696,10.145178041136916,0.42127105126797953,1.2257622501074723,-0.027122751097611086,-1.1349864146576811
2018-08-07,ES=F/YM=F,7.9584894874057825,10.150347630467653,0.42127105126797953,1.2257622501074723,-0.02613940233950096,-1.0062134340442372
2018-08-08,ES=F/YM=F,7.956914683930717,10.147844500249535,0.42127105126797953,1.2257622501074723,-0.02671219790654611,-1.03156604919658
2018-08-09,ES=F/YM=F,7.956389197844005,10.146159183657883,0.42127105126797953,1.2257622501074723,-0.027753393490151268,-1.1033218909190434
2018-08-10,ES=F/YM=F,7.950414309671099,10.139784221095251,0.42127105126797953,1.2257622501074723,-0.026804563681819715,-0.9778660630086371
2018-08-13,ES=F/YM=F,7.946440619069898,10.135194334510826,0.42127105126797953,1.2257622501074723,-0.026523650333686533,-0.922748850921354
2018-08-14,ES=F/YM=F,7.951911381854188,10.138322492439922,0.42127105126797953,1.2257622501074723,-0.030101346904865878,-1.2622301996442349
2018-08-15,ES=F/YM=F,7.944935328131746,10.134083267375377,0.42127105126797953,1.2257622501074723,-0.025789588661719876,-0.7808318136786052
2018-08-16,ES=F/YM=F,7.953230469237118,10.150035081629355,0.42127105126797953,1.2257622501074723,-0.02000564523402204,-0.14255026725144967
2018-08-17,ES=F/YM=F,7.955863435476479,10.153234085644872,0.48508859124548737,1.217438265610138,-0.017627087918212325,0.15628792436106667
2018-08-20,ES=F/YM=F,7.958052290704026,10.156500537452615,0.48508859124548737,1.217438265610138,-0.017025432222366632,0.263219189021594
2018-08-21,ES=F/YM=F,7.959188604798586,10.15840105193914,0.48508859124548737,1.217438265610138,-0.016508309996309478,0.3624391457618121
2018-08-22,ES=F/YM=F,7.959013871266777,10.154907530801994,0.48508859124548737,1.217438265610138,-0.019789103845546663,-0.003283558328539244
2018-08-23,ES=F/YM=F,7.957877358489813,10.153117229086165,0.48508859124548737,1.217438265610138,-0.0201957714173453,-0.01838002304781724
2018-08-24,ES=F/YM=F,7.964416463703568,10.157819645306354,0.48508859124548737,1.217438265610138,-0.023454312107233477,-0.4202492466439933
2018-08-27,ES=F/YM=F,7.971948640779788,10.168808978749206,0.48508859124548737,1.217438265610138,-0.021634939260321673,-0.13753215648395148
2018-08-28,ES=F/YM=F,7.972207361836813,10.169115715456494,0.48508859124548737,1.217438265610138,-0.02164317946797567,-0.1089235184985405
2018-08-29,ES=F/YM=F,7.977539331813401,10.171489740158565,0.48508859124548737,1.217438265610138,-0.025760499046487695,-0.6971612659365258
2018-08-30,ES=F/YM=F,7.973155433444133,10.166236358442697,0.48508859124548737,1.217438265610138,-0.025676755135062734,-0.6597418599633554
2018-08-31,ES=F/YM=F,7.973155433444133,10.165390172000421,0.48508859124548737,1.217438265610138,-0.0265229415773387,-0.765310430606252
2018-09-03,ES=F/YM=F,7.973155433444133,10.165390172000421,0.48508859124548737,1.217438265610138,-0.0265229415773387,-0.7395701926409218
2018-09-04,ES=F/YM=F,7.97186238555051,10.165274727442542,0.48508859124548737,1.217438265610138,-0.02506418015025602,-0.48357730775969154
2018-09-05,ES=F/YM=F,7.968406061363128,10.16481281589039,0.48508859124548737,1.217438265610138,-0.021318230378334135,0.1788018898260901
2018-09-06,ES=F/YM=F,7.965198290612176,10.16681289348317,0.48508859124548737,1.217438265610138,-0.015412889926039952,1.3217834064119058
2018-09-07,ES=F/YM=F,7.963720992928774,10.164273649274849,0.48508859124548737,1.217438265610138,-0.016153615404890687,1.28423484918519
2018-09-10,ES=F/YM=F,7.965632374918163,10.162191279248889,0.48508859124548737,1.217438265610138,-0.020562975004930095,0.4739688696311947
2018-09-11,ES=F/YM=F,7.968925272174377,10.165928737122114,0.48508859124548737,1.217438265610138,-0.02083441625614313,0.4926416406520425
2018-09-12,ES=F/YM=F,7.9684926152213205,10.166390133623686,0.48508859124548737,1.217438265610138,-0.019846286624037646,0.7736799502345691
2018-09-13,ES=F/YM=F,7.974274724102983,10.171986805571136,0.48508859124548737,1.217438265610138,-0.02128897528504936,0.47335013713922325
2018-09-14,ES=F/YM=F,7.974618869335666,10.171910350049098,0.48508859124548737,1.217438265610138,-0.02178440638228274,0.3740631143456688
2018-09-17,ES=F/YM=F,7.969357742016346,10.16877063004443,0.5411899475413074,1.210125689861424,-0.016343852806889103,1.6738124245013248
2018-09-18,ES=F/YM=F,7.974704887141406,10.176335136029452,0.5411899475413074,1.210125689861424,-0.015250064505117678,1.8683703643556107
2018-09-19,ES=F/YM=F,7.975908360165538,10.182406339317753,0.5411899475413074,1.210125689861424,-0.01063521484037544,2.857871207123889
2018-09-20,ES=F/YM=F,7.984121958702927,10.19226902043121,0.5411899475413074,1.210125689861424,-0.010712020323220273,2.6271643100740287
2018-09-21,ES=F/YM=F,7.987184748233473,10.19511330329985,0.5411899475413074,1.210125689861424,-0.011574097748132672,2.2837687418255914
2018-09-24,ES=F/YM=F,7.9812206852282905,10.189042363971735,0.5411899475413074,1.210125689861424,-0.010427771217724313,2.388189507268419
2018-09-25,ES=F/YM=F,7.979766885853068,10.185654444299798,0.5411899475413074,1.210125689861424,-0.01205641091780052,1.9555667860195636
2018-09-26,ES=F/YM=F,7.976423691277175,10.181838727246433,0.5411899475413074,1.210125689861424,-0.01182644232867247,1.9119257567171002
2018-09-27,ES=F/YM=F,7.979338895262328,10.183880624651032,0.5411899475413074,1.210125689861424,-0.01331230815769402,1.563344538576969
2018-09-28,ES=F/YM=F,7.978996370854115,10.183993941238814,0.5411899475413074,1.210125689861424,-0.012784493984128176,1.601093136056476
2018-10-01,ES=F/YM=F,7.982757702011113,10.19159453470099,0.5411899475413074,1.210125689861424,-0.009735583983111695,2.076004979640857
2018-10-02,ES=F/YM=F,7.982245625529837,10.196418326423577,0.5411899475413074,1.210125689861424,-0.004292115355358561,2.8937323167048508
2018-10-03,ES=F/YM=F,7.9832695164042695,10.198840131292128,0.5411899475413074,1.210125689861424,-0.003109347137574048,2.8637769285034715
2018-10-04,ES=F/YM=F,7.9751348652191485,10.190619473682428,0.5411899475413074,1.210125689861424,-0.0014860543700958573,2.935322206099176
2018-10-05,ES=F/YM=F,7.970394907191429,10.18459807960487,0.5411899475413074,1.210125689861424,-0.001771503469447211,2.689303425432992
2018-10-08,ES=F/YM=F,7.970308517834544,10.186559012430227,0.5411899475413074,1.210125689861424,0.00029397133600639336,2.802869146108221
2018-10-09,ES=F/YM=F,7.968406061363128,10.184182773688342,0.5411899475413074,1.210125689861424,0.0002199440440264766,2.598511272237014
2018-10-10,ES=F/YM=F,7.930565854233965,10.147178551737998,0.5411899475413074,1.210125689861424,0.009007128850360147,3.573101878781179
2018-10-11,ES=F/YM=F,7.917718486718927,10.134003858179751,0.5411899475413074,1.210125689861424,0.011379364769151579,3.5006850423707485
2018-10-12,ES=F/YM=F,7.926060936263021,10.139191885895196,0.5411899475413074,1.210125689861424,0.006471979974914888,2.6213913705512537
2018-10-15,ES=F/YM=F,7.918992488165245,10.134638955251866,0.5411899475413074,1.210125689861424,0.010472759962155465,2.869078406286733
2018-10-16,ES=F/YM=F,7.943693973122188,10.15743185300305,0.5551164001351292,1.2083122890846028,0.003852404417088451,2.011626134721443
2018-10-17,ES=F/YM=F,7.943161491746454,10.155646068918863,0.5551164001351292,1.2083122890846028,0.0027100241229085498,1.8069996717966341
2018-10-18,ES=F/YM=F,7.927414543833326,10.141756141595407,0.5551164001351292,1.2083122890846028,0.007847327478460286,2.210947069562847
2018-10-19,ES=F/YM=F,7.925699664582792,10.1436062080563,0.5551164001351292,1.2083122890846028,0.011769503612068632,2.4579880673723924
2018-10-22,ES=F/YM=F,7.921717038029739,10.138322492439922,0.5551164001351292,1.2083122890846028,0.011298044602581214,2.2702991929391754
2018-10-23,ES=F/YM=F,7.91799162369882,10.136343782704131,0.5551164001351292,1.2083122890846028,0.013820798784770716,2.3642117754923477
2018-10-24,ES=F/YM=F,7.887677871101065,10.111151917001878,0.5551164001351292,1.2083122890846028,0.025257412874655216,3.1612360209157893
2018-10-25,ES=F/YM=F,7.896645703270636,10.121698960804775,0.5551164001351292,1.2083122890846028,0.024968514860612245,2.866968903978831
2018-10-26,ES=F/YM=F,7.889646467940241,10.11641913877392,0.5551164001351292,1.2083122890846028,0.028145954893668446,2.8792664688316463
2018-10-29,ES=F/YM=F,7.879859075675505,10.103608096692797,0.5551164001351292,1.2083122890846028,0.027161139164117998,2.595543896483434
2018-10-30,ES=F/YM=F,7.895529112478156,10.120975138994181,0.5551164001351292,1.2083122890846028,0.025593883426449082,2.3251581923956017
2018-10-31,ES=F/YM=F,7.905072849498666,10.129706370367266,0.5551164001351292,1.2083122890846028,0.022793300073860934,2.0234954802544998
2018-11-01,ES=F/YM=F,7.914983005848394,10.139547329116883,0.5551164001351292,1.2083122890846028,0.020659695119352506,1.800554212839143
2018-11-02,ES=F/YM=F,7.909948439856995,10.136224935521659,0.5551164001351292,1.2083122890846028,0.023420629481741173,1.8914188538996894
2018-11-05,ES=F/YM=F,7.91553070097847,10.144117324857612,0.5551164001351292,1.2083122890846028,0.02456790410373877,1.8775306894921775
2018-11-06,ES=F/YM=F,7.922623574217286,10.151947911834128,0.5551164001351292,1.2083122890846028,0.02382808518087387,1.7567781613557842
2018-11-07,ES=F/YM=F,7.943250258334769,10.172827430740044,0.5551164001351292,1.2083122890846028,0.019784128184570093,1.4609401158792439
2018-11-08,ES=F/YM=F,7.940494823499539,10.173514689749188,0.5551164001351292,1.2083122890846028,0.023800812966893403,1.6373414759155507
2018-11-09,ES=F/YM=F,7.929846429742503,10.16481281589039,0.5551164001351292,1.2083122890846028,0.02796552414373288,1.8098408079269608
2018-11-12,ES=F/YM=F,7.911232372535208,10.141756141595407,0.5551164001351292,1.2083122890846028,0.027400443922047657,1.712139972508721
2018-11-13,ES=F/YM=F,7.911140717707226,10.13974474299572,0.5551164001351292,1.2083122890846028,0.025499792977367264,1.5445775405381699
2018-11-14,ES=F/YM=F,7.900451342058697,10.128389556865201,0.5211423080275699,1.2127538303591012,0.025944622190243294,1.512403880612911
2018-11-15,ES=F/YM=F,7.913703882786828,10.138757283648179,0.5211423080275699,1.2127538303591012,0.02024027944319151,1.1532176776329472
2018-11-16,ES=F/YM=F,7.916807490937603,10.144510313937575,0.5211423080275699,1.2127538303591012,0.02222939705980309,1.2221965813297393
2018-11-19,ES=F/YM=F,7.899617197703366,10.127790431570185,0.5211423080275699,1.2127538303591012,0.026357108657229844,1.400586625651658
2018-11-20,ES=F/YM=F,7.878534196140362,10.10385365616035,0.5211423080275699,1.2127538303591012,0.027988824148392766,1.4388970272679373
2018-11-21,ES=F/YM=F,7.88193748927207,10.104998803723223,0.5211423080275699,1.2127538303591012,0.02500661492995171,1.2345148584563579
2018-11-22,ES=F/YM=F,7.88193748927207,10.104998803723223,0.5211423080275699,1.2127538303591012,0.02500661492995171,1.1967989038808604
2018-11-23,ES=F/YM=F,7.874548993029399,10.096584182498042,0.5211423080275699,1.2127538303591012,0.02555242082366327,1.1885547736561224
2018-11-26,ES=F/YM=F,7.8898337513942955,10.1104610706877,0.5211423080275699,1.2127538303591012,0.020892659760182397,0.9078694336666668
2018-11-27,ES=F/YM=F,7.894877191616883,10.116257483422777,0.5211423080275699,1.2127538303591012,0.02057262104712798,0.8637397538945658
2018-11-28,ES=F/YM=F,7.916260494844103,10.140297294614152,0.5211423080275699,1.2127538303591012,0.018679749343963437,0.7353655738702127
2018-11-29,ES=F/YM=F,7.917263092567426,10.142150059508008,0.5211423080275699,1.2127538303591012,0.01931661000854845,0.7459917066573598
2018-11-30,ES=F/YM=F,7.922351699640416,10.147961974552167,0.5211423080275699,1.2127538303591012,0.01895729733374729,0.7016179128007394
2018-12-03,ES=F/YM=F,7.934065655894842,10.159911129085136,0.5211423080275699,1.2127538303591012,0.016700306550502475,0.5473816837032548
2018-12-04,ES=F/YM=F,7.901654990183275,10.128469413123979,0.5211423080275699,1.2127538303591012,0.024564749575537448,0.9861269067432035
2018-12-05,ES=F/YM=F,7.901654990183275,10.128469413123979,0.5211423080275699,1.2127538303591012,0.024564749575537448,0.9563982179618506
2018-12-06,ES=F/YM=F,7.897668150726906,10.122904167442703,0.5211423080275699,1.2127538303591012,0.02383455871599871,0.884098537662462
2018-12-07,ES=F/YM=F,7.877017895622398,10.103649027458413,0.5211423080275699,1.2127538303591012,0.029623094707591946,1.2136854012293863
2018-12-10,ES=F/YM=F,7.879669914604289,10.106020149946213,0.5211423080275699,1.2127538303591012,0.028777971016920034,1.1331573489955022
2018-12-11,ES=F/YM=F,7.879007568930266,10.103239644392968,0.5211423080275699,1.2127538303591012,0.026800727716866035,0.9814909136310089
2018-12-12,ES=F/YM=F,7.883257870488138,10.10911865209904,0.5211423080275699,1.2127538303591012,0.027525165928450335,1.007893615478259
2018-12-13,ES=F/YM=F,7.880615362344186,10.1093221647277,0.4867162922414771,1.2172604657849626,0.029844345847006792,1.1469356800832622
2018-12-14,ES=F/YM=F,7.86403565907245,10.090506393131704,0.4867162922414771,1.2172604657849626,0.031210391578142094,1.2173366896289286
2018-12-17,ES=F/YM=F,7.84482855003882,10.072048194080045,0.4867162922414771,1.2172604657849626,0.03613224701514106,1.541320243864628
2018-12-18,ES=F/YM=F,7.838244730256105,10.069086733185694,0.4867162922414771,1.2172604657849626,0.04118500965614302,1.8611024788452764
2018-12-19,ES=F/YM=F,7.825345166587912,10.056895099165441,0.4867162922414771,1.2172604657849626,0.04469550451505633,2.0557071745218143
2018-12-20,ES=F/YM=F,7.818329703860183,10.043336447652527,0.4867162922414771,1.2172604657849626,0.03967649842979526,1.631629983168183
2018-12-21,ES=F/YM=F,7.811062083297998,10.03386996155022,0.4867162922414771,1.2172604657849626,0.03905659951816176,1.5473145599629587
2018-12-24,ES=F/YM=F,7.75865379208924,9.98506753952855,0.4867162922414771,1.2172604657849626,0.05404871846425863,2.6238710374994407
2018-12-25,ES=F/YM=F,7.75865379208924,9.98506753952855,0.4867162922414771,1.2172604657849626,0.05404871846425863,2.515978155007962
2018-12-26,ES=F/YM=F,7.81237820598861,10.038804849483757,0.4867162922414771,1.2172604657849626,0.042389423332293674,1.5859945506888389
2018-12-27,ES=F/YM=F,7.822044008185619,10.049879640751199,0.4867162922414771,1.2172604657849626,0.04169841571521893,1.5170293903766605
2018-12-28,ES=F/YM=F,7.818430272070656,10.044770077370018,0.4867162922414771,1.2172604657849626,0.04098771044056271,1.4426224050830607
2018-12-31,ES=F/YM=F,7.826143808938438,10.054834305030653,0.4867162922414771,1.2172604657849626,0.0416625546206717,1.4666585675851922
2019-01-01,ES=F/YM=F,7.826143808938438,10.054834305030653,0.4867162922414771,1.2172604657849626,0.0416625546206717,1.4370641424110402
2019-01-02,ES=F/YM=F,7.828436359157585,10.057281025715545,0.4867162922414771,1.2172604657849626,0.0413186445579683,1.3792253141433566
2019-01-03,ES=F/YM=F,7.8029245142341805,10.028312402981557,0.4867162922414771,1.2172604657849626,0.043404582058478525,1.5285579526059117
2019-01-04,ES=F/YM=F,7.836468530854849,10.060277603300317,0.4867162922414771,1.2172604657849626,0.034537977081265936,0.745654587098626
2019-01-07,ES=F/YM=F,7.844044697362981,10.065266208098754,0.4867162922414771,1.2172604657849626,0.030304413907147776,0.35285194995987196
2019-01-08,ES=F/YM=F,7.852633467708205,10.075043029177243,0.4867162922414771,1.2172604657849626,0.02962646439469019,0.2684703818345986
2019-01-09,ES=F/YM=F,7.856513200993794,10.078700570092789,0.4867162922414771,1.2172604657849626,0.028561359363898475,0.14945746934394735
2019-01-10,ES=F/YM=F,7.860956364876389,10.083848855954896,0.4867162922414771,1.2172604657849626,0.028301157488719753,0.09673033703292178
2019-01-11,ES=F/YM=F,7.861341795599989,10.083723602839061,0.45913268723512046,1.220920553876687,0.02651713630605279,-0.09857377342597434
2019-01-14,ES=F/YM=F,7.855738457588782,10.080252030663544,0.45913268723512046,1.220920553876687,0.029886794678738227,0.1971698194622646
2019-01-15,ES=F/YM=F,7.865379874349269,10.085142220342378,0.45913268723512046,1.220920553876687,0.023005580466200826,-0.5617715620694883
2019-01-16,ES=F/YM=F,7.868349936412817,10.092081066090932,0.45913268723512046,1.220920553876687,0.02631821639508125,-0.2472021246527138
2019-01-17,ES=F/YM=F,7.876733333135299,10.099095453655817,0.45913268723512046,1.220920553876687,0.023097142590184916,-0.6418243690918065
2019-01-18,ES=F/YM=F,7.890395391397826,10.114032068273822,0.45913268723512046,1.220920553876687,0.021353469467209507,-0.883866524930442
2019-01-21,ES=F/YM=F,7.890395391397826,10.114032068273822,0.45913268723512046,1.220920553876687,0.021353469467209507,-0.9148888870160927
2019-01-22,ES=F/YM=F,7.875499292445208,10.101928491209966,0.45913268723512046,1.220920553876687,0.02743684578718586,-0.18994991263123537
2019-01-23,ES=F/YM=F,7.8778710975512,10.10850786559065,0.45913268723512046,1.220920553876687,0.03112043456417446,0.23761737899474766
2019-01-24,ES=F/YM=F,7.876258882303226,10.104712639749316,0.45913268723512046,1.220920553876687,0.02929359545636423,0.01759087371916183
2019-01-25,ES=F/YM=F,7.887396326357054,10.114396566181995,0.45913268723512046,1.220920553876687,0.025379587526073166,-0.44594163619777827
2019-01-28,ES=F/YM=F,7.879291485082271,10.105325748023002,0.45913268723512046,1.220920553876687,0.026204136665372246,-0.34866594993569716
2019-01-29,ES=F/YM=F,7.878628888626584,10.108589325349573,0.45913268723512046,1.220920553876687,0.03027669162361768,0.12351723429210969
2019-01-30,ES=F/YM=F,7.894504474504854,10.125350283950615,0.45913268723512046,1.220920553876687,0.027654821121045003,-0.20506628025735685
2019-01-31,ES=F/YM=F,7.902672331311481,10.125670642755214,0.45913268723512046,1.220920553876687,0.01800287566931047,-1.3648236323826872
2019-02-01,ES=F/YM=F,7.902579888510399,10.126471091048971,0.45913268723512046,1.220920553876687,0.018916189278966655,-1.2285733489115307
2019-02-04,ES=F/YM=F,7.908846612548757,10.134122969608633,0.45913268723512046,1.220920553876687,0.01891689565472454,-1.2088045279306914
2019-02-05,ES=F/YM=F,7.912423121473705,10.139507841664017,0.45913268723512046,1.220920553876687,0.019935134452515157,-1.0862113915213019
2019-02-06,ES=F/YM=F,7.911873721221812,10.13962629934515,0.45913268723512046,1.220920553876687,0.020724366193489274,-0.9809530884821206
2019-02-07,ES=F/YM=F,7.902487437162855,10.13185742282192,0.45913268723512046,1.220920553876687,0.024415396802366374,-0.535973312658614
2019-02-08,ES=F/YM=F,7.9033191917508,10.129865866360268,0.45913268723512046,1.220920553876687,0.021408334068510726,-0.8745955272937932
2019-02-11,ES=F/YM=F,7.904057948825677,10.127310872755094,0.42840412174312253,1.2249466324894296,0.016857583596651793,-1.3828001262594642
2019-02-12,ES=F/YM=F,7.917445275114842,10.142740645583405,0.42840412174312253,1.2249466324894296,0.015888596169011393,-1.4562944031931164
2019-02-13,ES=F/YM=F,7.919174355947869,10.14596303214983,0.42840412174312253,1.2249466324894296,0.016992950991717493,-1.311680521606963
2019-02-14,ES=F/YM=F,7.91698975649903,10.14356688055654,0.42840412174312253,1.2249466324894296,0.017272817136621654,-1.2591999089690822
2019-02-15,ES=F/YM=F,7.9291264873067995,10.161534819858218,0.42840412174312253,1.2249466324894296,0.02037390890589208,-0.8898292072730366
2019-02-18,ES=F/YM=F,7.9291264873067995,10.161534819858218,0.42840412174312253,1.2249466324894296,0.02037390890589208,-0.8711858407686588
2019-02-19,ES=F/YM=F,7.929756465278406,10.161341661525732,0.42840412174312253,1.2249466324894296,0.019409061178542686,-0.9631101125728561
2019-02-20,ES=F/YM=F,7.932721027481948,10.16446624215336,0.42840412174312253,1.2249466324894296,0.018902211318136963,-1.0018572676493267
2019-02-21,ES=F/YM=F,7.928135719380673,10.159408023364275,0.42840412174312253,1.2249466324894296,0.019460750246635072,-0.9238300694813977
2019-02-22,ES=F/YM=F,7.9342448031543675,10.165928737122114,0.42840412174312253,1.2249466324894296,0.018498162408290497,-1.0218120534653592
2019-02-25,ES=F/YM=F,7.936302693201959,10.169652278400532,0.42840412174312253,1.2249466324894296,0.019700898202879458,-0.8876036316942543
2019-02-26,ES=F/YM=F,7.934334364750415,10.167273882312355,0.42840412174312253,1.2249466324894296,0.019733599423052084,-0.8873168891445476
2019-02-27,ES=F/YM=F,7.9355873855892,10.16615946198374,0.42840412174312253,1.2249466324894296,0.017084295437530983,-1.1699349037848334
2019-02-28,ES=F/YM=F,7.931913381725299,10.16250005226458,0.42840412174312253,1.2249466324894296,0.017925344379207786,-1.0737881184010936
2019-03-01,ES=F/YM=F,7.9391588179567965,10.167043414461599,0.42840412174312253,1.2249466324894296,0.013593433863537285,-1.5379660272377909
2019-03-04,ES=F/YM=F,7.934334364750415,10.158672259395132,0.42840412174312253,1.2249466324894296,0.011131976505829755,-1.749785250343053
2019-03-05,ES=F/YM=F,7.934334364750415,10.159175735326064,0.42840412174312253,1.2249466324894296,0.011635452436761895,-1.637112131844772
2019-03-06,ES=F/YM=F,7.927143968859859,10.152922437804406,0.42840412174312253,1.2249466324894296,0.014190006147508427,-1.330549727434134
2019-03-07,ES=F/YM=F,7.919356190660617,10.145138775406078,0.42840412174312253,1.2249466324894296,0.01594595642891683,-1.1155908409770916
2019-03-08,ES=F/YM=F,7.918264686095274,10.146237633489257,0.42840412174312253,1.2249466324894296,0.01838184935375864,-0.8472995505423867
2019-03-11,ES=F/YM=F,7.931644021454311,10.152415802824065,0.42840412174312253,1.2249466324894296,0.008171046895567358,-1.8206918686494815
2019-03-12,ES=F/YM=F,7.934513463882263,10.14851000556878,0.40196278952502795,1.2283980209611574,-0.00019342027887780944,-2.5370446084350595
2019-03-13,ES=F/YM=F,7.9425399049040815,10.155607212086855,0.40196278952502795,1.2283980209611574,-0.00295587802736641,-2.624879598929943
2019-03-14,ES=F/YM=F,7.939960635452648,10.154635300259935,0.40196278952502795,1.2283980209611574,-0.0007594203646181796,-2.2617036346363895
2019-03-15,ES=F/YM=F,7.941612095897259,10.156535113491243,0.40196278952502795,1.2283980209611574,-0.0008882578751663317,-2.1518345481004486
2019-03-18,ES=F/YM=F,7.951735371997182,10.164504756278419,0.40196278952502795,1.2283980209611574,-0.005354027414780305,-2.4165581465599746
2019-03-19,ES=F/YM=F,7.950326176766622,10.162229881090202,0.40196278952502795,1.2283980209611574,-0.00589784997062992,-2.3431771610708587
2019-03-20,ES=F/YM=F,7.946971357693591,10.155374039382549,0.40196278952502795,1.2283980209611574,-0.008632638568286666,-2.4328760995434395
2019-03-21,ES=F/YM=F,7.959450647862495,10.16627480445489,0.40196278952502795,1.2283980209611574,-0.01306140884242879,-2.630621345599517
2019-03-22,ES=F/YM=F,7.941206630629869,10.149175068285233,0.40196278952502795,1.2283980209611574,-0.007750230349147458,-2.1396523161032976
2019-03-25,ES=F/YM=F,7.939871576361883,10.149448789130783,0.40196278952502795,1.2283980209611574,-0.005836531482925622,-1.9528535310733328
2019-03-26,ES=F/YM=F,7.945555428253489,10.153311982431669,0.40196278952502795,1.2283980209611574,-0.008955370597126588,-2.1177383110032437
2019-03-27,ES=F/YM=F,7.94111768244213,10.152688638169627,0.40196278952502795,1.2283980209611574,-0.004127396686964602,-1.6759639533392205
2019-03-28,ES=F/YM=F,7.944846711001996,10.155684924241076,0.40196278952502795,1.2283980209611574,-0.005711841918564886,-1.7427113585734582
2019-03-29,ES=F/YM=F,7.950766763635449,10.16327156794533,0.40196278952502795,1.2283980209611574,-0.00539737915323002,-1.6677660687228857
2019-04-01,ES=F/YM=F,7.962241509607692,10.175725983494056,0.40196278952502795,1.2283980209611574,-0.007038518847839015,-1.745566968304916
2019-04-02,ES=F/YM=F,7.96102146588337,10.171719185666264,0.40196278952502795,1.2283980209611574,-0.009546617379186273,-1.886699085838929
2019-04-03,ES=F/YM=F,7.965458763806616,10.175040243058024,0.40196278952502795,1.2283980209611574,-0.011676327974758038,-2.0022170212455173
2019-04-04,ES=F/YM=F,7.966499978651226,10.180664640342762,0.40196278952502795,1.2283980209611574,-0.007330956944533895,-1.5962869883957076
2019-04-05,ES=F/YM=F,7.971085753505607,10.180891990576775,0.40196278952502795,1.2283980209611574,-0.012736763466214995,-1.9437449075661144
2019-04-08,ES=F/YM=F,7.97186238555051,10.17861615891629,0.40196278952502795,1.2283980209611574,-0.015966608393675585,-2.0988115050588263
2019-04-09,ES=F/YM=F,7.966413252143214,10.171910350049098,0.40196278952502795,1.2283980209611574,-0.01597871256739225,-2.002036518966285
2019-04-10,ES=F/YM=F,7.970567663519059,10.172216137070821,0.4149016808775283,1.2267121808132686,-0.020277984641891678,-2.2164106779257797
2019-04-11,ES=F/YM=F,7.969617134175511,10.170954162487002,0.4149016808775283,1.2267121808132686,-0.020373933301760516,-2.110778590299915
2019-04-12,ES=F/YM=F,7.976767097873956,10.181422273533029,0.4149016808775283,1.2267121808132686,-0.01867676981698807,-1.902047949595659
2019-04-15,ES=F/YM=F,7.975736524096725,10.180096038519288,0.4149016808775283,1.2267121808132686,-0.01873878742497226,-1.822639322687426
2019-04-16,ES=F/YM=F,7.976423691277175,10.18289800930364,0.4149016808775283,1.2267121808132686,-0.016779772991133868,-1.6224655159457124
2019-04-17,ES=F/YM=F,7.972638414906119,10.182179333149776,0.4149016808775283,1.2267121808132686,-0.01285500451287902,-1.3107399705338305
2019-04-18,ES=F/YM=F,7.975908360165538,10.187387481692449,0.4149016808775283,1.2267121808132686,-0.011658137650528033,-1.1912233856293704
2019-04-19,ES=F/YM=F,7.975908360165538,10.187387481692449,0.4149016808775283,1.2267121808132686,-0.011658137650528033,-1.153025638239329
2019-04-22,ES=F/YM=F,7.976767097873956,10.18539045772387,0.4149016808775283,1.2267121808132686,-0.014708585626147297,-1.3117145535700943
2019-04-23,ES=F/YM=F,7.9854843567338225,10.190131586412237,0.4149016808775283,1.2267121808132686,-0.020661024564480712,-1.6557071959108918
2019-04-24,ES=F/YM=F,7.9830136419519375,10.186445986151496,0.4149016808775283,1.2267121808132686,-0.021315768906967847,-1.6439450084424276
2019-04-25,ES=F/YM=F,7.981477018805121,10.182633293965623,0.4149016808775283,1.2267121808132686,-0.02324346676132194,-1.7088582519873985
2019-04-26,ES=F/YM=F,7.986674934304511,10.185541315729058,0.4149016808775283,1.2267121808132686,-0.0267117912558259,-1.8678841039223715
2019-04-29,ES=F/YM=F,7.987184748233473,10.186709694265815,0.4149016808775283,1.2267121808132686,-0.02616880767567409,-1.772152699026458
2019-04-30,ES=F/YM=F,7.989051845440559,10.18806481003443,0.4149016808775283,1.2267121808132686,-0.027104082793755424,-1.7720084118562034
2019-05-01,ES=F/YM=F,7.980365765111246,10.18074042949737,0.4149016808775283,1.2267121808132686,-0.02377314278732534,-1.4956814064702009
2019-05-02,ES=F/YM=F,7.978482364160711,10.175992533388062,0.4149016808775283,1.2267121808132686,-0.026210648009255877,-1.5936644453498703
2019-05-03,ES=F/YM=F,7.988712632411526,10.184862275413241,0.4149016808775283,1.2267121808132686,-0.02989050066033805,-1.7606080702960347
2019-05-06,ES=F/YM=F,7.983610580527631,10.181308665141033,0.4149016808775283,1.2267121808132686,-0.027185361739430647,-1.5315412501070251
2019-05-07,ES=F/YM=F,7.969271263009071,10.16481281589039,0.4149016808775283,1.2267121808132686,-0.026090995525509086,-1.4155204113545838
2019-05-08,ES=F/YM=F,7.968059770995197,10.166390133623686,0.4149016808775283,1.2267121808132686,-0.023027525781834868,-1.1909246673165803
2019-05-09,ES=F/YM=F,7.963025038137743,10.158749733731797,0.4532612094683203,1.2217195216216594,-0.0230946159914609,-1.161018904046214
2019-05-10,ES=F/YM=F,7.967973179662935,10.16446624215336,0.4532612094683203,1.2217195216216594,-0.02342334866697371,-1.1457032377550813
2019-05-13,ES=F/YM=F,7.939871576361883,10.137808404440463,0.4532612094683203,1.2217195216216594,-0.015748909038107328,-0.6417244943771719
2019-05-14,ES=F/YM=F,7.951295211771756,10.149175068285233,0.4532612094683203,1.2217195216216594,-0.01833872358146671,-0.7776962206627951
2019-05-15,ES=F/YM=F,7.956827122090111,10.153234085644872,0.4532612094683203,1.2217195216216594,-0.0210381490496232,-0.9209684617904479
2019-05-16,ES=F/YM=F,7.9650246041158645,10.160723304018108,0.4532612094683203,1.2217195216216594,-0.023563954495394057,-1.0556465282150982
2019-05-17,ES=F/YM=F,7.959275960116396,10.157354276493178,0.4532612094683203,1.2217195216216594,-0.01990975142331841,-0.7916513895110995
2019-05-20,ES=F/YM=F,7.952966790923131,10.154090616746489,0.4532612094683203,1.2217195216216594,-0.015465376001383646,-0.47320361460706944
2019-05-21,ES=F/YM=F,7.960672608388117,10.16103253056767,0.4532612094683203,1.2217195216216594,-0.017937809807227367,-0.6162755346624625
2019-05-22,ES=F/YM=F,7.957702395668965,10.15700510770532,0.4532612094683203,1.2217195216216594,-0.018336465807221813,-0.6203780903820019
2019-05-23,ES=F/YM=F,7.944314843247237,10.144981697062931,0.4532612094683203,1.2217195216216594,-0.014004042309251119,-0.2852924994796347
2019-05-24,ES=F/YM=F,7.948650174080823,10.151128575450725,0.4532612094683203,1.2217195216216594,-0.013153722233537835,-0.19295938467038232
2019-05-27,ES=F/YM=F,7.948650174080823,10.151128575450725,0.4532612094683203,1.2217195216216594,-0.013153722233537835,-0.16082962800862927
2019-05-28,ES=F/YM=F,7.9391588179567965,10.141283235182652,0.4532612094683203,1.2217195216216594,-0.011403287438223941,0.013803227810867714
2019-05-29,ES=F/YM=F,7.930206206684683,10.130981626587596,0.4532612094683203,1.2217195216216594,-0.01076731607264847,0.10863182801118604
2019-05-30,ES=F/YM=F,7.933976070228488,10.134202369346657,0.4532612094683203,1.2217195216216594,-0.012152289198905208,0.02429411267102363
2019-05-31,ES=F/YM=F,7.920264868596835,10.119405058758598,0.4532612094683203,1.2217195216216594,-0.01019835708868122,0.2399088892638477
2019-06-03,ES=F/YM=F,7.919174355947869,10.12137732690179,0.4532612094683203,1.2217195216216594,-0.006893788353673713,0.602596997675855
2019-06-04,ES=F/YM=F,7.9391588179567965,10.14037620564201,0.4532612094683203,1.2217195216216594,-0.012310316978865643,0.11900298114720434
2019-06-05,ES=F/YM=F,7.9472366214114905,10.148705658168648,0.4532612094683203,1.2217195216216594,-0.013849674624649921,0.008279393034606166
2019-06-06,ES=F/YM=F,7.953581932205326,10.155995712480241,0.4532612094683203,1.2217195216216594,-0.014311810380643664,0.015459471826022333
2019-06-07,ES=F/YM=F,7.963807953231451,10.16612101153675,0.47648417912255114,1.218692314085956,-0.015794711045577614,-0.13344717998068711
2019-06-10,ES=F/YM=F,7.968752231855551,10.169154050930228,0.47648417912255114,1.218692314085956,-0.01878722600999083,-0.5153210875831323
2019-06-11,ES=F/YM=F,7.967973179662935,10.168348697202207,0.47648417912255114,1.218692314085956,-0.018643154818599683,-0.47081221684986735
2019-06-12,ES=F/YM=F,7.9658927350845286,10.166313248989043,0.47648417912255114,1.218692314085956,-0.01814318121417635,-0.37307066377374076
2019-06-13,ES=F/YM=F,7.970567663519059,10.17034172227647,0.47648417912255114,1.218692314085956,-0.019812007278813937,-0.5979638339014183
2019-06-14,ES=F/YM=F,7.969184776522531,10.170571431312704,0.47648417912255114,1.218692314085956,-0.017896984488663392,-0.2793894378284425
2019-06-17,ES=F/YM=F,7.969703583278656,10.170877627969897,0.47648417912255114,1.218692314085956,-0.018223053637653308,-0.3062810782691479
2019-06-18,ES=F/YM=F,7.979938030813266,10.184711314926863,0.47648417912255114,1.218692314085956,-0.016862009230033337,-0.06978393555180114
2019-06-19,ES=F/YM=F,7.982416346827733,10.185993753243844,0.47648417912255114,1.218692314085956,-0.018599875591760906,-0.3365584454884853
2019-06-20,ES=F/YM=F,7.991507704743222,10.194775615581893,0.47648417912255114,1.218692314085956,-0.020897581269922583,-0.6847136561347688
2019-06-21,ES=F/YM=F,7.990881577054691,10.194124507947754,0.47648417912255114,1.218692314085956,-0.02078563190241134,-0.6420601652418496
2019-06-24,ES=F/YM=F,7.990238185720363,10.194738249864933,0.47648417912255114,1.218692314085956,-0.019387793911137763,-0.3847417139835064
2019-06-25,ES=F/YM=F,7.980023592310645,10.187236901960196,0.47648417912255114,1.218692314085956,-0.014440695335938614,0.4998833902367639
2019-06-26,ES=F/YM=F,7.978653729082731,10.186785026670085,0.47648417912255114,1.218692314085956,-0.013223128838840026,0.7589150075328971
2019-06-27,ES=F/YM=F,7.983098940710892,10.186634356186147,0.47648417912255114,1.218692314085956,-0.018791144568504947,-0.22325322319418237
2019-06-28,ES=F/YM=F,7.987609394721658,10.18840330224294,0.47648417912255114,1.218692314085956,-0.02251905414767208,-0.9080677717794461
2019-07-01,ES=F/YM=F,7.995559368933644,10.19241884438834,0.47648417912255114,1.218692314085956,-0.028192084471598378,-1.982246057106275
2019-07-02,ES=F/YM=F,7.999510780187034,10.196045219934657,0.47648417912255114,1.218692314085956,-0.02938126344958114,-2.1236405771348177
2019-07-03,ES=F/YM=F,8.00645089751155,10.202480416133776,0.47648417912255114,1.218692314085956,-0.03140393489270643,-2.4443848272799817
2019-07-04,ES=F/YM=F,8.00645089751155,10.202480416133776,0.47648417912255114,1.218692314085956,-0.03140393489270643,-2.305192530804847
2019-07-05,ES=F/YM=F,8.003195876484611,10.199323789243778,0.47648417912255114,1.218692314085956,-0.030593692674985462,-2.032126224503481
2019-07-08,ES=F/YM=F,7.9991750970687425,10.195895938351995,0.5114522981746716,1.2141430054624072,-0.02769885339776046,-1.435409954493478
2019-07-09,ES=F/YM=F,8.000349495324684,10.195373277248482,0.5114522981746716,1.2141430054624072,-0.029647401929354444,-1.7230057009300743
2019-07-10,ES=F/YM=F,8.00553388690167,10.198393470077228,0.5114522981746716,1.2141430054624072,-0.032921801871383494,-2.202032901949948
2019-07-11,ES=F/YM=F,8.007700012884026,10.206439938023752,0.5114522981746716,1.2141430054624072,-0.02750532063528688,-1.2214948661606961
2019-07-12,ES=F/YM=F,8.011520932891042,10.214971597173399,0.5114522981746716,1.2141430054624072,-0.023612804786589336,-0.5711998664235178
2019-07-15,ES=F/YM=F,8.012101099498008,10.216179260491938,0.5114522981746716,1.2141430054624072,-0.023109546695900818,-0.474439181737482
2019-07-16,ES=F/YM=F,8.008698182988528,10.215667096588296,0.5114522981746716,1.2141430054624072,-0.019490083321386464,0.12352328100698072
2019-07-17,ES=F/YM=F,8.001355025826703,10.212111309194738,0.5114522981746716,1.2141430054624072,-0.014130227808902163,1.0124211914914238
2019-07-18,ES=F/YM=F,8.00553388690167,10.211009016314167,0.5114522981746716,1.2141430054624072,-0.02030625563444488,0.020056694351458126
2019-07-19,ES=F/YM=F,7.998671361015776,10.208395405652977,0.5114522981746716,1.2141430054624072,-0.01458777849147097,0.9736989225896855
2019-07-22,ES=F/YM=F,8.002694162283937,10.21008950984042,0.5114522981746716,1.2141430054624072,-0.017777930326131397,0.4308585825172815
2019-07-23,ES=F/YM=F,8.00903068506973,10.21552071585174,0.5114522981746716,1.2141430054624072,-0.02004016913413409,0.052964800019570636
2019-07-24,ES=F/YM=F,8.013508675801614,10.212331622039867,0.5114522981746716,1.2141430054624072,-0.02866618407164978,-1.3617089664733475
2019-07-25,ES=F/YM=F,8.008531890479624,10.207141394497608,0.5114522981746716,1.2141430054624072,-0.027813882525526523,-1.2102418118672489
2019-07-26,ES=F/YM=F,8.014501067546968,10.209095492271228,0.5114522981746716,1.2141430054624072,-0.03310721933658911,-2.0543461416991398
2019-07-29,ES=F/YM=F,8.013591412739567,10.210898720168904,0.5114522981746716,1.2141430054624072,-0.03019954041712225,-1.5329706819267495
2019-07-30,ES=F/YM=F,8.010442586803386,10.209647846233683,0.5114522981746716,1.2141430054624072,-0.027627289366510155,-1.0936985151352037
2019-07-31,ES=F/YM=F,8.000433328162055,10.19820730233956,0.5114522981746716,1.2141430054624072,-0.026915161891396977,-0.976475781853025
2019-08-01,ES=F/YM=F,7.990238185720363,10.186521338423402,0.5114522981746716,1.2141430054624072,-0.026222764922282593,-0.8848175459740847
2019-08-02,ES=F/YM=F,7.983610580527631,10.182973629388371,0.5114522981746716,1.2141430054624072,-0.021723613469591285,-0.18655987006039296
2019-08-05,ES=F/YM=F,7.948031990637284,10.14839259563185,0.5114522981746716,1.2141430054624072,-0.013107151166529718,1.155185694030889
2019-08-06,ES=F/YM=F,7.964155718840937,10.162924459547607,0.5517244117528403,1.2089079115626697,-0.01673080962912188,0.556070929634874
2019-08-07,ES=F/YM=F,7.965719169172438,10.163541457870435,0.5517244117528403,1.2089079115626697,-0.0180038787813821,0.34184540500477806
2019-08-08,ES=F/YM=F,7.986164860332727,10.17979265196457,0.5517244117528403,1.2089079115626697,-0.026469642488287093,-0.989663018286877
2019-08-09,ES=F/YM=F,7.979253275158674,10.176106747310863,0.5517244117528403,1.2089079115626697,-0.021800077143643293,-0.23499710796716888
2019-08-12,ES=F/YM=F,7.965632374918163,10.160723304018108,0.5517244117528403,1.2089079115626697,-0.020717106373037808,-0.058462102896342814
2019-08-13,ES=F/YM=F,7.983440063006542,10.177856395925783,0.5517244117528403,1.2089079115626697,-0.02511186948204447,-0.7414006359571623
2019-08-14,ES=F/YM=F,7.9518233807981185,10.144667466336436,0.5517244117528403,1.2089079115626697,-0.020079141812265888,0.04347565435969274
2019-08-15,ES=F/YM=F,7.95454781892045,10.149370590819828,0.5517244117528403,1.2089079115626697,-0.018669612129523117,0.2621585681578205
2019-08-16,ES=F/YM=F,7.969530677598273,10.162268481441469,0.5517244117528403,1.2089079115626697,-0.023884617901327232,-0.5397342643146433
2019-08-19,ES=F/YM=F,7.980622317898389,10.170380010780352,0.5517244117528403,1.2089079115626697,-0.029181860273460813,-1.3473236282839807
2019-08-20,ES=F/YM=F,7.97186238555051,10.163194443157385,0.5517244117528403,1.2089079115626697,-0.02577747637632477,-0.7814150354085657
2019-08-21,ES=F/YM=F,7.982501696548265,10.17450656409137,0.5517244117528403,1.2089079115626697,-0.027327302681101173,-0.9942712744406746
2019-08-22,ES=F/YM=F,7.980109146487879,10.174468433264497,0.5517244117528403,1.2089079115626697,-0.024473060811164515,-0.5224679581278057
2019-08-23,ES=F/YM=F,7.957002238104917,10.153078273865185,0.5517244117528403,1.2089079115626697,-0.017929095854558597,0.5218935951408501
2019-08-26,ES=F/YM=F,7.966673409106048,10.163657102686784,0.5517244117528403,1.2089079115626697,-0.019041822170303035,0.37071235845810563
2019-08-27,ES=F/YM=F,7.960498133991792,10.155956869232165,0.5517244117528403,1.2089079115626697,-0.019276716683222617,0.3623280933177707
2019-08-28,ES=F/YM=F,7.968925272174377,10.167273882312355,0.5517244117528403,1.2089079115626697,-0.01814733762379106,0.5745135157090417
2019-08-29,ES=F/YM=F,7.981647871359781,10.18028560838583,0.5517244117528403,1.2089079115626697,-0.02051606236119241,0.20904438898648162
2019-08-30,ES=F/YM=F,7.980964285927711,10.181346536039147,0.5517244117528403,1.2089079115626697,-0.018628742870815174,0.5984658087000255
2019-09-02,ES=F/YM=F,7.980964285927711,10.181346536039147,0.5517244117528403,1.2089079115626697,-0.018628742870815174,0.6301667092958624
2019-09-03,ES=F/YM=F,7.974532844130228,10.170533150137466,0.5517244117528403,1.2089079115626697,-0.02166710790076465,0.08778878450401983
2019-09-04,ES=F/YM=F,7.985654526052705,10.18005812023319,0.5811657875036974,1.2050744496151244,-0.024415900070000163,-0.40997868470604054
2019-09-05,ES=F/YM=F,7.99699040583765,10.192456296870509,0.5811657875036974,1.2050744496151244,-0.025678302525426133,-0.6305491856407418
2019-09-06,ES=F/YM=F,7.999930225686241,10.196455629417146,0.5811657875036974,1.2050744496151244,-0.025221671764796838,-0.5224142231805813
2019-09-09,ES=F/YM=F,7.99909115867947,10.197648591085619,0.5811657875036974,1.2050744496151244,-0.02301757188494946,-0.07932117946349802
2019-09-10,ES=F/YM=F,7.9991750970687425,10.199658492383815,0.5811657875036974,1.2050744496151244,-0.021108822595007126,0.30482484880796706
2019-09-11,ES=F/YM=F,8.007034012193408,10.208911306464065,0.5811657875036974,1.2050744496151244,-0.02132658633318485,0.267107807366939
2019-09-12,ES=F/YM=F,8.010276584146963,10.210898720168904,0.5811657875036974,1.2050744496151244,-0.02324671324061356,-0.09545317963267239
2019-09-13,ES=F/YM=F,8.008531890479624,10.211633798120262,0.5811657875036974,1.2050744496151244,-0.02040914952834072,0.47725931943454325
2019-09-16,ES=F/YM=F,8.00603417874901,10.206698426605536,0.5811657875036974,1.2050744496151244,-0.02233459245399949,0.11096664912005649
2019-09-17,ES=F/YM=F,8.008199222479217,10.207805478639335,0.5811657875036974,1.2050744496151244,-0.023836579301772076,-0.1762803934547757
2019-09-18,ES=F/YM=F,8.008448733854072,10.209058657823649,0.5811657875036974,1.2050744496151244,-0.022884079900185483,0.023131537960124744
2019-09-19,ES=F/YM=F,8.00836557031292,10.206772268215317,0.5811657875036974,1.2050744496151244,-0.025070251249934117,-0.40762908392312697
2019-09-20,ES=F/YM=F,8.010894010308322,10.208797468428987,0.5811657875036974,1.2050744496151244,-0.026092009472108657,-0.5958987166722007
2019-09-23,ES=F/YM=F,8.005367067316664,10.202220834799924,0.5811657875036974,1.2050744496151244,-0.026008265317445378,-0.5544903824310975
2019-09-24,ES=F/YM=F,7.996401403338397,10.196828582839588,0.5811657875036974,1.2050744496151244,-0.020596224693736787,0.6194489128627174
2019-09-25,ES=F/YM=F,8.001773698640019,10.202035378298214,0.5811657875036974,1.2050744496151244,-0.02186344503888371,0.3580588855725981
2019-09-26,ES=F/YM=F,7.999846350659981,10.199584123588927,0.5811657875036974,1.2050744496151244,-0.02199210194190826,0.3281450230034055
2019-09-27,ES=F/YM=F,7.994210637379616,10.196007901628159,0.5811657875036974,1.2050744496151244,-0.018776869823152964,1.000783053464389
2019-09-30,ES=F/YM=F,7.9991750970687425,10.199918739620157,0.5811657875036974,1.2050744496151244,-0.02084857535866469,0.5221474659265469
2019-10-01,ES=F/YM=F,7.9853992612140505,10.185692150979541,0.5811657875036974,1.2050744496151244,-0.01847425618869991,1.0237540425462728
2019-10-02,ES=F/YM=F,7.965719169172438,10.165274727442542,0.5811657875036974,1.2050744496151244,-0.01517570364027776,1.7441705604704643
2019-10-03,ES=F/YM=F,7.976509553982761,10.172751039463892,0.6140208328025993,1.2008032295769597,-0.019488226512683227,0.7148565868675246
2019-10-04,ES=F/YM=F,7.989899374942939,10.185842963482184,0.6140208328025993,1.2008032295769597,-0.02247484274682776,0.00913848706527093
2019-10-07,ES=F/YM=F,7.9853141584524145,10.18259547176777,0.6140208328025993,1.2008032295769597,-0.020216391691111113,0.5092835226693427
2019-10-08,ES=F/YM=F,7.969876459067832,10.171145473156981,0.6140208328025993,1.2008032295769597,-0.013128751023655738,2.222821289345675
2019-10-09,ES=F/YM=F,7.978996370854115,10.177514314164908,0.6140208328025993,1.2008032295769597,-0.017711129542155035,1.019164431734229
2019-10-10,ES=F/YM=F,7.9865049385539955,10.184296056044737,0.6140208328025993,1.2008032295769597,-0.019945700005838063,0.4590163362219682
2019-10-11,ES=F/YM=F,7.9965697251701355,10.19522389531595,0.6140208328025993,1.2008032295769597,-0.021103689008290516,0.17177564281580915
2019-10-14,ES=F/YM=F,7.994800931278781,10.194140208432742,0.6140208328025993,1.2008032295769597,-0.020063402474301384,0.42576990177937435
2019-10-15,ES=F/YM=F,8.005617286259543,10.203666216317192,0.6140208328025993,1.2008032295769597,-0.023525708583001403,-0.38576393913600404
2019-10-16,ES=F/YM=F,8.003530212830087,10.201367449964355,0.6140208328025993,1.2008032295769597,-0.023318310421384325,-0.3226512478557658
2019-10-17,ES=F/YM=F,8.005700678662542,10.203332852113716,0.6140208328025993,1.2008032295769597,-0.023959210653323737,-0.4575729447225249
2019-10-18,ES=F/YM=F,8.00244321075809,10.194439273855531,0.6140208328025993,1.2008032295769597,-0.02894121093159896,-1.6979230536802332
2019-10-21,ES=F/YM=F,8.008531890479624,10.196045219934657,0.6140208328025993,1.2008032295769597,-0.03464657112594871,-3.0459997965235073
2019-10-22,ES=F/YM=F,8.004532551704518,10.194775615581893,0.6140208328025993,1.2008032295769597,-0.03111375656139259,-2.036592109025134
2019-10-23,ES=F/YM=F,8.008282399855018,10.196231790580173,0.6140208328025993,1.2008032295769597,-0.03416041133265857,-2.6874033437285663
2019-10-24,ES=F/YM=F,8.007783231791409,10.195410619245164,0.6140208328025993,1.2008032295769597,-0.03438218004478344,-2.7076597641077886
2019-10-25,ES=F/YM=F,8.013094888399673,10.200030253420106,0.6140208328025993,1.2008032295769597,-0.03614080027944766,-2.993684758964078
2019-10-28,ES=F/YM=F,8.018378480316382,10.205553183855171,0.6140208328025993,1.2008032295769597,-0.03696242408173589,-2.967283940837556
2019-10-29,ES=F/YM=F,8.01821378993393,10.205146491918704,0.6140208328025993,1.2008032295769597,-0.03717135527507054,-2.802759955581014
2019-10-30,ES=F/YM=F,8.022158892445256,10.20846912206597,0.6140208328025993,1.2008032295769597,-0.03858601696441788,-2.880382849386288
2019-10-31,ES=F/YM=F,8.01821378993393,10.202925255998762,0.6140208328025993,1.2008032295769597,-0.03939259119501415,-2.8034202926607343
2019-11-01,ES=F/YM=F,8.027231722829557,10.21313902079189,0.6528893094413986,1.1957513130276096,-0.03832316119983048,-2.4593511136841166
2019-11-04,ES=F/YM=F,8.031304052940278,10.21756809884244,0.6528893094413986,1.1957513130276096,-0.038763577226259116,-2.391899415816007
2019-11-05,ES=F/YM=F,8.030084094267563,10.219064422181425,0.6528893094413986,1.1957513130276096,-0.03580848670253545,-1.7914647324745239
2019-11-06,ES=F/YM=F,8.031222768648423,10.219392583931649,0.6528893094413986,1.1957513130276096,-0.0368418963383359,-1.8847263158033076
2019-11-07,ES=F/YM=F,8.034631032923107,10.227995646230818,0.6528893094413986,1.1957513130276096,-0.03231427052076441,-1.1227258309940336
2019-11-08,ES=F/YM=F,8.036088169099328,10.226693609806864,0.6528893094413986,1.1957513130276096,-0.03535867944069615,-1.5408433367402192
2019-11-11,ES=F/YM=F,8.035116980936232,10.227670296024604,0.6528893094413986,1.1957513130276096,-0.03322069370173786,-1.1765508165369165
2019-11-12,ES=F/YM=F,8.036573409707312,10.227851059207252,0.6528893094413986,1.1957513130276096,-0.034781457134439364,-1.3655643823238397
2019-11-13,ES=F/YM=F,8.037704722959287,10.231387437026681,0.6528893094413986,1.1957513130276096,-0.03259784862150461,-1.0047487408885953
2019-11-14,ES=F/YM=F,8.038189179973203,10.230846964640671,0.6528893094413986,1.1957513130276096,-0.03371761111801064,-1.1378557063523378
2019-11-15,ES=F/YM=F,8.045027226005818,10.238279807349246,0.6528893094413986,1.1957513130276096,-0.03446137093147783,-1.2237020870175837
2019-11-18,ES=F/YM=F,8.046149020995255,10.240245462634501,0.6528893094413986,1.1957513130276096,-0.03383710347779001,-1.102501726551058
2019-11-19,ES=F/YM=F,8.045107395966177,10.236202740279628,0.6528893094413986,1.1957513130276096,-0.036634301336459174,-1.4666902255583087
2019-11-20,ES=F/YM=F,8.042056410058754,10.232791299678729,0.6528893094413986,1.1957513130276096,-0.036397521532530064,-1.384189145500847
2019-11-21,ES=F/YM=F,8.04044688130311,10.230919044505193,0.6528893094413986,1.1957513130276096,-0.03634518058314917,-1.331455579371268
2019-11-22,ES=F/YM=F,8.042860204009273,10.23501903226617,0.6528893094413986,1.1957513130276096,-0.03513092661682471,-1.1229694809283266
2019-11-25,ES=F/YM=F,8.049666492045395,10.241351677174485,0.6528893094413986,1.1957513130276096,-0.036936909564547094,-1.3320886325391215
2019-11-26,ES=F/YM=F,8.053171633848049,10.244591901483902,0.6528893094413986,1.1957513130276096,-0.03788796316800003,-1.4180872237344946
2019-11-27,ES=F/YM=F,8.056347499955267,10.24523158308644,0.6528893094413986,1.1957513130276096,-0.04104582763316955,-1.792239173611207
2019-11-28,ES=F/YM=F,8.056347499955267,10.24523158308644,0.6528893094413986,1.1957513130276096,-0.04104582763316955,-1.7224523036623003
2019-11-29,ES=F/YM=F,8.053171633848049,10.242563539313103,0.6528893094413986,1.1957513130276096,-0.0399163253387993,-1.5104353568911937
2019-12-02,ES=F/YM=F,8.043743631766201,10.232395537922137,0.7089494547101114,1.1884772640004615,-0.03636034059060478,-0.995613248853697
2019-12-03,ES=F/YM=F,8.036249942132116,10.221468444611173,0.7089494547101114,1.1884772640004615,-0.03838135414798316,-1.2262857597128107
2019-12-04,ES=F/YM=F,8.042699496897637,10.227127810341964,0.7089494547101114,1.1884772640004615,-0.040387137618939306,-1.4436435236039462
2019-12-05,ES=F/YM=F,8.044866866800856,10.228393152785875,0.7089494547101114,1.1884772640004615,-0.041697665027683684,-1.5577295761248675
2019-12-06,ES=F/YM=F,8.053887083618223,10.240459664198992,0.7089494547101114,1.1884772640004615,-0.04035147621836188,-1.3329896490915414
2019-12-09,ES=F/YM=F,8.050224950714023,10.236453649828054,0.7089494547101114,1.1884772640004615,-0.0400051288949097,-1.2463868210487983
2019-12-10,ES=F/YM=F,8.0507033814703,10.23713437285382,0.7089494547101114,1.1884772640004615,-0.039893009945377145,-1.1926169796914516
2019-12-11,ES=F/YM=F,8.052933036797567,10.237241813090293,0.7089494547101114,1.1884772640004615,-0.04243546437191981,-1.465568410959544
2019-12-12,ES=F/YM=F,8.060855752934316,10.244627450087735,0.7089494547101114,1.1884772640004615,-0.04446579537213147,-1.664397113811635
2019-12-13,ES=F/YM=F,8.06211758275474,10.245941860834888,0.7089494547101114,1.1884772640004615,-0.04465104067759107,-1.6235189312452836
2019-12-16,ES=F/YM=F,8.069107597471433,10.248954925626595,0.7089494547101114,1.1884772640004615,-0.04994544945170176,-2.1902812665746096
2019-12-17,ES=F/YM=F,8.068402958569699,10.249768667290844,0.7089494547101114,1.1884772640004615,-0.04829426047341201,-1.8893614181279639
2019-12-18,ES=F/YM=F,8.069264116488812,10.249414947928097,0.7089494547101114,1.1884772640004615,-0.04967144644373889,-1.9615070839742486
2019-12-19,ES=F/YM=F,8.073091199693154,10.253651344859204,0.7089494547101114,1.1884772640004615,-0.04998345088843159,-1.9052535720324062
2019-12-20,ES=F/YM=F,8.080553161884303,10.261357085403674,0.7089494547101114,1.1884772640004615,-0.0511460827529735,-1.945070388716298
2019-12-23,ES=F/YM=F,8.07938566038682,10.259412215084156,0.7089494547101114,1.1884772640004615,-0.05170340408704455,-1.9247886801714942
2019-12-24,ES=F/YM=F,8.078920760331956,10.25794002862176,0.7089494547101114,1.1884772640004615,-0.05262306740420186,-1.9407052876587865
2019-12-25,ES=F/YM=F,8.078920760331956,10.25794002862176,0.7089494547101114,1.1884772640004615,-0.05262306740420186,-1.859735293956946
2019-12-26,ES=F/YM=F,8.084716534061224,10.261826111899026,0.7089494547101114,1.1884772640004615,-0.055625129431463805,-2.1012793156615697
2019-12-27,ES=F/YM=F,8.082556706007793,10.261511586044156,0.7089494547101114,1.1884772640004615,-0.05337274875068054,-1.7848629284291917
2019-12-30,ES=F/YM=F,8.078223004750674,10.255551883917176,0.7089494547101114,1.1884772640004615,-0.0541819454646042,-1.8098147160021305
2019-12-31,ES=F/YM=F,8.080546965824498,10.25794002862176,0.7822533528150792,1.17897454097088,-0.05107247401989312,-1.452197446634025
2020-01-01,ES=F/YM=F,8.080546965824498,10.25794002862176,0.7822533528150792,1.17897454097088,-0.05107247401989312,-1.4141962209038197
2020-01-02,ES=F/YM=F,8.089175678837561,10.269553264861555,0.7822533528150792,1.17897454097088,-0.04963227074384591,-1.2245186252218685
2020-01-03,ES=F/YM=F,8.08193875449732,10.261231924432881,0.7822533528150792,1.17897454097088,-0.04942146162044381,-1.1727700291951182
2020-01-06,ES=F/YM=F,8.08440827265311,10.262629451038649,0.7822533528150792,1.17897454097088,-0.050935434048817285,-1.3331093929563884
2020-01-07,ES=F/YM=F,8.081861483701779,10.258571231083367,0.7822533528150792,1.17897454097088,-0.051991054669253245,-1.4348160315428014
2020-01-08,ES=F/YM=F,8.08955915853701,10.267088456545594,0.7822533528150792,1.17897454097088,-0.05254919186243612,-1.475487413294329
2020-01-09,ES=F/YM=F,8.09437844497296,10.272599831178495,0.7822533528150792,1.17897454097088,-0.052719633243166086,-1.4698644066857798
2020-01-10,ES=F/YM=F,8.090938469100516,10.267331735953192,0.7822533528150792,1.17897454097088,-0.05393208449330267,-1.6017432740708066
2020-01-13,ES=F/YM=F,8.09856685303025,10.270592910089658,0.7822533528150792,1.17897454097088,-0.0596645807987457,-2.2814226318314583
2020-01-14,ES=F/YM=F,8.098034756176071,10.272772653189536,0.7822533528150792,1.17897454097088,-0.056857509054459854,-1.8627249993309767
2020-01-15,ES=F/YM=F,8.099782012289673,10.276050609301695,0.7822533528150792,1.17897454097088,-0.0556395234167919,-1.6701902928983914
2020-01-16,ES=F/YM=F,8.10666528896561,10.283292913863715,0.7822533528150792,1.17897454097088,-0.05651242681416058,-1.7304819833016092
2020-01-17,ES=F/YM=F,8.109224953089955,10.284625814486557,0.7822533528150792,1.17897454097088,-0.05819730502735787,-1.8723433704512036
2020-01-20,ES=F/YM=F,8.109224953089955,10.284625814486557,0.7822533528150792,1.17897454097088,-0.05819730502735787,-1.8032432460350893
2020-01-21,ES=F/YM=F,8.107569448159214,10.281204551441567,0.7822533528150792,1.17897454097088,-0.05966676990655273,-1.910660802521638
2020-01-22,ES=F/YM=F,8.107644757870437,10.279867079749195,0.7822533528150792,1.17897454097088,-0.061093029831145174,-2.0012217372835055
2020-01-23,ES=F/YM=F,8.109525659752872,10.279420858038254,0.7822533528150792,1.17897454097088,-0.06375678697554221,-2.2214081968533144
2020-01-24,ES=F/YM=F,8.099706108080747,10.27273809117664,0.7822533528150792,1.17897454097088,-0.05886255241197169,-1.5505114195364418
2020-01-27,ES=F/YM=F,8.083174275890013,10.256992477269039,0.7822533528150792,1.17897454097088,-0.055117557051094224,-1.0738937006278022
2020-01-28,ES=F/YM=F,8.095065022411534,10.26500077311511,0.7822533528150792,1.17897454097088,-0.06112814862703431,-1.7115388753312069
2020-01-29,ES=F/YM=F,8.093309497784055,10.26500077311511,0.871983575923342,1.1673542222874653,-0.054741817325693276,-0.9423817535038621
2020-01-30,ES=F/YM=F,8.09856685303025,10.267818117285737,0.871983575923342,1.1673542222874653,-0.058061668999778604,-1.2767244812948126
2020-01-31,ES=F/YM=F,8.07837810362652,10.246935402893767,0.871983575923342,1.1673542222874653,-0.0553769615325983,-0.9425845359233488
2020-02-03,ES=F/YM=F,8.085024700473523,10.2527702409553,0.871983575923342,1.1673542222874653,-0.057301056364257974,-1.1234808370981257
2020-02-04,ES=F/YM=F,8.101526220823477,10.267748648720236,0.871983575923342,1.1673542222874653,-0.06158576805400351,-1.5570548844659913
2020-02-05,ES=F/YM=F,8.112227958349724,10.28332711300532,0.871983575923342,1.1673542222874653,-0.05850002225599482,-1.1729632414715754
2020-02-06,ES=F/YM=F,8.115296708185099,10.286297970079486,0.871983575923342,1.1673542222874653,-0.059111483259298936,-1.2055555308885113
2020-02-07,ES=F/YM=F,8.109375317724476,10.276567200500137,0.871983575923342,1.1673542222874653,-0.06192989268262572,-1.48792430375945
2020-02-10,ES=F/YM=F,8.117610746466228,10.283463897877127,0.871983575923342,1.1673542222874653,-0.06464685781966928,-1.7472234548094114
2020-02-11,ES=F/YM=F,8.118951928397392,10.282916646093451,0.871983575923342,1.1673542222874653,-0.06675974399354523,-1.9348018850726463
2020-02-12,ES=F/YM=F,8.125778906530732,10.292924899567096,0.871983575923342,1.1673542222874653,-0.0647209922693186,-1.6420426372401093
2020-02-13,ES=F/YM=F,8.124891069834353,10.28983779678461,0.871983575923342,1.1673542222874653,-0.06677167513558402,-1.8257489232097663
2020-02-14,ES=F/YM=F,8.125926802707886,10.288579870836355,0.871983575923342,1.1673542222874653,-0.06923866822691949,-2.0511704270019004
2020-02-17,ES=F/YM=F,8.125926802707886,10.288579870836355,0.871983575923342,1.1673542222874653,-0.06923866822691949,-1.9715229365229
2020-02-18,ES=F/YM=F,8.12244544664927,10.282300629646866,0.871983575923342,1.1673542222874653,-0.07145393372209696,-2.1467399216688494
2020-02-19,ES=F/YM=F,8.12777366172654,10.286604796980384,0.871983575923342,1.1673542222874653,-0.07336968075628647,-2.2733954347707974
2020-02-20,ES=F/YM=F,8.12244544664927,10.280930344070526,0.871983575923342,1.1673542222874653,-0.07282421929843608,-2.126602946958509
2020-02-21,ES=F/YM=F,8.113501509857215,10.274395721835582,0.871983575923342,1.1673542222874653,-0.06891809915530445,-1.6252944602185013
2020-02-24,ES=F/YM=F,8.079075751032823,10.238816278455262,0.871983575923342,1.1673542222874653,-0.06431048761652036,-1.0801089814476286
2020-02-25,ES=F/YM=F,8.049586686770223,10.20791611646652,0.871983575923342,1.1673542222874653,-0.06078646592700743,-0.6644020198919017
2020-02-26,ES=F/YM=F,8.0424583877946,10.200401876301486,0.871983575923342,1.1673542222874653,-0.059979456185121904,-0.5505070677308783
2020-02-27,ES=F/YM=F,7.9919305198524775,10.148470870454794,0.9702558091311084,1.1546316746822685,-0.049521058757912684,0.65610619360061
2020-02-28,ES=F/YM=F,7.989899374942939,10.141086124819923,0.9702558091311084,1.1546316746822685,-0.05456058014436138,0.11391231064808965
2020-03-02,ES=F/YM=F,8.027802848370312,10.18369173513195,0.9702558091311084,1.1546316746822685,-0.05571952083205822,0.008567991105489036
2020-03-03,ES=F/YM=F,8.005367067316664,10.161225748614838,0.9702558091311084,1.1546316746822685,-0.05228044389839148,0.46821697727186873
2020-03-04,ES=F/YM=F,8.043904171178973,10.202295007771328,0.9702558091311084,1.1546316746822685,-0.05570734551184309,0.0632111876155676
2020-03-05,ES=F/YM=F,8.011520932891042,10.168156850678836,0.9702558091311084,1.1546316746822685,-0.05245478994830677,0.5284241159564458
2020-03-06,ES=F/YM=F,7.994294986415977,10.157703323404748,0.9702558091311084,1.1546316746822685,-0.04301869379590251,1.8734260302541812
2020-03-09,ES=F/YM=F,7.91853767394901,10.080670931473959,0.9702558091311084,1.1546316746822685,-0.032579293163529144,3.364886364553533
2020-03-10,ES=F/YM=F,7.960585374995119,10.120572789266374,0.9702558091311084,1.1546316746822685,-0.04122704284652379,2.020156749278636
2020-03-11,ES=F/YM=F,7.915804436095833,10.067942107501658,0.9702558091311084,1.1546316746822685,-0.04215223413611291,1.8682090754667644
2020-03-12,ES=F/YM=F,7.81156848934518,9.95631716618066,0.9702558091311084,1.1546316746822685,-0.033423049698310336,2.974380930523606
2020-03-13,ES=F/YM=F,7.899524472032198,10.042727619627632,0.9702558091311084,1.1546316746822685,-0.048569359839575554,0.9252634103091849
2020-03-16,ES=F/YM=F,7.789972030522541,9.923241159022965,0.9702558091311084,1.1546316746822685,-0.041563101438416794,1.7781712340875244
2020-03-17,ES=F/YM=F,7.822244388909664,9.950657357012519,0.9702558091311084,1.1546316746822685,-0.051409590659332594,0.5541218154427107
2020-03-18,ES=F/YM=F,7.789040401657477,9.902537101000133,0.9702558091311084,1.1546316746822685,-0.06119147126459623,-0.6102048226766383
2020-03-19,ES=F/YM=F,7.7845772669459254,9.903637541287253,0.9702558091311084,1.1546316746822685,-0.05493775427114578,0.15555645040032742
2020-03-20,ES=F/YM=F,7.798925098550878,9.916183086960386,0.9702558091311084,1.1546316746822685,-0.0589586694320996,-0.31912189849752665
2020-03-23,ES=F/YM=F,7.705487674732157,9.82536383575455,0.9702558091311084,1.1546316746822685,-0.04189211149612859,1.7365873506819034
2020-03-24,ES=F/YM=F,7.798933310041217,9.933434628904081,0.9702558091311084,1.1546316746822685,-0.04171660873524452,1.6994469562048438
2020-03-25,ES=F/YM=F,7.810758116529357,9.953515046135776,0.9702558091311084,1.1546316746822685,-0.03528948762174444,2.372818421810929
2020-03-26,ES=F/YM=F,7.866338923046544,10.01449211057904,0.9702558091311084,1.1546316746822685,-0.038487782887612454,1.891816284706745
2020-03-27,ES=F/YM=F,7.8336002236611035,9.972873680021136,0.9915525808122434,1.15181008933581,-0.041498674227224086,1.4922207763642268
2020-03-30,ES=F/YM=F,7.867584312870775,10.006359975456757,0.9915525808122434,1.15181008933581,-0.04715559562019145,0.857925084268478
2020-03-31,ES=F/YM=F,7.8515638968930315,9.987415012471414,0.9915525808122434,1.15181008933581,-0.047648081847011525,0.796168430058732
2020-04-01,ES=F/YM=F,7.803026643632217,9.939819481783518,0.9915525808122434,1.15181008933581,-0.03933791452045554,1.6592587483266543
2020-04-02,ES=F/YM=F,7.830624326216415,9.965193941972107,0.9915525808122434,1.15181008933581,-0.045750743574632935,0.9544855934000489
2020-04-03,ES=F/YM=F,7.817122095783468,9.950227998419942,0.9915525808122434,1.15181008933581,-0.04516468188559131,1.0002863500717407
2020-04-06,ES=F/YM=F,7.8802372905060345,10.020737112586367,0.9915525808122434,1.15181008933581,-0.047352285791014026,0.7607339596362307
2020-04-07,ES=F/YM=F,7.879291485082271,10.020870508171171,0.9915525808122434,1.15181008933581,-0.04612950197656929,0.8724946767769874
2020-04-08,ES=F/YM=F,7.913886714856082,10.053888353203654,0.9915525808122434,1.15181008933581,-0.05295879164045303,0.17266460902381242
2020-04-09,ES=F/YM=F,7.930116274583359,10.069764412161227,0.9915525808122434,1.15181008933581,-0.055776103322235926,-0.11119514886209877
2020-04-10,ES=F/YM=F,7.930116274583359,10.069764412161227,0.9915525808122434,1.15181008933581,-0.055776103322235926,-0.11760797538971889
2020-04-13,ES=F/YM=F,7.922714182652993,10.05659483106667,0.9915525808122434,1.15181008933581,-0.060419880249206415,-0.5856944342803019
2020-04-14,ES=F/YM=F,7.952615111651,10.080796567506539,0.9915525808122434,1.15181008933581,-0.07065833550975675,-1.601983608463452
2020-04-15,ES=F/YM=F,7.928406026180535,10.06010661197771,0.9915525808122434,1.15181008933581,-0.06346402214010993,-0.842136145232672
2020-04-16,ES=F/YM=F,7.9329004157683745,10.060790401909905,0.9915525808122434,1.15181008933581,-0.06795691548059501,-1.2689868819459382
2020-04-17,ES=F/YM=F,7.962067308753666,10.092412260463655,0.9915525808122434,1.15181008933581,-0.06992977854188176,-1.4294940605062443
2020-04-20,ES=F/YM=F,7.939693434382254,10.064244931414242,0.9915525808122434,1.15181008933581,-0.07232665335276955,-1.6213904177280067
2020-04-21,ES=F/YM=F,7.912789220690681,10.040157763910994,0.9915525808122434,1.15181008933581,-0.06542527608041837,-0.9304967782309742
2020-04-22,ES=F/YM=F,7.933259095829609,10.058609189403429,0.9915525808122434,1.15181008933581,-0.07055125930044426,-1.4040163183021634
2020-04-23,ES=F/YM=F,7.930475954472139,10.057795362874884,0.9915525808122434,1.15181008933581,-0.06815943553340631,-1.146673276371537
2020-04-24,ES=F/YM=F,7.947855296582579,10.071456603105682,0.9915525808122434,1.15181008933581,-0.07451589689143212,-1.6941706833068984
2020-04-27,ES=F/YM=F,7.9617188159813645,10.085767441795337,1.0205164174090038,1.1479877049078826,-0.07470428629401837,-1.6573292000563538
2020-04-28,ES=F/YM=F,7.961108661244632,10.087682353711763,1.0205164174090038,1.1479877049078826,-0.07208892424173108,-1.3668791514366165
2020-04-29,ES=F/YM=F,7.9865049385539955,10.10911865209904,1.0205164174090038,1.1479877049078826,-0.07980723995603434,-1.991512962985986
2020-04-30,ES=F/YM=F,7.973327713572046,10.095346813810572,1.0205164174090038,1.1479877049078826,-0.07845178598041969,-1.7865543749434827
2020-05-01,ES=F/YM=F,7.945112538835736,10.069806751852576,1.0205164174090038,1.1479877049078826,-0.07160117424930412,-1.1583350468391518
2020-05-04,ES=F/YM=F,7.94635213524026,10.067772421843932,1.0205164174090038,1.1479877049078826,-0.07505854568939085,-1.4129009496171985
2020-05-05,ES=F/YM=F,7.957964828422079,10.075800860133013,1.0205164174090038,1.1479877049078826,-0.08036133639390464,-1.7908319160813886
2020-05-06,ES=F/YM=F,7.949267975609674,10.065308738667605,1.0205164174090038,1.1479877049078826,-0.0808695777592785,-1.7602173625343642
2020-05-07,ES=F/YM=F,7.965545573129992,10.079245952188407,1.0205164174090038,1.1479877049078826,-0.08561884605724046,-2.0556626857280964
2020-05-08,ES=F/YM=F,7.982245625529837,10.097655331613764,1.0205164174090038,1.1479877049078826,-0.08638092145822363,-2.024382427107112
2020-05-11,ES=F/YM=F,7.980280232886928,10.090962474570878,1.0205164174090038,1.1479877049078826,-0.0908175319117337,-2.259835740079915
2020-05-12,ES=F/YM=F,7.955951081736231,10.067899688786515,1.0205164174090038,1.1479877049078826,-0.08595075130425123,-1.8137982347475274
2020-05-13,ES=F/YM=F,7.9420068084898565,10.05044096549229,1.0205164174090038,1.1479877049078826,-0.08740162035776144,-1.8479864290709682
2020-05-14,ES=F/YM=F,7.954021087278037,10.066201463023875,1.0205164174090038,1.1479877049078826,-0.08543336715834471,-1.6574737548827918
2020-05-15,ES=F/YM=F,7.953845448391137,10.065478842856832,1.0205164174090038,1.1479877049078826,-0.08595435604272161,-1.6435964474388858
2020-05-18,ES=F/YM=F,7.988882253309227,10.106714070009978,1.0205164174090038,1.1479877049078826,-0.08494095015479886,-1.537058766114543
2020-05-19,ES=F/YM=F,7.978910721417208,10.092370867165224,1.0205164174090038,1.1479877049078826,-0.08783695698841854,-1.6850844767308593
2020-05-20,ES=F/YM=F,7.99581205371073,10.107203606184239,1.0205164174090038,1.1479877049078826,-0.09240673963893009,-1.9197937479110951
2020-05-21,ES=F/YM=F,7.98514393119862,10.101354320665545,1.0205164174090038,1.1479877049078826,-0.0860091516792707,-1.4662975253872443
2020-05-22,ES=F/YM=F,7.990576881743923,10.103321534414714,1.0205164174090038,1.1479877049078826,-0.09027889835748049,-1.671776910386901
2020-05-25,ES=F/YM=F,7.990576881743923,10.103321534414714,1.0205164174090038,1.1479877049078826,-0.09027889835748049,-1.6091598380687289
2020-05-26,ES=F/YM=F,8.004532551704518,10.126711100650509,1.0861319577571034,1.139424437108903,-0.07998085415240652,-0.9725275536963949
2020-05-27,ES=F/YM=F,8.018131434570488,10.147766176380296,1.0861319577571034,1.139424437108903,-0.0744206778774874,-0.6315954704131292
2020-05-28,ES=F/YM=F,8.018954683155718,10.144746033275508,1.0861319577571034,1.139424437108903,-0.07837885053810112,-0.8344147910486814
2020-05-29,ES=F/YM=F,8.020270472819238,10.14163793595686,1.0861319577571034,1.139424437108903,-0.08298619075345925,-1.0676261593103136
2020-06-01,ES=F/YM=F,8.024207485778577,10.144981697062931,1.0861319577571034,1.139424437108903,-0.08412835842247368,-1.098054421823983
2020-06-02,ES=F/YM=F,8.031710375322042,10.154285180632154,1.0861319577571034,1.139424437108903,-0.0833738505480035,-1.0235737895811348
2020-06-03,ES=F/YM=F,8.044866866800856,10.17458282138351,1.0861319577571034,1.139424437108903,-0.07806703769422363,-0.7019281895016328
2020-06-04,ES=F/YM=F,8.042538763955074,10.17553554720394,1.0861319577571034,1.139424437108903,-0.07446161459920653,-0.4782910084279537
2020-06-05,ES=F/YM=F,8.066756867663031,10.20625526240595,1.0861319577571034,1.139424437108903,-0.07133659858248187,-0.2764556699810959
2020-06-08,ES=F/YM=F,8.079463122720798,10.222922620168259,1.0861319577571034,1.139424437108903,-0.06914705833712986,-0.12739887647557138
2020-06-09,ES=F/YM=F,8.072623363427311,10.213322429629041,1.0861319577571034,1.139424437108903,-0.07095385999340564,-0.2103198698013554
2020-06-10,ES=F/YM=F,8.066521490469993,10.202146656326484,1.0861319577571034,1.139424437108903,-0.07517701013626166,-0.4371231967103352
2020-06-11,ES=F/YM=F,8.009778410772329,10.133209419210461,1.0861319577571034,1.139424437108903,-0.07945979560794747,-0.6776854121655238
2020-06-12,ES=F/YM=F,8.017884327777914,10.147844500249535,1.0861319577571034,1.139424437108903,-0.07406079449021341,-0.3165755070226713
2020-06-15,ES=F/YM=F,8.030409562130485,10.158323550582827,1.0861319577571034,1.139424437108903,-0.07785330225875775,-0.5355388479932017
2020-06-16,ES=F/YM=F,8.048388842745984,10.178084385439254,1.0861319577571034,1.139424437108903,-0.07857849909726866,-0.5645033913002053
2020-06-17,ES=F/YM=F,8.044947049617722,10.171604469493069,1.0861319577571034,1.139424437108903,-0.08113675184563895,-0.7051111833810659
2020-06-18,ES=F/YM=F,8.042056410058754,10.166774468153188,1.0861319577571034,1.139424437108903,-0.08267308783315741,-0.7801023545584236
2020-06-19,ES=F/YM=F,8.058725964373982,10.184304389461342,1.0861319577571034,1.139424437108903,-0.08413686406748866,-0.850670106179779
2020-06-22,ES=F/YM=F,8.04261913365574,10.164042488848484,1.0861319577571034,1.139424437108903,-0.08604624815560591,-0.9537841679238876
2020-06-23,ES=F/YM=F,8.045107395966177,10.166620752066496,1.0861319577571034,1.139424437108903,-0.08630317182004177,-0.9574725760394988
2020-06-24,ES=F/YM=F,8.022568946988255,10.142228824473392,1.1709744509824749,1.1284147433811915,-0.08153070608275037,-0.5983805556176377
2020-06-25,ES=F/YM=F,8.029677110419204,10.150191368259351,1.1709744509824749,1.1284147433811915,-0.08158911871063701,-0.5806951755644897
2020-06-26,ES=F/YM=F,8.008698182988528,10.124629101179664,1.1709744509824749,1.1284147433811915,-0.08347845477722693,-0.7033472589882153
2020-06-29,ES=F/YM=F,8.022158892445256,10.146316077166736,1.1709744509824749,1.1284147433811915,-0.07698074179749703,-0.1609292083822984
2020-06-30,ES=F/YM=F,8.036007272767932,10.153818163694302,1.1709744509824749,1.1284147433811915,-0.08510537179798838,-0.8201951831025968
2020-07-01,ES=F/YM=F,8.04012466444838,10.149370590819828,1.1709744509824749,1.1284147433811915,-0.09419907014895479,-1.6306277950588521
2020-07-02,ES=F/YM=F,8.048468743668883,10.156539359589003,1.1709744509824749,1.1284147433811915,-0.09644588339213556,-1.848274972990757
2020-07-03,ES=F/YM=F,8.048468743668883,10.156539359589003,1.1709744509824749,1.1284147433811915,-0.09644588339213556,-1.8477584752582195
2020-07-06,ES=F/YM=F,8.06211758275474,10.172712841637342,1.1709744509824749,1.1284147433811915,-0.09567395259831457,-1.7928701753951348
2020-07-07,ES=F/YM=F,8.050862807536799,10.15696630364641,1.1709744509824749,1.1284147433811915,-0.0987204362998817,-2.115171712918266
2020-07-08,ES=F/YM=F,8.059434288586939,10.164658797946995,1.1709744509824749,1.1284147433811915,-0.1007001275888868,-2.299953180162955
2020-07-09,ES=F/YM=F,8.052296499538647,10.149214175850595,1.1709744509824749,1.1284147433811915,-0.10809036328804922,-3.094733767405827
2020-07-10,ES=F/YM=F,8.064164666376463,10.16496681011591,1.1709744509824749,1.1284147433811915,-0.10572994345943343,-2.660338682770525
2020-07-13,ES=F/YM=F,8.054602021885955,10.164620289754373,1.1709744509824749,1.1284147433811915,-0.09528583479217012,-1.3981147870806485
2020-07-14,ES=F/YM=F,8.06573649945708,10.184560331647974,1.1709744509824749,1.1284147433811915,-0.08791010154967083,-0.5820891736533425
2020-07-15,ES=F/YM=F,8.076981346978238,10.19485034282748,1.1709744509824749,1.1284147433811915,-0.09030894210011375,-0.8177007809191144
2020-07-16,ES=F/YM=F,8.069185860042397,10.186898014636986,1.1709744509824749,1.1284147433811915,-0.08946472790037063,-0.6988436499625207
2020-07-17,ES=F/YM=F,8.075271546297458,10.185654444299798,1.1709744509824749,1.1284147433811915,-0.09757547633136099,-1.5690419115914946
2020-07-20,ES=F/YM=F,8.084947667773104,10.18990632736338,1.1709744509824749,1.1284147433811915,-0.10424227139964515,-2.2787335356797422
2020-07-21,ES=F/YM=F,8.086794816762861,10.193392153341007,1.1709744509824749,1.1284147433811915,-0.10284079557528258,-2.0179328028514614
2020-07-22,ES=F/YM=F,8.091168169342712,10.199286593089857,1.1709744509824749,1.1284147433811915,-0.10188131135553924,-1.8425419799354812
2020-07-23,ES=F/YM=F,8.079463122720798,10.186521338423402,1.2747026530702632,1.1149671155454872,-0.09651700774300309,-1.1928053178836864
2020-07-24,ES=F/YM=F,8.07215530818825,10.178160370394268,1.2747026530702632,1.1149671155454872,-0.09673000288184141,-1.1782709012738473
2020-07-27,ES=F/YM=F,8.080933768134663,10.184296056044737,1.2747026530702632,1.1149671155454872,-0.10038201139675884,-1.5381907875639946
2020-07-28,ES=F/YM=F,8.074960359115858,10.177210143218492,1.2747026530702632,1.1149671155454872,-0.10080776959933146,-1.5265905417210481
2020-07-29,ES=F/YM=F,8.08717921038666,10.182633293965623,1.2747026530702632,1.1149671155454872,-0.10900823620888644,-2.332193566136286
2020-07-30,ES=F/YM=F,8.0860255859557,10.174201476757755,1.2747026530702632,1.1149671155454872,-0.11615380011254395,-2.957826278111892
2020-07-31,ES=F/YM=F,8.090555518075272,10.178046390796494,1.2747026530702632,1.1149671155454872,-0.11735961142277951,-2.8607466453992583
2020-08-03,ES=F/YM=F,8.098186812741405,10.187086299550273,1.2747026530702632,1.1149671155454872,-0.11682834527077723,-2.6004832616851146
2020-08-04,ES=F/YM=F,8.101677747454572,10.19305534589812,1.2747026530702632,1.1149671155454872,-0.11475157633062771,-2.2486899556483753
2020-08-05,ES=F/YM=F,8.106514516255185,10.205627110076836,1.2747026530702632,1.1149671155454872,-0.10757265031009133,-1.5177802140618573
2020-08-06,ES=F/YM=F,8.114997732175695,10.214092379620332,1.2747026530702632,1.1149671155454872,-0.10856588755203589,-1.5465717261806706
2020-08-07,ES=F/YM=F,8.11514723135373,10.215850042381968,1.2747026530702632,1.1149671155454872,-0.10697491145770854,-1.3648813830735282
2020-08-10,ES=F/YM=F,8.11753618359105,10.228429281911374,1.2747026530702632,1.1149671155454872,-0.09705927511352463,-0.5196074648827421
2020-08-11,ES=F/YM=F,8.110727582974489,10.226078169476098,1.2747026530702632,1.1149671155454872,-0.09181902175845202,-0.0842600353152073
2020-08-12,ES=F/YM=F,8.122668023346407,10.235162586673537,1.2747026530702632,1.1149671155454872,-0.09604780292083248,-0.4174068257486321
2020-08-13,ES=F/YM=F,8.122000144578678,10.233618295752684,1.2747026530702632,1.1149671155454872,-0.09684743097849768,-0.4689751811217043
2020-08-14,ES=F/YM=F,8.120142581909091,10.232503488480885,1.2747026530702632,1.1149671155454872,-0.09589111695864183,-0.3766809582796258
2020-08-17,ES=F/YM=F,8.125557021244514,10.23189161450783,1.2747026530702632,1.1149671155454872,-0.102539912739811,-0.9025154182762264
2020-08-18,ES=F/YM=F,8.127699852817772,10.229801222338855,1.2747026530702632,1.1149671155454872,-0.10701949164711877,-1.2429295930575883
2020-08-19,ES=F/YM=F,8.123483714318926,10.22672980038646,1.2747026530702632,1.1149671155454872,-0.1053900578187168,-1.0743455184541522
2020-08-20,ES=F/YM=F,8.12585285735347,10.228067931903828,1.2747026530702632,1.1149671155454872,-0.10669344287688887,-1.1484170347315807
2020-08-21,ES=F/YM=F,8.129322391709024,10.234911352935114,1.404912215255849,1.0981234304157295,-0.09700025405965107,-0.3621820062447079
2020-08-24,ES=F/YM=F,8.13958641143647,10.24845928021533,1.404912215255849,1.0981234304157295,-0.09472348733239322,-0.1650720625028062
2020-08-25,ES=F/YM=F,8.144098463338524,10.246828999162442,1.404912215255849,1.0981234304157295,-0.10130855829817698,-0.6668189292546384
2020-08-26,ES=F/YM=F,8.154859409268676,10.2510410220253,1.404912215255849,1.0981234304157295,-0.10891338229465752,-1.2533744957339699
2020-08-27,ES=F/YM=F,8.156295056633198,10.256535928419162,1.404912215255849,1.0981234304157295,-0.10499499390959066,-0.8998233722508826
2020-08-28,ES=F/YM=F,8.16180313594038,10.261546538247021,1.404912215255849,1.0981234304157295,-0.10603293502553512,-0.954803226697681
2020-08-31,ES=F/YM=F,8.160232492367689,10.254707645791896,1.404912215255849,1.0981234304157295,-0.11114706697265575,-1.332021479113211
2020-09-01,ES=F/YM=F,8.168202930236053,10.261930931870822,1.404912215255849,1.0981234304157295,-0.11267630546765339,-1.412203622784593
2020-09-02,ES=F/YM=F,8.182908560240437,10.278149751489247,1.404912215255849,1.0981234304157295,-0.11260608271606998,-1.3672569973651645
2020-09-03,ES=F/YM=F,8.14945730011808,10.252417581902414,1.404912215255849,1.0981234304157295,-0.10160463978560941,-0.4409581189001155
2020-09-04,ES=F/YM=F,8.136664568598105,10.24259916009427,1.404912215255849,1.0981234304157295,-0.09737506337265245,-0.05664114204155626
2020-09-07,ES=F/YM=F,8.136664568598105,10.24259916009427,1.404912215255849,1.0981234304157295,-0.09737506337265245,-0.021955150124637158
2020-09-08,ES=F/YM=F,8.11237787214957,10.22284996159088,1.404912215255849,1.0981234304157295,-0.09045447145851249,0.6403870261370023
2020-09-09,ES=F/YM=F,8.131604237312862,10.238959288823757,1.404912215255849,1.0981234304157295,-0.09545806629317255,0.2039617652630041
2020-09-10,ES=F/YM=F,8.113875775365532,10.223576309906816,1.404912215255849,1.0981234304157295,-0.09137300576051821,0.6404918652292835
2020-09-11,ES=F/YM=F,8.111853075496224,10.226005739823366,1.404912215255849,1.0981234304157295,-0.08672240172478318,1.1431237739852074
2020-09-14,ES=F/YM=F,8.126370360044943,10.239709757902132,1.404912215255849,1.0981234304157295,-0.08896015395497692,0.9528350981366134
2020-09-15,ES=F/YM=F,8.13307363732745,10.24092361024682,1.404912215255849,1.0981234304157295,-0.09510732745478201,0.34688130144130586
2020-09-16,ES=F/YM=F,8.12843769687102,10.241886503279616,1.404912215255849,1.0981234304157295,-0.08905359958476744,1.0147241436588497
2020-09-17,ES=F/YM=F,8.120142581909091,10.237743048287497,1.404912215255849,1.0981234304157295,-0.08408799447920323,1.5644229809027068
2020-09-18,ES=F/YM=F,8.117789703806494,10.233053883231225,1.404912215255849,1.0981234304157295,-0.08619340896209948,1.3297248004330764
2020-09-21,ES=F/YM=F,8.094073148069352,10.205627110076836,1.5330898215966153,1.081563667111583,-0.08171814741506189,1.8047052380901498
2020-09-22,ES=F/YM=F,8.101450448896939,10.208874465231354,1.5330898215966153,1.081563667111583,-0.08644981279701369,1.3030416600249835
2020-09-23,ES=F/YM=F,8.080624338256738,10.191856888768045,1.5330898215966153,1.081563667111583,-0.08094262466463498,1.921968094084203
2020-09-24,ES=F/YM=F,8.08271113423758,10.192980484391871,1.5330898215966153,1.081563667111583,-0.0820760317543634,1.7815901214504861
2020-09-25,ES=F/YM=F,8.097806627967028,10.205183470748327,1.5330898215966153,1.081563667111583,-0.08619978295278763,1.3745267852001253
2020-09-28,ES=F/YM=F,8.11552088154677,10.22128652389172,1.5330898215966153,1.081563667111583,-0.08925582287124456,1.046575982702656
2020-09-29,ES=F/YM=F,8.111853075496224,10.2185902205639,1.5330898215966153,1.081563667111583,-0.08798516043678362,1.168905060760079
2020-09-30,ES=F/YM=F,8.117312461601975,10.227887207923072,1.5330898215966153,1.081563667111583,-0.08459284673432599,1.5066517083869804
2020-10-01,ES=F/YM=F,8.122000144578678,10.228790501392256,1.5330898215966153,1.081563667111583,-0.08875958085568136,1.0213184261241313
2020-10-02,ES=F/YM=F,8.113501509857215,10.224302131023784,1.5330898215966153,1.081563667111583,-0.08405613668936596,1.494527900926187
2020-10-05,ES=F/YM=F,8.129469764784231,10.239781201782993,1.5330898215966153,1.081563667111583,-0.08584775028639235,1.2604698779028674
2020-10-06,ES=F/YM=F,8.1176853037822,10.22918769217543,1.5330898215966153,1.081563667111583,-0.08369561503766576,1.4405551894620638
2020-10-07,ES=F/YM=F,8.133514036629931,10.246332298662626,1.5330898215966153,1.081563667111583,-0.08367079089499008,1.3936720780391678
2020-10-08,ES=F/YM=F,8.142499741974827,10.250970378105945,1.5330898215966153,1.081563667111583,-0.08875132387608176,0.8375449071531366
2020-10-09,ES=F/YM=F,8.152846034028972,10.258290745842064,1.5330898215966153,1.081563667111583,-0.09262112971505054,0.4377901250275484
2020-10-12,ES=F/YM=F,8.169831883462855,10.268061219268215,1.5330898215966153,1.081563667111583,-0.10122193389161538,-0.4125779019582375
2020-10-13,ES=F/YM=F,8.161874470248645,10.260637383698072,1.5330898215966153,1.081563667111583,-0.10003932044507557,-0.2776849358954046
2020-10-14,ES=F/YM=F,8.15507488781144,10.254637260432023,1.5330898215966153,1.081563667111583,-0.09868526239551301,-0.12567108732060425
2020-10-15,ES=F/YM=F,8.15349363254054,10.253651344859204,1.5330898215966153,1.081563667111583,-0.09796094971889957,-0.050950497064997984
2020-10-16,ES=F/YM=F,8.149673945722826,10.254426074622923,1.5330898215966153,1.081563667111583,-0.09305498547339575,0.4346467775599694
2020-10-19,ES=F/YM=F,8.138199600513865,10.243524855321837,1.5330898215966153,1.081563667111583,-0.09154596989257158,0.572088932374674
2020-10-20,ES=F/YM=F,8.140971301777714,10.24643875525505,1.6382296760973998,1.06797390091103,-0.08613579920664094,1.1021531542552527
2020-10-21,ES=F/YM=F,8.141044137642126,10.24473408831764,1.6382296760973998,1.06797390091103,-0.08791825294629341,0.896663096460305
2020-10-22,ES=F/YM=F,8.145912095088143,10.249485701810745,1.6382296760973998,1.06797390091103,-0.08836549095627966,0.8325647257594966
2020-10-23,ES=F/YM=F,8.146636627796262,10.246687109906768,1.6382296760973998,1.06797390091103,-0.09193786488288502,0.45607942820392017
2020-10-26,ES=F/YM=F,8.129617116143812,10.224882408848067,1.6382296760973998,1.06797390091103,-0.09556617169051762,0.0825815409783284
2020-10-27,ES=F/YM=F,8.12651816878071,10.217020103578019,1.6382296760973998,1.06797390091103,-0.10011888205647601,-0.3947007072078908
2020-10-28,ES=F/YM=F,8.090555518075272,10.181460140129015,1.6382296760973998,1.06797390091103,-0.09727167314449225,-0.13892299723178198
2020-10-29,ES=F/YM=F,8.102359333303973,10.187048645403605,1.6382296760973998,1.06797390091103,-0.1042893344653315,-0.9380964163214017
2020-10-30,ES=F/YM=F,8.090938469100516,10.180891990576775,1.6382296760973998,1.06797390091103,-0.09824880439702,-0.3180328795852434
2020-11-02,ES=F/YM=F,8.101829251128825,10.196007901628159,1.6382296760973998,1.06797390091103,-0.09476396431238143,0.04525926526805186
2020-11-03,ES=F/YM=F,8.120142581909091,10.217421996131975,1.6382296760973998,1.06797390091103,-0.09290802912063967,0.24224647298472002
2020-11-04,ES=F/YM=F,8.14177220465645,10.230450432489334,1.6382296760973998,1.06797390091103,-0.10297946534400992,-1.0042299591679669
2020-11-05,ES=F/YM=F,8.161874470248645,10.250511070945045,1.6382296760973998,1.06797390091103,-0.10438752188994549,-1.1944413625328325
2020-11-06,ES=F/YM=F,8.160732510235887,10.24721909083893,1.6382296760973998,1.06797390091103,-0.10645991850655179,-1.418961511210758
2020-11-09,ES=F/YM=F,8.173011311724972,10.276704913094171,1.6382296760973998,1.06797390091103,-0.09008753577612083,0.5850506806292373
2020-11-10,ES=F/YM=F,8.172164452111904,10.285991049006945,1.6382296760973998,1.06797390091103,-0.0798969758988548,1.7864385106718113
2020-11-11,ES=F/YM=F,8.1797604936999,10.285718151171379,1.6382296760973998,1.06797390091103,-0.08828224790063643,0.7372719348338475
2020-11-12,ES=F/YM=F,8.169761114558682,10.274775208842707,1.6382296760973998,1.06797390091103,-0.0885461142811721,0.6897113659019607
2020-11-13,ES=F/YM=F,8.183676582620658,10.28909003154804,1.6382296760973998,1.06797390091103,-0.08909264828499097,0.602790937438564
2020-11-16,ES=F/YM=F,8.195057690895077,10.304442505166406,1.6382296760973998,1.06797390091103,-0.08589490126714594,0.9561447005779666
2020-11-17,ES=F/YM=F,8.190562368825882,10.299575498831695,1.6382296760973998,1.06797390091103,-0.08596102095576796,0.9190987352095057
2020-11-18,ES=F/YM=F,8.178919332848396,10.288443784012753,1.747694423364741,1.0538341613192623,-0.07847523498217868,1.7947282040129084
2020-11-19,ES=F/YM=F,8.183118079394745,10.290211469825051,1.747694423364741,1.0538341613192623,-0.08113233171514445,1.405753471054083
2020-11-20,ES=F/YM=F,8.175899349515808,10.28233486274,1.747694423364741,1.0538341613192623,-0.08140159465243357,1.3284311271687619
2020-11-23,ES=F/YM=F,8.182000136293405,10.293703649881554,1.747694423364741,1.0538341613192623,-0.07646202502803945,1.8544615175829138
2020-11-24,ES=F/YM=F,8.197745216200806,10.308885991755306,1.747694423364741,1.0538341613192623,-0.0778723862334072,1.636983289168606
2020-11-25,ES=F/YM=F,8.196230064395795,10.303202828663686,1.747694423364741,1.0538341613192623,-0.08195883059332232,1.1117663134211575
2020-11-26,ES=F/YM=F,8.196230064395795,10.303202828663686,1.747694423364741,1.0538341613192623,-0.08195883059332232,1.08232087480425
2020-11-27,ES=F/YM=F,8.198776959594595,10.304743815870237,1.747694423364741,1.0538341613192623,-0.08310184855256608,0.9283083190994788
2020-11-30,ES=F/YM=F,8.195126692102626,10.29650889041995,1.747694423364741,1.0538341613192623,-0.08748999742186214,0.35694360992142343
2020-12-01,ES=F/YM=F,8.205355029086697,10.302397891673618,1.747694423364741,1.0538341613192623,-0.09237996709549456,-0.3461227236966408
2020-12-02,ES=F/YM=F,8.207197341367872,10.304542952155593,1.747694423364741,1.0538341613192623,-0.09217639823123847,-0.34534751771725564
2020-12-03,ES=F/YM=F,8.206447179365904,10.30668342120025,1.747694423364741,1.0538341613192623,-0.08924538284238537,0.056323304638580145
2020-12-04,ES=F/YM=F,8.21554741194707,10.315530976004416,1.747694423364741,1.0538341613192623,-0.08998796400820197,-0.06816896896958405
2020-12-07,ES=F/YM=F,8.213584968414198,10.310850857927372,1.747694423364741,1.0538341613192623,-0.09259999205064595,-0.4440432959857513
2020-12-08,ES=F/YM=F,8.216628493133443,10.314603332153107,1.747694423364741,1.0538341613192623,-0.09205488814487062,-0.37395224507637365
2020-12-09,ES=F/YM=F,8.208627908048033,10.311050458726438,1.747694423364741,1.0538341613192623,-0.08717647169799392,0.33049033725855265
2020-12-10,ES=F/YM=F,8.20753813815405,10.309285938434412,1.747694423364741,1.0538341613192623,-0.08779255524776275,0.24288046684672818
2020-12-11,ES=F/YM=F,8.205559898141944,10.310052056087594,1.747694423364741,1.0538341613192623,-0.08494170069053553,0.6507293480399229
2020-12-14,ES=F/YM=F,8.201523082424288,10.304442505166406,1.747694423364741,1.0538341613192623,-0.08629711730550582,0.4332134317864386
2020-12-15,ES=F/YM=F,8.214600506228702,10.315696536177638,1.747694423364741,1.0538341613192623,-0.08882452224141524,0.06196950262716923
2020-12-16,ES=F/YM=F,8.216290780793601,10.314304978070902,1.747694423364741,1.0538341613192623,-0.09199734942665039,-0.3862626049925037
2020-12-17,ES=F/YM=F,8.221814912329986,10.318671941705203,1.858327569680905,1.0395691638606017,-0.086800881803212,0.37969038225335744
2020-12-18,ES=F/YM=F,8.22315764499228,10.320983643096678,1.858327569680905,1.0395691638606017,-0.08588504388276519,0.5288120026040499
2020-12-21,ES=F/YM=F,8.21222931172993,10.312712251185442,1.858327569680905,1.0395691638606017,-0.08279567752206951,0.9784888627041793
2020-12-22,ES=F/YM=F,8.209920469199453,10.30601501665695,1.858327569680905,1.0395691638606017,-0.08709271055166923,0.35677024798599793
2020-12-23,ES=F/YM=F,8.21107555680877,10.310085352240225,1.858327569680905,1.0395691638606017,-0.084223168428597,0.7966799333040665
2020-12-24,ES=F/YM=F,8.214735833382303,10.312579409366641,1.858327569680905,1.0395691638606017,-0.085534221959227,0.5960459276770557
2020-12-25,ES=F/YM=F,8.214735833382303,10.312579409366641,1.858327569680905,1.0395691638606017,-0.085534221959227,0.585681028564297
2020-12-28,ES=F/YM=F,8.223493046638893,10.319067994385385,1.858327569680905,1.0395691638606017,-0.0881493658033854,0.19445580619844413
2020-12-29,ES=F/YM=F,8.221478947267192,10.316854690540147,1.858327569680905,1.0395691638606017,-0.0882688740488522,0.18591517557424742
2020-12-30,ES=F/YM=F,8.222620768259702,10.31896899591978,1.858327569680905,1.0395691638606017,-0.0873415705636802,0.32145491525974607
2020-12-31,ES=F/YM=F,8.229177730063219,10.32538359710204,1.858327569680905,1.0395691638606017,-0.08774338468096943,0.2711055361707664
2021-01-01,ES=F/YM=F,8.229177730063219,10.32538359710204,1.858327569680905,1.0395691638606017,-0.08774338468096943,0.27607933981136973
2021-01-04,ES=F/YM=F,8.21399130730642,10.312413332273273,1.858327569680905,1.0395691638606017,-0.08492631270241802,0.707590400026881
2021-01-05,ES=F/YM=F,8.221008406472707,10.318407819415048,1.858327569680905,1.0395691638606017,-0.0862265854736659,0.5177982601389252
2021-01-06,ES=F/YM=F,8.226974571312459,10.332669187261608,1.858327569680905,1.0395691638606017,-0.07816745862102081,1.7138943446527428
2021-01-07,ES=F/YM=F,8.241571433456823,10.339869763279014,1.858327569680905,1.0395691638606017,-0.08614133037802141,0.47907465371791425
2021-01-08,ES=F/YM=F,8.247351037092788,10.341516651517555,1.858327569680905,1.0395691638606017,-0.09050273985876522,-0.19800432935503717
2021-01-11,ES=F/YM=F,8.240648863374913,10.338576185710364,1.858327569680905,1.0395691638606017,-0.08647583253801727,0.39023795212703377
2021-01-12,ES=F/YM=F,8.241307928843968,10.340903421876119,1.858327569680905,1.0395691638606017,-0.0848337405108559,0.6222324633344939
2021-01-13,ES=F/YM=F,8.24374270121118,10.340419027440413,1.858327569680905,1.0395691638606017,-0.08784924922053605,0.12247492003074477
2021-01-14,ES=F/YM=F,8.24045105900279,10.338802682613178,1.858327569680905,1.0395691638606017,-0.08604370430946773,0.39574205415759073
2021-01-15,ES=F/YM=F,8.232772461666828,10.332669187261608,1.9676823012483426,1.0254783598284818,-0.07754311481792442,1.7289369082404968
2021-01-18,ES=F/YM=F,8.232772461666828,10.332669187261608,1.9676823012483426,1.0254783598284818,-0.07754311481792442,1.6697158242555186
2021-01-19,ES=F/YM=F,8.24025321549636,10.336178646897883,1.9676823012483426,1.0254783598284818,-0.08170500634903988,0.9779457827232557
2021-01-20,ES=F/YM=F,8.254528881939745,10.344834472532058,1.9676823012483426,1.0254783598284818,-0.0876885677246868,0.054251070187325286
2021-01-21,ES=F/YM=F,8.254788926148725,10.344384152475557,1.9676823012483426,1.0254783598284818,-0.08840555749009482,-0.06397723939505565
2021-01-22,ES=F/YM=F,8.25172912753089,10.338802682613178,1.9676823012483426,1.0254783598284818,-0.09084927008444943,-0.4547968058118413
2021-01-25,ES=F/YM=F,8.255438740974371,10.337475327577494,1.9676823012483426,1.0254783598284818,-0.09598075342975321,-1.2951738738976046
2021-01-26,ES=F/YM=F,8.253878475412751,10.3366326764176,1.9676823012483426,1.0254783598284818,-0.09522338602061886,-1.1850513613445173
2021-01-27,ES=F/YM=F,8.227976608872504,10.315232898601442,1.9676823012483426,1.0254783598284818,-0.09006136022059152,-0.4131844709023848
2021-01-28,ES=F/YM=F,8.237280856228818,10.325711444459246,1.9676823012483426,1.0254783598284818,-0.08912411868117687,-0.28697997118489965
2021-01-29,ES=F/YM=F,8.217506011837024,10.304911171484573,1.9676823012483426,1.0254783598284818,-0.08964571666308885,-0.39499932991909736
2021-02-01,ES=F/YM=F,8.233702323582925,10.312612621475779,1.9676823012483426,1.0254783598284818,-0.09855323387633952,-1.9396967231624964
2021-02-02,ES=F/YM=F,8.247547481450555,10.32829766690807,1.9676823012483426,1.0254783598284818,-0.09706609822571544,-1.7464669402109003
2021-02-03,ES=F/YM=F,8.24892151248428,10.329637251837125,1.9676823012483426,1.0254783598284818,-0.09713555238747773,-1.8763949884532947
2021-02-04,ES=F/YM=F,8.259587586546926,10.340128278112742,1.9676823012483426,1.0254783598284818,-0.09758235424743233,-2.162605776572933
2021-02-05,ES=F/YM=F,8.263654863531293,10.34309640521113,1.9676823012483426,1.0254783598284818,-0.09878513167994107,-2.3056596891821317
2021-02-08,ES=F/YM=F,8.270781013162674,10.35035048934022,1.9676823012483426,1.0254783598284818,-0.09883875978673018,-2.2027420582650827
2021-02-09,ES=F/YM=F,8.270141095050352,10.35067025399616,1.9676823012483426,1.0254783598284818,-0.09786277295454049,-1.9111672299340228
2021-02-10,ES=F/YM=F,8.269500767180615,10.352267545330237,1.9676823012483426,1.0254783598284818,-0.09560883924685548,-1.4261312668389603
2021-02-11,ES=F/YM=F,8.271804031154709,10.353256586200818,1.9676823012483426,1.0254783598284818,-0.09698174573867924,-1.6292142857164942
2021-02-12,ES=F/YM=F,8.27664912542186,10.3544676259307,1.9676823012483426,1.0254783598284818,-0.10073924533109135,-2.2199431137038284
2021-02-15,ES=F/YM=F,8.27664912542186,10.3544676259307,2.083259464841531,1.0105954776778188,-0.0931360153882359,-0.8271467475670143
2021-02-16,ES=F/YM=F,8.275822021827707,10.356408601800588,2.083259464841531,1.0105954776778188,-0.0903591723665258,-0.3284544094464531
2021-02-17,ES=F/YM=F,8.275885669474356,10.359297171745961,2.083259464841531,1.0105954776778188,-0.08753492444502164,0.17990785334308967
2021-02-18,ES=F/YM=F,8.271164767564569,10.355549946021075,2.083259464841531,1.0105954776778188,-0.0865112280493161,0.3779053205478729
2021-02-19,ES=F/YM=F,8.269500767180615,10.355613575443341,2.083259464841531,1.0105954776778188,-0.08476596736417186,0.737497516735401
2021-02-22,ES=F/YM=F,8.261913770071958,10.35666287680037,2.083259464841531,1.0105954776778188,-0.07604928103997999,2.4046645581538266
2021-02-23,ES=F/YM=F,8.263074835802596,10.357488824304358,2.083259464841531,1.0105954776778188,-0.07639670131266207,2.249782034706842
2021-02-24,ES=F/YM=F,8.274484484607187,10.370862730428172,2.083259464841531,1.0105954776778188,-0.07455333467265923,2.4974008599442383
2021-02-25,ES=F/YM=F,8.250097752572845,10.353639178266699,2.083259464841531,1.0105954776778188,-0.067131765724886,3.6285652606152086
2021-02-26,ES=F/YM=F,8.245187598349464,10.338899737012245,2.083259464841531,1.0105954776778188,-0.07690902732649008,1.7495462953971206
2021-03-01,ES=F/YM=F,8.268411267922014,10.358028498290885,2.083259464841531,1.0105954776778188,-0.08125000149295225,1.024218452281826
2021-03-02,ES=F/YM=F,8.260363582447221,10.353224696920396,2.083259464841531,1.0105954776778188,-0.07792084831684143,1.4915201022990785
2021-03-03,ES=F/YM=F,8.247154554137051,10.349326554782566,2.083259464841531,1.0105954776778188,-0.06847000617989529,2.830990043913075
2021-03-04,ES=F/YM=F,8.233635933541406,10.337799235201873,2.083259464841531,1.0105954776778188,-0.06633546892218867,2.9180446838393923
2021-03-05,ES=F/YM=F,8.252967195000798,10.356631095961035,2.083259464841531,1.0105954776778188,-0.06703969357169548,2.603991584403019
2021-03-08,ES=F/YM=F,8.247809347245832,10.366466566844899,2.083259464841531,1.0105954776778188,-0.051991725072111805,4.311249529736232
2021-03-09,ES=F/YM=F,8.261849226876402,10.367567420904209,2.083259464841531,1.0105954776778188,-0.06507950987459665,2.2926917213862383
2021-03-10,ES=F/YM=F,8.267833993283615,10.382172142969702,2.083259464841531,1.0105954776778188,-0.05652296567519066,3.0671917095465178
2021-03-11,ES=F/YM=F,8.278110788800518,10.388349005624308,2.083259464841531,1.0105954776778188,-0.06073178609498697,2.402945236682811
2021-03-12,ES=F/YM=F,8.279506905285697,10.397329771261706,2.083259464841531,1.0105954776778188,-0.05316192946382259,2.974268906471807
2021-03-15,ES=F/YM=F,8.285891452400564,10.402958960463414,2.083259464841531,1.0105954776778188,-0.05398493470342025,2.6662262454542662
2021-03-16,ES=F/YM=F,8.284630418185536,10.399250298625073,2.1692388640174793,0.9995274781321188,-0.050704314538036144,2.7621256781702987
2021-03-17,ES=F/YM=F,8.287528423111763,10.40477785931878,2.1692388640174793,0.9995274781321188,-0.04807338939985506,2.7737937234574974
2021-03-18,ES=F/YM=F,8.272953676807294,10.400619849170116,2.1692388640174793,0.9995274781321188,-0.03766354013039752,3.35504009336053
2021-03-19,ES=F/YM=F,8.27196253525574,10.398423380760587,2.1692388640174793,0.9995274781321188,-0.038869335324431376,2.957690106948421
2021-03-22,ES=F/YM=F,8.276394704863307,10.392650219665859,2.1692388640174793,0.9995274781321188,-0.04907257172966517,2.064545815164447
2021-03-23,ES=F/YM=F,8.268667727498977,10.383008250473704,2.1692388640174793,0.9995274781321188,-0.05099121472326651,1.8436540936528896
2021-03-24,ES=F/YM=F,8.263783712906553,10.383410571562303,2.1692388640174793,0.9995274781321188,-0.04570718684594155,2.0871111740902353
2021-03-25,ES=F/YM=F,8.268860029028367,10.389026137075234,2.1692388640174793,0.9995274781321188,-0.045165538784448955,2.015363583583364
2021-03-26,ES=F/YM=F,8.285198080378711,10.402867928617377,2.1692388640174793,0.9995274781321188,-0.04765407850610792,1.7757350581603404
2021-03-29,ES=F/YM=F,8.28374674710613,10.405232067565926,2.1692388640174793,0.9995274781321188,-0.04383929207168791,1.9159930168234207
2021-03-30,ES=F/YM=F,8.280901075346753,10.401987526611482,2.1692388640174793,0.9995274781321188,-0.04423950590888914,1.8072408308134327
2021-03-31,ES=F/YM=F,8.285891452400564,10.401167144632103,2.1692388640174793,0.9995274781321188,-0.05004790687979188,1.4186846076783797
2021-04-01,ES=F/YM=F,8.296546520300614,10.405383424480956,2.1692388640174793,0.9995274781321188,-0.05648166017840239,1.0285129018149664
2021-04-02,ES=F/YM=F,8.296546520300614,10.405383424480956,2.1692388640174793,0.9995274781321188,-0.05648166017840239,0.9982355369434109
2021-04-05,ES=F/YM=F,8.310845300019428,10.41676017994517,2.1692388640174793,0.9995274781321188,-0.0593969279469011,0.8158173379388692
2021-04-06,ES=F/YM=F,8.309922989258318,10.413763024996637,2.1692388640174793,0.9995274781321188,-0.061472207946328794,0.6881302758001444
2021-04-07,ES=F/YM=F,8.311398278436641,10.414153163500753,2.1692388640174793,0.9995274781321188,-0.06255666151413664,0.6107948955999029
2021-04-08,ES=F/YM=F,8.316055720364643,10.4160117329377,2.1692388640174793,0.9995274781321188,-0.0653533332620313,0.44346607645260155
2021-04-09,ES=F/YM=F,8.323487075755645,10.424718849016,2.1692388640174793,0.9995274781321188,-0.06407406109680558,0.4937775124396517
2021-04-12,ES=F/YM=F,8.323669120114289,10.423203539647567,2.1692388640174793,0.9995274781321188,-0.06577132880394032,0.38813340717251277
2021-04-13,ES=F/YM=F,8.32669832393312,10.42138808997408,2.1692388640174793,0.9995274781321188,-0.0706145509312126,0.1165675660741812
2021-04-14,ES=F/YM=F,8.323122887587735,10.422995376684952,2.2319555272092986,0.9914603002132957,-0.061006067364234084,0.6111492946652203
2021-04-15,ES=F/YM=F,8.3338711342887,10.431848529391178,2.2319555272092986,0.9914603002132957,-0.06280937455891156,0.5009518548978837
2021-04-16,ES=F/YM=F,8.337168993670966,10.436495323235768,2.2319555272092986,0.9914603002132957,-0.06143227736752621,0.5603901622838625
2021-04-19,ES=F/YM=F,8.332188036993081,10.432879745875956,2.2319555272092986,0.9914603002132957,-0.06010943392413459,0.6128223080921957
2021-04-20,ES=F/YM=F,8.32518486903274,10.425342133149853,2.2319555272092986,0.9914603002132957,-0.060703683641833095,0.5601993399050219
2021-04-21,ES=F/YM=F,8.334411528789825,10.434586281141675,2.2319555272092986,0.9914603002132957,-0.060607402502737884,0.5444286547603677
2021-04-22,ES=F/YM=F,8.325487743311943,10.4255201430002,2.2319555272092986,0.9914603002132957,-0.06082596161527043,0.5110049662936498
2021-04-23,ES=F/YM=F,8.336030962342129,10.432379002113745,2.2319555272092986,0.9914603002132957,-0.06442028560660873,0.2935829861966236
2021-04-26,ES=F/YM=F,8.33794690113921,10.430491597029581,2.2319555272092986,0.9914603002132957,-0.06820726794571819,0.06348078974613973
2021-04-27,ES=F/YM=F,8.337827262447915,10.430668692661685,2.2319555272092986,0.9914603002132957,-0.06791155530082449,0.0613236529524401
2021-04-28,ES=F/YM=F,8.337168993670966,10.425965029042565,2.2319555272092986,0.9914603002132957,-0.0719625715607286,-0.18381764626925606
2021-04-29,ES=F/YM=F,8.34367279057535,10.432673587634051,2.2319555272092986,0.9914603002132957,-0.07170226940059266,-0.1870232111160942
2021-04-30,ES=F/YM=F,8.336749869634055,10.427239273188253,2.2319555272092986,0.9914603002132957,-0.07027278257157832,-0.13337515946433517
2021-05-03,ES=F/YM=F,8.339441178336653,10.434351070038627,2.2319555272092986,0.9914603002132957,-0.0658293114554489,0.10215671622417576
2021-05-04,ES=F/YM=F,8.332849591670644,10.434703865949853,2.2319555272092986,0.9914603002132957,-0.05894121904946026,0.49453465472285246
2021-05-05,ES=F/YM=F,8.333270353255308,10.437580383240466,2.2319555272092986,0.9914603002132957,-0.05648187016589645,0.6239710755941094
2021-05-06,ES=F/YM=F,8.34146981865051,10.447032028864845,2.2319555272092986,0.9914603002132957,-0.0551596689638334,0.6862951437319318
2021-05-07,ES=F/YM=F,8.348833709638338,10.454091426310532,2.2319555272092986,0.9914603002132957,-0.05540127708767706,0.6483357609449129
2021-05-10,ES=F/YM=F,8.338903495735654,10.453572350254236,2.2319555272092986,0.9914603002132957,-0.0460749402868359,1.2758853928398945
2021-05-11,ES=F/YM=F,8.329959590261263,10.439483723444063,2.2319555272092986,0.9914603002132957,-0.051296039890287304,0.8812631872603977
2021-05-12,ES=F/YM=F,8.308630323417056,10.4195394952737,2.2319555272092986,0.9914603002132957,-0.05009314675196386,0.9555253983094842
2021-05-13,ES=F/YM=F,8.320448113956559,10.432290609532771,2.303917582958633,0.9822120241384803,-0.04407115717433463,1.432211597467163
2021-05-14,ES=F/YM=F,8.335431477880796,10.443425276845566,2.303917582958633,0.9822120241384803,-0.047653330069966415,1.1250553076749656
2021-05-17,ES=F/YM=F,8.33272934155025,10.441617010829464,2.303917582958633,0.9822120241384803,-0.0468075252913458,1.1843034895440574
2021-05-18,ES=F/YM=F,8.3243363327069,10.433998149618517,2.303917582958633,0.9822120241384803,-0.04618267229765394,1.223679445152753
2021-05-19,ES=F/YM=F,8.32154320441095,10.429132820900398,2.303917582958633,0.9822120241384803,-0.04830455681853074,1.014034203017518
2021-05-20,ES=F/YM=F,8.331887185581323,10.434938994095775,2.303917582958633,0.9822120241384803,-0.05265836630615439,0.5829057480516853
2021-05-21,ES=F/YM=F,8.331285211086863,10.438605708871151,2.303917582958633,0.9822120241384803,-0.048400384944095265,0.973619117556294
2021-05-24,ES=F/YM=F,8.341350600719991,10.444415520118563,2.303917582958633,0.9822120241384803,-0.05247692042198082,0.5429821646200962
2021-05-25,ES=F/YM=F,8.339381450100111,10.442054794483777,2.303917582958633,0.9822120241384803,-0.05290352264058029,0.47552956768243704
2021-05-26,ES=F/YM=F,8.341171747170762,10.442317372711717,2.303917582958633,0.9822120241384803,-0.054399395722214194,0.30287612055266555
2021-05-27,ES=F/YM=F,8.342601680684194,10.446886846733607,2.303917582958633,0.9822120241384803,-0.05123441959093533,0.6088643336772407
2021-05-28,ES=F/YM=F,8.34343486528277,10.449091343637994,2.303917582958633,0.9822120241384803,-0.04984828661759799,0.7435623238425443
2021-05-31,ES=F/YM=F,8.34343486528277,10.449091343637994,2.303917582958633,0.9822120241384803,-0.04984828661759799,0.725438640305529
2021-06-01,ES=F/YM=F,8.342482597623619,10.450162829195817,2.303917582958633,0.9822120241384803,-0.04784147231475799,0.9365877616165991
2021-06-02,ES=F/YM=F,8.344326793393037,10.451319901931214,2.303917582958633,0.9822120241384803,-0.04849579083894895,0.8299319966903209
2021-06-03,ES=F/YM=F,8.340754297780439,10.450654748704556,2.303917582958633,0.9822120241384803,-0.04565199591873004,1.1435745473952779
2021-06-04,ES=F/YM=F,8.349543474854151,10.455704608661868,2.303917582958633,0.9822120241384803,-0.04923497136550026,0.6963043651191843
2021-06-07,ES=F/YM=F,8.348892875984538,10.45207128190472,2.303917582958633,0.9822120241384803,-0.052229272090023926,0.31387851055353366
2021-06-08,ES=F/YM=F,8.348952038830287,10.451204254885868,2.303917582958633,0.9822120241384803,-0.05315440956735351,0.19507527802594268
2021-06-09,ES=F/YM=F,8.347234893605682,10.446886846733607,2.303917582958633,0.9822120241384803,-0.055785217032815027,-0.13410645001233376
2021-06-10,ES=F/YM=F,8.351846738828245,10.447583528813514,2.303917582958633,0.9822120241384803,-0.05961834478397421,-0.5889001893516225
2021-06-11,ES=F/YM=F,8.35367376158488,10.447612546703045,2.3592285786511025,0.9751045295997421,-0.05732115566798868,-0.3018274691703871
2021-06-14,ES=F/YM=F,8.355791284874787,10.445259365192133,2.3592285786511025,0.9751045295997421,-0.06173914373042422,-0.8188211785608406
2021-06-15,ES=F/YM=F,8.353850393220064,10.442550717713358,2.3592285786511025,0.9751045295997421,-0.06255521896521543,-0.8908851679221383
2021-06-16,ES=F/YM=F,8.348301054933943,10.434615678639949,2.3592285786511025,0.9751045295997421,-0.06507907313954675,-1.1819840576303098
2021-06-17,ES=F/YM=F,8.34812344029803,10.428363999524779,2.3592285786511025,0.9751045295997421,-0.07115755941871527,-1.929068306711357
2021-06-18,ES=F/YM=F,8.33979947285858,10.417031587447198,2.3592285786511025,0.9751045295997421,-0.07437323314184674,-2.241264102356765
2021-06-21,ES=F/YM=F,8.34610826654827,10.427061569124286,2.3592285786511025,0.9751045295997421,-0.07049498476788685,-1.65628416218301
2021-06-22,ES=F/YM=F,8.35143372292126,10.429251048666325,2.3592285786511025,0.9751045295997421,-0.07349838185733581,-1.9546246846793123
2021-06-23,ES=F/YM=F,8.35031181911016,10.427002327418107,2.3592285786511025,0.9751045295997421,-0.07465312961757498,-2.0118188905883
2021-06-24,ES=F/YM=F,8.35608503102148,10.436524664667338,2.3592285786511025,0.9751045295997421,-0.07076027745341129,-1.4749934690262287
2021-06-25,ES=F/YM=F,8.359661803429502,10.44386226975867,2.3592285786511025,0.9751045295997421,-0.06691039933848764,-0.9882483713038152
2021-06-28,ES=F/YM=F,8.36182510418254,10.438927737066038,2.3592285786511025,0.9751045295997421,-0.07395437639429403,-1.7859997078405985
2021-06-29,ES=F/YM=F,8.362175469149628,10.439103345109338,2.3592285786511025,0.9751045295997421,-0.07412041081741627,-1.7327878121615858
2021-06-30,ES=F/YM=F,8.363692300430476,10.445782773171514,2.3592285786511025,0.9751045295997421,-0.068920051807833,-1.0764988990166982
2021-07-01,ES=F/YM=F,8.36886718188024,10.449120317807525,2.3592285786511025,0.9751045295997421,-0.07062855751362918,-1.2367048181067135
2021-07-02,ES=F/YM=F,8.376263066982032,10.453831921962378,2.3592285786511025,0.9751045295997421,-0.07312871442193192,-1.4785084312952135
2021-07-05,ES=F/YM=F,8.376263066982032,10.453831921962378,2.3592285786511025,0.9751045295997421,-0.07312871442193192,-1.4337219802976164
2021-07-06,ES=F/YM=F,8.374246182096304,10.44755451008192,2.3592285786511025,0.9751045295997421,-0.07743945271463559,-1.8548263941596386
2021-07-07,ES=F/YM=F,8.377873651166826,10.450683677611769,2.3592285786511025,0.9751045295997421,-0.07784744670643562,-1.8327173010752649
2021-07-08,ES=F/YM=F,8.369388996647842,10.442725690738797,2.3592285786511025,0.9751045295997421,-0.07753200852585707,-1.7332066126315295
2021-07-09,ES=F/YM=F,8.38022733634308,10.455963627557306,2.3592285786511025,0.9751045295997421,-0.07486258583751493,-1.412035740716907
2021-07-12,ES=F/YM=F,8.384004597172492,10.459525519123666,2.4344406655946464,0.9654445377657823,-0.06920658941437097,-0.8347279269148155
2021-07-13,ES=F/YM=F,8.380513992500983,10.456682772668628,2.4344406655946464,0.9654445377657823,-0.06867935065580077,-0.7655049993766205
2021-07-14,ES=F/YM=F,8.382003281354553,10.457832330215615,2.4344406655946464,0.9654445377657823,-0.06896761889764846,-0.7812612800403483
2021-07-15,ES=F/YM=F,8.378390788535778,10.459210057184402,2.4344406655946464,0.9654445377657823,-0.064102230469258,-0.29180587818424425
2021-07-16,ES=F/YM=F,8.37066339872034,10.45056795696129,2.4344406655946464,0.9654445377657823,-0.06528396440386786,-0.40053402412847344
2021-07-19,ES=F/YM=F,8.354968336321406,10.429369262456103,2.4344406655946464,0.9654445377657823,-0.07132994664611125,-0.9809579687110337
2021-07-20,ES=F/YM=F,8.369968471659712,10.44581184336149,2.4344406655946464,0.9654445377657823,-0.06936916446883856,-0.7679052216083763
2021-07-21,ES=F/YM=F,8.37804606000608,10.454177912797071,2.4344406655946464,0.9654445377657823,-0.0688015585805779,-0.6968009809340735
2021-07-22,ES=F/YM=F,8.38011265086787,10.454754298299642,2.4344406655946464,0.9654445377657823,-0.07022035193731924,-0.8237386144931382
2021-07-23,ES=F/YM=F,8.390041405755754,10.461702359555922,2.4344406655946464,0.9654445377657823,-0.07285795285436336,-1.0708554446931031
2021-07-26,ES=F/YM=F,8.392593223182908,10.464074297511592,2.4344406655946464,0.9654445377657823,-0.07294965309511348,-1.0653893322393135
2021-07-27,ES=F/YM=F,8.3881090380047,10.461759580888051,2.4344406655946464,0.9654445377657823,-0.07093513763202353,-0.8712827660714612
2021-07-28,ES=F/YM=F,8.387938355558974,10.45834920029173,2.4344406655946464,0.9654445377657823,-0.07418073379342616,-1.1813946327277485
2021-07-29,ES=F/YM=F,8.392026715123343,10.462360207273605,2.4344406655946464,0.9654445377657823,-0.07411681122139413,-1.1625554291134468
2021-07-30,ES=F/YM=F,8.386970604366264,10.458291783474328,2.4344406655946464,0.9654445377657823,-0.07330384050790961,-1.0632288123467573
2021-08-02,ES=F/YM=F,8.384746924115932,10.45509997020284,2.4344406655946464,0.9654445377657823,-0.07434881382797798,-1.1302804437471492
2021-08-03,ES=F/YM=F,8.392763113038061,10.463046195981693,2.4344406655946464,0.9654445377657823,-0.07414177385769172,-1.07652267314611
2021-08-04,ES=F/YM=F,8.388165925680001,10.454206739963796,2.4344406655946464,0.9654445377657823,-0.07854290045166401,-1.44591961717467
2021-08-05,ES=F/YM=F,8.39423428401579,10.46147344147898,2.4344406655946464,0.9654445377657823,-0.07713486234497324,-1.267551166737528
2021-08-06,ES=F/YM=F,8.396041989852087,10.465699966318816,2.4344406655946464,0.9654445377657823,-0.07465357723067712,-1.006023553542943
2021-08-09,ES=F/YM=F,8.395195034605388,10.463046195981693,2.4344406655946464,0.9654445377657823,-0.07648965925114304,-1.142272717638151
2021-08-10,ES=F/YM=F,8.39615486303918,10.467522134633262,2.508121082302301,0.9559863538470577,-0.06720842152110684,-0.25803670286572844
2021-08-11,ES=F/YM=F,8.39852226169856,10.473675825695626,2.508121082302301,0.9559863538470577,-0.06331793127122509,0.13550832727833512
2021-08-12,ES=F/YM=F,8.401670100160699,10.474523594701102,2.508121082302301,0.9559863538470577,-0.06547945287966961,-0.04565125974747514
2021-08-13,ES=F/YM=F,8.403464426087895,10.475031911336824,2.508121082302301,0.9559863538470577,-0.0666864873447004,-0.1367806568943059
2021-08-16,ES=F/YM=F,8.406038142050075,10.478245263595852,2.508121082302301,0.9559863538470577,-0.06593357242419629,-0.031202415950822925
2021-08-17,ES=F/YM=F,8.39919763317853,10.470476094800963,2.508121082302301,0.9559863538470577,-0.06716330808451687,-0.13126047208112918
2021-08-18,ES=F/YM=F,8.3881090380047,10.459869545961153,2.508121082302301,0.9559863538470577,-0.06716931125481196,-0.109558891857751
2021-08-19,ES=F/YM=F,8.389700670900961,10.457889773418664,2.508121082302301,0.9559863538470577,-0.0706706631264602,-0.46317728971547517
2021-08-20,ES=F/YM=F,8.39773375137891,10.464759111782492,2.508121082302301,0.9559863538470577,-0.07148084007890709,-0.5295759853634748
2021-08-23,ES=F/YM=F,8.406373356310993,10.471099854390227,2.508121082302301,0.9559863538470577,-0.07339944188887415,-0.7230075186158341
2021-08-24,ES=F/YM=F,8.407936205479288,10.472034764862743,2.508121082302301,0.9559863538470577,-0.07395859389436765,-0.7620605257377441
2021-08-25,ES=F/YM=F,8.41027590907016,10.47333651675158,2.508121082302301,0.9559863538470577,-0.07489356671045222,-0.8483224874202988
2021-08-26,ES=F/YM=F,8.404360383141894,10.467664351799113,2.508121082302301,0.9559863538470577,-0.07491056959966791,-0.8295055994385733
2021-08-27,ES=F/YM=F,8.413054151675093,10.474551841293858,2.508121082302301,0.9559863538470577,-0.07633420418616588,-0.9894609145915254
2021-08-30,ES=F/YM=F,8.417428103226662,10.473110246810576,2.508121082302301,0.9559863538470577,-0.08195723666513643,-1.7258460053730733
2021-08-31,ES=F/YM=F,8.416377886177422,10.472770745873687,2.508121082302301,0.9559863538470577,-0.08129274443437318,-1.629904542939254
2021-09-01,ES=F/YM=F,8.416543783266308,10.471354916669316,2.508121082302301,0.9559863538470577,-0.08286716899186253,-1.9038225447514148
2021-09-02,ES=F/YM=F,8.419635487821433,10.475144835508363,2.508121082302301,0.9559863538470577,-0.08203287751764243,-1.7941333291934498
2021-09-03,ES=F/YM=F,8.419470102887622,10.473138533353255,2.508121082302301,0.9559863538470577,-0.08388107393289523,-2.101731657716455
2021-09-06,ES=F/YM=F,8.419470102887622,10.473138533353255,2.508121082302301,0.9559863538470577,-0.08388107393289523,-2.100233140298054
2021-09-07,ES=F/YM=F,8.416101329854964,10.465699966318816,2.508121082302301,0.9559863538470577,-0.08809913991890461,-2.812307553313488
2021-09-08,ES=F/YM=F,8.414606602641136,10.463446138852328,2.5817737447727533,0.9465367444092017,-0.0830619450685397,-1.8137084246184614
2021-09-09,ES=F/YM=F,8.410108968806563,10.459382139669696,2.5817737447727533,0.9465367444092017,-0.08286876856385028,-1.7636295573427403
2021-09-10,ES=F/YM=F,8.402511591332622,10.451811252722203,2.5817737447727533,0.9465367444092017,-0.08324845857111107,-1.784406631541189
2021-09-13,ES=F/YM=F,8.404919948933452,10.459382139669696,2.5817737447727533,0.9465367444092017,-0.07795717058648144,-0.7937316923494545
2021-09-14,ES=F/YM=F,8.399422655681729,10.451117510824167,2.5817737447727533,0.9465367444092017,-0.08101840937446081,-1.3194729389791253
2021-09-15,ES=F/YM=F,8.407768874134948,10.45791849378284,2.5817737447727533,0.9465367444092017,-0.08211742885862705,-1.4717976576832135
2021-09-16,ES=F/YM=F,8.406094018897518,10.455906073600456,2.5817737447727533,0.9465367444092017,-0.08254453701721598,-1.500434457057457
2021-09-17,ES=F/YM=F,8.403874443559857,10.454402765178827,2.5817737447727533,0.9465367444092017,-0.08194693582476553,-1.3428667276469073
2021-09-20,ES=F/YM=F,8.377528744288263,10.429369262456103,2.5817737447727533,0.9465367444092017,-0.0820432661297712,-1.3178132291615245
2021-09-21,ES=F/YM=F,8.37637819477401,10.42815690812277,2.5817737447727533,0.9465367444092017,-0.08216658307160074,-1.3010385174373078
2021-09-22,ES=F/YM=F,8.385716828627851,10.437902741735204,2.5817737447727533,0.9465367444092017,-0.08126010954441121,-1.1072845073748272
2021-09-23,ES=F/YM=F,8.39795910349254,10.452879829450936,2.5817737447727533,0.9465367444092017,-0.07787078482326404,-0.5081312168497569
2021-09-24,ES=F/YM=F,8.39970386262377,10.453745405545833,2.5817737447727533,0.9465367444092017,-0.07865668735622044,-0.6277430661434422
2021-09-27,ES=F/YM=F,8.396831834745054,10.455733391852487,2.5817737447727533,0.9465367444092017,-0.07395022113139404,0.1677082364653702
2021-09-28,ES=F/YM=F,8.376435753699976,10.43924966159215,2.5817737447727533,0.9465367444092017,-0.07112831124061625,0.6548673364759886
2021-09-29,ES=F/YM=F,8.377873651166826,10.441879704019923,2.5817737447727533,0.9465367444092017,-0.06985929159990967,0.8694704072386804
2021-09-30,ES=F/YM=F,8.365846908921602,10.425905722337927,2.5817737447727533,0.9465367444092017,-0.0744495198312638,0.09108953160358363
2021-10-01,ES=F/YM=F,8.376493309313103,10.43901554494246,2.5817737447727533,0.9465367444092017,-0.07141690639297771,0.6005750547576706
2021-10-04,ES=F/YM=F,8.364333344771902,10.430284945811817,2.5817737447727533,0.9465367444092017,-0.06863765227466168,1.0467524916693738
2021-10-05,ES=F/YM=F,8.374246182096304,10.439483723444063,2.5817737447727533,0.9465367444092017,-0.06882173941131242,0.9852345990774362
2021-10-06,ES=F/YM=F,8.378850241794492,10.442638208053022,2.5817737447727533,0.9465367444092017,-0.0700251664801419,0.7587454726973561
2021-10-07,ES=F/YM=F,8.387084506069217,10.45270662428899,2.6507917782033252,0.9376781722854011,-0.062471224368525036,1.979949149417713
2021-10-08,ES=F/YM=F,8.385317570102655,10.452360123939021,2.6507917782033252,0.9376781722854011,-0.06116090743082303,2.1240568386748846
2021-10-11,ES=F/YM=F,8.37816098272068,10.44511392545483,2.6507917782033252,0.9376781722854011,-0.061696530138881656,1.9626436922326571
2021-10-12,ES=F/YM=F,8.375802423224247,10.441733771878111,2.6507917782033252,0.9376781722854011,-0.06286511395776007,1.7202465401791633
2021-10-13,ES=F/YM=F,8.379079889286603,10.441646202369757,2.6507917782033252,0.9376781722854011,-0.06602589185319108,1.2323114275310385
2021-10-14,ES=F/YM=F,8.395929103923198,10.456912789920937,2.6507917782033252,0.9376781722854011,-0.06655844508689857,1.1564814859049324
2021-10-15,ES=F/YM=F,8.403464426087895,10.467977158387665,2.6507917782033252,0.9376781722854011,-0.06255978373514548,1.733503574000628
2021-10-18,ES=F/YM=F,8.406820133934866,10.466896138710247,2.6507917782033252,0.9376781722854011,-0.0667873774132346,1.0631344474695987
2021-10-19,ES=F/YM=F,8.414329555956998,10.472289588823237,2.6507917782033252,0.9376781722854011,-0.0684353484168767,0.8128935266972032
2021-10-20,ES=F/YM=F,8.41803561988302,10.476639878169875,2.6507917782033252,0.9376781722854011,-0.06756015431876339,0.9340500239582663
2021-10-21,ES=F/YM=F,8.421067679318854,10.476724436423515,2.6507917782033252,0.9376781722854011,-0.07031869201517793,0.5161152135013544
2021-10-22,ES=F/YM=F,8.419911068609684,10.478892321614516,2.6507917782033252,0.9376781722854011,-0.06706627820835642,0.9791703442042402
2021-10-25,ES=F/YM=F,8.42463920980563,10.480662556843653,2.6507917782033252,0.9376781722854011,-0.06972951777414149,0.5817072244769533
2021-10-26,ES=F/YM=F,8.426228556042144,10.481336108732611,2.6507917782033252,0.9376781722854011,-0.07054626115936635,0.4530385544341213
2021-10-27,ES=F/YM=F,8.421672989558825,10.474156316370632,2.6507917782033252,0.9376781722854011,-0.07345439826754241,0.028238426646688713
2021-10-28,ES=F/YM=F,8.431090492362825,10.480466018721645,2.6507917782033252,0.9376781722854011,-0.07597528273327736,-0.3320055195447641
2021-10-29,ES=F/YM=F,8.433159195806228,10.483018006309106,2.6507917782033252,0.9376781722854011,-0.07536307320962621,-0.24054956240439665
2021-11-01,ES=F/YM=F,8.435060801877619,10.485703172388792,2.6507917782033252,0.9376781722854011,-0.07446100163536862,-0.10880384790957423
2021-11-02,ES=F/YM=F,8.438907273017694,10.4895505104864,2.6507917782033252,0.9376781722854011,-0.07422041556613568,-0.0840098807566464
2021-11-03,ES=F/YM=F,8.445106252521336,10.492245967358542,2.6507917782033252,0.9376781722854011,-0.07733760646500265,-0.538761551663592
2021-11-04,ES=F/YM=F,8.449610040092441,10.491524186193454,2.6507917782033252,0.9376781722854011,-0.08228249092812678,-1.2405689154055606
2021-11-05,ES=F/YM=F,8.453241164923721,10.497228676629426,2.7112680434837526,0.9299208109206879,-0.07488424584833364,-0.1647303998590083
2021-11-08,ES=F/YM=F,8.454040376410969,10.499903544136302,2.7112680434837526,0.9299208109206879,-0.0729525817357759,0.1274219617882201
2021-11-09,ES=F/YM=F,8.450679387357898,10.497062985697864,2.7112680434837526,0.9299208109206879,-0.07266768650848654,0.1935363350607432
2021-11-10,ES=F/YM=F,8.442900586834382,10.491051970521008,2.7112680434837526,0.9299208109206879,-0.07144503319452422,0.39289053536866947
2021-11-11,ES=F/YM=F,8.443115988019922,10.486512900336537,2.7112680434837526,0.9299208109206879,-0.07618440942412619,-0.29675566281559923
2021-11-12,ES=F/YM=F,8.450679387357898,10.491635263364433,2.7112680434837526,0.9299208109206879,-0.0780954088419179,-0.5631778077080354
2021-11-15,ES=F/YM=F,8.450839690866216,10.491524186193454,2.7112680434837526,0.9299208109206879,-0.07835555558134555,-0.5804000041151491
2021-11-16,ES=F/YM=F,8.454466361507933,10.49296722793131,2.7112680434837526,0.9299208109206879,-0.08028503034757772,-0.8522980002490338
2021-11-17,ES=F/YM=F,8.452387968050122,10.487572931678823,2.7112680434837526,0.9299208109206879,-0.08374658527036338,-1.3539348348308946
2021-11-18,ES=F/YM=F,8.455636885717132,10.486010387763148,2.7112680434837526,0.9299208109206879,-0.08833036533755934,-1.9979228031271077
2021-11-19,ES=F/YM=F,8.454146889698603,10.47866730544053,2.7112680434837526,0.9299208109206879,-0.09428786935435873,-2.7736021571387814
2021-11-22,ES=F/YM=F,8.450999968681439,10.47928597812618,2.7112680434837526,0.9299208109206879,-0.0907428093245235,-2.0862349188755336
2021-11-23,ES=F/YM=F,8.45286798085968,10.48475300044798,2.7112680434837526,0.9299208109206879,-0.08701289040232218,-1.4870881444386848
2021-11-24,ES=F/YM=F,8.455104999102815,10.484277575702958,2.7112680434837526,0.9299208109206879,-0.08956856496604626,-1.7717149078299306
2021-11-25,ES=F/YM=F,8.455104999102815,10.484277575702958,2.7112680434837526,0.9299208109206879,-0.08956856496604626,-1.7022783090803535
2021-11-26,ES=F/YM=F,8.43288724236298,10.459037945081628,2.7112680434837526,0.9299208109206879,-0.09414744122303098,-2.2306667193348044
2021-11-29,ES=F/YM=F,8.444837529224097,10.465300924015038,2.7112680434837526,0.9299208109206879,-0.09899728273824504,-2.7160351516815253
2021-11-30,ES=F/YM=F,8.426447578109492,10.447467448834278,2.7112680434837526,0.9299208109206879,-0.09972955966571995,-2.6343223129643345
2021-12-01,ES=F/YM=F,8.413719782939962,10.434174625397674,2.7112680434837526,0.9299208109206879,-0.10118654149704209,-2.634683218048163
2021-12-02,ES=F/YM=F,8.428525898700071,10.452244597136675,2.7112680434837526,0.9299208109206879,-0.09688508493226777,-2.032298081739942
2021-12-03,ES=F/YM=F,8.420131478573106,10.450625818960438,2.7112680434837526,0.9299208109206879,-0.09069771713682773,-1.327042437742373
2021-12-06,ES=F/YM=F,8.431635303054591,10.469142212580797,2.7850280857462915,0.9204662490399586,-0.07692159384104791,0.07305125809699996
2021-12-07,ES=F/YM=F,8.452121194672523,10.483270047141055,2.7850280857462915,0.9204662490399586,-0.08165033109658726,-0.4146501302578129
2021-12-08,ES=F/YM=F,8.455104999102815,10.484193653750324,2.7850280857462915,0.9204662490399586,-0.08347321575913735,-0.6014501049965686
2021-12-09,ES=F/YM=F,8.448271745949816,10.484389460685312,2.7850280857462915,0.9204662490399586,-0.07698762992566799,0.05514568650947083
2021-12-10,ES=F/YM=F,8.45765547870004,10.490357130375763,2.7850280857462915,0.9204662490399586,-0.07965736952180968,-0.21648964169058588
2021-12-13,ES=F/YM=F,8.448646648881127,10.48136416355173,2.7850280857462915,0.9204662490399586,-0.08035801255418829,-0.28973842412891515
2021-12-14,ES=F/YM=F,8.441822884391462,10.478751692439356,2.7850280857462915,0.9204662490399586,-0.07668943876242729,0.078879831041612
2021-12-15,ES=F/YM=F,8.457337024262872,10.48921654632878,2.7850280857462915,0.9204662490399586,-0.08050482700752148,-0.317859024616168
2021-12-16,ES=F/YM=F,8.448646648881127,10.488548283231015,2.7850280857462915,0.9204662490399586,-0.07317389287490261,0.42469792677565416
2021-12-17,ES=F/YM=F,8.441706414580757,10.482227560180323,2.7850280857462915,0.9204662490399586,-0.07310636449167518,0.4174534368123384
2021-12-20,ES=F/YM=F,8.424748901024957,10.45774615922359,2.7850280857462915,0.9204662490399586,-0.08197894655265703,-0.4998688694180556
2021-12-21,ES=F/YM=F,8.442631270089333,10.473930231870588,2.7850280857462915,0.9204662490399586,-0.0822549910822925,-0.5265144311797549
2021-12-22,ES=F/YM=F,8.452334619067742,10.480999389497148,2.7850280857462915,0.9204662490399586,-0.08411743869301436,-0.7073567544030408
2021-12-23,ES=F/YM=F,8.458663249225834,10.486596627887137,2.7850280857462915,0.9204662490399586,-0.08434549076620623,-0.7189743616089096
2021-12-24,ES=F/YM=F,8.458663249225834,10.486596627887137,2.7850280857462915,0.9204662490399586,-0.08434549076620623,-0.7000966502154531
2021-12-27,ES=F/YM=F,8.472666426032763,10.49620647826158,2.7850280857462915,0.9204662490399586,-0.08762509202187996,-1.0090259576951501
2021-12-28,ES=F/YM=F,8.471881968706235,10.499077029501269,2.7850280857462915,0.9204662490399586,-0.0840324742893106,-0.6168850760947486
2021-12-29,ES=F/YM=F,8.473136805219317,10.501801939324901,2.7850280857462915,0.9204662490399586,-0.08246259912403353,-0.4430153822885025
2021-12-30,ES=F/YM=F,8.47057317078101,10.499325055627958,2.7850280857462915,0.9204662490399586,-0.08257974384563838,-0.43811799615459446
2021-12-31,ES=F/YM=F,8.467687771512399,10.497532372052861,2.7850280857462915,0.9204662490399586,-0.08171651477897335,-0.3312011269036215
2022-01-03,ES=F/YM=F,8.47345026846832,10.503833902240531,2.7850280857462915,0.9204662490399586,-0.08071916854942351,-0.21114820748184632
2022-01-04,ES=F/YM=F,8.473084551790175,10.509850603011182,2.8508840564432743,0.9120271085688988,-0.06871625786108826,1.0344219017103025
2022-01-05,ES=F/YM=F,8.453720768460665,10.499325055627958,2.8508840564432743,0.9120271085688988,-0.06158150992334477,1.8008262581870964
2022-01-06,ES=F/YM=F,8.452654670278667,10.494685060560329,2.8508840564432743,0.9120271085688988,-0.06524919454859646,1.4222840263452194
2022-01-07,ES=F/YM=F,8.448432435845445,10.494242031340844,2.8508840564432743,0.9120271085688988,-0.061841431506249656,1.800025036125617
2022-01-10,ES=F/YM=F,8.447253443211556,10.48993999442511,2.8508840564432743,0.9120271085688988,-0.06506819517907303,1.4549659982982066
2022-01-11,ES=F/YM=F,8.45638105201948,10.494823466949388,2.8508840564432743,0.9120271085688988,-0.06850934932403518,1.0905143230308987
2022-01-12,ES=F/YM=F,8.45876927127852,10.495708814506113,2.8508840564432743,0.9120271085688988,-0.06980212247276096,0.9624528687823554
2022-01-13,ES=F/YM=F,8.445052513638554,10.49096861519108,2.8508840564432743,0.9120271085688988,-0.062032266978474304,1.8199218153385792
2022-01-14,ES=F/YM=F,8.44564348257616,10.48559143430275,2.8508840564432743,0.9120271085688988,-0.06794842755822472,1.1659176384863696
2022-01-17,ES=F/YM=F,8.44564348257616,10.48559143430275,2.8508840564432743,0.9120271085688988,-0.06794842755822472,1.1640062746457729
2022-01-18,ES=F/YM=F,8.427541969463592,10.470476094800963,2.8508840564432743,0.9120271085688988,-0.06655469639523304,1.3123618583161458
2022-01-19,ES=F/YM=F,8.417207096540311,10.460528600099082,2.8508840564432743,0.9120271085688988,-0.06707650682746813,1.2423144007718345
2022-01-20,ES=F/YM=F,8.406205763226609,10.45207128190472,2.8508840564432743,0.9120271085688988,-0.06550031080933127,1.4072093984217429
2022-01-21,ES=F/YM=F,8.387084506069217,10.438722822031876,2.8508840564432743,0.9120271085688988,-0.06140966580471652,1.812791525691493
2022-01-24,ES=F/YM=F,8.390211729655448,10.441529431095358,2.8508840564432743,0.9120271085688988,-0.061455169426433365,1.7576191623269284
2022-01-25,ES=F/YM=F,8.37770121259764,10.439542230347895,2.8508840564432743,0.9120271085688988,-0.052032439474960945,2.6378317702374865
2022-01-26,ES=F/YM=F,8.3759751895007,10.435732143675418,2.8508840564432743,0.9120271085688988,-0.05426834629301336,2.257038952850481
2022-01-27,ES=F/YM=F,8.370489712224028,10.43537971041382,2.8508840564432743,0.9120271085688988,-0.04961787557484865,2.563922413652486
2022-01-28,ES=F/YM=F,8.394629998993112,10.451464441932911,2.8508840564432743,0.9120271085688988,-0.05554973999778845,1.8938238862396035
2022-01-31,ES=F/YM=F,8.41277667449581,10.463017622512156,2.8508840564432743,0.9120271085688988,-0.06054681940740636,1.3973887831083243
2022-02-01,ES=F/YM=F,8.419580362549237,10.47090142763031,2.8508840564432743,0.9120271085688988,-0.05886816223222535,1.4933075334525923
2022-02-02,ES=F/YM=F,8.428853660092715,10.477062597955229,2.8961926556655113,0.9062164260186601,-0.05749569699380519,1.551824017589068
2022-02-03,ES=F/YM=F,8.404919948933452,10.462274425587943,2.8961926556655113,0.9062164260186601,-0.050594747172981513,2.0538438171092452
2022-02-04,ES=F/YM=F,8.410164618657713,10.462474571409137,2.8961926556655113,0.9062164260186601,-0.055147407204954924,1.6083944792239828
2022-02-07,ES=F/YM=F,8.406429214431382,10.462217233709174,2.8961926556655113,0.9062164260186601,-0.05201966023719784,1.7937439143409464
2022-02-08,ES=F/YM=F,8.414606602641136,10.472827337368,2.8961926556655113,0.9062164260186601,-0.04882004009598084,1.9654121890474545
2022-02-09,ES=F/YM=F,8.428962890021824,10.481251939552509,2.8961926556655113,0.9062164260186601,-0.053405341352496194,1.5461275947510438
2022-02-10,ES=F/YM=F,8.411276965824689,10.467066903737985,2.8961926556655113,0.9062164260186601,-0.05156310215025517,1.621048905541246
2022-02-11,ES=F/YM=F,8.391516583328235,10.452389003554346,2.8961926556655113,0.9062164260186601,-0.048333819131196165,1.7839821176995996
2022-02-14,ES=F/YM=F,8.387995252944556,10.44787366982408,2.8961926556655113,0.9062164260186601,-0.049658065426333664,1.619233930115711
2022-02-15,ES=F/YM=F,8.40391250495727,10.460356714803446,2.8961926556655113,0.9062164260186601,-0.05159949567796929,1.4273762067754063
2022-02-16,ES=F/YM=F,8.405143687607614,10.458837110181584,2.8961926556655113,0.9062164260186601,-0.05423481824100129,1.2039786695242025
2022-02-17,ES=F/YM=F,8.38354750654632,10.44088694523715,2.8961926556655113,0.9062164260186601,-0.05261416916841721,1.2771098558813503
2022-02-18,ES=F/YM=F,8.376435753699976,10.434321664760377,2.8961926556655113,0.9062164260186601,-0.05273466239804847,1.2294342206410158
2022-02-21,ES=F/YM=F,8.376435753699976,10.434321664760377,2.8961926556655113,0.9062164260186601,-0.05273466239804847,1.1901569117279749
2022-02-22,ES=F/YM=F,8.366370301681654,10.42004670814988,2.8961926556655113,0.9062164260186601,-0.05788814105423956,0.8101435997341784
2022-02-23,ES=F/YM=F,8.348064228408266,10.40626084311129,2.8961926556655113,0.9062164260186601,-0.05508474179658318,0.9722745133603233
2022-02-24,ES=F/YM=F,8.36264243156764,10.408978974711417,2.8961926556655113,0.9062164260186601,-0.06557761736131873,0.2281339609247295
2022-02-25,ES=F/YM=F,8.384804003370492,10.433939317437297,2.8961926556655113,0.9062164260186601,-0.06070045502957555,0.544193892548751
2022-02-28,ES=F/YM=F,8.38206051742474,10.429398813720159,2.8961926556655113,0.9062164260186601,-0.06275476671812186,0.3692862464558542
2022-03-01,ES=F/YM=F,8.367242014652733,10.412321193621326,2.8961926556655113,0.9062164260186601,-0.06640361619595936,0.05836174997232492
2022-03-02,ES=F/YM=F,8.385203466953286,10.429664735806556,2.8961926556655113,0.9062164260186601,-0.06533703712064032,0.10840344494329629
2022-03-03,ES=F/YM=F,8.380055303197603,10.426380077520257,2.9317056723056822,0.901656604787324,-0.061257807396584596,0.42024386337958725
2022-03-04,ES=F/YM=F,8.372687515306508,10.421775265533249,2.9317056723056822,0.901656604787324,-0.05921940476891496,0.5733271441741992
2022-03-07,ES=F/YM=F,8.342482597623619,10.397634863249305,2.9317056723056822,0.901656604787324,-0.05612534352702436,0.8137905600384939
2022-03-08,ES=F/YM=F,8.335371509663934,10.392128915166236,2.9317056723056822,0.901656604787324,-0.055219532184021425,0.8662169508219447
2022-03-09,ES=F/YM=F,8.360597859193163,10.412261072175989,2.9317056723056822,0.901656604787324,-0.057832879841970275,0.6118854510691337
2022-03-10,ES=F/YM=F,8.356378690906714,10.408858325619155,2.9317056723056822,0.901656604787324,-0.057431385446618854,0.62336187261793
2022-03-11,ES=F/YM=F,8.343196883368273,10.401987526611482,2.9317056723056822,0.901656604787324,-0.05241672062422165,1.0448346870721907
2022-03-14,ES=F/YM=F,8.336150816120663,10.40256442926757,2.9317056723056822,0.901656604787324,-0.045486684896547835,1.629281485683008
2022-03-15,ES=F/YM=F,8.357493812658563,10.420255485757748,2.9317056723056822,0.901656604787324,-0.04703968220072152,1.4382403909269803
2022-03-16,ES=F/YM=F,8.379768515504566,10.435849593832643,2.9317056723056822,0.901656604787324,-0.051529707066600317,0.9930338866932347
2022-03-17,ES=F/YM=F,8.391686656176516,10.447583528813514,2.9317056723056822,0.901656604787324,-0.05054184233937775,1.048872631618409
2022-03-18,ES=F/YM=F,8.39148258743487,10.446208862104525,2.9317056723056822,0.901656604787324,-0.05173250911963123,0.9149449077201866
2022-03-21,ES=F/YM=F,8.401164865356115,10.446857807777846,2.9317056723056822,0.901656604787324,-0.0598136532833875,0.153169844066069
2022-03-22,ES=F/YM=F,8.412943170042439,10.454754298299642,2.9317056723056822,0.901656604787324,-0.06253714897521245,-0.13521491186859194
2022-03-23,ES=F/YM=F,8.400097419539991,10.441441843690372,2.9317056723056822,0.901656604787324,-0.06426714780049991,-0.34539828420829327
2022-03-24,ES=F/YM=F,8.414606602641136,10.451724561300265,2.9317056723056822,0.901656604787324,-0.06706673096382332,-0.682654408041572
2022-03-25,ES=F/YM=F,8.419911068609684,10.456193810265846,2.9317056723056822,0.901656604787324,-0.06738028877365299,-0.7980931487603715
2022-03-28,ES=F/YM=F,8.426830751335846,10.458894495697496,2.9317056723056822,0.901656604787324,-0.07091878097507909,-1.2830454624613934
2022-03-29,ES=F/YM=F,8.439339752211373,10.46851723031563,2.9317056723056822,0.901656604787324,-0.07257486961565451,-1.564016458426726
2022-03-30,ES=F/YM=F,8.432941638968646,10.466440622688136,2.9317056723056822,0.901656604787324,-0.06888257617966698,-1.18757412917392
2022-03-31,ES=F/YM=F,8.41864276768696,10.452129056986344,2.9317056723056822,0.901656604787324,-0.07030147014932275,-1.4731273736313766
2022-04-01,ES=F/YM=F,8.420517079150777,10.455013563428494,2.967953635514594,0.8970022632673716,-0.06616294996590355,-0.9907486352893957
2022-04-04,ES=F/YM=F,8.428962890021824,10.458205652066457,2.967953635514594,0.8970022632673716,-0.07054677279439758,-1.6260819860366036
2022-04-05,ES=F/YM=F,8.416322581031263,10.450162829195817,2.967953635514594,0.8970022632673716,-0.06725120989210698,-1.115495274661893
2022-04-06,ES=F/YM=F,8.406429214431382,10.445782773171514,2.967953635514594,0.8970022632673716,-0.06275689368498227,-0.4829792308460417
2022-04-07,ES=F/YM=F,8.410998995009834,10.448424705930886,2.967953635514594,0.8970022632673716,-0.06421406444711675,-0.6824546286710367
2022-04-08,ES=F/YM=F,8.408159270392103,10.451984613023129,2.967953635514594,0.8970022632673716,-0.058106917945713654,0.16208858242976504
2022-04-11,ES=F/YM=F,8.391403185357937,10.440536324342396,2.967953635514594,0.8970022632673716,-0.054524960427298375,0.6448205892531436
2022-04-12,ES=F/YM=F,8.38776764397578,10.438195704765366,2.967953635514594,0.8970022632673716,-0.0536044911563307,0.7518940306511089
2022-04-13,ES=F/YM=F,8.398916283825184,10.448192727735796,2.967953635514594,0.8970022632673716,-0.05360782336317005,0.7303189238277197
2022-04-14,ES=F/YM=F,8.386514867774121,10.44459016718639,2.967953635514594,0.8970022632673716,-0.04608628564705164,1.7877414434320316
2022-04-15,ES=F/YM=F,8.386514867774121,10.44459016718639,2.967953635514594,0.8970022632673716,-0.04608628564705164,1.7213291564542417
2022-04-18,ES=F/YM=F,8.386343912991245,10.443279570094715,2.967953635514594,0.8970022632673716,-0.047243535911571044,1.4933009937599626
2022-04-19,ES=F/YM=F,8.402735869438413,10.45855013319517,2.967953635514594,0.8970022632673716,-0.04667659484360609,1.5238524627366672
2022-04-20,ES=F/YM=F,8.401894567052775,10.465357939808428,2.967953635514594,0.8970022632673716,-0.03911413808633846,2.5253630602807298
2022-04-21,ES=F/YM=F,8.38719839480005,10.454754298299642,2.967953635514594,0.8970022632673716,-0.03653527982306315,2.710033884572216
2022-04-22,ES=F/YM=F,8.358724870644442,10.426083631901035,2.967953635514594,0.8970022632673716,-0.03966513061089216,2.1266144675023164
2022-04-25,ES=F/YM=F,8.364682832193912,10.433085861625402,2.967953635514594,0.8970022632673716,-0.038007205880858486,2.237575699632022
2022-04-26,ES=F/YM=F,8.335791211681666,10.409099609249232,2.967953635514594,0.8970022632673716,-0.03607760926808279,2.3514633272462504
2022-04-27,ES=F/YM=F,8.338126332342778,10.411087980946425,2.967953635514594,0.8970022632673716,-0.036183846088909455,2.2269255684487983
2022-04-28,ES=F/YM=F,8.362525711404098,10.429044140902112,2.967953635514594,0.8970022632673716,-0.0401139843735443,1.680978909649004
2022-04-29,ES=F/YM=F,8.325427175794283,10.400680674570822,2.967953635514594,0.8970022632673716,-0.035199980298926015,2.140854107760728
2022-05-02,ES=F/YM=F,8.33110454805304,10.40365659611359,2.9968187053177284,0.8932961597971019,-0.035305808848088205,2.0199842218071766
2022-05-03,ES=F/YM=F,8.335491442501688,10.4052623407817,2.9968187053177284,0.8932961597971019,-0.03761886014439142,1.6911143584793271
2022-05-04,ES=F/YM=F,8.365265039942077,10.43320362298215,2.9968187053177284,0.8932961597971019,-0.036274218200786024,1.7677291945494102
2022-05-05,ES=F/YM=F,8.329235783003654,10.401531841937386,2.9968187053177284,0.8932961597971019,-0.035761202382113666,1.7461355534048877
2022-05-06,ES=F/YM=F,8.323487075755645,10.398458146978019,2.9968187053177284,0.8932961597971019,-0.03369959923303689,1.874927494833382
2022-05-09,ES=F/YM=F,8.2909197470931,10.378509817336841,2.9968187053177284,0.8932961597971019,-0.024555659245113937,2.6416378200094726
2022-05-10,ES=F/YM=F,8.293236809845002,10.376206242666091,2.9968187053177284,0.8932961597971019,-0.02892905717414518,2.087198440607966
2022-05-11,ES=F/YM=F,8.276458316071624,10.36542750757227,2.9968187053177284,0.8932961597971019,-0.024719628213027534,2.3418336200009358
2022-05-12,ES=F/YM=F,8.27569471438005,10.362556616729083,2.9968187053177284,0.8932961597971019,-0.02690839659751809,2.0413265766375694
2022-05-13,ES=F/YM=F,8.29897499062452,10.377234168060697,2.9968187053177284,0.8932961597971019,-0.03302702663410528,1.4717545370145906
2022-05-16,ES=F/YM=F,8.295236435581593,10.378447628282094,2.9968187053177284,0.8932961597971019,-0.028473929549670984,1.7738391409086316
2022-05-17,ES=F/YM=F,8.315015805910933,10.391484575362098,2.9968187053177284,0.8932961597971019,-0.03310581802807189,1.3541998871643428
2022-05-18,ES=F/YM=F,8.274548217439177,10.355836246543143,2.9968187053177284,0.8932961597971019,-0.03260460546895683,1.3492294181014415
2022-05-19,ES=F/YM=F,8.26815474255666,10.348237474307195,2.9968187053177284,0.8932961597971019,-0.03449211114459416,1.1696731333210255
2022-05-20,ES=F/YM=F,8.268603618770554,10.34858995368279,2.9968187053177284,0.8932961597971019,-0.034540611167093616,1.1330999837083486
2022-05-23,ES=F/YM=F,8.286962082600134,10.368447232429933,2.9968187053177284,0.8932961597971019,-0.031082877658689334,1.3454600642105128
2022-05-24,ES=F/YM=F,8.279062897793704,10.369734132904151,2.9968187053177284,0.8932961597971019,-0.022739665731359437,1.8903859281484943
2022-05-25,ES=F/YM=F,8.28822018177847,10.37586336592692,2.9968187053177284,0.8932961597971019,-0.02479059932635419,1.668976731524172
2022-05-26,ES=F/YM=F,8.307890906290508,10.392067567354799,2.9968187053177284,0.8932961597971019,-0.02615818056550534,1.5102053632048407
2022-05-27,ES=F/YM=F,8.332248196415568,10.409039293799411,2.9968187053177284,0.8932961597971019,-0.030944727852672216,1.132558231238185
2022-05-30,ES=F/YM=F,8.332248196415568,10.409039293799411,2.9968187053177284,0.8932961597971019,-0.030944727852672216,1.098142851552869
2022-05-31,ES=F/YM=F,8.326335303599997,10.403383666209391,3.0108734688348244,0.8914836661307786,-0.030281724512887465,1.1097785220890541
2022-06-01,ES=F/YM=F,8.318498320504338,10.39812281690339,3.0108734688348244,0.8914836661307786,-0.028556031397365622,1.1923104637681674
2022-06-02,ES=F/YM=F,8.336929515731727,10.4109976861338,3.0108734688348244,0.8914836661307786,-0.03211227165944042,0.9131673132407403
2022-06-03,ES=F/YM=F,8.320448113956559,10.400863128577715,3.0108734688348244,0.8914836661307786,-0.027553928738024425,1.1933975111937558
2022-06-06,ES=F/YM=F,8.323729794203437,10.401592611892738,3.0108734688348244,0.8914836661307786,-0.02975000976055764,1.007921249157441
2022-06-07,ES=F/YM=F,8.332969827332686,10.409250381959657,3.0108734688348244,0.8914836661307786,-0.03032957830287142,0.9376807800193023
2022-06-08,ES=F/YM=F,8.322151070212902,10.40089353434265,3.0108734688348244,0.8914836661307786,-0.029041680659754654,0.9946852745687655
2022-06-09,ES=F/YM=F,8.298103910430068,10.381676341775822,3.0108734688348244,0.8914836661307786,-0.02682122306334911,1.112922416932569
2022-06-10,ES=F/YM=F,8.268475388982598,10.354180933247363,3.0108734688348244,0.8914836661307786,-0.027903288669782533,1.0113771123870117
2022-06-13,ES=F/YM=F,8.229644443409692,10.32636681689808,3.0108734688348244,0.8914836661307786,-0.021100251300406825,1.4295258079127748
2022-06-14,ES=F/YM=F,8.225971528665925,10.32137518064285,3.0108734688348244,0.8914836661307786,-0.02281754405447778,1.2685132207749663
2022-06-15,ES=F/YM=F,8.239923389311766,10.330746767679962,3.0108734688348244,0.8914836661307786,-0.02588381289526609,1.031252671316181
2022-06-16,ES=F/YM=F,8.207469988087576,10.306549776027982,3.0108734688348244,0.8914836661307786,-0.0211491274454918,1.301291767219405
2022-06-17,ES=F/YM=F,8.206245224130718,10.30247135069618,3.0108734688348244,0.8914836661307786,-0.024135695714889494,1.069949991391438
2022-06-20,ES=F/YM=F,8.206245224130718,10.30247135069618,3.0108734688348244,0.8914836661307786,-0.024135695714889494,1.0381601826628972
2022-06-21,ES=F/YM=F,8.234233285299785,10.326301298978905,3.0108734688348244,0.8914836661307786,-0.02525664681105777,0.9360791889379485
2022-06-22,ES=F/YM=F,8.232905352032471,10.324530690607611,3.0108734688348244,0.8914836661307786,-0.02584342436482867,0.8720066525647149
2022-06-23,ES=F/YM=F,8.242690554076571,10.331105465285425,3.0108734688348244,0.8914836661307786,-0.027991997479118957,0.7031823047993088
2022-06-24,ES=F/YM=F,8.272889842266402,10.3573300412176,3.0108734688348244,0.8914836661307786,-0.028689593696955562,0.6332724260010557
2022-06-27,ES=F/YM=F,8.269692908597289,10.35523173816502,3.0108734688348244,0.8914836661307786,-0.027937882601816177,0.6686694135975431
2022-06-28,ES=F/YM=F,8.249444456671906,10.339578854186053,3.0108734688348244,0.8914836661307786,-0.025539602424871077,0.832793331416106
2022-06-29,ES=F/YM=F,8.248332873205044,10.341710224882465,3.021729585818986,0.8900805622643748,-0.02170012246259212,1.13202371424671
2022-06-30,ES=F/YM=F,8.239989363252084,10.334652895494106,3.021729585818986,0.8900805622643748,-0.021331055820763112,1.1524688002465069
2022-07-01,ES=F/YM=F,8.24990180861219,10.343708291934567,3.021729585818986,0.8900805622643748,-0.021098534319840212,1.1851098936688564
2022-07-04,ES=F/YM=F,8.24990180861219,10.343708291934567,3.021729585818986,0.8900805622643748,-0.021098534319840212,1.1970175237484548
2022-07-05,ES=F/YM=F,8.251663923605589,10.339675833287133,3.021729585818986,0.8900805622643748,-0.026699417271372816,0.6260165790604855
2022-07-06,ES=F/YM=F,8.255373778490183,10.342161750401328,3.021729585818986,0.8900805622643748,-0.027515569878777235,0.5265366058142216
2022-07-07,ES=F/YM=F,8.270013062273787,10.353511663841456,3.021729585818986,0.8900805622643748,-0.029195798379906712,0.30421644072575693
2022-07-08,ES=F/YM=F,8.26905229358499,10.351692814320451,3.021729585818986,0.8900805622643748,-0.030159486366180488,0.1484090468258807
2022-07-11,ES=F/YM=F,8.257580138892049,10.346248445387989,3.021729585818986,0.8900805622643748,-0.02539271339916649,0.7710924986843503
2022-07-12,ES=F/YM=F,8.248986895465114,10.340645107376782,3.021729585818986,0.8900805622643748,-0.023347372469253003,1.080523883229016
2022-07-13,ES=F/YM=F,8.243939855616578,10.33390540199987,3.021729585818986,0.8900805622643748,-0.025594805780008834,0.7126859289945683
2022-07-14,ES=F/YM=F,8.24097845040535,10.328885998351742,3.021729585818986,0.8900805622643748,-0.027978320212634245,0.3015090448210635
2022-07-15,ES=F/YM=F,8.259716961021523,10.349678650556253,3.021729585818986,0.8900805622643748,-0.023864452073363296,1.0017621099114922
2022-07-18,ES=F/YM=F,8.251598715428461,10.343257464336283,3.021729585818986,0.8900805622643748,-0.02305974569126068,1.1642871972148972
2022-07-19,ES=F/YM=F,8.278301283133889,10.366938509842946,3.021729585818986,0.8900805622643748,-0.023146136661747363,1.1213065440945236
2022-07-20,ES=F/YM=F,8.284630418185536,10.36888684808733,3.021729585818986,0.8900805622643748,-0.026831238502780685,0.36206587587708877
2022-07-21,ES=F/YM=F,8.294362091284073,10.37370990785957,3.021729585818986,0.8900805622643748,-0.030670151793859013,-0.453288110482842
2022-07-22,ES=F/YM=F,8.285261134068948,10.369577282460726,3.021729585818986,0.8900805622643748,-0.026702192077520337,0.34778520386774314
2022-07-25,ES=F/YM=F,8.286521373681236,10.37245939967773,3.021729585818986,0.8900805622643748,-0.02494178964320959,0.7038835111010602
2022-07-26,ES=F/YM=F,8.27467567091883,10.365080914421894,3.021729585818986,0.8900805622643748,-0.021776645123867233,1.3787787330837435
2022-07-27,ES=F/YM=F,8.30015595853379,10.37885178802396,3.021729585818986,0.8900805622643748,-0.030685280248782476,-0.6845074428622289
2022-07-28,ES=F/YM=F,8.312257859750696,10.388687628663146,3.031456946819617,0.8888224158361214,-0.030890430112873624,-0.7643765286085401
2022-07-29,ES=F/YM=F,8.32687978469273,10.398945699170996,3.031456946819617,0.8888224158361214,-0.03362865425617567,-1.4601067583124598
2022-08-01,ES=F/YM=F,8.323729794203437,10.397177190355384,3.031456946819617,0.8888224158361214,-0.032597380915233565,-1.265201857574576
2022-08-02,ES=F/YM=F,8.317216699383563,10.384832870979611,3.031456946819617,0.8888224158361214,-0.03915271561863598,-2.9914579198546223
2022-08-03,ES=F/YM=F,8.332368504404164,10.39726874169286,3.031456946819617,0.8888224158361214,-0.04018410884807544,-3.131740490975331
2022-08-04,ES=F/YM=F,8.331405634979108,10.394549148260978,3.031456946819617,0.8888224158361214,-0.04204788235144452,-3.370817800476478
2022-08-05,ES=F/YM=F,8.330080173886152,10.396871958682176,3.031456946819617,0.8888224158361214,-0.03854697239950866,-2.2994447176646946
2022-08-08,ES=F/YM=F,8.328873682818648,10.397939862184174,3.031456946819617,0.8888224158361214,-0.03640671259220696,-1.7335025792673935
2022-08-09,ES=F/YM=F,8.324700079300786,10.39626121569437,3.031456946819617,0.8888224158361214,-0.03437576672052334,-1.2493904308196078
2022-08-10,ES=F/YM=F,8.345217926676428,10.41211075274692,3.031456946819617,0.8888224158361214,-0.03676295234014848,-1.6913857055304173
2022-08-11,ES=F/YM=F,8.345158542490418,10.413432788874811,3.031456946819617,0.8888224158361214,-0.0353881342165856,-1.381142118679782
2022-08-12,ES=F/YM=F,8.361941906144946,10.425787098375746,3.031456946819617,0.8888224158361214,-0.03795125454492343,-1.839368514237216
2022-08-15,ES=F/YM=F,8.365963242099957,10.430373515848633,3.031456946819617,0.8888224158361214,-0.03693909061045897,-1.5941753780211414
2022-08-16,ES=F/YM=F,8.368171005023209,10.437580383240466,3.031456946819617,0.8888224158361214,-0.031694532393664154,-0.5694651270501503
2022-08-17,ES=F/YM=F,8.360948654332402,10.43302697574622,3.031456946819617,0.8888224158361214,-0.029828552698891286,-0.22816687253570495
2022-08-18,ES=F/YM=F,8.36322582811881,10.433556823868823,3.031456946819617,0.8888224158361214,-0.03132270768240186,-0.5309007797236821
2022-08-19,ES=F/YM=F,8.35031181911016,10.425431142035965,3.031456946819617,0.8888224158361214,-0.02797012883006289,0.11181373914071081
2022-08-22,ES=F/YM=F,8.328752953614107,10.405958371919365,3.031456946819617,0.8888224158361214,-0.028280896033773928,0.06891048105844975
2022-08-23,ES=F/YM=F,8.32615374400256,10.401258331428318,3.031456946819617,0.8888224158361214,-0.030670700758622438,-0.38423765970153817
2022-08-24,ES=F/YM=F,8.329115097509904,10.402989302570676,3.031456946819617,0.8888224158361214,-0.03157184699480631,-0.5458431126387099
2022-08-25,ES=F/YM=F,8.343077871169383,10.41250153627285,3.031456946819617,0.8888224158361214,-0.03447003950842209,-1.106317168352132
2022-08-26,ES=F/YM=F,8.3088150923025,10.381676341775822,3.0471900854983303,0.886798006200659,-0.033754401466310036,-0.948534483868356
2022-08-29,ES=F/YM=F,8.301831780544083,10.375832189483837,3.0471900854983303,0.886798006200659,-0.033405766814252225,-0.8650967964126103
2022-08-30,ES=F/YM=F,8.2909197470931,10.366435096057655,3.0471900854983303,0.886798006200659,-0.03312609073250883,-0.7921874097525337
2022-08-31,ES=F/YM=F,8.283115075049247,10.358758182179798,3.0471900854983303,0.886798006200659,-0.03388183700282621,-0.9309025377592575
2022-09-01,ES=F/YM=F,8.286206462641001,10.362904085736766,3.0471900854983303,0.886798006200659,-0.03247736979862026,-0.6412286671988751
2022-09-02,ES=F/YM=F,8.274994233566868,10.351756689635858,3.0471900854983303,0.886798006200659,-0.03368178351152196,-0.8576067019132735
2022-09-05,ES=F/YM=F,8.274994233566868,10.351756689635858,3.0471900854983303,0.886798006200659,-0.03368178351152196,-0.8430046442893426
2022-09-06,ES=F/YM=F,8.271420522041666,10.347083036005559,3.0471900854983303,0.886798006200659,-0.03518627688653453,-1.1044659147998974
2022-09-07,ES=F/YM=F,8.289037098278483,10.36018428646371,3.0471900854983303,0.886798006200659,-0.0377073711112752,-1.5366784692023052
2022-09-08,ES=F/YM=F,8.295423695655172,10.366151814395101,3.0471900854983303,0.886798006200659,-0.03740346499993841,-1.4263815032368425
2022-09-09,ES=F/YM=F,8.310722374389279,10.37860309366804,3.0471900854983303,0.886798006200659,-0.03851902352590919,-1.5874487264022052
2022-09-12,ES=F/YM=F,8.321360772594335,10.385481509633417,3.0471900854983303,0.886798006200659,-0.04107471787794559,-1.9947280752607948
2022-09-13,ES=F/YM=F,8.276712720448751,10.345059556537576,3.0471900854983303,0.886798006200659,-0.041902867350339434,-2.0472369366882917
2022-09-14,ES=F/YM=F,8.280837746129798,10.346537420971563,3.0471900854983303,0.886798006200659,-0.044083067465830794,-2.347328353497167
2022-09-15,ES=F/YM=F,8.269244521183056,10.340903421876119,3.0471900854983303,0.886798006200659,-0.03943621779306916,-1.4361151015710465
2022-09-16,ES=F/YM=F,8.261330145616489,10.330231296755285,3.0471900854983303,0.886798006200659,-0.04308989044114764,-2.0018524516735954
2022-09-19,ES=F/YM=F,8.273145155984517,10.345509572617173,3.0471900854983303,0.886798006200659,-0.03828914221686741,-1.1219498000081194
2022-09-20,ES=F/YM=F,8.261720127986472,10.335302435967074,3.0471900854983303,0.886798006200659,-0.038364586817512425,-1.0988685064136179
2022-09-21,ES=F/YM=F,8.244399731458207,10.318308755568317,3.0471900854983303,0.886798006200659,-0.03999857410839969,-1.3309738458646687
2022-09-22,ES=F/YM=F,8.235360643753348,10.313907034109423,3.0471900854983303,0.886798006200659,-0.03638445061275153,-0.7053045046312447
2022-09-23,ES=F/YM=F,8.21851757748959,10.297858008638679,3.0471900854983303,0.886798006200659,-0.037497078502490844,-0.8624413575081473
2022-09-26,ES=F/YM=F,8.207946941048617,10.286809295958603,3.061146136326086,0.8849944873971867,-0.038324636044109184,-0.9684445302023612
2022-09-27,ES=F/YM=F,8.205491613120236,10.282026722705035,3.061146136326086,0.8849944873971867,-0.04093425761630698,-1.370624544483144
2022-09-28,ES=F/YM=F,8.224699561967235,10.300584410973777,3.061146136326086,0.8849944873971867,-0.039375498191367875,-1.0784637488278945
2022-09-29,ES=F/YM=F,8.203646152769402,10.284830718523883,3.061146136326086,0.8849944873971867,-0.03649703956026151,-0.5639176702245211
2022-09-30,ES=F/YM=F,8.189105704329418,10.268165387743457,3.061146136326086,0.8849944873971867,-0.040294153627018936,-1.2096583544906516
2022-10-03,ES=F/YM=F,8.213449485417106,10.293432848986255,3.061146136326086,0.8849944873971867,-0.03657080444922922,-0.5152587072307687
2022-10-04,ES=F/YM=F,8.243611243343238,10.321045908331676,3.061146136326086,0.8849944873971867,-0.035650734598642764,-0.33015635968217405
2022-10-05,ES=F/YM=F,8.24117615049496,10.319232970051848,3.061146136326086,0.8849944873971867,-0.03530862913144439,-0.2523232356733902
2022-10-06,ES=F/YM=F,8.231309500905835,10.30835248057226,3.061146136326086,0.8849944873971867,-0.03745718811557719,-0.6233905606147331
2022-10-07,ES=F/YM=F,8.203372461354762,10.287150034683448,3.061146136326086,0.8849944873971867,-0.03393550800749345,0.042512941393038066
2022-10-10,ES=F/YM=F,8.195678530428005,10.283976674574115,3.061146136326086,0.8849944873971867,-0.030299781660231062,0.7600689608800253
2022-10-11,ES=F/YM=F,8.188480769406464,10.284181711652371,3.061146136326086,0.8849944873971867,-0.023724765756308663,2.0477112096949335
2022-10-12,ES=F/YM=F,8.185489566870126,10.284010850340083,3.061146136326086,0.8849944873971867,-0.021248429313249773,2.4570526336434253
2022-10-13,ES=F/YM=F,8.211143461606271,10.311981402704301,3.061146136326086,0.8849944873971867,-0.015981432370787196,3.3789247519963332
2022-10-14,ES=F/YM=F,8.187994438761523,10.299171648789187,3.061146136326086,0.8849944873971867,-0.00830442867966763,4.522446314448974
2022-10-17,ES=F/YM=F,8.213178464343558,10.316590087773504,3.061146136326086,0.8849944873971867,-0.013173713505922002,3.224023207784307
2022-10-18,ES=F/YM=F,8.224900506406772,10.327970666480054,3.061146136326086,0.8849944873971867,-0.012167077406354032,3.1250348138225883
2022-10-19,ES=F/YM=F,8.218045640855179,10.324169626449153,3.061146136326086,0.8849944873971867,-0.009901599212245316,3.177052900228638
2022-10-20,ES=F/YM=F,8.209376436544076,10.320650638390102,3.061146136326086,0.8849944873971867,-0.005748389245851193,3.454506432939767
2022-10-21,ES=F/YM=F,8.23323750070527,10.345702374674325,3.061146136326086,0.8849944873971867,-0.0018135632077154185,3.610773290795429
2022-10-24,ES=F/YM=F,8.245187598349464,10.35917037680491,3.061146136326086,0.8849944873971867,0.0010786683838999167,3.5964546781946245
2022-10-25,ES=F/YM=F,8.261074383420574,10.369640025590375,3.0682782272151115,0.8840662578963667,-0.0019753179788990494,2.929658704652843
2022-10-26,ES=F/YM=F,8.253488028345904,10.369483160384325,3.0682782272151115,0.8840662578963667,0.004574657356987366,3.3050780915659206
2022-10-27,ES=F/YM=F,8.247874802981414,10.375801012068754,3.0682782272151115,0.8840662578963667,0.015854972184130567,3.9530796851345933
2022-10-28,ES=F/YM=F,8.271612294983091,10.401106348814837,3.0682782272151115,0.8840662578963667,0.02017479320444515,3.8076232450710514
2022-10-31,ES=F/YM=F,8.264363329731667,10.3974213086319,3.0682782272151115,0.8840662578963667,0.02289831860495628,3.567191288269936
2022-11-01,ES=F/YM=F,8.259975659768276,10.39467153604683,3.0682782272151115,0.8840662578963667,0.02402753698530624,3.275984573229164
2022-11-02,ES=F/YM=F,8.234498660475495,10.37903826821098,3.0682782272151115,0.8840662578963667,0.030917624576653147,3.386189927187426
2022-11-03,ES=F/YM=F,8.223560113471017,10.37402229071854,3.0682782272151115,0.8840662578963667,0.03557204740128661,3.316476325204975
2022-11-04,ES=F/YM=F,8.237347004732232,10.386777526107597,3.0682782272151115,0.8840662578963667,0.03613875742501538,3.0392322888738676
2022-11-07,ES=F/YM=F,8.246761472370984,10.399341660371974,3.0682782272151115,0.8840662578963667,0.04037987851391378,2.988863081487049
2022-11-08,ES=F/YM=F,8.251989900724883,10.409551859200409,3.0682782272151115,0.8840662578963667,0.0459678002528392,2.996074623087229
2022-11-09,ES=F/YM=F,8.230976711126067,10.389825792650848,3.0682782272151115,0.8840662578963667,0.0448187855983706,2.710370527993422
2022-11-10,ES=F/YM=F,8.284251797621916,10.42560913604397,3.0682782272151115,0.8840662578963667,0.03350342263400208,2.0833296605623532
2022-11-11,ES=F/YM=F,8.294112138148984,10.427120807321092,3.0682782272151115,0.8840662578963667,0.026297899559774685,1.7080068949986882
2022-11-14,ES=F/YM=F,8.285513309079741,10.42111995751504,3.0682782272151115,0.8840662578963667,0.027898984391259596,1.6983659386982148
2022-11-15,ES=F/YM=F,8.293924632288876,10.422430144404066,3.0682782272151115,0.8840662578963667,0.021773004246828265,1.4082945303750707
2022-11-16,ES=F/YM=F,8.28614346853093,10.422013452928306,3.0682782272151115,0.8840662578963667,0.028235377096634373,1.5908762406273151
2022-11-17,ES=F/YM=F,8.282799089329174,10.42171570981886,3.0682782272151115,0.8840662578963667,0.030894286793071046,1.6243504607839985
2022-11-18,ES=F/YM=F,8.287528423111763,10.4274761628284,3.0682782272151115,0.8840662578963667,0.032473695383095524,1.6163223735286711
2022-11-21,ES=F/YM=F,8.28349412616251,10.426291153061525,3.0682782272151115,0.8840662578963667,0.03485527142338807,1.6348364065294079
2022-11-22,ES=F/YM=F,8.296608862496951,10.43781483608721,3.0682782272151115,0.8840662578963667,0.034784658574586125,1.5689632776312488
2022-11-23,ES=F/YM=F,8.302265794873367,10.440302508763368,3.0586139050239054,0.8853164820589128,0.03155585710412989,1.4042543996277472
2022-11-24,ES=F/YM=F,8.302265794873367,10.440302508763368,3.0586139050239054,0.8853164820589128,0.03155585710412989,1.3555244525317154
2022-11-25,ES=F/YM=F,8.302141809999364,10.444531954886115,3.0586139050239054,0.8853164820589128,0.035895069079357356,1.4489342706391684
2022-11-28,ES=F/YM=F,8.286584343990755,10.430314470029058,3.0586139050239054,0.8853164820589128,0.03545086529879349,1.3835865678400614
2022-11-29,ES=F/YM=F,8.284504227258497,10.429901051643771,3.0586139050239054,0.8853164820589128,0.03687900854118187,1.3810847071342027
2022-11-30,ES=F/YM=F,8.314158593024741,10.451580058894049,3.0586139050239054,0.8853164820589128,0.03230451701359893,1.1910313460030595
2022-12-01,ES=F/YM=F,8.314281097006274,10.446654511472781,3.0586139050239054,0.8853164820589128,0.027270514798362733,0.9965444960109806
2022-12-02,ES=F/YM=F,8.312748717534513,10.447525490508216,3.0586139050239054,0.8853164820589128,0.029498134636916085,1.0345383857587418
2022-12-05,ES=F/YM=F,8.294861810202587,10.433703954094051,3.0586139050239054,0.8853164820589128,0.03151217209676638,1.0646081200535136
2022-12-06,ES=F/YM=F,8.280204233279974,10.423263006821703,3.0586139050239054,0.8853164820589128,0.034047819261052936,1.1101013305226943
2022-12-07,ES=F/YM=F,8.278110788800518,10.42302511690414,3.0586139050239054,0.8853164820589128,0.035663290245428136,1.1256600514419612
2022-12-08,ES=F/YM=F,8.285450271288564,10.428304834928856,3.0586139050239054,0.8853164820589128,0.034445243453693486,1.0530255672535414
2022-12-09,ES=F/YM=F,8.277983772415235,10.419241014538416,3.0586139050239054,0.8853164820589128,0.03199163757908696,0.944488253247822
2022-12-12,ES=F/YM=F,8.291985010219811,10.434615678639949,3.0586139050239054,0.8853164820589128,0.034970775083001726,1.0095634857106586
2022-12-13,ES=F/YM=F,8.299596726531144,10.43801993724675,3.0586139050239054,0.8853164820589128,0.0316362557826233,0.8739473333914413
2022-12-14,ES=F/YM=F,8.293549515060345,10.433909900048675,3.0586139050239054,0.8853164820589128,0.03287991457014261,0.8866019922450417
2022-12-15,ES=F/YM=F,8.26796230533871,10.410666535381921,3.0586139050239054,0.8853164820589128,0.03228932839984999,0.8406486116081134
2022-12-16,ES=F/YM=F,8.261389551294856,10.403245988402494,3.0586139050239054,0.8853164820589128,0.030687748907966217,0.7611884619977842
2022-12-19,ES=F/YM=F,8.254658912497108,10.403444323737011,3.0586139050239054,0.8853164820589128,0.03684482970491487,0.9423150722646848
2022-12-20,ES=F/YM=F,8.255633603110029,10.40586761271859,3.0586139050239054,0.8853164820589128,0.03840520902196598,0.9686179151767824
2022-12-21,ES=F/YM=F,8.270205105292012,10.421358301028755,3.0586139050239054,0.8853164820589128,0.04099550628206483,1.0302734562146205
2022-12-22,ES=F/YM=F,8.255633603110029,10.410546089732875,3.046499794185267,0.8868805303532196,0.042285587219524245,1.0477761431058634
2022-12-23,ES=F/YM=F,8.260945184453988,10.415562395702551,3.046499794185267,0.8868805303532196,0.04259115510985545,1.0320343574607713
2022-12-26,ES=F/YM=F,8.260945184453988,10.415562395702551,3.046499794185267,0.8868805303532196,0.04259115510985545,1.0083790867877354
2022-12-27,ES=F/YM=F,8.25712628599743,10.416790106177011,3.046499794185267,0.8868805303532196,0.04720577227283318,1.158624162235699
2022-12-28,ES=F/YM=F,8.244728084769317,10.405655809210936,3.046499794185267,0.8868805303532196,0.047067198587372516,1.128779730725454
2022-12-29,ES=F/YM=F,8.261461880196284,10.415562395702551,3.046499794185267,0.8868805303532196,0.04213290771589673,0.9151502272652337
2022-12-30,ES=F/YM=F,8.258681496264236,10.412862124034804,3.046499794185267,0.8868805303532196,0.041898504424390026,0.8866828060127494
2023-01-02,ES=F/YM=F,8.258681496264236,10.412862124034804,3.046499794185267,0.8868805303532196,0.041898504424390026,0.8693102844434691
2023-01-03,ES=F/YM=F,8.254788926148725,10.412651796975453,3.046499794185267,0.8868805303532196,0.04514042201352009,0.9987143174736192
2023-01-04,ES=F/YM=F,8.262171901204004,10.416790106177011,3.046499794185267,0.8868805303532196,0.04273091438246723,0.8796357640439216
2023-01-05,ES=F/YM=F,8.250358951477294,10.406381805975839,3.046499794185267,0.8868805303532196,0.04279928929995602,0.8755634711731778
2023-01-06,ES=F/YM=F,8.272698314190992,10.42738733578939,3.046499794185267,0.8868805303532196,0.04399247326223055,0.9324763273552482
2023-01-09,ES=F/YM=F,8.272251272640615,10.42436251215512,3.046499794185267,0.8868805303532196,0.0413641220752492,0.7772979580923501
2023-01-10,ES=F/YM=F,8.279126339506652,10.429664735806556,3.046499794185267,0.8868805303532196,0.04056898277831955,0.7191755395941016
2023-01-11,ES=F/YM=F,8.29154650988391,10.437345875412692,3.046499794185267,0.8868805303532196,0.03723491509319654,0.49468187919539486
2023-01-12,ES=F/YM=F,8.294924257512688,10.443454415648254,3.046499794185267,0.8868805303532196,0.04034779672034805,0.6760530169494052
2023-01-13,ES=F/YM=F,8.29860176344925,10.44627685150751,3.046499794185267,0.8868805303532196,0.0399087241642091,0.6326858770811578
2023-01-16,ES=F/YM=F,8.29860176344925,10.44627685150751,3.046499794185267,0.8868805303532196,0.0399087241642091,0.6217056037020737
2023-01-17,ES=F/YM=F,8.296421824247084,10.434703865949853,3.046499794185267,0.8868805303532196,0.03026908424230701,-0.19236568196792989
2023-01-18,ES=F/YM=F,8.280394329279027,10.415891929415332,3.046499794185267,0.8868805303532196,0.025671620945289853,-0.6838799549052221
2023-01-19,ES=F/YM=F,8.272698314190992,10.408466115510192,3.046499794185267,0.8868805303532196,0.025071252983032366,-0.8492841310760846
2023-01-20,ES=F/YM=F,8.291170499351184,10.418524297073583,3.0331476250682714,0.888607093145718,0.017783755801326073,-1.7613344488218134
2023-01-23,ES=F/YM=F,8.30313325883507,10.426053982505138,3.0331476250682714,0.888607093145718,0.014683248301903262,-2.3819647736990994
2023-01-24,ES=F/YM=F,8.302203804357896,10.428985016533987,3.0331476250682714,0.888607093145718,0.018440202171924547,-2.0720874011089316
2023-01-25,ES=F/YM=F,8.302017809751204,10.428896323426862,3.0331476250682714,0.888607093145718,0.0185167851915935,-2.0929879797452164
2023-01-26,ES=F/YM=F,8.312748717534513,10.43479204548344,3.0331476250682714,0.888607093145718,0.014876946476030994,-2.5492279488552074
2023-01-27,ES=F/YM=F,8.314893391906619,10.435467830374515,3.0331476250682714,0.888607093145718,0.013646958507564477,-2.605672620971937
2023-01-30,ES=F/YM=F,8.302141809999364,10.427772195986275,3.0331476250682714,0.888607093145718,0.01728247025093932,-2.044628199099185
2023-01-31,ES=F/YM=F,8.316300249036848,10.438693545027498,3.0331476250682714,0.888607093145718,0.015622529935582108,-2.151494799822473
2023-02-01,ES=F/YM=F,8.326577331797463,10.438459298130198,3.0331476250682714,0.888607093145718,0.006255994400354403,-3.1036166681952904
2023-02-02,ES=F/YM=F,8.340813944077912,10.436964682861856,3.0331476250682714,0.888607093145718,-0.007889375522760034,-4.337723628921493
2023-02-03,ES=F/YM=F,8.330321297523465,10.432997531506247,3.0331476250682714,0.888607093145718,-0.0025326867242156936,-3.2526356370231193
2023-02-06,ES=F/YM=F,8.32445759627341,10.432172740602885,3.0331476250682714,0.888607093145718,0.0018530488953087954,-2.5970324801851765
2023-02-07,ES=F/YM=F,8.337049261870057,10.440156346259636,3.0331476250682714,0.888607093145718,-0.001352388811639571,-2.7061689000944997
2023-02-08,ES=F/YM=F,8.32615374400256,10.43396873396056,3.0331476250682714,0.888607093145718,0.0021418333498370856,-2.2413315378199807
2023-02-09,ES=F/YM=F,8.316728030385994,10.42626150981796,3.0331476250682714,0.888607093145718,0.0028103651848789823,-2.077921616281319
2023-02-10,ES=F/YM=F,8.318681275223556,10.431022789865066,3.0331476250682714,0.888607093145718,0.005835978014676613,-1.7572093445035035
2023-02-13,ES=F/YM=F,8.330200742972384,10.441967253083934,3.0331476250682714,0.888607093145718,0.006544160482673256,-1.6501776593571744
2023-02-14,ES=F/YM=F,8.329778687556274,10.4376683094997,3.0331476250682714,0.888607093145718,0.0026202583348933217,-1.8693186870588188
2023-02-15,ES=F/YM=F,8.332849591670644,10.43922040000822,3.0331476250682714,0.888607093145718,0.0014435216650134919,-1.870124096491963
2023-02-16,ES=F/YM=F,8.318681275223556,10.426409717249351,3.0331476250682714,0.888607093145718,0.0012229053989614158,-1.8032680677167643
2023-02-17,ES=F/YM=F,8.315688815205508,10.430166840225287,3.0331476250682714,0.888607093145718,0.007639149572889359,-1.3054227116194388
2023-02-20,ES=F/YM=F,8.315688815205508,10.430166840225287,3.030411597665304,0.8889597292799025,0.007442764618980746,-1.275438728593721
2023-02-21,ES=F/YM=F,8.295486107887989,10.409159921061319,3.030411597665304,0.8889597292799025,0.004395238682715963,-1.4311410771241317
2023-02-22,ES=F/YM=F,8.293799608846818,10.40665391893463,3.030411597665304,0.8889597292799025,0.0033884662870971027,-1.446028962897375
2023-02-23,ES=F/YM=F,8.29872618798593,10.409762839203301,3.030411597665304,0.8889597292799025,0.002117856097988202,-1.4741510390400787
2023-02-24,ES=F/YM=F,8.287968688536026,10.39897616329188,3.030411597665304,0.8889597292799025,0.0008941639852828587,-1.4966001199841714
2023-02-27,ES=F/YM=F,8.291045131081729,10.401501455574783,3.030411597665304,0.8889597292799025,0.0006846227356112067,-1.4551340672979851
2023-02-28,ES=F/YM=F,8.287905805341538,10.39457974661173,3.030411597665304,0.8889597292799025,-0.0034463520673204684,-1.6509882536317377
2023-03-01,ES=F/YM=F,8.283115075049247,10.394916266691387,3.030411597665304,0.8889597292799025,0.0011489343160251408,-1.319258355612663
2023-03-02,ES=F/YM=F,8.290229853999163,10.404808146287813,3.030411597665304,0.8889597292799025,0.004716061943247141,-1.0704270071806852
2023-03-03,ES=F/YM=F,8.306410429800247,10.416730252817723,3.030411597665304,0.8889597292799025,0.0022542881894338507,-1.179881667541451
2023-03-06,ES=F/YM=F,8.307089253609831,10.417836960475736,3.030411597665304,0.8889597292799025,0.0027575488174482743,-1.113747080568941
2023-03-07,ES=F/YM=F,8.291483851279295,10.400133112728284,3.030411597665304,0.8889597292799025,-0.0010737246989460658,-1.2960904009539231
2023-03-08,ES=F/YM=F,8.292798858200374,10.398580057313119,3.030411597665304,0.8889597292799025,-0.003795768310674852,-1.4061324909005926
2023-03-09,ES=F/YM=F,8.273846932784508,10.381552353058636,3.030411597665304,0.8889597292799025,-0.003975974078135991,-1.3673871341388268
2023-03-10,ES=F/YM=F,8.259134644030528,10.370925392959132,3.030411597665304,0.8889597292799025,-0.001524301949814344,-1.1858011104382113
2023-03-13,ES=F/YM=F,8.257580138892049,10.368164520276139,3.030411597665304,0.8889597292799025,-0.0029032821657404284,-1.223440400514535
2023-03-14,ES=F/YM=F,8.273974475670977,10.378509817336841,3.030411597665304,0.8889597292799025,-0.007131890289757692,-1.4131483850495616
2023-03-15,ES=F/YM=F,8.266871127721535,10.369483160384325,3.030411597665304,0.8889597292799025,-0.009843956972156676,-1.5093474690464523
2023-03-16,ES=F/YM=F,8.284125558904334,10.38124231399123,3.030411597665304,0.8889597292799025,-0.01342329783839169,-1.6436024413236612
2023-03-17,ES=F/YM=F,8.283254089480348,10.376807575876777,3.030411597665304,0.8889597292799025,-0.0170833347296222,-1.7727897230285345
2023-03-20,ES=F/YM=F,8.289790583181643,10.387640604886283,3.030411597665304,0.8889597292799025,-0.012060985391260104,-1.444320689034293
2023-03-21,ES=F/YM=F,8.30294743703764,10.39739079710617,3.0311041491035544,0.8888701399033718,-0.013955401967374215,-1.494820980003544
2023-03-22,ES=F/YM=F,8.286647310335265,10.381521353477128,3.0311041491035544,0.8888701399033718,-0.01533614969403363,-1.5179855401217774
2023-03-23,ES=F/YM=F,8.288534459413917,10.383410571562303,3.0311041491035544,0.8888701399033718,-0.015124362074418585,-1.459367418669469
2023-03-24,ES=F/YM=F,8.294362091284073,10.38696253427932,3.0311041491035544,0.8888701399033718,-0.01675240731313199,-1.4990706112736625
2023-03-27,ES=F/YM=F,8.29586049950599,10.39301803576196,3.0311041491035544,0.8888701399033718,-0.012028796156339006,-1.215127334227408
2023-03-28,ES=F/YM=F,8.2944245698071,10.391699401430532,3.0311041491035544,0.8888701399033718,-0.012071075455423852,-1.1889427196223856
2023-03-29,ES=F/YM=F,8.308322299388747,10.401319118006661,3.0311041491035544,0.8888701399033718,-0.014804635716872738,-1.3037966290741274
2023-03-30,ES=F/YM=F,8.313852267398207,10.405595285682397,3.0311041491035544,0.8888701399033718,-0.015443891479367089,-1.304946566711087
2023-03-31,ES=F/YM=F,8.327907440820649,10.418105974540815,3.0311041491035544,0.8888701399033718,-0.01542642658732074,-1.272061146711304
2023-04-03,ES=F/YM=F,8.331766819668804,10.427801794482674,3.0311041491035544,0.8888701399033718,-0.009161093262161302,-0.8960998875726494
2023-04-04,ES=F/YM=F,8.32579052588609,10.421596587748377,3.0311041491035544,0.8888701399033718,-0.010054150905713932,-0.9255962255485602
2023-04-05,ES=F/YM=F,8.322940743754318,10.423946625270357,3.0311041491035544,0.8888701399033718,-0.0051710271415714715,-0.6147942651696728
2023-04-06,ES=F/YM=F,8.326516830239528,10.424035758450241,3.0311041491035544,0.8888701399033718,-0.008260570456102734,-0.7851564782794992
2023-04-07,ES=F/YM=F,8.326516830239528,10.424035758450241,3.0311041491035544,0.8888701399033718,-0.008260570456102734,-0.7665726764608815
2023-04-10,ES=F/YM=F,8.327544859235822,10.426765325491356,3.0311041491035544,0.8888701399033718,-0.006444787692747589,-0.6263322039475372
2023-04-11,ES=F/YM=F,8.327605298630237,10.429753360789997,3.0311041491035544,0.8888701399033718,-0.0035104751670766987,-0.39796871987305277
2023-04-12,ES=F/YM=F,8.323365694436081,10.428600622910189,3.0311041491035544,0.8888701399033718,-0.0008947554736904451,-0.1746562126320403
2023-04-13,ES=F/YM=F,8.336330569858527,10.439688482633347,3.0311041491035544,0.8888701399033718,-0.0013309863811112876,-0.17088655929966226
2023-04-14,ES=F/YM=F,8.334171389507889,10.43520344719362,3.0311041491035544,0.8888701399033718,-0.0038967908804901086,-0.35603762408159273
2023-04-17,ES=F/YM=F,8.337288711137887,10.437902741735204,3.0311041491035544,0.8888701399033718,-0.0039683904522869184,-0.3341953879852631
2023-04-18,ES=F/YM=F,8.338066525518801,10.437756228028585,3.0311041491035544,0.8888701399033718,-0.004806280136487651,-0.38813181457335927
2023-04-19,ES=F/YM=F,8.337707609441491,10.435085921117388,3.034397379790491,0.8884458327771528,-0.006913039195753257,-0.5815741689442713
2023-04-20,ES=F/YM=F,8.33146584148745,10.43143574485884,3.034397379790491,0.8884458327771528,-0.0050177427263706775,-0.352949706141176
2023-04-21,ES=F/YM=F,8.332488797920488,10.432644132986843,3.034397379790491,0.8884458327771528,-0.0047181959784134975,-0.2942253149416289
2023-04-24,ES=F/YM=F,8.333150153723942,10.434145214930487,3.034397379790491,0.8884458327771528,-0.003804692842330759,-0.1589371647402286
2023-04-25,ES=F/YM=F,8.317094554519601,10.423827768670705,3.034397379790491,0.8884458327771528,0.000142391103724826,0.35708391288099817
2023-04-26,ES=F/YM=F,8.312871394342615,10.417029483796346,3.034397379790491,0.8884458327771528,-0.0029038447102402998,0.014854543869821608
2023-04-27,ES=F/YM=F,8.331766819668804,10.432025384900689,3.034397379790491,0.8884458327771528,-0.004695505495503127,-0.1856598969080111
2023-04-28,ES=F/YM=F,8.340097953593864,10.439980923050696,3.034397379790491,0.8884458327771528,-0.004141728563523017,-0.07134717535798528
2023-05-01,ES=F/YM=F,8.339441178336653,10.438576428437798,3.034397379790491,0.8884458327771528,-0.0049627139360808314,-0.15179835275619746
2023-05-02,ES=F/YM=F,8.327665734371953,10.42738733578939,3.034397379790491,0.8884458327771528,-0.005689962464950682,-0.23837601656608112
2023-05-03,ES=F/YM=F,8.320569849911424,10.419061883324323,3.034397379790491,0.8884458327771528,-0.0077111059511922875,-0.5526787428313883
2023-05-04,ES=F/YM=F,8.312810057819764,10.410184665718338,3.034397379790491,0.8884458327771528,-0.00969416861012462,-0.8411499830246717
2023-05-05,ES=F/YM=F,8.330923852374186,10.426409717249351,3.034397379790491,0.8884458327771528,-0.00956224236676917,-0.7943150921838497
2023-05-08,ES=F/YM=F,8.331526044371186,10.42480791339476,3.034397379790491,0.8884458327771528,-0.011699061191627003,-1.0968936493639905
2023-05-09,ES=F/YM=F,8.327000740241713,10.423381930561995,3.034397379790491,0.8884458327771528,-0.009104556428512822,-0.6683399034490319
2023-05-10,ES=F/YM=F,8.331345424845724,10.422340867989348,3.034397379790491,0.8884458327771528,-0.014005635932323734,-1.3944099848361369
2023-05-11,ES=F/YM=F,8.329356453934173,10.415442538332677,3.034397379790491,0.8884458327771528,-0.019136872671112748,-2.1471119239635703
2023-05-12,ES=F/YM=F,8.327967858305488,10.414962965143616,3.034397379790491,0.8884458327771528,-0.018382753860456624,-1.9511208908263424
2023-05-15,ES=F/YM=F,8.330863613224745,10.416251296932378,3.034397379790491,0.8884458327771528,-0.019667143462451797,-2.0625130370786735
2023-05-16,ES=F/YM=F,8.3243363327069,10.406079371375014,3.034397379790491,0.8884458327771528,-0.024039933844369088,-2.6101475609197746
2023-05-17,ES=F/YM=F,8.336030962342129,10.418643785662566,3.034397379790491,0.8884458327771528,-0.021865564522108194,-2.140665734927596
2023-05-18,ES=F/YM=F,8.345692873253865,10.422816916793339,3.0379746299199666,0.8879855967842137,-0.026012779760720584,-2.654643409062802
2023-05-19,ES=F/YM=F,8.343970117607542,10.41918130769898,3.0379746299199666,0.8879855967842137,-0.02811860665436683,-2.8206287239462697
2023-05-22,ES=F/YM=F,8.344029572407049,10.415112856472684,3.0379746299199666,0.8879855967842137,-0.03223985288628484,-3.19553690118893
2023-05-23,ES=F/YM=F,8.332969827332686,10.408254861718154,3.0379746299199666,0.8879855967842137,-0.029276953310675147,-2.575513705458687
2023-05-24,ES=F/YM=F,8.325063693631197,10.399828782101146,3.0379746299199666,0.8879855967842137,-0.030682500074510344,-2.596494008317404
2023-05-25,ES=F/YM=F,8.333210255295617,10.398366704472432,3.0379746299199666,0.8879855967842137,-0.03937860712454366,-3.453660939045305
2023-05-26,ES=F/YM=F,8.345989600356129,10.408043563288523,3.0379746299199666,0.8879855967842137,-0.04104962265852308,-3.314695011498574
2023-05-29,ES=F/YM=F,8.345989600356129,10.408043563288523,3.0379746299199666,0.8879855967842137,-0.04104962265852308,-3.0126850984284452
2023-05-30,ES=F/YM=F,8.346404870435956,10.40695617984855,3.0379746299199666,0.8879855967842137,-0.04250575994815797,-2.9239748351586146
2023-05-31,ES=F/YM=F,8.340575337538962,10.403626274246973,3.0379746299199666,0.8879855967842137,-0.0406591243012242,-2.5603728997525397
2023-06-01,ES=F/YM=F,8.349484346990128,10.407379191699189,3.0379746299199666,0.8879855967842137,-0.04481727892325793,-2.7756647927899305
2023-06-02,ES=F/YM=F,8.363575702750637,10.42871891360972,3.0379746299199666,0.8879855967842137,-0.03599047796722221,-1.85647617835634
2023-06-05,ES=F/YM=F,8.361941906144946,10.422846662320358,3.0379746299199666,0.8879855967842137,-0.04041194140265425,-2.1437764600361158
2023-06-06,ES=F/YM=F,8.36398373516573,10.422787170381499,3.0379746299199666,0.8879855967842137,-0.04228454810306648,-2.186207880457989
2023-06-07,ES=F/YM=F,8.360363927383219,10.4255201430002,3.0379746299199666,0.8879855967842137,-0.036337238310366615,-1.611816461477234
2023-06-08,ES=F/YM=F,8.365963242099957,10.430137311649004,3.0379746299199666,0.8879855967842137,-0.03669218048188938,-1.5801622824553196
2023-06-09,ES=F/YM=F,8.367474343166295,10.43143574485884,3.0379746299199666,0.8879855967842137,-0.036735583254245974,-1.5257089996569773
2023-06-12,ES=F/YM=F,8.376263066982032,10.436554005238014,3.0379746299199666,0.8879855967842137,-0.03942158303756127,-1.6713588642942387
2023-06-13,ES=F/YM=F,8.382918665593769,10.440799301537945,3.0379746299199666,0.8879855967842137,-0.04108636244282948,-1.7277785865026136
2023-06-14,ES=F/YM=F,8.38349035552473,10.433821642690162,3.0379746299199666,0.8879855967842137,-0.0485716737151316,-2.1972596483390086
2023-06-15,ES=F/YM=F,8.395364483051104,10.44639306976553,3.0379746299199666,0.8879855967842137,-0.04654430085756278,-1.9423309998244593
2023-06-16,ES=F/YM=F,8.40141192285921,10.451094129301364,3.052484249629589,0.8861225310794033,-0.04607051805290663,-1.821063468819898
2023-06-19,ES=F/YM=F,8.40141192285921,10.451094129301364,3.052484249629589,0.8861225310794033,-0.04607051805290663,-1.743299515658994
2023-06-20,ES=F/YM=F,8.39722652336905,10.444531954886115,3.052484249629589,0.8861225310794033,-0.048923915678354746,-1.8563936092474034
2023-06-21,ES=F/YM=F,8.391459885950473,10.441003791555163,3.052484249629589,0.8861225310794033,-0.04734213166414136,-1.6763066472164823
2023-06-22,ES=F/YM=F,8.394743031659672,10.44027327797165,3.052484249629589,0.8861225310794033,-0.05098191463339141,-1.834971028990582
2023-06-23,ES=F/YM=F,8.386856689688234,10.433439104100595,3.052484249629589,0.8861225310794033,-0.05082782319575774,-1.746249897493972
2023-06-26,ES=F/YM=F,8.382575494691293,10.433262498460529,3.052484249629589,0.8861225310794033,-0.047210765489090534,-1.4614514424242537
2023-06-27,ES=F/YM=F,8.393612129644882,10.439483723444063,3.052484249629589,0.8861225310794033,-0.05076935140523098,-1.6162010582534498
2023-06-28,ES=F/YM=F,8.39332920419385,10.43708198835482,3.052484249629589,0.8861225310794033,-0.052920379877699375,-1.6767511430541553
2023-06-29,ES=F/YM=F,8.397451989803688,10.444444630081449,3.052484249629589,0.8861225310794033,-0.04921103137075633,-1.4035449746239734
2023-06-30,ES=F/YM=F,8.409218149750938,10.4528509640072,3.052484249629589,0.8861225310794033,-0.051230956878548284,-1.4665602557892572
2023-07-03,ES=F/YM=F,8.410108968806563,10.452677753845103,3.052484249629589,0.8861225310794033,-0.05219354187694858,-1.4669522691849173
2023-07-04,ES=F/YM=F,8.410108968806563,10.452677753845103,3.052484249629589,0.8861225310794033,-0.05219354187694858,-1.4166770324176723
2023-07-05,ES=F/YM=F,8.408215028846492,10.44897543856412,3.052484249629589,0.8861225310794033,-0.05421759428680151,-1.476960876720653
2023-07-06,ES=F/YM=F,8.399984990510696,10.437961341207826,3.052484249629589,0.8861225310794033,-0.05793886924209879,-1.6237078667916442
2023-07-07,ES=F/YM=F,8.397057390176256,10.432261143602751,3.052484249629589,0.8861225310794033,-0.06104485422883066,-1.728377672983223
2023-07-10,ES=F/YM=F,8.399366404802795,10.438400727831178,3.052484249629589,0.8861225310794033,-0.05695133988557188,-1.4508709094091017
2023-07-11,ES=F/YM=F,8.405926378987651,10.447670579956116,3.052484249629589,0.8861225310794033,-0.053494428689134566,-1.225659487972256
2023-07-12,ES=F/YM=F,8.413497955077473,10.450162829195817,3.052484249629589,0.8861225310794033,-0.0577115236184067,-1.4136109699444785
2023-07-13,ES=F/YM=F,8.421452919135401,10.451319901931214,3.052484249629589,0.8861225310794033,-0.06360352376866718,-1.6820231660623315
2023-07-14,ES=F/YM=F,8.419966175655134,10.453860759104618,3.052484249629589,0.8861225310794033,-0.0597452296994625,-1.4221181407327945
2023-07-17,ES=F/YM=F,8.423706348322774,10.456308881754136,3.0743838161938615,0.8833180521560621,-0.0588868179748534,-1.3339461578748737
2023-07-18,ES=F/YM=F,8.431144986790784,10.467152275317837,3.0743838161938615,0.8833180521560621,-0.05461410805340794,-1.0676413697323133
2023-07-19,ES=F/YM=F,8.433159195806228,10.47030591100205,3.0743838161938615,0.8833180521560621,-0.05323965955335197,-0.9641282658057717
2023-07-20,ES=F/YM=F,8.426283316056395,10.474495347310453,3.0743838161938615,0.8833180521560621,-0.04297663453746736,-0.379075104487872
2023-07-21,ES=F/YM=F,8.426119027016842,10.4744106003507,3.0743838161938615,0.8833180521560621,-0.04291626202281229,-0.35055682635106583
2023-07-24,ES=F/YM=F,8.43021817740183,10.479567066502216,3.0743838161938615,0.8833180521560621,-0.04138064940485808,-0.23494128606409193
2023-07-25,ES=F/YM=F,8.432941638968646,10.480213270078822,3.0743838161938615,0.8833180521560621,-0.04314012859457428,-0.3113250765870101
2023-07-26,ES=F/YM=F,8.432778440273873,10.482457688033675,3.0743838161938615,0.8833180521560621,-0.040751554286540426,-0.13690262053949134
2023-07-27,ES=F/YM=F,8.42600948599362,10.47534242212957,3.0743838161938615,0.8833180521560621,-0.041887680680677164,-0.1777378151688499
2023-07-28,ES=F/YM=F,8.435223628548986,10.479876172485877,3.0743838161938615,0.8833180521560621,-0.04549294877866483,-0.3863069862097782
2023-07-31,ES=F/YM=F,8.436958798705632,10.482765901936562,3.0743838161938615,0.8833180521560621,-0.04413592645090869,-0.264889419864379
2023-08-01,ES=F/YM=F,8.43408328469323,10.484501333150819,3.0743838161938615,0.8833180521560621,-0.0398605018002689,0.07600051145740802
2023-08-02,ES=F/YM=F,8.42007638063651,10.474551841293858,3.0743838161938615,0.8833180521560621,-0.037437442449111735,0.29975884043082374
2023-08-03,ES=F/YM=F,8.416654366037625,10.471978128496518,3.0743838161938615,0.8833180521560621,-0.036988427976513805,0.3860146640429519
2023-08-04,ES=F/YM=F,8.411388132519262,10.467465242103236,3.0743838161938615,0.8833180521560621,-0.03684955523615674,0.4502769378088585
2023-08-07,ES=F/YM=F,8.420186573474087,10.47880794648263,3.0743838161938615,0.8833180521560621,-0.033278672582988555,0.8389112340522301
2023-08-08,ES=F/YM=F,8.41593535934201,10.47432584620829,3.0743838161938615,0.8833180521560621,-0.03400559867088493,0.8423854986189079
2023-08-09,ES=F/YM=F,8.408660984592776,10.468858178153916,3.0743838161938615,0.8833180521560621,-0.03304768019111304,0.9897258610757304
2023-08-10,ES=F/YM=F,8.408660984592776,10.470249176632354,3.0743838161938615,0.8833180521560621,-0.03165668171267466,1.196067157469894
2023-08-11,ES=F/YM=F,8.407545722111706,10.473081959467745,3.0743838161938615,0.8833180521560621,-0.027838767394861463,1.6630671713001113
2023-08-14,ES=F/YM=F,8.41316512099219,10.473647554347222,3.0743838161938615,0.8833180521560621,-0.03223688898878141,1.2211465180421928
2023-08-15,ES=F/YM=F,8.401557847817314,10.463303320474218,3.091544676213452,0.8811229821023562,-0.03104706091347964,1.411080367940686
2023-08-16,ES=F/YM=F,8.393894975071744,10.457975932036732,3.091544676213452,0.8811229821023562,-0.029622516065917814,1.601196643743452
2023-08-17,ES=F/YM=F,8.38583087321941,10.449757537235314,3.091544676213452,0.8811229821023562,-0.030735445395229988,1.486211978074244
2023-08-18,ES=F/YM=F,8.385431660233984,10.450596888379366,3.091544676213452,0.8811229821023562,-0.02954433851496585,1.6112170356032938
2023-08-21,ES=F/YM=F,8.392196701241552,10.449410013339548,3.091544676213452,0.8811229821023562,-0.036692046661416455,0.8122932784840365
2023-08-22,ES=F/YM=F,8.38918935083187,10.444182609904397,3.091544676213452,0.8811229821023562,-0.03926960453536221,0.5410717513716284
2023-08-23,ES=F/YM=F,8.399984990510696,10.449352080946635,3.091544676213452,0.8811229821023562,-0.0436124197206329,0.04818717265144126
2023-08-24,ES=F/YM=F,8.386172928977834,10.438224996348431,3.091544676213452,0.8811229821023562,-0.04256937947202033,0.1712771028766139
2023-08-25,ES=F/YM=F,8.392593223182908,10.445143015094558,3.091544676213452,0.8811229821023562,-0.04130842950184377,0.31741323293854434
2023-08-28,ES=F/YM=F,8.398916283825184,10.451435535603869,3.091544676213452,0.8811229821023562,-0.040587303041668576,0.3969734130258678
2023-08-29,ES=F/YM=F,8.413331551882147,10.459869545961153,3.091544676213452,0.8811229821023562,-0.04485491666254049,-0.08778231301137415
2023-08-30,ES=F/YM=F,8.417207096540311,10.461845406747434,3.091544676213452,0.8811229821023562,-0.0462938873427321,-0.25111425944832416
2023-08-31,ES=F/YM=F,8.415381925269553,10.457114011624814,3.091544676213452,0.8811229821023562,-0.04941708211241469,-0.5910329114360242
2023-09-01,ES=F/YM=F,8.416599076180535,10.459726215828614,3.091544676213452,0.8811229821023562,-0.04787733754896806,-0.3982577528485101
2023-09-04,ES=F/YM=F,8.416599076180535,10.459726215828614,3.091544676213452,0.8811229821023562,-0.04787733754896806,-0.3878274620654777
2023-09-05,ES=F/YM=F,8.41238807705011,10.453918430894479,3.091544676213452,0.8811229821023562,-0.04997471437167178,-0.6098476307459249
2023-09-06,ES=F/YM=F,8.405479201786235,10.448105722036868,3.091544676213452,0.8811229821023562,-0.04969985445380498,-0.5563602669064627
2023-09-07,ES=F/YM=F,8.402062884162605,10.449525868057862,3.091544676213452,0.8811229821023562,-0.04526951246046895,-0.022232357205405267
2023-09-08,ES=F/YM=F,8.403296344736125,10.45184014819284,3.091544676213452,0.8811229821023562,-0.04404206278433609,0.13111660654802737
2023-09-11,ES=F/YM=F,8.409663658473571,10.453976099358494,3.091544676213452,0.8811229821023562,-0.04751649808700176,-0.26764493702334885
2023-09-12,ES=F/YM=F,8.4040244933106,10.453543504793787,3.091544676213452,0.8811229821023562,-0.042980294626743465,0.25861617981888463
2023-09-13,ES=F/YM=F,8.404864006442319,10.45126208008032,3.1078827734092016,0.8790307584167381,-0.04475467530141586,0.04532824171562617
2023-09-14,ES=F/YM=F,8.41316512099219,10.460929550930699,3.1078827734092016,0.8790307584167381,-0.04238413946951525,0.3189588698195091
2023-09-15,ES=F/YM=F,8.409991028710104,10.460661186733033,3.1078827734092016,0.8790307584167381,-0.039862378921174724,0.6053919218790756
2023-09-18,ES=F/YM=F,8.41216595354853,10.461244470986552,3.1078827734092016,0.8790307584167381,-0.041190920497877315,0.4335329005867601
2023-09-19,ES=F/YM=F,8.4096079807363,10.457861052229605,3.1078827734092016,0.8790307584167381,-0.04232580247368034,0.29003532177327485
2023-09-20,ES=F/YM=F,8.399984990510696,10.455330351773332,3.1078827734092016,0.8790307584167381,-0.03639759853370261,0.9660475504302702
2023-09-21,ES=F/YM=F,8.382975849296429,10.44397876895787,3.1078827734092016,0.8790307584167381,-0.03279762304757128,1.3548584457252395
2023-09-22,ES=F/YM=F,8.380456667842767,10.440916158096654,3.1078827734092016,0.8790307584167381,-0.03364579592498451,1.2132967145600462
2023-09-25,ES=F/YM=F,8.384518574511697,10.442113151159798,3.1078827734092016,0.8790307584167381,-0.03601934376164717,0.90382828243301
2023-09-26,ES=F/YM=F,8.369794664411513,10.430432558182002,3.1078827734092016,0.8790307584167381,-0.034757166877219525,1.019351722648549
2023-09-27,ES=F/YM=F,8.369504918516633,10.427949773825027,3.1078827734092016,0.8790307584167381,-0.03698525568046929,0.7353072630217065
2023-09-28,ES=F/YM=F,8.375053424255114,10.430934277318356,3.1078827734092016,0.8790307584167381,-0.03887805939451816,0.49573126456669236
2023-09-29,ES=F/YM=F,8.37228301962043,10.425994681075956,3.1078827734092016,0.8790307584167381,-0.04138238474976941,0.1878083604000073
2023-10-02,ES=F/YM=F,8.371993993924033,10.423411659287378,3.1078827734092016,0.8790307584167381,-0.043711344061241775,-0.09969971418202311
2023-10-03,ES=F/YM=F,8.35813884156063,10.410335274932896,3.1078827734092016,0.8790307584167381,-0.044608623325742336,-0.22595254602270246
2023-10-04,ES=F/YM=F,8.365846908921602,10.41409315209857,3.1078827734092016,0.8790307584167381,-0.04762637445831164,-0.620973333537825
2023-10-05,ES=F/YM=F,8.364216821816747,10.413432788874811,3.1078827734092016,0.8790307584167381,-0.04685384097800416,-0.5756371332504487
2023-10-06,ES=F/YM=F,8.3759751895007,10.422281345951296,3.1078827734092016,0.8790307584167381,-0.04834125076448714,-0.80219386660806
2023-10-09,ES=F/YM=F,8.38223220598212,10.428245666832275,3.1078827734092016,0.8790307584167381,-0.04787703982659686,-0.7623864625433838
2023-10-10,ES=F/YM=F,8.387426133357172,10.432231676804463,3.1078827734092016,0.8790307584167381,-0.04845665177406211,-0.8842327484257322
2023-10-11,ES=F/YM=F,8.391573277491586,10.433880481794647,3.1078827734092016,0.8790307584167381,-0.05045331403761555,-1.2661646698310423
2023-10-12,ES=F/YM=F,8.384918152106419,10.428097731272736,3.1230147769621035,0.8770907941081597,-0.049251566252308976,-1.1647208696530402
2023-10-13,ES=F/YM=F,8.379596403401791,10.42901457915501,3.1230147769621035,0.8770907941081597,-0.043667061572648436,-0.36818090190623953
2023-10-16,ES=F/YM=F,8.38958706681109,10.438049233978703,3.1230147769621035,0.8770907941081597,-0.043395125652286204,-0.36556041214598717
2023-10-17,ES=F/YM=F,8.389757468106554,10.43834215410148,3.1230147769621035,0.8770907941081597,-0.04325166293706317,-0.3793486262238292
2023-10-18,ES=F/YM=F,8.376147925934122,10.428393580510123,3.1230147769621035,0.8770907941081597,-0.041263432376953624,-0.04528883607610508
2023-10-19,ES=F/YM=F,8.3670677328386,10.420702719623787,3.1230147769621035,0.8770907941081597,-0.040990139490483024,-0.0038851908023014043
2023-10-20,ES=F/YM=F,8.354321258443596,10.412050618647859,3.1230147769621035,0.8770907941081597,-0.03846242511721787,0.41908934175621115
2023-10-23,ES=F/YM=F,8.352731198923049,10.406291085199207,3.1230147769621035,0.8770907941081597,-0.04282733199831412,-0.32547766653431204
2023-10-24,ES=F/YM=F,8.359661803429502,10.412381311452293,3.1230147769621035,0.8770907941081597,-0.042815875155442384,-0.31776559388424974
2023-10-25,ES=F/YM=F,8.345158542490418,10.408797995614009,3.1230147769621035,0.8770907941081597,-0.03367851433950797,1.2150576332120233
2023-10-26,ES=F/YM=F,8.332428652971142,10.40049818726839,3.1230147769621035,0.8770907941081597,-0.030813053777755783,1.6524676416390633
2023-10-27,ES=F/YM=F,8.327907440820649,10.389118437667562,3.1230147769621035,0.8770907941081597,-0.038227289823176136,0.37689305476366963
2023-10-30,ES=F/YM=F,8.339441178336653,10.40477785931878,3.1230147769621035,0.8770907941081597,-0.03268400316890396,1.2765776812682776
2023-10-31,ES=F/YM=F,8.345752225718496,10.408345404522327,3.1230147769621035,0.8770907941081597,-0.03465181952515195,0.9330047367932038
2023-11-01,ES=F/YM=F,8.35608503102148,10.414843035901725,3.1230147769621035,0.8770907941081597,-0.03721699655431454,0.5107962608377848
2023-11-02,ES=F/YM=F,8.374649884630696,10.431583187467073,3.1230147769621035,0.8770907941081597,-0.03675990718357536,0.5854617845776061
2023-11-03,ES=F/YM=F,8.383890344101816,10.438137119025118,3.1230147769621035,0.8770907941081597,-0.03831069756097971,0.3478354248364173
2023-11-06,ES=F/YM=F,8.385773852549402,10.438927737066038,3.1230147769621035,0.8770907941081597,-0.039172087440062064,0.22111389653418903
2023-11-07,ES=F/YM=F,8.388450315523512,10.440419423386597,3.1230147769621035,0.8770907941081597,-0.040027902154865735,0.09840248101638063
2023-11-08,ES=F/YM=F,8.389246177085615,10.439191137568022,3.1230147769621035,0.8770907941081597,-0.041954230822947025,-0.201600678626344
2023-11-09,ES=F/YM=F,8.38074325827834,10.432467386882161,3.1230147769621035,0.8770907941081597,-0.04122014969989696,-0.0420110171528925
2023-11-10,ES=F/YM=F,8.396267723487357,10.444007891637158,3.1363452883789846,0.8753798557952258,-0.04226102574629831,-0.2033038197014294
2023-11-13,ES=F/YM=F,8.395082053021266,10.445375701753937,3.1363452883789846,0.8753798557952258,-0.03985530358789191,0.2653016916679575
2023-11-14,ES=F/YM=F,8.414274137408396,10.459869545961153,3.1363452883789846,0.8753798557952258,-0.042161823443891855,-0.13320390907814347
2023-11-15,ES=F/YM=F,8.416101329854964,10.464530892462736,3.1363452883789846,0.8753798557952258,-0.03909996440269481,0.5027930496173809
2023-11-16,ES=F/YM=F,8.416986040999205,10.463646050320772,3.1363452883789846,0.8753798557952258,-0.04075926485852577,0.21469376135938162
2023-11-17,ES=F/YM=F,8.417925189757568,10.463446138852328,3.1363452883789846,0.8753798557952258,-0.04178128823163618,0.016633421549017202
2023-11-20,ES=F/YM=F,8.425571201868925,10.469511336766882,3.1363452883789846,0.8753798557952258,-0.042409255296529835,-0.10644112405034553
2023-11-21,ES=F/YM=F,8.423157199489642,10.467322996615733,3.1363452883789846,0.8753798557952258,-0.04248442639301331,-0.12629599443617448
2023-11-22,ES=F/YM=F,8.426666552216679,10.47214802797307,3.1363452883789846,0.8753798557952258,-0.0407314117198041,0.24076237421693325
2023-11-23,ES=F/YM=F,8.427159068712257,10.473053671324719,3.1363452883789846,0.8753798557952258,-0.04025690738703158,0.3381576616428964
2023-11-24,ES=F/YM=F,8.426885478384703,10.475314197859518,3.1363452883789846,0.8753798557952258,-0.03775688539075084,0.86046686949703
2023-11-27,ES=F/YM=F,8.4252971767117,10.473704096244782,3.1363452883789846,0.8753798557952258,-0.03797661971601407,0.7888673431317638
2023-11-28,ES=F/YM=F,8.425735580927402,10.475737478289117,3.1363452883789846,0.8753798557952258,-0.03632700789080001,1.1087718874315549
2023-11-29,ES=F/YM=F,8.424913415296942,10.476949890150093,3.1363452883789846,0.8753798557952258,-0.03439488879879171,1.488692710815761
2023-11-30,ES=F/YM=F,8.428744418231124,10.49155195664292,3.1363452883789846,0.8753798557952258,-0.023146405102040468,3.822814356892133
2023-12-01,ES=F/YM=F,8.433974612665304,10.499655661466162,3.1363452883789846,0.8753798557952258,-0.01962110712837184,4.101404319270831
2023-12-04,ES=F/YM=F,8.428689792824834,10.498691088765947,3.1363452883789846,0.8753798557952258,-0.015959454998733413,4.285225393199957
2023-12-05,ES=F/YM=F,8.428361977709622,10.496510484233493,3.1363452883789846,0.8753798557952258,-0.01785309678290581,3.4599549400404492
2023-12-06,ES=F/YM=F,8.424200324567073,10.494380499057318,3.1363452883789846,0.8753798557952258,-0.01634005463128574,3.346975523415666
2023-12-07,ES=F/YM=F,8.431526364659145,10.495874729944925,3.1363452883789846,0.8753798557952258,-0.021258891663027413,2.3748063610232366
2023-12-08,ES=F/YM=F,8.435440689543979,10.499021904229073,3.1363452883789846,0.8753798557952258,-0.02153823853210124,2.2092410428437548
2023-12-11,ES=F/YM=F,8.439447842791385,10.50336746512563,3.1487493635366715,0.873793184519815,-0.01971390455260913,2.321305589901844
2023-12-12,ES=F/YM=F,8.44370810215376,10.507748873087632,3.1487493635366715,0.873793184519815,-0.01905508218573715,2.2724436235957026
2023-12-13,ES=F/YM=F,8.457071568074857,10.52166870060616,3.1487493635366715,0.873793184519815,-0.016812160110626806,2.409880343252874
2023-12-14,ES=F/YM=F,8.459934772575956,10.525809827315793,3.1487493635366715,0.873793184519815,-0.01517288197993949,2.450580145069906
2023-12-15,ES=F/YM=F,8.454097899156004,10.518577219960418,3.1487493635366715,0.873793184519815,-0.017305269122055655,2.072705917887688
2023-12-18,ES=F/YM=F,8.474911799159631,10.53683164872532,3.1487493635366715,0.873793184519815,-0.01723788432360074,1.9775219560841402
2023-12-19,ES=F/YM=F,8.480581072919506,10.543523998690803,3.1487493635366715,0.873793184519815,-0.015499307130673046,2.0639424744936266
2023-12-20,ES=F/YM=F,8.46584726406465,10.530628468683467,3.1487493635366715,0.873793184519815,-0.015520535378617417,1.9697549224943185
2023-12-21,ES=F/YM=F,8.475693884238208,10.538899682444836,3.1487493635366715,0.873793184519815,-0.015853231215460006,1.8531712293080567
2023-12-22,ES=F/YM=F,8.47746434918724,10.53847581892254,3.1487493635366715,0.873793184519815,-0.017824114943651104,1.5926491323683056
2023-12-25,ES=F/YM=F,8.47746434918724,10.53847581892254,3.1487493635366715,0.873793184519815,-0.017824114943651104,1.5371195100273543
2023-12-26,ES=F/YM=F,8.481566013773087,10.542548067192307,3.1487493635366715,0.873793184519815,-0.01733587323418284,1.526096822707592
2023-12-27,ES=F/YM=F,8.48332612190466,10.545499320981303,3.1487493635366715,0.873793184519815,-0.01592258993457385,1.5946368731167049
2023-12-28,ES=F/YM=F,8.48306747668686,10.546104305546345,3.1487493635366715,0.873793184519815,-0.015091602941009974,1.6056329155759999
2023-12-29,ES=F/YM=F,8.480529207044645,10.545657178331206,3.1487493635366715,0.873793184519815,-0.013320807442307903,1.69559022590665
2024-01-01,ES=F/YM=F,8.480529207044645,10.545657178331206,3.1487493635366715,0.873793184519815,-0.013320807442307903,1.629475844457784
2024-01-02,ES=F/YM=F,8.473711412804276,10.545157211213365,3.1487493635366715,0.873793184519815,-0.007863432419456196,2.025563992703701
2024-01-03,ES=F/YM=F,8.465162783321853,10.537335794672979,3.1487493635366715,0.873793184519815,-0.008215114781116029,1.9074634659512297
2024-01-04,ES=F/YM=F,8.461574767653225,10.53781317228773,3.1487493635366715,0.873793184519815,-0.00460255352916672,2.1230044646020687
2024-01-05,ES=F/YM=F,8.462684205915846,10.537919225261291,3.1487493635366715,0.873793184519815,-0.0054659201481293,1.9596772397531002
2024-01-08,ES=F/YM=F,8.476631579660115,10.543576724621428,3.1487493635366715,0.873793184519815,-0.011995540907685509,1.3723699386992596
2024-01-09,ES=F/YM=F,8.474859638400158,10.539085066256062,3.1545685688667016,0.8730506663728235,-0.01446535733204346,1.1404691752277012
2024-01-10,ES=F/YM=F,8.480581072919506,10.543655808305187,3.1545685688667016,0.8730506663728235,-0.01488971750264323,1.075558229806642
2024-01-11,ES=F/YM=F,8.479595161000919,10.543418538488748,3.1545685688667016,0.8730506663728235,-0.014266236261575749,1.0922727359113638
2024-01-12,ES=F/YM=F,8.479802802197678,10.53985271899709,3.1545685688667016,0.8730506663728235,-0.018013337038430777,0.7591944295225954
2024-01-15,ES=F/YM=F,8.479802802197678,10.53985271899709,3.1545685688667016,0.8730506663728235,-0.018013337038430777,0.733536752889714
2024-01-16,ES=F/YM=F,8.476058648057682,10.533508547476334,3.1545685688667016,0.8730506663728235,-0.021088672292260746,0.4586990812507536
2024-01-17,ES=F/YM=F,8.47036360405944,10.530975584289799,3.1545685688667016,0.8730506663728235,-0.018649573521107854,0.6371930739213891
2024-01-18,ES=F/YM=F,8.478712204597956,10.536327248486318,3.1545685688667016,0.8730506663728235,-0.0205866605880205,0.4548141471132419
2024-01-19,ES=F/YM=F,8.490746541401254,10.546524948610623,3.1545685688667016,0.8730506663728235,-0.02089554622919021,0.406024300311777
2024-01-22,ES=F/YM=F,8.493105395887147,10.550564616241545,3.1545685688667016,0.8730506663728235,-0.0189152780790538,0.5510828041628385
2024-01-23,ES=F/YM=F,8.49596955496461,10.547680805518146,3.1545685688667016,0.8730506663728235,-0.02429964479362834,0.07408756577935284
2024-01-24,ES=F/YM=F,8.496582237512113,10.544788654372462,3.1545685688667016,0.8730506663728235,-0.027726698845684794,-0.22664824556452312
2024-01-25,ES=F/YM=F,8.501724160512305,10.550852540440946,3.1545685688667016,0.8730506663728235,-0.026151972078956476,-0.1077148011304287
2024-01-26,ES=F/YM=F,8.500301323746019,10.5521079677126,3.1545685688667016,0.8730506663728235,-0.02365433622035784,0.09869276388984094
2024-01-29,ES=F/YM=F,8.508051533498953,10.55810178337929,3.1545685688667016,0.8730506663728235,-0.024426846342996633,0.016983103605363155
2024-01-30,ES=F/YM=F,8.507344855361422,10.561318387968505,3.1545685688667016,0.8730506663728235,-0.020593275934897903,0.3357692425223835
2024-01-31,ES=F/YM=F,8.49095188021101,10.55268284556689,3.1545685688667016,0.8730506663728235,-0.014916920457612726,0.8186476353447236
2024-02-01,ES=F/YM=F,8.502789961105494,10.561655014200047,3.1545685688667016,0.8730506663728235,-0.016279996237959615,0.6703269245098399
2024-02-02,ES=F/YM=F,8.513235369561894,10.565273056653059,3.1545685688667016,0.8730506663728235,-0.021781324598344476,0.14876122147122936
2024-02-05,ES=F/YM=F,8.509564164251746,10.557530013215313,3.1545685688667016,0.8730506663728235,-0.02631921979367391,-0.29277819091389445
2024-02-06,ES=F/YM=F,8.512130397073776,10.561344286317487,3.1545685688667016,0.8730506663728235,-0.024745397966841054,-0.1749699289859359
2024-02-07,ES=F/YM=F,8.520238549602198,10.565505197899153,3.163063795082269,0.8719679340776538,-0.02693340312853021,-0.41616681051092863
2024-02-08,ES=F/YM=F,8.520736905039602,10.566793891085052,3.163063795082269,0.8719679340776538,-0.026079259903821317,-0.3675269489752244
2024-02-09,ES=F/YM=F,8.52595469708481,10.564834420546276,3.163063795082269,0.8719679340776538,-0.032588477792703685,-1.062202454948723
2024-02-12,ES=F/YM=F,8.525409346187578,10.56833813394096,3.163063795082269,0.8719679340776538,-0.028609235902813168,-0.689230048812008
2024-02-13,ES=F/YM=F,8.5114265965219,10.554066422987296,3.163063795082269,0.8719679340776538,-0.030688437517771838,-0.9450041224638747
2024-02-14,ES=F/YM=F,8.520786726926367,10.55825766397507,3.163063795082269,0.8719679340776538,-0.034658930101477914,-1.4239059460201056
2024-02-15,ES=F/YM=F,8.526450212678915,10.567669254803059,3.163063795082269,0.8719679340776538,-0.03018571724481589,-0.9677344762751816
2024-02-16,ES=F/YM=F,8.521135410648862,10.563517356633247,3.163063795082269,0.8719679340776538,-0.029703278468451444,-0.971874515379707
2024-02-19,ES=F/YM=F,8.521135410648862,10.563517356633247,3.163063795082269,0.8719679340776538,-0.029703278468451444,-1.039817138050903
2024-02-20,ES=F/YM=F,8.51549174477648,10.562095046821328,3.163063795082269,0.8719679340776538,-0.02620449260900415,-0.659540916209263
2024-02-21,ES=F/YM=F,8.516442910025534,10.563000387097086,3.163063795082269,0.8719679340776538,-0.026128537930430795,-0.7109171878906174
2024-02-22,ES=F/YM=F,8.536554544894857,10.574465808325012,3.163063795082269,0.8719679340776538,-0.0321998174104321,-1.603443905915912
2024-02-23,ES=F/YM=F,8.53728989311536,10.576151374154673,3.163063795082269,0.8719679340776538,-0.031155451649431676,-1.511414953365123
2024-02-26,ES=F/YM=F,8.533115751960052,10.574286869432166,3.163063795082269,0.8719679340776538,-0.029380239132195562,-1.3004970818321664
2024-02-27,ES=F/YM=F,8.53503310954457,10.57172709738989,3.163063795082269,0.8719679340776538,-0.03361188550633187,-1.9652995161061482
2024-02-28,ES=F/YM=F,8.533263371593732,10.571137421822545,3.163063795082269,0.8719679340776538,-0.03265840632882533,-1.7487173736213544
2024-02-29,ES=F/YM=F,8.537730842633785,10.572418881836954,3.163063795082269,0.8719679340776538,-0.035272437807763346,-2.0464674576464863
2024-03-01,ES=F/YM=F,8.545974992841689,10.574951338264915,3.163063795082269,0.8719679340776538,-0.03992861600481401,-2.5835165844531445
2024-03-04,ES=F/YM=F,8.544467833551119,10.571880868629844,3.163063795082269,0.8719679340776538,-0.041684891066961605,-2.643689795463537
2024-03-05,ES=F/YM=F,8.534197790232062,10.561188886161775,3.163063795082269,0.8719679340776538,-0.04342172507922459,-2.6825836712431075
2024-03-06,ES=F/YM=F,8.539297090323164,10.563749905760297,3.163063795082269,0.8719679340776538,-0.045307131646382004,-2.721597558750935
2024-03-07,ES=F/YM=F,8.549030948264988,10.56684540428532,3.1770926474514103,0.8701825742598673,-0.049465001154591626,-2.9945666114483007
2024-03-08,ES=F/YM=F,8.542665987389269,10.565040861504896,3.1770926474514103,0.8701825742598673,-0.04573086589511899,-2.3667938922628653
2024-03-11,ES=F/YM=F,8.541495483939203,10.566098203034423,3.1770926474514103,0.8701825742598673,-0.04365497266023333,-2.021975695885143
2024-03-12,ES=F/YM=F,8.552029306251695,10.572137101495674,3.1770926474514103,0.8701825742598673,-0.04678242281566369,-2.228853023587207
2024-03-13,ES=F/YM=F,8.550241045462437,10.573033399843746,3.1770926474514103,0.8701825742598673,-0.044330011090546684,-1.8806665543450336
2024-03-14,ES=F/YM=F,8.54747988402111,10.569083664008783,3.1770926474514103,0.8701825742598673,-0.04587703235454832,-1.939440856677646
2024-03-15,ES=F/YM=F,8.537323200778825,10.563366937989612,3.1770926474514103,0.8701825742598673,-0.04275558960400705,-1.571336481737883
2024-03-18,ES=F/YM=F,8.559246427647237,10.577018588410931,3.1770926474514103,0.8701825742598673,-0.04818114917512428,-1.992675073229383
2024-03-19,ES=F/YM=F,8.564410691025348,10.585042805560075,3.1770926474514103,0.8701825742598673,-0.044650784026501356,-1.5960734031742874
2024-03-20,ES=F/YM=F,8.572958969322094,10.595133606969807,3.1770926474514103,0.8701825742598673,-0.041998545430522505,-1.3102589227901789
2024-03-21,ES=F/YM=F,8.575933686438837,10.601771517201225,3.1770926474514103,0.8701825742598673,-0.03794918219744581,-0.9245073187425507
2024-03-22,ES=F/YM=F,8.574187702936046,10.593329276087347,3.1770926474514103,0.8701825742598673,-0.04487209889224886,-1.479735621007736
2024-03-25,ES=F/YM=F,8.571349882368192,10.589081277441158,3.1770926474514103,0.8701825742598673,-0.04665067553141622,-1.5752203583214701
2024-03-26,ES=F/YM=F,8.568883906821593,10.58860256139881,3.1770926474514103,0.8701825742598673,-0.04498354262456328,-1.3800139267111189
2024-03-27,ES=F/YM=F,8.577017493061904,10.600228268606203,3.1770926474514103,0.8701825742598673,-0.04043554042972808,-0.9610054691567261
2024-03-28,ES=F/YM=F,8.577064588453627,10.601025081397367,3.1770926474514103,0.8701825742598673,-0.03967970922776942,-0.8689707681999773
2024-03-29,ES=F/YM=F,8.577064588453627,10.601025081397367,3.1770926474514103,0.8701825742598673,-0.03967970922776942,-0.8414377400711065
2024-04-01,ES=F/YM=F,8.574565471274108,10.59398121563051,3.1770926474514103,0.8701825742598673,-0.04454888677397495,-1.2314589135839753
2024-04-02,ES=F/YM=F,8.567981358248343,10.584258462028018,3.1770926474514103,0.8701825742598673,-0.04854225995448935,-1.5485377270819054
2024-04-03,ES=F/YM=F,8.569121284276596,10.583600150825614,3.1770926474514103,0.8701825742598673,-0.050192514922624554,-1.6707672128204472
2024-04-04,ES=F/YM=F,8.555884918527223,10.569160756095318,3.1770926474514103,0.8701825742598673,-0.05311385483128639,-1.909279380692854
2024-04-05,ES=F/YM=F,8.566554620953962,10.577018588410931,3.196829063694816,0.8676738605599693,-0.0527859949448537,-1.8186865396504504
2024-04-08,ES=F/YM=F,8.56660221167378,10.57691660222997,3.196829063694816,0.8676738605599693,-0.052929274349406086,-1.771091003827803
2024-04-09,ES=F/YM=F,8.567933833119422,10.576329979755709,3.196829063694816,0.8676738605599693,-0.054671309944211544,-1.8712077314847588
2024-04-10,ES=F/YM=F,8.557903179664024,10.56506666362841,3.196829063694816,0.8676738605599693,-0.057231290263925594,-2.041827182894249
2024-04-11,ES=F/YM=F,8.564696814060204,10.564421410731422,3.196829063694816,0.8676738605599693,-0.06377120214468057,-2.5393494246045325
2024-04-12,ES=F/YM=F,8.550144291555924,10.55158506454235,3.196829063694816,0.8676738605599693,-0.06398070495157882,-2.4193014477604304
2024-04-15,ES=F/YM=F,8.537779825024625,10.545157211213365,3.196829063694816,0.8676738605599693,-0.05968023387158716,-1.9286332210708745
2024-04-16,ES=F/YM=F,8.535524148100961,10.546551232928087,3.196829063694816,0.8676738605599693,-0.05632902025233388,-1.577974288331448
2024-04-17,ES=F/YM=F,8.52956632747938,10.54507824618167,3.196829063694816,0.8676738605599693,-0.0526325617794976,-1.2209369422639227
2024-04-18,ES=F/YM=F,8.526945482858915,10.545525632270163,3.196829063694816,0.8676738605599693,-0.04991113732123953,-0.9595608845469366
2024-04-19,ES=F/YM=F,8.517942910306783,10.550800196752274,3.196829063694816,0.8676738605599693,-0.036825275957848014,0.1666084591315837
2024-04-22,ES=F/YM=F,8.526648350186992,10.557582005832373,3.196829063694816,0.8676738605599693,-0.037596949506483845,0.11994159054245006
2024-04-23,ES=F/YM=F,8.538269517018154,10.564266488063344,3.196829063694816,0.8676738605599693,-0.040995849964118314,-0.15675976297770744
2024-04-24,ES=F/YM=F,8.538465326691776,10.56307794956723,3.196829063694816,0.8676738605599693,-0.04235428739567926,-0.25546742553869
2024-04-25,ES=F/YM=F,8.533509355901174,10.552891810148154,3.196829063694816,0.8676738605599693,-0.04824026050605035,-0.7500323865239219
2024-04-26,ES=F/YM=F,8.54315329308577,10.556879877314014,3.196829063694816,0.8676738605599693,-0.052619985548146175,-1.1131411132269557
2024-04-29,ES=F/YM=F,8.546169299652755,10.559944814778241,3.196829063694816,0.8676738605599693,-0.05217195814536968,-1.0442096741816274
2024-04-30,ES=F/YM=F,8.53050420547591,10.545157211213365,3.196829063694816,0.8676738605599693,-0.053367368969787776,-1.1402043799577506
2024-05-01,ES=F/YM=F,8.526450212678915,10.547155581629395,3.196829063694816,0.8676738605599693,-0.047851454972906105,-0.5901998705349815
2024-05-02,ES=F/YM=F,8.53532776161172,10.555343878678192,3.196829063694816,0.8676738605599693,-0.047365975078946576,-0.5178697735237465
2024-05-03,ES=F/YM=F,8.547673898669824,10.566999927966382,3.196829063694816,0.8676738605599693,-0.04642234619496399,-0.3978102409564461
2024-05-06,ES=F/YM=F,8.55766312396995,10.571239999076129,3.2176535863638733,0.8650249914635983,-0.04900605804820124,-0.6423526164167311
2024-05-07,ES=F/YM=F,8.559054645511155,10.57200899326967,3.2176535863638733,0.8650249914635983,-0.049440764763962974,-0.6643506700599789
2024-05-08,ES=F/YM=F,8.55886282658763,10.576304466622823,3.2176535863638733,0.8650249914635983,-0.04497936324812457,-0.15317630471278637
2024-05-09,ES=F/YM=F,8.56388591940822,10.584966928228392,3.2176535863638733,0.8650249914635983,-0.0406620024668074,0.3438895278765544
2024-05-10,ES=F/YM=F,8.565268814647801,10.587644441257941,3.2176535863638733,0.8650249914635983,-0.039180728380071805,0.5407293111167727
2024-05-13,ES=F/YM=F,8.56512584517154,10.585548507358508,3.2176535863638733,0.8650249914635983,-0.04115299010952178,0.33848353483040217
2024-05-14,ES=F/YM=F,8.569690760373991,10.58852695370191,3.2176535863638733,0.8650249914635983,-0.04212330950015186,0.24095482331616724
2024-05-15,ES=F/YM=F,8.581669210600602,10.597609258092302,3.2176535863638733,0.8650249914635983,-0.0434026639147822,0.11716256604714663
2024-05-16,ES=F/YM=F,8.579275573712781,10.59688470185128,3.2176535863638733,0.8650249914635983,-0.04205666442734923,0.30998754705310033
2024-05-17,ES=F/YM=F,8.580590436546029,10.60005388114173,3.2176535863638733,0.8650249914635983,-0.04002487434800628,0.5961545529483037
2024-05-20,ES=F/YM=F,8.581434793477703,10.595233752180444,3.2176535863638733,0.8650249914635983,-0.04557539315690473,-0.07159696126383228
2024-05-21,ES=F/YM=F,8.58396359505009,10.596784721847198,3.2176535863638733,0.8650249914635983,-0.04621190004871778,-0.1203762156444261
2024-05-22,ES=F/YM=F,8.580731212220226,10.591194964345709,3.2176535863638733,0.8650249914635983,-0.04900556562039693,-0.48594720462716023
2024-05-23,ES=F/YM=F,8.572675200875242,10.575232326835637,3.2176535863638733,0.8650249914635983,-0.057999551985543185,-1.7709278088938833
2024-05-24,ES=F/YM=F,8.579510497481099,10.57533448492537,3.2176535863638733,0.8650249914635983,-0.06381009628394274,-2.612515353146404
2024-05-27,ES=F/YM=F,8.579510497481099,10.57533448492537,3.2176535863638733,0.8650249914635983,-0.06381009628394274,-2.4831157735716065
2024-05-28,ES=F/YM=F,8.58012104111871,10.569879995787254,3.2176535863638733,0.8650249914635983,-0.06979272092697286,-3.2412890107361063
2024-05-29,ES=F/YM=F,8.572438665642215,10.559036702680755,3.2176535863638733,0.8650249914635983,-0.07399056725249586,-3.5668527112067516
2024-05-30,ES=F/YM=F,8.566554620953962,10.551401983816316,3.2176535863638733,0.8650249914635983,-0.0765354404107077,-3.5333975107931868
2024-05-31,ES=F/YM=F,8.574612682283725,10.565943539941884,3.2176535863638733,0.8650249914635983,-0.06896430871813042,-2.309877399630847
2024-06-03,ES=F/YM=F,8.574943096957142,10.562457281294487,3.2176535863638733,0.8650249914635983,-0.07273638431558016,-2.5989394363365945
2024-06-04,ES=F/YM=F,8.576216531865699,10.565840417922663,3.239883709710486,0.8622005585165813,-0.06846197552156585,-1.9766588574294586
2024-06-05,ES=F/YM=F,8.58783803098557,10.56833813394096,3.239883709710486,0.8622005585165813,-0.0759843225352208,-2.658315236386467
2024-06-06,ES=F/YM=F,8.587465244401569,10.570162412764958,3.239883709710486,0.8622005585165813,-0.07383862691029108,-2.269353019942098
2024-06-07,ES=F/YM=F,8.58592602909733,10.567643519745475,3.239883709710486,0.8622005585165813,-0.07503040763478097,-2.2571357477225136
2024-06-10,ES=F/YM=F,8.588815935089205,10.569494753143834,3.239883709710486,0.8622005585165813,-0.0756708527966774,-2.1915092092304915
2024-06-11,ES=F/YM=F,8.591186871324563,10.566020874478237,3.239883709710486,0.8622005585165813,-0.08118895400860726,-2.55951500760476
2024-06-12,ES=F/YM=F,8.599233901752447,10.564937646352819,3.239883709710486,0.8622005585165813,-0.0892103362633474,-3.0651554864966637
2024-06-13,ES=F/YM=F,8.601258566533906,10.563000387097086,3.239883709710486,0.8622005585165813,-0.09289326262446274,-3.1053872761614545
2024-06-14,ES=F/YM=F,8.601074675396939,10.561137080742917,3.239883709710486,0.8622005585165813,-0.09459801793763312,-2.968675762188521
2024-06-17,ES=F/YM=F,8.608586619845449,10.566639335560673,3.239883709710486,0.8622005585165813,-0.09557256581892748,-2.80361291627062
2024-06-18,ES=F/YM=F,8.610865667278873,10.567694989198365,3.239883709710486,0.8622005585165813,-0.09648190815121893,-2.6638094013434737
2024-06-19,ES=F/YM=F,8.610865667278873,10.567694989198365,3.239883709710486,0.8622005585165813,-0.09648190815121893,-2.494199669560986
2024-06-20,ES=F/YM=F,8.60826713831561,10.575079070130357,3.239883709710486,0.8622005585165813,-0.08685737409577943,-1.7651056644832768
2024-06-21,ES=F/YM=F,8.607379381746805,10.578011115572766,3.239883709710486,0.8622005585165813,-0.08315990444392085,-1.4749304145387025
2024-06-24,ES=F/YM=F,8.61558951327243,10.592727108265056,3.239883709710486,0.8622005585165813,-0.075522691738521,-0.9799092794233614
2024-06-25,ES=F/YM=F,8.619208116822968,10.58471396220038,3.239883709710486,0.8622005585165813,-0.08665579980551907,-1.5950590288100128
2024-06-26,ES=F/YM=F,8.620381349212407,10.585068096724608,3.239883709710486,0.8622005585165813,-0.0873132269027348,-1.5753991401293261
2024-06-27,ES=F/YM=F,8.620832226175724,10.5853209731958,3.239883709710486,0.8622005585165813,-0.08744909680113633,-1.5273386716958235
2024-06-28,ES=F/YM=F,8.616404841487185,10.58327083263794,3.239883709710486,0.8622005585165813,-0.08568194380777161,-1.37242322881635
2024-07-01,ES=F/YM=F,8.61862098404635,10.584334393133231,3.239883709710486,0.8622005585165813,-0.08652914266474543,-1.3727079799602988
2024-07-02,ES=F/YM=F,8.62492589121912,10.588804153980885,3.239883709710486,0.8622005585165813,-0.08749547630284837,-1.3790716876007847
2024-07-03,ES=F/YM=F,8.628779287868255,10.58749307517879,3.275946128899147,0.8576240058444434,-0.08870131212949417,-1.3978451768896043
2024-07-04,ES=F/YM=F,8.628779287868255,10.58749307517879,3.275946128899147,0.8576240058444434,-0.08870131212949417,-1.3496855913597674
2024-07-05,ES=F/YM=F,8.634353811189815,10.588980514159214,3.275946128899147,0.8576240058444434,-0.09199471817077853,-1.479385212537983
2024-07-08,ES=F/YM=F,8.63502067052944,10.587846227062993,3.275946128899147,0.8576240058444434,-0.09370091984518414,-1.5159584970999047
2024-07-09,ES=F/YM=F,8.636086721356648,10.586483382039699,3.275946128899147,0.8576240058444434,-0.09597803564934182,-1.5786769172254622
2024-07-10,ES=F/YM=F,8.646113971483077,10.597858983395765,3.275946128899147,0.8576240058444434,-0.0932020447143076,-1.3822256171762755
2024-07-11,ES=F/YM=F,8.637595017268533,10.59885726144917,3.275946128899147,0.8576240058444434,-0.08489770702181954,-0.9249452435717402
2024-07-12,ES=F/YM=F,8.642018041861666,10.604131561522696,3.275946128899147,0.8576240058444434,-0.08341669901780602,-0.826410459425389
2024-07-15,ES=F/YM=F,8.645234541297121,10.609402872373751,3.275946128899147,0.8576240058444434,-0.08090393529738193,-0.6784924111150629
2024-07-16,ES=F/YM=F,8.651243199536493,10.627527596538444,3.275946128899147,0.8576240058444434,-0.06793238068168961,-0.01567546708240146
2024-07-17,ES=F/YM=F,8.637462023807181,10.633376414449176,3.275946128899147,0.8576240058444434,-0.05026449563673907,0.877203701800184
2024-07-18,ES=F/YM=F,8.629539251247776,10.620302430396258,3.275946128899147,0.8576240058444434,-0.056543719749865495,0.5832037880985346
2024-07-19,ES=F/YM=F,8.622228654250119,10.610586946714077,3.275946128899147,0.8576240058444434,-0.05998945994980076,0.4318524815129148
2024-07-22,ES=F/YM=F,8.632439679420624,10.61381136646669,3.275946128899147,0.8576240058444434,-0.06552226050769594,0.16616579749123211
2024-07-23,ES=F/YM=F,8.63038793918258,10.611892735485053,3.275946128899147,0.8576240058444434,-0.06568126980742761,0.17976348014739146
2024-07-24,ES=F/YM=F,8.607399459302387,10.5993809587641,3.275946128899147,0.8576240058444434,-0.058477574325257464,0.580502453021016
2024-07-25,ES=F/YM=F,8.601764092866507,10.60142324982787,3.275946128899147,0.8576240058444434,-0.051602257724344014,0.9557315204909248
2024-07-26,ES=F/YM=F,8.612321536507814,10.61719687580895,3.275946128899147,0.8576240058444434,-0.04488294885039945,1.3143645645059359
2024-07-29,ES=F/YM=F,8.613048677059759,10.615726323351593,3.275946128899147,0.8576240058444434,-0.04697711450072806,1.185723611408824
2024-07-30,ES=F/YM=F,8.607490829397017,10.620326845352862,3.275946128899147,0.8576240058444434,-0.03761004892306552,1.6808372087927572
2024-07-31,ES=F/YM=F,8.62299361030245,10.623106250301866,3.275946128899147,0.8576240058444434,-0.048126201035906924,1.1018242628742005
2024-08-01,ES=F/YM=F,8.608905999339436,10.609402872373751,3.3055074635228183,0.8538757023504351,-0.0470402478039027,1.1620995847726487
2024-08-02,ES=F/YM=F,8.589699882202986,10.593605148535708,3.3055074635228183,0.8538757023504351,-0.04643833488263471,1.1898741539901077
2024-08-05,ES=F/YM=F,8.559773638951356,10.56741187441917,3.3055074635228183,0.8538757023504351,-0.04707831702397769,1.1505917634794585
2024-08-06,ES=F/YM=F,8.569073813293226,10.57497688594327,3.3055074635228183,0.8538757023504351,-0.047454498398022515,1.1350953789708933
2024-08-07,ES=F/YM=F,8.56168843130279,10.56887805605103,3.3055074635228183,0.8538757023504351,-0.04724713005605263,1.1604019931642517
2024-08-08,ES=F/YM=F,8.584524683576523,10.586609649448985,3.3055074635228183,0.8538757023504351,-0.049014857607384776,1.0841517264698917
2024-08-09,ES=F/YM=F,8.588629741354087,10.587593988443924,3.3055074635228183,0.8538757023504351,-0.051535727705450896,0.9649593779932945
2024-08-12,ES=F/YM=F,8.588536631484372,10.583549493547418,3.3055074635228183,0.8538757023504351,-0.055500718346558564,0.7675151904714566
2024-08-13,ES=F/YM=F,8.605020901781758,10.593855875645637,3.3055074635228183,0.8538757023504351,-0.05926985412625463,0.5800608443685081
2024-08-14,ES=F/YM=F,8.608312784783722,10.599605316540906,3.3055074635228183,0.8538757023504351,-0.05633127214134337,0.7691043252667475
2024-08-15,ES=F/YM=F,8.624701399131522,10.613565593756055,3.3055074635228183,0.8538757023504351,-0.05636483451297192,0.7962320427154725
2024-08-16,ES=F/YM=F,8.626630386114613,10.616290290754515,3.3055074635228183,0.8538757023504351,-0.05528725262952339,0.8769714095918707
2024-08-19,ES=F/YM=F,8.635864721133736,10.621815031626372,3.3055074635228183,0.8538757023504351,-0.057647486057859076,0.7567720960040039
2024-08-20,ES=F/YM=F,8.63404245791253,10.620082668958622,3.3055074635228183,0.8538757023504351,-0.05782386243773541,0.7607536719262515
2024-08-21,ES=F/YM=F,8.637905266578501,10.621473676442992,3.3055074635228183,0.8538757023504351,-0.05973121341606635,0.6487730737979733
2024-08-22,ES=F/YM=F,8.629449873761905,10.61712339952339,3.3055074635228183,0.8538757023504351,-0.05686163585574899,0.8114169209924545
2024-08-23,ES=F/YM=F,8.639853204152125,10.627891122746627,3.3055074635228183,0.8538757023504351,-0.054977063676244775,0.9115272675117334
2024-08-26,ES=F/YM=F,8.637107288081575,10.629464877686775,3.3055074635228183,0.8538757023504351,-0.0510586377227602,1.1186426093993243
2024-08-27,ES=F/YM=F,8.638481188623437,10.629972792706583,3.3055074635228183,0.8538757023504351,-0.05172386299309384,1.0491677296750617
2024-08-28,ES=F/YM=F,8.632350560803687,10.62565941213669,3.3055074635228183,0.8538757023504351,-0.05080244942754941,1.0713953309843836
2024-08-29,ES=F/YM=F,8.632305998516742,10.63197774536807,3.3055074635228183,0.8538757023504351,-0.04444606554210484,1.4038065792457115
2024-08-30,ES=F/YM=F,8.64135583403666,10.637128673812564,3.326400577823196,0.851224786401819,-0.0450081780606002,1.3266997872382582
2024-09-02,ES=F/YM=F,8.64135583403666,10.637128673812564,3.326400577823196,0.851224786401819,-0.0450081780606002,1.288153803038466
2024-09-03,ES=F/YM=F,8.620065614336866,10.621766273733678,3.326400577823196,0.851224786401819,-0.04224781542308076,1.3961995414626323
2024-09-04,ES=F/YM=F,8.61794309451638,10.622570475119794,3.326400577823196,0.851224786401819,-0.039636872556139124,1.4888920594561572
2024-09-05,ES=F/YM=F,8.61472816725277,10.617147892218444,3.326400577823196,0.851224786401819,-0.04232282968422396,1.294850671416789
2024-09-06,ES=F/YM=F,8.597758839255805,10.606758316266925,3.326400577823196,0.851224786401819,-0.03826769303614519,1.4633900593996836
2024-09-09,ES=F/YM=F,8.608769134903447,10.618445147359923,3.326400577823196,0.851224786401819,-0.03595309850403172,1.5301045318431021
2024-09-10,ES=F/YM=F,8.61323037961318,10.61638833958291,3.326400577823196,0.851224786401819,-0.041807428356173126,1.1788911910566753
2024-09-11,ES=F/YM=F,8.623578182120252,10.619032030538111,3.326400577823196,0.851224786401819,-0.047972043379782114,0.8281279539879012
2024-09-12,ES=F/YM=F,8.63092358174326,10.624881996034176,3.326400577823196,0.851224786401819,-0.04837466410884961,0.7812492633113072
2024-09-13,ES=F/YM=F,8.635820315174449,10.631688121153461,3.326400577823196,0.851224786401819,-0.04573675985859449,0.8964637739822422
2024-09-16,ES=F/YM=F,8.637284671674058,10.637296714814964,3.326400577823196,0.851224786401819,-0.04137466274568702,1.1083164471467262
2024-09-17,ES=F/YM=F,8.637462023807181,10.636792507070695,3.326400577823196,0.851224786401819,-0.0420298370215928,1.0462149091983615
2024-09-18,ES=F/YM=F,8.634220385941111,10.634075016069918,3.326400577823196,0.851224786401819,-0.04198796552223083,1.0178983066305873
2024-09-19,ES=F/YM=F,8.651330650345468,10.646781120036646,3.326400577823196,0.851224786401819,-0.04384654271838073,0.8825943936548586
2024-09-20,ES=F/YM=F,8.64821974055363,10.644140497628511,3.326400577823196,0.851224786401819,-0.0438390816034433,0.8552952551726077
2024-09-23,ES=F/YM=F,8.661596519788615,10.657282884047461,3.326400577823196,0.851224786401819,-0.04208334123153712,0.929000583446644
2024-09-24,ES=F/YM=F,8.664232934065552,10.659539107242468,3.326400577823196,0.851224786401819,-0.04207129921628283,0.9031560744653764
2024-09-25,ES=F/YM=F,8.661985936317778,10.651974828129237,3.326400577823196,0.851224786401819,-0.04772287815161924,0.5443333468836018
2024-09-26,ES=F/YM=F,8.66638875777809,10.658552635911061,3.326400577823196,0.851224786401819,-0.044892861126915484,0.6906454378891166
2024-09-27,ES=F/YM=F,8.664103436730858,10.660923222978436,3.326400577823196,0.851224786401819,-0.04057695213925072,0.9333095588525089
2024-09-30,ES=F/YM=F,8.668067079850365,10.660618412837621,3.343586590413218,0.849046164691233,-0.042557287008884614,0.7850251221963247
2024-10-01,ES=F/YM=F,8.658649349970231,10.656765115149097,3.343586590413218,0.849046164691233,-0.038414497262582614,1.0359573768627637
2024-10-02,ES=F/YM=F,8.658736155525842,10.657494621352836,3.343586590413218,0.849046164691233,-0.03775869298290946,1.063399971880051
2024-10-03,ES=F/YM=F,8.65686817348872,10.652944175550665,3.343586590413218,0.849046164691233,-0.040723135800749155,0.8451526795447954
2024-10-04,ES=F/YM=F,8.66561319653451,10.66068876188618,3.343586590413218,0.849046164691233,-0.04040347774239983,0.8669373102813865
2024-10-07,ES=F/YM=F,8.656041673235046,10.651241282586945,3.343586590413218,0.849046164691233,-0.04172429189397242,0.7700589496473496
2024-10-08,ES=F/YM=F,8.66569939971546,10.65431384468275,3.343586590413218,0.849046164691233,-0.04685158542599943,0.2993466346570214
2024-10-09,ES=F/YM=F,8.672700094014635,10.664597073768501,3.343586590413218,0.849046164691233,-0.04251226898513849,0.7202629671202916
2024-10-10,ES=F/YM=F,8.67060073804555,10.663030902735755,3.343586590413218,0.849046164691233,-0.04229598988401051,0.7546082294668309
2024-10-11,ES=F/YM=F,8.675862219544964,10.67227545855449,3.343586590413218,0.849046164691233,-0.03751867475294812,1.4077886450435657
2024-10-14,ES=F/YM=F,8.684104958260395,10.677361821912017,3.343586590413218,0.849046164691233,-0.039430777088308666,1.138836278662471
2024-10-15,ES=F/YM=F,8.67637405576855,10.66930417105545,3.343586590413218,0.849046164691233,-0.04092453483457348,0.900250300220612
2024-10-16,ES=F/YM=F,8.68050180902826,10.676877420772277,3.343586590413218,0.849046164691233,-0.03685593819169597,1.4332709140961108
2024-10-17,ES=F/YM=F,8.68050180902826,10.680769058672864,3.343586590413218,0.849046164691233,-0.03296430029110908,1.938387203172564
2024-10-18,ES=F/YM=F,8.683724062303869,10.680929924591467,3.343586590413218,0.849046164691233,-0.03553927615782371,1.549656437395228
2024-10-21,ES=F/YM=F,8.68207183459847,10.673063225045645,3.343586590413218,0.849046164691233,-0.042003158107180916,0.5821135122867164
2024-10-22,ES=F/YM=F,8.681435634810287,10.672877924046807,3.343586590413218,0.849046164691233,-0.041648296115884165,0.6128205917460551
2024-10-23,ES=F/YM=F,8.672100727612584,10.662843733206408,3.343586590413218,0.849046164691233,-0.04375671980232454,0.26423398760866845
2024-10-24,ES=F/YM=F,8.674025985443025,10.659726896262056,3.343586590413218,0.849046164691233,-0.04850818952365543,-0.4744560619833948
2024-10-25,ES=F/YM=F,8.673512945671192,10.653038695742612,3.343586590413218,0.849046164691233,-0.054760795592489586,-1.436998984926685
2024-10-28,ES=F/YM=F,8.676160822511884,10.65975036741015,3.343586590413218,0.849046164691233,-0.05029729360111723,-0.701943623453289
2024-10-29,ES=F/YM=F,8.677780256064185,10.656011517864062,3.3605917242526195,0.8468929569697855,-0.05373118738077842,-1.2221423438217913
2024-10-30,ES=F/YM=F,8.674538762140015,10.654030618737362,3.3605917242526195,0.8468929569697855,-0.05296688813303785,-1.0760033618702836
2024-10-31,ES=F/YM=F,8.654953131120722,10.644162195631331,3.3605917242526195,0.8468929569697855,-0.04624837827102102,-0.039612402855563375
2024-11-01,ES=F/YM=F,8.658388888083016,10.650388747427439,3.3605917242526195,0.8468929569697855,-0.042931544848139325,0.45765594330909404
2024-11-04,ES=F/YM=F,8.65578053117228,10.644376729081495,3.3605917242526195,0.8468929569697855,-0.04673456409711729,-0.12543819408867346
2024-11-05,ES=F/YM=F,8.667723038217934,10.654455427579775,3.3605917242526195,0.8468929569697855,-0.04676989070436477,-0.13199929171272223
2024-11-06,ES=F/YM=F,8.692532092782308,10.689692377847104,3.3605917242526195,0.8468929569697855,-0.03254355401668274,2.0051606469405128
2024-11-07,ES=F/YM=F,8.700139552979033,10.689897363555763,3.3605917242526195,0.8468929569697855,-0.038781272769058184,0.995201533342948
2024-11-08,ES=F/YM=F,8.703714251273947,10.69514433474214,3.3605917242526195,0.8468929569697855,-0.0365616883919353,1.2953405804885545
2024-11-11,ES=F/YM=F,8.704792463205557,10.70191774575062,3.3605917242526195,0.8468929569697855,-0.030701407474456488,2.1610892006741897
2024-11-12,ES=F/YM=F,8.70167907103957,10.693625318409701,3.3605917242526195,0.8468929569697855,-0.03635712491771592,1.2261699176201868
2024-11-13,ES=F/YM=F,8.702177865629675,10.69439645087857,3.3605917242526195,0.8468929569697855,-0.03600841807418309,1.24913570179287
2024-11-14,ES=F/YM=F,8.695883161976143,10.689692377847104,3.3605917242526195,0.8468929569697855,-0.035381550915260185,1.3132616626032183
2024-11-15,ES=F/YM=F,8.682114233530024,10.68207821491354,3.3605917242526195,0.8468929569697855,-0.031334905322784934,1.929281408902652
2024-11-18,ES=F/YM=F,8.68609172787805,10.681435334788539,3.3605917242526195,0.8468929569697855,-0.035346297397516935,1.245677463800209
2024-11-19,ES=F/YM=F,8.689253952501131,10.678214720088496,3.3605917242526195,0.8468929569697855,-0.041244977859203225,0.2510079321306523
2024-11-20,ES=F/YM=F,8.689085552719654,10.680883965540973,3.3605917242526195,0.8468929569697855,-0.03843311581783748,0.7157501510438907
2024-11-21,ES=F/YM=F,8.694585954973439,10.691694881645189,3.3605917242526195,0.8468929569697855,-0.03228045164285298,1.821970774475836
2024-11-22,ES=F/YM=F,8.697345730925353,10.700882129466427,3.3605917242526195,0.8468929569697855,-0.025430438638105457,3.009625484575682
2024-11-25,ES=F/YM=F,8.70059749516143,10.710543607203856,3.3605917242526195,0.8468929569697855,-0.018522857129935844,4.019051399742669
2024-11-26,ES=F/YM=F,8.7058695138482,10.713328286593352,3.3605917242526195,0.8468929569697855,-0.020203013235278178,3.3054591771682755
2024-11-27,ES=F/YM=F,8.70201162840878,10.710588223171918,3.37538079738254,0.845021100600882,-0.01817601789028256,3.300613859479257
2024-11-28,ES=F/YM=F,8.70201162840878,10.710588223171918,3.37538079738254,0.845021100600882,-0.01817601789028256,2.9999347783495938
2024-11-29,ES=F/YM=F,8.708061454178658,10.715639244669138,3.37538079738254,0.845021100600882,-0.018237226823568875,2.753840662654374
2024-12-02,ES=F/YM=F,8.709753816252654,10.71230442610505,3.37538079738254,0.845021100600882,-0.023002127050040677,1.9815858460973739
2024-12-03,ES=F/YM=F,8.710001238934328,10.710141973889668,3.37538079738254,0.845021100600882,-0.0253736566522047,1.6132579384850783
2024-12-04,ES=F/YM=F,8.715798118283294,10.716770554336053,3.37538079738254,0.845021100600882,-0.023643561573332583,1.751207446034564
2024-12-05,ES=F/YM=F,8.714198085120753,10.711457836917562,3.37538079738254,0.845021100600882,-0.027604217207814585,1.2385354849207209
2024-12-06,ES=F/YM=F,8.715880102296456,10.707862999781783,3.37538079738254,0.845021100600882,-0.03262039434863606,0.6519924376220471
2024-12-09,ES=F/YM=F,8.71041347407909,10.70277244665735,3.37538079738254,0.845021100600882,-0.033091531280254216,0.5821150497084262
2024-12-10,ES=F/YM=F,8.707193524137192,10.699529711814108,3.37538079738254,0.845021100600882,-0.03361334047971454,0.5014506846786546
2024-12-11,ES=F/YM=F,8.714854818715756,10.6969776817921,3.37538079738254,0.845021100600882,-0.04263932607852716,-0.5379005904605486
2024-12-12,ES=F/YM=F,8.709588833781666,10.69142204895814,3.37538079738254,0.845021100600882,-0.0437450905277359,-0.6708013170040911
2024-12-13,ES=F/YM=F,8.708722228961106,10.68889481152137,3.37538079738254,0.845021100600882,-0.04554002860524964,-0.8676980375474036
2024-12-16,ES=F/YM=F,8.712842208421055,10.686658235743662,3.37538079738254,0.845021100600882,-0.05125807396065696,-1.5007316457862478
2024-12-17,ES=F/YM=F,8.70843319371744,10.679918337232811,3.37538079738254,0.845021100600882,-0.05427226201409319,-1.7940586591342143
2024-12-18,ES=F/YM=F,8.677993144319945,10.65308595248852,3.37538079738254,0.845021100600882,-0.05538216271416818,-1.857270927581265
2024-12-19,ES=F/YM=F,8.677396942956573,10.653912584247546,3.37538079738254,0.845021100600882,-0.05405172822288584,-1.6531781287861915
2024-12-20,ES=F/YM=F,8.672530555248288,10.650120051952527,3.37538079738254,0.845021100600882,-0.05373206022069965,-1.567331732645036
2024-12-23,ES=F/YM=F,8.70549681988774,10.676346616822633,3.37538079738254,0.845021100600882,-0.055362684578923904,-1.6859918064423687
2024-12-24,ES=F/YM=F,8.7157161275482,10.68384400716945,3.37538079738254,0.845021100600882,-0.05650082483872776,-1.7611256516882303
2024-12-25,ES=F/YM=F,8.7157161275482,10.68384400716945,3.37538079738254,0.845021100600882,-0.05650082483872776,-1.705660295434656
2024-12-26,ES=F/YM=F,8.715265058301425,10.685149146626813,3.3908561812824556,0.8430635782452117,-0.053229580062705395,-1.3302392151688618
2024-12-27,ES=F/YM=F,8.704004653483045,10.676923564324877,3.3908561812824556,0.8430635782452117,-0.051961925185968205,-1.1769645830502469
2024-12-30,ES=F/YM=F,8.692616006519035,10.667256277574845,3.3908561812824556,0.8430635782452117,-0.052027858475150346,-1.150427087477915
2024-12-31,ES=F/YM=F,8.688748668057352,10.665997536149904,3.3908561812824556,0.8430635782452117,-0.050026187698299474,-0.9326261022746106
2025-01-01,ES=F/YM=F,8.688748668057352,10.665997536149904,3.3908561812824556,0.8430635782452117,-0.050026187698299474,-0.9126992259661534
2025-01-02,ES=F/YM=F,8.685500336824614,10.661813674121044,3.3908561812824556,0.8430635782452117,-0.051471499974761414,-1.0247920460739661
2025-01-03,ES=F/YM=F,8.697763215171385,10.669443647553885,3.3908561812824556,0.8430635782452117,-0.05417991264053512,-1.2478373092187527
2025-01-06,ES=F/YM=F,8.702925591332274,10.66853670238515,3.3908561812824556,0.8430635782452117,-0.059439069127717126,-1.697314503282701
2025-01-07,ES=F/YM=F,8.691860529273333,10.6643634725714,3.3908561812824556,0.8430635782452117,-0.05428374812855008,-1.1840574357414455
2025-01-08,ES=F/YM=F,8.692699913214838,10.666114152865877,3.3908561812824556,0.8430635782452117,-0.05324072186332085,-1.0641519829539068
2025-01-09,ES=F/YM=F,8.690263756096007,10.664807268199123,3.3908561812824556,0.8430635782452117,-0.052493771192305694,-0.9697588525635681
2025-01-10,ES=F/YM=F,8.676970867108627,10.649227183215244,3.3908561812824556,0.8430635782452117,-0.05686710562126862,-1.31899332864389
2025-01-13,ES=F/YM=F,8.678376229007627,10.65780038499992,3.3908561812824556,0.8430635782452117,-0.04947871326789244,-0.6567054408447887
2025-01-14,ES=F/YM=F,8.679694620760886,10.663171256896318,3.3908561812824556,0.8430635782452117,-0.04521932944052587,-0.2800113979187165
2025-01-15,ES=F/YM=F,8.697679732264463,10.679734302265647,3.3908561812824556,0.8430635782452117,-0.043818876530541395,-0.1463524985759329
2025-01-16,ES=F/YM=F,8.695423055306936,10.677569350592073,3.3908561812824556,0.8430635782452117,-0.044081306053358915,-0.15779763165032815
2025-01-17,ES=F/YM=F,8.705082552513655,10.684988958061645,3.3908561812824556,0.8430635782452117,-0.0448052688629339,-0.21629304923502116
2025-01-20,ES=F/YM=F,8.705082552513655,10.684988958061645,3.3908561812824556,0.8430635782452117,-0.0448052688629339,-0.21197509293687566
2025-01-21,ES=F/YM=F,8.713458743922201,10.697339427217706,3.3908561812824556,0.8430635782452117,-0.03951646160782829,0.23718672963069404
2025-01-22,ES=F/YM=F,8.719399071515568,10.699935629192945,3.3908561812824556,0.8430635782452117,-0.041928333469401835,0.020976255762246886
2025-01-23,ES=F/YM=F,8.72453251118548,10.708824377084602,3.3908561812824556,0.8430635782452117,-0.037367401594566196,0.3941962437351008
2025-01-24,ES=F/YM=F,8.721480067880142,10.705533980052063,3.409289071900677,0.8407313970197419,-0.03617721339731794,0.4799596812149588
2025-01-27,ES=F/YM=F,8.707276216603956,10.712282156622035,3.409289071900677,0.8407313970197419,-0.017487413100859328,2.075344516310076
2025-01-28,ES=F/YM=F,8.715552125907816,10.715106420466313,3.409289071900677,0.8407313970197419,-0.021620966047223078,1.628084608914411
2025-01-29,ES=F/YM=F,8.710701937600756,10.711970331775978,3.409289071900677,0.8407313970197419,-0.02067934914635483,1.6432795503731883
2025-01-30,ES=F/YM=F,8.71592109178266,10.715639244669138,3.409289071900677,0.8407313970197419,-0.0213983430398077,1.5228494409269255
2025-01-31,ES=F/YM=F,8.710660733620447,10.707684036871369,3.409289071900677,0.8407313970197419,-0.02493100257103631,1.1851425040919463
2025-02-03,ES=F/YM=F,8.703216222627006,10.704704076564818,3.409289071900677,0.8407313970197419,-0.021652128749941824,1.407382940963147
2025-02-04,ES=F/YM=F,8.70996000607173,10.707661664255449,3.409289071900677,0.8407313970197419,-0.024364251535993198,1.1634382296230688
2025-02-05,ES=F/YM=F,8.713828482849651,10.714506653690963,3.409289071900677,0.8407313970197419,-0.02077161198631927,1.4111059966727197
2025-02-06,ES=F/YM=F,8.717027173294824,10.71136868055954,3.409289071900677,0.8407313970197419,-0.026598824604345594,0.9270575543621452
2025-02-07,ES=F/YM=F,8.707730902981533,10.701467609576829,3.409289071900677,0.8407313970197419,-0.02868422925948977,0.7604483424730375
2025-02-10,ES=F/YM=F,8.714198085120753,10.70504060693986,3.409289071900677,0.8407313970197419,-0.03054839497114603,0.6072394632202166
2025-02-11,ES=F/YM=F,8.714772750599172,10.707907735505502,3.409289071900677,0.8407313970197419,-0.028164405715994434,0.7785994157700868
2025-02-12,ES=F/YM=F,8.711566829234334,10.702390170761937,3.409289071900677,0.8407313970197419,-0.03098665171176407,0.5550550762827884
2025-02-13,ES=F/YM=F,8.721806106111012,10.710208923978403,3.409289071900677,0.8407313970197419,-0.03177638004830019,0.495331195325509
2025-02-14,ES=F/YM=F,8.721276239991704,10.706273583613463,3.409289071900677,0.8407313970197419,-0.03526624533052125,0.2291953723851835
2025-02-17,ES=F/YM=F,8.721276239991704,10.706273583613463,3.409289071900677,0.8407313970197419,-0.03526624533052125,0.22209128667564706
2025-02-18,ES=F/YM=F,8.723678765834304,10.70645279909816,3.409289071900677,0.8407313970197419,-0.03710690875384781,0.08057294375099076
2025-02-19,ES=F/YM=F,8.726318950962243,10.707974835338897,3.409289071900677,0.8407313970197419,-0.03780455904411539,0.034174878178463805
2025-02-20,ES=F/YM=F,8.722009826037564,10.698017347384676,3.409289071900677,0.8407313970197419,-0.044139230380477734,-0.4288932464483484
2025-02-21,ES=F/YM=F,8.704336438489406,10.680194326195004,3.409289071900677,0.8407313970197419,-0.0471036797667157,-0.6329819131591256
2025-02-24,ES=F/YM=F,8.699639740398343,10.681320491262715,3.4203377444356406,0.8393343689389884,-0.040923884676712596,-0.12723258769014403
2025-02-25,ES=F/YM=F,8.694502206386648,10.684874521945481,3.4203377444356406,0.8393343689389884,-0.033057745126338745,0.5254821207469734
2025-02-26,ES=F/YM=F,8.694627826636797,10.680654138599648,3.4203377444356406,0.8393343689389884,-0.037383565865556356,0.20403398611671192
2025-02-27,ES=F/YM=F,8.67867408233834,10.675838627525664,3.4203377444356406,0.8393343689389884,-0.028808551036580532,0.9515240179309219
2025-02-28,ES=F/YM=F,8.693370913449703,10.689418998189405,3.4203377444356406,0.8393343689389884,-0.02756373583909877,1.0733947188522237
2025-03-03,ES=F/YM=F,8.676032860729627,10.67468314579237,3.4203377444356406,0.8393343689389884,-0.02774716469769789,1.0645601978102914
2025-03-04,ES=F/YM=F,8.663801211052327,10.65946867726744,3.4203377444356406,0.8393343689389884,-0.03269518925964743,0.6556601267059692
2025-03-05,ES=F/YM=F,8.674410592614281,10.670489101666554,3.4203377444356406,0.8393343689389884,-0.030579583438670177,0.8481766452292938
2025-03-06,ES=F/YM=F,8.656302747120439,10.659985048596836,3.4203377444356406,0.8393343689389884,-0.025885099437969572,1.2455251092074713
2025-03-07,ES=F/YM=F,8.661466680572662,10.665180838131088,3.4203377444356406,0.8393343689389884,-0.025023576729082286,1.297513005790324
2025-03-10,ES=F/YM=F,8.634220385941111,10.644162195631331,3.4203377444356406,0.8393343689389884,-0.02317346771834039,1.4274256787347166
2025-03-11,ES=F/YM=F,8.626406276389554,10.632846115058646,3.4203377444356406,0.8393343689389884,-0.027930897581748937,0.986806326646435
2025-03-12,ES=F/YM=F,8.63136973147851,10.630915379572906,3.4203377444356406,0.8393343689389884,-0.03402763151233401,0.459149121333578
2025-03-13,ES=F/YM=F,8.6174909127316,10.61798028711545,3.4203377444356406,0.8393343689389884,-0.03531375439523465,0.3386965828066363
2025-03-14,ES=F/YM=F,8.637639344492104,10.633689641047084,3.4203377444356406,0.8393343689389884,-0.036515671720413145,0.22076207439206622
2025-03-17,ES=F/YM=F,8.644750524831112,10.642635295656758,3.4203377444356406,0.8393343689389884,-0.03353867517299225,0.4492005560787792
2025-03-18,ES=F/YM=F,8.633731007664188,10.635855446249355,3.4203377444356406,0.8393343689389884,-0.031069465093082727,0.6359622268966215
2025-03-19,ES=F/YM=F,8.644442392331701,10.645305842559727,3.4203377444356406,0.8393343689389884,-0.030609502073080108,0.6513762906406533
2025-03-20,ES=F/YM=F,8.64162076979129,10.644495894447413,3.4203377444356406,0.8393343689389884,-0.02905116541105457,0.7624917429165534
2025-03-21,ES=F/YM=F,8.633695372406175,10.636336099947625,3.4203377444356406,0.8393343689389884,-0.030558901498015878,0.6041296987751918
2025-03-24,ES=F/YM=F,8.668282045779094,10.66658048378274,3.4203377444356406,0.8393343689389884,-0.029344301332059786,0.6892936710342893
2025-03-25,ES=F/YM=F,8.670171756013318,10.66676695527645,3.430489718876621,0.8380480027251503,-0.029742887011140695,0.6284297937654024
2025-03-26,ES=F/YM=F,8.658605944366562,10.663030902735755,3.430489718876621,0.8380480027251503,-0.02378623420137682,1.162028355733751
2025-03-27,ES=F/YM=F,8.655083818755681,10.659656479512229,3.430489718876621,0.8380480027251503,-0.024208947091358013,1.088847282142392
2025-03-28,ES=F/YM=F,8.634620608292202,10.641870970494749,3.430489718876621,0.8380480027251503,-0.024845303450575784,0.9975037366121966
2025-03-31,ES=F/YM=F,8.639985880003103,10.65157262785174,3.430489718876621,0.8380480027251503,-0.019640001334981783,1.4685751310294501
2025-04-01,ES=F/YM=F,8.643737732741194,10.651146592342338,3.430489718876621,0.8380480027251503,-0.023210269538060047,1.0794976016399493
2025-04-02,ES=F/YM=F,8.650368270568654,10.657071101899904,3.430489718876621,0.8380480027251503,-0.022842468963790274,1.0862474080068245
2025-04-03,ES=F/YM=F,8.600200730399846,10.615848952019878,3.430489718876621,0.8380480027251503,-0.02202181200371367,1.1444789948757006
2025-04-04,ES=F/YM=F,8.539003605680087,10.559192437620203,3.430489718876621,0.8380480027251503,-0.02739219825947181,0.575311591417447
2025-04-07,ES=F/YM=F,8.536456457597083,10.54967414423257,3.430489718876621,0.8380480027251503,-0.034775859283498356,-0.25333894004804475
2025-04-08,ES=F/YM=F,8.521235012242569,10.541703249569855,3.430489718876621,0.8380480027251503,-0.02999045206827322,0.24744725772239712
2025-04-09,ES=F/YM=F,8.610865667278873,10.617319324288905,3.430489718876621,0.8380480027251503,-0.0294891687853438,0.2762024357547708
2025-04-10,ES=F/YM=F,8.57583938684897,10.591546811547127,3.430489718876621,0.8380480027251503,-0.0259079771699513,0.7049726256932609
2025-04-11,ES=F/YM=F,8.592532547962053,10.606560311167646,3.430489718876621,0.8380480027251503,-0.02488414787941995,0.8235196366753381
2025-04-14,ES=F/YM=F,8.601672197994176,10.614990235380386,3.430489718876621,0.8380480027251503,-0.02411368912170886,0.9069162343508624
2025-04-15,ES=F/YM=F,8.59937207737388,10.610907392382792,3.430489718876621,0.8380480027251503,-0.026268920627436465,0.5779154773618254
2025-04-16,ES=F/YM=F,8.57654641711575,10.592952963693447,3.430489718876621,0.8380480027251503,-0.025094350326572368,0.7247910282881529
2025-04-17,ES=F/YM=F,8.57786487094897,10.579717439219063,3.430489718876621,0.8380480027251503,-0.03943480240257102,-1.4567136936718061
2025-04-18,ES=F/YM=F,8.57786487094897,10.579717439219063,3.430489718876621,0.8380480027251503,-0.03943480240257102,-1.50673159584463
2025-04-21,ES=F/YM=F,8.553476903493484,10.553935978562958,3.430489718876621,0.8380480027251503,-0.044777975642081635,-2.332893687894332
2025-04-22,ES=F/YM=F,8.578241252981172,10.58042912874914,3.430489718876621,0.8380480027251503,-0.039038539082843826,-1.4181032812115797
2025-04-23,ES=F/YM=F,8.594478254125779,10.590993853205987,3.4385816519883603,0.8370195872339825,-0.04133443954217153,-1.754322356764543
2025-04-24,ES=F/YM=F,8.614546736672148,10.603163375058774,3.4385816519883603,0.8370195872339825,-0.0459626306667591,-2.4020571994718756
2025-04-25,ES=F/YM=F,8.621508160680877,10.602964656790943,3.4385816519883603,0.8370195872339825,-0.051988197184936524,-3.1784864646051503
2025-04-28,ES=F/YM=F,8.622093601241607,10.605792670880838,3.4385816519883603,0.8370195872339825,-0.049650208311533994,-2.599361974383836
2025-04-29,ES=F/YM=F,8.627615872666329,10.61295089758101,3.4385816519883603,0.8370195872339825,-0.04711423095987666,-2.110491162993516
2025-04-30,ES=F/YM=F,8.628197749459149,10.6157017958133,3.4385816519883603,0.8370195872339825,-0.0448503750005349,-1.7203399148527392
2025-05-01,ES=F/YM=F,8.634665067556409,10.617784491818808,3.4385816519883603,0.8370195872339825,-0.04818095091930452,-2.0779422355437926
2025-05-02,ES=F/YM=F,8.64979915596426,10.631688121153461,3.4385816519883603,0.8370195872339825,-0.046944850016954476,-1.8307350115034473
2025-05-05,ES=F/YM=F,8.64325299107697,10.62907772158544,3.4385816519883603,0.8370195872339825,-0.0440759813530498,-1.4005645405523626
2025-05-06,ES=F/YM=F,8.635109551517855,10.619325343015772,3.4385816519883603,0.8370195872339825,-0.047012141504283456,-1.722170399084945
2025-05-07,ES=F/YM=F,8.639764743804419,10.626533283441937,3.4385816519883603,0.8370195872339825,-0.0437006882043125,-1.2500106498804882
2025-05-08,ES=F/YM=F,8.64549845156916,10.632677324443003,3.4385816519883603,0.8370195872339825,-0.0423558729098108,-1.0475556024575345
2025-05-09,ES=F/YM=F,8.644354337032917,10.629174524663854,3.4385816519883603,0.8370195872339825,-0.04490102641208438,-1.3218146229646452
2025-05-12,ES=F/YM=F,8.676757761087575,10.657094635464652,3.4385816519883603,0.8370195872339825,-0.04410321623848468,-1.183028543094737
2025-05-13,ES=F/YM=F,8.683470051041336,10.650838787109585,3.4385816519883603,0.8370195872339825,-0.055977382760043604,-2.5397800033915647
2025-05-14,ES=F/YM=F,8.68414727107907,10.648206738640061,3.4385816519883603,0.8370195872339825,-0.05917627766601807,-2.7356840870998034
2025-05-15,ES=F/YM=F,8.688327402569616,10.654549805042507,3.4385816519883603,0.8370195872339825,-0.05633206319837303,-2.245603448022478
2025-05-16,ES=F/YM=F,8.695423055306936,10.662796935349743,3.4385816519883603,0.8370195872339825,-0.05402413321648414,-1.8920380394637728
2025-05-19,ES=F/YM=F,8.696593819782528,10.666277393424522,3.4385816519883603,0.8370195872339825,-0.05152362793981258,-1.5667561677002697
2025-05-20,ES=F/YM=F,8.6927838128709,10.663638961876547,3.4385816519883603,0.8370195872339825,-0.0509730090752587,-1.4628934889853327
2025-05-21,ES=F/YM=F,8.676118170403797,10.644162195631331,3.4385816519883603,0.8370195872339825,-0.05650030614167001,-1.9655200204706837
2025-05-22,ES=F/YM=F,8.675350121210894,10.64363758669141,3.4536170867748988,0.8351142463368648,-0.054887978266952686,-1.7583688217838225
2025-05-23,ES=F/YM=F,8.668539943910762,10.637632712130145,3.4536170867748988,0.8351142463368648,-0.055205576744798535,-1.727909967732816
2025-05-26,ES=F/YM=F,8.668539943910762,10.637632712130145,3.4536170867748988,0.8351142463368648,-0.055205576744798535,-1.6582523704022942
2025-05-27,ES=F/YM=F,8.68849593006106,10.655139462468636,3.4536170867748988,0.8351142463368648,-0.05436435474012313,-1.5244066056910968
2025-05-28,ES=F/YM=F,8.683173622997073,10.649464346740606,3.4536170867748988,0.8351142463368648,-0.055594736015637025,-1.5751635290543253
2025-05-29,ES=F/YM=F,8.6865561470458,10.651761918721386,3.4536170867748988,0.8351142463368648,-0.05612195805652753,-1.5615779486686736
2025-05-30,ES=F/YM=F,8.68541582383069,10.65240051100193,3.4536170867748988,0.8351142463368648,-0.05453106561361487,-1.3694200914282793
2025-06-02,ES=F/YM=F,8.690684206825376,10.654290245584235,3.4536170867748988,0.8351142463368648,-0.05704103272533079,-1.5325981733988367
2025-06-03,ES=F/YM=F,8.69642665161096,10.659562582798547,3.4536170867748988,0.8351142463368648,-0.056564292960263884,-1.4368979240173758
2025-06-04,ES=F/YM=F,8.696343057044556,10.657259354912508,3.4536170867748988,0.8351142463368648,-0.05879770983298194,-1.570581717125857
2025-06-05,ES=F/YM=F,8.690474003558043,10.654172241737173,3.4536170867748988,0.8351142463368648,-0.05698349282921633,-1.3682978731432363
2025-06-06,ES=F/YM=F,8.700639115871901,10.664503639837902,3.4536170867748988,0.8351142463368648,-0.055141124837406075,-1.1766328547673326
2025-06-09,ES=F/YM=F,8.701221624001878,10.664199919258497,3.4536170867748988,0.8351142463368648,-0.05593130625476128,-1.2033836332074999
2025-06-10,ES=F/YM=F,8.706986763048892,10.666883482305026,3.4536170867748988,0.8351142463368648,-0.05806229295850596,-1.3363856217401158
2025-06-11,ES=F/YM=F,8.704336438489406,10.66681356771732,3.4536170867748988,0.8351142463368648,-0.05591888374916998,-1.1217643944043747
2025-06-12,ES=F/YM=F,8.707730902981533,10.668722809490328,3.4536170867748988,0.8351142463368648,-0.056844407632221206,-1.1610423372321983
2025-06-13,ES=F/YM=F,8.696050421018974,10.650341363045323,3.4536170867748988,0.8351142463368648,-0.06547131718621202,-1.7989445436221845
2025-06-16,ES=F/YM=F,8.705455400872264,10.658129564405668,3.4536170867748988,0.8351142463368648,-0.06553734848786075,-1.729254405912348
2025-06-17,ES=F/YM=F,8.697011617992073,10.650838787109585,3.4536170867748988,0.8351142463368648,-0.06577660240772154,-1.6786070760630534
2025-06-18,ES=F/YM=F,8.69642665161096,10.649891099396505,3.4536170867748988,0.8351142463368648,-0.06623577636230493,-1.6495270245226197
2025-06-19,ES=F/YM=F,8.69642665161096,10.649891099396505,3.4536170867748988,0.8351142463368648,-0.06623577636230493,-1.5871629048934384
2025-06-20,ES=F/YM=F,8.701214962183174,10.653865366550345,3.472228736347398,0.8327595217921026,-0.06438298071500093,-1.39482069437832
2025-06-23,ES=F/YM=F,8.712266432135355,10.666650414667744,3.472228736347398,0.8327595217921026,-0.060801149430079526,-1.0879770252500376
2025-06-24,ES=F/YM=F,8.723597418726149,10.678767562634595,3.472228736347398,0.8327595217921026,-0.05811998843801103,-0.8606341898544495
2025-06-25,ES=F/YM=F,8.72371943690701,10.676046472520236,3.472228736347398,0.8327595217921026,-0.06094269035431399,-1.046324176460135
2025-06-26,ES=F/YM=F,8.731497794063243,10.685515195589948,3.472228736347398,0.8327595217921026,-0.057951468270354134,-0.7906511607464036
2025-06-27,ES=F/YM=F,8.736127897956392,10.694781794235597,3.472228736347398,0.8327595217921026,-0.0525406327286122,-0.3444242695326321
2025-06-30,ES=F/YM=F,8.740936562802414,10.700746969978026,3.472228736347398,0.8327595217921026,-0.05057991842381604,-0.15866278175928195
2025-07-01,ES=F/YM=F,8.74013672272778,10.710119656197318,3.472228736347398,0.8327595217921026,-0.04054115776646139,0.717708313529775
2025-07-02,ES=F/YM=F,8.744328763999984,10.709427560571196,3.472228736347398,0.8327595217921026,-0.044724215677756085,0.40595479446531335
2025-07-03,ES=F/YM=F,8.752146729489805,10.716593178609457,3.472228736347398,0.8327595217921026,-0.044069082842185914,0.5021271946189456
2025-07-04,ES=F/YM=F,8.745682429055199,10.711011975617623,3.472228736347398,0.8327595217921026,-0.04426707809537689,0.5039376327494024
2025-07-07,ES=F/YM=F,8.744488113852924,10.70721410679279,3.472228736347398,0.8327595217921026,-0.0470703695634942,0.2753026107096375
2025-07-08,ES=F/YM=F,8.743850562030243,10.70351409472317,3.472228736347398,0.8327595217921026,-0.05023945428214116,0.004592467117564574
2025-07-09,ES=F/YM=F,8.749455044374974,10.708153746219391,3.472228736347398,0.8327595217921026,-0.05026698882320968,0.04116267578299436
2025-07-10,ES=F/YM=F,8.752146729489805,10.71237123157867,3.472228736347398,0.8327595217921026,-0.04829102987297329,0.29945816459299585
2025-07-11,ES=F/YM=F,8.748304912379623,10.705466716232126,3.472228736347398,0.8327595217921026,-0.05199623544003007,-0.06203883870188928
2025-07-14,ES=F/YM=F,8.75004942158424,10.707549793667228,3.472228736347398,0.8327595217921026,-0.05136591465592577,0.06262114770424529
2025-07-15,ES=F/YM=F,8.745761999375512,10.697542851527611,3.472228736347398,0.8327595217921026,-0.057802465127281266,-0.7606341119333194
2025-07-16,ES=F/YM=F,8.748820652378758,10.70232269513748,3.472228736347398,0.8327595217921026,-0.05556974392972247,-0.42177762979023564
2025-07-17,ES=F/YM=F,8.754712908674954,10.708131384109748,3.472228736347398,0.8327595217921026,-0.05466788749295137,-0.26583912972713863
2025-07-18,ES=F/YM=F,8.75380562867741,10.704142940811359,3.472228736347398,0.8327595217921026,-0.057900784734456145,-0.719175161731827
2025-07-21,ES=F/YM=F,8.755382978269013,10.704300090564171,3.4896875029269525,0.8305544813356037,-0.05720998077357553,-0.5925015093411136
2025-07-22,ES=F/YM=F,8.755698149843147,10.707974835338897,3.4896875029269525,0.8305544813356037,-0.05379700316213576,-0.03961622601828625
2025-07-23,ES=F/YM=F,8.763467160119301,10.719162052375765,3.4896875029269525,0.8305544813356037,-0.04906237242567002,0.7213394182280536
2025-07-24,ES=F/YM=F,8.764287616886234,10.712170801767405,3.4896875029269525,0.8305544813356037,-0.05673505707854787,-0.4865057145112621
2025-07-25,ES=F/YM=F,8.76795190976342,10.716282695361969,3.4896875029269525,0.8305544813356037,-0.05566655835405765,-0.3025199547991472
2025-07-28,ES=F/YM=F,8.76760165387846,10.714684399869888,3.4896875029269525,0.8305544813356037,-0.056973947251269585,-0.4896987484736826
2025-07-29,ES=F/YM=F,8.764990330169104,10.71032049749989,3.4896875029269525,0.8305544813356037,-0.05916900301224448,-0.817594781292203
2025-07-30,ES=F/YM=F,8.763467160119301,10.706228774723371,3.4896875029269525,0.8305544813356037,-0.061995650078063846,-1.2446890447539871
2025-07-31,ES=F/YM=F,8.760021716046845,10.698852816481402,3.4896875029269525,0.8305544813356037,-0.06650997930546332,-1.928933571929076
2025-08-01,ES=F/YM=F,8.742654055685607,10.68533218785736,3.4896875029269525,0.8305544813356037,-0.06560581978616398,-1.7167665318368692
2025-08-04,ES=F/YM=F,8.757154527656606,10.698807673830618,3.4896875029269525,0.8305544813356037,-0.0641737657899002,-1.427217496694532
2025-08-05,ES=F/YM=F,8.752304838506301,10.697294216195251,3.4896875029269525,0.8305544813356037,-0.06165929236839762,-0.9904371341278384
2025-08-06,ES=F/YM=F,8.759511722116487,10.69901079971294,3.4896875029269525,0.8305544813356037,-0.06592841832961227,-1.670728059856614
2025-08-07,ES=F/YM=F,8.75880514701349,10.693761443826796,3.4896875029269525,0.8305544813356037,-0.07059092509756226,-2.3928126028773105
2025-08-08,ES=F/YM=F,8.766160422739905,10.698243218684171,3.4896875029269525,0.8305544813356037,-0.07221810745621937,-2.5609219431672843
2025-08-11,ES=F/YM=F,8.764014206084804,10.693852183811433,3.4896875029269525,0.8305544813356037,-0.07482659246814638,-2.802229976958355
2025-08-12,ES=F/YM=F,8.774699521357956,10.704546990290469,3.4896875029269525,0.8305544813356037,-0.07300652247371087,-2.3415489565268883
2025-08-13,ES=F/YM=F,8.777825187141438,10.714973170044157,3.4896875029269525,0.8305544813356037,-0.06517637844365165,-1.1090793395041683
2025-08-14,ES=F/YM=F,8.77809484833305,10.71435109986347,3.4896875029269525,0.8305544813356037,-0.06602241693547395,-1.193641937285749
2025-08-15,ES=F/YM=F,8.775163199882494,10.715306262813572,3.4896875029269525,0.8305544813356037,-0.0626323602270622,-0.6853684966469336
2025-08-18,ES=F/YM=F,8.774815461146689,10.714106609236245,3.4896875029269525,0.8305544813356037,-0.0635431978390324,-0.7887640499175828
2025-08-19,ES=F/YM=F,8.7691185441559,10.714395546283317,3.5106684325666704,0.8279068810802505,-0.05628646999845088,0.2351841867563303
2025-08-20,ES=F/YM=F,8.766121441704174,10.714306651468048,3.5106684325666704,0.8279068810802505,-0.053894043070632947,0.5701400070291974
2025-08-21,ES=F/YM=F,8.762215644448888,10.711168049686234,3.5106684325666704,0.8279068810802505,-0.05379900842869212,0.579616270937985
2025-08-22,ES=F/YM=F,8.776977206825439,10.730181750598527,3.5106684325666704,0.8279068810802505,-0.04700650658344063,1.5144874812937
2025-08-25,ES=F/YM=F,8.772687759614774,10.722187506016818,3.5106684325666704,0.8279068810802505,-0.05144948830341001,0.8701272146874319
2025-08-26,ES=F/YM=F,8.776861517412819,10.725225817469049,3.5106684325666704,0.8279068810802505,-0.05186665965214221,0.8002034001909423
2025-08-27,ES=F/YM=F,8.778941881841513,10.728583624225356,3.5106684325666704,0.8279068810802505,-0.050231200921506236,1.007588487772495
2025-08-28,ES=F/YM=F,8.782246145807656,10.729984859292829,3.5106684325666704,0.8279068810802505,-0.05156558872850869,0.8133110879066251
2025-08-29,ES=F/YM=F,8.775356335831487,10.727684925086583,3.5106684325666704,0.8279068810802505,-0.0481614018461487,1.2505581019644494
2025-09-01,ES=F/YM=F,8.775356335831487,10.727684925086583,3.5106684325666704,0.8279068810802505,-0.0481614018461487,1.217906144357561
2025-09-02,ES=F/YM=F,8.768029727747196,10.722187506016818,3.5106684325666704,0.8279068810802505,-0.04759307166795157,1.256127597166105
2025-09-03,ES=F/YM=F,8.772958809547703,10.721238896320605,3.5106684325666704,0.8279068810802505,-0.052622502104211044,0.5758157529444198
2025-09-04,ES=F/YM=F,8.781209935940026,10.7295909603447,3.5106684325666704,0.8279068810802505,-0.051101602396983914,0.7643135896562113
2025-09-05,ES=F/YM=F,8.777979288154958,10.724566099804273,3.5106684325666704,0.8279068810802505,-0.05345178740580625,0.45137272894651337
2025-09-08,ES=F/YM=F,8.780480107033297,10.727114599546864,3.5106684325666704,0.8279068810802505,-0.05297373282092721,0.5022850875375432
2025-09-09,ES=F/YM=F,8.782898023814521,10.731100064464005,3.5106684325666704,0.8279068810802505,-0.05099007784484044,0.7475613162288499
2025-09-10,ES=F/YM=F,8.785654217420907,10.72634633961773,3.5106684325666704,0.8279068810802505,-0.05802567434343153,-0.1579225147569095
2025-09-11,ES=F/YM=F,8.793687918227441,10.739457204661502,3.5106684325666704,0.8279068810802505,-0.05156596547792969,0.6509933369155746
2025-09-12,ES=F/YM=F,8.79304303836138,10.733217714882608,3.5106684325666704,0.8279068810802505,-0.057271554778242084,-0.10733536710365474
2025-09-15,ES=F/YM=F,8.798077209367019,10.734677807759818,3.5106684325666704,0.8279068810802505,-0.059979286717134705,-0.47900088873999735
2025-09-16,ES=F/YM=F,8.796452390856935,10.731689964088938,3.5106684325666704,0.8279068810802505,-0.06162193196300958,-0.7144016185028931
2025-09-17,ES=F/YM=F,8.795014304021143,10.736853093036018,3.528061103719005,0.8257132384832377,-0.05336775416268402,0.36796281564249916
2025-09-18,ES=F/YM=F,8.800113946766308,10.740042196390803,3.528061103719005,0.8257132384832377,-0.054389493334117134,0.2104731021385959
2025-09-19,ES=F/YM=F,8.803690064726595,10.743501808905625,3.528061103719005,0.8257132384832377,-0.05388272876148115,0.26574410958479466
2025-09-22,ES=F/YM=F,8.81766808566677,10.752013230275587,3.528061103719005,0.8257132384832377,-0.056913144329619136,-0.15193441593794105
2025-09-23,ES=F/YM=F,8.812099108957337,10.750149496485612,3.528061103719005,0.8257132384832377,-0.05417850032580951,0.20900733567399665
2025-09-24,ES=F/YM=F,8.808705419448371,10.74593796874106,3.528061103719005,0.8257132384832377,-0.055587813715506584,0.01013422498274649
2025-09-25,ES=F/YM=F,8.803837225292346,10.742205856415293,3.528061103719005,0.8257132384832377,-0.05530019367913752,0.05571540903124675
2025-09-26,ES=F/YM=F,8.809340280827177,10.748411168061867,3.528061103719005,0.8257132384832377,-0.05363882783978102,0.2923412377489264
2025-09-29,ES=F/YM=F,8.811875703512763,10.749613297693154,3.528061103719005,0.8257132384832377,-0.05453023028513382,0.20652301671501508
2025-09-30,ES=F/YM=F,8.815629726765879,10.751263869873119,3.528061103719005,0.8257132384832377,-0.055979404802839916,0.024502654220379037
2025-10-01,ES=F/YM=F,8.819000037913414,10.752034632323763,3.528061103719005,0.8257132384832377,-0.0579915528845234,-0.24426442625185765
2025-10-02,ES=F/YM=F,8.819776191556873,10.753766678816367,3.528061103719005,0.8257132384832377,-0.05690038673041986,-0.05219102261355342
2025-10-03,ES=F/YM=F,8.81936971001847,10.75856223773664,3.528061103719005,0.8257132384832377,-0.051769190622689365,0.7630529941336016
2025-10-06,ES=F/YM=F,8.823022109349054,10.757008864157203,3.528061103719005,0.8257132384832377,-0.05633839868161683,0.061692003169646493
2025-10-07,ES=F/YM=F,8.819000037913414,10.754748976189765,3.528061103719005,0.8257132384832377,-0.055277209018521845,0.24297649276700412
2025-10-08,ES=F/YM=F,8.824861697800134,10.755069082040832,3.528061103719005,0.8257132384832377,-0.05979715333540625,-0.45195951672012147
2025-10-09,ES=F/YM=F,8.82162175534663,10.74920559423812,3.528061103719005,0.8257132384832377,-0.06298537776233548,-0.9406770001166537
2025-10-10,ES=F/YM=F,8.79410497193863,10.729984859292829,3.528061103719005,0.8257132384832377,-0.05948514036716457,-0.354923819853208
2025-10-13,ES=F/YM=F,8.809078916128591,10.74285404259705,3.528061103719005,0.8257132384832377,-0.05898014101290361,-0.27015288764540585
2025-10-14,ES=F/YM=F,8.807845847312851,10.747207591575448,3.528061103719005,0.8257132384832377,-0.053608430789388706,0.5915034802868936
2025-10-15,ES=F/YM=F,8.812099108957337,10.747035533763599,3.528061103719005,0.8257132384832377,-0.05729246304782265,0.003773423239089925
2025-10-16,ES=F/YM=F,8.805187715050064,10.739868901181982,3.5467262668019797,0.8233615674248992,-0.056710524154084396,0.09453871414366488
2025-10-17,ES=F/YM=F,8.810235870110114,10.744645171594767,3.5467262668019797,0.8233615674248992,-0.05609071060414639,0.191571497834745
2025-10-20,ES=F/YM=F,8.820810126880325,10.756050101526633,3.5467262668019797,0.8233615674248992,-0.05339221730095467,0.6266865329188027
2025-10-21,ES=F/YM=F,8.820736309799019,10.760771103830251,3.5467262668019797,0.8233615674248992,-0.048610436849569005,1.413031711657524
2025-10-22,ES=F/YM=F,8.81537000096066,10.753253792537654,3.5467262668019797,0.8233615674248992,-0.05170933568572966,0.8805412702495937
2025-10-23,ES=F/YM=F,8.820994645747902,10.756241927604911,3.5467262668019797,0.8233615674248992,-0.05335231696670384,0.6072212649180653
2025-10-24,ES=F/YM=F,8.82864061741828,10.76629311593663,3.5467262668019797,0.8233615674248992,-0.0495965278539936,1.1855908684543113
2025-10-27,ES=F/YM=F,8.840471628536454,10.772938217564464,3.5467262668019797,0.8233615674248992,-0.05269262608464054,0.6692660453116956
2025-10-28,ES=F/YM=F,8.843001628440263,10.776766393816992,3.5467262668019797,0.8233615674248992,-0.05094755451849764,0.9186974724144892
2025-10-29,ES=F/YM=F,8.84256836851364,10.774718155003685,3.5467262668019797,0.8233615674248992,-0.05263906375951777,0.6248460193847816
2025-10-30,ES=F/YM=F,8.83280652879671,10.772204380296632,3.5467262668019797,0.8233615674248992,-0.04711531481628928,1.4823390810980202
2025-10-31,ES=F/YM=F,8.835501457409778,10.773147786481971,3.5467262668019797,0.8233615674248992,-0.04839080927790462,1.2301736484085737
2025-11-03,ES=F/YM=F,8.836773560367233,10.767916407357609,3.5467262668019797,0.8233615674248992,-0.05466958908724262,0.19776955516754188
2025-11-04,ES=F/YM=F,8.824935210995786,10.762445737763038,3.5467262668019797,0.8233615674248992,-0.05039301678761543,0.863213620116163
2025-11-05,ES=F/YM=F,8.828384249418928,10.767136713084685,3.5467262668019797,0.8233615674248992,-0.04854184714815446,1.1595728565498622
2025-11-06,ES=F/YM=F,8.816927344892159,10.758498447987632,3.5467262668019797,0.8233615674248992,-0.04774693737620961,1.3052486115524236
2025-11-07,ES=F/YM=F,8.817853185158276,10.759709757944163,3.5467262668019797,0.8233615674248992,-0.04729792871237315,1.4455145052922176
2025-11-10,ES=F/YM=F,8.832988847526817,10.767684669851963,3.5467262668019797,0.8233615674248992,-0.05178513949635022,0.5303156761067614
2025-11-11,ES=F/YM=F,8.835137701994906,10.77958109465887,3.5467262668019797,0.8233615674248992,-0.04165799887245747,2.8321339383749624
2025-11-12,ES=F/YM=F,8.835756007493883,10.786593717019239,3.5467262668019797,0.8233615674248992,-0.0351544654968734,4.2396963387331645
2025-11-13,ES=F/YM=F,8.81877816903701,10.769473974500535,3.5467262668019797,0.8233615674248992,-0.038295308332239486,3.106678717881997
2025-11-14,ES=F/YM=F,8.818075259331962,10.762763389682739,3.5628919750726222,0.8213257513202512,-0.04264087295922625,2.0423887681615116
2025-11-17,ES=F/YM=F,8.808668062106715,10.750749697999847,3.5628919750726222,0.8213257513202512,-0.04692819131327397,1.1032353387401983
2025-11-18,ES=F/YM=F,8.800829591159268,10.74038869674077,3.5628919750726222,0.8213257513202512,-0.05085125453223771,0.3095715011636672
2025-11-19,ES=F/YM=F,8.804099963400267,10.740908222252498,3.5628919750726222,0.8213257513202512,-0.053017769958444205,-0.12051319374801138
2025-11-20,ES=F/YM=F,8.788364711741028,10.732585072707906,3.5628919750726222,0.8213257513202512,-0.04841715211179931,0.7990449440804032
2025-11-21,ES=F/YM=F,8.797888412568453,10.743350700960299,3.5628919750726222,0.8213257513202512,-0.0454735845968397,1.3602199966852209
2025-11-24,ES=F/YM=F,8.813029428123889,10.747508621530201,3.5628919750726222,0.8213257513202512,-0.053751370003757515,-0.2708089287936198
2025-11-25,ES=F/YM=F,8.82195359540277,10.76170415731525,3.5628919750726222,0.8213257513202512,-0.0468854826139431,1.0612892474257578
2025-11-26,ES=F/YM=F,8.828787083914332,10.768274441543168,3.5628919750726222,0.8213257513202512,-0.045927718471922674,1.220681512762589
2025-11-27,ES=F/YM=F,8.828787083914332,10.768274441543168,3.5628919750726222,0.8213257513202512,-0.045927718471922674,1.2056218234421177
2025-11-28,ES=F/YM=F,8.833389831766219,10.773587738303867,3.5628919750726222,0.8213257513202512,-0.04439477704881245,1.4794404124884113
2025-12-01,ES=F/YM=F,8.828603997442078,10.765364336370562,3.5628919750726222,0.8213257513202512,-0.04868745001014929,0.6544033328947618
2025-12-02,ES=F/YM=F,8.830579559656274,10.769410877046496,3.5628919750726222,0.8213257513202512,-0.04626348945406811,1.090326242334064
2025-12-03,ES=F/YM=F,8.833754223418396,10.777997497061715,3.5628919750726222,0.8213257513202512,-0.04028430253846249,2.165513644450875
2025-12-04,ES=F/YM=F,8.834446201958253,10.777204756851221,3.5628919750726222,0.8213257513202512,-0.041645382543102905,1.8118341073289623
2025-12-05,ES=F/YM=F,8.836119538107162,10.778977123006351,3.5628919750726222,0.8213257513202512,-0.041247370457687005,1.804860821779769
2025-12-08,ES=F/YM=F,8.832842995202038,10.774634464241004,3.5628919750726222,0.8213257513202512,-0.042898920159750276,1.455179308936177
2025-12-09,ES=F/YM=F,8.831748424164559,10.770861112175668,3.5628919750726222,0.8213257513202512,-0.04577327284535482,0.9235079849491575
2025-12-10,ES=F/YM=F,8.838080323049104,10.781182975650898,3.5628919750726222,0.8213257513202512,-0.04065196097875745,1.7551119266360535
2025-12-11,ES=F/YM=F,8.84032686359827,10.794378421777552,3.5628919750726222,0.8213257513202512,-0.02930165645651961,3.5470020197547885
2025-12-12,ES=F/YM=F,8.829189756199446,10.788782850707763,3.5628919750726222,0.8213257513202512,-0.025750034424434354,3.7586894570305183
2025-12-15,ES=F/YM=F,8.828054536815424,10.788514629733339,3.5767358516588663,0.8195820513763459,-0.023536268870969934,3.7008882098521627
2025-12-16,ES=F/YM=F,8.824824939175638,10.781681739143439,3.5767358516588663,0.8195820513763459,-0.02772223920213346,2.766233321479603
2025-12-17,ES=F/YM=F,8.813810227925597,10.777037784067398,3.5767358516588663,0.8195820513763459,-0.023338734636547898,3.0999264328098466
2025-12-18,ES=F/YM=F,8.821474235523386,10.778706258634818,3.5767358516588663,0.8195820513763459,-0.02795154313788739,2.320049127822269
2025-12-19,ES=F/YM=F,8.824168943887576,10.780829534271708,3.5767358516588663,0.8195820513763459,-0.028036802109981274,2.183908120420323
2025-12-22,ES=F/YM=F,8.843651166569336,10.793187872136752,3.5767358516588663,0.8195820513763459,-0.031645744275825116,1.6882108429568168
2025-12-23,ES=F/YM=F,8.848078421168667,10.794706599981259,3.5767358516588663,0.8195820513763459,-0.033755514837802814,1.4021006351845506
2025-12-24,ES=F/YM=F,8.851162297819332,10.800167238761167,3.5767358516588663,0.8195820513763459,-0.03082236600943844,1.6559835084638346
2025-12-25,ES=F/YM=F,8.851162297819332,10.800167238761167,3.5767358516588663,0.8195820513763459,-0.03082236600943844,1.591044709059882
2025-12-26,ES=F/YM=F,8.850696740126535,10.799534759933223,3.5767358516588663,0.8195820513763459,-0.031073282108486033,1.5060056647538398
2025-12-29,ES=F/YM=F,8.847216104357543,10.79443996339509,3.5767358516588663,0.8195820513763459,-0.033315412042973946,1.2306628640238917
2025-12-30,ES=F/YM=F,8.845669257996267,10.792407087614151,3.5767358516588663,0.8195820513763459,-0.03408052030997499,1.1166360219910945
2025-12-31,ES=F/YM=F,8.838189142897951,10.785931903626453,3.5767358516588663,0.8195820513763459,-0.03442513622086363,1.0478495460997685
2026-01-01,ES=F/YM=F,8.838189142897951,10.785931903626453,3.5767358516588663,0.8195820513763459,-0.03442513622086363,1.015659416435582
2026-01-02,ES=F/YM=F,8.839349151728095,10.79170797381519,3.5767358516588663,0.8195820513763459,-0.029599788448750886,1.4612643758522268
2026-01-05,ES=F/YM=F,8.84559725338794,10.804217846292227,3.5767358516588663,0.8195820513763459,-0.02221074794729816,2.136563672258138
2026-01-06,ES=F/YM=F,8.851913894998644,10.814182658053124,3.5767358516588663,0.8195820513763459,-0.017422942275510778,2.50922896457003
2026-01-07,ES=F/YM=F,8.84840159836235,10.804441271400046,3.5767358516588663,0.8195820513763459,-0.024285713646372997,1.7424518376414249
2026-01-08,ES=F/YM=F,8.848222068371385,10.809586524415446,3.5767358516588663,0.8195820513763459,-0.01899332107269469,2.186119018287652
2026-01-09,ES=F/YM=F,8.854379458771108,10.814283214128304,3.5767358516588663,0.8195820513763459,-0.01934311801476607,2.0600225983404323
2026-01-12,ES=F/YM=F,8.856019797191191,10.815950969575896,3.5767358516588663,0.8195820513763459,-0.019019754494457253,1.994914528909938
2026-01-13,ES=F/YM=F,8.853915396792658,10.807887872816934,3.5852739043762765,0.8185073321713806,-0.02438070225921063,1.4331880614647798
2026-01-14,ES=F/YM=F,8.848832338883746,10.806814618018425,3.5852739043762765,0.8185073321713806,-0.0212934368894242,1.6683216267662304
2026-01-15,ES=F/YM=F,8.851054880664709,10.81253209407131,3.5852739043762765,0.8185073321713806,-0.017395127580314806,1.9626739308409746
2026-01-16,ES=F/YM=F,8.850338471277762,10.81067699302108,3.5852739043762765,0.8185073321713806,-0.018663842294492916,1.7680880941050465
2026-01-19,ES=F/YM=F,8.850338471277762,10.81067699302108,3.5852739043762765,0.8185073321713806,-0.018663842294492916,1.695676134221646
2026-01-20,ES=F/YM=F,8.829006743442946,10.792735913298399,3.5852739043762765,0.8185073321713806,-0.019144746376491995,1.5909290497585051
2026-01-21,ES=F/YM=F,8.840724916761715,10.804969168756575,3.5852739043762765,0.8185073321713806,-0.01650290169938362,1.7629447287440791
2026-01-22,ES=F/YM=F,8.845777255188445,10.810898979803689,3.5852739043762765,0.8185073321713806,-0.01470846669915904,1.8441927883207967
2026-01-23,ES=F/YM=F,8.845885240718488,10.804928571159946,3.5852739043762765,0.8185073321713806,-0.020767262291010447,1.268783115707212
2026-01-26,ES=F/YM=F,8.850983262817511,10.811040218466998,3.5852739043762765,0.8185073321713806,-0.018828383451580777,1.3908453982901092
2026-01-27,ES=F/YM=F,8.854878977103112,10.802815221731821,3.5852739043762765,0.8185073321713806,-0.03024205089356702,0.39578861862555414
2026-01-28,ES=F/YM=F,8.854700606341174,10.802977945731937,3.5852739043762765,0.8185073321713806,-0.02993332911695923,0.40213345776506265
2026-01-29,ES=F/YM=F,8.852629177029069,10.803038960405985,3.5852739043762765,0.8185073321713806,-0.028176834362879433,0.5303569286986862
2026-01-30,ES=F/YM=F,8.848760561680155,10.799738829072556,3.5852739043762765,0.8185073321713806,-0.028310475667871593,0.49440927669440815
2026-02-02,ES=F/YM=F,8.854022507134264,10.810192487106686,3.5852739043762765,0.8185073321713806,-0.022163758569415215,1.013077994006014
2026-02-03,ES=F/YM=F,8.845309183096797,10.806693044861628,3.5852739043762765,0.8185073321713806,-0.018531281202220917,1.3047722302454463
2026-02-04,ES=F/YM=F,8.840182077700163,10.811524313923938,3.5852739043762765,0.8185073321713806,-0.009503438779951523,2.0659102179325415
2026-02-05,ES=F/YM=F,8.827724715465664,10.799534759933223,3.5852739043762765,0.8185073321713806,-0.01129655044221245,1.8182033397265338
2026-02-06,ES=F/YM=F,8.846892543750021,10.823869902313536,3.5852739043762765,0.8185073321713806,-0.002650416054448712,2.511569108620559
2026-02-09,ES=F/YM=F,8.85126970343675,10.824148720127818,3.5852739043762765,0.8185073321713806,-0.005954335537838418,2.082382188734991
2026-02-10,ES=F/YM=F,8.84815024734934,10.825223432646178,3.5852739043762765,0.8185073321713806,-0.0023263253395473527,2.272249795473631
2026-02-11,ES=F/YM=F,8.848006589828621,10.823869902313536,3.5907628791940356,0.8178165760289257,-0.002939430855513514,2.0996363342961426
2026-02-12,ES=F/YM=F,8.832149906002899,10.810192487106686,3.5907628791940356,0.8178165760289257,-0.003648987188837438,1.9446375972530865
2026-02-13,ES=F/YM=F,8.832076921293163,10.8111209173191,3.5907628791940356,0.8178165760289257,-0.002660868871005917,1.9395013387644064
2026-02-16,ES=F/YM=F,8.832076921293163,10.8111209173191,3.5907628791940356,0.8178165760289257,-0.002660868871005917,1.8706852297348462
2026-02-17,ES=F/YM=F,8.83353560436123,10.81198801893522,3.5907628791940356,0.8178165760289257,-0.0029867024471226244,1.7905445617172078
2026-02-18,ES=F/YM=F,8.838443009836773,10.814202770077097,3.5907628791940356,0.8178165760289257,-0.004785308848440195,1.596559692930458
2026-02-19,ES=F/YM=F,8.835937789319836,10.808879103541283,3.5907628791940356,0.8178165760289257,-0.008060164518894908,1.301358361730209
2026-02-20,ES=F/YM=F,8.842640591538371,10.813236936366861,3.5907628791940356,0.8178165760289257,-0.009183994453478839,1.1918893545566351
2026-02-23,ES=F/YM=F,8.832222885386257,10.79648918643233,3.5907628791940356,0.8178165760289257,-0.017411971612611765,0.5288571386293508
2026-02-24,ES=F/YM=F,8.839820021215397,10.804380342230186,3.5907628791940356,0.8178165760289257,-0.015733879426170994,0.6361736027054768
2026-02-25,ES=F/YM=F,8.847898833143113,10.810414581457318,3.5907628791940356,0.8178165760289257,-0.016306626508145072,0.5660668843674791
2026-02-26,ES=F/YM=F,8.842171048611716,10.810354015162442,3.5907628791940356,0.8178165760289257,-0.011682915669322114,0.9204518498763009
2026-02-27,ES=F/YM=F,8.837681215593197,10.799575577092764,3.5907628791940356,0.8178165760289257,-0.01878949387285367,0.2995927947648971
2026-03-02,ES=F/YM=F,8.837572340454726,10.79845249769553,3.5907628791940356,0.8178165760289257,-0.019823533377127944,0.18146411733378312
2026-03-03,ES=F/YM=F,8.828310989345635,10.79055542573338,3.5907628791940356,0.8178165760289257,-0.020146518885839626,0.12754553569195384
2026-03-04,ES=F/YM=F,8.83579236650274,10.795403621268628,3.5907628791940356,0.8178165760289257,-0.021416717601197455,-0.016812456688096684
2026-03-05,ES=F/YM=F,8.829848324933918,10.778602060491535,3.5907628791940356,0.8178165760289257,-0.0333571426547028,-1.1740542519072492
2026-03-06,ES=F/YM=F,8.816371429006445,10.76884282073053,3.5907628791940356,0.8178165760289257,-0.03209475353280222,-1.0954724438130998
2026-03-09,ES=F/YM=F,8.824824939175638,10.774132172524535,3.5907628791940356,0.8178165760289257,-0.033718822480793165,-1.324454855438237
2026-03-10,ES=F/YM=F,8.822801131151337,10.773629628384302,3.5907628791940356,0.8178165760289257,-0.03256626287205222,-1.2433022351291847
2026-03-11,ES=F/YM=F,8.821658631902364,10.767389653518563,3.5907628791940356,0.8178165760289257,-0.03787188291388066,-1.771739445951244
2026-03-12,ES=F/YM=F,8.806498944984115,10.751949021382632,3.5955058878895554,0.8172193230126185,-0.04039797243818022,-1.965323207369371
2026-03-13,ES=F/YM=F,8.800264651310336,10.749184131556358,3.5955058878895554,0.8172193230126185,-0.03806807700890591,-1.6571568170630924
2026-03-16,ES=F/YM=F,8.810571509412897,10.757562397202355,3.5955058878895554,0.8172193230126185,-0.038112774963871665,-1.615878523461594
2026-03-17,ES=F/YM=F,8.813103816281327,10.758732323843143,3.5955058878895554,0.8172193230126185,-0.039012298427762104,-1.6457918424696167
2026-03-18,ES=F/YM=F,8.798756582859841,10.741470737141523,3.5955058878895554,0.8172193230126185,-0.04454904874557197,-2.1064326082013056
2026-03-19,ES=F/YM=F,8.796225461960349,10.737287582843205,3.5955058878895554,0.8172193230126185,-0.04666372213594361,-2.205116870835594
2026-03-20,ES=F/YM=F,8.794010942699021,10.734155034435489,3.5955058878895554,0.8172193230126185,-0.047986522612118776,-2.2292263269907364
2026-03-23,ES=F/YM=F,8.800076267081305,10.747680597969852,3.5955058878895554,0.8172193230126185,-0.03941765936329755,-1.4293801873687264
2026-03-24,ES=F/YM=F,8.795733605950735,10.745377961834032,3.5955058878895554,0.8172193230126185,-0.03817138890991956,-1.2983603916751634
2026-03-25,ES=F/YM=F,8.800980187899134,10.75173496195892,3.5955058878895554,0.8172193230126185,-0.03610199693303251,-1.1078644506619533
2026-03-26,ES=F/YM=F,8.783396232190894,10.74138421698227,3.5955058878895554,0.8172193230126185,-0.03208279352991017,-0.7693036208512513
2026-03-27,ES=F/YM=F,8.765965502364262,10.723795878712753,3.5955058878895554,0.8172193230126185,-0.03542640257089147,-1.043107652089052
2026-03-30,ES=F/YM=F,8.762215644448888,10.724698078160014,3.5955058878895554,0.8172193230126185,-0.03145974677663599,-0.7183924008294561
2026-03-31,ES=F/YM=F,8.790383260214583,10.748969479399353,3.5955058878895554,0.8172193230126185,-0.03020746542421726,-0.6228378477635208
2026-04-01,ES=F/YM=F,8.797510712004964,10.753766678816367,3.5955058878895554,0.8172193230126185,-0.031234957334143942,-0.714898374372897
2026-04-02,ES=F/YM=F,8.798190470339296,10.752184433837039,3.5955058878895554,0.8172193230126185,-0.033372713959266775,-0.8859756164680279
2026-04-03,ES=F/YM=F,8.798190470339296,10.752184433837039,3.5955058878895554,0.8172193230126185,-0.033372713959266775,-0.8661685274029661
2026-04-06,ES=F/YM=F,8.802522498284421,10.755815597448386,3.5955058878895554,0.8172193230126185,-0.03328176729250654,-0.8346568293511908
2026-04-07,ES=F/YM=F,8.803386656441559,10.753894859294657,3.5955058878895554,0.8172193230126185,-0.035908712190386716,-1.0293453300196926
2026-04-08,ES=F/YM=F,8.828164453095967,10.781951798869827,3.5955058878895554,0.8172193230126185,-0.02810066682287804,-0.37887605397651886
2026-04-09,ES=F/YM=F,8.833936369463597,10.787585616588082,3.5955058878895554,0.8172193230126185,-0.027183770691062037,-0.2947443836335147
2026-04-10,ES=F/YM=F,8.832770061061535,10.781640185019185,3.605096435867604,0.8160101926272755,-0.031086649807673616,-0.5952327388590415
2026-04-13,ES=F/YM=F,8.84256836851364,10.787771488275197,3.605096435867604,0.8160101926272755,-0.03295086530307412,-0.733120374960007
2026-04-14,ES=F/YM=F,8.85434376934053,10.794563035269219,3.605096435867604,0.8160101926272755,-0.03576816540606664,-0.9384063902228473
2026-04-15,ES=F/YM=F,8.862271149509306,10.792797556078508,3.605096435867604,0.8160101926272755,-0.04400246761533122,-1.5591714288406524
2026-04-16,ES=F/YM=F,8.864605368075784,10.794809133586739,3.605096435867604,0.8160101926272755,-0.04389563624916626,-1.4931016752457387
2026-04-17,ES=F/YM=F,8.87647473521992,10.812572384159955,3.605096435867604,0.8160101926272755,-0.03581791024560044,-0.8243131159957842
2026-04-20,ES=F/YM=F,8.87458787627932,10.81253209407131,3.605096435867604,0.8160101926272755,-0.03431850420666471,-0.6874323671628535
2026-04-21,ES=F/YM=F,8.867850063029406,10.806470122346544,3.605096435867604,0.8160101926272755,-0.03488235164348197,-0.7087504173015177
2026-04-22,ES=F/YM=F,8.87783525591608,10.813116141536733,3.605096435867604,0.8160101926272755,-0.036384351624168865,-0.7997927302111927
2026-04-23,ES=F/YM=F,8.873958131305212,10.809525907945932,3.605096435867604,0.8160101926272755,-0.03681081201441483,-0.8103192028621371
2026-04-24,ES=F/YM=F,8.881106872366166,10.80754374674194,3.605096435867604,0.8160101926272755,-0.04462641878859852,-1.3770049490813678
2026-04-27,ES=F/YM=F,8.882669291308039,10.806530924324653,3.605096435867604,0.8160101926272755,-0.04691419098760807,-1.5108732831193077
2026-04-28,ES=F/YM=F,8.877800393882575,10.80561850625225,3.605096435867604,0.8160101926272755,-0.04385353913397605,-1.2410945095845018
2026-04-29,ES=F/YM=F,8.877381954654766,10.799820445069336,3.605096435867604,0.8160101926272755,-0.04931014964200209,-1.6027931771181365
2026-04-30,ES=F/YM=F,8.887894307088063,10.816472827401556,3.605096435867604,0.8160101926272755,-0.041235954043842504,-0.9752263780446816
2026-05-01,ES=F/YM=F,8.889859587773016,10.812673102280236,3.605096435867604,0.8160101926272755,-0.046639368235458,-1.3284086512587538
2026-05-04,ES=F/YM=F,8.886028892701612,10.801186523719151,3.605096435867604,0.8160101926272755,-0.05500006057343043,-1.8667174165448925
2026-05-05,ES=F/YM=F,8.893881524752983,10.808009300810284,3.605096435867604,0.8160101926272755,-0.054585111275168074,-1.764517667692554
2026-05-06,ES=F/YM=F,8.907815352654627,10.82045805331504,3.605096435867604,0.8160101926272755,-0.053506504360467666,-1.6235104461020895
2026-05-07,ES=F/YM=F,8.904222737368716,10.81376021208472,3.605096435867604,0.8160101926272755,-0.057272734899296296,-1.8384680857498024
2026-05-08,ES=F/YM=F,8.911799556189527,10.813579109167462,3.605096435867604,0.8160101926272755,-0.06363659920202647,-2.2121444202033302
2026-05-11,ES=F/YM=F,8.914189204433022,10.815609607538063,3.617796507812129,0.814413829137274,-0.062025863910513124,-2.024079933018194
2026-05-12,ES=F/YM=F,8.912809963469588,10.81715484620357,3.617796507812129,0.814413829137274,-0.05935735233067341,-1.7807869462372417
2026-05-13,ES=F/YM=F,8.918583341482371,10.815609607538063,3.617796507812129,0.814413829137274,-0.06560450989062794,-2.164459828752271
2026-05-14,ES=F/YM=F,8.926052532592417,10.822853550927212,3.617796507812129,0.814413829137274,-0.06444357903396902,-2.0203292303617957
2026-05-15,ES=F/YM=F,8.913583918248694,10.812088795925902,3.617796507812129,0.814413829137274,-0.06505372208357141,-2.013805836115644
2026-05-18,ES=F/YM=F,8.912708968670733,10.815127486194855,3.617796507812129,0.814413829137274,-0.06130246077852952,-1.7058642386755076
2026-05-19,ES=F/YM=F,8.906257878156621,10.808899322512744,3.617796507812129,0.814413829137274,-0.062276767132932065,-1.7463656744204858
2026-05-20,ES=F/YM=F,8.916204183117937,10.821656519422055,3.617796507812129,0.814413829137274,-0.05761997853293366,-1.3705726229309052
2026-05-21,ES=F/YM=F,8.91811465947453,10.827329700563117,3.617796507812129,0.814413829137274,-0.05350271575691856,-1.040272710207242
2026-05-22,ES=F/YM=F,8.921457578947884,10.832931401655195,3.617796507812129,0.814413829137274,-0.050623534513634105,-0.7943323812292703
2026-05-25,ES=F/YM=F,8.921457578947884,10.832931401655195,3.617796507812129,0.814413829137274,-0.050623534513634105,-0.7705562859798781
2026-05-26,ES=F/YM=F,8.92757950384347,10.830658875506495,3.617796507812129,0.814413829137274,-0.05788184095823823,-1.3235236485611241
2026-05-27,ES=F/YM=F,8.927977461002001,10.834233305379868,3.617796507812129,0.814413829137274,-0.0546315128981778,-1.0409928611221786
2026-05-28,ES=F/YM=F,8.933499322702277,10.834528956356191,3.617796507812129,0.814413829137274,-0.05883294245314197,-1.3688823204222829
2026-05-29,ES=F/YM=F,8.935344159331585,10.841089577019996,3.617796507812129,0.814413829137274,-0.05377478225274501,-0.9067258770278374
2026-06-01,ES=F/YM=F,8.93764542933265,10.84220491697184,3.617796507812129,0.814413829137274,-0.05453362841434739,-0.9503423506111456
2026-06-02,ES=F/YM=F,8.939023653610667,10.847393451443256,3.617796507812129,0.814413829137274,-0.05046753885460031,-0.5625382430949131
2026-06-03,ES=F/YM=F,8.932179495408038,10.835710686940999,3.617796507812129,0.814413829137274,-0.05657632626783382,-1.091944688032275
2026-06-04,ES=F/YM=F,8.936035096566041,10.852651974684044,3.617796507812129,0.814413829137274,-0.04277509342750463,0.1878009876546536
2026-06-05,ES=F/YM=F,8.909302844477244,10.838325221696861,3.617796507812129,0.814413829137274,-0.03533073062958714,0.8797892951594457
2026-06-08,ES=F/YM=F,8.91139510724569,10.836753388616245,3.617796507812129,0.814413829137274,-0.038606531443014624,0.5881112370032812
2026-06-09,ES=F/YM=F,8.908255069213658,10.837795004197082,3.6340429094943327,0.8123744036473702,-0.033086304688359824,1.094290793460196
2026-06-10,ES=F/YM=F,8.892680076004716,10.819578264407616,3.6340429094943327,0.8123744036473702,-0.038650318657899696,0.5703366856298876
2026-06-11,ES=F/YM=F,8.908694592507015,10.837126922744897,3.6340429094943327,0.8123744036473702,-0.03411144361387386,0.9833300795130481
2026-06-12,ES=F/YM=F,8.913953858894255,10.844022015780748,3.6340429094943327,0.8123744036473702,-0.03148884397297991,1.2098980739428524
2026-06-15,ES=F/YM=F,8.930791799421124,10.854025109805466,3.6340429094943327,0.8123744036473702,-0.035164461842427386,0.8590271844153935
2026-06-16,ES=F/YM=F,8.925121928962374,10.859844793623367,3.6340429094943327,0.8123744036473702,-0.024738720391842328,1.7682237340612463
2026-06-17,ES=F/YM=F,8.912540621336117,10.849705950651972,3.6340429094943327,0.8123744036473702,-0.02465683108325223,1.703382561555451
2026-06-18,ES=F/YM=F,8.923781691720533,10.858267961190807,3.6340429094943327,0.8123744036473702,-0.025226778394315197,1.587122955319706
2026-06-19,ES=F/YM=F,8.923781691720533,10.858267961190807,3.6340429094943327,0.8123744036473702,-0.025226778394315197,1.539068871289939
2026-06-22,ES=F/YM=F,8.928143229754971,10.86128484456201,3.6340429094943327,0.8123744036473702,-0.025753096882824345,1.4531499428288142
2026-06-23,ES=F/YM=F,8.914290049853886,10.860574678602852,3.6340429094943327,0.8123744036473702,-0.015209294081217628,2.27303655679359
2026-06-24,ES=F/YM=F,8.913045578341341,10.864350039781693,3.6340429094943327,0.8123744036473702,-0.010422956099517933,2.551376251731034
2026-06-25,ES=F/YM=F,8.912372245655902,10.865497070055229,3.6340429094943327,0.8123744036473702,-0.00872892758719157,2.5313598913618756
2026-06-26,ES=F/YM=F,8.909471737720226,10.863010172802284,3.6340429094943327,0.8123744036473702,-0.008859526435617937,2.3879521062760434
2026-06-29,ES=F/YM=F,8.922691632302191,10.8699389376019,3.6340429094943327,0.8123744036473702,-0.012670265613307308,2.0130604545607507
2026-06-30,ES=F/YM=F,8.929071027296592,10.871801312477436,3.6340429094943327,0.8123744036473702,-0.015990347941977845,1.7168516494876085
2026-07-01,ES=F/YM=F,8.92844154428013,10.871763339476235,3.6340429094943327,0.8123744036473702,-0.015516945053073883,1.694637345063843
2026-07-02,ES=F/YM=F,8.92641789006555,10.881494075390936,3.6340429094943327,0.8123744036473702,-0.004142244252616223,2.3729353769683823
2026-07-03,ES=F/YM=F,8.92641789006555,10.881494075390936,3.6340429094943327,0.8123744036473702,-0.004142244252616223,2.2486655640316955
2026-07-06,ES=F/YM=F,8.934784479322243,10.88504154286231,3.6340429094943327,0.8123744036473702,-0.007391579739208787,1.9418453073164703
2026-07-07,ES=F/YM=F,8.929468391452952,10.881757282762262,3.6340429094943327,0.8123744036473702,-0.00635718612670555,1.9338561609349716
2026-07-08,ES=F/YM=F,8.926484304357931,10.870927568428838,3.6395390946069313,0.8116843526063929,-0.014099159811988393,1.430613464034379
2026-07-09,ES=F/YM=F,8.934422166444644,10.873527560404474,3.6395390946069313,0.8116843526063929,-0.017942206285284534,1.1814878351858185
2026-07-10,ES=F/YM=F,8.938564456541458,10.876272032964748,3.6395390946069313,0.8116843526063929,-0.01855996578055219,1.1224981325366055
2026-07-13,ES=F/YM=F,8.93102321585603,10.873584418968811,3.6395390946069313,0.8116843526063929,-0.015126472712887029,1.2839546850390713
2026-07-14,ES=F/YM=F,8.934751547211786,10.874096000619872,3.6395390946069313,0.8116843526063929,-0.017641119284625084,1.1083249260117136
2026-07-15,ES=F/YM=F,8.937842434849442,10.876158617846391,3.6395390946069313,0.8116843526063929,-0.018087327189255653,1.0525241693986112
2026-07-16,ES=F/YM=F,8.932971600799466,10.874001283020323,3.6395390946069313,0.8116843526063929,-0.016291082232815945,1.1236299213785519
2026-07-17,ES=F/YM=F,8.9223582545154,10.866184657224439,3.6395390946069313,0.8116843526063929,-0.015493020921130807,1.1395723966960738
2026-07-20,ES=F/YM=F,8.920556091432532,10.860401859246654,3.6395390946069313,0.8116843526063929,-0.019813031323707264,0.8879835939543061
2026-07-21,ES=F/YM=F,8.92873976984027,10.867482144479293,3.6395390946069313,0.8116843526063929,-0.019375309801390905,0.891485871682405
2026-07-22,ES=F/YM=F,8.928010616951012,10.867596547865759,3.6395390946069313,0.8116843526063929,-0.018669064424057247,0.90792577975033
2026-07-23,ES=F/YM=F,8.915297945118109,10.856958455534567,3.6395390946069313,0.8116843526063929,-0.018988479948661485,0.8661388598081322
2026-07-24,ES=F/YM=F,8.915633684587437,10.861380774264797,3.6395390946069313,0.8116843526063929,-0.01483867569223829,1.0516878179287645
2026-07-27,ES=F/YM=F,8.915734384451577,10.86631829984518,3.6395390946069313,0.8116843526063929,-0.00998288661588731,1.2659855439619372
2026-07-28,ES=F/YM=F,8.918014199030745,10.876990030161393,3.6395390946069313,0.8116843526063929,-0.0011616461204289052,1.6659138016449861
2026-07-29,ES=F/YM=F,8.902625645774165,10.854469524200214,3.6395390946069313,0.8116843526063929,-0.01119150419399162,1.109107925009138
2026-07-30,ES=F/YM=F,8.918984894158093,10.866280118061702,3.6395390946069313,0.8116843526063929,-0.012659456266138847,1.0031969649167458
2026-07-31,ES=F/YM=F,8.925221677927562,10.871136576685425,3.6395390946069313,0.8116843526063929,-0.012865297438684031,0.9618522393944594
2026-08-03,ES=F/YM=F,8.939613740173815,10.88432930546973,3.6395390946069313,0.8116843526063929,-0.011354380381399132,1.0056548177761955
2026-08-04,ES=F/YM=F,8.957446125010065,10.901690013605199,3.6395390946069313,0.8116843526063929,-0.008467939987170325,1.1156603672320142
2026-08-05,ES=F/YM=F,8.955383604137106,10.905845882847675,3.6395390946069313,0.8116843526063929,-0.002637954825188693,1.3684910909748997
2026-08-06,ES=F/YM=F,8.953478441864288,10.89698003731375,3.6434422333683245,0.8111944753377652,-0.009474443150667256,0.9922040314673357
2026-08-07,ES=F/YM=F,8.959279482980048,10.899550186188444,3.6434422333683245,0.8111944753377652,-0.011610066780284534,0.8570430926462775
2026-08-10,ES=F/YM=F,8.958893792106498,10.897905312186381,3.6434422333683245,0.8111944753377652,-0.012942070476534617,0.7627843367829426
2026-08-11,ES=F/YM=F,8.955125489661903,10.8945146305243,3.6434422333683245,0.8111944753377652,-0.013275926014158834,0.7221906079101983
2026-08-12,ES=F/YM=F,8.958089791355667,10.894347578710008,3.6434422333683245,0.8111944753377652,-0.015847602985666676,0.5607555269696018
2026-08-13,ES=F/YM=F,8.964759475543037,10.89553489680953,3.6434422333683245,0.8111944753377652,-0.020070695851187814,0.30160107375850076
2026-08-14,ES=F/YM=F,8.962519832949532,10.89315884921027,3.6434422333683245,0.8111944753377652,-0.020629957751864936,0.24183059034367987
2026-08-17,ES=F/YM=F,8.957864555259022,10.888259024780478,3.6434422333683245,0.8111944753377652,-0.021753446637951868,0.1445662816935852
2026-08-18,ES=F/YM=F,8.950792138768174,10.885622203145543,3.6434422333683245,0.8111944753377652,-0.0186531630882234,0.30651468341363153
2026-08-19,ES=F/YM=F,8.952734767106872,10.887997523387426,3.6434422333683245,0.8111944753377652,-0.017853692222326245,0.33104763251709035
2026-08-20,ES=F/YM=F,8.944093580244466,10.875194069643495,3.6434422333683245,0.8111944753377652,-0.023647462923112705,-0.07359622851121787
2026-08-21,ES=F/YM=F,8.9478385980547,10.884685487576283,3.6434422333683245,0.8111944753377652,-0.017193982748028525,0.32987470044950584
