date,actual,crisis_eval,regime_exante,M1,M2_raw,M2d_regime,M2e,M3,M9d,M9e,w9d,w9e,M2e_sq_err,M2e_abs_err,M9e_sq_err,M9e_abs_err,M9d_sq_err,M9d_abs_err,M3_sq_err,M3_abs_err,M1_sq_err,M1_abs_err
2025-02-24,0.5881866242372483,False,calm,0.5701072920542918,1.05410432330799,0.7812370343884311,0.7812370343884311,0.7349752344606565,0.6988321105785027,0.6885932060304585,0.6096953328370371,0.5611995385692644,0.03726846085953988,0.19305041015118274,0.010081481667396601,0.10040658179321016,0.012242423647692707,0.11064548634125437,0.02154689609131965,0.14678861022340817,0.00032686225218168816,0.018079332182956542
2025-02-25,0.9444909365048862,False,calm,0.5811979340037753,1.0657256699379243,0.7883390275892203,0.7883390275892203,0.7320915629595095,0.7013520035205457,0.691130869983022,0.580059067165286,0.5307152437809244,0.02438341865800645,0.156151908915666,0.06419132330796348,0.25336006652186427,0.05911654073276364,0.24313893298434053,0.045113493882468485,0.21239937354537675,0.1319818056662722,0.36329300250111096
2025-02-26,0.9047966158371155,False,crisis,0.7169569017549843,1.0842373054600647,0.9304946051298209,1.0842373054600647,0.7947790773583365,0.855448081964095,0.9379622765898821,0.6485561004934488,0.6017347307545466,0.032198961092359604,0.17944068962294923,0.0010999610531676036,0.03316566075276661,0.0024352777954166423,0.049348533873020406,0.012103858772929603,0.11001753847877893,0.03528375818645679,0.18783971408213118
2025-02-27,1.0079341642549853,False,calm,0.7951543573979339,0.9975577183383504,0.7466804879906436,0.7466804879906436,0.7717795767620503,0.7638921207168321,0.7661706340986107,0.6449296716634727,0.5979246891927307,0.06825348336163346,0.2612536762643417,0.05844960451367222,0.24176353015637453,0.05955651901427785,0.24404204353815317,0.055768989193958264,0.23615458749293494,0.04527524620612407,0.21277980685705133
2025-02-28,1.162612388277234,True,crisis,0.8538083552025669,1.2713269719376032,1.077598790555505,1.2713269719376032,0.9271447227352481,1.000159164886745,1.1074202807256337,0.6539636488635873,0.607426628077791,0.011818860700447445,0.10871458366036935,0.003046168735987404,0.0551921075516002,0.026391049789960108,0.16245322339048895,0.0554450215157925,0.23546766554198584,0.09535993084318001,0.308804033074667
2025-03-03,1.6372519033217299,True,crisis,0.9479562565539851,1.1567106973292982,0.9874787212313905,1.1567106973292982,0.9035429208593366,0.974049875273802,1.076137823677561,0.6602224565902246,0.6140303729468464,0.23091985065666065,0.48054120599243166,0.31484901037492274,0.5611140796441689,0.43983693000688445,0.6632020280479278,0.5383288709460005,0.7337089824623932,0.4751284886529636,0.6892956467677448
2025-03-04,1.5758033738832995,True,crisis,1.1930868229694247,1.439322460257539,1.2096896747276735,1.439322460257539,1.1507117218818719,1.2041367358847037,1.3456686110866958,0.6655430691169734,0.6196576165729375,0.018627039784122307,0.13648091362576054,0.05296200904744906,0.23013476279660372,0.13813608980117925,0.3716666379985958,0.18070291260130283,0.4250916520014276,0.14647195834341253,0.3827165509138748
2025-03-05,1.2691872248855978,True,crisis,1.2865140613141195,1.5471232373625379,1.2944508793567409,1.5471232373625379,1.2375815949449054,1.2917823157530282,1.4475145938858789,0.6637741234103678,0.6177853558841965,0.0772484270315818,0.2779360124769401,0.03180065053456242,0.17832736900028112,0.0005105381313074362,0.02259509086743039,0.0009989158439479907,0.03160562994069238,0.00030021926062074765,0.01732683642852173
2025-03-06,1.198675575476941,True,crisis,1.1997334305859222,1.3984253592122877,1.1775332502238334,1.3984253592122877,1.0901947607391618,1.1850763729705178,1.3217363096218977,0.6602224565902246,0.6140303729468464,0.03989997610231782,0.1997497837353468,0.01514394428829573,0.12306073414495677,0.0001849383088107044,0.013599202506423103,0.011768087166172362,0.10848081473777915,1.119057431597764e-06,0.0010578551089812649
2025-03-07,1.3495043417043935,True,crisis,1.1415351550440094,1.6434812204374738,1.3702148853351368,1.6434812204374738,1.1716530449355789,1.2921069936892158,1.448800309540867,0.6584398121054124,0.6121477498902186,0.08642240522964421,0.2939768787330803,0.009859689228581988,0.09929596783647354,0.0032944555591754242,0.05739734801517771,0.031631083762348966,0.17785129676881462,0.04325118260018169,0.2079691866603841
2025-03-10,1.5742270034332702,True,crisis,1.1956621719908398,1.4830327228662448,1.2440580217179567,1.4830327228662448,1.1108509989012465,1.2276141987864482,1.3721164185188053,0.6602224565902246,0.6140303729468464,0.008316396808137344,0.09119428056702539,0.04084868853446712,0.20211058491446487,0.12014043634513598,0.346612804646822,0.21471732157606202,0.46337600453202366,0.1433113316050357,0.37856483144243036
2025-03-11,1.4703681947215157,True,crisis,1.2939047679535398,1.9296768725428879,1.595243766234841,1.9296768725428879,1.4070203198646085,1.4936587501923522,1.6860794610109509,0.6628879215040765,0.6168479085925308,0.2109644615220171,0.4593086778213722,0.0465313504041916,0.21571126628943516,0.0005424499741401107,0.02329055547083647,0.004012953248886373,0.06334787485690718,0.031139340986696788,0.17646342676797588
2025-03-12,1.135380702105227,False,crisis,1.2934950836346744,1.8956846234360363,1.5685164637076827,1.8956846234360363,1.3955094690995342,1.4750703748013096,1.6632577513435944,0.6602224565902246,0.6140303729468464,0.5780620527910055,0.7603039213308094,0.2786541791126059,0.5278770492383675,0.11538907373637182,0.33968967269608275,0.06766697541797863,0.2601287669943073,0.025000157646439675,0.15811438152944746
2025-03-13,0.9053771017130573,False,crisis,1.1623941917775897,1.7014670210505802,1.4158077506496476,1.7014670210505802,1.22048788149231,1.3272049783490916,1.4877975111544381,0.6503629375834253,0.603635170809289,0.6337591596708237,0.7960899193375229,0.3392135333338657,0.5824204094413808,0.17793875750726534,0.42182787663603427,0.09929480353308864,0.3151107797792526,0.06605778458523998,0.25701709006453244
2025-03-14,1.3763905340659452,True,calm,1.0219911953155965,1.8012049654882798,1.2378023404608554,1.2378023404608554,1.198762034028693,1.1592020212185317,1.148963385781499,0.6357911951701146,0.5883486248147177,0.01920668740672188,0.1385881936050899,0.051723107776795535,0.22742714828444632,0.047170850112871136,0.21718851284741358,0.031551884025484096,0.17762850003725217,0.12559889130668447,0.3543993387503488
2025-03-17,0.7844344466788503,False,crisis,1.148278322482219,1.6173140424203876,1.3496402513664858,1.6173140424203876,1.1751298911006651,1.280863033101959,1.4353974830605076,0.6584398121054124,0.6121477498902186,0.6936884210025865,0.8328795957415372,0.4237528747352269,0.6509630363816573,0.2464413414180459,0.4964285864231087,0.15264293029195938,0.3906954444218148,0.13238236595961722,0.36384387580336874
2025-03-18,0.6229559816489348,False,calm,0.9821499494957369,1.459959642460421,1.0292617951076632,1.0292617951076632,1.0337068413980095,1.011184274321095,1.0089107921012865,0.6162850223385895,0.5680278973994424,0.165084414050359,0.4063058134587284,0.14896111571131074,0.3859548104523517,0.15072120723114046,0.3882282926721602,0.168716268784604,0.41075085974907466,0.12902030653752944,0.359193967846802
2025-03-19,1.0633096873707888,False,calm,0.7902021362272776,1.5432492512975091,1.0801614244271907,1.0801614244271907,0.9961376635896613,0.9578347307977904,0.9435146688350133,0.5781245898732446,0.5287381327203218,0.00028398104181810767,0.01685173705640186,0.014350846465986784,0.11979501853577545,0.011124966464075906,0.10547495657299844,0.004512080778852361,0.06717202378112752,0.07458773449160556,0.27310755114351115
2025-03-20,0.9658313334589435,False,crisis,0.9099462748661111,1.3950301222147565,1.1748636555730303,1.3950301222147565,0.992452905813161,1.0815203025205133,1.2013765764642217,0.6476510797312178,0.6007833556837653,0.18421160026945707,0.4291987887558131,0.05548156150241557,0.23554524300527824,0.013383937562528876,0.11568896906156989,0.0007087081146108418,0.026621572354217582,0.0031231397739243023,0.055885058592832326
2025-03-21,0.6898582520213281,False,calm,0.9520221445110115,1.331802762084402,0.9509430492645241,0.9509430492645241,0.9854669321642834,0.9513311208789859,0.9513820840154477,0.6403731591581932,0.5931455055959572,0.06816527135152077,0.261084797243196,0.06839471470088847,0.26152383199411955,0.06836806114865389,0.26147286885765775,0.08738449177586004,0.29560868014295527,0.06872990652534228,0.2621638924896834
2025-03-24,0.4967305455923468,False,calm,0.8091829266132798,1.2181546423685048,0.8814908421144697,0.8814908421144697,0.8712037213530146,0.8517529831055894,0.8482002367034523,0.5887330065767006,0.539599431400155,0.14804048577979195,0.3847602965221229,0.12353094376973595,0.35146969111110554,0.1260409311378443,0.35502243751324264,0.14023015936428,0.3744731757606678,0.09762649040565032,0.31245238102093303
2025-03-25,0.33401315174019164,False,calm,0.6857606533772513,1.1084087261194318,0.8144772118958002,0.8144772118958002,0.7501216517752128,0.754631916587543,0.7482040730008833,0.5350614093707832,0.48512343976811234,0.2308457131012123,0.4804640601556086,0.1715541192547805,0.4141909212606917,0.1769201453417115,0.4206187648473514,0.17314628380139524,0.4161085000350212,0.12372630490791332,0.3517475016370597
2025-03-26,0.8736551598193741,False,calm,0.5841505224092399,1.0156774483357476,0.7578320132717767,0.7578320132717767,0.6523873379119277,0.6653820084280522,0.6568180101243896,0.4677037582726893,0.41839511714385014,0.013415001276186224,0.1158231465475974,0.04701834948784515,0.21683714969498458,0.04337770559047252,0.20827315139132196,0.04895944901166543,0.22126782190744643,0.08381293508197328,0.2895046374101342
2025-03-27,0.7419973152130572,False,calm,0.7273865763072856,1.189743094655283,0.8641605719312364,0.8641605719312364,0.8369851953077044,0.8132097628968796,0.8066706820188174,0.627481753370414,0.5796723664454245,0.01492386129199175,0.12216325671817918,0.004182644373992404,0.06467336680576019,0.005071212705121142,0.0712124476838224,0.009022697364875074,0.0949878800946472,0.00021347369137262733,0.01461073890577158
2025-03-28,0.8932205942986979,False,calm,0.7522061129870409,1.1481036672188019,0.8387249940539186,0.8387249940539186,0.8450526184344384,0.8044648050411737,0.8002524749533864,0.6040148856494988,0.555328055262369,0.002969770446038788,0.054495600244779285,0.008643071214604095,0.09296811934531157,0.007877590126726057,0.08875578925752425,0.0023201538988598938,0.04816797586425958,0.019885083939595677,0.14101448131165706
2025-03-31,1.405473840042248,True,calm,0.7936966718891061,1.4983810405935756,1.0526930516773667,1.0526930516773667,1.0419435489530682,0.9571711659447175,0.9448300978687332,0.6311844752009976,0.5835348976815212,0.12445428463934713,0.35278078836488125,0.21219265720361957,0.4606437421735148,0.2009752876029966,0.44830267409753044,0.13215427253938378,0.3635302910891798,0.37427130347347765,0.6117771681531419
2025-04-01,1.1056445212415507,False,crisis,1.0401182343879536,1.3564889060029162,1.1464388987633158,1.3564889060029162,1.0761800751441783,1.1102188185526494,1.2340817661531032,0.6593316979021833,0.6130894838482753,0.06292290536630797,0.2508443847613655,0.01649612588047012,0.1284372449115525,2.0924195890324864e-05,0.004574297311098707,0.0008681535838249583,0.02946444609737231,0.004293694268819888,0.06552628685359707
2025-04-02,1.1915565198361564,True,crisis,1.0639962631290103,1.2333839324115017,1.0497216667023994,1.2333839324115017,0.9949413885237991,1.0547513053405884,1.1657615554919973,0.6476510797312178,0.6007833556837653,0.0017495324427481524,0.04182741257534528,0.0006653801855164375,0.025794964344159066,0.01871566671317838,0.13680521449556804,0.038657509860975506,0.1966151313123573,0.016271619091193013,0.1275602567071461
2025-04-03,1.1069893947030318,False,crisis,1.0628893356239766,1.1248365699194849,0.9644415992813623,1.1248365699194849,0.9208685400724311,0.9985965544255361,1.1004590916667891,0.6530651042568522,0.606479957823343,0.0003185216632067767,0.01784717521645307,4.26448577451605e-05,0.006530303036242691,0.011749007823422702,0.10839284027749574,0.03464097252842519,0.18612085463060069,0.0019448152107761618,0.04410005907905523
2025-04-04,1.7929399439684177,True,crisis,1.0670268956465325,2.4900994174290543,2.037058243390205,2.4900994174290543,1.6176593777114383,1.6943898175230703,1.9206302215896751,0.6467449978145616,0.5998312193351399,0.486031331435912,0.6971594734606366,0.01630480699899379,0.1276902776212574,0.00971212742239397,0.09855012644534744,0.03072327690736735,0.1752805662569794,0.5269497537239716,0.7259130483218852
2025-04-07,5.506178961625043,True,crisis,1.3348188476032326,3.5570613012073666,2.875315196809807,3.5570613012073666,2.292274139011286,2.36280341911593,2.71600103220279,0.6673073727452559,0.6215263246184023,3.7990596541520762,1.9491176604176763,7.7850928778350506,2.790177929422253,9.88080980124446,3.143375542509113,10.329184208819965,3.213904822613757,17.40024520085205,4.171360114021811
2025-04-08,3.9204256343254786,True,crisis,2.9211575114927877,3.1594903973215493,2.562964231206947,3.1594903973215493,2.859109331590264,2.681817141532984,3.069510040209167,0.6681877721681662,0.6224593312018545,0.579022434914226,0.7609352370039293,0.7240573483103159,0.8509155941163118,1.5341509984176949,1.2386084927924945,1.126392294451546,1.0613163027352148,0.9985367813095699,0.999268122832691
2025-04-09,3.6903155364446882,True,crisis,3.140954108610014,3.0772408090062413,2.4983449693856574,3.0772408090062413,2.84748329544365,2.712136292212118,3.10135461567797,0.6673073727452559,0.6215263246184023,0.375860621423726,0.6130747274384469,0.34687496619038044,0.5889609207667181,0.956834633847402,0.9781792442325701,0.7103661864708323,0.8428322410010383,0.30179797839255185,0.5493614278346741
2025-04-10,3.155879870901543,True,crisis,2.979487799064425,2.6934264634883807,2.196801822583434,2.6934264634883807,2.4210762651947686,2.457885668283522,2.8019603032024722,0.6664258035209235,0.6205924177221094,0.2138631540280443,0.4624534074131623,0.1252590604002971,0.35391956769907074,0.487195906888367,0.697994202618021,0.5399363389596767,0.7348036057067744,0.031114163006990967,0.17639207183711791
2025-04-11,1.7731398142982204,True,crisis,2.8959870699814783,3.3098073657261478,2.681060524896375,3.3098073657261478,2.5939601073746994,2.752944197530831,3.1524139681321284,0.6655430691169734,0.6196576165729375,2.3613471636115015,1.5366675514279273,1.9023971914342428,1.379274153833908,0.9600166294018365,0.9798043832326107,0.6737459535261568,0.820820293076479,1.2607859595954234,1.1228472556832578
2025-04-14,1.2442660599293307,True,crisis,2.36149987612174,2.9057756801310757,2.3636336561383517,2.9057756801310757,2.056844779067214,2.3629143331218985,2.6972352675224167,0.6628879215040765,0.6168479085925308,2.7606142180229467,1.661509620201745,2.1111195182136804,1.452969207593086,1.2513739591167137,1.1186482731925678,0.6602841747957633,0.8125787191378835,1.2482114000438538,1.1172338161924091
2025-04-15,0.8063423729178759,False,crisis,1.730843245677775,2.5649934331796977,2.095898611005004,2.5649934331796977,1.684207058631952,1.967602129878614,2.232780384163099,0.6485561004934488,0.6017347307545466,3.0928535517600295,1.7586510602618217,2.034725399925227,1.426438011245223,1.348524223136512,1.161259756960738,0.7706464064238735,0.877864685714076,0.854701863733815,0.924500872759899
2025-04-16,2.243396676406214,True,calm,1.3223464598787262,2.3370261096680975,1.5649820834709374,1.5649820834709374,1.4586420705990393,1.4702802671629014,1.458513459879141,0.6096953328370371,0.5611995385692644,0.46024635990753693,0.6784145929352765,0.6160416635858841,0.7848832165270729,0.597708982241273,0.7731164092433125,0.615839791335574,0.7847546058071746,0.8483335013653319,0.9210502165274876
2025-04-17,0.9622639348749206,False,crisis,1.6517966869542628,2.5221556359215005,2.0622431618584023,2.5221556359215005,1.8172262007269615,1.9246037020115239,2.190306853264261,0.6646591741858076,0.6187219272565543,2.4332621189939925,1.5598917010465798,1.5080894094062083,1.2280429183893404,0.9260978274125319,0.9623397671366033,0.7309604760308559,0.8549622658520409,0.4754554161901117,0.6895327520793423
2025-04-21,1.5936167343836005,True,calm,1.323109244331707,2.239858518595511,1.505626948637532,1.505626948637532,1.5843219217201487,1.4381428933339326,1.4294386210121792,0.6302602229177513,0.5825702064623147,0.007742202395639044,0.08798978574606853,0.026954452910199263,0.1641781133714213,0.024172115250737394,0.15547384104966788,8.639354244866355e-05,0.00929481266345178,0.0731743021741753,0.27050749005189356
2025-04-22,1.0712559454361394,False,crisis,1.3280399243719256,2.4757763137440354,2.0258053191376533,2.4757763137440354,1.7080001068121602,1.7874764397951302,2.0306241725931864,0.6584398121054124,0.6121477498902186,1.9726774649917478,1.404520368307896,0.9203873952784553,0.959368227157047,0.512971796539837,0.7162204943589907,0.40544312704645197,0.6367441613760207,0.0659380118380943,0.2567839789357862
2025-04-23,1.3983672274854708,True,calm,1.242705929454566,2.195602413503474,1.4785929648169707,1.4785929648169707,1.5235830221228923,1.3926808295927644,1.3814897423216574,0.6357911951701146,0.5883486248147177,0.006436168930382808,0.08022573733149985,0.00028484950545474067,0.016877485163813377,3.2335120994176e-05,0.0056863978927064185,0.015678995226680915,0.1252157946374215,0.024230439704666196,0.1556612980309049
2025-04-24,1.0674367404653475,False,crisis,1.3115073282511986,1.973196568736463,1.6263267295837387,1.973196568736463,1.4094027314683366,1.5162541989100848,1.7109262259541897,0.6503629375834253,0.603635170809289,0.8204008665097205,0.9057598282711155,0.41407871793469486,0.6434894854888422,0.2014371110047935,0.4488174584447373,0.1169407390026564,0.3419659910029891,0.05957045182213085,0.2440705877858511
2025-04-25,0.8364848084757647,False,calm,1.1944560898248544,1.7641448197078893,1.2064772504956196,1.2064772504956196,1.2908155602829505,1.2020769219229146,1.201505600262835,0.6339514383659843,0.5864251074461351,0.13689440715181572,0.36999244201985493,0.13324017843685979,0.36502079178707036,0.13365759341475375,0.3655921134471499,0.2064164320376827,0.45433075180718585,0.12814343827070915,0.35797128134908973
2025-04-28,1.0964136246664842,False,calm,1.0536975271555162,1.5866505764888312,1.099217332828782,1.099217332828782,1.1097069877035177,1.0814077366084345,1.0791987283549958,0.6087506096097585,0.56022210161711,7.860779459335319e-06,0.002803708162297802,0.0002963526550152978,0.017214896311488426,0.00022517667641071856,0.015005888058049699,0.00017671350083436972,0.013293363037033545,0.0018246649865665218,0.04271609751096794
2025-04-29,0.6400742965958788,False,calm,1.087848184780048,1.4390825467445387,1.0100418506634496,1.0100418506634496,1.073654598537252,1.0383796026202508,1.042070935100673,0.6357911951701146,0.5883486248147177,0.13687599106274098,0.36996755406757087,0.16160129736915416,0.40199663850479417,0.15864711680716861,0.398305306024372,0.18799187823157246,0.4335803019413733,0.20050145493956895,0.4477738881841693
2025-04-30,1.7648631376813666,True,calm,0.9451184289180817,1.304348359026236,0.9286218698264501,0.9286218698264501,0.9394397821851891,0.9357254439348153,0.9365430083905849,0.5693905578182827,0.5198308616884231,0.6992994580635982,0.8362412678549165,0.6861142365882973,0.8283201292907817,0.6874693151913499,0.8291376937465513,0.681323715798569,0.8254233554961775,0.6719813875454027,0.8197447087632849
2025-05-01,0.7537923132143085,False,crisis,1.2984998929994398,1.1925409130264937,1.0136141049116767,1.1925409130264937,1.068600922959659,1.1101584561328486,1.2333382555443628,0.6611120833046608,0.6149704109242489,0.192500333837153,0.43874859981218517,0.22996431080521978,0.4795459423300543,0.12699682781863733,0.3563661429185401,0.09910446076980033,0.3148086097453504,0.29670634747537517,0.5447075797851313
2025-05-02,0.7165061983715573,False,calm,1.0998084404518649,1.0882786662863317,0.7980507761770723,0.7980507761770723,0.922361036107321,0.9209956606318981,0.9357910087372849,0.5925707976621025,0.5435402348727723,0.006649518169479698,0.08154457780551505,0.04808582805713314,0.21928481036572767,0.04181594017552335,0.20448946226034082,0.04237621421921762,0.20585483773576374,0.14692060878379073,0.3833022420803076
2025-05-05,0.6116731137904653,False,calm,0.9123132905028336,0.9946885328558389,0.7414941813032103,0.7414941813032103,0.7496653895800618,0.8122393364780879,0.8206448299583671,0.5858475348199886,0.5366405490227709,0.0168535095701487,0.12982106751274503,0.0436691781581581,0.20897171616790178,0.040226809683181014,0.2005662226876226,0.01904186817759206,0.1379922757895965,0.09038451585364404,0.3006401767123683
2025-05-06,0.8008047905030211,False,calm,0.8424554089844379,1.038885724557096,0.7682025807251092,0.7682025807251092,0.7569668370728645,0.8009008966503666,0.8045924563037657,0.5596354146799885,0.5099193332870156,0.0010629040824029776,0.03260220977791195,1.434641221813048e-05,0.003787665800744633,9.236391557586089e-09,9.610614734545386e-05,0.0019217661609445805,0.04383795343015662,0.0017347740198845408,0.04165061848141682
2025-05-07,0.9762415402101314,False,calm,0.8992335143104934,1.132666922090903,0.8248746357942931,0.8248746357942931,0.8331029873006371,0.8543196448065057,0.8579399429126011,0.6040148856494988,0.555328055262369,0.02291193975243354,0.15136690441583833,0.013995267923147032,0.11830159729753031,0.014864948578812657,0.12192189540362575,0.020488645329024096,0.1431385529094943,0.005930236052959327,0.07700802589963807
2025-05-08,1.0754790851222151,False,calm,0.9523682100979619,1.0362723157393243,0.766623295619631,0.766623295619631,0.8586892365279052,0.8359890444307057,0.8448766645061829,0.6265537120847154,0.5787051876691837,0.09539189870926452,0.3088557895025841,0.05317747639397343,0.2306024206160322,0.057355479590420866,0.23949004069150948,0.04699783845354383,0.21678984859430994,0.015156287549237295,0.12311087502425322
2025-05-09,0.5444393039334218,False,calm,1.0063186428259183,0.9505972329753856,0.7148497723960177,0.7148497723960177,0.8336049835717915,0.8215415331779741,0.8353939791668602,0.6339514383659843,0.5864251074461351,0.029039727761641387,0.1704104684625959,0.08465462304019564,0.29095467523343843,0.07678564545230042,0.2771022292445523,0.08361679028072026,0.2891656796383697,0.2133325236957697,0.46187933889249655
2025-05-12,0.7082477544064372,False,calm,0.8032463278979778,0.9119731415467424,0.6915092020684508,0.6915092020684508,0.7013222205697839,0.7430191375463971,0.7485969249635898,0.5390078714165865,0.4890890340043691,0.0002801791343715093,0.01673855233798638,0.0016280555646501897,0.04034917055715259,0.001209049085465893,0.03477138313995998,4.7963018922629585e-05,0.006925533836653286,0.009024728965427643,0.09499857349154062
2025-05-13,0.6590053463072422,False,calm,0.7623354207791581,0.8344955224799929,0.6446894129225802,0.6446894129225802,0.6240835445906263,0.6937529558906976,0.6995502070419862,0.5829561592270025,0.5336790842381427,0.00020494594867407918,0.014315933384661972,0.0016438857319997905,0.04054486073474406,0.001207396371764246,0.03474760958345546,0.001219532235134634,0.03492180171661585,0.010677104290371683,0.10333007447191589
2025-05-14,0.4135505018340854,False,calm,0.7504271962845867,0.7716654467753696,0.606721146319354,0.606721146319354,0.5943177275616203,0.6684625473209616,0.6755820266258545,0.5703632448561154,0.520821285372743,0.037314897890854036,0.1931706444852686,0.0686605199846995,0.2620315247917691,0.0649801509343032,0.2549120454868761,0.03267678989722953,0.18076722572753484,0.11348590726389636,0.3368766944505012
2025-05-15,0.47957514899052056,False,calm,0.619668587197907,0.7168578110175602,0.573600846797068,0.573600846797068,0.5149586004359489,0.5970734043298949,0.5993639633028662,0.49047734209252747,0.44075580261520725,0.008840831848008183,0.09402569780654746,0.014349360034357632,0.11978881431234567,0.013805840007796801,0.1174982553393743,0.0012519886361909832,0.035383451445428316,0.01962617142876679,0.1400934382073864
2025-05-16,0.5414829760560648,False,calm,0.5710847422046815,0.6669562642080276,0.5434453008753195,0.5434453008753195,0.487339077748249,0.5568154908645822,0.5581958926128272,0.5162641013637578,0.46632091576185725,3.850718696263128e-06,0.001962324819254735,0.00027932157983330395,0.016712916556762436,0.00023508601035340487,0.015332514808517383,0.002931561723967092,0.05414389830781574,0.0008762645591173931,0.02960176614861676
2025-05-19,0.535827431594898,False,calm,0.602630970659032,0.6218297817404003,0.5161753302763407,0.5161753302763407,0.48332202901372395,0.5564572533700547,0.5607750013954823,0.5340740879900016,0.48413231430912407,0.00038620508623484254,0.019652101318557325,0.000622381238955027,0.024947569800584324,0.0004255895464747299,0.02062982177515671,0.0027568173002111567,0.05250540258117403,0.004462712831493285,0.06680353906413405
2025-05-20,0.5310899837075028,False,calm,0.5928695872117935,0.5824688680169693,0.4923894976279193,0.4923894976279193,0.4673283863202402,0.5394042670124839,0.5444230672456171,0.5320986517899182,0.48215044559386533,0.0014977276227960395,0.03870048607958354,0.000177771116634333,0.013333083538114243,6.912730687548701e-05,0.008314283304981074,0.004065541301375375,0.06376159738726261,0.0038167194091473654,0.06177960350429068
2025-05-21,1.1525192922045666,True,calm,0.5817937640557307,0.6266665044665297,0.519098165811585,0.519098165811585,0.4917807728819651,0.5486194146299628,0.551751367876314,0.5291336290720469,0.47917871462725703,0.40122232336095365,0.6334211263929816,0.3609220989016771,0.6007679243282527,0.3646950621346215,0.6038998775746038,0.4365753909166239,0.6607385193226015,0.3257276284807677,0.5707255281488359
2025-05-22,0.6291480926353333,False,calm,0.8372512996693351,1.021122562490406,0.7574682872279141,0.7574682872279141,0.823990074148614,0.7861603999450649,0.7899283644167999,0.6403731591581932,0.5931455055959572,0.016466072340277808,0.12832019459258082,0.02585029579412226,0.1607802717814666,0.024652864646725593,0.1570123073097316,0.03796339776002162,0.1948419815132807,0.0433069447778366,0.20810320703400176
2025-05-23,0.6799356696990553,False,calm,0.7530309953758315,0.9435044067587329,0.7106142484419702,0.7106142484419702,0.7313021059930214,0.7293345728747624,0.7314439412042038,0.5586572336161915,0.5089276225092765,0.0009411751936852304,0.030678578742914908,0.0026531020334480903,0.05150827150514847,0.0024402516349628913,0.049398903175707165,0.002638510777542077,0.05136643629396609,0.005342926635793983,0.07309532567677623
2025-05-27,1.4619502625835537,True,calm,0.6877738392646374,1.0176186938750225,0.7554364565607856,0.7554364565607856,0.7174245318477168,0.7264318870288475,0.7230809741620858,0.5713353888604432,0.5218115454049725,0.4991617581007775,0.706513806022768,0.5459278253724462,0.7388692884214678,0.5409872807786337,0.7355183755547061,0.5543185637277318,0.7445257307358368,0.5993491344228697,0.7741764233189162
2025-05-28,0.5631100357277419,False,crisis,1.0230768090644093,0.9294160789912546,0.805844854845883,0.9294160789912546,0.8248212489774418,0.8816012961206031,0.9664510093734181,0.6512647434984992,0.6045842227234726,0.13418011733137042,0.3663060432635127,0.1626839410214421,0.4033409736456762,0.10143668294663334,0.31849126039286124,0.06849275914062991,0.2617112132496999,0.21156943257374522,0.45996677333666747
2025-05-29,0.794426432331248,False,calm,0.8294122116371428,0.9834191355177395,0.734753538571485,0.734753538571485,0.7451145917632837,0.7783904417569041,0.7831156926673248,0.5390078714165865,0.4890890340043691,0.003560854249663966,0.059672893759763035,0.00012793283174504443,0.011310739663923153,0.0002571529937004466,0.016035990574343906,0.0024316576202003336,0.04931184056796434,0.001224004753640781,0.03498577930589486
2025-05-30,0.9489147299690214,False,calm,0.7456337097058525,0.9048347481529966,0.6872279412487259,0.6872279412487259,0.6579627507545145,0.7106334937312291,0.7134858166791417,0.5992595748537348,0.5504232522907283,0.06847997539074058,0.2616867887202955,0.05542677321285369,0.2354289132898797,0.056777947543010576,0.2382812362377923,0.08465305420883884,0.2909519792145069,0.04132317319923487,0.20328102026316885
2025-06-02,0.7679393697908469,False,calm,0.8560976380197882,0.8691559658903238,0.6656504308087456,0.6656504308087456,0.6918267424560957,0.7381924749431976,0.7473624531766832,0.6190963091726249,0.5709465968834663,0.010463027038084029,0.10228893898210123,0.00042340949734624695,0.02057691661416372,0.0008848777530771016,0.029746894847649252,0.005793132039798718,0.07611262733475122,0.00777188025712597,0.08815826822894135
2025-06-03,0.4828770558205888,False,calm,0.8154405541254978,0.8027869812078771,0.6255123608114794,0.6255123608114794,0.6287307647266744,0.703076681992026,0.7123939634210188,0.5916123887289058,0.5425555253616641,0.020344830229844384,0.1426353049908906,0.05267801087446431,0.22951690760042998,0.048487875366040684,0.22019962617143718,0.02127330440166116,0.14585370890608562,0.11059848040479918,0.33256349830490894
2025-06-04,0.2710307127863015,False,calm,0.6351634360382489,0.7435923998722914,0.5897131654422155,0.5897131654422155,0.5367646808388807,0.6120145080690205,0.6142829052459323,0.5093243156895252,0.4594148839707652,0.1015585056307889,0.31868245265591405,0.11782206762834345,0.34325219245963084,0.11626994864540721,0.340983795282719,0.07061454177696921,0.26573396805257926,0.1325926401428793,0.3641327232519474
2025-06-05,0.8148345623530572,False,calm,0.49584762967432644,0.7096305576914435,0.5691740114199979,0.5691740114199979,0.4450657680783846,0.5279802933414379,0.524425723720102,0.4382142266143968,0.3897382274349379,0.06034910628473421,0.24566055093305927,0.0843372935561418,0.2904088386329552,0.08228537165019043,0.28685426901161926,0.13672896121934514,0.3697687942746726,0.1017526632197851,0.31898693267873074
2025-06-06,0.46612221353586275,False,calm,0.6581612371548217,0.7707376415306605,0.6061298337849585,0.6061298337849585,0.5735797574772716,0.626832345272751,0.6293687561689615,0.6021150661528483,0.5533673727996529,0.01960213372781502,0.1400076202490958,0.026649433681660124,0.16324654263309873,0.025827746442887975,0.16071013173688825,0.011547123749919822,0.10745754394140888,0.03687898659252306,0.19203902361895892
2025-06-09,0.32531495327545634,False,calm,0.5977801576986929,0.7133834043584365,0.5714436261041684,0.5714436261041684,0.539296598309114,0.5844969337713418,0.5858104312595159,0.5043649684726418,0.45449137431846026,0.060579323588423196,0.2461286728287121,0.06785789405014367,0.2604954779840596,0.06717529901376956,0.2591819804958855,0.04578814441131028,0.21398164503365769,0.07423728762139606,0.2724652044232365
2025-06-10,0.4219236173289739,False,calm,0.465184067833273,0.6652505872807493,0.5423342704273626,0.5423342704273626,0.4513736808196948,0.5002785331656734,0.49649912019612596,0.45488494070511887,0.4058972149121998,0.01449872537958051,0.12041065309838872,0.00556150562788861,0.07457550286715209,0.006139492835776264,0.07835491583669951,0.0008673062396074941,0.029450063490720935,0.001871466577834913,0.04326045050429911
2025-06-11,0.6141037763062305,False,calm,0.47023204000826224,0.6203641938379014,0.5151882592211621,0.5151882592211621,0.4317080608594635,0.4921037446267888,0.48987103034677404,0.4865112102721187,0.43684701877413523,0.00978427952020646,0.0989155170850684,0.01543377516862684,0.12423274595945644,0.014884007729784774,0.12200003167944168,0.03326819701333799,0.18239571544676697,0.02069907650539211,0.14387173629796823
2025-06-12,0.3130604411270663,False,calm,0.5718547568574353,0.6501079499838974,0.5331764350518126,0.5331764350518126,0.4928651599949505,0.5505121506448555,0.5524388536554495,0.5517976276177841,0.5019841165694838,0.04845105078147892,0.22011599392474623,0.05730202438460881,0.2393784125283832,0.05638331435292052,0.23745170951778916,0.03232973692715887,0.17980471886788418,0.06697449785434988,0.25879431573036893
2025-06-13,0.7360493609284423,False,calm,0.46942044652603543,0.6073280461697457,0.5073043687246797,0.5073043687246797,0.4369401351313819,0.4865415017601093,0.4846887919969267,0.45193460023224646,0.4030296913511688,0.05232427145829944,0.22874499220376265,0.0631821356135752,0.2513605689315156,0.0622541717867647,0.249507859168333,0.08946632895691686,0.2991092257970604,0.07109097799540602,0.2666289144024069
2025-06-16,0.4371522635962528,False,calm,0.5849091676552317,0.8369446625309905,0.6461699527642768,0.6461699527642768,0.6140611051377792,0.6207396445673332,0.6177237320770628,0.5848843897172197,0.5356536708339716,0.043688394385140696,0.209017689168024,0.032606055229316144,0.18057146848080996,0.033704326451820615,0.1835873809710804,0.031296738215564904,0.17690884154152642,0.021832102697094295,0.1477569040589789
2025-06-17,0.5189767105811125,False,calm,0.5527957936282558,0.7727610204765663,0.6073535156922583,0.6073535156922583,0.5592166186683081,0.5797174518981789,0.5770026318251351,0.4934527552000964,0.4436922452239111,0.00781045968165344,0.08837680511114576,0.0033670075362175153,0.058025921244022616,0.003689437655746779,0.060740741317066416,0.0016192502028659478,0.040239908087195575,0.0011437303781495765,0.03381908304714332
2025-06-18,0.5511595753701348,False,calm,0.5377589947837329,0.908381956153533,0.6893731915294348,0.6893731915294348,0.6145602826790068,0.616933080873954,0.6093589151734862,0.5222076018581396,0.47225076494548685,0.019103003691830298,0.13821361615929995,0.0033871631535459562,0.058199339803351346,0.004326154026260937,0.06577350550381922,0.004019649687265247,0.06340070730887193,0.00017957556005265208,0.013400580586401922
2025-06-20,0.6559222500288329,False,calm,0.5598375108423447,0.8542678416811685,0.6566465176933909,0.6566465176933909,0.6030932481864305,0.6114450854316942,0.6066099415863359,0.5330864995728631,0.48314131365852014,5.245636499243291e-07,0.0007242676645580204,0.002431703763927962,0.04931230844249701,0.001978218170600967,0.044477164597138685,0.0027909034356645517,0.05282900184240236,0.009232277104535459,0.09608473918648819
2025-06-23,0.8774988172408712,False,calm,0.6197371024188361,0.8479128699913714,0.6528032119725609,0.6528032119725609,0.6180874369176016,0.6384358062938689,0.636794839829117,0.5654945237706802,0.5158676856908758,0.050488115026892336,0.22469560526831034,0.05793840474183828,0.2407039774117542,0.05715112320304656,0.23906301094700233,0.06729426424122403,0.2594113803232696,0.06644110162799617,0.25776171482203514
2025-06-24,0.45332340076537014,False,calm,0.7251221182247158,0.7824131915783764,0.613190873626295,0.613190873626295,0.6404377249831772,0.6567725087681532,0.6621970027965832,0.610639233949222,0.5621765008857981,0.025557608878938542,0.15986747286092484,0.04362818162549358,0.20887360203121308,0.04139153954712808,0.20344910800278304,0.03501177032748661,0.18711432421780705,0.07387454281254523,0.2717987174593457
2025-06-25,0.34833517305031647,False,calm,0.6064118604596879,0.7229194578101894,0.5776675559124207,0.5776675559124207,0.5383110876796734,0.5920283017183907,0.5934608577291033,0.5003968253135077,0.4505589171339292,0.05259334182921076,0.22933238286210422,0.06008660128924402,0.24512568467878681,0.05938634096003459,0.24369312866807424,0.03609084813926071,0.18997591462935692,0.0666035765841944,0.2580766874093714
2025-06-26,0.3498234665023177,False,calm,0.48948898075343955,0.6759128593762407,0.5491730308043057,0.5491730308043057,0.44475246727710105,0.517049943808817,0.5141153837815465,0.4617810458889504,0.4126128003565265,0.039740248787392435,0.19934956430198797,0.026991834083284965,0.16429191727922882,0.02796469471234111,0.16722647730649925,0.009011515188098815,0.09492900077478333,0.019506455871030316,0.13966551425112184
2025-06-27,0.6068665642847654,False,calm,0.46132798310051454,0.6290342499197084,0.5207560902322358,0.5207560902322358,0.4115361742409017,0.48888801549394156,0.4859631706710983,0.46375416824804416,0.4145376448888114,0.0074150137415513705,0.08611047405252958,0.014617630587301315,0.12090339361366709,0.013918937974788794,0.11797854879082381,0.03815396127468791,0.19533039004386366,0.021181478613124773,0.14553858118425084
2025-06-30,0.4766040501263639,False,calm,0.5464645470767903,0.5879277803867333,0.49583811345373763,0.49583811345373763,0.4441465867342527,0.5188274688637435,0.521352224593417,0.545902135213062,0.49603182934731643,0.0003699491920814221,0.019234063327373707,0.0020023991181338224,0.04474817446705309,0.0017828170898721,0.042223418737379614,0.0010534869298502384,0.0324574633921112,0.004880489034160529,0.06986049695042634
2025-07-01,0.3562729129045851,False,calm,0.5224498621804152,0.5509004665054174,0.47339284491213596,0.47339284491213596,0.43452476575343707,0.49751258291747136,0.4999606774592929,0.5083325618141193,0.45842951678320004,0.01371707847345333,0.11711993200755083,0.020646173682729137,0.14368776455470778,0.019948644385348994,0.14123967001288623,0.006123352474278378,0.07825185284885194,0.02761477847062181,0.1661769492758301
2025-07-02,0.3046312901557792,False,calm,0.45102367033342344,0.5375841886554271,0.4653207651151612,0.4653207651151612,0.38735193701491694,0.457682233784291,0.4569779113745569,0.46572842612562143,0.41646510231847866,0.02582110736272184,0.16068947495938196,0.02320949299677772,0.15234662121877768,0.023424591345577894,0.1530509436285118,0.0068427054167941705,0.08272064685913771,0.02143072897407592,0.14639238017764422
2025-07-03,0.32746909306703254,False,calm,0.40722447242209897,0.505423096692882,0.4458253097331081,0.4458253097331081,0.3440980726735441,0.42448001036977107,0.422597845286868,0.4470249649934601,0.3982652692454534,0.014008194023507017,0.11835621666607554,0.00904947949890285,0.09512875221983547,0.009411118075918774,0.09701091730273853,0.00027652296275377706,0.01662897960651155,0.006360920536070558,0.07975537935506644
2025-07-07,0.6483547437505682,False,calm,0.4034519962818384,0.474934976379821,0.4273439786284875,0.4273439786284875,0.32586138272782184,0.41432009925492164,0.4131496853750748,0.45488494070511887,0.4058972149121998,0.04884575829984754,0.22101076512208073,0.05532141948541928,0.23520505837549344,0.054772214824203684,0.2340346444956466,0.10400196790374744,0.3224933610227464,0.059977355717732446,0.2449027474687298
2025-07-08,0.2771296132699088,False,calm,0.5247593672153691,0.6296191226408626,0.5211106291904503,0.5211106291904503,0.4824579483310985,0.5227067070589615,0.5228879514988063,0.5625671512695922,0.5128939660183979,0.0595267361296195,0.24398101592054144,0.06039716080902917,0.24575833822889748,0.060308108993877174,0.24557709378905268,0.04215972517900018,0.2053283350611897,0.0613204950390892,0.24762975394546027
2025-07-09,0.41300518200640984,False,calm,0.43528933991263136,0.6128263885034387,0.5109311862940431,0.5109311862940431,0.4339294459520075,0.46851058678543556,0.4648412823964131,0.4391913796669035,0.3906824581564393,0.009589502315741568,0.09792600428763326,0.002686981303642495,0.05183610039000325,0.0030808499596834903,0.05550540477902571,0.0004378248216650379,0.020924263945597654,0.0004965836935894148,0.022284157906221513
2025-07-10,0.40595464920928787,False,calm,0.4233998792273553,0.5729175157713736,0.48673917040720316,0.48673917040720316,0.3968482303598204,0.45377581123761207,0.45063740638409183,0.47957486489714973,0.43002576519837127,0.006526138865176425,0.0807845211979153,0.0019965487887424953,0.044682757174803966,0.002286863537739237,0.047821162028324204,8.2926864261936e-05,0.009106418849467446,0.0003043360503832804,0.017445230018067415
2025-07-11,0.36749856488830956,False,calm,0.44774525707638185,0.5380841593690976,0.46562383805659147,0.46562383805659147,0.3890953501438531,0.45626626740677856,0.4553813836664117,0.4766043982925092,0.4271103281900574,0.009628569234349944,0.0981252731682819,0.007723389836384737,0.08788281877810211,0.007879705010407407,0.088767702518469,0.0004664211333740628,0.021596785255543538,0.006439531607127222,0.08024669218807229
2025-07-14,0.3438024373501125,False,calm,0.43499223385265645,0.5909104160099031,0.4976461316572286,0.4976461316572286,0.40792809719783824,0.464357602494183,0.46126683923450273,0.4686918080200219,0.41936106615108076,0.02366788227806138,0.15384369430711609,0.013797885710057538,0.11746440188439022,0.01453354784291411,0.1205551651440705,0.004112100250906223,0.06412565984772572,0.008315578986175375,0.09118979650254394
2025-07-15,0.37981125032822277,False,calm,0.4051704186657393,0.5547016595159955,0.47569705736930634,0.47569705736930634,0.38589206854043606,0.4374602257549034,0.43399967531376404,0.45783845200510026,0.40877117041119737,0.009194087991919911,0.09588580704108357,0.002936385402413634,0.05418842498554127,0.0033234043677460266,0.057648975426680626,3.697635012998484e-05,0.00608081821221329,0.0006430874187704995,0.025359168337516502
2025-07-16,0.7586478847819269,False,calm,0.41780821181184286,0.6221671292376664,0.5165933694820871,0.5165933694820871,0.4247641814062902,0.464498659518902,0.45961715048866447,0.47264638543086607,0.4232309758150565,0.05859038837704038,0.2420545152998398,0.08941938005196771,0.29903073429326243,0.08652376672283776,0.2941492252630249,0.11147832737983017,0.3338837033756367,0.11617168267035384,0.34083967297008405
2025-07-17,0.31064468530488626,False,calm,0.5780938672260385,0.5823603863959305,0.4924632628339759,0.4924632628339759,0.48233852262183013,0.5275158696422059,0.5317188594272826,0.5906532827008858,0.5415704832167998,0.03305799513470158,0.18181857752908964,0.04887379046389961,0.22107417412239633,0.04703311059587166,0.2168711843373196,0.02947877377261719,0.17169383731694388,0.0715290649102936,0.26744918192115225
2025-07-18,0.29315117885563796,False,calm,0.4733804654978684,0.5453545609550356,0.47003102018502585,0.47003102018502585,0.40888076555069625,0.4718798935757338,0.4720433111797546,0.4480060971233276,0.39921664431623466,0.031286478268709436,0.1768798413293879,0.032002395007469264,0.17889213232411666,0.0319439534654974,0.17872871472009583,0.013393337236609012,0.11572958669505828,0.03248259576356726,0.18022928664223042
2025-07-21,0.3591948487057733,False,calm,0.3891673792070396,0.5404498193785873,0.4670578571259012,0.4670578571259012,0.3526942808847827,0.42360475657069785,0.41981884336282993,0.4421256395362168,0.3935200421766569,0.011634428585440585,0.10786300842012791,0.0036752687281788325,0.060623994657056646,0.0041486362311680715,0.06440990786492456,4.2257381995298036e-05,0.006500567820990566,0.0008983525846493389,0.029972530501266303
2025-07-22,0.39790997131505,False,calm,0.4097710678911425,0.5090402230746753,0.44801794442566223,0.44801794442566223,0.34709804057682014,0.427734864813003,0.42584728699575114,0.4696801033058805,0.4203276335545753,0.0025108089692538367,0.050107973110612214,0.000780493607443149,0.027937315680701125,0.0008895242721642377,0.029824893497952976,0.0025818523053466698,0.05081193073822987,0.00014068561198739244,0.011861096576092467
2025-07-23,0.42782060061797805,False,calm,0.4345008910588254,0.49079923509283835,0.4369605970029248,0.4369605970029248,0.35223427010794717,0.43568050420465354,0.43555862798959977,0.47957486489714973,0.43002576519837127,8.35395339168392e-05,0.009139996384946725,5.9877067603966854e-05,0.007738027371621714,6.17780843918342e-05,0.007859903586675487,0.005713293359971626,0.07558633051003089,4.46262803740763e-05,0.006680290440847336
2025-07-24,0.23985806899520676,False,calm,0.43444754432213767,0.46139295911634726,0.41913505980040444,0.41913505980040444,0.3546575445884412,0.426921931612418,0.42768349673093764,0.491469081914072,0.4417341667578325,0.032140239432166935,0.17927699080519768,0.035278391304110264,0.18782542773573088,0.03499288869727087,0.18706386261721122,0.013178919596481625,0.11479947559323442,0.037865063908010255,0.1945894753269309
2025-07-25,0.23274594787412156,False,calm,0.3648215063415369,0.4435664928031449,0.4079904135853276,0.4079904135853276,0.307579382647037,0.3840598194104707,0.38195674080743647,0.44565207454263095,0.396934635596184,0.030710622762406076,0.17524446571120605,0.02226386072778858,0.1492107929333149,0.022895887719318764,0.15131387153634912,0.005600042959912188,0.07483343477291543,0.017443953144479656,0.13207555846741537
2025-07-28,0.2725642590800431,False,calm,0.32742371148835514,0.4198572419952287,0.39359645870741866,0.39359645870741866,0.2725770715261344,0.35678404627461574,0.35356435378105533,0.4436922452239111,0.39503637662438496,0.014648793346640886,0.12103219962737555,0.006561015341572947,0.08100009470101222,0.007092972555099099,0.08421978719457263,1.6415877484256396e-10,1.281244609130372e-05,0.0030095595185398523,0.054859452408312026
2025-07-29,0.37474433850662,False,calm,0.33588774641918984,0.4173052596533939,0.39204714283172143,0.39204714283172143,0.2809951625775985,0.3611357052116515,0.3583930868135054,0.44957674770927153,0.4007404251462652,0.00029938703751274944,0.01730280432510145,0.0002673634319315823,0.016351251693114577,0.00018519490015692455,0.013608633294968475,0.008788907987370621,0.09374917592902149,0.0015098347486489387,0.03885659208743014
2025-07-30,0.6690684503138289,False,calm,0.3779030677416486,0.46390726675764105,0.4203393564032511,0.4203393564032511,0.3340318512215761,0.3986581911698823,0.3965490156687079,0.4890890340043691,0.43938686711617825,0.06186616215757702,0.2487290939105778,0.07426684225929636,0.27251943464512096,0.07312170825029633,0.27041025914394656,0.11224952273130294,0.3350365990922528,0.08477728000840411,0.2911653825721803
2025-07-31,0.7077006106330667,False,calm,0.5116907916746963,0.47724425996233194,0.42843628363012076,0.42843628363012076,0.411353420471994,0.4631088808413796,0.4672102746295838,0.5835348976815212,0.5342715738743786,0.0779885643364083,0.2792643270029459,0.05783560171106808,0.24049033600348285,0.05982511428248967,0.24459172979168708,0.08782165711636294,0.29634719016107264,0.03841984912809311,0.19600981895837033
2025-08-01,0.6577124084102487,False,calm,0.5974666720095683,0.5418025694973585,0.46762982044702384,0.46762982044702384,0.47771005574030434,0.5204545270445156,0.5268184294063497,0.5931455055959572,0.5441308977612278,0.03613139024679712,0.19008258796322486,0.017133233739473147,0.13089397900389899,0.01883972599700967,0.13725788136573314,0.032400846966715025,0.18000235266994435,0.0036295487544602705,0.06024573640068043
2025-08-04,0.32690160479989566,False,calm,0.6080748952758878,0.94769930573493,0.7140509053571975,0.7140509053571975,0.6843915162586627,0.66971106020479,0.6644855271554245,0.5816048828561499,0.5322962417273107,0.14988458092200804,0.38714930055730185,0.11396290463294374,0.33758392235552886,0.11751832271500023,0.3428094554048943,0.1277990367947971,0.357489911458767,0.07905841927709663,0.2811732904759921
2025-08-05,0.4989823140733557,False,calm,0.4845203456889389,0.8688423720798137,0.6661766323977575,0.6661766323977575,0.5619771831656433,0.5697688719127494,0.5608052561847305,0.4692847562190756,0.419940932834714,0.027953940079961395,0.1671943183244018,0.0038220761713064055,0.061822942111374846,0.0050107367707498286,0.0707865578393937,0.003968353531954448,0.06299486909228758,0.00020914852955187014,0.014461968384416768
2025-08-06,0.468296683471134,False,calm,0.4987584196910018,0.9154200413966209,0.6944540704279983,0.6944540704279983,0.5848796958378562,0.6035835133745169,0.593811353379472,0.5356536708339716,0.485718171714586,0.05114716367515686,0.22615738695686433,0.015753932362199043,0.12551466990833798,0.01830252634530685,0.13528682990338287,0.013591598772499287,0.11658301236672214,0.0009279173735288063,0.030461736219867808
2025-08-07,0.787343020725697,False,calm,0.5052959144104354,0.8431599542936921,0.6505847621288912,0.6505847621288912,0.5625453270611119,0.5818282852079694,0.5745699828261668,0.5267601195780712,0.47680238024856775,0.018702821294430804,0.1367582585968058,0.045272365656994905,0.21277303789953017,0.04223630651492152,0.2055147355177276,0.050534003076916606,0.22479769366458502,0.07955057018081244,0.28204710631526153
2025-08-08,0.309980754891817,False,calm,0.6207881923016075,0.8095364435257204,0.6301718312964468,0.6301718312964468,0.6095243198747409,0.6265500316532073,0.6260964185585798,0.6140303729468464,0.5656895219319085,0.10252232540915551,0.32019107640462985,0.0999291128154779,0.3161156636667628,0.10021610698922977,0.31656927676139035,0.08972634732267915,0.2995435649829239,0.09660126314924088,0.31080743740979055
2025-08-11,0.4520225069143852,False,calm,0.4852049514838943,0.7487345171472126,0.5932588055803423,0.5932588055803423,0.516593743208643,0.5351661210071598,0.5298517208725162,0.4623728597285439,0.4131899760722145,0.01994769206085942,0.14123629866595705,0.0060573865453405285,0.07782921395813097,0.006912860564408218,0.08314361409277454,0.004169444556568878,0.06457123629425782,0.0011010746276085429,0.033182444569509084
2025-08-12,0.5159807482235926,False,calm,0.46410552175886877,0.7471656071805517,0.5923063157926818,0.5923063157926818,0.4895098376058545,0.5307482509906059,0.5243442276832622,0.5198308616884231,0.4698777911508526,0.0058255922647435935,0.07632556756908915,6.994778867231416e-05,0.008363479459669532,0.00021807913797374306,0.014767502767013219,0.0007007091089322825,0.026470910617738153,0.0026910391207663874,0.05187522646472387
2025-08-13,0.3851322317815967,False,calm,0.5118035400421805,0.6917822467540707,0.5586829171697457,0.5586829171697457,0.4891422475909749,0.5373305143162774,0.5349920986951262,0.5445246041694309,0.49464306212615594,0.030119840398696272,0.173550685388149,0.022457979711340767,0.14985986691352948,0.023164317206506493,0.1521982825346807,0.010818083388667101,0.10401001580937819,0.01604562033644785,0.12667130826058381
2025-08-14,0.29365360846716254,False,calm,0.47175670507177275,0.6450029622439581,0.5302830779713428,0.5302830779713428,0.4443424373916618,0.5007295916557863,0.4978161561987775,0.49503984526309996,0.44525997146145,0.05599350583782976,0.23662946950418023,0.04168234589626396,0.20416254773161496,0.042880462813535206,0.2070759831886238,0.022707123162637004,0.15068882892449925,0.031720713020151114,0.1781030966046102
2025-08-15,0.3050830580805672,False,calm,0.3933928028311128,0.6148652193704843,0.5119863669298464,0.5119863669298464,0.4049477133788416,0.44775959311449276,0.4419386889877315,0.45842951678320004,0.40934671729911415,0.04280897921278024,0.20690330884927927,0.018729463710997984,0.1368556309071643,0.02035659364928699,0.14267653503392558,0.009972949377843172,0.09986465529827443,0.007798611017906515,0.0883097447505456
2025-08-18,0.19554767397544215,False,calm,0.3798242825166741,0.6348421522767453,0.5241144207929288,0.5241144207929288,0.40696811716361125,0.4466824817697879,0.4395823989849497,0.4633594509772289,0.4141524651800113,0.10795610711422637,0.32856674681748665,0.05955294701046598,0.24403472500950757,0.063068691685903,0.25113480779434577,0.04469860379788184,0.2114204431881691,0.033957868455458444,0.18427660854123196
2025-08-19,0.5315200560901568,False,calm,0.3295847795444838,0.6115101394954447,0.5099494882142619,0.5099494882142619,0.3776021626785865,0.40890519206572107,0.40015236185944797,0.43977789838289005,0.39124939039024154,0.00046528939848859127,0.021570567875894953,0.017257471087493023,0.13136769423070888,0.015034404879730874,0.12261486402443578,0.023690717912255535,0.15391789341157036,0.04077785591357746,0.20193527654567306
2025-08-20,0.7350236429793704,False,calm,0.43365983571556005,0.697269040470795,0.5620139655365948,0.5620139655365948,0.48575858862460686,0.5043089332966004,0.49791330185773525,0.5504232522907284,0.500595237814041,0.029932348488853264,0.17300967744277562,0.05622131386681818,0.23711034112163515,0.05322927726400483,0.23071470968276997,0.06213306732248322,0.24926505435476354,0.09082014432853903,0.30136380726381035
2025-08-21,0.4570527690526198,False,calm,0.5802061874384952,0.7147225129232294,0.5726100192448498,0.5726100192448498,0.5702202704637824,0.5756136639954633,0.5759833565548611,0.6045842227234726,0.5559159270810718,0.01335347807198963,0.11555725019222995,0.01414448464362827,0.11893058750224128,0.014056685809647973,0.1185608949428435,0.01280688337564549,0.11316750141116261,0.01516676446012646,0.12315341838587535
2025-08-22,0.7094888430281162,False,calm,0.5224561948732421,0.7577951126095018,0.5987595193442555,0.5987595193442555,0.5524891578506986,0.5626497431957975,0.5588378016019002,0.5267601195780712,0.47680238024856775,0.01226098312348519,0.11072932368386068,0.02269573628280345,0.150651041426216,0.021561721239565654,0.1468390998323187,0.024648901145808234,0.15699968517741758,0.034981211475824926,0.18703264815487408
2025-08-25,0.2850487498472789,False,calm,0.5881899156975849,0.6994703210458477,0.5632349206826116,0.5632349206826116,0.5341956045588957,0.5735220721073949,0.5747488200637335,0.5877718501401862,0.5386134369406451,0.0773875456440249,0.2781861708353327,0.08392613068341873,0.2897000702164546,0.08321685765578875,0.288473322260116,0.06207415521269149,0.2491468547116168,0.09189456643308275,0.30314116585030604
2025-08-26,0.3251655440943306,False,calm,0.48243452482749527,0.7529844942797537,0.5956150470163815,0.5956150470163815,0.49738776025936443,0.532807094579947,0.5272953031726086,0.44506394544094136,0.396364829190711,0.07314293363078438,0.27044950292205083,0.04085643950504271,0.20212975907827802,0.04311501348807078,0.2076415504856164,0.02966049174079563,0.1722222161650338,0.024733532300848512,0.15726898073316464
2025-08-27,0.2548970470932282,False,calm,0.417929082269201,0.6994152639191965,0.5632016069526442,0.5632016069526442,0.43409002293720855,0.4848699250579599,0.47773071683177826,0.46079492963054536,0.41165137518528216,0.09505170163010823,0.308304559859416,0.0496548443691492,0.22283366973855007,0.05288752459938138,0.2299728779647317,0.03211012259182133,0.17919297584398036,0.026579444493619635,0.1630320351759728
2025-08-28,0.42249279091734127,False,calm,0.3761614364198047,0.6523566428339059,0.5347275784149245,0.5347275784149245,0.4093362211513165,0.4453377179641541,0.43766167138383893,0.43626136496704654,0.38785225010978136,0.012596647524627658,0.1122347874975832,0.00023009493460689456,0.01516888046649767,0.0005218906917742011,0.022844927046812846,0.00017309532800827655,0.01315656976602475,0.002146594409576401,0.04633135449753656
2025-08-29,0.4592638677961382,False,calm,0.42312051856311866,0.6093864565050681,0.5087273624379011,0.5087273624379011,0.4154479373070774,0.4660428385889727,0.4617755588618998,0.5013888853166548,0.45154147202672307,0.0024466373021757035,0.04946349464176286,6.308592009826647e-06,0.002511691065761601,4.595444501010342e-05,0.0067789707928345155,0.0019198357646222073,0.043815930489060795,0.001306341693780014,0.03614334923301954
2025-09-02,0.555734951944392,False,calm,0.45046002513673344,0.7082923498846324,0.5685729160408024,0.5685729160408024,0.5019983996678056,0.5116715421871634,0.5057718854292239,0.5182458627665444,0.46829655822593175,0.00016481332214072144,0.01283796409641036,0.002496308015599115,0.04996306651516813,0.0019415840794334345,0.044063409757228666,0.0028876170505743102,0.05373655227658647,0.011082810214357875,0.1052749268076586
2025-09-03,0.39965757913017824,False,calm,0.5031460685601403,0.827037487556072,0.6404227144580555,0.6404227144580555,0.5849695384054269,0.5787602429814112,0.5719205784790944,0.5508160104487166,0.500992062190227,0.05796785038945107,0.2407651353278773,0.029674540944684684,0.17226299934891615,0.032077764198607736,0.1791026638512329,0.0343405222504314,0.18531195927524863,0.010709867444495374,0.10348848942996208
2025-09-04,0.4204087716278755,False,calm,0.46537131485346445,0.764983192160155,0.6028751676485352,0.6028751676485352,0.5254454566700636,0.5330865844259326,0.5262460557570404,0.4924608888842396,0.44271298342673227,0.03329398567676823,0.18246639602065973,0.011201530711837587,0.10583728412916493,0.012696289496954002,0.11267781279805711,0.011032705204651822,0.1050366850421881,0.0020216302933129555,0.04496254322558896
2025-09-05,0.8803180640350261,False,calm,0.45574715724786374,0.708026986522477,0.5684123511161909,0.5684123511161909,0.4773944465221154,0.5119009211417321,0.5062881966526074,0.49841270374500773,0.4485949712544894,0.09728517375140683,0.3119057129188352,0.13989834169410975,0.3740298673824187,0.13573119117765778,0.36841714289329397,0.16234744154969039,0.4029236175129107,0.1802604548900733,0.42457090678716236
2025-09-08,0.28386512817743154,False,calm,0.6475108807714035,0.7294768635248718,0.5813911506604827,0.5813911506604827,0.5816177166380773,0.6063910447076124,0.6095673879654586,0.6218996356278151,0.5738603703053814,0.08852173405458509,0.2975260224830512,0.10608196203102749,0.3257022597880271,0.1040229668336332,0.32252591653018087,0.08865660393501466,0.29775258846064573,0.13223823337963628,0.36364575259397197
2025-09-09,0.3746143227148983,False,calm,0.5002364419887894,0.6792399226867836,0.5509939980435611,0.5509939980435611,0.48002735281781556,0.5228765577715172,0.5204031632177288,0.44604424528039294,0.3973146620215083,0.03110978986904449,0.17637967532866278,0.02125438601515976,0.14578884050283053,0.021981690343984114,0.1482622350566189,0.011111906915478538,0.10541303010291725,0.01578091685086371,0.12562211927389105
2025-09-10,0.40298275861641863,False,calm,0.42417693513384935,0.6342106113849463,0.5237478555627064,0.5237478555627064,0.4108998289109177,0.47242190874075296,0.46747988367616744,0.48452874995139134,0.4348955333124374,0.014584208640446288,0.12076509694628779,0.0041598791409728775,0.0644971250597488,0.004821795569989839,0.06943915012433433,6.268000204803948e-05,0.007917070294499062,0.0004491931182520117,0.02119417651743072
2025-09-11,0.39268856145752246,False,calm,0.44980726943000016,0.5933734154002818,0.4990382602313792,0.4990382602313792,0.40526346970331817,0.47419810583302435,0.47174716261242394,0.4954366346480466,0.44565207454263095,0.011310258429290067,0.10634969877385675,0.00625026241656979,0.07905860115490149,0.006643805824301913,0.0815095443755019,0.000158128317390181,0.012574908245795713,0.0032625468004451874,0.0571187079724777
2025-09-12,0.23680740285760832,False,calm,0.44911209730005996,0.5537172963069801,0.47504330583797827,0.47504330583797827,0.3851008094426802,0.461907923598764,0.46061757343761833,0.4934527552000964,0.4436922452239111,0.056756345468872246,0.23823590298036995,0.050090992455053183,0.22381017058001001,0.05067024443793945,0.22510052074115566,0.021990934436605446,0.1482934065850719,0.045073283282302756,0.21230469444245165
2025-09-15,0.1373359294392104,False,calm,0.3592412708447844,0.5407143299635684,0.4671755267531159,0.4671755267531159,0.3578182834454097,0.40622350585401623,0.40100216950872924,0.43528567102119814,0.38691051615172467,0.10879415995619933,0.3298395973139055,0.06951988615239714,0.26366624006951883,0.07230052875022804,0.2688875764148058,0.048612468428114994,0.2204823540061993,0.049241980544324354,0.221905341405574
2025-09-16,0.23786787477116472,False,calm,0.28983236145208313,0.5075742205918764,0.4471232515646347,0.4471232515646347,0.30325591408920116,0.356921305257061,0.34936282273702357,0.4265278412308018,0.3784736753815977,0.043787812716977105,0.20925537679347,0.012431123421909572,0.11149494796585885,0.014173719310460138,0.11905343048589628,0.0042755956858570796,0.06538803931803644,0.0027003078760113467,0.05196448668091841
2025-09-17,0.7935252533864259,False,calm,0.30258282225819694,0.519373509288714,0.4542627145435779,0.4542627145435779,0.3235390777418966,0.3689029671402628,0.3615551790775089,0.43723755260378605,0.38879482264107446,0.11509907026209493,0.33926253884284796,0.18659814509845127,0.431970074308917,0.18030408597691844,0.42462228624616305,0.2208870052969703,0.46998617564452927,0.24102447068209581,0.49094243112822894
2025-09-18,0.4918239006723321,False,calm,0.5389211542133979,0.5273474257405398,0.45908753769755795,0.45908753769755795,0.45228256178651416,0.4900963268806687,0.4939626150704602,0.6115823065968936,0.5631529812258647,0.001071669460816165,0.03273636297477417,4.574099276760322e-06,0.002138714398128072,2.984511205642392e-06,0.0017275737916634393,0.0015635174808830991,0.039541338885817956,0.002218151291111436,0.04709725354106581
2025-09-19,0.4272891977928156,False,calm,0.5283931694101787,0.49578121499144867,0.43998759033470913,0.43998759033470913,0.43064737771225214,0.48109075567381776,0.48550555079439506,0.5350614093707832,0.48512343976811234,0.0001612491731480173,0.012698392541893533,0.0033891437568045095,0.05821635300157946,0.0028946076304228255,0.05380155788100216,1.127737237130683e-05,0.0033581799194365436,0.010222013076804556,0.10110397161736306
2025-09-22,0.3290812913298848,False,calm,0.4646376272533509,0.46694078529265776,0.4225369468746065,0.4225369468746065,0.3616669855689113,0.44323648054230635,0.44533743269107917,0.5083325618141193,0.45842951678320004,0.00873395955329368,0.09345565554472174,0.013515490404194013,0.11625614136119439,0.01303140722412377,0.11415518921242157,0.001061827469039326,0.03258569423902652,0.018375520208995588,0.1355563359234661
2025-09-23,0.46641602312361846,False,calm,0.4260585836030917,0.44077775439820044,0.4067063323954483,0.4067063323954483,0.3128159589250338,0.41696921625668437,0.4179242976490293,0.4696801033058805,0.4203276335545753,0.003565247166853731,0.05970969072817017,0.002351447439502922,0.04849172547458919,0.00244498670933588,0.04944680686693409,0.023592979721809338,0.15360006419858468,0.001628722924652977,0.04035743952052678
2025-09-24,0.41959417174786606,False,calm,0.46979861025252967,0.5490159295814735,0.4722213727602355,0.4722213727602355,0.3853809668362606,0.47111309343772456,0.470992206631037,0.5425555253616642,0.4926592576494841,0.00276962228639634,0.05262720101236945,0.002641757989851659,0.05139803488317096,0.0026541992920857726,0.0515189216898585,0.0011705433903235036,0.034213204911605455,0.00252048564556855,0.05020443850466361
2025-09-25,0.538109084741685,False,calm,0.45586248647595684,0.5936248749527537,0.49922954883647563,0.49922954883647563,0.4234952409324942,0.4782771293581036,0.4761111533659486,0.5168586863414799,0.46691350042713686,0.0015116183122044604,0.03887953590520932,0.0038437434948705123,0.06199793137573634,0.0035798628850228663,0.059831955383581326,0.013136333192717576,0.11461384380919076,0.00676450292628407,0.08224659826572811
2025-09-26,0.4290610862485953,False,calm,0.49412341079625455,0.6639676810469906,0.5418181121140351,0.5418181121140351,0.48211610202794075,0.5210758995482615,0.5187086581052258,0.5651044666875625,0.5154712500486086,0.012714146882019457,0.11275702586543979,0.008036687139789734,0.08964757185663053,0.00846672586657243,0.09201481329966621,0.002814834699346596,0.05305501577934546,0.004233106075544944,0.06506232454765926
2025-09-29,0.358843233966138,False,calm,0.4751915061105291,0.6186787503217447,0.5143982436291017,0.5143982436291017,0.4471878438297096,0.4957664674641319,0.4938077628779721,0.5247812660733695,0.4748228989628192,0.024197361031244733,0.1555550096629637,0.01821542406439331,0.13496452891183414,0.01874797187154616,0.1369232334979939,0.007804770091946676,0.08834460986357162,0.013536920430985304,0.11634827214439114
2025-09-30,0.44223567507929906,False,calm,0.4343613520517826,0.5793772606729904,0.49060342974911564,0.49060342974911564,0.3975893877232712,0.4622034214923456,0.4594036979622298,0.49503984526309996,0.44525997146145,0.0023394396917995634,0.048367754669816576,0.0002947410097088333,0.017168022882930734,0.00039871089681573337,0.01996774641304655,0.001993290974677015,0.04464628735602788,6.200496314167583e-05,0.00787432302751645
2025-10-01,0.45343944217722026,False,calm,0.4516061156383738,0.5433623580005991,0.4687984571220149,0.4687984571220149,0.3887731975153561,0.46074734277738083,0.4598885972768483,0.5317034417740683,0.48175413723345556,0.00023589934007442497,0.015359014944794636,4.1591601499057995e-05,0.006449155099628012,5.340541118182716e-05,0.007307900600160566,0.004181723198668075,0.06466624466186416,3.361086198038856e-06,0.0018333265388464914
2025-10-02,0.38418685146559606,False,calm,0.4708017323194663,0.5109239772074493,0.44915886482056677,0.44915886482056677,0.38204222980585684,0.4591872920224298,0.46026794351865197,0.5366405490227709,0.4867094806799491,0.004221362519398493,0.06497201335497071,0.005788332567985567,0.07608109205305591,0.005625066083719152,0.07500044055683375,4.599402063422611e-06,0.002144621659739221,0.00750213758533014,0.08661488085387026
2025-10-03,0.4712091260584031,False,calm,0.43955880444333784,0.48265491756631534,0.43204355904628977,0.43204355904628977,0.35603728100485116,0.4357788152071913,0.4361535389637452,0.5029761553270468,0.453114342870318,0.0015339416393803393,0.03916556701211332,0.0012288941865511449,0.03505558709465789,0.0012553069270134958,0.03543031085121179,0.013264553893039375,0.11517184505355194,0.0010017428583370671,0.03165032161506526
2025-10-06,0.32141728307784995,False,calm,0.46173882468074007,0.47022385939060574,0.42451726123249517,0.42451726123249517,0.35954517424137095,0.4413609270803902,0.4432166650568764,0.5474755951260479,0.4976190656155009,0.010629605495488323,0.10309997815464522,0.014835089450472794,0.12179938197902646,0.014386477736608113,0.11994364400254026,0.0014537360845773028,0.038127891163521,0.019690135037811623,0.14032154160289012
2025-10-07,0.4631774933836953,False,calm,0.4201395661111351,0.4443112130624902,0.4088286295285577,0.4088286295285577,0.3231768031185235,0.41474200565634817,0.4153019575149441,0.47719836596917886,0.42769301736185034,0.002953799002344282,0.0543488638551376,0.002292066934720083,0.04787553586875121,0.002345996471385994,0.048435487727347126,0.019600193274724575,0.1400006902651718,0.0018522631839181787,0.04303792727256017
2025-10-08,0.2988878801411221,False,calm,0.44503395693077125,0.5119386497968702,0.4497731912908908,0.4497731912908908,0.372504653757006,0.4476099214879877,0.44737348535119165,0.5435402348727723,0.493651134897958,0.022766377120762505,0.15088531114976866,0.02204797495460063,0.14848560521006954,0.022118245582378807,0.14872204134686562,0.005419429357612296,0.07361677361588387,0.021358675761006023,0.14614607678964914
2025-10-09,0.4472451571284465,False,calm,0.40215546376553557,0.4810504183642821,0.4310721261508912,0.4310721261508912,0.3396324433472959,0.4156684690373126,0.41424288635547457,0.46730860884624403,0.41800891226162074,0.0002615669310009631,0.01617303097755529,0.001089149876172556,0.03300227077297191,0.0009970872308047573,0.0315766880911339,0.011580496167343832,0.10761271378115056,0.0020330804475613322,0.04508969336291091
2025-10-10,1.3601112529561223,True,calm,0.43173824681831224,0.526878431978222,0.45881837862577,0.45881837862577,0.3771502363032229,0.4462438188276448,0.4448915589296206,0.5356536708339716,0.485718171714586,0.8123288453186682,0.9012928743303523,0.8376270883339634,0.9152196940265017,0.8351536871605674,0.9138674341284776,0.9662123602593017,0.9829610166528995,0.8618764385253544,0.9283730061378102
2025-10-13,0.526275479742592,False,crisis,0.8297265250474958,1.4046552297184283,1.1808330732107553,1.4046552297184283,1.0542949737544278,1.0623462416742446,1.1841543677582873,0.6625331194865213,0.6164726857978899,0.7715509851676126,0.8783797499758362,0.4328046312967677,0.6578788880156953,0.2873718617979826,0.5360707619316526,0.2788045860565151,0.5280194940118358,0.09208253689663874,0.30345104530490374
2025-10-14,1.2709683929987126,True,calm,0.6916811939928743,1.2699564058924357,0.9087097757618168,0.9087097757618168,0.8972605759147648,0.8143250149493706,0.8035531883335878,0.5651044666875625,0.5154712500486086,0.13123130576238776,0.3622586172368958,0.21847697355214046,0.46741520466512476,0.20852317471631424,0.45664337804934196,0.13965753254964933,0.37370781708394774,0.3355736589320297,0.5792871990058382
2025-10-15,1.1924355892172203,True,crisis,0.866031429246596,1.193667899824488,1.0149805012782551,1.193667899824488,0.9066652588450155,0.9644504772132733,1.0673950014955662,0.6607563687658171,0.6145944982675495,1.5185894327847484e-06,0.0012323106072678058,0.01563514857777666,0.12504058772165405,0.051977211295452255,0.227985112003947,0.08166468172103906,0.2857703303722048,0.10653967564612885,0.3264041599706242
2025-10-16,1.093705479525211,False,crisis,1.0082944316900577,1.090320981405285,0.9337417262781673,1.090320981405285,0.8981423507298119,0.9592991923188672,1.058398538023864,0.6571892877730007,0.6108279149586743,1.1454827523782813e-05,0.003384498119926027,0.0012465801181795353,0.035306941501346945,0.01806505004059419,0.13440628720634384,0.03824493734424588,0.19556312879539917,0.007295047092298845,0.0854110478351533
2025-10-17,0.6721359381831226,False,calm,0.9961198328374845,1.1449912514996092,0.8330504911688905,0.8330504911688905,0.8841482437705137,0.8902717512273198,0.8979023224038187,0.6490986014114161,0.602305187650008,0.025893493362609522,0.16091455298576796,0.05097046024408701,0.22576638422069617,0.047583232932452986,0.21813581304419727,0.04494921772048133,0.21201230558739115,0.1049655639954087,0.32398389465436195
2025-10-20,0.3680168924995411,False,calm,0.7957539065592305,1.0468147023956795,0.7736101815474109,0.7736101815474109,0.7438672656448335,0.782513626663969,0.7835959362652174,0.5979246891927307,0.5490481067446278,0.16450591612066884,0.4055932890478698,0.17270594161719388,0.4155790437656763,0.17180754263297637,0.41449673416442784,0.14126350299345553,0.3758503731452924,0.18295895319669891,0.4277370140596894
2025-10-21,0.3166649636906723,False,calm,0.6102038993831849,0.957716647034672,0.7196663828941943,0.7196663828941943,0.5846523521046719,0.6650437347298293,0.6595877241492395,0.500992062190227,0.45114840429404074,0.16241014388005284,0.40300141920352195,0.11759601964052384,0.3429227604585672,0.12136776811075332,0.34837877103915693,0.0718172403489559,0.2679873884139996,0.08616510676749302,0.29353893569251255
2025-10-22,0.8349771584541572,False,calm,0.4956434066647896,0.8963614121168195,0.6825192821486273,0.6825192821486273,0.52861773267013,0.5848202690847367,0.5755689137226097,0.47719836596917886,0.42769301736185034,0.023243404047592245,0.15245787630552987,0.06729263743470247,0.25940824473154755,0.06257846929898449,0.2501568893694205,0.09385609776671887,0.3063594257840272,0.11514739510344812,0.3393337517893676
2025-10-23,0.3927933469061719,False,calm,0.6575245452608662,0.9423999621603417,0.7097524891259434,0.7097524891259434,0.67089575633415,0.6902772450415638,0.6877794393832953,0.6271106491442439,0.5792855679057164,0.1004630978366933,0.31695914221977145,0.08701679475492202,0.29498609247712343,0.08849666964982825,0.29748389813539194,0.07734095012964676,0.2781024094279781,0.07008260738231252,0.26473119835469433
2025-10-24,0.2854361044860972,False,calm,0.5507589659484627,0.8678606431757487,0.6647560291678697,0.6647560291678697,0.6096224945761117,0.6086621601790454,0.6029736632952188,0.507935841462319,0.4580354604948017,0.14388360526058555,0.3793199246817725,0.10083010125445639,0.31753755880912166,0.10447508307882086,0.3232260556929482,0.10509681551959509,0.32418639009001454,0.07039622081457762,0.26532286146236556
2025-10-27,0.27026030741399254,False,calm,0.4206962975283465,0.8001050547565984,0.6238546409774547,0.6238546409774547,0.5078174706813785,0.5146312017666244,0.5046392885969543,0.4623728597285439,0.4131899760722145,0.12502895272818892,0.35359433356346215,0.05493350682036313,0.23437898118296174,0.05971713400670514,0.24437089435263182,0.05643340581964747,0.23755716326738596,0.022630987121685996,0.15043599011435393
2025-10-28,0.420016362891887,False,calm,0.391533965622096,0.7373663914954582,0.5859817735068454,0.5859817735068454,0.4595801542343871,0.4797175453307352,0.4701994257872635,0.4535077081501795,0.40455822578258677,0.027544517520591765,0.16596541061495845,0.002518339801561313,0.050183062895376496,0.0035642311845966368,0.0597011824388482,0.0015652935853928858,0.0395637913425001,0.0008112469542341955,0.02848239726979096
2025-10-29,0.6933994412194209,False,calm,0.44739505462671364,0.6867030768886786,0.5553983198598051,0.5553983198598051,0.4602244147546881,0.5034314992292079,0.4980366460095126,0.5188402821114438,0.4688894476801679,0.01904430949651139,0.13800112135961573,0.03816662175222857,0.1953627952099083,0.03608781898399691,0.18996794199021294,0.05437059296682882,0.23317502646473276,0.060518158222854154,0.24600438659270724
2025-10-30,0.5124908515715052,False,calm,0.5645984731144548,0.6461168491790538,0.5308980078786497,0.5308980078786497,0.5191507957244783,0.5442876968337812,0.5459299064603524,0.6026853379784917,0.553955754719607,0.00033882340331565,0.018407156307144512,0.0011181703918593385,0.03343905488884724,0.0010110393686331234,0.031796845262276,4.435485612072068e-05,0.006659944152973107,0.002715204222863262,0.05210762154294957
2025-10-31,0.541337607545106,False,calm,0.5509623368275882,0.8611762758097529,0.6607209390620524,0.6607209390620524,0.6258907052558738,0.6123441982402779,0.6068868315663014,0.5592441973847928,0.5095226579074725,0.014252379844085143,0.11938333151694647,0.004296700769780867,0.06554922402119545,0.005041935922151673,0.0710065906951719,0.007149226332486647,0.0845530977107678,9.263541376107145e-05,0.009624729282482258
2025-11-03,0.5687268267649516,False,calm,0.5443109392621033,0.7971180452881844,0.6220515006513717,0.6220515006513717,0.570387822035672,0.588394030625783,0.584538043356535,0.5670539365279792,0.5174532235881802,0.002843520845093059,0.05332467388642015,0.00024999457010596425,0.015811216591583466,0.00038679890770350263,0.019667203860831428,2.7589052893554984e-06,0.001660995270720389,0.0005961355625517432,0.024415887502848288
2025-11-04,0.5559747004283241,False,calm,0.5741011064845712,0.7407346103079075,0.5880150349450902,0.5880150349450902,0.5418883712302784,0.5821127472381445,0.5814249032869281,0.5758000536158003,0.5263644141292089,0.0010265830359462752,0.032040334516766134,0.0006477128255440952,0.025450202858604,0.0006831974910323655,0.02613804680982046,0.00019842467027571324,0.014086329198045644,0.00032856659651595363,0.018126406056247157
2025-11-05,0.6560645655404531,False,calm,0.581006199894458,0.9604992345188547,0.7206783091501164,0.7206783091501164,0.6595379175111998,0.6610229087269346,0.6541099675600777,0.5728896718099425,0.5233956017074907,0.004174935863255308,0.06461374360966332,3.820453264887787e-06,0.00195459798037545,2.458516715492725e-05,0.004958343186481473,1.2064173912690115e-05,0.0034733519707467186,0.005633758253447898,0.0750583656459951
2025-11-06,0.7103129986202634,False,calm,0.6146872645113126,0.8854483873815836,0.6753730597322926,0.6753730597322926,0.6406284062869259,0.6507408644673647,0.6477680053715541,0.5941027850878001,0.545115059294881,0.001220799329495139,0.03493993888797087,0.003911876180481095,0.06254499324870932,0.0035488391675309655,0.05957213415289875,0.004855942408663449,0.06968459233333757,0.009144281023875758,0.09562573410895081
2025-11-07,1.008456334410452,False,calm,0.6612773214304443,1.054110014533844,0.7771874612589403,0.7771874612589403,0.752099862670609,0.7316842268264929,0.7260540399668598,0.6074266280777911,0.558852906503789,0.05348529168877,0.23126887315151168,0.07975105590700536,0.2824022944435922,0.07660279953646662,0.2767721075839591,0.06571864060290092,0.256356471739843,0.12053326705377239,0.34717901298000775
2025-11-10,0.6382945614954638,False,calm,0.8028173933021832,0.9699945675192636,0.7264102688320904,0.7264102688320904,0.7676790450638336,0.7536374545684758,0.7572337929618962,0.6436564531748264,0.5965883503197295,0.0077643778794340215,0.08811570733662655,0.014146540781825576,0.11893923146643237,0.013303982982452264,0.11534289307301193,0.016740344588253738,0.12938448356836973,0.02706776218570206,0.16452283180671934
2025-11-11,0.4184221211675579,False,calm,0.7239494167436817,0.8865732386712449,0.6760520882866653,0.6760520882866653,0.6738778993065574,0.6958151391109112,0.698170166716833,0.5873871996434735,0.5382189541110496,0.06637319995779237,0.2576299671191074,0.07825896898863928,0.27974804554927507,0.07694688640372153,0.2773930179433533,0.06525765458460174,0.2554557781389995,0.09334692834206014,0.30552729557612385
2025-11-12,0.39492593894465067,False,calm,0.5730338369388284,0.8203739121538878,0.6360901542970967,0.6360901542970967,0.5482630511663498,0.6055000567211438,0.6023511522616503,0.5148765602318877,0.46493859062921683,0.05816017876656097,0.24116421535244603,0.04302521911960278,0.2074252133169996,0.04434145907734841,0.21057411777649315,0.023512269984489943,0.1533371122216991,0.03172242332790441,0.1781078979941777
2025-11-13,0.7525806577245447,False,calm,0.5153830126894058,0.7645997983990404,0.6024215118885744,0.6024215118885744,0.49359321121646954,0.5595929860197528,0.5552497317508734,0.507935841462319,0.4580354604948017,0.022547769078188208,0.15015914583597034,0.03893949434562654,0.1973309259736713,0.037244241430036545,0.19298767170479192,0.06707449744877311,0.2589874465080752,0.056262722810215784,0.23719764503513896
2025-11-14,1.1584498661942904,True,calm,0.6383843133288711,1.1069613909717455,0.8090917619154657,0.8090917619154657,0.7542482370252218,0.7430432548718824,0.7347852556091332,0.6130894838482753,0.5647143289788018,0.1220510850252941,0.34935810427882463,0.17949170226227285,0.42366461058515714,0.17256265273036614,0.41540661132240797,0.1633789570229292,0.40420162916906854,0.27046817927721417,0.5200655528654192
2025-11-17,1.162680405923115,True,calm,0.8489017108192201,1.0321404004228918,0.7639252678943602,0.7639252678943602,0.8388774732838602,0.7933607370212581,0.7973169262993587,0.653604362412227,0.6070480564298866,0.15900566010433131,0.39875513802875484,0.13349047224277905,0.36536347962375637,0.13639701783777725,0.36931966890185697,0.10484833918578182,0.32380293263925486,0.0984570695011031,0.313778695103895
2025-11-18,0.9730142579387449,False,calm,0.9424254433571241,1.1477338613479673,0.8337045012813112,0.8337045012813112,0.9366643712312691,0.8712673422277214,0.8763237364393948,0.6545022492518787,0.6079942433872173,0.01940720829995337,0.13930975665743361,0.009349056947816282,0.09669052149935009,0.010352434856706111,0.10174691571102346,0.0013213142636463217,0.03634988670747574,0.0009356755775087756,0.03058881458162077
2025-11-19,0.8994687094203027,False,calm,0.9035841332591255,1.227913509579614,0.8821058065287263,0.8821058065287263,0.9267810765114599,0.8898574904674901,0.8908731708697528,0.6390927451628512,0.5918041265003304,0.00030147039682231147,0.01736290289157638,7.388328297398848e-05,0.008595538550549842,9.237552975890381e-05,0.009611218952812584,0.0007459653961221297,0.027312367091157252,1.693671337315096e-05,0.004115423838822796
2025-11-20,1.6451932054578813,True,calm,0.8732631402796402,1.121695646215765,0.8179862532407299,0.8179862532407299,0.8198565766222256,0.8383936568970309,0.8410284734888211,0.6308148893779794,0.5831490975265783,0.6842713417963885,0.8272069522171513,0.6466809161428704,0.8041647319690601,0.6509255115579919,0.8067995485608503,0.6811805508978049,0.8253366288356557,0.5958760255260834,0.771930065178241
2025-11-21,1.424041196017135,True,crisis,1.1788326071611055,1.3574317665550757,1.1449096199900917,1.3574317665550757,1.0875375530759555,1.1560288148634026,1.290767736291789,0.6722224131602454,0.6267393951377292,0.004436816093261065,0.06660942946205939,0.01776181506716342,0.133273459725346,0.07183063645169359,0.2680123811537325,0.1132347017126849,0.3365036429411796,0.06012725204876536,0.24520858885602959
2025-11-24,0.7008171706691849,False,crisis,1.2371787740662474,1.232318033925817,1.0464955369839655,1.232318033925817,1.049632121267627,1.1105068905169844,1.234173148017867,0.664305292313675,0.618347404211243,0.2824931676425452,0.5315008632566322,0.28446859857356793,0.5333559773486821,0.1678456665489684,0.40968971984779945,0.12167186976099355,0.34881495059844203,0.28768376959866776,0.5363616033970625
2025-11-25,1.0870110335835113,False,calm,0.9221078030686435,1.1191034253142667,0.8171595342297069,0.8171595342297069,0.815690466350402,0.8595570403273214,0.8646924608983945,0.5960151933265168,0.5470823178452232,0.07281983170349628,0.26985149935380437,0.049425547760747555,0.2223185726851168,0.051735319048186866,0.22745399325618987,0.07361485020369617,0.27132056723310927,0.027193075434239617,0.16490323051486777
2025-11-26,0.4832746562562409,False,calm,0.9522357777031764,1.022661466624078,0.7587785389809896,0.7587785389809896,0.7649589774234312,0.8275397991740996,0.8366367539576998,0.6445661033555109,0.5975430255751862,0.07590238939641207,0.2755038827247487,0.12486477209197537,0.3533620977014589,0.11851848862825368,0.3442651429178587,0.07934605679142083,0.28168432116719033,0.21992453342876736,0.46896112144693547
2025-11-28,0.2342084964213433,False,calm,0.7804128358622848,0.9388858379257666,0.7080650876220638,0.7080650876220638,0.6407264098316381,0.7409465151486079,0.7445547573823095,0.5455086256815397,0.4956350315273581,0.22454006902436668,0.47385659120072043,0.26045330607683853,0.5103462609609661,0.2567834196236335,0.5067380187272645,0.1652568139234599,0.40651791341029475,0.2983391804241152,0.5462043394409415
2025-12-01,0.42069646625205154,False,calm,0.5240588742002414,0.8653873277543962,0.663572874571033,0.663572874571033,0.5111729019764053,0.5862335778932262,0.5794368130979874,0.44565207454263095,0.396934635596184,0.0589889497179286,0.24287640831898144,0.025198497716768034,0.1587403468459359,0.027402535330502714,0.16553711164117463,0.008185985421383117,0.09047643572435377,0.010683787376848032,0.1033624079481899
2025-12-02,0.4644615293031445,False,calm,0.5002839761551499,0.9026798731630155,0.6861478610798322,0.6861478610798322,0.5680549816947223,0.5963493395556452,0.5870663332683199,0.5168586863414799,0.46691350042713686,0.049144829696603644,0.22168633177668767,0.015031937955339095,0.12260480396517542,0.017394394493199624,0.13188781025250068,0.010731603378406108,0.10359345239157786,0.0012832476984647489,0.03582244685200536
2025-12-03,0.4485257033128927,False,calm,0.5346164072497963,0.835573757037963,0.645525274190635,0.645525274190635,0.5674978729740641,0.5942440242139468,0.5887067608331347,0.5376271402714562,0.4877008942142691,0.03880883092601461,0.19699957087774228,0.019650728887493384,0.14018105752024196,0.02123382904622259,0.14571832090105413,0.014154377153886542,0.11897216966117136,0.0074116093043515895,0.0860907039369036
2025-12-04,0.40874595764987426,False,calm,0.5047403381888784,0.7745559892944635,0.6085882598754851,0.6085882598754851,0.5506786783270733,0.5596486943883411,0.5544609151563695,0.5287381327203218,0.47878259054175626,0.0399369457588324,0.1998423022256109,0.02123284884111972,0.14571495750649527,0.022771635955159027,0.15090273673846683,0.0201448971988318,0.14193272067719903,0.00921492109506714,0.09599438053900416
2025-12-05,0.39193858476093074,False,calm,0.48346999399765633,0.7217818709350395,0.5766415263681925,0.5766415263681925,0.512572165113133,0.5307951546926183,0.5261458597320012,0.507935841462319,0.4580354604948017,0.034115176638375565,0.1847029416072618,0.018011592655160523,0.1342072749710705,0.019281147013193632,0.13885656993168755,0.014552460708591232,0.12063358035220223,0.008377998876860936,0.09153140923672559
2025-12-08,0.45002176525462073,False,calm,0.47771130983453913,0.6735909614807765,0.547469231507212,0.547469231507212,0.47369094008112467,0.5125902706708756,0.5091139545897155,0.5,0.45016600268752216,0.009496008679049924,0.09744746625259132,0.003491886840414692,0.0590921893350948,0.003914817870023914,0.06256850541625486,0.0005602298369676076,0.023669174826503936,0.0007667108790432886,0.0276895445799184
2025-12-09,0.2892890546211958,False,calm,0.4960335099066903,0.7011850467358787,0.5641732696877919,0.5641732696877919,0.498467915145627,0.5320615992573613,0.5286576406135791,0.5287381327203218,0.47878259054175626,0.07556133169277866,0.2748842150665961,0.057297319959993,0.2393685859923833,0.05893850842911896,0.2427725446361655,0.043755795690299436,0.2091788605244312,0.04274326979129584,0.2067444552854945
2025-12-10,0.6468307699925089,False,calm,0.4373197028838991,0.6842879795165984,0.5539446553539105,0.5539446553539105,0.46367443756548343,0.4911288888709982,0.4853957912681006,0.4613865630593547,0.4122281498598137,0.008627830292654848,0.09288611463859842,0.026061252355750148,0.16143497872440826,0.02424307578477704,0.15570188112151068,0.03354624210811905,0.18315633242702545,0.04389488724098839,0.20951106710860978
2025-12-11,0.6325982864527101,False,calm,0.546543386673362,0.6366035397867218,0.5250789511820304,0.5250789511820304,0.4920797629114208,0.5340388460575799,0.5350967458357638,0.5825702064623147,0.5332840382511314,0.011560407457048826,0.1075193352706797,0.009506550422678024,0.09750154061694627,0.009713963291001224,0.0985594403951302,0.019745455458223874,0.1405185235412893,0.007405445776033646,0.0860548997793481
2025-12-12,0.8180983010038887,False,calm,0.6104226783252491,0.5965268780707241,0.500818604036425,0.500818604036425,0.5019302235263993,0.5469942319446279,0.5524058042299502,0.5787051876691838,0.5293313635624088,0.1006664061077656,0.3172796969674637,0.0705925028419693,0.26569249677393847,0.07349741626048843,0.27110406905926077,0.09996225321581176,0.31616807747748943,0.04312916425496068,0.2076756226786396
2025-12-15,0.49719409650582175,False,calm,0.6971182507333065,0.813362274394604,0.6320795864393675,0.6320795864393675,0.6507810912863418,0.6568774030151685,0.6600099388955591,0.6187219272565543,0.5705577173300813,0.018194095394612662,0.1348854899335457,0.02650899853307981,0.1628158423897374,0.025498758377757984,0.15968330650934676,0.023588964965711483,0.15358699478052001,0.039969667443575094,0.19992415422748472
2025-12-16,0.6353136433172045,False,calm,0.615459605820969,0.7968632383692557,0.622091919692588,0.622091919692588,0.5913749879913084,0.6190775902461645,0.6187468129158282,0.5455086256815397,0.4956350315273581,0.00017481397560574176,0.013221723624616488,0.0002744598695479659,0.016566830401376298,0.00026360941932562857,0.016236053071040035,0.001930605431847901,0.04393865532589614,0.0003941828049019247,0.019854037496235488
2025-12-17,0.569837974122362,False,calm,0.6286453463643236,0.8056106006686464,0.6273871223593034,0.6273871223593034,0.5815362856329009,0.6279184232933053,0.6279805730217702,0.5777374045622353,0.528342600284969,0.0033119044627974497,0.05754914823694135,0.003380561806777464,0.058142598899408204,0.003373338575898521,0.05808044917094324,0.00013685049219760705,0.011698311510538906,0.0034583070300046276,0.05880737224196153
2025-12-18,0.6003366271917594,False,calm,0.6208313947118432,0.9924512020606702,0.7404908005744673,0.7404908005744673,0.685785919372451,0.6885681262317302,0.6826309668664894,0.5660794572024928,0.5164623015560993,0.019643192316590136,0.14015417338270786,0.006772358342499838,0.08229433967472999,0.007784797422840377,0.08823149903997085,0.007301581534181209,0.08544929218069164,0.0004200354957022833,0.020494767520083834
2025-12-19,0.3121142542675307,False,calm,0.6164765821483049,0.9116221609452799,0.6915610615956587,0.6915610615956587,0.6400690904380771,0.659272800866789,0.6555524325088211,0.5699742348016287,0.5204251351028503,0.14397987959150946,0.37944680732812797,0.11794978227369636,0.3434381782412904,0.12051905647690937,0.34715854659925827,0.10755437456764995,0.32795483617054644,0.09263642663300391,0.3043623278807742
2025-12-22,0.4871924861480319,False,calm,0.49045562836773254,0.8386681046003703,0.6473984328530291,0.6473984328530291,0.5508104030435029,0.5639514035465223,0.5562106789749821,0.46829655822593175,0.41897461194794666,0.025665945359644407,0.16020594670499722,0.004763510941098081,0.06901819282695021,0.005891931400188271,0.07675891739849039,0.004047239350119058,0.06361791689547103,1.0648097145992841e-05,0.0032631422197006432
2025-12-23,0.2553071299245764,False,calm,0.5029234011447926,0.7743238269066067,0.6086702434056881,0.6086702434056881,0.5207796904282237,0.560088570138124,0.5548108053348294,0.5405851160292348,0.49067568431047476,0.12486548996906503,0.3533631134811117,0.0897024515842502,0.299503675410253,0.09289172629864428,0.3047814402135476,0.07047568038036268,0.2654725605036473,0.06131381777300369,0.24761627122021623
2025-12-24,0.22041998578343963,False,calm,0.42267210463144256,0.7187624701632551,0.5750431257416987,0.5750431257416987,0.46475209923719785,0.4908754452039098,0.48344315359798884,0.44761359525913463,0.39883600256621116,0.125757571393855,0.35462313995825906,0.06918118680720052,0.2630231678145492,0.07314615553033758,0.27045545942047017,0.05969818166478018,0.24433211345375822,0.0409059195785067,0.20225211884800293
2025-12-26,0.24294651613143828,False,calm,0.34912223450058033,0.6696136140219697,0.5452970132385828,0.5452970132385828,0.4092543356091759,0.4355874065561093,0.42606098798978254,0.44075580261520725,0.39219492935917266,0.09141582310093743,0.30235049710714457,0.033530909803960354,0.18311447185834426,0.0371105126636101,0.192640890424671,0.027658290819439765,0.16630781947773762,0.01127328317120337,0.10617571836914205
2025-12-29,0.3206425813040567,False,calm,0.33199849114504165,0.6416990168460736,0.5284024034090803,0.5284024034090803,0.4025106076207324,0.41991155243650763,0.41033144240079567,0.44761359525913463,0.39883600256621116,0.043164143681111045,0.20775982210502358,0.008044091804830135,0.08968886109673896,0.009854328629695375,0.09926897113245092,0.0067023737329879,0.08186802631667567,0.00012895668831657873,0.011355909840984946
2025-12-30,0.1996979509976456,False,calm,0.3597559982503745,0.6842038381857435,0.5541273804840319,0.5541273804840319,0.4433412052235237,0.45193258451434315,0.4423213867520482,0.4742292059906305,0.4247816090664022,0.12562022048604526,0.3544294294863863,0.058866131577270726,0.2426234357544026,0.06362231034530273,0.25223463351669756,0.05936203532977588,0.24364325422587813,0.025618578490356807,0.16005804725272893
2025-12-31,0.3405662448276536,False,calm,0.3138368426478402,0.6758124103497467,0.5490486792472463,0.5490486792472463,0.42723604824660516,0.41750782447280843,0.40608573228738554,0.44075580261520725,0.39219492935917266,0.04346492546151979,0.20848243441959274,0.004292803236985974,0.06551948745973196,0.005920006678291708,0.07694157964515486,0.007511654824679712,0.08666980341895159,0.0007144609408902133,0.0267294021798134
2026-01-02,0.6920962668402838,False,calm,0.3492506340688297,0.797783157379222,0.6228684148032115,0.6228684148032115,0.5097959747368299,0.48144668809316793,0.46787233916010607,0.48314131365852014,0.43353068931740957,0.004792495497666771,0.06922785203707227,0.050276369744325575,0.22422392768017774,0.04437324502633737,0.21064957874711587,0.03323339650100461,0.1823002921034539,0.11754312791045875,0.3428456327714541
2026-01-05,0.2947852155755351,False,calm,0.5222167314197554,0.7416688947713209,0.5889066647318423,0.5889066647318423,0.5613817128201315,0.562092289067669,0.5588327130436822,0.5979246891927307,0.5490481067446278,0.08650742685380618,0.29412144915630717,0.06972108091919114,0.2640474974681471,0.07145307153892905,0.26730707349213384,0.0710736923430881,0.2665964972445964,0.051725094399199846,0.22743151584422033
2026-01-06,0.30698010925507185,False,calm,0.4386557039801573,0.6880270475066123,0.5564412820376021,0.5564412820376021,0.4825268846360029,0.49334900477983046,0.4875503360979836,0.46434632916602836,0.4151156102827803,0.062230876726035424,0.24946117278253027,0.032605606822100605,0.18057022684291174,0.034733365219118385,0.1863688955247586,0.030816670346643062,0.17554677538093105,0.017338462246204948,0.13167559472508544
2026-01-07,0.41219700800651343,False,calm,0.376770847528823,0.6402814520150708,0.5275444578483076,0.5275444578483076,0.4139283877516962,0.4473776103127355,0.43994116240441994,0.46829655822593175,0.41897461194794666,0.013305034185005225,0.11534744984179418,0.000769738103254875,0.027744154397906506,0.0012376747786285564,0.03518060230622205,2.997675822029194e-06,0.0017313797451827817,0.0012550128461910753,0.03542616047769043
2026-01-08,0.31511543969357025,False,calm,0.4266207010082698,0.6759647108700342,0.5491408553173818,0.5491408553173818,0.45287693411532765,0.4890960964077945,0.4829807386164796,0.5099193332870156,0.46000625714212173,0.05476789515789773,0.23402541562381152,0.028178758582477714,0.16786529892290936,0.030269268910712743,0.17398065671422425,0.018978229345315893,0.1377614944217574,0.012433423300859435,0.11150526131469957
2026-01-09,0.5447185494283698,False,calm,0.4073487544586336,0.6474175074856177,0.5318633764462332,0.5318633764462332,0.4281524672461525,0.4666436704068574,0.4604818806150397,0.47620845649861887,0.42672198098708186,0.00016525547240065676,0.012855172982136676,0.007095816372766667,0.08423666881333014,0.006095686734223804,0.07807487902151244,0.01358765151531144,0.11656608218221731,0.018870460570027368,0.13736979496973623
2026-01-12,0.385466150419563,False,calm,0.46733969973356543,0.6032094870256465,0.505107580820753,0.505107580820753,0.4472570140438393,0.48879290981675283,0.4869202313920393,0.5680278973994424,0.5184440083697582,0.014314071868442794,0.11964143040119002,0.010292930545969782,0.10145408097247632,0.010676419207524756,0.10332675939718983,0.0038181108274339083,0.06179086362427627,0.006703278077272387,0.08187354931400243
2026-01-13,0.457988847839404,False,calm,0.4525439520976161,0.5667593710937853,0.48304706233902217,0.48304706233902217,0.416182749417377,0.4678560289447699,0.46633535953404226,0.5019841165694838,0.452131186861896,0.0006279141139088731,0.025058214499618148,6.966425746873285e-05,0.008346511694638237,9.736126296608953e-05,0.009867181105365885,0.0017477498652722116,0.04180609842202704,2.964688963894016e-05,0.005444895741787914
2026-01-14,0.5801794578116879,False,calm,0.45871690877191423,0.5854454892306156,0.49435636668471905,0.49435636668471905,0.42018412103045244,0.4779127996890315,0.4761336411553614,0.5386134369406452,0.4886924045269945,0.007365602970587998,0.08582309112696884,0.01082553196368191,0.1040458166563265,0.010458469363576283,0.1022666581226564,0.025598507791740954,0.15999533678123545,0.01475315081923942,0.12146254903977366
2026-01-15,0.37397028571478597,False,calm,0.5220740119732177,0.6630989323482146,0.5413541655468188,0.5413541655468188,0.49372951531932796,0.5332315368653192,0.5322796019540246,0.5787051876691838,0.5293313635624088,0.028017363227624412,0.16738387983203284,0.025061839608135256,0.1583093162392386,0.025364146118033226,0.15926125115053325,0.014342273075473408,0.119759229604542,0.021934713731632475,0.1481037262584317
2026-01-16,0.3840999392661345,False,calm,0.4684482896113624,0.620051229230031,0.5153006228911517,0.5153006228911517,0.43590822232706666,0.49173501642998185,0.4894016443869055,0.49702384467295324,0.44722115866493395,0.017213619383671868,0.13120068362501724,0.011088449101341803,0.10530170512077097,0.011585309836067374,0.10763507716384735,0.00268409819372167,0.05180828306093216,0.00711464420596131,0.08434835034522792
2026-01-20,0.7731576697439213,False,calm,0.4301692131137229,0.6108438692870468,0.5097280992105726,0.5097280992105726,0.41337599655916024,0.470027583524941,0.466062077623728,0.500992062190227,0.45114840429404074,0.06939513863138454,0.2634295705333487,0.09430770269965215,0.30709559212019333,0.09188784917112643,0.3031300862189803,0.12944285235962621,0.35978167318476106,0.11764108138156548,0.3429884566301984
2026-01-21,0.9648457345509497,False,calm,0.5905313477730136,1.1224385712658431,0.8193579615478188,0.8193579615478188,0.7723071130998018,0.731682565910313,0.7206449113299633,0.6168479085925308,0.5686120220482661,0.021166692093410537,0.14548777300313087,0.059634042061807425,0.24420082322098635,0.054365063210541985,0.2331631686406367,0.03707112075030842,0.19253862145114786,0.14011126014894232,0.37431438677793605
2026-01-22,0.424872984831764,False,calm,0.7490317619423346,1.0237757864568697,0.7596447855511723,0.7596447855511723,0.792875781757147,0.7557950189671501,0.7552922306860594,0.6372601507438076,0.5898855005383714,0.11207215855691524,0.3347718007194083,0.10917687803092134,0.33041924585429544,0.10950939267630162,0.33092203413538607,0.1354260585449047,0.368002796925383,0.10507891277782057,0.32415877711057056
2026-01-23,0.37758232447118556,False,calm,0.5783425960479519,0.9406917979819461,0.7093602853121801,0.7093602853121801,0.6534024926930697,0.6469685537336463,0.6404231599001371,0.5237915435013811,0.47383345104633146,0.1100766152998085,0.33177796084099453,0.06908530476898918,0.26284083542895154,0.07256894051624703,0.2693862292624607,0.07607676519794847,0.27582016822188415,0.040304686643576976,0.20076027157676635
2026-01-26,0.3801735379493003,False,calm,0.4737543745191469,0.8753684619861823,0.6690256793908351,0.6690256793908351,0.5456653302307816,0.5685624834548505,0.5612754366208086,0.4855199231551278,0.44820237238221594,0.08343555961536044,0.2888521414415348,0.03279789770242525,0.18110189867150828,0.03549039478869316,0.1883889455055502,0.02738753331253694,0.16549179228148125,0.008757372973112342,0.09358083656984661
2026-01-27,0.2774037734271344,False,calm,0.46623265713597306,0.8088402368411095,0.6288232607482738,0.6288232607482738,0.5041861590083222,0.5453348084782678,0.5392657531300976,0.4865112102721187,0.4491839895512833,0.12349565606905244,0.35141948732113937,0.06857169641395512,0.2618619797029632,0.07178703954357166,0.26793103505113336,0.05143025040989453,0.2267823855811878,0.035656347322726115,0.18882888370883866
2026-01-28,0.3686088157618515,False,calm,0.40624230979639125,0.7501745048357888,0.5933720772407143,0.5933720772407143,0.4616663750538636,0.4891603771245696,0.48230522655469243,0.44310463514496207,0.40647149727758985,0.05051852371061564,0.22476326147886277,0.012926873827174435,0.11369641079284093,0.014532678946989189,0.12055156136271811,0.008659709341386346,0.0930575592920121,0.001416279873247739,0.03763349403453975
2026-01-29,1.2338788627259927,True,calm,0.3945704918260763,0.7142759347747349,0.5716788885359696,0.5716788885359696,0.4652813452795227,0.47985810142975116,0.4732562125976941,0.4815559916302417,0.44428001288107444,0.43850880581726726,0.6621999741900231,0.5785468158881961,0.7606226501282985,0.5685473084657636,0.7540207612962415,0.5907421438248768,0.76859751744647,0.7044385414626716,0.8393083708999164
2026-01-30,0.7257072711514351,False,crisis,0.7636440869472116,0.7175513438752706,0.6421037177930419,0.7175513438752706,0.6509654433403269,0.6850384611642171,0.7354458916688666,0.6467449978145616,0.6117708211536378,6.651914973408297e-05,0.008155927276164432,9.48407295825392e-05,0.009738620517431573,0.0016539521057764427,0.040668809987218,0.005586340824545342,0.07474182781110816,0.0014392019927226825,0.03793681579577657
2026-02-02,0.5595721515380991,False,calm,0.7408090096625088,0.7400534604278335,0.587256019529851,0.587256019529851,0.6414260042062199,0.6492304167635431,0.6548452863214262,0.5963973272018275,0.5598309955854108,0.000766396546984741,0.02768386799175182,0.009076970211442013,0.09527313478332711,0.008038604523236053,0.08965826522544396,0.006700053196614415,0.08185385266812073,0.03284679874280741,0.1812368581244097
2026-02-03,1.1808020934296746,True,calm,0.6092744150850473,0.6877476951030522,0.5556481076936194,0.5556481076936194,0.5154474122914247,0.5793156905487007,0.5813128292665719,0.5586572336161915,0.5214154615267241,0.3908175058816759,0.6251539857360552,0.3593873778468183,0.5994892641631027,0.36178589285069324,0.6014864028809739,0.4426968517125822,0.6653546811382499,0.3266438871139997,0.5715276783446273
2026-02-04,0.9245469936460023,False,calm,0.8527631778905493,0.8321398802156721,0.6429030293746568,0.6429030293746568,0.6932239143557632,0.7177999832312759,0.7251694156765003,0.6431101646201912,0.6079942433872173,0.07932332261047896,0.2816439642713455,0.039751418596984875,0.19937757796950206,0.042744326315426996,0.20674701041472643,0.05351036701231825,0.2313230792902391,0.005152916204412823,0.071783815755453
2026-02-05,0.7636136921222774,False,calm,0.8896015244345035,0.8790827315673853,0.6712701796811891,0.6712701796811891,0.7196551263176559,0.7540251633666774,0.7618608607637452,0.6209660881309071,0.5850770708854859,0.008527324289957429,0.0923435124410883,3.0724177714538875e-06,0.0017528313585322142,9.193988369696832e-05,0.009588528755600012,0.0019323555075992326,0.04395856580462143,0.015872933890733604,0.1259878323122261
2026-02-06,0.8392875042432042,False,calm,0.770387388480641,1.089491816080708,0.7984185303753027,0.7984185303753027,0.7835052704974296,0.7872653613368852,0.7862443117382376,0.6021150661528483,0.5656895219319085,0.0016702730250152114,0.04086897386790145,0.0028135802711189433,0.053043192504966585,0.0027063033525654774,0.05202214290631901,0.0031116576016682372,0.05578223374577462,0.004747225952094605,0.06890011576256316
2026-02-09,0.6528158783594714,False,calm,0.7797188145533637,0.9889319566106126,0.7376510957979003,0.7376510957979003,0.7254401280667172,0.753911701871979,0.7554310119266348,0.6134659412220482,0.5773501236877682,0.007197014117825515,0.08483521743842892,0.010529865637006773,0.10261513356716334,0.010220365531672078,0.10109582351250757,0.005274281645540391,0.07262424970724579,0.016104355214631088,0.12690293619389226
2026-02-10,0.42758994119108756,False,calm,0.7309261266467242,0.910168046321748,0.6900547607317965,0.6900547607317965,0.6479768839841887,0.7073765478251935,0.7088880789124699,0.576187712212708,0.5392050703694546,0.0688877814965369,0.26246481954070894,0.07912864228551776,0.2812981377213823,0.07828054525182795,0.279786606634106,0.04857040455368965,0.22038694279310117,0.09201284140677637,0.3033361854556366
2026-02-11,0.7085662368108094,False,calm,0.5845281365061156,0.9044841744567585,0.6866200471838445,0.6866200471838445,0.5927519987534335,0.6369309463562633,0.6331047483096361,0.5132905193200508,0.4758125446085656,0.00048163523914270304,0.02194618962696493,0.005694436246812709,0.07546148850117329,0.005131614838507182,0.07163529045454609,0.013412937736810536,0.1158142380573759,0.015385450327197297,0.12403810030469387
2026-02-12,0.9988099971204706,False,calm,0.6392608057303704,0.8545520609245867,0.6564465121533982,0.6564465121533982,0.6075158838457255,0.6494115996446654,0.6487809267023283,0.5906532827008858,0.553955754719607,0.11721275583879878,0.34236348496707236,0.12252035013778878,0.35002907041814224,0.12207924015866072,0.34939839747580514,0.15311108308346902,0.39129411327474506,0.12927562102927492,0.3595491913901002
2026-02-13,0.9083787905749813,False,calm,0.803522542505629,1.14374666442336,0.8312042558580381,0.8312042558580381,0.8578476294331792,0.8208923125362959,0.8199046946961841,0.627481753370414,0.5918041265003304,0.005955908808776661,0.07717453471694313,0.007827665641570596,0.08847409587879718,0.007653883839613377,0.08748647803868537,0.002553398246338772,0.05053116114180212,0.010994832759181533,0.10485624806935223
2026-02-17,0.9193817968467284,False,calm,0.8239915327539827,1.050372620874363,0.7747791463512117,0.7747791463512117,0.8188088086072932,0.7935243259664502,0.7952933740360775,0.6190963091726249,0.5831490975265783,0.02090992653032855,0.14460265049551668,0.01539793667563487,0.12408842281065091,0.01584010297638008,0.1258574708802782,0.010114925963409564,0.10057298823943517,0.00909930248368376,0.09539026409274565
2026-02-18,0.618060847899985,False,calm,0.8278422182558991,0.967065769178897,0.7244375519324264,0.7244375519324264,0.7597114117837181,0.7638247709838104,0.767541880409329,0.6190963091726249,0.5831490975265783,0.011316003160805629,0.10637670403244137,0.02234457908005955,0.14948103250934397,0.021247121272787352,0.14576392308382535,0.020064882248579552,0.1416505638837331,0.04400822334840517,0.20978137035591404
2026-02-19,0.4751947296749708,False,calm,0.7320405676345815,0.8905710544059918,0.6782124716670556,0.6782124716670556,0.6485631325997803,0.7016535723447106,0.7036541266607325,0.5645192300356124,0.5273536145691338,0.0412162035635647,0.20301774199208478,0.052193696071097855,0.22845939698576168,0.051283607423317966,0.2264588426697398,0.03005660313269909,0.17336840292480948,0.0659697844771746,0.2568458379596107
2026-02-20,0.5677780017354249,False,calm,0.6212432783452541,0.8871153119044828,0.676124197006735,0.676124197006735,0.5871370144008771,0.6502826180034114,0.6482264390288321,0.5291336290720469,0.49166743818588077,0.011738898029768852,0.10834619527131006,0.0064719510629512745,0.08044843729340723,0.006807011705527693,0.08250461626798644,0.00037477137138113665,0.019359012665452147,0.0028585358029655427,0.05346527660982914
2026-02-23,0.8626327591878689,False,calm,0.6095186500801927,0.8177343762754551,0.6341979106239493,0.6341979106239493,0.5632386891309,0.6232334084316737,0.6223134648400994,0.5557199871189256,0.5184440083697582,0.05218248003842088,0.2284348485639196,0.057753363235809846,0.24031929434776944,0.05731204914248774,0.23939935075619512,0.08963680918527717,0.29939407005696883,0.0640667522293726,0.2531141091076762
2026-02-24,0.7070825483641301,False,calm,0.7275119726064107,0.9838266894697788,0.7345660279724721,0.7345660279724721,0.7307061889973329,0.7318194555713777,0.7315641219246198,0.610639233949222,0.574442516811659,0.0007553416513821486,0.027483479608341965,0.0005993474439976705,0.024481573560489744,0.0006119145781799801,0.024736907207247638,0.0005580763967667089,0.02362364063320277,0.00041736137487108057,0.02042942424228056
2026-02-25,0.25027462937841033,False,calm,0.7110687541573935,0.9031876665462137,0.6870502345164768,0.6870502345164768,0.6920061110534951,0.6967533515301958,0.6979286467610297,0.5960151933265168,0.5470823178452232,0.1907729292437242,0.4367756051380665,0.20039411927879852,0.4476540173826194,0.19934324933429123,0.44647872215178547,0.19512670190286574,0.44173148167508475,0.21233122543082908,0.4607941247789831
2026-02-26,0.8462185466383512,False,calm,0.5038141320412188,0.8312467452001696,0.6434872588522033,0.6434872588522033,0.5424062760825528,0.566470794348017,0.5596537490436787,0.4485949712544894,0.39978783519342265,0.041099975047429925,0.2027312877861479,0.0821193832204756,0.28656479759467246,0.07825880491149419,0.2797477522903342,0.09230189574026965,0.3038122705557984,0.11724078313560489,0.34240441459713233
2026-02-27,0.47081212072215284,False,calm,0.6642211911290121,0.8926880727338137,0.6806923294302433,0.6806923294302433,0.6492327516444717,0.6744738048601298,0.6736829132695243,0.6224593312018546,0.574442516811659,0.0440497020073516,0.20988020870809043,0.04115655846879865,0.2028707925473715,0.04147808158591708,0.20366168413797692,0.03183392153871832,0.17842063092231886,0.03740706851564545,0.19340907040685928
2026-03-02,0.8450656623413122,False,calm,0.6220874338255977,0.9314320568070882,0.704153291616181,0.704153291616181,0.6569823877597688,0.666451015081359,0.6623551547555183,0.5405851160292348,0.49067568431047476,0.01985629622337681,0.1409123707251312,0.03338312958225844,0.18271050758579388,0.03190319221579752,0.17861464725995324,0.03537531817731625,0.1880832745815434,0.049719290392006184,0.22297822851571447
2026-03-03,1.2651860674312112,True,calm,0.6975754861210802,0.864453944135545,0.663595486159192,0.663595486159192,0.6625930441837403,0.6763926453045638,0.6780229761304482,0.6233914314383462,0.5754123017234255,0.361911227475206,0.6015905812720193,0.3447604957858682,0.587163091300763,0.3466776939396084,0.5887934221266474,0.363118351666527,0.6025930232474709,0.3221817720152248,0.567610581310131
2026-03-04,0.7043874248659077,False,crisis,0.9355139730589696,0.9913857660852142,0.8597674670273652,0.9913857660852142,0.8539788918744547,0.8855989132959143,0.9697473409060113,0.6589750785630775,0.6127128912967097,0.08236804786263352,0.28699834121930656,0.07041588504081087,0.26535991604010367,0.03283760353901844,0.18121148843000667,0.02237760700176923,0.14959146700854709,0.05341948127963976,0.2311265481930619
2026-03-05,1.0283090892624187,False,calm,0.8236629698041577,0.9108610963182682,0.6916967893307195,0.6916967893307195,0.7215343578282915,0.744883078315722,0.7513368723471593,0.596970308648831,0.5480653997677535,0.1133078404653082,0.33661229993169917,0.07671360894295351,0.2769722169152594,0.08033030368115705,0.2834260109466967,0.0941107358464809,0.30677473143412726,0.04188003420932485,0.20464611945826106
2026-03-06,0.6604310528946058,False,calm,0.8606872238446556,0.9630490454665681,0.7232985858629063,0.7232985858629063,0.7559509662320887,0.7723812585837562,0.77885402507498,0.6427457652839524,0.5956329429551969,0.00395232670152035,0.0628675329683005,0.014024000340033689,0.11842297218037423,0.012532848553843077,0.11195020568915037,0.009124053844000241,0.09551991333748289,0.04010253400357556,0.20025617095004977
2026-03-09,1.4850098896733692,True,calm,0.7871630679226933,1.1734222572950261,0.8506876008466868,0.8506876008466868,0.8206048164525505,0.8246596588188753,0.8215410443690788,0.5902694466253876,0.5411763749214559,0.4023647661023211,0.6343222888266824,0.4401909086894084,0.6634688453042904,0.43606242738958345,0.660350230854494,0.4414341013215615,0.6644050732208188,0.48699018662751964,0.6978468217506759
2026-03-10,0.8941581407390715,False,crisis,1.0573111281736647,1.070851645092173,0.9224842229062269,1.070851645092173,0.8915475240914282,0.9670318458699108,1.0657597371447092,0.6695939666098486,0.6239502540332277,0.031220594480579497,0.1766935043531015,0.029447107888963354,0.17160159640563766,0.005310576899496505,0.07287370513083924,6.81531928095225e-06,0.0026106166476432824,0.026618897308832514,0.16315298743459317
2026-03-11,0.6948662260409166,False,calm,0.9613198813105456,1.027535152100587,0.7623473864818047,0.7623473864818047,0.8385079431542452,0.8356212828961509,0.8450973796621157,0.631738565285547,0.5841134059683198,0.004553707014448872,0.06748116044088803,0.022569399518356324,0.1502311536211991,0.01981198603032023,0.14075505685523426,0.020632942895265495,0.14364171711332852,0.07099755040654626,0.26645365526962894
2026-03-12,0.38567704118447055,False,calm,0.7932664782829089,0.9827431209232877,0.735224100768737,0.735224100768737,0.7034281146224849,0.7586169022635617,0.7614554594471334,0.596970308648831,0.5480653997677535,0.12218314686400673,0.34954705958426646,0.14120941963198883,0.3757784182626629,0.1390841399816918,0.37293986107909116,0.10096574467101038,0.31775107343801434,0.1661291492342218,0.4075894370984383
2026-03-13,0.9648986895641535,False,calm,0.6180190049472147,1.239772608157912,0.8908652725511214,0.8908652725511214,0.7688658739138,0.7547128192150023,0.741113163194302,0.500992062190227,0.45114840429404074,0.005480946834625514,0.07403341701303212,0.050079961812631496,0.2237855263698515,0.04417810009443018,0.21018587034915115,0.03842886481180546,0.19603281565035346,0.12032551559994689,0.34687968461693874
2026-03-16,0.5192312374788044,False,calm,0.7934476687158973,1.2527302272875034,0.8987116058513879,0.8987116058513879,0.8636366235319684,0.8610096472895351,0.8560456910775818,0.6418340450887311,0.5946768101701475,0.14400534998019165,0.3794803683725835,0.11344397615304296,0.3368144535987774,0.11681248141275179,0.3417784098107307,0.1186150699424289,0.34440538605316395,0.07519465116040731,0.27421643123709294
2026-03-17,0.47622160724483525,False,calm,0.6797962159521906,1.1397393404183354,0.8302913081561469,0.8302913081561469,0.7904895324057996,0.763517802800994,0.7560290902640121,0.5563077547760888,0.5065472447999037,0.1253653531034257,0.3540697009113117,0.07829222755352694,0.27980748301917685,0.08253910398104261,0.28729619555615876,0.09876432878497746,0.3142679251609643,0.04144262131035285,0.2035746087073554
2026-03-18,0.6339650241656463,False,calm,0.5696450859065803,1.0458040024088364,0.7734098731236481,0.7734098731236481,0.6881502938463044,0.6806000260096223,0.6704359242091154,0.5445246041694309,0.49464306212615594,0.019444865900919935,0.1394448489580018,0.0013301265499807136,0.03647090004346909,0.002174823396987651,0.046635001843976065,0.0029360434503656542,0.05418526968065818,0.004137054457650064,0.06431993825906601
2026-03-19,0.7941963867606822,False,calm,0.6148894811685415,1.262541997599125,0.9046530075364265,0.9046530075364265,0.8382721879617959,0.7839766108794621,0.7697018964525015,0.5835348976815212,0.5342715738743786,0.012200665073196601,0.11045662077574436,0.0005999800554575547,0.024494490308180628,0.0001044438190623666,0.010219775881220028,0.0019426762515201014,0.04407580120111376,0.032150966393028856,0.1793069055921407
2026-03-20,1.05835571190587,False,calm,0.7166572887062763,1.2121739174551898,0.8741532111964248,0.8741532111964248,0.8535417720989609,0.8143980640258115,0.8068238987975642,0.6205924177221094,0.5725012347346825,0.033930561267613166,0.18420250070944522,0.06326825300555165,0.25153181310830575,0.059515333959170594,0.24395764788005847,0.04194874993922818,0.2048139398069091,0.1167578124170886,0.34169842319959365
2026-03-23,0.8969661695337651,False,calm,0.8441538064036969,1.4109767976436487,0.9945359484424435,0.9945359484424435,1.038197094739171,0.9417666444783002,0.9347297506835544,0.6490986014114161,0.602305187650008,0.009519861756288396,0.09756977890867846,0.0014260880612567205,0.03776358114978928,0.002007082555255917,0.044800474944535096,0.01994617423437496,0.14123092520540592,0.002789145699382188,0.05281236313006821
2026-03-24,0.753141603763827,False,calm,0.8492204040530207,1.2786178110342974,0.9143875265884032,0.9143875265884032,0.9511770369881173,0.8906890040695805,0.8875989619160339,0.6363423518361514,0.5889251568868281,0.026000247627549173,0.16124592282457617,0.01807878116127085,0.13445735815220694,0.018919287330871202,0.13754740030575352,0.03921803281233234,0.1980354332242903,0.009231135865010766,0.09607880028919369
2026-03-25,0.6934150923523892,False,calm,0.7858345143868266,1.2428283966618627,0.8927156692063499,0.8927156692063499,0.8753477247595353,0.8513622264282358,0.8461918340112131,0.6130894838482753,0.5647143289788018,0.03972071993432151,0.19930057685396074,0.023340732791887028,0.15277674165882393,0.02494729716277346,0.1579471340758466,0.03309948273459374,0.18193263240714608,0.008541349569179457,0.09241942203443743
2026-03-26,0.8631631822535911,False,calm,0.743375701325468,1.1330797476180128,0.8277837406849604,0.8277837406849604,0.7848930415230873,0.7938453520248603,0.7897197755298233,0.5979246891927307,0.5490481067446278,0.0012517048857081546,0.03537944156863071,0.005393933991192783,0.07344340672376781,0.00480496158761915,0.06931783022873084,0.0061262149299728804,0.07827014073050387,0.014349040587105451,0.11978748092812308
2026-03-27,0.6709132731493902,False,calm,0.798508097376953,1.4267321106763897,1.006192276148367,1.006192276148367,0.9764054542725509,0.9295183696341991,0.9196189387980516,0.6308148893779794,0.5831490975265783,0.11241200985198792,0.33527900299897684,0.06185450812574374,0.24870566564866137,0.06687659592791732,0.2586050964848089,0.093325472727386,0.3054921811231607,0.01628043916966266,0.12759482422756285
2026-03-30,0.9451160084988417,False,calm,0.7410520340058305,1.6510529544120356,1.1424784370631909,1.1424784370631909,1.08726170978574,0.979156300806855,0.9594805430864924,0.5931455055959572,0.5441308977612278,0.03895192820881782,0.19736242856434916,0.00020633985391981457,0.014364534587650746,0.00115874150041499,0.03404029230801331,0.020205400394344118,0.1421457012868983,0.04164210568588431,0.20406397449301117
2026-03-31,1.0017744825923156,False,calm,0.8107579513926397,1.5676260374027573,1.0917924016203444,1.0917924016203444,1.079134309038128,0.9906221156016519,0.9773446052434764,0.6400075295511976,0.5927623952005243,0.00810322574613675,0.0900179190280288,0.0005968189072793251,0.02442987734883917,0.00012437528949444502,0.011152366990663687,0.005984542747726217,0.07735982644581241,0.03648731519155675,0.19101653119967588
2026-04-01,0.5814707060973284,False,calm,0.8901418841855008,1.4020314362256687,0.9911853778288209,0.9911853778288209,1.0264198901269763,0.9554546068850892,0.9507124219211259,0.6463822691062125,0.5994501531136384,0.16786611223204462,0.40971467173149245,0.13633944470450202,0.3692417158237975,0.1398639580484297,0.3739839007877608,0.19797977636864947,0.4449491840296479,0.09527789618234021,0.30867117808817235
2026-04-02,1.100366225657452,False,calm,0.7423783471243693,1.2733680583894789,0.913015924096326,0.913015924096326,0.8711442698205801,0.8403004902335094,0.8318582011743334,0.5738603703053814,0.5243853999677317,0.03510013549504484,0.18735030156112598,0.07209655921182702,0.2685080244831186,0.06763418674159613,0.2600657354239426,0.05254270503768085,0.22922195583687188,0.12815532117661715,0.35798787853308267
2026-04-06,0.3459752427949526,False,calm,0.8702122590570389,1.165431460980507,0.8474390287971392,0.8474390287971392,0.8725956556286258,0.8552663083497201,0.8563232262160685,0.6562947169438844,0.6098841790322099,0.25146592867164674,0.5014637860021866,0.26045506418199954,0.5103479834211159,0.2593773894539104,0.5092910655547674,0.2773290592131084,0.5266204128336732,0.27482444921937493,0.5242370162620863
2026-04-07,0.8900409738535583,False,calm,0.6671262528378692,1.0672054854286495,0.7877618232056163,0.7877618232056163,0.7173418558284403,0.7252907468451486,0.7193079428588973,0.48215044559386533,0.43255641650266785,0.010461024657264418,0.10227915064794202,0.029149767872623866,0.17073303099466097,0.027142637299322526,0.1647502270084097,0.02982498536665362,0.17269911802511795,0.0496909728455025,0.2229147210156891
2026-04-08,0.5883362650113552,False,calm,0.7361021071877882,0.9875119688509894,0.7393440157326263,0.7393440157326263,0.7094261540816332,0.7381620922541394,0.7380082331418467,0.6354235592583607,0.5879641352293828,0.022803340777897568,0.15100775072127115,0.02240169804405488,0.14967196813049155,0.022447778508984634,0.14982582724278426,0.014662761235052248,0.12108988907027807,0.021834744114110526,0.14776584217643307
2026-04-09,0.6152674226174659,False,calm,0.6961007976335312,0.8934482094099372,0.6821955651386014,0.6821955651386014,0.6619485174168603,0.6880941640174104,0.688781578078007,0.5758000536158003,0.5263644141292089,0.0044793762613294175,0.06692814252113544,0.005404331053076601,0.07351415546054108,0.00530373426293439,0.0728267413999445,0.0021791246116700485,0.04668109479939442,0.006534034516487841,0.08083337501606525
2026-04-10,0.331091318201254,False,calm,0.6537808821915068,0.8248500229671234,0.6405187270868158,0.6405187270868158,0.5931263282506319,0.64608035859098,0.6467345905410754,0.5806389338489192,0.531308191979978,0.09574532136963265,0.3094274088855618,0.09963067537339068,0.3156432723398214,0.09921809556564046,0.314989040389726,0.06866234649157761,0.26203501004937796,0.10412855470821944,0.3226895639902528
2026-04-13,0.6242438382819224,False,calm,0.5167123021367837,0.7915749340920776,0.620302442049016,0.620302442049016,0.5322158798724039,0.5664530903560159,0.5613191944999161,0.4801691383115769,0.4306094421817172,1.5534604264769217e-05,0.003941396232906458,0.003959510795092391,0.06292464378200635,0.003339770545835672,0.05779074792590655,0.008469145129024067,0.0920279584095185,0.011563031265733286,0.10753153614513877
2026-04-14,0.3613327786635771,False,calm,0.588410460750068,0.7305370515351387,0.5832188677118122,0.5832188677118122,0.5243379273391897,0.5853809850376853,0.5856367401666038,0.5835348976815212,0.5342715738743786,0.049233436513121315,0.2218860890482351,0.050312267145951294,0.22430396150302673,0.05019759877945498,0.22404820637410822,0.02657067849475857,0.1630051486756126,0.05156427370177342,0.22707768208649087
2026-04-15,0.45425499369460076,False,calm,0.5164515631462443,0.6738080695816884,0.5487531665567593,0.5487531665567593,0.48067502348330804,0.5322499231550852,0.5306444634716198,0.4890890340043691,0.43938686711617825,0.0089299046742864,0.09449817286215856,0.005835351092814098,0.07638946977701899,0.006083209021545949,0.07799492946048447,0.0006980179740361799,0.026420029788707278,0.003868413251553118,0.062196569451643535
2026-04-16,0.4256066728429148,False,calm,0.49791127665227064,0.6260706539483324,0.5197502928143067,0.5197502928143067,0.44719779402641757,0.5096094258268677,0.50851888365454,0.5356536708339716,0.485718171714586,0.008863021181317864,0.09414361997139192,0.0068744347016713786,0.0829122108116252,0.007056462508883013,0.08400275298395293,0.0004661765139607016,0.02159112118350276,0.005227955732027913,0.07230460380935583
2026-04-17,0.5602541611929595,False,calm,0.4931040822882129,0.5872719890568685,0.49617815837231183,0.49617815837231183,0.43424534052078195,0.49471425734514374,0.4945606823679205,0.5237915435013811,0.47383345104633146,0.004105734137471642,0.06407600282064763,0.004315633160135841,0.06569347882503895,0.004295478996380929,0.06553990384781572,0.015878222887192987,0.1260088206721775,0.004509133096913688,0.06715007890474656
2026-04-20,0.3764709881836221,False,calm,0.5479962011981004,0.5444528998077374,0.4701634145328566,0.4701634145328566,0.4317828076134679,0.5033310494204839,0.5071818242320434,0.5738603703053814,0.5243853999677317,0.008778270755206725,0.09369242634923447,0.017085322660477263,0.13071083604842126,0.016093475137020318,0.12686006123686178,0.0030593973686398623,0.055311819429845754,0.029420898699662162,0.17152521301447832
2026-04-21,0.6707462444021243,False,calm,0.4908427844601309,0.5651590237317959,0.48274342310469537,0.48274342310469537,0.4231520813121361,0.4868252434304492,0.4872285225665491,0.49603182934731643,0.4462403558715496,0.035345060815792986,0.1880028212974289,0.03367875422771955,0.1835177218355752,0.033826934598422904,0.18392100097167507,0.06130286959623166,0.24759416308998816,0.03236525489910041,0.17990345994199336
2026-04-22,0.26651302002380195,False,calm,0.5803694177894047,0.6810415917371071,0.5531478939839445,0.5531478939839445,0.5235864067474248,0.5639375486174065,0.565263212769717,0.603635170809289,0.5549360545590586,0.0821595509701468,0.28663487396014253,0.08925167766572141,0.2987501927459151,0.0884613502091279,0.2974245285936046,0.06608672616155338,0.2570733867236229,0.09850583841840022,0.3138563977656027
2026-04-23,1.0034960125254149,False,calm,0.4702160078891715,0.6308305065860885,0.5226421419698162,0.5226421419698162,0.44240809421009,0.49388858164461613,0.49132527809132154,0.45154147202672307,0.40264785058685815,0.23122044482830045,0.4808538705555987,0.26231886121075854,0.5121707344340933,0.25969973360892806,0.5096074308807987,0.3148196520794247,0.5610879183153249,0.28438756334483173,0.5332800046362434
2026-04-24,0.46559450719457357,False,crisis,0.6963413262284733,0.6806050906468974,0.6148608326216368,0.6806050906468974,0.5732883487107265,0.6427204194709226,0.6867143564648656,0.6580827432917229,0.6117708211536378,0.04622955099650873,0.21501058345232388,0.04889398774131665,0.221119849270292,0.0313735887997289,0.17712591227634905,0.011597963500506273,0.10769384151615297,0.05324409449426329,0.23074681903389976
2026-04-27,0.2801339868449036,False,calm,0.618530093424558,0.6353706793575639,0.5248113665930297,0.5248113665930297,0.5143927394983488,0.5674979407933571,0.5721727754060462,0.5445246041694309,0.49464306212615594,0.05986702016040873,0.24467737974812614,0.08528665402425974,0.29203878856114257,0.08257804202888892,0.28736395394845354,0.054877163194748044,0.23425875265344526,0.11451192494826883,0.3383961065796544
2026-04-28,0.3608020359951472,False,calm,0.4573948441345481,0.5965010028667673,0.5012683113750395,0.5012683113750395,0.39127538232701464,0.47746451930693695,0.47531222461907296,0.45744447463833576,0.4083876112710942,0.019730774519099725,0.14046627537989226,0.013112583298687057,0.11451018862392576,0.01361013501247362,0.11666248331178974,0.0009286248366619385,0.030473346331867435,0.009330170584255115,0.09659280813940091
2026-04-29,0.3779054613445,False,calm,0.4379935313791242,0.6701531204597005,0.5458788157053986,0.5458788157053986,0.4349319484494435,0.4909730144494905,0.4856079212157859,0.4910723774907236,0.4413427663838085,0.028215047775252033,0.16797335436089866,0.011599819862325951,0.1077024598712859,0.012784271565149847,0.1130675531049905,0.003252020231530289,0.05702648710494351,0.003610576160485908,0.06008807003462424
2026-04-30,0.8548549889780769,False,calm,0.461024255128255,0.6437538981222275,0.5298890158070051,0.5298890158070051,0.4300483691395125,0.49552495359293847,0.4920924820205641,0.500992062190227,0.45114840429404074,0.10560288371902175,0.3249659731710718,0.1315966364540995,0.3627625069575128,0.1291180743298848,0.3593300353851384,0.18046066425866655,0.4248066198385644,0.15510264692468922,0.39383073384982187
2026-05-01,0.4274097005856903,False,calm,0.6255616544067024,0.5978961455152245,0.5021133382282312,0.5021133382282312,0.5150899876230385,0.5462157719515557,0.552031770538456,0.6427457652839524,0.5956329429551969,0.005580633477028062,0.07470363764254095,0.015530660319312028,0.1246220699527657,0.014114882593391104,0.1188060713658654,0.007687832734951772,0.0876802870373482,0.03926419680308453,0.19815195382101214
2026-05-04,0.6786762863800408,False,calm,0.5472451991512753,0.5617351297634094,0.48021089736831885,0.48021089736831885,0.4558012413367635,0.5116690733388496,0.5150175557613683,0.5307152437809244,0.4807634678474555,0.039388510635574144,0.198465389011722,0.026784180107715223,0.16365873061867253,0.027891409207785843,0.16700721304119126,0.04967328570304292,0.22287504504327738,0.017274130690135368,0.1314310872287655
2026-05-05,0.3014596583039442,False,calm,0.585714764224124,0.6139946617537917,0.5118640820200413,0.5118640820200413,0.48110513032027624,0.5405768449095,0.5441543735650745,0.6112051773589254,0.562762447396214,0.04427002151930291,0.21040442371609708,0.05890072481568108,0.24269471526113023,0.05717702893015617,0.23911718660555575,0.03227249561597073,0.17964547201633202,0.08080096524169265,0.28425510592017983
2026-05-06,0.4429546569561003,False,calm,0.4858819465012088,0.5723735323061364,0.48665449353650236,0.48665449353650236,0.4037896057240637,0.486242201342176,0.4862041324839854,0.46632091576185736,0.41704384077299744,0.0019096757171538452,0.04369983658040205,0.0018705171334371326,0.043249475527885106,0.0018738114989764723,0.04328754438607568,0.001533901238008053,0.03916505123203662,0.001842752187689581,0.042927289545108493
2026-05-07,0.5407095055895236,False,calm,0.47773562600897207,0.5301943909271581,0.4611069216453952,0.4611069216453952,0.3665546193703928,0.46879558323556275,0.4696257920212309,0.5376271402714562,0.4877008942142691,0.006336571370582007,0.07960258394412839,0.005052894334659077,0.07108371356829268,0.005171612228331506,0.07191392235396082,0.030329924393998387,0.17415488621913078,0.003965709509425802,0.0629738795805515
2026-05-08,0.24910796141274472,False,calm,0.5187920845027763,0.5734657328130813,0.4873160307337623,0.4873160307337623,0.43538051277129663,0.5006986887782422,0.5022553525434243,0.5748304999512286,0.5253750066862315,0.05674308428964671,0.23820806932101757,0.06408360163626929,0.25314739113067963,0.06329789409630009,0.2515907273654975,0.034697463389624365,0.18627255135855192,0.07272952624683927,0.26968412309003154
2026-05-11,0.3391111650088538,False,calm,0.4209748645039,0.5353978270102784,0.46425860167178257,0.46425860167178257,0.36502025291227536,0.44039173133451315,0.43827917608532885,0.4485949712544894,0.39978783519342265,0.015661880903301766,0.12514743666292877,0.009834294420863879,0.09916801107647505,0.010257753115246283,0.10128056632565935,0.0006712808359872253,0.025909087903421557,0.006701665295015225,0.08186369949504618
2026-05-12,0.6652728347934875,False,calm,0.38727223968629637,0.5052763196864714,0.4460142432361934,0.4460142432361934,0.3421468420697034,0.41576936250729307,0.41285325262145633,0.48512343976811234,0.4354807699643876,0.04807432997168835,0.21925859155729416,0.0637156454639028,0.2524195821720312,0.06225198268286781,0.24950347228619446,0.10441040717373098,0.3231259927237841,0.07728433087995244,0.27800059510719116
2026-05-13,0.7396375502154501,False,calm,0.5370433194970334,0.5200180567665523,0.4549431966368634,0.4549431966368634,0.4243534475582811,0.48694075299257666,0.4909206384809798,0.610261772565062,0.5617857733856031,0.08105087495952934,0.2846943535785867,0.061860102182732295,0.2487169117344703,0.063855671326698,0.2526967972228734,0.09940406538833628,0.315284102657169,0.04104442232038703,0.20259423071841665
2026-05-14,0.4217913699468041,False,calm,0.6318453537498551,0.48872873099653896,0.43599149981706786,0.43599149981706786,0.4540936357099492,0.5084789199490781,0.5178223437811009,0.629890254000892,0.5821841525154995,0.00020164368833235695,0.014200129870263756,0.0092219479355634,0.09603097383429682,0.0075147313253967575,0.08668755000227402,0.001043436373432856,0.0323022657631451,0.044122676111532394,0.21005398380305096
2026-05-15,0.4767784698053797,False,calm,0.5259005535087962,0.4584076289365688,0.4176262484304961,0.4176262484304961,0.3789360041654236,0.46865179962010534,0.4740607012342992,0.5287381327203218,0.47878259054175626,0.0034989852935832333,0.05915222137488357,7.386266005952779e-06,0.00271776857108047,6.60427683002271e-05,0.008126670185274354,0.009573148082505986,0.09784246563995608,0.0024129791073654546,0.049122083703416475
2026-05-18,0.7635933068225705,False,calm,0.504150176466635,0.7382263431877445,0.5871102275987381,0.5871102275987381,0.5038381755231885,0.5507073188816538,0.5465847324918246,0.5611995385692644,0.5115059049037722,0.031146277252325518,0.17648307922383244,0.04709272133306289,0.21700857433074594,0.04532044386158014,0.21288598794091673,0.06747272823635918,0.259755131299382,0.06731073788888699,0.2594431303559356
2026-05-19,0.5823622264963989,False,calm,0.6371114145892173,0.7150551970835081,0.5730756479097272,0.5730756479097272,0.5508401374827595,0.5965984647350131,0.5996455557884748,0.6326612759550218,0.5850770708854859,8.624054184642937e-05,0.009286578586671701,0.000298713471418328,0.017283329292075877,0.00020267047918658102,0.014236238238614196,0.0009936420957838057,0.0315220890136394,0.002997473596822805,0.05474918809281837
2026-05-20,0.6061383221688195,False,calm,0.616094739383699,0.8128741885962637,0.6323238363812267,0.6323238363812267,0.6003956481092076,0.6256742794876594,0.6248775432650697,0.5902694466253876,0.5411763749214559,0.0006856811545681807,0.026185514212407224,0.00035115840729415073,0.018739221096250258,0.0003816536283635361,0.019535957318839947,3.297830535493849e-05,0.005742674059611819,9.913024375674883e-05,0.009956417214879498
2026-05-21,0.6652691018275041,False,calm,0.5896406183521017,0.750095809742969,0.5942994694897507,0.5942994694897507,0.5536321533913889,0.5923995318448503,0.5921710565359106,0.5921875181744679,0.543146391469779,0.005036688714155899,0.07096963233775344,0.005343324225451851,0.07309804529159347,0.005309974229456882,0.07286956998265381,0.012462808256127835,0.11163694843611516,0.005719667512789215,0.07562848347540241
2026-05-22,0.41937989410267534,False,calm,0.6261212481413964,0.6998580690455927,0.5638708678124134,0.5638708678124134,0.535587131552275,0.588249829160502,0.5912715557462513,0.608372491553468,0.5598309955854108,0.020877641483588203,0.144490973709738,0.029546743342589617,0.171891661643576,0.028517054966434575,0.1688699350578266,0.013504122035667636,0.11620723744959965,0.042741987469763786,0.20674135403872101
2026-05-26,0.35110752777504506,False,calm,0.54665900019229,0.6531172135446314,0.5355603018045951,0.5355603018045951,0.46410284803816026,0.540845595832943,0.5414000656331261,0.5237915435013811,0.47383345104633146,0.034022825847196264,0.18445277402955007,0.03621124996446923,0.1902925378580811,0.036000534470343515,0.18973806805789795,0.012767942401363974,0.1129953202631152,0.0382403783645525,0.1955514724172449
2026-05-27,0.2959751251765493,False,calm,0.45871183119232084,0.6116082619448482,0.5097170889742114,0.5097170889742114,0.40610290676039495,0.4837591043958011,0.48185314171345156,0.4910723774907236,0.4537044125938536,0.04568562708808111,0.21374196379766214,0.034550637031692914,0.18587801653690228,0.0352628228514164,0.18778397921925183,0.012128128276579218,0.11012778158384567,0.02648323548486366,0.16273670601577156
2026-05-28,0.4249794977078316,False,calm,0.41333722538171747,0.5909814166475952,0.4971630406393302,0.4971630406393302,0.38130452717878355,0.4524269563171317,0.4493192748445799,0.46632091576185736,0.42924783197494437,0.0052104638701435,0.07218354293149859,0.0005924247510665746,0.024339777136748286,0.0007533629841092416,0.02744745860930009,0.001907503050713217,0.04367497052904806,0.00013554250491540327,0.011642272326114145
2026-05-29,0.31331079489649,False,calm,0.44218367281381576,0.5540038379457626,0.4746574997463899,0.4746574997463899,0.3874422815345178,0.45954634063509703,0.45833038213331445,0.5346665133534039,0.4972222507998301,0.026032759165920707,0.16134670484989988,0.02103068068233894,0.14501958723682445,0.02138483483746823,0.14623554573860703,0.0054954773111640974,0.07413148663802782,0.016608218662693953,0.12887287791732577
2026-06-01,0.45180396220220465,False,calm,0.4065217830070058,0.5220982404826873,0.4552389019466549,0.4552389019466549,0.3684638573043173,0.4297212870223157,0.4279083990213769,0.47620845649861887,0.4389959110854823,1.1798811048003945e-05,0.0034349397444502494,0.0005709979397289308,0.02389556318082775,0.00048764454310048274,0.022082675179888933,0.006945573084390867,0.08334010489788735,0.0020504757526660982,0.045282179195198835
2026-06-02,0.2691119298882286,False,calm,0.4393482721576229,0.49291996929191473,0.4374802276763818,0.4374802276763818,0.36914596525680554,0.4383237272312528,0.43839349728316973,0.548458527973277,0.5111092824828374,0.028347883700080238,0.1683682977881532,0.028656249059688006,0.16928156739494116,0.028632632360056698,0.16921179734302422,0.010006808232121708,0.10003403536857697,0.028980412229262374,0.17023634226939433
2026-06-03,0.36864144683234074,False,calm,0.3900322402719354,0.4670645860046946,0.4217439516328576,0.4217439516328576,0.33129981402868436,0.40441374581274725,0.4032451781755159,0.4535077081501795,0.41665798963668077,0.0028198760160889173,0.05310250480051687,0.0011974182228706445,0.03460373134317518,0.0012796573743435928,0.035772298980406514,0.001394397540443106,0.03734163280365638,0.00045756604397540585,0.021390793439594658
2026-06-04,0.4915095773262097,False,calm,0.3986371172709031,0.6061693380246712,0.5064068147757261,0.5064068147757261,0.4079276685079679,0.4528427053826378,0.4488072470375868,0.5029761553270468,0.46553095098405023,0.00022192768362727484,0.014897237449516432,0.0018234890120786419,0.042702330288622914,0.001495126985900586,0.03866687194357188,0.0069859354817008845,0.08358190881824179,0.008625293836724517,0.09287246005530658
2026-06-05,1.0874814271186717,False,calm,0.46062550107784034,0.5687437494800611,0.48362860314037814,0.48362860314037814,0.4235085139784014,0.47378139867163993,0.47292903149629983,0.5719184116139246,0.534863966825443,0.36463823302655995,0.6038528239782935,0.37767464696519626,0.6145523956223718,0.3766277249158876,0.6137000284470318,0.4408600293839769,0.6639729131402703,0.39294835201250816,0.6268559260408313
2026-06-08,0.5865912353561794,False,crisis,0.7334908666835868,1.3042522037135018,1.1098572741286548,1.3042522037135018,0.9618982312868184,0.9848418098297989,1.095220707697211,0.6678357530696936,0.6337672465622266,0.5150372655035698,0.7176609683573224,0.2587039401339161,0.5086294723410315,0.1586035200685679,0.39825057447361945,0.14085534119448068,0.375306995930639,0.0215795016841282,0.14689963132740735
2026-06-09,2.27362373883168,True,calm,0.6605066529034543,1.1923684054970083,0.8631832059716247,0.8631832059716247,0.8547877041824463,0.78111123081332,0.77369371336037,0.5950593499056611,0.558461542509286,1.9893424967345568,1.4104405328600553,2.2497900813103646,1.49993002547131,2.227593586591255,1.4925125080183599,2.0130956932191615,1.4188360346492337,2.602146732913571,1.6131170859282258
2026-06-10,1.0629290048113693,False,crisis,1.2825718664575143,1.159113842943468,0.9943385939599617,1.159113842943468,1.103929003119434,1.08680996738356,1.2028604150214979,0.679178699175393,0.6456563062257954,0.00925152308649802,0.09618483813209866,0.01958079956339527,0.13993141021012856,0.0005703003733743752,0.023880962572190745,0.0016809998612613056,0.04099999830806467,0.04824298667210759,0.219642861646145
2026-06-11,1.2980473526904939,True,crisis,1.1666854810698177,1.39424862694085,1.1814873240752628,1.39424862694085,1.1475048388648754,1.1765315138401289,1.3102777581873044,0.6651896501462117,0.6309997015020401,0.009254685167392245,0.09620127425035618,0.0001495828186164134,0.012230405496810537,0.014766099091507874,0.12151583885036499,0.022663048468936523,0.15054251382561845,0.017255941315687,0.13136187162067614
2026-06-12,0.8952669961114305,False,crisis,1.096219831099446,1.2636742781995907,1.0775604480209262,1.2636742781995907,0.969125632570123,1.083627731084839,1.2035755351181885,0.674840103856524,0.64110392932437,0.13572392549558523,0.3684072820881602,0.09505415522448164,0.30830853900675803,0.03547976647972265,0.18836073497340855,0.005455098179537302,0.0738586364586925,0.040382041889720596,0.20095283498801553
2026-06-15,0.3902805882962596,False,calm,0.9838604190932225,1.1548878260983721,0.8403715254354598,0.8403715254354598,0.8520200506175426,0.8905923636613725,0.8955920329295568,0.6500019134185036,0.6151583158358993,0.20258185169484344,0.4500909371392002,0.25533965607738973,0.5053114446332971,0.25031187256899123,0.500311775365113,0.2132033310647475,0.461739462321283,0.3523370155289511,0.5935798307969629
2026-06-16,0.3890314948346545,False,calm,0.7276472812311238,1.0521827489907658,0.7778624755218355,0.7778624755218355,0.6413707475882104,0.7534521323048835,0.7515701223579873,0.5138853177460048,0.4764064236885472,0.15118953154215495,0.388830980687181,0.1314342564465018,0.36253862752333277,0.1328024010142081,0.364420637470229,0.063675098480223,0.25233925275355595,0.11466065079689931,0.3386157863964693
2026-06-17,0.8734740759349279,False,calm,0.554131370437866,1.0933113926251592,0.8028944652756465,0.8028944652756465,0.6522150206934944,0.6819670724720583,0.6726437067952278,0.5138853177460048,0.4764064236885472,0.004981481440815751,0.07057961065928142,0.0403328371687882,0.2008303691397001,0.03667493237532752,0.19150700346286953,0.04895556952633173,0.22125905524143352,0.1019797635541832,0.3193427054970619
2026-06-18,0.40541031602255695,False,calm,0.718807904483371,1.2649639365370424,0.9073667828802239,0.9073667828802239,0.8599248215610978,0.8405178919191298,0.8339137698138444,0.6454747104487982,0.6104505198011118,0.25196029462023206,0.5019564668576669,0.18361520991106198,0.4285034537912874,0.18931860260259195,0.4351075758965729,0.2065834357449443,0.4545145055385409,0.09821804845305374,0.313397588460814
2026-06-22,0.6080558689070616,False,calm,0.5871989047986415,1.1533367615201398,0.8394275061535463,0.8394275061535463,0.7716009753475055,0.7190644297362943,0.7096109131384176,0.5228016340308211,0.4853216791522113,0.0535328345221189,0.23137163724648468,0.010313427008832669,0.10155504423135597,0.012322900577377435,0.1110085608292326,0.026747001840616107,0.16354510644044384,0.00043501295181992824,0.020856964108420195
2026-06-23,0.7039959934144804,False,calm,0.5689489437907957,1.1286310494830063,0.824390950703977,0.824390950703977,0.7556480723126678,0.721196260924869,0.7118533729479806,0.5960151933265168,0.5594398152601217,0.014494945740739729,0.12039495728949667,6.17384131334676e-05,0.007857379533500186,0.00029584920242893006,0.01720026751038861,0.0026679372545045823,0.05165207889818746,0.01823770561206194,0.13504704962368463
2026-06-24,0.8605954974924664,False,calm,0.6516629070931012,1.3403157679795716,0.9532279177468976,0.9532279177468976,0.9107281172005485,0.8388118661551344,0.827985460581304,0.6205924177221094,0.5846916825858987,0.008580765282193554,0.09263242025443119,0.00106341450734738,0.03261003691116249,0.00047452659424079607,0.021783631337332077,0.0025132795587951744,0.05013261970808203,0.04365282733098895,0.2089325903993653
2026-06-25,0.8563993480060181,False,calm,0.7465603915325322,1.2450813379408057,0.8952657029427389,0.8952657029427389,0.8918526093676175,0.8422755248430839,0.8370567288463576,0.6436564531748264,0.6085615668709332,0.0015105935460671574,0.03886635493672075,0.0003741369159556659,0.019342619159660512,0.00019948238073783824,0.014123823162934257,0.0012569337411738712,0.03545326136159932,0.012064596359184344,0.10983895647348596
2026-06-26,1.9417185431449717,True,calm,0.7735261328786259,1.1426713438163358,0.8326650763401575,0.8326650763401575,0.8533171869173859,0.8122114721528677,0.8094598931959776,0.6541432262719672,0.6076158655205877,1.229999592231777,1.1090534668048142,1.2820096503843188,1.1322586499489942,1.2757862234211619,1.129507070992104,1.1846175122380482,1.0884013562275858,1.364673507403894,1.1681924102663457
2026-06-29,0.8273581940919854,False,crisis,1.2381105598766495,1.1979439395792522,1.0229297289617405,1.1979439395792522,1.0854964009326864,1.0898240710979554,1.2122132154526977,0.6891249938398665,0.6447479083927257,0.13733379475835325,0.37058574548726675,0.14811338746655428,0.38485502136071226,0.06888833659251298,0.26246587700597,0.06663533383093252,0.258138206840701,0.16871750599769852,0.4107523657846641
2026-06-30,0.4990866891886327,False,calm,1.038494341867458,1.0906353325736218,0.8009704413600085,0.8009704413600085,0.9054157246740513,0.8846187182255737,0.895748726486223,0.6478321689444396,0.600973691810682,0.09113379982506865,0.3018837521713758,0.15734077183307488,0.39666203729759025,0.1486349454133407,0.385532029036941,0.16510328507851058,0.4063290354854186,0.2909606157684801,0.5394076526788252
2026-07-01,0.6662706563957514,False,calm,0.7249609964893675,1.0005817262427772,0.7461196541236639,0.7461196541236639,0.6552012571860868,0.7372792316525559,0.7362362113505183,0.5821841525154995,0.5328889505199367,0.006375862438152164,0.07984899772791243,0.004895178880128502,0.06996555495476686,0.005042217760001266,0.07100857525680448,0.00012253159886292447,0.011069399209664654,0.0034445560203043178,0.05869034009361607
2026-07-02,1.0471782238409815,False,calm,0.7219963032412129,0.9609834428731395,0.7220007198074425,0.7220007198074425,0.6364139822682007,0.7219990383475718,0.7219988257232828,0.6192834470847915,0.5711410038477682,0.10574040912948224,0.32517750403353896,0.10574164096018879,0.3251793981176987,0.10574150267815731,0.32517918549340963,0.1687272621548618,0.4107642415727808,0.1057432814849542,0.3251819205997686
2026-07-06,0.4218659603441208,False,crisis,0.897618313207577,0.9251021633456303,0.8061647403888972,0.9251021633456303,0.7163304250841247,0.8360932133190448,0.9148588285103185,0.6727468155947798,0.6272962200034252,0.25324667601137646,0.5032362030015095,0.24304196806273398,0.4929928681661977,0.1715842171071517,0.414227252974924,0.08670932099461698,0.2944644647400039,0.22634030125511453,0.4757523528634562
2026-07-07,0.5020106723400241,False,calm,0.6704977222071431,0.8527280434256178,0.656063395093688,0.656063395093688,0.6239499644481024,0.6626577695221756,0.6633779271712424,0.543146391469779,0.4932543775638755,0.023732241387817266,0.154052722753664,0.026039390931763374,0.1613672548312184,0.025807489833051638,0.16064709718215153,0.014869190959819248,0.1219392921080783,0.028387885972925058,0.16848704986711904
2026-07-08,0.6037592714873607,False,calm,0.5792494179208674,0.8942353398712058,0.6813450909508036,0.6813450909508036,0.5988754141644894,0.6384906752558785,0.6334533280626831,0.5802523807021732,0.5309129028996377,0.006019559381813954,0.0775858194634429,0.0008817369958984423,0.029694056575322314,0.0012062704077318125,0.0347314037685178,2.3852062350163936e-05,0.004883857322871332,0.0006007329218509482,0.024509853566493378
2026-07-09,0.4819543660230109,False,calm,0.6343612901552883,0.8987384753210409,0.6840879075299409,0.6840879075299409,0.6308405915923925,0.6643118897643285,0.6618881313478644,0.602305187650008,0.553563516801921,0.04085796860213378,0.20213354150692997,0.032376159903979455,0.1799337653248535,0.03325426646506523,0.18235752374131764,0.022167108164296772,0.14888622556938158,0.02322787052346176,0.1524069241322774
2026-07-10,0.6456375355898024,False,calm,0.5963461200058041,0.8293330416114355,0.6418137240456547,0.6418137240456547,0.580955348215325,0.6223763794590462,0.6201256601186038,0.5725012347346825,0.5229996305052238,1.4621534725157078e-05,0.0038238115441476817,0.0006508557900579446,0.025511875471198597,0.0005410813845394163,0.02326115613075619,0.004183785363547003,0.0646821873744774,0.00242964365027443,0.0492914155839983
2026-07-13,0.4848300906070578,False,calm,0.6157361716018963,0.7696518076417722,0.6054624572852112,0.6054624572852112,0.5796528250941934,0.6094607001069544,0.6099585240216863,0.6108279149586743,0.5623718357465762,0.014552167890372458,0.12063236667815341,0.015657124848799112,0.12512843341462848,0.015532788824315724,0.12463060949989663,0.008991350975617811,0.09482273448713557,0.017136402041427225,0.13090608099483853
2026-07-14,0.4340317851993838,False,calm,0.5790637775299813,0.8816386011572394,0.6736725383099558,0.6736725383099558,0.6211396576755099,0.6332274098932349,0.628544124460465,0.5725012347346825,0.5229996305052238,0.057427690551402115,0.23964075311057198,0.03783505012481797,0.19451233926108125,0.039678896897173584,0.1991956246938511,0.035009355942542286,0.18710787247612615,0.02103427879938249,0.1450319923305975
2026-07-15,0.5031005605349189,False,calm,0.5272283569297244,0.8169228384977876,0.6342547884484985,0.6342547884484985,0.5550265118348514,0.5858858409057774,0.5805504548739744,0.5480653997677535,0.4982142933065695,0.01720143149960717,0.13115422791357956,0.005998486133130856,0.07744989433905547,0.006853402646081654,0.08278528037085853,0.002696304418402961,0.051925951299932493,0.0005821505588691866,0.024127796394805445
2026-07-16,0.6067063038371544,False,calm,0.5340692275466046,0.7587301466503887,0.5988101784069506,0.5988101784069506,0.5325833130184039,0.5715727260324962,0.5683770443086786,0.5792855679057164,0.5299245115518949,6.234879680951104e-05,0.007896125430203793,0.0014691321360012504,0.03832925952847577,0.0012343682893559713,0.0351335778046582,0.005494217767916572,0.07412299081875051,0.005276144852039156,0.07263707629054983
2026-07-17,0.6084148386459318,False,calm,0.586642784028998,0.8247327731437233,0.63901174467766,0.63901174467766,0.5966823299846253,0.6181848806995263,0.6156323300569327,0.602305187650008,0.553563516801921,0.0009361706587144027,0.030596906031728155,5.2092182267872055e-05,0.00721749141100092,9.545372172900388e-05,0.009770042053594441,0.00013765175948763167,0.011732508661306484,0.00047402236224274697,0.021772054616933767
2026-07-20,0.5452924898308884,False,calm,0.6042308367141431,0.9787582673381929,0.7328271947774081,0.7328271947774081,0.6970310008094843,0.681929360155311,0.6756692037664231,0.6042046960843392,0.5555240298262166,0.035169265559378195,0.1875347049465197,0.016998087536628258,0.13037671393553474,0.018669634332053084,0.13663687032442262,0.023024575714001475,0.15173851097859592,0.0034737287333308615,0.05893834688325472
2026-07-21,0.4294972808081107,False,calm,0.5857724247713568,0.9463633005018516,0.7130957314205655,0.7130957314205655,0.6639693105334905,0.6605115167517336,0.6542500087573802,0.5870024424223612,0.5378244234159534,0.08042808118978494,0.28359845061245476,0.05051378872063832,0.22475272794926943,0.05336757720861585,0.23101423594362286,0.05497713272353938,0.23447202972537978,0.024421920620733294,0.1562751439632461
2026-07-22,0.3386388829562975,False,calm,0.531296322034116,0.8719245132866406,0.6677557806286716,0.6677557806286716,0.5885151306757008,0.6055481297471826,0.5987409025981444,0.5441308977612278,0.4942462857369076,0.10831793233348794,0.32911689767237406,0.0676530606217677,0.26010201964184687,0.07124054602247762,0.2669092467908851,0.06243813917432861,0.2498762477194033,0.037116888832023354,0.19265743907781852
2026-07-23,0.6962312411038462,False,calm,0.47153690118249425,0.8430226108962254,0.6501519092976542,0.6501519092976542,0.5426959492197528,0.5595332384855656,0.5506470601625175,0.4926592576494841,0.4429088004128848,0.0021233048197051327,0.04607933180619195,0.021194753740357515,0.14558418094132863,0.018686343919827444,0.13669800261828058,0.02357308585393373,0.15353529188409332,0.05048754639269203,0.2246943399213519
2026-07-24,0.6129850157062762,False,calm,0.5878365302729232,1.0510426265330204,0.7768549041413693,0.7768549041413693,0.7246980345883287,0.7064771730468394,0.6974418074420675,0.6276672491981568,0.5798657290609638,0.026853340335729857,0.1638698884350931,0.007132949670302834,0.08445679173579135,0.008740783484192638,0.09349215734056326,0.012479798587741828,0.11171301888205254,0.000632446319591569,0.02514848543335302
2026-07-27,0.7828178337575381,False,calm,0.6182720473339277,0.9693795414278811,0.7271147028471621,0.7271147028471621,0.7031252348243112,0.6839319595148952,0.6786300873129869,0.6032553310221632,0.5545439854848101,0.003102838793218491,0.05570313091037604,0.010855086509194091,0.1041877464445512,0.009778416124731796,0.09888587424264295,0.006350910324732156,0.07969259893322689,0.02707531582976441,0.1645457864236104
2026-07-28,0.6359929659160036,False,calm,0.6748586481536812,0.9035794317726659,0.6881346001299711,0.6881346001299711,0.6879043333503319,0.6833868701256907,0.6827611662213712,0.6423812007786984,0.5952505765163524,0.0027187500185031806,0.05214163421396745,0.0021872645598029813,0.04676820030536755,0.00224618215623699,0.04739390420968703,0.002694790068901833,0.051911367434328226,0.0015105412558001291,0.03886568223767761
2026-07-29,0.9551610576454537,False,calm,0.659563321994296,0.8371339974353252,0.6474891035600341,0.6474891035600341,0.6326182356654704,0.652222266692865,0.6528085234640222,0.6079942433872173,0.5594398152601217,0.09466203133074054,0.3076719540854196,0.0914170549259337,0.3023525341814315,0.09177191106381623,0.3029387909525887,0.1040338720108112,0.3225428219799833,0.08737802132209169,0.29559773565115766
2026-07-30,0.5841923649665235,False,calm,0.7711597761788482,1.1206954686296438,0.8209471736251726,0.8209471736251726,0.8265067177028539,0.8042602326272315,0.8019736513100787,0.6648360457898761,0.6189091358802356,0.05605283942299353,0.23675480865864906,0.047428688681453585,0.2177812863435552,0.04842986637673087,0.22006786766070796,0.05871624554202675,0.2423143527363304,0.034956812855438536,0.18696741121232474
2026-07-31,1.0492868699097406,False,calm,0.6865035897224994,1.0220789721493784,0.7606222391973565,0.7606222391973565,0.7299300804291858,0.7303673123323513,0.7267316715855854,0.5918041265003304,0.5427524941173191,0.0833272690243171,0.28866463071238413,0.10404185596593513,0.32255519832415525,0.10170968420535774,0.3189195575773893,0.10198875898732739,0.3193567894805548,0.1316117083834144,0.36278328018724126
2026-08-03,0.617374120036902,False,crisis,0.8126181951841237,0.9399584818498197,0.8174295980900564,0.9399584818498197,0.7315763565889933,0.8158550511676335,0.8924982756636675,0.6727468155947798,0.6272962200034252,0.10406067048624741,0.3225843618129177,0.07569330100934069,0.2751241556267655,0.03939468002252219,0.1984809311307315,0.013042150833499837,0.11420223655209139,0.03812024888009397,0.19524407514722175
2026-08-04,0.8114996800636305,False,calm,0.7294120859782025,0.8628339753624816,0.6632100989166505,0.6632100989166505,0.6527593661484231,0.689538285738291,0.6927650812011346,0.602305187650008,0.553563516801921,0.021989799876746763,0.14828958114698,0.014097904967037821,0.11873459886249593,0.014874581705780949,0.12196139432533948,0.02519848726189858,0.15874031391520738,0.006738373102733991,0.08208759408542798
2026-08-05,0.46161317433008997,False,calm,0.7327146714591097,0.7917957374043105,0.6197551273891246,0.6197551273891246,0.5992794194693412,0.660048666294166,0.6653674824800584,0.6432923022416128,0.5962062748529319,0.025008877317325925,0.15814195305903467,0.041515818089672286,0.20375430814996842,0.039376644471024895,0.19843549196407606,0.0189519950507404,0.1376662451392512,0.07349602174559591,0.27110149712901976
2026-08-06,0.3777475409347457,False,calm,0.6185082251928856,0.7867139951168748,0.6166465625829316,0.6166465625829316,0.5556647346320617,0.6174824260738543,0.6175751776270847,0.5510123657995897,0.5011904739409042,0.05707274254446039,0.23889902164818588,0.057517295321432536,0.23982763669233897,0.057472815152661574,0.23973488513910857,0.03165452781312825,0.17791719369731596,0.05796570708444773,0.2407606842581399
2026-08-07,0.3513251363623306,False,calm,0.5198990204362539,0.7747351852162779,0.609318975946132,0.609318975946132,0.4943894447685935,0.5649283497440265,0.5604692488250317,0.503571367834087,0.4537044125938536,0.06656082126319228,0.25799383958380145,0.043741259777810966,0.2091441124627011,0.04562633276698631,0.2136032133816959,0.0204673963397623,0.14306430840626289,0.028417154391768538,0.16857388407392332
2026-08-10,0.3117124874056134,False,calm,0.46271847963411167,0.7195977548440975,0.575590725699626,0.575590725699626,0.46533439448150815,0.5184379920028344,0.5128211321656158,0.493651134897958,0.4438881503467468,0.06963172464515169,0.2638782382940126,0.04044468699720482,0.20110864476000234,0.04273543425097562,0.20672550459722094,0.023599690333634838,0.15362190707589474,0.022802809688913274,0.15100599222849825
2026-08-11,0.37893291545022556,False,calm,0.4291227506389198,0.6907178899280474,0.5579245540191755,0.5579245540191755,0.4449027052422185,0.4909183717728408,0.4845359014727929,0.47977294969608947,0.4302203026636158,0.03203800667759761,0.17899163856894995,0.011151990656882554,0.10560298602256735,0.012540742427784368,0.11198545632261525,0.004352013165199732,0.06596978979199292,0.002519019556268291,0.05018983518869424
2026-08-12,0.27895611268933046,False,calm,0.4247784415792914,0.7194378550637736,0.5754929130201318,0.5754929130201318,0.48178688243305184,0.5011224418391229,0.49360321174366817,0.5065472447999037,0.4566566800547244,0.08793407395042956,0.2965368003308014,0.04607337713244267,0.2146470990543377,0.04935787780789392,0.22216632914979245,0.041140321154830524,0.20283076974372138,0.021264151602891936,0.14582232888996094
2026-08-13,0.41380015670906006,False,calm,0.39095960243416433,0.6719521464176815,0.5464453158880727,0.5464453158880727,0.4454582671743178,0.46355798116933944,0.45589398267375775,0.46691350042713686,0.41762280789123635,0.017594738253625588,0.1326451591790126,0.001771890184346257,0.042093825964697684,0.0024758410950199766,0.049757824460279376,0.0010022359582304615,0.03165811046525774,0.0005216909195844576,0.02284055427489573
2026-08-14,0.25118963010074685,False,calm,0.42358883996014485,0.6265319881528283,0.5186612415514162,0.5186612415514162,0.43665687097424233,0.4735375035818351,0.4687878438792492,0.5253750066862315,0.47541666311765995,0.07154106293201785,0.2674716114506694,0.04734898263959481,0.21759821377850236,0.049438576841562026,0.22234787348108825,0.03439809743722719,0.18546724087349548,0.02972148756014475,0.172399209859398
2026-08-17,0.26938520294728213,False,calm,0.38244960158229047,0.6383058131146948,0.5258634363579546,0.5258634363579546,0.4256773233559141,0.44856225054383386,0.4415136725222344,0.46099212858341354,0.4118436065274681,0.0657810842134594,0.2564782334106725,0.029628210038215266,0.17212846957495226,0.03210441438541697,0.17917704759655173,0.024427226901826304,0.15629212040863194,0.012783558238696074,0.11306439863500833
2026-08-18,0.21486204609721954,False,calm,0.35780349302796377,0.7038379627426975,0.5659502653401037,0.5659502653401037,0.44771569986874893,0.45478446774943504,0.44452950872890395,0.46592591200999844,0.41665798963668077,0.12326293769113952,0.3510882192428842,0.05274714339167616,0.22966746263168442,0.05756276841146349,0.2399224216522155,0.05422082407475128,0.2328536537715294,0.02043225725065477,0.14294144693074423
2026-08-19,0.38718070460169696,False,calm,0.3316952998466344,0.8045571990618433,0.6275614718159703,0.6275614718159703,0.49800966427021404,0.4660474968005948,0.45156012588760375,0.454097864786938,0.40513190556097894,0.05778291324652268,0.24038076721427337,0.004144709885108269,0.06437942128590679,0.006219970911744137,0.07886679219889786,0.012283058301205785,0.11082895966851708,0.003078630140833122,0.055485404755062584
2026-08-20,0.4941873625061496,False,calm,0.38779363755828017,0.7486886209684419,0.5933859694370736,0.5933859694370736,0.49473661304927824,0.4933629952320547,0.48309736183126617,0.5134887897278813,0.4635568039043993,0.009840363617035957,0.09919860693092397,0.0001229881149689146,0.011090000674883416,6.795814025986658e-07,0.000824367274094906,3.0167615912712173e-07,0.0005492505431286543,0.011319624708282891,0.10639372494786942
2026-08-21,0.3386448697869806,False,calm,0.45869121869840945,0.8795851368267216,0.6734569922153011,0.6734569922153011,0.6101409407891009,0.5812274881968365,0.5705883425729663,0.5705577173300814,0.521019350719569,0.11209915732495666,0.3348121224283205,0.053797774568023295,0.2319434727859857,0.05884632675458173,0.24258261840985584,0.07371011656958833,0.27149607100212025,0.014411125886964514,0.12004634891142885
