date,actual,crisis_eval,regime_exante,M1,M2_raw,M2b_pooled,M2c_regime,M3,M9,M9c,w9,w9c,m9_c_active,m9_k_active,m9c_c_active,m9c_k_active,M2c_regime_sq_err,M2c_regime_abs_err,M9c_sq_err,M9c_abs_err,M9_sq_err,M9_abs_err,M3_sq_err,M3_abs_err,M1_sq_err,M1_abs_err
2025-02-24,0.5881866242372542,False,calm,0.5701072920542912,1.0541003225609393,0.7650337619719536,0.727186064241347,0.7349751101660675,0.6600821924593724,0.6524149198582634,0.4615837984604498,0.5239895032153479,0.9000000000000002,1.0,0.6500000000000001,1.0,0.019320844321451397,0.1389994400040928,0.004125273958379747,0.06422829562100918,0.005168972729981249,0.07189556822211818,0.02154685960127343,0.14678848592881333,0.000326862252181921,0.01807933218296298
2025-02-25,0.9444909365048862,False,calm,0.5811979340037776,1.0657234327484124,0.7736714616143666,0.7343574444126091,0.732092489058581,0.6641912318584335,0.6567445329784737,0.4311933120619438,0.4932543775638755,0.9000000000000002,1.0,0.6500000000000001,1.0,0.04415608449889511,0.21013349209227716,0.08279799274238506,0.28774640352641256,0.07856792442488862,0.2802997046464527,0.04511310047760087,0.2123984474463052,0.13198180566627052,0.36329300250110863
2025-02-26,0.9047966158371155,False,crisis,0.716956901754986,1.0842304145600519,0.7874249017520011,0.8237219357946018,0.7947774845514384,0.752414606683971,0.7773111226848128,0.5031745605166441,0.5652995053364758,0.9000000000000002,1.0,0.6500000000000001,1.0,0.006573103743995955,0.08107468004251361,0.016252550964285798,0.12748549315230262,0.02322027671354901,0.15238200915314448,0.01210420924885505,0.11001913128567709,0.03528375818645613,0.1878397140821294
2025-02-27,1.0079341642549853,False,calm,0.795154357397934,0.9975532242616242,0.7230108573550894,0.6922968880272931,0.7717788583868046,0.7591398640744909,0.737410691544649,0.49920634987288987,0.5613949692385397,0.9000000000000002,1.0,0.6500000000000001,1.0,0.09962689014443649,0.3156372762276922,0.07318294928726006,0.2705234727103363,0.061898603802301964,0.24879430018049442,0.05576932848969397,0.23615530586818068,0.045275246206124026,0.21277980685705122
2025-02-28,1.1626123882772232,True,crisis,0.8538083552025674,1.271321002045583,0.9264610353304554,0.9790514688106589,0.9271444164592217,0.8907977214847194,0.9253398328337128,0.5091259705359921,0.5711410038477682,0.9000000000000002,1.0,0.6500000000000001,1.0,0.03369461115541054,0.1835609194665644,0.05629826556669374,0.23727255544351045,0.07388321308351992,0.2718146667925039,0.05544516575208315,0.2354679718180015,0.09535993084317315,0.30880403307465587
2025-03-03,1.6372519033217243,True,crisis,0.9479562565539811,1.1567059902659262,0.8412850342174926,0.883893842253199,0.9035426773241967,0.8929068766156609,0.9109326008058896,0.5160658960546075,0.5779310091914465,0.9000000000000002,1.0,0.6500000000000001,1.0,0.5675483681769279,0.7533580610685253,0.5275397292070887,0.7263193025158348,0.5540495187820502,0.7443450267060634,0.5383292283138911,0.7337092259975276,0.4751284886529615,0.6892956467677432
2025-03-04,1.5758033738832995,True,crisis,1.1930868229694198,1.43931598414575,1.0513062939065727,1.1185271231948102,1.150711515273489,1.1190760289536277,1.149564256476548,0.5220095770906968,0.5837277594255117,0.9000000000000002,1.0,0.6500000000000001,1.0,0.20910156944372213,0.4572762506884893,0.18167978520768646,0.42623911740675147,0.20859986760650742,0.4567273449296718,0.1807030882563431,0.42509185860981047,0.14647195834341625,0.3827165509138797
2025-03-05,1.269187224885605,True,crisis,1.2865140613141168,1.5471180476254216,1.1314192611030214,1.2080283878148688,1.2375825372782923,1.2058602737915276,1.240851253613657,0.5200289591450735,0.58179799783329,0.9000000000000002,1.0,0.6500000000000001,1.0,0.003740403351844872,0.06115883707073633,0.0008029272679246738,0.0283359712719482,0.004010302734871682,0.06332695109407749,0.0009988562787558333,0.03160468760731283,0.0003002192606204014,0.017326836428511738
2025-03-06,1.198675575476957,True,crisis,1.1997334305859226,1.3984208892575158,1.020915155838102,1.0845745012216284,1.090195701348346,1.1074514173972496,1.1331795143210095,0.5160658960546075,0.5779310091914465,0.9000000000000002,1.0,0.6500000000000001,1.0,0.013019055146220001,0.11410107425532856,0.004289734026943604,0.06549606115594742,0.008321847017351426,0.0912241580797073,0.011767883090959247,0.10847987412861082,1.1190574315648791e-06,0.0010578551089657218
2025-03-07,1.3495043417044101,True,crisis,1.141535155044016,1.6434699281949647,1.2030230393446089,1.288023286624214,1.1716516320400152,1.1731450664386975,1.2259114244662461,0.5140835752316958,0.5759938946046054,0.9000000000000002,1.0,0.6500000000000001,1.0,0.003779920133774104,0.06148105508019608,0.015275209191439659,0.12359291723816401,0.031102593972247388,0.1763592752657126,0.03163158633496756,0.17785270966439493,0.043251182600185845,0.2079691866603941
2025-03-10,1.5742270034332668,True,crisis,1.19566217199085,1.483022577456757,1.0837867934737586,1.1548139552581627,1.1108494340167314,1.1379271045299788,1.172054720870857,0.5160658960546075,0.5779310091914465,0.9000000000000002,1.0,0.6500000000000001,1.0,0.17590730497953225,0.41941304817510416,0.16174254486145886,0.4021722825624099,0.19035760178301936,0.436299898903288,0.2147187718383761,0.4633775694165354,0.14331133160502546,0.3785648314424168
2025-03-11,1.4703681947215335,True,crisis,1.2939047679535434,1.9296592327165678,1.4157042592123257,1.5256282437895154,1.407016625691237,1.3571233822506126,1.428497218038754,0.5190384101256331,0.5808321733464907,0.9000000000000002,1.0,0.6500000000000001,1.0,0.003053673022995777,0.05526004906798199,0.0017531786883698557,0.04187097668277939,0.012824387551574038,0.11324481247092089,0.004013421298600406,0.06335156903029637,0.0311393409867018,0.1764634267679901
2025-03-12,1.135380702105227,False,crisis,1.2934950836346824,1.8956740698867287,1.390448228417829,1.4974125032609236,1.3955093776089704,1.3435292951725089,1.4113452837509917,0.5160658960546075,0.5779310091914465,0.9000000000000002,1.0,0.6500000000000001,1.0,0.13106702504803788,0.36203180115569666,0.07615645032292197,0.27596458164576476,0.04332583679588894,0.20814859306728195,0.0676669278193319,0.2601286755037435,0.025000157646442204,0.15811438152945545
2025-03-13,0.9053771017130573,False,crisis,1.162394191777595,1.7014572738517668,1.246116261964494,1.3361665280494852,1.2204876336225348,1.204687111114887,1.2609663358592336,0.5051585471176039,0.5672487704107819,0.9000000000000002,1.0,0.6500000000000001,1.0,0.18557952984326864,0.4307894263364279,0.12644370344066416,0.35558923414617627,0.08958648172812333,0.2993100094018296,0.09929464732027382,0.31511053190947746,0.06605778458524272,0.25701709006453777
2025-03-14,1.3763905340659452,True,calm,1.0219911953155985,1.8011944478959132,1.3202358167721988,1.1881380736499736,1.1987620626942759,1.1679185169708335,1.1136380354137518,0.4892873539262474,0.5516013362207842,0.9000000000000002,1.0,0.6500000000000001,1.0,0.035438988852666976,0.18825246041597166,0.0690388755479709,0.2627524986521934,0.04346058191170457,0.20847201709511176,0.03155187384183596,0.17762847137166937,0.12559889130668306,0.3543993387503468
2025-03-17,0.7844344466788685,False,crisis,1.1482783224822208,1.6173053980991472,1.1835789018799119,1.2663005249610586,1.175129845667156,1.1664257705467362,1.21625839053782,0.5140835752316958,0.5759938946046054,0.9000000000000002,1.0,0.6500000000000001,1.0,0.23219491739905773,0.4818660782821901,0.1864719184898988,0.4318239438589514,0.14591737151032622,0.3819913238678677,0.1526428947906171,0.3906953989882874,0.13238236595960526,0.3638438758033523
2025-03-18,0.6229559816489348,False,calm,0.9821499494957446,1.4599519479800431,1.0666418843429801,0.9775937651114524,1.0337068807861858,1.02173392907496,0.979731012418134,0.4684941781814415,0.5309129028996377,0.9000000000000002,1.0,0.6500000000000001,1.0,0.12576795745920746,0.3546377834625175,0.127288422580363,0.35677503076919914,0.15902385135331376,0.39877794742602524,0.1687163011420601,0.41075089913725094,0.12902030653753502,0.3591939678468098
2025-03-19,1.0633096873707888,False,calm,0.7902021362272823,1.5432409530474687,1.1285380031686625,1.028982516468935,0.9961379502534641,0.9354320735912329,0.9075079475390871,0.42924783197494437,0.49127072832821495,0.9000000000000002,1.0,0.6500000000000001,1.0,0.0011783546621250765,0.034327170901853776,0.024274182134585248,0.15580173983170165,0.016352684105953256,0.12787761377955587,0.004512042267358979,0.06717173711732471,0.07458773449160301,0.2731075511435065
2025-03-20,0.9658313334589435,False,crisis,0.9099462748661135,1.3950229041845073,1.018389947526674,1.0817533681989595,0.9924528519041804,0.9644047923120634,1.0069011600937414,0.502182525820668,0.56432411111103,0.9000000000000002,1.0,0.6500000000000001,1.0,0.01343791813826549,0.11592203474001606,0.0016867306598123606,0.04106982663479797,2.0350196437417385e-06,0.0014265411468800115,0.0007087052443300922,0.02662151844523697,0.0031231397739240416,0.055885058592829995
2025-03-21,0.6898582520213281,False,calm,0.9520221445110127,1.3317936224956413,0.9714011867711778,0.898520947308217,0.9854655928873742,0.9616001641692379,0.9222485333954195,0.4942462857369076,0.5565036423902198,0.9000000000000002,1.0,0.6500000000000001,1.0,0.04354012040438903,0.20866269528688886,0.05400524287712935,0.23239028137409135,0.07384366681780231,0.27174191214790977,0.08738369997389478,0.2956073408660461,0.06872990652534293,0.26216389248968464
2025-03-24,0.4967305455923468,False,calm,0.8091829266132812,1.218148129026008,0.8869456819646879,0.8284024484489542,0.8712034468365165,0.8433964737510644,0.8188346346337849,0.43997344208256983,0.502182525820668,0.9000000000000002,1.0,0.6500000000000001,1.0,0.11000625114452278,0.33167190285660736,0.10375104417721469,0.3221040890414381,0.12017726574614515,0.3466659281587176,0.14022995376622568,0.3744729012441697,0.09762649040565115,0.31245238102093437
2025-03-25,0.3340131517401923,False,calm,0.6857606533772516,1.1084090064974323,0.8060553990290263,0.7607899025555984,0.7501221985792218,0.7323266045306949,0.7193594893017481,0.38709879555538423,0.4478098380623681,0.9000000000000002,1.0,0.6500000000000001,1.0,0.18213839503655524,0.4267767508154061,0.1484917998721045,0.3853463375615558,0.15865360667389192,0.39831345279050256,0.17314673886128565,0.4161090468390295,0.123726304907913,0.35174750163705926
2025-03-26,0.87365515981938,False,calm,0.5841505224092408,1.0156780012837174,0.7370997665670517,0.7035936950752055,0.6523878034438947,0.6339101227961752,0.6298258381312719,0.3253340718414608,0.3824020636974112,0.9000000000000002,1.0,0.6500000000000001,1.0,0.028920901790934105,0.1700614647441745,0.05945273811488291,0.2438293216881081,0.05747768277725785,0.23974503702320482,0.048959242997396034,0.22126735637548534,0.08381293508197618,0.2895046374101392
2025-03-27,0.7419973152130416,False,calm,0.7273865763072895,1.1897423157347224,0.866535599429714,0.8109560451470841,0.8369853897603877,0.7942292087721523,0.7727441139521476,0.48036724200394953,0.5427524941173191,0.9000000000000002,1.0,0.6500000000000001,1.0,0.00475530643411621,0.0689587299340425,0.0009453656327030914,0.030746798739106018,0.002728170704770273,0.05223189355911073,0.009022734306212189,0.09498807454734615,0.00021347369137205633,0.014610738905752041
2025-03-28,0.8932205942986979,False,calm,0.7522061129870358,1.1481029937804172,0.8355722148095478,0.7852730355393214,0.8450527953546791,0.7901937315204058,0.7693363565391024,0.4556722421092255,0.5180477114246167,0.9000000000000002,1.0,0.6500000000000001,1.0,0.011652675442109055,0.10794755875937656,0.015347304365276003,0.12388423775959556,0.010614534453937029,0.1030268627782921,0.002320136855111418,0.04816779894401879,0.019885083939597117,0.14101448131166217
2025-03-31,1.405473840042248,True,calm,0.7936966718891035,1.4983864518964805,1.0960462314525634,1.001326827916337,1.0419479384592791,0.9401337942165151,0.9072057904739926,0.4843305296652037,0.5466889817777765,0.9000000000000002,1.0,0.6500000000000001,1.0,0.16333480741030124,0.404147012125911,0.24827104922055335,0.4982680495682553,0.21654135824909515,0.46534004582573285,0.13215108112171034,0.3635259015829688,0.37427130347348075,0.6117771681531444
2025-04-01,1.1056445212415345,False,crisis,1.0401182343879538,1.3564941292377635,0.9905337890080884,1.0529018434722621,1.0761837661716314,1.014578536351959,1.0474939006107913,0.515074794934899,0.5769627477025211,0.9000000000000002,1.0,0.6500000000000001,1.0,0.0027817900582732934,0.05274267776927233,0.003381494679740613,0.058150620630743166,0.008293013603908375,0.0910659848895754,0.0008679360892888205,0.02946075506990309,0.004293694268817735,0.06552628685358064
2025-04-02,1.1915565198361564,True,crisis,1.0639962631290025,1.233388934782657,0.8989916287193875,0.9509057938199975,0.9949446208305334,0.9811338190490662,1.000176584561069,0.502182525820668,0.56432411111103,0.9000000000000002,1.0,0.6500000000000001,1.0,0.057912771932104375,0.2406507260161589,0.036626279625896624,0.19137993527508734,0.04427771300653331,0.21042270078709024,0.038656238830597316,0.19661189900562304,0.016271619091194994,0.12756025670715387
2025-04-03,1.1069893947030318,False,crisis,1.0628893356239726,1.1248414443511674,0.818274711679471,0.8609712035479644,0.9208713627131851,0.9385922786636571,0.9477619265224415,0.5081342029187761,0.5701687506607562,0.9000000000000002,1.0,0.6500000000000001,1.0,0.06052495037921128,0.2460181911550674,0.0253533866232009,0.1592274681805903,0.028357588690378622,0.16839711603937468,0.034639921831773585,0.18611803198984667,0.0019448152107765142,0.04410005907905923
2025-04-04,1.7929399439684177,True,crisis,1.0670268956465314,2.490089482087666,1.8334857696489637,1.9921168652804602,1.617658760729035,1.451168781964022,1.58817468228042,0.5011904739409041,0.5633482188117489,0.9000000000000002,1.0,0.6500000000000001,1.0,0.03967144598334355,0.19917692131204245,0.04192881239415422,0.2047652616879978,0.11680752717783491,0.3417711620043957,0.030723493197798088,0.1752811832393828,0.5269497537239732,0.7259130483218863
2025-04-07,5.506178961625043,True,crisis,1.3348188476032328,3.557039954147812,2.626880001027666,2.8761147648527627,2.292270687055857,2.011845329509951,2.237486443374773,0.5239895032153479,0.5856549580578704,0.9000000000000002,1.0,0.6500000000000001,1.0,6.91723767914342,2.63006419677228,10.68435077886529,3.26869251825027,12.21036753253065,3.494333632115092,10.329206397344283,3.213908274569186,17.40024520085205,4.171360114021811
2025-04-08,3.9204256343254915,True,crisis,2.9211575114927917,3.1594733124496366,2.331245772099601,2.546719834718284,2.859105706642999,2.6114661258618663,2.7015057880879,0.5249791874789399,0.58661757891733,0.9000000000000002,1.0,0.6500000000000001,1.0,1.887067623874478,1.3737057996072077,1.4857655915518742,1.2189198462375916,1.7133749947973353,1.3089595084636252,1.1263999888959715,1.0613199276824927,0.9985367813095877,0.9992681228326998
2025-04-09,3.6903155364446882,True,crisis,3.1409541086100123,3.0772282170308225,2.2700875590679477,2.4785775043062896,2.847481839955774,2.684629177948602,2.753029966198001,0.5239895032153479,0.5856549580578704,0.9000000000000002,1.0,0.6500000000000001,1.0,1.4683090585306386,1.2117380321383986,0.8785042401926579,0.9372855702466873,1.011405051665119,1.0056863584960865,0.7103686399371673,0.8428336964889143,0.3017979783925538,0.5493614278346759
2025-04-10,3.1558798709015448,True,crisis,2.979487799064426,2.6934190538447704,1.9846835183029374,2.1605810246403183,2.4210760950783192,2.459205527801153,2.500679819245404,0.5229996305052238,0.5846916825858987,0.9000000000000002,1.0,0.6500000000000001,1.0,0.9906197933689285,0.9952988462612264,0.4292871076902097,0.6552000516561409,0.48535514033436256,0.6966743431003919,0.539936588964069,0.7348037758232255,0.03111416300699128,0.1763920718371188
2025-04-11,1.773139814298192,True,crisis,2.8959870699814783,3.309793976311638,2.4430256069543965,2.6712646515547607,2.5939586440539864,2.659536848228328,2.7648103561805684,0.5220095770906968,0.5837277594255117,0.9000000000000002,1.0,0.6500000000000001,1.0,0.8066282232971379,0.8981248372565687,0.9834104636372859,0.9916705418823764,0.7856997017601429,0.8863970339301361,0.6737435512816717,0.8208188297557943,1.2607859595954871,1.1228472556832862
2025-04-14,1.2442660599293136,True,crisis,2.3614998761217283,2.905765814745373,2.1425865321374853,2.3365161739586013,2.056844116895627,2.247875442104861,2.346988538096078,0.5190384101256331,0.5808321733464907,0.9000000000000002,1.0,0.6500000000000001,1.0,1.1930103115969921,1.0922501140292877,1.2159968638542502,1.1027224781667644,1.0072317919907836,1.0036093821755472,0.660283098663149,0.8125780569663132,1.2482114000438662,1.1172338161924147
2025-04-15,0.8063423729178759,False,crisis,1.7308432456777636,2.564986131735683,1.8891796104938823,2.054170805653165,1.6842069113977316,1.8105140764579173,1.9136201553935077,0.5031745605166441,0.5652995053364758,0.9000000000000002,1.0,0.6500000000000001,1.0,1.557075797542608,1.247828432735289,1.2260640875641524,1.1072777824756317,1.0083608101905086,1.0041717035400413,0.77064614792045,0.8778645384798557,0.8547018637337941,0.9245008727598877
2025-04-16,2.2433966764061983,True,calm,1.3223464598787218,2.3370183192738923,1.7196606383545545,1.5185924628098715,1.4586412057079072,1.5057402475617896,1.4251773054626127,0.4615837984604498,0.5239895032153479,0.9000000000000002,1.0,0.6500000000000001,1.0,0.5253411480469898,0.7248042135963269,0.669482938987317,0.8182193709435857,0.5441370070154863,0.7376564288444087,0.6158411487908965,0.7847554706982911,0.8483335013653114,0.9210502165274765
2025-04-17,0.9622639348749216,False,crisis,1.651796686954257,2.5221448959174966,1.8573224716168981,2.0186756599363886,1.8172240562904531,1.7588795978353162,1.8656002496185395,0.5210193507195688,0.5827631955203262,0.9000000000000002,1.0,0.6500000000000001,1.0,1.1160057328473447,1.056411725061467,0.8160164975345808,0.903336314743618,0.6345965144738291,0.7966156629603947,0.7309568092108605,0.8549601214155316,0.47545541619010234,0.6895327520793355
2025-04-21,1.5936167343836005,True,calm,1.323109244331698,2.2398501435081033,1.647405484863397,1.4586594217651552,1.5843204754262818,1.4798544281946961,1.3970797064451577,0.48333950343058846,0.5457053875844059,0.9000000000000002,1.0,0.6500000000000001,1.0,0.01821347622919279,0.13495731261844535,0.03862680335087627,0.19653702793844285,0.01294186230941803,0.11376230618890437,8.642043060152761e-05,0.00929625895731867,0.0731743021741801,0.27050749005190244
2025-04-22,1.0712559454361394,False,crisis,1.3280399243719252,2.4757647961310747,1.8228338007882852,1.980248467796921,1.7079975870772741,1.5824053293627975,1.7037080633936854,0.5140835752316958,0.5759938946046054,0.9000000000000002,1.0,0.6500000000000001,1.0,0.826267405707816,0.9089925223607815,0.3999956815089856,0.632452117957546,0.2612736926886021,0.5111493839266581,0.40543991819984715,0.6367416416411347,0.06593801183809406,0.25678397893578575
2025-04-23,1.3983672274854904,True,calm,1.242705929454564,2.195593893044115,1.6144961280187615,1.4313622984566272,1.5235813054550826,1.4246181719257542,1.3467690346826635,0.4892873539262474,0.5516013362207842,0.9000000000000002,1.0,0.6500000000000001,1.0,0.0010886747083903579,0.03299507097113685,0.0026623735005176924,0.05159819280282685,0.000689112084005821,0.02625094444026388,0.015678565321775133,0.12521407796959227,0.0242304397046729,0.15566129803092643
2025-04-24,1.0674367404653475,False,crisis,1.3115073282512062,1.9732283585083037,1.4472411234010898,1.556237405174052,1.4094071885227115,1.3800744150038797,1.4503301634682266,0.5051585471176039,0.5672487704107819,0.9000000000000002,1.0,0.6500000000000001,1.0,0.23892608981967128,0.4888006647087044,0.1466073733788617,0.3828934230028791,0.09774231554086119,0.3126376745385322,0.11694378734455428,0.341970448057364,0.05957045182213454,0.24407058778585866
2025-04-25,0.8364848084757647,False,calm,1.1944560898248573,1.7641776613385476,1.2915613028811783,1.15890893101909,1.2908185375143901,1.241775879326208,1.1749180366265786,0.4873043167507907,0.5496375478286825,0.9000000000000002,1.0,0.6500000000000001,1.0,0.10395731479783332,0.3224241225433254,0.11453704991658085,0.3384332281508139,0.164260852111099,0.40529107085044325,0.20641913734214312,0.45433372903862546,0.12814343827071123,0.3579712813490926
2025-04-28,1.096413624666469,False,calm,1.0536975271555167,1.5866879270634942,1.159384896152291,1.0501878624896848,1.1097091814581868,1.102376890773653,1.0518619738320893,0.46059774294903877,0.5229996305052238,0.9000000000000002,1.0,0.6500000000000001,1.0,0.002136821088824623,0.04622576217678431,0.0019848495920684883,0.04455165083437973,3.556054266508949e-05,0.0059632661071840065,0.00017677183040179007,0.013295556791717678,0.0018246649865651938,0.0427160975109524
2025-04-29,0.6400742965958788,False,calm,1.0878481847800434,1.4391252797373593,1.049495157623836,0.959798585848686,1.0736594726368174,1.0690825336077212,1.0172158549069712,0.4892873539262474,0.5516013362207842,0.9000000000000002,1.0,0.6500000000000001,1.0,0.10222362113821278,0.31972428925280727,0.14223575500531913,0.3771415583110924,0.18404806742400917,0.42900823701184243,0.18799610488245172,0.4335851760409386,0.20050145493956478,0.44777388818416464
2025-04-30,1.7648631376813666,True,calm,0.9451184289180784,1.30439225650645,0.9491596258190295,0.877268076060659,0.9394432492246875,0.9468178371634133,0.9123909056496093,0.42052102062508356,0.4823486082267353,0.9000000000000002,1.0,0.6500000000000001,1.0,0.7878249934134677,0.8875950616207076,0.7267089063852062,0.8524722320317573,0.6691981136995085,0.8180453005179533,0.6813179922598366,0.8254198884566791,0.6719813875454081,0.8197447087632882
2025-05-01,0.7537923132142923,False,crisis,1.2984998929994411,1.192587428710099,0.8658986955267879,0.9072470372058069,1.0686080470659953,1.07482047152553,1.0720041343656685,0.517056870810097,0.5788986719964989,0.9000000000000002,1.0,0.6500000000000001,1.0,0.023548352315311927,0.1534547239915146,0.10125876312047546,0.31821182115137625,0.10305907842870514,0.32102815831123777,0.09910894628058632,0.31481573385170303,0.29670634747539426,0.5447075797851488
2025-05-02,0.7165061983715736,False,calm,1.0998084404518547,1.0883240871069317,0.7882539015732588,0.7449158453907757,0.9223654719269314,0.9615130724569012,0.9201793819048395,0.4438881503467468,0.5061504834049864,0.9000000000000002,1.0,0.6500000000000001,1.0,0.0008071080437556601,0.028409647019202122,0.04148276569057542,0.2036731835332659,0.06002836834906358,0.24500687408532762,0.042378040508739646,0.20585927355535782,0.1469206087837704,0.3833022420802811
2025-05-05,0.6116731137904969,False,calm,0.9123132905028365,0.9947292618909516,0.7185539398487384,0.68758447663378,0.7496648696982128,0.8276322629098306,0.8001272396200008,0.437042275932167,0.49920634987288987,0.9000000000000002,1.0,0.6500000000000001,1.0,0.005762535008724572,0.07591136284328304,0.03551495754216246,0.18845412582950383,0.046638354088346594,0.21595914911933367,0.01904172469849463,0.13799175590771584,0.09038451585362675,0.30064017671233956
2025-05-06,0.8008047905030211,False,calm,0.8424554089844539,1.0389167432732709,0.7514603078444422,0.714651451583802,0.7569615803765531,0.805067094328346,0.7820746119599038,0.41088271992334535,0.4724485708628156,0.9000000000000002,1.0,0.6500000000000001,1.0,0.007422397806929825,0.08615333891921906,0.00035081958825705227,0.018730178543117315,1.8167233899379165e-05,0.004262303825324887,0.0019222270741936233,0.04384321012646797,0.0017347740198858724,0.04165061848143281
2025-05-07,0.9762415402101314,False,calm,0.899233514310501,1.1326944907262078,0.8212964915543663,0.772094869080636,0.8330972795226832,0.8637197764078954,0.8333696301155431,0.4556722421092255,0.5180477114246167,0.9000000000000002,1.0,0.6500000000000001,1.0,0.04167586333325438,0.20414667112949547,0.02041238269407613,0.14287191009458833,0.012661147329166187,0.112521763802236,0.020490279367756138,0.14314426068744823,0.005930236052958148,0.0770080258996304
2025-05-08,1.0754790851222302,False,calm,0.952368210097964,1.0363017551506781,0.7495129291124001,0.7130496445607581,0.8586862025352662,0.8551240973704557,0.8227131848613383,0.47937678652018306,0.5417675178922499,0.9000000000000002,1.0,0.6500000000000001,1.0,0.1313550993857016,0.3624294405614721,0.06389060033469918,0.25276590026089196,0.048556320627084704,0.22035498775177453,0.04699915394036518,0.21679288258696405,0.015156287549240493,0.12311087502426621
2025-05-09,0.5444393039334218,False,calm,1.006318642825927,0.9506266393546379,0.6857107661408057,0.6605694818416502,0.8336059095851452,0.8500850405329623,0.8162819218187047,0.4873043167507907,0.5496375478286825,0.9000000000000002,1.0,0.6500000000000001,1.0,0.013486218220996788,0.11613017790822844,0.07389840889872397,0.27184261788528297,0.09341931630147571,0.30564573659954053,0.08361732582413936,0.2891666056517235,0.21333252369577768,0.4618793388925052
2025-05-12,0.7082477544064372,False,calm,0.8032463278979813,0.9119995675489067,0.6569452289417461,0.6369085273755563,0.7013222651234272,0.7460614121100393,0.7281052178082444,0.39087140285288263,0.4517380286004605,0.9000000000000002,1.0,0.6500000000000001,1.0,0.00508928531336357,0.07133922703088091,0.0003943188527541153,0.019857463401807274,0.001429872708925188,0.03781365770360212,4.796240180908575e-05,0.006925489283009956,0.009024728965428318,0.09499857349154417
2025-05-13,0.6590053463072321,False,calm,0.7623354207791594,0.834511409410169,0.5992398841867301,0.5894432731983,0.6240795790073624,0.6915331203247386,0.6765411105917305,0.43411550023808154,0.49623023016302137,0.9000000000000002,1.0,0.6500000000000001,1.0,0.004838882015212405,0.06956207310893203,0.0003075030290414909,0.017535764284498434,0.0010580560825339713,0.032527774017506506,0.0012198092214846423,0.034925767299869626,0.010677104290374047,0.10333007447192732
2025-05-14,0.4135505018340854,False,calm,0.7504271962845832,0.7716816315919496,0.5524506188722808,0.5509569877364255,0.5943159208094759,0.6669823811071205,0.6540153647357208,0.4214883208314183,0.48333950343058857,0.9000000000000002,1.0,0.6500000000000001,1.0,0.018880542368029992,0.13740648590234011,0.05782335029030227,0.24046486290163532,0.06422771743186222,0.25343187927303507,0.032676136697348465,0.1807654189753905,0.11348590726389404,0.3368766944504978
2025-05-15,0.47957514899052056,False,calm,0.6196685871979053,0.7168760044659063,0.5116369296094545,0.5173858836559285,0.5149578821512312,0.582324501942902,0.5783283816674574,0.3456772402518015,0.40417591732390934,0.9000000000000002,1.0,0.6500000000000001,1.0,0.0014296516559378835,0.03781073466540796,0.00975220096414522,0.09875323267693681,0.010557429532133051,0.10274935295238141,0.0012519378059220503,0.03538273316071061,0.019626171428766326,0.14009343820738474
2025-05-16,0.5414829760560469,False,calm,0.5710847422046816,0.6669745140110157,0.474475345444131,0.4868188010828146,0.4873388636199594,0.5354001330789323,0.5349137696687919,0.36936996112494874,0.42924783197494437,0.9000000000000002,1.0,0.6500000000000001,1.0,0.0029881720255041547,0.05466417497323228,4.3154472558351886e-05,0.006569206387255,3.700097868423227e-05,0.006082842977114589,0.0029315849114916873,0.05414411243608752,0.0008762645591184579,0.029601766148634745
2025-05-19,0.535827431594898,False,calm,0.6026309706590247,0.6218471388775237,0.44086903962247725,0.45917609563576417,0.48332166110596275,0.5401653494399201,0.5385312027456982,0.38615773698319317,0.44682878781869934,0.9000000000000002,1.0,0.6500000000000001,1.0,0.0058754273043200005,0.07665133595913382,7.310378435899585e-06,0.002703771150800227,1.881753123016146e-05,0.004337917845022132,0.002756855934636742,0.05250577048893523,0.004462712831492305,0.06680353906412673
2025-05-20,0.531089983707503,False,calm,0.5928695872117895,0.5824873595752018,0.4115578559696762,0.43506632229981146,0.46733009021673616,0.5231954458983039,0.5226679743753563,0.384278175693148,0.4448679365131724,0.9000000000000002,1.0,0.6500000000000001,1.0,0.009220543550138998,0.09602366140769159,7.093024119076716e-05,0.008422009332146763,6.232372722087462e-05,0.007894537809199131,0.004065324017953937,0.06375989349076688,0.003816719409146844,0.06177960350428646
2025-05-21,1.1525192922045666,True,calm,0.5817937640557302,0.6266834628939347,0.4444706447117901,0.46213857860395535,0.4917823643831476,0.5294097568519043,0.5289145606173948,0.3814653166494472,0.4419298941260467,0.9000000000000002,1.0,0.6500000000000001,1.0,0.47662552971168926,0.6903807136006113,0.38888286125790855,0.6236047315871718,0.38826549304741076,0.6231095353526623,0.4365732877868871,0.660736927821419,0.3257276284807682,0.5707255281488364
2025-05-22,0.6291480926353333,False,calm,0.8372512996693354,1.0211138042750432,0.7382024790713554,0.7037462882020618,0.8239829827280979,0.7882967879821624,0.7629552745104495,0.4942462857369076,0.5565036423902198,0.9000000000000002,1.0,0.6500000000000001,1.0,0.0055648907818118595,0.07459819556672842,0.017904361921360426,0.1338071818751162,0.025328307230597813,0.15914869534682907,0.03796063439745964,0.19483489009276456,0.04330694477783674,0.2081032070340021
2025-05-23,0.6799356696990553,False,calm,0.7530309953758293,0.9435005068688983,0.6800084480194409,0.656254019182048,0.731300405471835,0.7230974092801852,0.707404558082051,0.4099225126939549,0.4714596290177347,0.9000000000000002,1.0,0.6500000000000001,1.0,0.0005608205712096733,0.023681650517007324,0.00075453982899748,0.02746888838299577,0.0018629357636692754,0.0431617395811299,0.0026383360810074714,0.05136473577277967,0.005342926635793659,0.07309532567677401
2025-05-27,1.4619502625835648,True,calm,0.6877738392646374,1.01761015823544,0.7352135906054682,0.7016944409296512,0.7174205799474004,0.707815057481584,0.6945160116423119,0.4224562239578475,0.4843305296652037,0.9000000000000002,1.0,0.6500000000000001,1.0,0.5779889143586673,0.7602558216539136,0.5889553295177619,0.7674342509412528,0.5687199075742065,0.7541352051019807,0.5543244483263077,0.7445296826361644,0.599349134422887,0.7741764233189273
2025-05-28,0.5631100357277177,False,crisis,1.0230768090644147,0.9294093697664136,0.6695117958479921,0.6859069864306772,0.824817840474533,0.844119706709832,0.8314892867963899,0.5061504834049864,0.5682226267210854,0.9000000000000002,1.0,0.6500000000000001,1.0,0.015079091101945061,0.12279695070295948,0.0720274224041814,0.2683792510686722,0.07896643518547618,0.2810096709821144,0.06849097506539721,0.2617078047468153,0.2115694325737724,0.459966773336697
2025-05-29,0.7944264323312453,False,calm,0.829412211637133,0.9834127939763878,0.7097395756131428,0.6807262859601717,0.7451117195071417,0.7826356005113336,0.762245124691188,0.39087140285288263,0.4517380286004605,0.9000000000000002,1.0,0.6500000000000001,1.0,0.012927723284803565,0.11370014637107362,0.0010356365614240125,0.03218130764005733,0.00013902371500544214,0.011790831819911696,0.0024319409009238083,0.0493147128241036,0.0012240047536402762,0.03498577930588764
2025-05-30,0.9489147299690052,False,calm,0.7456337097058472,0.9048293771242956,0.6512018730032566,0.6325427695317174,0.6579601329843923,0.7030680496148707,0.6876076253533387,0.4507553975153047,0.5130922447294516,0.9000000000000002,1.0,0.6500000000000001,1.0,0.10009121735093278,0.31637196043728777,0.06828140292262283,0.2613071046156664,0.06044059024114797,0.24584668035413448,0.08465457750647852,0.2909545969846129,0.04132317319923044,0.20328102026315797
2025-06-02,0.7679393697908469,False,calm,0.8560976380197803,0.8691591645981712,0.6246307161799819,0.6106715358782624,0.6918286352423608,0.7469703289193119,0.725070387161953,0.4714596290177347,0.5338765914241436,0.9000000000000002,1.0,0.6500000000000001,1.0,0.024733171583556257,0.15726783391258448,0.0018377496716364006,0.042868982628893826,0.0004397006750721032,0.02096904087153495,0.005792843913510108,0.07611073454848605,0.00777188025712458,0.08815826822893347
2025-06-03,0.4828770558205888,False,calm,0.8154405541254929,0.8027900500484423,0.575191589636198,0.5699772335769533,0.6287324564385014,0.7090321734631015,0.69144265974653,0.4429088004128847,0.5051585471176039,0.9000000000000002,1.0,0.6500000000000001,1.0,0.007586440965190289,0.08710017775636447,0.04349961114099256,0.20856560392594115,0.051146137235898774,0.22615511764251273,0.021273797889411774,0.14585540061791258,0.11059848040479593,0.33256349830490406
2025-06-04,0.2710307127862875,False,calm,0.6351634360382461,0.7435954542931896,0.5310968457164297,0.5336819960917053,0.5367662464337605,0.5973952426123814,0.5922919701166254,0.3629233292747463,0.4224562239578475,0.9000000000000002,1.0,0.6500000000000001,1.0,0.06898569662198285,0.2626512833054178,0.10320879546146958,0.3212612573303379,0.10651380632860735,0.32636452982609393,0.07061537384290725,0.265735533647473,0.1325926401428875,0.3641327232519586
2025-06-05,0.8148345623530572,False,calm,0.49584762967431945,0.7096353324989549,0.5057995553997195,0.5128593066244778,0.4450682238157871,0.4988308780066608,0.5018817893329472,0.2997659362275273,0.3547069272657261,0.9000000000000002,1.0,0.6500000000000001,1.0,0.09118905507234093,0.3019752557285794,0.09793943814097644,0.31295277302010993,0.0998583285204969,0.31600368434639636,0.13672714511525902,0.3697663385372701,0.10175266321978955,0.31898693267873773
2025-06-06,0.46612221353586275,False,calm,0.6581612371548186,0.7707413885080212,0.5513181683286321,0.5503265582601834,0.5735817595505548,0.6096860653733089,0.6025114369652977,0.45370441259385347,0.5160658960546076,0.9000000000000002,1.0,0.6500000000000001,1.0,0.0070903716704522265,0.08420434472432065,0.01860202026768434,0.136389223429435,0.0206105795544042,0.1435638518374462,0.011547554029683717,0.10745954601469204,0.03687898659252187,0.1920390236189558
2025-06-09,0.3253149532754719,False,calm,0.597780157698691,0.7133871374374054,0.5085943186021225,0.5151597303287363,0.5392984892183397,0.565820552962554,0.5632759828312766,0.3583484223491107,0.41762280789123635,0.9000000000000002,1.0,0.6500000000000001,1.0,0.03604103937440367,0.1898447770532644,0.05662545158725854,0.23796102955580467,0.05784294348084297,0.24050559968708207,0.04578895365461259,0.2139835359428678,0.07423728762138657,0.2724652044232191
2025-06-10,0.4219236173289739,False,calm,0.46518406783327815,0.6652540708351835,0.47273943660117906,0.4856468827295384,0.4513753449878104,0.46755731994363137,0.4727613415310603,0.31411466246835557,0.370294787701323,0.9000000000000002,1.0,0.6500000000000001,1.0,0.00406065455331078,0.0637232654005645,0.0025844742020474046,0.05083772420208643,0.0020824348143229977,0.04563370261465749,0.0008674042620902764,0.029451727658836524,0.0018714665778353597,0.04326045050430427
2025-06-11,0.614103776306227,False,calm,0.4702320400082648,0.6203676403756794,0.43930301168212393,0.45812471398074334,0.43170958360698264,0.45965134751510883,0.46538475945065394,0.3420958583497839,0.40035929870826814,0.9000000000000002,1.0,0.6500000000000001,1.0,0.02432946788393713,0.1559790623254837,0.022117345974488233,0.1487190168555731,0.02385555275947544,0.1544524287911182,0.0332676415304091,0.1823941926992444,0.020699076505390386,0.14387173629796224
2025-06-12,0.3130604411270663,False,calm,0.5718547568574346,0.6501128996512848,0.4614606018109247,0.4763630554322529,0.49286756256138226,0.5273415532579274,0.5274946848755719,0.4032206558468011,0.4645437385637026,0.9000000000000002,1.0,0.6500000000000001,1.0,0.02666774383890852,0.16330261430518656,0.04598204489199352,0.21443424374850562,0.04591639501603867,0.2142811121308611,0.03233060091849484,0.17980712143431593,0.06697449785434953,0.25879431573036826
2025-06-13,0.7360493609284423,False,calm,0.4694204465260345,0.6073326613241,0.4295931039456912,0.4501323009191114,0.4369422947275008,0.4570120183007059,0.46233160574877974,0.3115555149153412,0.3675231886838482,0.9000000000000002,1.0,0.6500000000000001,1.0,0.08174856520437934,0.2859170600093309,0.0749214095005937,0.27371775517966257,0.07786183858074874,0.2790373426277364,0.0894650370513344,0.2991070662009415,0.07109097799540652,0.2666289144024078
2025-06-16,0.4371522635962528,False,calm,0.5849091676552327,0.836946672887034,0.6006352558698367,0.5909204078955433,0.6140625309196294,0.5917667829707314,0.5879040534634551,0.4360661864487266,0.4982142933065695,0.9000000000000002,1.0,0.6500000000000001,1.0,0.023644642201247436,0.15376814429929053,0.02272610214816511,0.15075178986720228,0.023905649601401006,0.15461451937447857,0.03129724268442856,0.17691026732337656,0.02183210269709459,0.1477569040589799
2025-06-17,0.5189767105811125,False,calm,0.5527957936282546,0.7727632653067811,0.5528242879083191,0.5515662744477948,0.5592180026910247,0.5528057203184218,0.552295322720314,0.3483748368016495,0.4070460354701607,0.9000000000000002,1.0,0.6500000000000001,1.0,0.0010620796730205662,0.032589563866682325,0.001110129914882546,0.03331861213920151,0.0011444018998069668,0.03382900973730929,0.0016193615906752842,0.04024129210991223,0.0011437303781494938,0.033819083047142096
2025-06-18,0.5511595753701348,False,calm,0.5377589947837327,0.908382897106297,0.6538489314318333,0.6347216145767716,0.6145613871183226,0.5812849535990559,0.5799465184427759,0.3749330912916405,0.4350905921177676,0.9000000000000002,1.0,0.6500000000000001,1.0,0.006982614396371495,0.08356203920663674,0.0008286880914674776,0.02878694307264107,0.0009075384134355491,0.03012537822892103,0.004019789732952647,0.06340181174818782,0.00017957556005265805,0.013400580586402144
2025-06-20,0.6559222500288283,False,calm,0.5598375108423445,0.8542688357042828,0.6135387367335495,0.6015415128323803,0.60309419817116,0.5805241643458574,0.5784311630390964,0.38521752828180644,0.4458481514842225,0.9000000000000002,1.0,0.6500000000000001,1.0,0.002957264578029141,0.05438073719644798,0.006004868562850204,0.07749108698973195,0.005684871324656622,0.0753980856829709,0.002790803063076498,0.05282805185766837,0.009232277104534626,0.09608473918648386
2025-06-23,0.8774988172408712,False,calm,0.619737102418834,0.8479156730516603,0.6088061918673542,0.5976460635212177,0.6180893229837582,0.615182651203556,0.6091690477908498,0.41665798963668077,0.4783864931370242,0.9000000000000002,1.0,0.6500000000000001,1.0,0.078317563764473,0.27985275371965346,0.07200086517310164,0.2683297694500214,0.06880977096451633,0.2623161660373152,0.06729328571073115,0.259409494257113,0.06644110162799725,0.25776171482203725
2025-06-24,0.45332340076537014,False,calm,0.7251221182247147,0.782416082046558,0.560014783540805,0.5574849106256707,0.6404393836432007,0.6487483928850972,0.6371160731881302,0.46257015465625034,0.5249791874789399,0.9000000000000002,1.0,0.6500000000000001,1.0,0.010849620136377499,0.1041615098603006,0.0337797464363,0.1837926724227601,0.03819092754499539,0.19542499211972708,0.035012391048336595,0.1871159828778306,0.07387454281254463,0.2717987174593446
2025-06-25,0.34833517305031647,False,calm,0.6064118604596869,0.7229225761493128,0.5162284986539087,0.5215803619218841,0.5383127430466279,0.5744231973030661,0.5702782604765647,0.354706927265726,0.42594555802901707,0.9000000000000002,1.0,0.6000000000000002,1.0,0.030013895467145127,0.1732451888715676,0.04925873405629527,0.22194308742624824,0.05111579471051191,0.22608802425274965,0.03609147710170341,0.18997756999631144,0.06660357658419389,0.2580766874093704
2025-06-26,0.3498234665023177,False,calm,0.4894889807534395,0.6759158231652567,0.48116457266398877,0.49270587361583096,0.4447539178345663,0.48682408828717116,0.490739085397524,0.3201299645130906,0.38860624135151856,0.9000000000000002,1.0,0.6000000000000002,1.0,0.02041538226255174,0.14288240711351324,0.019857211648619012,0.14091561889520626,0.018769170369436462,0.13700062178485345,0.009011790590144418,0.09493045133224859,0.019506455871030302,0.13966551425112178
2025-06-27,0.6068665642847654,False,calm,0.4613279831005148,0.6290372564617485,0.44619626515372807,0.463910125342299,0.4115375215355759,0.45645769168910755,0.4623362929814125,0.3218597801343157,0.3904935462428162,0.9000000000000002,1.0,0.6000000000000002,1.0,0.020436543435111126,0.1429564389424664,0.020888999323020793,0.1445302713033529,0.02262282895549683,0.15040887259565783,0.0381534349413147,0.1953290427491895,0.02118147861312469,0.14553858118425056
2025-06-30,0.4766040501263626,False,calm,0.5464645470767908,0.5879307441895986,0.41553352815287026,0.43865993398559316,0.4441477990287698,0.494418848834398,0.49568166246522954,0.39750472172399953,0.4710641145625312,0.9000000000000002,1.0,0.6000000000000002,1.0,0.0014397559497041988,0.037944116140769424,0.00036395529255208874,0.019077612338866956,0.0003173670530078208,0.01781479870803543,0.0010534082353099948,0.032456251097592814,0.004880489034160792,0.06986049695042823
2025-07-01,0.3562729129045851,False,calm,0.5224498621804146,0.5509033450984238,0.38791353955734753,0.41591538912361714,0.4345258475465603,0.4737468618648685,0.47624313331478546,0.3620063293390161,0.43372560580456077,0.9000000000000002,1.0,0.6000000000000002,1.0,0.0035572249695377993,0.059642476219032015,0.01439285378527205,0.11997022041020033,0.013800128684323258,0.11747394896028335,0.006123521780081241,0.07825293464197519,0.02761477847062159,0.16617694927582943
2025-07-02,0.3046312901557792,False,calm,0.4510236703334233,0.5375887351961339,0.3779817219660134,0.40773672279340445,0.38735393344696023,0.4273876980165005,0.4340385588886773,0.3235944939205476,0.39238413447941217,0.9000000000000002,1.0,0.6000000000000002,1.0,0.010630730239391874,0.10310543263762523,0.016746241200908504,0.1294072687328981,0.015069135670867755,0.12275640786072128,0.006843035713079974,0.08272264329118101,0.02143072897407587,0.14639238017764405
2025-07-03,0.32746909306703254,False,calm,0.40722447242209936,0.5054274394448316,0.3539915243374708,0.3879812430138614,0.34409990255710515,0.3908651475350571,0.4000167059397776,0.30731577858574605,0.37456116795219985,0.9000000000000002,1.0,0.6000000000000002,1.0,0.0036617202911874993,0.06051214994682885,0.005263156133533688,0.07254761287274508,0.004019059722112734,0.06339605446802454,0.00027658382429508944,0.016630809490072618,0.006360920536070619,0.07975537935506682
2025-07-07,0.6483547437505682,False,calm,0.4034519962818389,0.47493926570293177,0.33124936497121127,0.36925349943876284,0.32586311078043817,0.38077209111837407,0.3903872382514294,0.31411466246835557,0.38202725957104877,0.9000000000000002,1.0,0.6000000000000002,1.0,0.07789750457639807,0.2791012443118054,0.06654723389344822,0.2579675054991388,0.07160047598968149,0.26758265263219416,0.10400085333574108,0.32249163297013006,0.0599773557177322,0.2449027474687293
2025-07-08,0.2771296132699088,False,calm,0.5247593672153699,0.6296165287201283,0.4466283639120221,0.4642659506011992,0.4824563482551274,0.4924313058668169,0.4952446783225498,0.4137673904306278,0.48789918878389443,0.9000000000000002,1.0,0.6000000000000002,1.0,0.0350200087497705,0.18713633733129037,0.04757418160291781,0.218115065052641,0.0463548188350935,0.21530169259690807,0.04215906809969019,0.20532673498521858,0.06132049503908958,0.24762975394546105
2025-07-09,0.41300518200640984,False,calm,0.4352893399126311,0.6128259842399164,0.43410372922422946,0.45395214780757537,0.43392904968041174,0.4349329458624339,0.44214147004858756,0.30059955909947805,0.36715429824537293,0.9000000000000002,1.0,0.6000000000000002,1.0,0.001676654008321819,0.040946965801165525,0.0008489232808767482,0.029136288042177716,0.00048082682772555575,0.021927763856024074,0.00043780823843914146,0.020923867674001895,0.0004965836935894024,0.022284157906221236
2025-07-10,0.4059546492093101,False,calm,0.42339987922735617,0.5729174287565744,0.40433458868590816,0.4294378164516937,0.3968478808530369,0.4169963873413355,0.4258495056483519,0.33587171787912035,0.4057058445592643,0.9000000000000002,1.0,0.6000000000000002,1.0,0.0005514591437337574,0.023483167242383585,0.0003958053127300815,0.019894856439041764,0.00012191998097622284,0.011041738132025358,8.293322989481926e-05,0.00910676835627322,0.00030433605038253473,0.017445230018046043
2025-07-11,0.36749856488831284,False,calm,0.44774525707639146,0.5380842241747642,0.3783513239438698,0.40804108312061294,0.3890949776701531,0.42462171153428563,0.4317508770222413,0.33322142870828225,0.402838756246743,0.9000000000000002,1.0,0.6000000000000002,1.0,0.0016436957846163857,0.040542518232300095,0.00412835961455577,0.06425231213392846,0.003263053882737312,0.05712314664597279,0.00046640504504363373,0.02159641278184027,0.0064395316071282375,0.08024669218807862
2025-07-14,0.3438024373501125,False,calm,0.43499223385266295,0.5909143773011192,0.4177591209445893,0.44049266809120935,0.4079300265374594,0.4293706946399597,0.437166148811522,0.32620567408164575,0.39522606117613135,0.9000000000000002,1.0,0.6000000000000002,1.0,0.009349000720766549,0.09669023074109684,0.008716782617849325,0.09336371146140948,0.007321926655621485,0.08556825728984718,0.004112347694981131,0.0641275891873469,0.00831557898617656,0.09118979650255044
2025-07-15,0.37981125032822277,False,calm,0.40517041866574166,0.5547053230689772,0.39074956344140543,0.41825080183523017,0.3858937324781299,0.40060354780166846,0.4102042953541994,0.3166851613880931,0.3848416841641007,0.9000000000000002,1.0,0.6000000000000002,1.0,0.0014775991200598746,0.0384395515070074,0.000923737185951042,0.030393045025976617,0.00043231963422425587,0.020792297473445687,3.6996589103939014e-05,0.006082482149907142,0.0006430874187706206,0.02535916833751889
2025-07-16,0.7586478847819426,False,calm,0.4178082118118448,0.6221720919172544,0.4410753068612374,0.4596931118117886,0.4247667789404323,0.42547946773311307,0.43452138882770114,0.32970406941577035,0.3990263081893179,0.9000000000000002,1.0,0.6000000000000002,1.0,0.08937395628163629,0.29895477297015394,0.10505798537957488,0.3241264959542414,0.11100119411882278,0.3331684170488295,0.11147659283794978,0.33388110584151026,0.1161716826703632,0.34083967297009776
2025-07-17,0.31064468530491013,False,calm,0.578093867226047,0.5823650311502284,0.41138187466257703,0.4352411248599203,0.4823407324100054,0.5044188540029305,0.5042874984188618,0.44192989412604666,0.5166604965694114,0.9000000000000002,1.0,0.6000000000000002,1.0,0.015524272749785299,0.12459643955501015,0.03749753907068481,0.19364281311395165,0.037548428454608866,0.1937741686980204,0.0294795325915151,0.17169604710509528,0.07152906491028539,0.2674491819211369
2025-07-18,0.29315117885563796,False,calm,0.47338046549788126,0.5453591098537508,0.38377790708011905,0.4125097730030437,0.4088829018721477,0.4457684374107758,0.45052405289510933,0.30816115716660036,0.3754912531134818,0.9000000000000002,1.0,0.6000000000000002,1.0,0.01424647399684512,0.11935859414740574,0.02476622148344332,0.15737287403947137,0.0232920276088858,0.15261725855513786,0.013393831712370132,0.11573172301650975,0.0324825957635719,0.1802292866422433
2025-07-21,0.3591948487057733,False,calm,0.38916737920704625,0.5404520115168293,0.3801175365591125,0.4094955262288802,0.3526951189849736,0.3864242964645454,0.39668726375846053,0.30310833560483835,0.36992474244393236,0.9000000000000002,1.0,0.6000000000000002,1.0,0.002530158159283592,0.05030067752310691,0.001405681186482969,0.037492415052687245,0.0007414428252477,0.02722944775877212,4.224648644344704e-05,0.006499729720799707,0.0008983525846497382,0.029972530501272965
2025-07-22,0.39790997131504957,False,calm,0.40977106789114537,0.5090423587978918,0.356688014875718,0.3902017526206974,0.3470987481222646,0.39240874363062783,0.40201819527245586,0.327078479368388,0.3961749561261982,0.9000000000000002,1.0,0.6000000000000002,1.0,5.941663543996036e-05,0.007708218694352176,1.6877504084206977e-05,0.004108223957406287,3.0263506035848168e-05,0.005501227684421739,0.0025817804023470095,0.05081122319278497,0.00014068561198747145,0.011861096576095798
2025-07-23,0.4278206006179598,False,calm,0.43450089105882794,0.4907993941936806,0.3430799709222087,0.37899578252719396,0.35223384322210183,0.40379518956245175,0.41198214412464773,0.33587171787912035,0.4057058445592643,0.9000000000000002,1.0,0.6000000000000002,1.0,0.0023838628615963746,0.04882481809076583,0.0002508567040905389,0.01583845649331206,0.0005772203763861279,0.02402541105550804,0.0057133578936202885,0.07558675739585796,4.462628037435442e-05,0.006680290440868153
2025-07-24,0.23985806899519158,False,calm,0.4344475443221321,0.4613934211163586,0.32114506161259254,0.3609327943000079,0.3546572061397753,0.3951796971121307,0.40377448494077894,0.34657534654971184,0.4172368044796737,0.9000000000000002,1.0,0.6000000000000002,1.0,0.014659089107636733,0.12107472530481633,0.02686859141644681,0.16391641594558737,0.02412480816089673,0.15532162811693911,0.013178841889140943,0.11479913714458373,0.037865063908014,0.19458947532694054
2025-07-25,0.23274594787412156,False,calm,0.36482150634152666,0.44357044942497886,0.3082106279490774,0.34983096336029784,0.3075810660152669,0.34808632614424806,0.35940032922451015,0.295617744725026,0.36163981009926877,0.9000000000000002,1.0,0.6000000000000002,1.0,0.013708900851398139,0.11708501548617628,0.01604133231524966,0.1266543813503886,0.01330340285949587,0.1153403782701265,0.005600294907199182,0.07483511814114535,0.017443953144476942,0.1320755584674051
2025-07-28,0.2725642590800418,False,calm,0.32742371148835125,0.4198609664300667,0.290507422811233,0.3352385199508464,0.272578575636792,0.31657151031194586,0.3302355548712195,0.29396782735453814,0.3598096353049295,0.9000000000000002,1.0,0.6000000000000002,1.0,0.003928062975701673,0.06267426087080463,0.003325978358233516,0.057671295791177746,0.001936638160987923,0.044007251231904077,2.0496379718214682e-10,1.4316556750215703e-05,0.003009559518539572,0.05485945240830947
2025-07-29,0.3747443385066344,False,calm,0.33588774641918795,0.41731050717857,0.2886030665106486,0.33366879224722823,0.28099750415960584,0.3217527650768377,0.3350771354189679,0.2989336370615362,0.3653121864631008,0.9000000000000002,1.0,0.6000000000000002,1.0,0.0016872005005086172,0.04107554625940618,0.0015734870007981807,0.039667203087666525,0.0028081068545655367,0.05299157342979671,0.008788468950089216,0.09374683434702857,0.001509834748650207,0.03885659208744646
2025-07-30,0.6690684503138303,False,calm,0.377903067741653,0.4639074846641161,0.3233957210534389,0.3623477709139174,0.3340315481640291,0.35974005180310864,0.37163679131451904,0.33322142870828225,0.402838756246743,0.9000000000000002,1.0,0.6000000000000002,1.0,0.09407757517154418,0.30672067939991293,0.08846559177508259,0.2974316589993113,0.09568405812520785,0.3093283985107217,0.1122497258021355,0.33503690214980125,0.08477728000840239,0.29116538257217733
2025-07-31,0.7077006106330667,False,calm,0.5116907916746998,0.4772482353250491,0.333356884934322,0.37055858466726,0.4113551994776903,0.43635252282950876,0.4415727209029725,0.4224562239578475,0.4968254394833558,0.9000000000000002,1.0,0.6000000000000002,1.0,0.11366474567232866,0.33714202596580667,0.07082405369219316,0.26612788973009416,0.07362978475464736,0.2713480878035579,0.08782060271284908,0.2963454111553764,0.038419849128091765,0.1960098189583669
2025-08-01,0.6577124084102439,False,calm,0.597466672009569,0.5418057039694276,0.3815601338552976,0.41029168251897974,0.4777115205025097,0.5041590228840306,0.5026165654556853,0.43216685295036067,0.5067456224361245,0.9000000000000002,1.0,0.6000000000000002,1.0,0.06121701560056009,0.24742072589126418,0.024054720501785098,0.15509584295455858,0.023578642206561903,0.15355338552621334,0.0324003196475727,0.18000088790773422,0.003629548754459602,0.060245736400674876
2025-08-04,0.32690160479987285,False,calm,0.6080748952758863,0.9476917316469053,0.6846238325492385,0.6601018066301482,0.684388105018536,0.6402653325058418,0.6338199676794128,0.42052102062508356,0.49484145288239606,0.9000000000000002,1.0,0.6000000000000002,1.0,0.1110223744997362,0.3332002018302753,0.094198881472657,0.30691836287954,0.09819682584178067,0.313363727705969,0.12779659783858824,0.35748650021866313,0.07905841927710865,0.28117329047601347
2025-08-05,0.4989823140733557,False,calm,0.4845203456889288,0.8688362695692494,0.6257446734507538,0.6115687421115642,0.5619743810694245,0.5291228118675908,0.5332945650269407,0.3158270737452841,0.383902675762715,0.9000000000000002,1.0,0.6000000000000002,1.0,0.012675703778402703,0.11258642803820851,0.001177330565501797,0.03431225095358503,0.0009084496072842915,0.03014049779423511,0.0039680005044372265,0.06299206699606885,0.00020914852955216236,0.014461968384426871
2025-08-06,0.468296683471134,False,calm,0.49875841969099727,0.9154123488335085,0.6605217238785771,0.6402348585782824,0.5848760962207536,0.5595593486507195,0.5621962658442978,0.37586354498062097,0.4483986637792156,0.9000000000000002,1.0,0.6000000000000002,1.0,0.029562736059176434,0.17193817510714843,0.008817131569854577,0.09389958237316381,0.008328874055681133,0.09126266517958553,0.013590759477046178,0.11657941274961964,0.000927917373528529,0.030461736219863256
2025-08-07,0.787343020725697,False,calm,0.505295914410434,0.8431535067806181,0.6065680757049782,0.5957618068581936,0.5625422590461235,0.5425157820543098,0.545063126122059,0.3675231886838482,0.43958237337446276,0.9000000000000002,1.0,0.6000000000000002,1.0,0.036703361506946065,0.19158121386750337,0.05869954732914992,0.24227989460363797,0.05994037679545635,0.24482723867138712,0.05053538245171636,0.2248007616795734,0.07955057018081325,0.282047106315263
2025-08-08,0.309980754891817,False,calm,0.6207881923016066,0.8095326137791758,0.5814642990494614,0.5750692013465488,0.6095225470609912,0.6029467684127388,0.5966238598612856,0.45370441259385347,0.5285403709822651,0.9000000000000002,1.0,0.6000000000000002,1.0,0.07027188444378323,0.26508844645473184,0.08216426962653782,0.28664310496946865,0.08582908507834092,0.2929660135209218,0.08972528525592076,0.2995417921691742,0.09660126314924032,0.31080743740978967
2025-08-11,0.4520225069143852,False,calm,0.4852049514838922,0.7487314075951432,0.5360657458235103,0.5376479652674121,0.516592263829111,0.5009644623246897,0.504994541739775,0.30985577487376387,0.3773541760504547,0.9000000000000002,1.0,0.6000000000000002,1.0,0.007331719118165939,0.08562545835302687,0.0028060364735423052,0.05297203482538976,0.0023953149993842333,0.048941955410304494,0.004169253508026784,0.06456975691472583,0.0011010746276084028,0.033182444569506975
2025-08-12,0.5159807482235926,False,calm,0.46410552175886904,0.7471627705693676,0.5348944886071432,0.5366825183602183,0.4895084627407545,0.48966673338071537,0.4955133062779954,0.36109033313952843,0.4327512295892181,0.9000000000000002,1.0,0.6000000000000002,1.0,0.00042856328678968615,0.020701770136625663,0.0004189161797963934,0.020467441945597242,0.000692427377151165,0.026314014842877265,0.0007007818986848831,0.026472285482838143,0.002691039120766359,0.05187522646472359
2025-08-13,0.3851322317815811,False,calm,0.5118035400421805,0.6917800841420345,0.49354179191956105,0.5025962113020813,0.48914109484559865,0.5047859487886526,0.5075935119399282,0.384278175693148,0.4572475058826807,0.9000000000000002,1.0,0.6000000000000002,1.0,0.013797786484792489,0.1174639795205002,0.014996765138021168,0.12246128015834706,0.014317011993608339,0.11965371700707145,0.010817843595869549,0.10400886306401752,0.0160456203364518,0.1266713082605994
2025-08-14,0.29365360846716254,False,calm,0.471756705071766,0.6450012022838331,0.4586133144899841,0.4738052761973511,0.44434139300966685,0.46730724172366545,0.47259370898584696,0.33853238404616565,0.4085793769263784,0.9000000000000002,1.0,0.6000000000000002,1.0,0.03245462338596825,0.18015166773018854,0.032019559573636884,0.17894010051868442,0.03015558434318401,0.1736536332565029,0.0227068084103282,0.1506877845425043,0.03172071302014871,0.17810309660460344
2025-08-15,0.3050830580805528,False,calm,0.3933928028311091,0.6148654983277748,0.4361118306228778,0.455257695270465,0.4049477297958037,0.4064849755505925,0.4165075068347478,0.3064716918020789,0.3736320082718519,0.9000000000000002,1.0,0.6000000000000002,1.0,0.02255242165512176,0.1501746371899122,0.012415407780176226,0.111424448754195,0.01028234886660074,0.10140191747003968,0.009972952656794829,0.09986467171525087,0.007798611017908407,0.08830974475055631
2025-08-18,0.19554767397545816,False,calm,0.37982428251666733,0.6348403105452987,0.45102646196902013,0.4675515659112202,0.4069670519615767,0.401947156146083,0.41301037353212355,0.31070500649800914,0.37828700184641517,0.9000000000000002,1.0,0.6000000000000002,1.0,0.0739861172282017,0.272003891935762,0.047290025698472515,0.2174626995566654,0.042600746240302086,0.20639948217062484,0.04469815338803725,0.2114193779861185,0.03395786845545004,0.18427660854120917
2025-08-19,0.5315200560901568,False,calm,0.329584779544486,0.6115121334708792,0.4336079672540983,0.45319380434057865,0.377603166214739,0.35982267443306626,0.3736095593826304,0.2906841787332204,0.35616153359973785,0.9000000000000002,1.0,0.6000000000000002,1.0,0.0061350017131383,0.07832625174957819,0.024935724970417718,0.15791049670752644,0.029479990867900627,0.1716973816570906,0.023690408988921507,0.15391688987541785,0.040777855913576556,0.20193527654567084
2025-08-20,0.7350236429793692,False,calm,0.43365983571556227,0.697268127846674,0.49763956003747145,0.505973930133223,0.4857581787799086,0.45860725817439796,0.4671529842346307,0.38992700770817035,0.46316210952769205,0.9000000000000002,1.0,0.6000000000000002,1.0,0.05246377095490202,0.22904971284614617,0.07175468981634013,0.2678706587447385,0.07640601778864992,0.2764163848049712,0.06213327164257255,0.24926546419946055,0.09082014432853695,0.3013638072638069
2025-08-21,0.4570527690526198,False,calm,0.5802061874384946,0.7147234704652043,0.5106729741862959,0.5167171462298434,0.5702209041187007,0.5493412180203102,0.5472780947206524,0.4438881503467468,0.5186421481721063,0.9000000000000002,1.0,0.6000000000000002,1.0,0.0035598379039460024,0.059664377177223615,0.008140609391902531,0.09022532566803254,0.008517157812861994,0.0922884489676904,0.012807026794334734,0.11316813506608092,0.015166764460126323,0.12315341838587479
2025-08-22,0.7094888430281302,False,calm,0.5224561948732409,0.7577936662156805,0.5428322798473013,0.5432255013153462,0.5524885920083289,0.5299448785958006,0.5315860158924031,0.3675231886838482,0.43958237337446276,0.9000000000000002,1.0,0.6000000000000002,1.0,0.027643498797501984,0.166263341712784,0.03164941590288441,0.17790282713572714,0.03223603516407762,0.17954396443232956,0.024649078820280623,0.1570002510198013,0.034981211475830616,0.1870326481548893
2025-08-25,0.2850487498472789,False,calm,0.5881899156975914,0.6995689502888905,0.4991143131650507,0.507225003172699,0.5341892984452123,0.5490860904083303,0.5465992881522368,0.4389959110854823,0.5136870558906339,0.9000000000000002,1.0,0.6000000000000002,1.0,0.049362287541721256,0.22217625332542013,0.06840868408761325,0.2615505383049579,0.06971571721055266,0.26403734056105144,0.06207101295567923,0.24914054859793344,0.09189456643308666,0.3031411658503125
2025-08-26,0.3251655440943306,False,calm,0.4824345248274971,0.753100027754599,0.5390503873406187,0.5400981519485195,0.4973806160672924,0.4997379686375397,0.5039259766238152,0.3056289004876026,0.3727037799965747,0.9000000000000002,1.0,0.6000000000000002,1.0,0.046196025919002535,0.21493260785418888,0.031955292238128416,0.1787604325294846,0.030475531410894433,0.1745724245432091,0.029658031014652402,0.17221507197296176,0.024733532300849088,0.15726898073316647
2025-08-27,0.2548970470932282,False,calm,0.41792908226920167,0.6995192956457048,0.49907726904773964,0.5071945105215114,0.4340831376316056,0.44383701262819464,0.4525340606104241,0.3192669040122672,0.3876638360307985,0.9000000000000002,1.0,0.6000000000000002,1.0,0.06365401005234592,0.25229746342828324,0.03906038911199629,0.19763701351719593,0.03569831057635431,0.18893996553496645,0.03210765504242759,0.17918609053837742,0.026579444493619854,0.16303203517597348
2025-08-28,0.42249279091734127,False,calm,0.37616143641980515,0.6524547686396505,0.46396546987358994,0.4782924358467631,0.4093317489104641,0.40233605278913004,0.413377217148228,0.2981026649886393,0.36439260300237075,0.9000000000000002,1.0,0.6000000000000002,1.0,0.003113600374249554,0.055799644929421854,8.309368514014575e-05,0.009115573769113261,0.0004062940919692842,0.020156738128211227,0.00017321302670678562,0.013161042006877177,0.00214659440957636,0.046331354497536115
2025-08-29,0.4592638677961382,False,calm,0.4231205185631194,0.60947501541713,0.43190105619087044,0.451898798936745,0.41544547856973535,0.4262430159791102,0.4354064310317793,0.35561574340529173,0.426916143325907,0.9000000000000002,1.0,0.6000000000000002,1.0,5.424423930360342e-05,0.007365068859393198,0.0005691772889653845,0.02385743676435892,0.0010903766547221225,0.03302085181702802,0.0019200512343965376,0.043818389226402854,0.001306341693779962,0.03614334923301882
2025-09-02,0.555734951944392,False,calm,0.4504600251367331,0.7084078477986291,0.5057084428424383,0.5126529229271257,0.5019965725071541,0.4709693740716486,0.47804234877596957,0.37122056678914794,0.44349635760978023,0.9000000000000002,1.0,0.6000000000000002,1.0,0.0018560612242445773,0.04308202901726632,0.006036140587085969,0.07769260316842247,0.007185203192100128,0.08476557787274341,0.002887813424540555,0.053738379437237915,0.011082810214357945,0.10527492680765893
2025-09-03,0.39965757913017824,False,calm,0.5031460685601401,0.8271814330358513,0.5943177317768968,0.5855911472817906,0.5849672258447585,0.5398213404886955,0.5423907914398828,0.40226612781387433,0.47601049678465196,0.9000000000000002,1.0,0.6000000000000002,1.0,0.03457129176559029,0.18593356815161238,0.02037276989624719,0.14273321230970454,0.019645879998167363,0.1401637613585172,0.034339665165482536,0.18530964671458022,0.010709867444495327,0.10348848942996186
2025-09-04,0.4204087716278755,False,calm,0.4653713148534637,0.7651103958345019,0.5480105460600491,0.5474736548420662,0.525442320771672,0.494086344289408,0.49970667781926925,0.3474745470968999,0.4182020021667099,0.9000000000000002,1.0,0.6000000000000002,1.0,0.01614548454623593,0.12706488321419074,0.006288157926339085,0.07929790619139376,0.005428384713295404,0.07367757266153252,0.01103204644574231,0.10503354914379648,0.0020216302933128904,0.044962543225588236
2025-09-05,0.8803180640350197,False,calm,0.45574715724786363,0.7081301400657134,0.5055012630667658,0.5124823840915086,0.4773864672646649,0.4733050051705928,0.47980323982056183,0.3528924424174598,0.4240061053953946,0.9000000000000002,1.0,0.6000000000000002,1.0,0.13530308743950512,0.3678356799435111,0.16041212441553807,0.40051482421445783,0.1656596300861774,0.40701305886442685,0.16235387167590778,0.4029315967703548,0.18026045489006795,0.42457090678715603
2025-09-08,0.28386512817743154,False,calm,0.6475108807714015,0.729595038688017,0.5215148354462961,0.5256638636969004,0.5816190072387164,0.5877349429262203,0.5805870643143713,0.4744270956357587,0.5492446024846952,0.9000000000000002,1.0,0.6000000000000002,1.0,0.05846662849881407,0.2417987355194689,0.0880439073848542,0.2967219361369398,0.0923368643154632,0.30386981474878877,0.08865737249604225,0.29775387906128487,0.1322382333796348,0.36364575259397
2025-09-09,0.3746143227148983,False,calm,0.5002364419887864,0.6793507266248952,0.4840308043292575,0.4948091000010303,0.4800285632569798,0.49526987279853907,0.4982086133023229,0.3064716918020789,0.3736320082718519,0.9000000000000002,1.0,0.6000000000000002,1.0,0.014446784486862868,0.12019477728613198,0.015275548665808754,0.1235942905874246,0.014557761765985944,0.12065555008364076,0.011112162109063815,0.10541424054208148,0.015780916850862955,0.12562211927388806
2025-09-10,0.40298275861641863,False,calm,0.42417693513384913,0.6343144573338017,0.45043215703597056,0.46715256755663076,0.4109025065868471,0.4331118986153707,0.441818370148923,0.34031186309644484,0.41049855512357675,0.9000000000000002,1.0,0.6000000000000002,1.0,0.004117764379423328,0.06416980894021213,0.001508204723103586,0.038835611532504366,0.0009077650770764529,0.03012913999895206,6.272240791510622e-05,0.007919747970428492,0.0004491931182520023,0.021194176517430496
2025-09-11,0.39268856145752246,False,calm,0.4498072694299997,0.5934686766904006,0.41995976225597037,0.442069391810445,0.4052678766519099,0.4393553092688566,0.44654883888847674,0.3501786631694818,0.42110132800350103,0.9000000000000002,1.0,0.6000000000000002,1.0,0.0024384664063441188,0.04938083035292257,0.0029009294849393634,0.053860277430954284,0.002177785351286658,0.04666674781133412,0.00015823917075974647,0.01257931519438743,0.0032625468004451367,0.057118707972477256
2025-09-12,0.23680740285760832,False,calm,0.4491120973000595,0.5537890206120791,0.3903573375818176,0.4177023269316999,0.3850981122689896,0.4286434174718969,0.4359461321190684,0.3483748368016495,0.41916782665350916,0.9000000000000002,1.0,0.6000000000000002,1.0,0.032722973555771355,0.18089492407409158,0.0396562334918691,0.1991387292614601,0.03680105650309354,0.19183601461428856,0.021990134497730726,0.14829070941138128,0.04507328328230257,0.2123046944424512
2025-09-15,0.13733592943923112,False,calm,0.35924127084478386,0.5407912334387626,0.38066052934917305,0.40972045524644196,0.3578180574237677,0.3656086385786054,0.37758914235561514,0.2972730233643138,0.36347400870899527,0.9000000000000002,1.0,0.6000000000000002,1.0,0.0741933298992191,0.27238452580721084,0.05772160631664535,0.24025321291638402,0.052108429737829386,0.2282727091393743,0.048612368760589574,0.2204821279845366,0.04924198054431492,0.22190534140555274
2025-09-16,0.23786787477115068,False,calm,0.28983236145209135,0.5076368159227534,0.35592616307352193,0.38936050451917315,0.30325130417252305,0.3089907507713754,0.3251899424504602,0.28986665692221364,0.3552520916072742,0.9000000000000002,1.0,0.6000000000000002,1.0,0.02295001686797142,0.15149262974802247,0.007625143503789909,0.0873220676793095,0.00505846349054334,0.07112287600022471,0.004274992840284245,0.06538342940137237,0.0027003078760136604,0.05196448668094067
2025-09-17,0.7935252533864264,False,calm,0.3025828222581958,0.5194487736806328,0.36473830068609897,0.3966141646936244,0.323539893917575,0.32116318548794875,0.3369336175593428,0.2989336370615362,0.3653121864631008,0.9000000000000002,1.0,0.6000000000000002,1.0,0.15753841232730534,0.396911088692802,0.20847592190725214,0.4565916358270836,0.22312592318932603,0.4723620678984777,0.22088623811506553,0.46998535946885145,0.24102447068209745,0.4909424311282306
2025-09-18,0.4918239006723321,False,calm,0.5389211542133971,0.5274300951598483,0.3706926483604417,0.4015154515878024,0.452291263733278,0.4609376857145886,0.4649396977358514,0.4635568039043992,0.5384162015395502,0.9000000000000002,1.0,0.6000000000000002,1.0,0.0081556159760531,0.09030844908452973,0.0007227603675298772,0.026884202936480694,0.0009539582744159395,0.03088621495774352,0.0015628293833550664,0.03953263693905412,0.0022181512911113627,0.04709725354106503
2025-09-19,0.4272891977928156,False,calm,0.528393169410178,0.49585058302989443,0.34713321711869294,0.38212264184694095,0.4306529143412873,0.45822766019571776,0.46107897433397593,0.38709879555538423,0.46020340664389925,0.9000000000000002,1.0,0.6000000000000002,1.0,0.002040017776011825,0.045166555945874653,0.0011417489987015491,0.03378977654116033,0.0009571884558557903,0.030938462402902156,1.131458901846219e-05,0.0033637165484716736,0.01022201307680442,0.1011039716173624
2025-09-22,0.32908129132991054,False,calm,0.46463762725335095,0.46699706173020594,0.3256074713014368,0.3644038485161217,0.3616685800329835,0.4143078308297675,0.4211636708484659,0.3620063293390161,0.43372560580456077,0.9000000000000002,1.0,0.6000000000000002,1.0,0.0012476830461731559,0.035322557186211134,0.008479164617799264,0.09208237951855536,0.007263563035120682,0.08522653949985698,0.001061931385017428,0.03258728870307298,0.01837552020898862,0.1355563359234404
2025-09-23,0.46641602312361846,False,calm,0.42605858360310134,0.4408222590840612,0.3060801441954784,0.34833004200408857,0.31281439564644153,0.3868162180846637,0.3952644820453591,0.327078479368388,0.3961749561261982,0.9000000000000002,1.0,0.6000000000000002,1.0,0.01394429893696197,0.11808598111952989,0.005062541797811232,0.07115154107825938,0.0063361289622396065,0.07959980503895475,0.023593459963637434,0.15360162747717693,0.0016287229246521975,0.040357439520517124
2025-09-24,0.4195941717478608,False,calm,0.4697986102525358,0.549015854721789,0.3871779529259148,0.41479540693864003,0.3853807749199834,0.43820430038679925,0.44475683086190393,0.3824020636974112,0.455278563463329,0.9000000000000002,1.0,0.6000000000000002,1.0,2.3028143694215527e-05,0.004798764809220757,0.0006331594136895382,0.02516265911404314,0.0003463368879578375,0.01861012863893846,0.0011705565225018104,0.034213396827877385,0.0025204856455696926,0.050204438504674986
2025-09-25,0.538109084741685,False,calm,0.45586248647595623,0.5936262147839019,0.42050956230783915,0.44224726838817197,0.4234961592127553,0.4431938218748837,0.4500102402752576,0.3583484223491107,0.42983124933924377,0.9000000000000002,1.0,0.6000000000000002,1.0,0.00918948783459465,0.09586181635351299,0.007761406396319757,0.08809884446642735,0.009008907125073979,0.09491526286680124,0.013136122698299975,0.11461292552892965,0.00676450292628417,0.08224659826572872
2025-09-26,0.42906108624857775,False,calm,0.4941234107962551,0.6639659445127977,0.4730654348022394,0.48553220292415467,0.4821156826658999,0.48561228403188894,0.49001689571216805,0.40417591732390923,0.47799042290930316,0.9000000000000002,1.0,0.6000000000000002,1.0,0.0031889870185866213,0.056471116675576916,0.0037156107073615255,0.060955809463590305,0.0031980379707271804,0.05655119778331119,0.0028147902010049303,0.05305459641732213,0.004233106075547299,0.06506232454767735
2025-09-29,0.358843233966138,False,calm,0.475191506110523,0.618677611304409,0.43922726290766917,0.4576631373800547,0.4471874862589687,0.4620400910269139,0.46752059828065107,0.36568029554881654,0.4376281642534237,0.9000000000000002,1.0,0.6000000000000002,1.0,0.00976537331073583,0.09881990341391672,0.011810769514349402,0.10867736431451308,0.010649591307222216,0.10319685706077592,0.007804706913179325,0.08834425229283072,0.013536920430983883,0.11634827214438503
2025-09-30,0.44223567507929906,False,calm,0.4343613520517789,0.5793766028387901,0.40986265207135686,0.4334784897393973,0.3975890098940701,0.4260677487413749,0.43400063271827427,0.33853238404616565,0.4085793769263784,0.9000000000000002,1.0,0.6000000000000002,1.0,7.668829507739055e-05,0.008757185339901774,6.781592268787278e-05,0.008235042361024791,0.00026140184206854263,0.016167926337924188,0.001993324712161937,0.04464666518522897,6.20049631417344e-05,0.00787432302752017
2025-10-01,0.45343944217722026,False,calm,0.45160611563837305,0.5433621082881547,0.3829536322208596,0.41131626300098023,0.3887728778853933,0.4260572798070007,0.4336982442992091,0.3721472925603566,0.4444759701737832,0.9000000000000002,1.0,0.6000000000000002,1.0,0.001774362223913622,0.04212317917624003,0.00038971489365879203,0.019741197878011152,0.0007497828160690684,0.027382162370219565,0.0041817645373089934,0.06466656429182699,3.361086198041502e-06,0.001833326538847213
2025-10-02,0.38418685146559606,False,calm,0.4708017323194656,0.5109240692872515,0.3587168396106158,0.3913548784457458,0.38204195862763335,0.42856871460738943,0.4350998764659652,0.37679491581242913,0.4493803607408825,0.9000000000000002,1.0,0.6000000000000002,1.0,5.13806107881545e-05,0.007168026980149733,0.002592136114688214,0.05091302500036915,0.0019697497759368775,0.044381863141793376,4.600565286343722e-06,0.0021448928379627086,0.007502137585330015,0.08661488085386954
2025-10-03,0.4712091260584031,False,calm,0.43955880444333706,0.4826553587187738,0.3375952522240254,0.37395917204924345,0.3560370769713461,0.40431232510589493,0.4122514984857849,0.3456772402518015,0.41627224057448825,0.9000000000000002,1.0,0.6000000000000002,1.0,0.009457553554783666,0.09724995400915964,0.0034760018489915483,0.05895762757261819,0.004475181977679497,0.06689680095250816,0.01326460089091146,0.11517204908705697,0.0010017428583371164,0.031650321615066035
2025-10-06,0.32141728307784995,False,calm,0.46173882468074035,0.47022440781732755,0.32830719449223444,0.3663095422018874,0.35954496865404195,0.41008760134577826,0.4178219437903893,0.38709879555538423,0.46020340664389925,0.9000000000000002,1.0,0.6000000000000002,1.0,0.0020153149292597224,0.04489225912403744,0.009293858607099826,0.09640466071253934,0.007862425341735702,0.08867031826792832,0.0014537204073969598,0.038127685576192005,0.0196901350378117,0.1403215416028904
2025-10-07,0.4631774933836953,False,calm,0.42013956611113523,0.4443119500387434,0.30894613307962077,0.3503638022490132,0.3231765475779465,0.38425449565789954,0.39282665043456244,0.3227265268720066,0.3914384331290667,0.9000000000000002,1.0,0.6000000000000002,1.0,0.01272692890743145,0.11281369113468209,0.004949241103653555,0.07035084294913285,0.006228839570025961,0.07892299772579575,0.019600264826504208,0.1400009458057488,0.0018522631839181691,0.04303792727256006
2025-10-08,0.2988878801411221,False,calm,0.44503395693077175,0.5119384364556294,0.35947474629819115,0.3919790892103864,0.37250431743792556,0.4122357160408704,0.4208269910456959,0.3833396854343106,0.4562628638083427,0.9000000000000002,1.0,0.6000000000000002,1.0,0.00866597320597747,0.09309120906926427,0.01486914676819794,0.12193911090457377,0.012847731903156266,0.11334783589974828,0.005419379840274194,0.07361643729680345,0.02135867576100617,0.14614607678964964
2025-10-09,0.4472451571284465,False,calm,0.4021554637655357,0.48105042793909303,0.3363960929758404,0.37297154636456975,0.33963205100870075,0.38149948120579913,0.3910064117772968,0.31411466246835557,0.38202725957104877,0.9000000000000002,1.0,0.6000000000000002,1.0,0.005516569255903865,0.07427361076387673,0.003162796478671462,0.0562387453511497,0.004322493902525771,0.06574567592264735,0.011580580608739656,0.10761310611974573,0.0020330804475613222,0.0450896933629108
2025-10-10,1.3601112529561223,True,calm,0.4317382468183128,0.5268778682033511,0.3706370705365442,0.4011723620264358,0.37714976413165435,0.4087725420985614,0.4180325449204057,0.37586354498062097,0.4483986637792156,0.9000000000000002,1.0,0.6000000000000002,1.0,0.9195637965374572,0.9589388909296865,0.8875122921342451,0.9420787080357167,0.9050453427761259,0.9513387108575609,0.9662132885120147,0.982961488824468,0.8618764385253532,0.9283730061378095
2025-10-13,0.526275479742592,False,crisis,0.8297265250474964,1.4046388865958541,1.026475475673895,1.0846618546202977,1.0542905003376952,0.9293111015164719,0.9777026331300132,0.5061504834049864,0.5804456696154371,0.9000000000000002,1.0,0.6000000000000002,1.0,0.3117953436490657,0.5583863748777057,0.20378647481547024,0.4514271533874211,0.16243771241865795,0.40303562177387986,0.27879986197404727,0.5280150205951032,0.09208253689663914,0.3034510453049044
2025-10-14,1.2709683929987126,True,calm,0.6916811939928725,1.2699430962725813,0.9258345603754348,0.8584321478815526,0.8972569090683923,0.7863203456450261,0.7713865529626525,0.40417591732390923,0.47799042290930316,0.9000000000000002,1.0,0.6000000000000002,1.0,0.17018615353536545,0.4125362451171599,0.24958201489381554,0.4995818400360601,0.23488372980374114,0.4846480473536865,0.13966027322140204,0.3737114839303203,0.3355736589320317,0.57928719900584
2025-10-15,1.1924355892172203,True,crisis,0.8660314292465966,1.1936570756049665,0.8688357861298561,0.9080925418408933,0.9066623972941356,0.8674452922380989,0.8903642741212219,0.5041665702187285,0.5785116791685816,0.9000000000000002,1.0,0.6000000000000002,1.0,0.08085096859125614,0.284343047376327,0.09124707940382594,0.3020713150959984,0.10561869313057753,0.3249902969791214,0.0816663172219082,0.2857731919230847,0.10653967564612848,0.32640415997062366
2025-10-16,1.093705479525211,False,crisis,1.0082944316900568,1.0903125544191847,0.7916196594917753,0.8216041805950122,0.8981401613955095,0.8999140545669428,0.9010153955066589,0.5001984126879979,0.5746365198725983,0.9000000000000002,1.0,0.6000000000000002,1.0,0.07403911687950143,0.27210129893019885,0.03712946847907669,0.19269008401855214,0.037555116387356084,0.19379142495826818,0.03824579365517138,0.19556531812970157,0.007295047092298996,0.08541104783515419
2025-10-17,0.6721359381831226,False,calm,0.9961198328374836,1.1449794322600007,0.832465216796904,0.7815333022788087,0.884144182806537,0.9157211104209537,0.8746886413366423,0.49127072832821495,0.5658844997619183,0.9000000000000002,1.0,0.6000000000000002,1.0,0.011967783271084114,0.10939736409568612,0.041027597554797866,0.2025527031535197,0.05933373613413387,0.24358517223783116,0.04494749578830152,0.2120082446234144,0.10496556399540813,0.32398389465436106
2025-10-20,0.3680168924995411,False,calm,0.7957539065592295,1.0468052828150145,0.7591122468556888,0.721119910754128,0.7438638969075956,0.779739952208462,0.7575633766434391,0.437042275932167,0.5117042107127794,0.9000000000000002,1.0,0.6000000000000002,1.0,0.12468174150049909,0.35310301825458684,0.15174646330887215,0.389546484143898,0.16951587789607567,0.4117230597089209,0.14126097072250812,0.37584700440805446,0.18295895319669805,0.4277370140596884
2025-10-21,0.31666496369067204,False,calm,0.6102038993831849,0.9577089956427424,0.6925420009022586,0.6662927601165752,0.5846492833900818,0.6385186823088093,0.6334440407362478,0.34388433062262536,0.4143450419421295,0.9000000000000002,1.0,0.6000000000000002,1.0,0.12223959603363281,0.3496277964259032,0.10034898365384684,0.3167790770455758,0.10358981618832305,0.3218537186181372,0.07181559560475546,0.2679843196994098,0.08616510676749319,0.2935389356925128
2025-10-22,0.8349771584541572,False,calm,0.49564340666479,0.8963536477476759,0.6466990064345386,0.6285365414431987,0.5286143050702273,0.5443930557430489,0.5476628871160603,0.3227265268720066,0.3914384331290667,0.9000000000000002,1.0,0.6000000000000002,1.0,0.04261772835186525,0.2064406170109585,0.08254949051454159,0.28731427133809695,0.08443912074841997,0.29058410271110835,0.09385819793354332,0.3063628533839299,0.11514739510344786,0.3393337517893672
2025-10-23,0.3927933469061719,False,calm,0.657524545260867,0.9423966651810314,0.6806692720402505,0.6564122066708328,0.670894298208183,0.6683448480290961,0.6569212589235189,0.46750617846426246,0.5423585433006258,0.9000000000000002,1.0,0.6000000000000002,1.0,0.06949490322361994,0.2636188597646609,0.06976355390664342,0.26412791201734703,0.07592862977109689,0.2755515011229242,0.07734013911508356,0.2781009513020111,0.07008260738231292,0.2647311983546951
2025-10-24,0.2854361044860972,False,calm,0.5507589659484617,0.8678580266096981,0.6249473541040481,0.6105304647449947,0.6096213052352436,0.5767381565354835,0.5759288234684414,0.3501786631694818,0.42110132800350103,0.9000000000000002,1.0,0.6000000000000002,1.0,0.10568634307214186,0.32509436025889754,0.08438601978175522,0.29049271898234424,0.0848568855281834,0.29130205204938636,0.10509604438476436,0.3241852007491464,0.0703962208145771,0.26532286146236456
2025-10-27,0.27026030741399254,False,calm,0.4206962975283464,0.8001030633782549,0.5742966235122919,0.5688243671187991,0.5078164790355985,0.46829024555696463,0.47659304317859613,0.30985577487376387,0.3773541760504547,0.9000000000000002,1.0,0.6000000000000002,1.0,0.08914049774741532,0.2985640597048066,0.042573197848105725,0.2063327357646036,0.039215856400909355,0.1980299381429721,0.056432934675513885,0.23755617162160592,0.02263098712168598,0.15043599011435388
2025-10-28,0.420016362891887,False,calm,0.3915339656220962,0.7373650135459126,0.5273963241341433,0.5302063957349623,0.4595793615072189,0.43260118429121597,0.44270413372718126,0.30227076225441996,0.3690002984979599,0.9000000000000002,1.0,0.6000000000000002,1.0,0.012141843337958019,0.11019003284307533,0.0005147349454748295,0.022687770835294274,0.00015837772965300869,0.012584821399328983,0.0015652308594367548,0.03956299861533191,0.0008112469542341861,0.028482397269790793
2025-10-29,0.6933994412194209,False,calm,0.44739505462671403,0.6867020179662183,0.4895228220659204,0.4990211402361936,0.460223647399727,0.4625684378500021,0.46968603026384753,0.3601753462294058,0.4317773732789146,0.9000000000000002,1.0,0.6000000000000002,1.0,0.0377829238931261,0.19437830098322728,0.05004769024137724,0.22371341095557334,0.05328295211653261,0.23083100336941875,0.0543709508234444,0.2331757938196939,0.06051815822285397,0.24600438659270685
2025-10-30,0.5124908515715052,False,calm,0.5645984731144552,0.6461143993697456,0.4591812435771455,0.47403771315031296,0.5191491079910693,0.5180114480259708,0.5178093059016782,0.44192989412604666,0.5166604965694114,0.9000000000000002,1.0,0.6000000000000002,1.0,0.0014786438544393712,0.038453138421192246,2.8285956462135643e-05,0.0053184543301729725,3.0476985213057767e-05,0.005520596454465565,4.433237854866627e-05,0.006658256419564079,0.0027152042228633082,0.05210762154295001
2025-10-31,0.541337607545106,False,calm,0.5509623368275879,0.8611754055052051,0.6199517106106814,0.6064170236789752,0.6258904456992589,0.5784515310830779,0.5771398863309112,0.39845548304174494,0.47205296774060507,0.9000000000000002,1.0,0.6000000000000002,1.0,0.004235330404325321,0.06507941613386925,0.0012818031662565185,0.03580227878580522,0.0013774433203824275,0.03711392353797194,0.007149182439922379,0.08455283815415293,9.263541376106504e-05,0.009624729282481925
2025-11-03,0.5687268267649516,False,calm,0.5443109392621035,0.7971174983781546,0.5720647420194528,0.5669866232927387,0.570387561973944,0.5555814425529618,0.555194610928385,0.40608861385216277,0.47997104085492626,0.9000000000000002,1.0,0.6000000000000002,1.0,3.0283081247015556e-06,0.0017402034722128201,0.0001831208654474241,0.013532215836566608,0.00017280112608082914,0.013145384211989741,2.7580414343872256e-06,0.0016607352089924587,0.0005961355625517323,0.024415887502848066
2025-11-04,0.5559747004283241,False,calm,0.5741011064845714,0.7407342986574253,0.5299150584722774,0.5322803358138793,0.5418880769216684,0.5557758146870142,0.553655319904256,0.4147302739647268,0.4888907175171624,0.9000000000000002,1.0,0.6000000000000002,1.0,0.0005614229144822511,0.02369436461444474,5.379526015426434e-06,0.0023193805240681042,3.9555538096382237e-08,0.00019888574130988435,0.00019843296181826442,0.014086623506655682,0.00032856659651595764,0.01812640605624727
2025-11-05,0.6560645655404531,False,calm,0.581006199894458,0.9604977644961752,0.6942008845022656,0.6675542127936921,0.6595375357384676,0.6276247070430767,0.623061300893255,0.4118436065274681,0.48591642476830416,0.9000000000000002,1.0,0.6000000000000002,1.0,0.00013201199400386196,0.011489647253238977,0.001089215477373,0.03300326464719816,0.0008088255513507927,0.028439858497376402,1.2061521996296968e-05,0.0034729701980145133,0.005633758253447898,0.0750583656459951
2025-11-06,0.7103129986202634,False,calm,0.6146872645113128,0.8854472909182038,0.6380963404706125,0.6213574143799265,0.6406280044109991,0.6248266931640335,0.6180739495801976,0.4331409180930353,0.5077374775071714,0.9000000000000002,1.0,0.6000000000000002,1.0,0.007913095967539674,0.0889555842403369,0.008508042167815675,0.09223904904006586,0.007307908420555846,0.08548630545622993,0.004855998417945203,0.06968499420926433,0.009144281023875716,0.09562573410895059
2025-11-07,1.008456334410452,False,calm,0.6612773214304444,1.0541102409079997,0.7641815928758484,0.7251767232941426,0.7521005840075659,0.7072579123017606,0.6946081125230146,0.4468287878186993,0.5216135068629757,0.9000000000000002,1.0,0.6000000000000002,1.0,0.08024733807420747,0.2832796111163094,0.09850070638190617,0.31384822188743744,0.09072048948076544,0.3011984221086914,0.06571827076462687,0.25635575040288616,0.12053326705377232,0.34717901298000764
2025-11-10,0.6382945614954638,False,calm,0.8028173933021836,0.9699950074205264,0.7013006196328506,0.6734001747969431,0.7676795751305835,0.753549102242868,0.7303403138874458,0.4853216791522113,0.5600265579174301,0.9000000000000002,1.0,0.6000000000000002,1.0,0.0012324040852730019,0.03510561330147932,0.008472420533406057,0.09204575239198198,0.013283609162895045,0.11525454074740415,0.016740481753360105,0.12938501363511967,0.027067762185702206,0.16452283180671978
2025-11-11,0.4184221211675579,False,calm,0.723949416743681,0.886574170716092,0.6389387479095651,0.6220510574227716,0.6738785288098404,0.6877065017101883,0.6729193654373988,0.42633372411425907,0.5007936501271101,0.9000000000000002,1.0,0.6000000000000002,1.0,0.04146474368042987,0.20362893625521367,0.06476884734094308,0.25449724426984094,0.07251407760422819,0.26928438054263043,0.06525797620550004,0.25545640764228256,0.09334692834205967,0.30552729557612307
2025-11-12,0.39492593894465067,False,calm,0.573033836938828,0.8203749578321212,0.5894510301505174,0.5813025911313026,0.5482636683572687,0.5788869866245377,0.5765719317764301,0.35652560155910834,0.4278872917545551,0.9000000000000002,1.0,0.6000000000000002,1.0,0.03473625648030421,0.1863766521866519,0.03299526671184285,0.1816459928317794,0.033841667063481684,0.18396104767988708,0.023512459261417266,0.15333772941261803,0.03172242332790429,0.17810789799417737
2025-11-13,0.7525806577245447,False,calm,0.5153830126894059,0.7646009117091284,0.5477567239409776,0.5469712639240584,0.49359373928677186,0.5267195956173161,0.5286848672336263,0.3501786631694818,0.42110132800350103,0.9000000000000002,1.0,0.6000000000000002,1.0,0.042275222819003484,0.20560939380048637,0.05012932499955325,0.22389579049091846,0.051013219376205406,0.22586106210722867,0.06707422392189362,0.2589869184377729,0.05626272281021573,0.23719764503513885
2025-11-14,1.1584498661942904,True,calm,0.6383843133288718,1.1069602720031773,0.8036900297356518,0.7577081933338172,0.7542483890308894,0.7132216885397358,0.7013337967556746,0.4527210361358955,0.5275514291371842,0.9000000000000002,1.0,0.6000000000000002,1.0,0.16059388836701047,0.40074167286047313,0.20895510093900935,0.4571160694386157,0.1982281301775956,0.4452281776545546,0.16337883414107532,0.40420147716340094,0.27046817927721345,0.5200655528654186
2025-11-17,1.1626804059231128,True,calm,0.8489017108192205,1.0321396278980486,0.7477572964490099,0.7116528648578186,0.8388775747844687,0.798710794796587,0.7705666344278135,0.4962302301630213,0.5707521680250556,0.9000000000000002,1.0,0.6000000000000002,1.0,0.20342584279940565,0.4510275410652942,0.15375320979626783,0.39211377149529936,0.13247387782359443,0.3639696111265258,0.10484827345340131,0.32380283113864416,0.09845706950110143,0.31377869510389234
2025-11-18,0.9730142579387593,False,calm,0.9424254433571229,1.1477345091940057,0.8341711163533565,0.7828064922009498,0.9366655322671736,0.8885989832254892,0.851167443313517,0.49722225079983,0.5717240928009726,0.9000000000000002,1.0,0.6000000000000002,1.0,0.03617899414696942,0.1902077657378095,0.014846646234318155,0.12184681462524227,0.0071259386049168484,0.08441527471327004,0.0013212298579481894,0.03634872567158565,0.0009356755775097332,0.030588814581636425
2025-11-19,0.8994687094203001,False,calm,0.9035841332591302,1.2279135692405583,0.8941095736387044,0.8321601564403583,0.9267821129842556,0.8990328651850643,0.8639343936252901,0.48036724200394953,0.5551320634868274,0.9000000000000002,1.0,0.6000000000000002,1.0,0.004530441304253627,0.06730855297994176,0.001262687599019496,0.035534315795009985,1.8996019738827402e-07,0.00043584423523579385,0.0007460220142474974,0.027313403563955507,1.693671337321127e-05,0.004115423838830123
2025-11-20,1.6451932054578813,True,calm,0.873263140279642,1.1216960626919807,0.8147058805108275,0.766778707075624,0.819857504251507,0.8456557563127416,0.8150911642928425,0.4714596290177347,0.5462955874061464,0.9000000000000002,1.0,0.6000000000000002,1.0,0.7716120309681527,0.8784144983822573,0.6890693987463639,0.8301020411650388,0.6392601325855168,0.7995374491451397,0.6811790196858174,0.8253357012063742,0.5958760255260807,0.7719300651782393
2025-11-21,1.424041196017135,True,crisis,1.1788326071611062,1.3574281747203154,0.9917078327771872,1.0463414936978963,1.0875369113246385,1.0820784568671116,1.100525455829658,0.517056870810097,0.591037008328807,0.9000000000000002,1.0,0.6000000000000002,1.0,0.14265706513204157,0.3776997023192388,0.10466243414905117,0.3235157401874771,0.11693851496698703,0.3419627391500235,0.1132351336164088,0.3365042846924966,0.06012725204876503,0.24520858885602892
2025-11-24,0.7008171706691849,False,crisis,1.2371787740662468,1.23231548322915,0.8980257351137914,0.9414831526770954,1.049631693883088,1.0648435149506603,1.0649723883627766,0.5081342029187761,0.5823771921087636,0.9000000000000002,1.0,0.6000000000000002,1.0,0.057920114895831876,0.24066598200791045,0.13260902257346718,0.3641552176935917,0.13251517933093526,0.3640263442814754,0.12167157160494259,0.34881452321390316,0.2876837695986671,0.5363616033970618
2025-11-25,1.0870110335835113,False,calm,0.9221078030686426,1.1191016620443919,0.8132532941514313,0.7661059113971649,0.8156902493478684,0.8747462303291642,0.842590363292091,0.4350905921177676,0.5097209971274345,0.9000000000000002,1.0,0.6000000000000002,1.0,0.10298009744543389,0.32090512218634637,0.059741464065707156,0.24442067029142023,0.04505634670060666,0.21226480325434705,0.07361496795824428,0.2713207842356429,0.02719307543423991,0.16490323051486866
2025-11-26,0.4832746562562409,False,calm,0.9522357777031767,1.022660419697818,0.7410398537993073,0.7065375093614764,0.7649587713820923,0.8495284661655882,0.8143980445242665,0.48631294410936604,0.5610040889145176,0.9000000000000002,1.0,0.6000000000000002,1.0,0.049846301576689976,0.22326285310523553,0.10964269825809761,0.33112338826802556,0.13414185327311232,0.3662538099093473,0.07934594071423394,0.28168411512585145,0.21992453342876767,0.4689611214469358
2025-11-28,0.2342084964213433,False,calm,0.780412835862284,0.9388852713065448,0.6783105531998477,0.6547925131487838,0.6407263174630956,0.74108124690313,0.7228495235821002,0.38521752828180644,0.45823248210775,0.9000000000000002,1.0,0.6000000000000002,1.0,0.17689091512658794,0.4205840167274405,0.23877005342471952,0.48864102716075686,0.2569199851809716,0.5068727504817867,0.16525673882453412,0.40651782104175227,0.2983391804241144,0.5462043394409407
2025-12-01,0.42069646625205154,False,calm,0.5240588742002416,0.8653871264757781,0.6232764851125145,0.6093952646933681,0.5111728795585114,0.5533893605751328,0.5549199102527329,0.295617744725026,0.36163981009926877,0.9000000000000002,1.0,0.6000000000000002,1.0,0.035607236533196626,0.1886987984413166,0.018015932919404048,0.13422344400068137,0.017607404203836403,0.13269289432308123,0.008185981364801352,0.09047641330645989,0.010683787376848055,0.10336240794819002
2025-12-02,0.4644615293031445,False,calm,0.5002839761551507,0.902679395438331,0.651200254806864,0.6324294025407566,0.568054920379243,0.554364586516791,0.5570842098729427,0.3583484223491107,0.42983124933924377,0.9000000000000002,1.0,0.6000000000000002,1.0,0.02821320643996654,0.16796787323761214,0.008578960955934876,0.09262268056979822,0.008082559696360195,0.0899030572136465,0.010731590674645483,0.1035933910760985,0.0012832476984648126,0.03582244685200625
2025-12-03,0.4485257033128927,False,calm,0.5346164072497968,0.8355735381321321,0.6009526148351099,0.5909804478228147,0.5674977695558979,0.5596733970536627,0.5600006547765447,0.3777271977997976,0.4503624521713174,0.9000000000000002,1.0,0.6000000000000002,1.0,0.020293354233387143,0.14245474450992196,0.012426664803823567,0.111474951463652,0.012353809823892002,0.11114769374076999,0.014154352546130022,0.11897206624300521,0.007411609304351666,0.08609070393690404
2025-12-04,0.40874595764987426,False,calm,0.5047403381888788,0.7745560190838959,0.5552638113210504,0.5532920479489951,0.5506785629313421,0.5234021914956064,0.5261777852248973,0.36936996112494874,0.4415384574907139,0.9000000000000002,1.0,0.6000000000000002,1.0,0.0208935722207616,0.14454609029912086,0.013790234127609949,0.11743182757502307,0.013146051959687214,0.11465623384573215,0.02014486444198495,0.14193260528146784,0.009214921095067205,0.0959943805390045
2025-12-05,0.39193858476093074,False,calm,0.48346999399765667,0.7217819786180092,0.5157475739666144,0.5206953581612125,0.5125719639892579,0.4947729138015323,0.499145644282344,0.3501786631694818,0.42110132800350103,0.9000000000000002,1.0,0.6000000000000002,1.0,0.0165783066964515,0.12875677340028174,0.01149335361122784,0.10720705952141324,0.010574899229230713,0.10283432904060158,0.014552412184045386,0.12063337922832712,0.008377998876860996,0.09153140923672592
2025-12-08,0.45002176525462073,False,calm,0.47771130983453947,0.6735912760671009,0.47966325630839624,0.49092963683611,0.4736907292778176,0.4783808070524937,0.4831755338531111,0.34298953732650117,0.41338242108266987,0.9000000000000002,1.0,0.6000000000000002,1.0,0.0016734539573276187,0.040907871581489286,0.0010991723722822478,0.033153768598490396,0.0008042352516935058,0.028359041797872964,0.0005602198579313867,0.023668964023196848,0.000766710879043307,0.027689544579918735
2025-12-09,0.2892890546211961,False,calm,0.4960335099066907,0.7011851199266205,0.5003250224693341,0.5079733947216313,0.4984676532338353,0.4976186657351215,0.5013054282304963,0.36936996112494874,0.4415384574907139,0.9000000000000002,1.0,0.6000000000000002,1.0,0.04782284060516281,0.2186843401004352,0.04495094267843837,0.2120163736093002,0.04340122686687939,0.2083296111139254,0.043755686117547626,0.2091785986126392,0.04274326979129588,0.20674445528549462
2025-12-10,0.6468307699925089,False,calm,0.4373197028838993,0.6842863651771639,0.48767154364188714,0.49753562150008074,0.46367325731396375,0.45287881562291454,0.45998631492521447,0.3090078238410176,0.376422257805166,0.9000000000000002,1.0,0.6000000000000002,1.0,0.02228904136337617,0.14929514849242814,0.0349108503893942,0.1868444550672944,0.037617360603785205,0.19395195436959434,0.033546674450591424,0.18315751267854513,0.0438948872409883,0.20951106710860956
2025-12-11,0.6325982864527101,False,calm,0.5465433866733627,0.6366024053627116,0.4519666656868764,0.46808289754331783,0.49207868216425854,0.506680403355027,0.5076400532456964,0.4214883208314183,0.49583342978127143,0.9000000000000002,1.0,0.6000000000000002,1.0,0.02706531318800859,0.16451538890939227,0.015614560046218424,0.12495823320701371,0.0158553132838018,0.12591788309768315,0.019745759189383014,0.14051960428845156,0.007405445776033532,0.08605489977934744
2025-12-12,0.8180983010038887,False,calm,0.6104226783252491,0.5965259962351863,0.42195818270137403,0.44332909312346036,0.5019291697186444,0.5317156064750008,0.5282350588528119,0.41762280789123635,0.4918657970812238,0.9000000000000002,1.0,0.6000000000000002,1.0,0.14045195917532372,0.37476920788042833,0.0840206991503338,0.28986324215107684,0.0820150477256263,0.28638269452888787,0.09996291957766602,0.31616913128524426,0.04312916425496068,0.2076756226786396
2025-12-15,0.49719409650582175,False,calm,0.6971182507333066,0.8133602520194353,0.5843197120158018,0.5772600733699454,0.6507799508102192,0.645385844445145,0.6331761225164629,0.4586265644603905,0.5334815664933503,0.9000000000000002,1.0,0.6000000000000002,1.0,0.006410560651206392,0.0800659768641237,0.0184911113979587,0.1359820260106412,0.021960794157311923,0.14819174793932327,0.023588614642411607,0.15358585430439747,0.03996966744357514,0.19992415422748483
2025-12-16,0.6353136433172045,False,calm,0.6154596058209687,0.7968614207452669,0.5719656885803162,0.5670693189733275,0.5913739535746606,0.598704986526231,0.593285604568868,0.38521752828180644,0.45823248210775,0.9000000000000002,1.0,0.6000000000000002,1.0,0.004657287805152292,0.06824432434387706,0.0017663560410316737,0.042028038748336494,0.001340193752039288,0.03660865679097347,0.0019306963346710194,0.04393968974254392,0.00039418280490193794,0.01985403749623582
2025-12-17,0.569837974122362,False,calm,0.6286453463643239,0.8056088471065099,0.5785156016299863,0.5724723000796011,0.5815352909491515,0.6077583877023147,0.6010714567872739,0.41665798963668077,0.49087402946400777,0.9000000000000002,1.0,0.6000000000000002,1.0,6.939673248983776e-06,0.0026343259572391142,0.0009755304393793511,0.031233482664911882,0.0014379577660746598,0.03792041357995268,0.00013682722094629109,0.011697316826789428,0.0034583070300046666,0.058807372241961864
2025-12-18,0.6003366271917594,False,calm,0.6208313947118431,0.992448592881203,0.7184177898288939,0.6878767144333338,0.6857850244798314,0.6603667569224405,0.6529448054832567,0.40513190556097894,0.478980649280431,0.9000000000000002,1.0,0.6000000000000002,1.0,0.00766326687426245,0.08754008724157436,0.002767620423149971,0.05260817829149733,0.0036036164754824048,0.060030129730681114,0.007301428599100184,0.08544839728807196,0.00042003549570227873,0.020494767520083723
2025-12-19,0.3121142542675307,False,calm,0.616476582148305,0.9116202109941317,0.6578949741523278,0.6379518334281662,0.6400683672504587,0.6334151716524803,0.6268479072015407,0.4089629916711929,0.4829431291899029,0.9000000000000002,1.0,0.6000000000000002,1.0,0.1061701279932634,0.3258375791606355,0.09905727228918587,0.31473365293401,0.1032342795124102,0.3213009173849496,0.10755390022241909,0.327954112982928,0.09263642663300398,0.30436232788077433
2025-12-22,0.48719248614804767,False,calm,0.4904556283677323,0.8386667459166269,0.6032687523133023,0.5928910147172617,0.5508098982633702,0.5259884050291662,0.5296847481788357,0.31497023944286595,0.38296453217100224,0.9000000000000002,1.0,0.6000000000000002,1.0,0.011172178941696953,0.10569852856921402,0.001805592332493151,0.04249226203078804,0.001505123321830331,0.03879591888111855,0.004047175124250791,0.06361741211532257,1.0648097145888504e-05,0.003263142219684656
2025-12-23,0.2553071299245764,False,calm,0.5029234011447995,0.7743228868076785,0.5555113948012989,0.5534459468112031,0.5207792945796089,0.5229346814702368,0.5258258277640157,0.38052945043215447,0.4533110182222235,0.9000000000000002,1.0,0.6000000000000002,1.0,0.08888675413455752,0.2981388168866267,0.07318036588074585,0.27051869783943927,0.07162450634632513,0.2676275515456604,0.07047547020662871,0.26547216465503254,0.061313817773007095,0.24761627122022312
2025-12-24,0.22041998578343963,False,calm,0.42267210463144567,0.7187617959505596,0.5138145830483147,0.5190844682117732,0.46475182420795064,0.449766304747345,0.4577154929110965,0.2972730233643138,0.36347400870899527,0.9000000000000002,1.0,0.6000000000000002,1.0,0.0892004730641844,0.2986644824283336,0.05630915770297184,0.23729550712765685,0.05259973402229343,0.2293463189639054,0.05969804726790135,0.244331838424511,0.040905919578507956,0.20225211884800604
2025-12-26,0.24294651613143828,False,calm,0.34912223450058133,0.6696131993574977,0.47693014200423334,0.48868876460027505,0.409254153471069,0.38637863060052535,0.3989575365433235,0.29150305976865665,0.3570720143801264,0.9000000000000002,1.0,0.6000000000000002,1.0,0.06038925268251951,0.24574224846883677,0.024339438489957666,0.15601102041188522,0.020572771461073298,0.14343211446908707,0.027658230237490145,0.16630763733963075,0.011273283171203581,0.10617571836914305
2025-12-29,0.3206425813040567,False,calm,0.33199849114504265,0.6416987085182385,0.4559812144049139,0.47142518743160816,0.40251043750476967,0.36885521013344563,0.3826764713653722,0.2972730233643138,0.36347400870899527,0.9000000000000002,1.0,0.6000000000000002,1.0,0.022735394310616316,0.15078260612755146,0.0038482035161393766,0.06203389006131549,0.002324457578640424,0.048212628829388926,0.006702345878900616,0.08186785620071296,0.00012895668831660142,0.011355909840985945
2025-12-30,0.19969795099764426,False,calm,0.3597559982503756,0.684203274630408,0.48787952425594006,0.49771192364053607,0.44334105086334097,0.400772178083829,0.4133665318884164,0.3201299645130906,0.38860624135151856,0.9000000000000002,1.0,0.6000000000000002,1.0,0.08881232789039827,0.2980139726428918,0.04565426245987643,0.21366858089077212,0.04043084479830658,0.20107422708618472,0.05936196011216586,0.2436430998656967,0.02561857849035757,0.16005804725273132
2025-12-31,0.3405662448276536,False,calm,0.31383684264783956,0.6758135694207219,0.48158332032267104,0.49252335243772255,0.42723685867256167,0.3627354541554676,0.37764079464106726,0.29150305976865665,0.3570720143801264,0.9000000000000002,1.0,0.6000000000000002,1.0,0.023090962553218082,0.15195710761006898,0.0013745222438672924,0.03707454981341368,0.0004914738422204362,0.02216920932781402,0.007511795304253175,0.0866706138449081,0.0007144609408902459,0.02672940217981401
2026-01-02,0.6920962668402838,False,calm,0.3492506340688298,0.7977813815939145,0.5731162406749237,0.5679537355197612,0.5097954830113732,0.42266791568253953,0.4361030230329699,0.3279524833079528,0.397124633294816,0.9000000000000002,1.0,0.6000000000000002,1.0,0.015411368082666924,0.12414253132052255,0.06553254087499087,0.2559932438073139,0.07259163640758076,0.2694283511577443,0.033233575784635185,0.18230078382891057,0.1175431279104587,0.342845632771454
2026-01-05,0.29478521557552345,False,calm,0.5222167314197559,0.7416674788840092,0.531004561405754,0.53325037319638,0.5613811844150881,0.5260573846373414,0.527862692376351,0.437042275932167,0.5117042107127794,0.9000000000000002,1.0,0.6000000000000002,1.0,0.05686563139913997,0.23846515762085657,0.05432511019184029,0.23307747680082752,0.053486816182558114,0.23127216906181797,0.07107341060150613,0.26659596883956466,0.05172509439920535,0.22743151584423243
2026-01-06,0.30698010925507185,False,calm,0.43865570398015175,0.6880259839063274,0.4907483446229537,0.5000760590624654,0.4825264699540128,0.45488545345891973,0.4619475758199854,0.3115555149153412,0.37922072916411187,0.9000000000000002,1.0,0.6000000000000002,1.0,0.037286045832019464,0.19309594980739359,0.024014915693547603,0.15496746656491356,0.021875990844058717,0.14790534420384788,0.030816524754642687,0.17554636069894097,0.017338462246203487,0.1316755947250799
2026-01-07,0.41219700800651343,False,calm,0.3767708475288206,0.640280795285833,0.4549171161263953,0.4705482860886082,0.41392807033862605,0.40138459646056523,0.41268428041506455,0.31497023944286595,0.38296453217100224,0.9000000000000002,1.0,0.6000000000000002,1.0,0.003404871653813955,0.05835127808209478,2.3743440013521002e-07,0.0004872724085511204,0.00011690824343895389,0.010812411545948197,2.996576797659185e-06,0.0017310623321126206,0.0012550128461912443,0.035426160477692814
2026-01-08,0.31511543969357025,False,calm,0.42662070100826943,0.6759638730705617,0.4816961183778654,0.4926163069778101,0.4528765974949196,0.4460065200638648,0.45453930082133104,0.35198678433070224,0.42303725229747885,0.9000000000000002,1.0,0.6000000000000002,1.0,0.031506557886657335,0.17750086728423986,0.019439013051773125,0.13942386112776078,0.01713247492050291,0.13089108037029457,0.018978136598768274,0.13776115780134934,0.012433423300859349,0.11150526131469918
2026-01-09,0.5447185494283698,False,calm,0.4073487544586329,0.6474168202126294,0.4602724733277578,0.47496152499418837,0.428152153561687,0.4243827709777398,0.4337511049963637,0.3218597801343157,0.3904935462428162,0.9000000000000002,1.0,0.6000000000000002,1.0,0.0048660424579109905,0.06975702443418147,0.012313773723770367,0.11096744443200612,0.014480699575319117,0.12033577845063004,0.013587724645348211,0.11656639586668283,0.018870460570027565,0.13736979496973695
2026-01-12,0.385466150419563,False,calm,0.4673396997335652,0.6032091106951203,0.4270960091268934,0.44762148826917025,0.44725670943066476,0.4509586650194317,0.45785599739817084,0.4070460354701607,0.48096158987436677,0.9000000000000002,1.0,0.6000000000000002,1.0,0.0038632860231988197,0.06215533784960725,0.005240289945586259,0.07238984697860784,0.004289269468614017,0.06549251459986871,0.003818073182904448,0.06179055901110175,0.006703278077272351,0.0818735493140022
2026-01-13,0.457988847839404,False,calm,0.4525439520976158,0.5667591468759012,0.39974148357084366,0.42507919054962123,0.4161824430300831,0.4343387046819721,0.4411376081909386,0.34478023326529045,0.41530831741410124,0.9000000000000002,1.0,0.6000000000000002,1.0,0.0010830455429309536,0.03290965728978279,0.00028396427769001263,0.01685123964846541,0.0005593292713670236,0.023650143157431913,0.0017477754830808102,0.04180640480932091,2.9646889638943785e-05,0.005444895741788247
2026-01-14,0.5801794578116716,False,calm,0.4587169087719143,0.585445140606994,0.4137647208939998,0.43663544986337727,0.4201837970985074,0.4416952960066456,0.44875055423392984,0.3786603849293764,0.4513449305712006,0.9000000000000002,1.0,0.6000000000000002,1.0,0.020604882217859978,0.1435440079482943,0.017273556695647334,0.13142890357774173,0.019177863070840618,0.13848416180502598,0.02559861144704195,0.15999566071316418,0.014753150819235443,0.12146254903975728
2026-01-15,0.37397028571478597,False,calm,0.522074011973211,0.6631000926763976,0.4720422649121992,0.48466076636651195,0.4937302206779527,0.5011796132818872,0.5036717161014763,0.41762280789123635,0.4918657970812238,0.9000000000000002,1.0,0.6000000000000002,1.0,0.012252382506910124,0.11069048065172599,0.016822461044353483,0.12970143038669035,0.01618221302007406,0.12720932756710124,0.014342442022381923,0.11975993496316673,0.0219347137316305,0.14810372625842505
2026-01-16,0.3840999392661345,False,calm,0.4684482896113585,0.6200523719614148,0.43973633500049936,0.4580381189115514,0.4359088561612554,0.45867727084459653,0.4641749295804979,0.34031186309644484,0.41049855512357675,0.9000000000000002,1.0,0.6000000000000002,1.0,0.005466854409277939,0.07393817964541688,0.00641200407384539,0.08007499031436338,0.005561778385363869,0.07457733157846202,0.0026841638698455444,0.051808916895120904,0.007114644205960646,0.08434835034522398
2026-01-20,0.7731576697439213,False,calm,0.43016921311372214,0.6108448826305407,0.4328264103855496,0.4523437932113789,0.41337654160097237,0.4310829816188768,0.4393571404343348,0.34388433062262536,0.4143450419421295,0.9000000000000002,1.0,0.6000000000000002,1.0,0.10292154337583735,0.3208138765325424,0.1114227933673601,0.3338005293095865,0.11701509225584646,0.3420746881250445,0.12944246016781305,0.35978112814294894,0.11764108138156601,0.34298845663019917
2026-01-21,0.9648457345509497,False,calm,0.5905313477730133,1.1224356186457283,0.8167588041726432,0.768734523776023,0.772306834666348,0.6938396269496931,0.6852473732851703,0.4566566800547244,0.5315058218185584,0.9000000000000002,1.0,0.6000000000000002,1.0,0.03845960699160771,0.19611121077492666,0.0781752436225093,0.2795983612657794,0.07344431035718384,0.27100610760125654,0.03707122796877268,0.1925388998846017,0.14011126014894257,0.3743143867779364
2026-01-22,0.424872984831764,False,calm,0.7490317619423335,1.0237736639701234,0.742716180317949,0.707717531635212,0.7928756219899858,0.7460104729969235,0.7261779190830057,0.4783864931370241,0.5531712121813006,0.9000000000000002,1.0,0.6000000000000002,1.0,0.0800010376564479,0.282844546803448,0.09078466340414507,0.30130493425124166,0.10312928630502793,0.32113748816515947,0.1354259409554059,0.36800263715822185,0.10507891277781985,0.32415877711056945
2026-01-23,0.37758232447118556,False,calm,0.5783425960479507,0.9406902317451776,0.680364736531789,0.6563349987453116,0.6534025014529677,0.6155562244541365,0.6123981176049047,0.3647603180025517,0.43665178118825093,0.9000000000000002,1.0,0.6000000000000002,1.0,0.07770305341497703,0.2787526742741261,0.05513845670501758,0.23481579313371914,0.05663157707309553,0.23797389998295093,0.07607677003026164,0.2758201769817822,0.04030468664357649,0.20076027157676513
2026-01-26,0.3801735379493003,False,calm,0.473754374519147,0.8753675135090248,0.6308371539575682,0.615340405232354,0.5456653598785473,0.527351537022359,0.5320112453131167,0.34120329863543636,0.41145917079894223,0.9000000000000002,1.0,0.6000000000000002,1.0,0.05530345546772539,0.2351668672830537,0.023054689377499948,0.1518377073638164,0.021661363411149277,0.14717799907305873,0.02738754312546158,0.16549182192924694,0.008757372973112352,0.09358083656984667
2026-01-27,0.2774037734271344,False,calm,0.46623265713597306,0.8088395861418671,0.5808796941327661,0.5741630701503583,0.504186188926083,0.5054529336646504,0.5107453679071665,0.3420958583497839,0.4124204617401101,0.9000000000000002,1.0,0.6000000000000002,1.0,0.08806608019166243,0.2967592967232239,0.05444829971448375,0.2333415944800321,0.05200641948503624,0.22804916023751598,0.051430263979537774,0.22678241549894862,0.035656347322726115,0.18882888370883866
2026-01-28,0.3686088157618515,False,calm,0.4062423097963912,0.7501742077944077,0.5368264160902153,0.5378522449446729,0.4616664707023946,0.4459329857233698,0.4550498728327495,0.3039472187960727,0.3708501412250374,0.9000000000000002,1.0,0.6000000000000002,1.0,0.02864333832156067,0.16924342918282137,0.007472056347534245,0.086441057070898,0.00597902726023777,0.07732416996151831,0.008659727143033182,0.09305765494054308,0.0014162798732477346,0.037633494034539694
2026-01-29,1.2338788627259927,True,calm,0.39457049182607645,0.7142757677143795,0.5098693929415218,0.5156329732102884,0.46528140600358714,0.4335005143731664,0.443918080731433,0.3376443502103327,0.40762082803130206,0.9000000000000002,1.0,0.6000000000000002,1.0,0.5158771578062052,0.7182458895157042,0.6240380370894562,0.7899607819945597,0.6406055005119982,0.8003783483528263,0.59074205048015,0.7685974567224055,0.7044385414626715,0.8393083708999163
2026-01-30,0.7257072711514351,False,crisis,0.7636440869472123,0.7175511219806245,0.5123289371606718,0.5104597288215832,0.6509652777057398,0.6376873279171668,0.6179096033753622,0.5011904739409041,0.5756061893031214,0.9000000000000002,1.0,0.6000000000000002,1.0,0.04633150447904138,0.21524754232985188,0.011620337177960589,0.10779766777607291,0.007747510406963817,0.08801994323426832,0.005586365584236363,0.07474199344569532,0.001439201992722733,0.037936815795777235
2026-02-02,0.5595721515381202,False,calm,0.7408090096625075,0.7400513408750816,0.5292249059057315,0.5315867155704131,0.6414248997716254,0.6460595664226143,0.6314686792114153,0.44780983806236807,0.5226036303901889,0.9000000000000002,1.0,0.6000000000000002,1.0,0.0007831846263026334,0.027985435967707084,0.005169110691476877,0.07189652767329502,0.007480072933402607,0.08648741488449407,0.006699872393377587,0.08185274823350519,0.032846798742799284,0.18123685812438728
2026-02-03,1.1808020934296746,True,calm,0.6092744150850555,0.6877461449103804,0.4899476455213216,0.49921251324660537,0.5154464888942139,0.5603596858738371,0.5560117072403394,0.4099225126939549,0.4839341039453923,0.9000000000000002,1.0,0.6000000000000002,1.0,0.46456435581413247,0.6815895801830691,0.39036302667461853,0.6247903861893351,0.3849487810936839,0.6204424075558375,0.4426980804867484,0.6653556045354607,0.32664388711399034,0.571527678344619
2026-02-04,0.9245469936460023,False,calm,0.8527631778905544,0.8321357162742017,0.5983733322366039,0.5885821659276675,0.6932217646737175,0.7262748862538757,0.70172452849083,0.49722225079983,0.5717240928009726,0.9000000000000002,1.0,0.6000000000000002,1.0,0.11287236546381038,0.3359648277183348,0.049649850977827995,0.22282246515517234,0.039311828569715,0.19827210739212664,0.05351136155907999,0.2313252289722848,0.00515291620441209,0.0717838157554479
2026-02-05,0.7636136921222774,False,calm,0.8896015244345038,0.8790787580840054,0.6336240189493392,0.6176374730575972,0.7196532169835255,0.768412115568821,0.7404939774767954,0.47343772897539377,0.5482619713995395,0.9000000000000002,1.0,0.6000000000000002,1.0,0.021309056532419494,0.14597621906468017,0.0005345212052885155,0.023119714645482015,2.3024867572340196e-05,0.004798423446543687,0.0019325233744248236,0.0439604751387519,0.015872933890733687,0.12598783231222643
2026-02-06,0.8392875042432042,False,calm,0.7703873884806418,1.0894873268312684,0.791624997425254,0.7478694595677663,0.7835036169485693,0.7800229853717551,0.7584857539792783,0.45370441259385347,0.5285403709822651,0.9000000000000002,1.0,0.6000000000000002,1.0,0.00835725889228036,0.0914180446754379,0.006528922845713847,0.08080175026392589,0.0035122831970643494,0.05926451887144912,0.0031118420817005297,0.055783887294634904,0.004747225952094498,0.06890011576256239
2026-02-09,0.6528158783594618,False,calm,0.7797188145533647,0.9889286017638342,0.7161129731310829,0.6856288264774267,0.7254387955082926,0.7501083267079092,0.7288737136766011,0.46553095098405023,0.5403880042553263,0.9000000000000002,1.0,0.6000000000000002,1.0,0.0010766895641922615,0.03281294811796498,0.005784794313129096,0.07605783531713939,0.009465820505635308,0.09729244834844741,0.00527408809520595,0.07262291714883085,0.016104355214633794,0.12690293619390292
2026-02-10,0.42758994119108756,False,calm,0.7309261266467201,0.9101654205804756,0.6569677597543662,0.6368785041381774,0.6479757632598475,0.699323381033796,0.6837343739234341,0.4273045355222857,0.5017857066934304,0.9000000000000002,1.0,0.6000000000000002,1.0,0.04380170258045797,0.2092885629470898,0.06560997041977558,0.2561444327323465,0.07383906232875084,0.2717334398427084,0.04856991056892312,0.22038582206875995,0.09201284140677388,0.3033361854556325
2026-02-11,0.7085662368108094,False,calm,0.5845281365061135,0.9044800905136968,0.65269850532781,0.6333595798235886,0.5927501006168076,0.6095194792249626,0.6059458532045012,0.3666012543399237,0.43860503076146024,0.9000000000000002,1.0,0.6000000000000002,1.0,0.005656041255193494,0.07520665698722084,0.01053094313150585,0.10262038360630821,0.0098102601882695,0.0990467575858468,0.013413377402907593,0.11581613619400188,0.01538545032719782,0.12403810030469598
2026-02-12,0.9988099971204706,False,calm,0.6392608057303705,0.8545485575282856,0.6152036869586318,0.6024545517208644,0.6075141275941873,0.6286292457785982,0.6202444682569592,0.44192989412604666,0.5166604965694114,0.9000000000000002,1.0,0.6000000000000002,1.0,0.1570976390979202,0.3963554453996062,0.14331185964371004,0.37856552886351136,0.13703378866403312,0.37018075134187234,0.15311245750833008,0.39129586952628326,0.12927562102927484,0.3595491913901001
2026-02-13,0.9083787905749813,False,calm,0.8035225425056289,1.143742231355036,0.8323663420050438,0.7814504303244135,0.8578460140402457,0.8173781589200777,0.7912696053249582,0.48036724200394953,0.5551320634868274,0.9000000000000002,1.0,0.6000000000000002,1.0,0.016110808635897908,0.12692836025056775,0.013714561269924232,0.11710918525002312,0.00828111496159144,0.09100063165490357,0.0025535615043095184,0.050532776534735535,0.010994832759181557,0.10485624806935234
2026-02-17,0.9193817968467284,False,calm,0.823991532753982,1.0503689533082667,0.7622500469191047,0.7236572161060153,0.8188073600654211,0.7948829147472671,0.7691793383037867,0.4714596290177347,0.5462955874061464,0.9000000000000002,1.0,0.6000000000000002,1.0,0.038308111506127916,0.19572458074071308,0.02256077855234411,0.15020245854294167,0.015499971644015552,0.12449888209946125,0.010115217333877175,0.10057443678130729,0.009099302483683907,0.09539026409274642
2026-02-18,0.618060847899985,False,calm,0.8278422182558991,0.967062757767139,0.6996933721269556,0.6720950036043118,0.7597100851229416,0.7674252108008967,0.7427582021409391,0.4714596290177347,0.5462955874061464,0.9000000000000002,1.0,0.6000000000000002,1.0,0.0029196899826794314,0.05403415570432679,0.015549430154693986,0.12469735424095407,0.022309712904795217,0.1493643629009116,0.020064506405845412,0.14164923722295653,0.04400822334840517,0.20978137035591404
2026-02-19,0.4751947296749724,False,calm,0.7320405676345813,0.8905686641249004,0.6422520724923408,0.624749128716062,0.6485619803804386,0.6947160460536332,0.6794803871537022,0.41569380934405353,0.4898823336761762,0.9000000000000002,1.0,0.6000000000000002,1.0,0.022366518272541474,0.14955439904108964,0.041732629851516906,0.2042856574787298,0.04818960834462011,0.21952131637866085,0.030056203617171956,0.17336725070546616,0.06596978447717365,0.25684583795960886
2026-02-20,0.5677780017354249,False,calm,0.621243278345255,0.8871114013215811,0.6396559286707031,0.6226092624290345,0.5871350382254712,0.6282670658320075,0.6218638375551615,0.3814653166494472,0.4542946124155941,0.9000000000000002,1.0,0.6000000000000002,1.0,0.0030064671492505716,0.05483126069360955,0.002925277636319501,0.05408583581973658,0.0036589268752804795,0.06048906409658261,0.00037469486167698304,0.019357036490046275,0.0028585358029656377,0.053465276609830026
2026-02-23,0.8626327591878689,False,calm,0.6095186500801936,0.8177312645970758,0.5875566745646026,0.5796665577484438,0.5632369795461103,0.6005791150154796,0.5951609402912388,0.4070460354701607,0.48096158987436677,0.9000000000000002,1.0,0.6000000000000002,1.0,0.0800698711570573,0.2829662014394251,0.07154117390387167,0.2674718188966301,0.06867211242402922,0.2620536441723893,0.08963783286729646,0.29939577964175856,0.06406675222937215,0.2531141091076753
2026-02-24,0.7070825483641301,False,calm,0.7275119726064114,0.9838231273087795,0.7122791465702863,0.6824688026993203,0.7307046172499242,0.7204657219110292,0.7033044287694512,0.46257015465625034,0.5374298453437495,0.9000000000000002,1.0,0.6000000000000002,1.0,0.0006058364756519424,0.024613745664809783,1.4274187671696549e-05,0.003778119594678886,0.00017910933418642004,0.013383173546899108,0.0005580021384452017,0.0236220688857941,0.00041736137487111233,0.020429424242281335
2026-02-25,0.25027462937841033,False,calm,0.7110687541573932,0.9031846408838162,0.6528946042798845,0.6336724562986704,0.6920047496029159,0.6857577288412402,0.6716182360388732,0.4350905921177676,0.5097209971274345,0.9000000000000002,1.0,0.6000000000000002,1.0,0.14699389368717772,0.3833978269202601,0.1775304348736468,0.42134360666046283,0.18964552991775296,0.43548309946282987,0.19512549911355614,0.4417301202245056,0.21233122543082886,0.4607941247789829
2026-02-26,0.8462185466383512,False,calm,0.5038141320412184,0.8312444034141524,0.5987882500846557,0.5890694161041572,0.5424051641423768,0.5321261697349127,0.5348805269206192,0.2981026649886393,0.36439260300237075,0.9000000000000002,1.0,0.6000000000000002,1.0,0.06612567533449193,0.25714913053419397,0.09693136252175888,0.311338019717732,0.09865402122885167,0.3140923769034385,0.09230257138364521,0.30381338249597434,0.1172407831356052,0.3424044145971328
2026-02-27,0.47081212072215284,False,calm,0.6642211911290135,0.8926855900745811,0.6449982533394568,0.6271630312297578,0.6492316163224336,0.6553292338227508,0.6443050299856325,0.46257015465625034,0.5374298453437495,0.9000000000000002,1.0,0.6000000000000002,1.0,0.024445607216557096,0.15635091050760497,0.030099789564706003,0.1734929092634797,0.03404656502697885,0.18451711310059793,0.031833516410258625,0.1784194956002808,0.037407068515645965,0.19340907040686062
2026-03-02,0.8450656623413011,False,calm,0.6220874338255973,0.9314295526728725,0.6741376423240126,0.651184338106803,0.6569813893810375,0.6418940710603783,0.6352773811324253,0.38052945043215447,0.4533110182222235,0.9000000000000002,1.0,0.6000000000000002,1.0,0.037589967886922586,0.1938813242344981,0.044011122932574365,0.20978828120887583,0.041278695503622335,0.20317159128092277,0.035375693734990964,0.18808427296026364,0.04971929039200143,0.2229782285157038
2026-03-03,1.2651860674312112,True,calm,0.6975754861210766,0.8644535094204457,0.6237648656100229,0.6096591047418567,0.6625929149644997,0.663360070782772,0.6502398820057746,0.4635568039043992,0.5384162015395502,0.9000000000000002,1.0,0.6000000000000002,1.0,0.42971559881273036,0.6555269626893545,0.3781588109692954,0.6149461854254366,0.36219453024188714,0.6018259966484392,0.3631185073997694,0.6025931524667115,0.32218177201522896,0.5676105813101346
2026-03-04,0.7043874248659138,False,crisis,0.9355139730589679,0.991382627019679,0.7192284342062202,0.7428536039524622,0.853977564689802,0.8268991548594108,0.8244307673629729,0.502182525820668,0.5765752770596342,0.9000000000000002,1.0,0.6000000000000002,1.0,0.0014796469335184197,0.03846617908654848,0.014410404077866252,0.12004334249705917,0.015009123985999517,0.12251172999349702,0.022377209932530437,0.14959013982388825,0.053419481279636166,0.23112654819305412
2026-03-05,1.0283090892624192,False,calm,0.8236629698041584,0.9108585872613407,0.6586661901875989,0.6384303129692379,0.7215332281759373,0.7517134533404444,0.7290623094927249,0.4360661864487266,0.5107126460737526,0.9000000000000002,1.0,0.6000000000000002,1.0,0.15200546020386846,0.38987877629318124,0.08954863520253191,0.29924677976969427,0.07650514581108163,0.2765956359219748,0.09411142894535238,0.3067758610864818,0.04188003420932472,0.20464611945826072
2026-03-06,0.6604310528946205,False,calm,0.860687223844657,0.9630500842480193,0.6979194887763233,0.6707891085443884,0.7559518546838202,0.7818538405066054,0.7545249557279701,0.4843305296652037,0.559048561113006,0.9000000000000002,1.0,0.6000000000000002,1.0,0.00010728931684369067,0.010358055649767994,0.00885366255041184,0.09409390283334962,0.014743493351465216,0.121422787611985,0.009124223574451586,0.09552080178919975,0.040102534003570264,0.20025617095003656
2026-03-09,1.4850098896733879,True,calm,0.7871630679226984,1.1734218344143295,0.8561403791642426,0.801219865496154,0.8206055684823084,0.8167714292285921,0.7942444576009231,0.42924783197494437,0.5037697698369785,0.9000000000000002,1.0,0.6000000000000002,1.0,0.4675687971643021,0.6837900241772339,0.47715688214625895,0.6907654320724648,0.44654264001763083,0.6682384604447957,0.4414331020173791,0.6644043211910795,0.48699018662753857,0.6978468217506895
2026-03-10,0.8941581407390715,False,crisis,1.0573111281736771,1.0708517167001856,0.7789972487814993,0.8097388573728745,0.8915481074576732,0.9142345340191433,0.9116999142556721,0.5140835752316958,0.5881563934725318,0.9000000000000002,1.0,0.6000000000000002,1.0,0.007126615404062261,0.08441928336619697,0.00030771381810770944,0.01754177351660058,0.0004030615671361131,0.020076393280071825,6.812273730006804e-06,0.002610033281398305,0.026618897308836573,0.1631529874346056
2026-03-11,0.6948662260409166,False,calm,0.9613198813105494,1.0275336136672257,0.7464176423164097,0.7107689801118375,0.8385075984354268,0.8597896256225488,0.8241986437073008,0.4724485708628156,0.5472789638641044,0.9000000000000002,1.0,0.6000000000000002,1.0,0.0002528975870401912,0.0159027540709209,0.016726874259432034,0.12933241766638415,0.027199727729562705,0.16492339958163216,0.02063284386337834,0.14364137239451014,0.07099755040654827,0.2664536552696327
2026-03-12,0.38567704118447055,False,calm,0.7932664782829102,0.9827418361224218,0.7127296831698331,0.6829980201527874,0.7034278194358534,0.7581471051691482,0.7369509822528024,0.4360661864487266,0.5107126460737526,0.9000000000000002,1.0,0.6000000000000002,1.0,0.08839976453467834,0.2973209789683169,0.12339338167367789,0.3512739410683319,0.13873394856474985,0.37247006398467764,0.10096555707935949,0.31775077825138287,0.1661291492342229,0.40758943709843964
2026-03-13,0.9648986895641535,False,calm,0.6180190049472161,1.2397699407032785,0.9060408836012255,0.8423557771323051,0.7688655966005502,0.7170652158928211,0.7109718342274087,0.34388433062262536,0.4143450419421295,0.9000000000000002,1.0,0.6000000000000002,1.0,0.01501676538727965,0.12254291243184834,0.0644788478612081,0.25392685533674475,0.06142143067199898,0.24783347367133235,0.03842897353687672,0.19603309296360327,0.12032551559994596,0.3468796846169374
2026-03-16,0.5192312374788044,False,calm,0.7934476687158996,1.2527276280422839,0.91578637854779,0.8503895600267988,0.8636363019598245,0.8525787999763843,0.8252252360284362,0.48333950343058846,0.5580701058739532,0.9000000000000002,1.0,0.6000000000000002,1.0,0.10966583459280148,0.3311583225479944,0.09363232714839209,0.30599399854963183,0.11112059742307795,0.3333475624975799,0.11861484844017565,0.34440506448102015,0.07519465116040853,0.27421643123709516
2026-03-17,0.47622160724483525,False,calm,0.6797962159521902,1.1397375531022083,0.8308063836203177,0.7803355675548054,0.7904894276995974,0.7395366725938022,0.7269579285398137,0.39560552487368045,0.4690870971003623,0.9000000000000002,1.0,0.6000000000000002,1.0,0.09248530085541408,0.3041139603099701,0.06286870281653864,0.2507363212949784,0.06933482363973072,0.2633150653489669,0.09876426297338661,0.31426782045476215,0.04144262131035267,0.20357460870735494
2026-03-18,0.6339650241656463,False,calm,0.5696450859065806,1.0458027152719922,0.7601578594330538,0.722095846714671,0.6881502459614417,0.6428549869635756,0.6393528160559971,0.384278175693148,0.4572475058826807,0.9000000000000002,1.0,0.6000000000000002,1.0,0.007767041883167683,0.08813082254902471,2.9028301453730702e-05,0.005387791890350879,7.903143854856707e-05,0.008889962797929307,0.002936038261059545,0.054185221795795435,0.0041370544576500206,0.06431993825906568
2026-03-19,0.7941963867606868,False,calm,0.6148894811685421,1.26253954844452,0.9231659377387456,0.8564729633554415,0.8382720998423538,0.7451227889462956,0.7349143008779679,0.4224562239578475,0.4968254394833558,0.9000000000000002,1.0,0.6000000000000002,1.0,0.003878371992362351,0.06227657659475472,0.0035143657066060573,0.05928208588271888,0.0024082180024486252,0.049073597814391245,0.0019426684836574336,0.04407571308166702,0.032150966393030285,0.17930690559214468
2026-03-20,1.05835571190587,False,calm,0.716657288706279,1.212173522152238,0.885285578237214,0.8252459619697445,0.8535426572403826,0.7943270982615847,0.7748017737262618,0.46059774294903877,0.5354562614362973,0.9000000000000002,1.0,0.6000000000000002,1.0,0.05434015551528293,0.23310974993612543,0.08040283585716505,0.28355393817960817,0.06971110882292328,0.2640286136442853,0.04194838736140792,0.20481305466548738,0.11675781241708678,0.341698423199591
2026-03-23,0.8969661695337651,False,calm,0.8441538064036983,1.4109730932197198,1.0348030163826263,0.9485019529263212,1.0381966465565053,0.9378141826452451,0.9032028050997362,0.49127072832821495,0.5658844997619183,0.9000000000000002,1.0,0.6000000000000002,1.0,0.002655936969884467,0.051535783392556156,3.8895623182735585e-05,0.006236635565971094,0.0016685601751556427,0.04084801311148001,0.01994604764007077,0.14123047702274028,0.002789145699382035,0.052812363130066764
2026-03-24,0.753141603763827,False,calm,0.8492204040530207,1.2786151228077178,0.9352563999192978,0.866439840233961,0.9511767717604128,0.8902936761353462,0.8587288073062489,0.4773963696098109,0.5521901619376318,0.9000000000000002,1.0,0.6000000000000002,1.0,0.01283649038724241,0.11329823647013404,0.011148657551908832,0.1055872035424219,0.01881069095580243,0.13715207237151916,0.039217927763435974,0.19803516799658583,0.009231135865010766,0.09607880028919369
2026-03-25,0.6934150923523892,False,calm,0.7858345143868266,1.2428260095010326,0.9083393572598091,0.8442505437360561,0.8753475298241673,0.8412950337839482,0.8166519741545324,0.4527210361358955,0.5275514291371842,0.9000000000000002,1.0,0.6000000000000002,1.0,0.022751333394114552,0.15083545138366694,0.015187329036315415,0.1232368818021432,0.02186847707780133,0.14787994143155903,0.033099411804422454,0.18193243747177812,0.008541349569179457,0.09241942203443743
2026-03-26,0.8631631822535911,False,calm,0.7433757013254684,1.1330780378763066,0.8271877616280314,0.7775737272550147,0.7848930041851666,0.7800051149106646,0.7608749751916821,0.437042275932167,0.5117042107127794,0.9000000000000002,1.0,0.6000000000000002,1.0,0.007325554806953335,0.0855894549985764,0.01046287730393997,0.102288207061909,0.006915264164210702,0.08315806734292652,0.006126220774862881,0.07827017806842451,0.014349040587105372,0.11978748092812275
2026-03-27,0.6709132731493902,False,calm,0.7985080973769534,1.4267287439969614,1.048583216053711,0.9601282628733709,0.976405340680915,0.9164084200548634,0.8868004806234975,0.4714596290177347,0.5462955874061464,0.9000000000000002,1.0,0.6000000000000002,1.0,0.08364531028104229,0.28921498972398074,0.04660728635096824,0.21588720747410728,0.06026786715413989,0.24549514690547325,0.09332540332468571,0.3054920675315248,0.016280439169662746,0.12759482422756319
2026-03-30,0.9451160084988417,False,calm,0.7410520340058302,1.6510485474082346,1.2177072255580925,1.099581690664279,1.0872616874396979,0.9470466080814228,0.922735368031026,0.43216685295036067,0.5067456224361245,0.9000000000000002,1.0,0.6000000000000002,1.0,0.023859646966833903,0.15446568216543732,0.0005008930677496314,0.022380640467815738,3.727214748262423e-06,0.0019305995825811273,0.02020539404155696,0.14214567894085617,0.04164210568588445,0.2040639744930115
2026-03-31,1.0017744825923156,False,calm,0.8107579513926403,1.5676223281339239,1.15480873649516,1.0477179137327863,1.0791343800315305,0.9763694982292894,0.942534194343384,0.4813578518278935,0.5561118496532531,0.9000000000000002,1.0,0.6000000000000002,1.0,0.002110798864959175,0.045943431140470725,0.0035094117518165,0.05924028824893157,0.000645413230485605,0.025404984363026184,0.005984553731805848,0.0773598974392149,0.036487315191556534,0.19101653119967532
2026-04-01,0.5814707060973284,False,calm,0.8901418841855008,1.4020291403018499,1.0299611597458793,0.9447732012694467,1.0264202095543045,0.9584150477028233,0.920897006113907,0.48829578928722045,0.5629577240678328,0.9000000000000002,1.0,0.6000000000000002,1.0,0.13198870299828705,0.3633024951721183,0.11521021314294441,0.3394263000165786,0.14208703666839997,0.37694434160549484,0.19798006062660953,0.44494950345697604,0.09527789618234021,0.30867117808817235
2026-04-02,1.100366225657452,False,calm,0.7423783471243687,1.2733665606505749,0.9329571011969098,0.8647872281723903,0.8711447209646445,0.8210502412694266,0.8019801806206405,0.4128051656540507,0.4869077552705484,0.9000000000000002,1.0,0.6000000000000002,1.0,0.05549746405606672,0.23557899748506173,0.08903423187271013,0.29838604503681154,0.07801741913465166,0.2793159843880254,0.0525424982136348,0.22922150469280755,0.12815532117661763,0.35798787853308334
2026-04-06,0.3459752427949526,False,calm,0.8702122590570399,1.1654304971519391,0.8515796233665623,0.7976863578602624,0.872596019855331,0.8609107290054854,0.8286065954122274,0.49920634987288987,0.5736662758857408,0.9000000000000002,1.0,0.6000000000000002,1.0,0.20404293147354555,0.4517111150653098,0.2329330225291802,0.48263135261727474,0.26515855495887775,0.5149354862105328,0.2773294428316767,0.5266207770603784,0.274824449219376,0.5242370162620873
2026-04-07,0.8900409738535583,False,calm,0.6671262528378681,1.0672050228117769,0.7775233617113191,0.7366222926960757,0.717342332778171,0.7032347713348628,0.6946588433796379,0.327078479368388,0.3961749561261982,0.9000000000000002,1.0,0.6000000000000002,1.0,0.0235372917281013,0.15341868115748258,0.03817417690852805,0.1953821304739204,0.03489655729945588,0.1868062025186955,0.029824820629285428,0.17269864107538724,0.049690972845503,0.2229147210156902
2026-04-08,0.5883362650113552,False,calm,0.7361021071877896,0.9875118324829744,0.7174393580984417,0.687079236782421,0.7094265057280842,0.7272110536379366,0.7090802742639186,0.4764064236885472,0.55120870525182,0.9000000000000002,1.0,0.6000000000000002,1.0,0.009750174474181505,0.09874297177106584,0.014579115770383129,0.12074400925256346,0.01928620691607767,0.13887478862658142,0.014662846396835379,0.12109024071672903,0.021834744114110922,0.1477658421764344
2026-04-09,0.6152674226174659,False,calm,0.6961007976335306,0.8934487865159267,0.6465213239426462,0.6286028384035014,0.6619490337537405,0.6755386889266832,0.6631016719146174,0.4147302739647268,0.4888907175171624,0.9000000000000002,1.0,0.6000000000000002,1.0,0.00017783331418644418,0.013335415786035476,0.0022881154058220408,0.04783424929715152,0.0036326255425165933,0.06027126630921731,0.002179172818278353,0.04668161113627456,0.006534034516487751,0.08083337501606469
2026-04-10,0.331091318201254,False,calm,0.653780882191507,0.8248508600672743,0.5948025002442667,0.5859574016781746,0.5931268353328357,0.6290362466464676,0.6202862891262064,0.4195543303845628,0.4938495165950135,0.9000000000000002,1.0,0.6000000000000002,1.0,0.06495672050686464,0.2548660834769206,0.08363373120828409,0.28919497092495244,0.08877118038622347,0.29794492844521364,0.06866261223841547,0.26203551713158174,0.10412855470821959,0.322689563990253
2026-04-13,0.6242438382819224,False,calm,0.5167123021367833,0.7915757763877309,0.5697150336769019,0.5652712009568145,0.5322163669812812,0.5339558966074499,0.5358580054577055,0.3253340718414608,0.39427795494045087,0.9000000000000002,1.0,0.6000000000000002,1.0,0.0034777719530787138,0.058972637325107935,0.00781205544403043,0.08838583282421697,0.00815191241181295,0.09028794167447252,0.008469055473990352,0.09202747130064126,0.011563031265733359,0.1075315361451391
2026-04-14,0.3613327786635771,False,calm,0.5884104607500686,0.7305381703544513,0.5236962493078251,0.527325806675749,0.5243383491121584,0.5610715393477687,0.558062050643906,0.4224562239578475,0.4968254394833558,0.9000000000000002,1.0,0.6000000000000002,1.0,0.02755368534864969,0.16599302801217192,0.038702406453910224,0.1967292719803289,0.039895572519656745,0.19973876068419155,0.02657081599726739,0.16300557044858127,0.05156427370177372,0.22707768208649154
2026-04-15,0.45425499369460076,False,calm,0.5164515631462441,0.6738094647637008,0.4809261238102063,0.49205913682107205,0.48067546915592047,0.5046137254952002,0.5066253484635714,0.33322142870828225,0.402838756246743,0.9000000000000002,1.0,0.6000000000000002,1.0,0.0014291532375267264,0.03780414312647129,0.0027426540586278493,0.05237035476897067,0.002536001868564708,0.050358731800599466,0.0006980415236021966,0.026420475461319703,0.0038684132515530902,0.06219656945164331
2026-04-16,0.4256066728429148,False,calm,0.497911276652271,0.6260722075082209,0.44493502437532173,0.4623822021216966,0.44719820471619987,0.47799943467166917,0.4819800871074492,0.37586354498062097,0.4483986637792156,0.9000000000000002,1.0,0.6000000000000002,1.0,0.0013524395537345378,0.036775529278781804,0.003177961835840811,0.056373414264534405,0.002745001492044579,0.05239276182875435,0.0004661942486350843,0.021591531873285053,0.005227955732027961,0.07230460380935616
2026-04-17,0.5602541611929595,False,calm,0.4931040822882129,0.5872735754069307,0.4156831254146888,0.4382621638645154,0.434245665314534,0.46486398943896445,0.46915726092472465,0.3647603180025517,0.43665178118825093,0.9000000000000002,1.0,0.6000000000000002,1.0,0.014882047412183104,0.12199199732844407,0.008298645238480718,0.0910969002682348,0.009099284867256665,0.095390171753995,0.015878141033543163,0.12600849587842544,0.004509133096913688,0.06715007890474656
2026-04-20,0.3764709881836221,False,calm,0.5479962011981008,0.5444546846127661,0.3834001865768625,0.41164284178663807,0.4317830910532049,0.480050116116384,0.48160469304346715,0.4128051656540507,0.4869077552705484,0.9000000000000002,1.0,0.6000000000000002,1.0,0.0012370592858719858,0.035171853603015946,0.011053095897557002,0.10513370485984502,0.010728635743311449,0.10357912793276186,0.0030594287238553063,0.05531210286958277,0.029420898699662277,0.17152521301447865
2026-04-21,0.6707462444021243,False,calm,0.4908427844601307,0.5651604972621544,0.39901115806514753,0.424515073775267,0.42315229707028,0.45967315088258975,0.4636790252551434,0.3394215566157478,0.40953862155815735,0.9000000000000002,1.0,0.6000000000000002,1.0,0.06062978938827251,0.2462311706268573,0.04287683324526381,0.2070672191469809,0.04455185080790616,0.21107309351953452,0.06130276275536407,0.24759394733184426,0.03236525489910049,0.17990345994199358
2026-04-22,0.26651302002380195,False,calm,0.5803694177894052,0.6810421546891823,0.48637914891587064,0.4965555004364053,0.5235864311706996,0.5387403005521435,0.5369830268216553,0.4429088004128847,0.5176513917732646,0.9000000000000002,1.0,0.6000000000000002,1.0,0.05291954279438299,0.23004248041260333,0.07315402457723086,0.2704700067978534,0.07410769226385637,0.27222728052834155,0.06608673871870187,0.25707341114689763,0.09850583841840056,0.31385639776560326
2026-04-23,1.0034960125254149,False,calm,0.47021600788917095,0.6308313514853156,0.44852314053348,0.46534083052125663,0.4424082332340565,0.46369514152644675,0.46842606556383265,0.30059955909947805,0.36715429824537293,0.9000000000000002,1.0,0.6000000000000002,1.0,0.28961099991792866,0.5381551820041582,0.28629984814147047,0.5350699469615823,0.2913849803312446,0.5398008709989681,0.3148194960701082,0.5610877792913584,0.28438756334483234,0.5332800046362439
2026-04-24,0.46559450719457357,False,crisis,0.6963413262284746,0.68060552271955,0.4860499539528802,0.48235793780490405,0.5732882994345475,0.5909452936919863,0.5731711634438135,0.5011904739409041,0.5756061893031214,0.9000000000000002,1.0,0.6000000000000002,1.0,0.0002810126058273648,0.016763430610330476,0.011572736969767126,0.1075766562492399,0.01571281967551996,0.12535078649741277,0.01159795288702667,0.10769379223997394,0.05324409449426385,0.23074681903390099
2026-04-27,0.2801339868449036,False,calm,0.6185300934245571,0.6353707405772842,0.4513103846416776,0.46756598180729997,0.5143928030307342,0.5542712087935328,0.5495021299097717,0.384278175693148,0.4572475058826807,0.9000000000000002,1.0,0.6000000000000002,1.0,0.03513075273558378,0.18743199496239638,0.07255919649821523,0.26936814306486806,0.07515121645771197,0.27413722194862916,0.054877192960786775,0.2342588161858306,0.11451192494826823,0.3383961065796535
2026-04-28,0.3608020359951472,False,calm,0.45739484413454784,0.5965011803773574,0.4220601703938384,0.4434526798323844,0.3912754460270148,0.44659554665008666,0.45219854679779825,0.3056289004876026,0.3727037799965747,0.9000000000000002,1.0,0.6000000000000002,1.0,0.006831128926709834,0.08265064383723719,0.008353322186899109,0.09139651080265104,0.007360526470499209,0.08579351065493945,0.0009286287189703287,0.030473410031867598,0.009330170584255061,0.09659280813940063
2026-04-29,0.3779054613445,False,calm,0.43799353137912445,0.6701527050294295,0.4774845915777236,0.48914348378574884,0.4349319516553135,0.4512225282513811,0.45869644512692176,0.33498712887748505,0.40474942348364756,0.9000000000000002,1.0,0.6000000000000002,1.0,0.012373897636639786,0.11123802244124886,0.006527183060531539,0.08079098378242178,0.005375392299828081,0.07331706690688111,0.0032520205971693092,0.05702649031081353,0.0036105761604859343,0.06008807003462446
2026-04-30,0.8548549889780769,False,calm,0.46102425512825507,0.6437535466058794,0.4576186338493687,0.47276637852197745,0.43004832815796246,0.45985311533441103,0.4658895457383166,0.34388433062262536,0.4143450419421295,0.9000000000000002,1.0,0.6000000000000002,1.0,0.14599170624027288,0.38208861045609943,0.1512941160347032,0.3889654432397603,0.15602648018200657,0.39500187364366585,0.18046069907713574,0.4248066608201144,0.1551026469246892,0.3938307338498218
2026-05-01,0.4274097005856903,False,calm,0.6255616544067031,0.5978961460926204,0.42310991332455233,0.44431806728116896,0.5150898941295535,0.5275080954167424,0.5242376878132134,0.4843305296652037,0.559048561113006,0.9000000000000002,1.0,0.6000000000000002,1.0,0.0002858928643087727,0.016908366695478683,0.009375659110533391,0.09682798722752317,0.010019688647753197,0.1000983948310521,0.007687816339889319,0.08768019354386325,0.039264196803084794,0.1981519538210128
2026-05-04,0.6786762863800408,False,calm,0.5472451991512745,0.5617352708412076,0.39589804514151056,0.42188513775663544,0.4558012061691865,0.49106202285784545,0.4916484685330136,0.37122056678914794,0.44349635760978023,0.9000000000000002,1.0,0.6000000000000002,1.0,0.06594169401132788,0.2567911486234054,0.03497940464862081,0.18702781784702727,0.03519911187697578,0.1876142635221954,0.049673301378994755,0.22287508021085434,0.0172741306901356,0.1314310872287664
2026-05-05,0.3014596583039442,False,calm,0.5857147642241244,0.6139943684756971,0.43522418606888974,0.45430483573406244,0.48110499045043253,0.5178803238454536,0.5166492664453053,0.4507553975153047,0.5255729043642412,0.9000000000000002,1.0,0.6000000000000002,1.0,0.02336164826364432,0.15284517743011822,0.04630656745203253,0.21518960814136107,0.04683790447342985,0.21642066554150935,0.03227244536202211,0.1796453321464883,0.08080096524169285,0.28425510592018016
2026-05-06,0.4429546569561003,False,calm,0.4858819465012081,0.5723735347580402,0.4039035769044606,0.4284847408649803,0.40378959839527934,0.46020137401305183,0.4640083958072382,0.31326034677780584,0.3810908641197644,0.9000000000000002,1.0,0.6000000000000002,1.0,0.0002093784716840543,0.014469916091120028,0.0004432599196119122,0.02105373885113787,0.00029744924924254254,0.01724671705695152,0.0015339018120725364,0.039165058560820976,0.0018427521876895191,0.04292728954510777
2026-05-07,0.5407095055895236,False,calm,0.4777356260089723,0.5301947915656363,0.37216312837001253,0.4023185386674374,0.36655466236631024,0.4378580223110823,0.44377060161822024,0.3777271977997976,0.4503624521713174,0.9000000000000002,1.0,0.6000000000000002,1.0,0.019152059725629954,0.1383909669220862,0.00939715110315757,0.09693890397130334,0.010578427612575488,0.10285148327844129,0.030329909418102017,0.17415484322321334,0.003965709509425774,0.06297387958055128
2026-05-08,0.24910796141274472,False,calm,0.5187920845027764,0.5734657420684112,0.4047254873574496,0.4291623076951353,0.4353804837368017,0.47159504626665283,0.4750617891074468,0.4137673904306278,0.48789918878389443,0.9000000000000002,1.0,0.6000000000000002,1.0,0.03241956761517902,0.1800543462823906,0.051055132249887114,0.22595382769470207,0.04950050292679011,0.2224870848539081,0.03469745257296631,0.186272522324057,0.07272952624683934,0.26968412309003165
2026-05-11,0.3391111650088538,False,calm,0.42097486450389937,0.5353981023921786,0.3760787362567915,0.4055464888830922,0.3650203131032369,0.4075912090257648,0.41535287855133507,0.2981026649886393,0.36439260300237075,0.9000000000000002,1.0,0.6000000000000002,1.0,0.00441365225827495,0.0664353238742384,0.005812798883893772,0.07624171354248127,0.004689516428558067,0.06848004401691099,0.0006712839549766757,0.025909148094383105,0.006701665295015125,0.08186369949504557
2026-05-12,0.6652728347934875,False,calm,0.3872722396862964,0.50527668832885,0.35341169782701526,0.38686022771922446,0.3421468522372274,0.3761082812426684,0.38710783607214583,0.32970406941577035,0.3990263081893179,0.9000000000000002,1.0,0.6000000000000002,1.0,0.077513579777888,0.2784126070742631,0.07737576651364403,0.2781649987213417,0.08361613903024456,0.28916455355081916,0.10441040060294852,0.3231259825562601,0.0772843308799524,0.2780005951071911
2026-05-13,0.7396375502154501,False,calm,0.5370433194970339,0.5200182287553125,0.36450503702610465,0.3960053586147211,0.4243533169192808,0.4594402326260838,0.46305715535030934,0.4497731503964946,0.5245833368823399,0.9000000000000002,1.0,0.6000000000000002,1.0,0.11808308310432013,0.343632191600729,0.07649671482375717,0.27658039486514074,0.07851053678427619,0.2801973175893663,0.0994041477651533,0.3152842332961693,0.04104442232038685,0.2025942307184162
2026-05-14,0.4217913699468041,False,calm,0.6318453537498551,0.4887290826726048,0.3409592541089914,0.37659467775934574,0.4540934703072044,0.49499190541005195,0.49265413552278325,0.47047091115308126,0.5453118495648849,0.9000000000000002,1.0,0.6000000000000002,1.0,0.00204274098468786,0.045196692187458365,0.005021531545076175,0.07086276557597915,0.005358318392106205,0.07320053546324784,0.0010434256876933746,0.03230210036040032,0.044122676111532394,0.21005398380305096
2026-05-15,0.4767784698053797,False,calm,0.5259005535087955,0.45840819475270167,0.3181421071363957,0.35778467006181663,0.3789359099394054,0.4491608242488424,0.4516709256519278,0.36936996112494874,0.4415384574907139,0.9000000000000002,1.0,0.6000000000000002,1.0,0.014159524377411187,0.11899379974356306,0.0006303887734175367,0.0251075441534519,0.0007627343460865236,0.027617645556537285,0.009573166521126763,0.09784255986597429,0.002412979107365389,0.04912208370341581
2026-05-18,0.7635933068225705,False,calm,0.504150176466635,0.7382245990216785,0.5287102157753762,0.5313728819934146,0.5038377611860131,0.5139830165805301,0.5170545916223402,0.40035929870826814,0.4740313244402147,0.9000000000000002,1.0,0.6000000000000002,1.0,0.05392632570783367,0.23222042482915595,0.06078133809258027,0.2465387152002303,0.062305296994715646,0.2496102902420404,0.06747294348894568,0.25975554563655745,0.06731073788888699,0.2594431303559356
2026-05-19,0.5823622264963989,False,calm,0.6371114145892176,0.7150536083546504,0.5112735265548347,0.5169984179619679,0.5508396552519101,0.5775350106591595,0.5712580262676554,0.47343772897539377,0.5482619713995395,0.9000000000000002,1.0,0.6000000000000002,1.0,0.004272427466125757,0.06536380853443102,0.00012330326272002668,0.011104200228743477,2.330201273929527e-05,0.00482721583723944,0.0009936724978638698,0.03152257124448876,0.002997473596822841,0.0547491880928187
2026-05-20,0.6061383221688195,False,calm,0.6160947393836985,0.8128720223741023,0.5848840730270894,0.5776815063176423,0.6003952110944889,0.6026976285156307,0.5967433138033171,0.42924783197494437,0.5037697698369785,0.9000000000000002,1.0,0.6000000000000002,1.0,0.0008097903683878104,0.02845681585117721,8.826618218785882e-05,0.009395008365502333,1.1838372815093522e-05,0.0034406936531887755,3.298332481209837e-05,0.005743111074330565,9.913024375673998e-05,0.009956417214879054
2026-05-21,0.6652691018275041,False,calm,0.5896406183521016,0.7500942212600549,0.5376423722424845,0.5387363763033575,0.5536318061917024,0.5672193223906836,0.5638956088642018,0.4311933120619438,0.5057537142630923,0.9000000000000002,1.0,0.6000000000000002,1.0,0.01601053062856903,0.12653272552414663,0.010276585075580708,0.10137349296330234,0.009613759247609143,0.09804977943682047,0.012462885776875392,0.11163729563580171,0.0057196675127892315,0.07562848347540252
2026-05-22,0.41937989410267534,False,calm,0.6261212481413964,0.69985678878421,0.49983757960728015,0.5075708479695236,0.5355867711561534,0.569570178985212,0.564166378627366,0.44780983806236807,0.5226036303901889,0.9000000000000002,1.0,0.6000000000000002,1.0,0.007777644343944551,0.08819095386684822,0.020963126101018477,0.14478648452469062,0.02255712167309752,0.15019028488253666,0.013504038274522161,0.11620687705347804,0.042741987469763786,0.20674135403872101
2026-05-26,0.35110752777504506,False,calm,0.5466590001922894,0.6531162449615655,0.4646642739706641,0.4785746658190159,0.4641025376751158,0.5167505777811572,0.5169298543171831,0.3647603180025517,0.43665178118825093,0.9000000000000002,1.0,0.6000000000000002,1.0,0.016247871281120724,0.12746713804397086,0.027497043979847452,0.16582232654213802,0.02743762001532736,0.16564305000611212,0.01276787226231708,0.11299500990007072,0.03824037836455228,0.19555147241724435
2026-05-27,0.2959751251765493,False,calm,0.4587118311923209,0.6116211376617443,0.4331627907382301,0.45248064342171623,0.4061048003221776,0.4498663453066886,0.4561897615345504,0.3462159724364918,0.40474942348364756,0.8500000000000002,1.0,0.6000000000000002,1.0,0.024493977241188285,0.15650551824516695,0.025668729703326527,0.1602146363580011,0.023682507633143002,0.15389122013013934,0.012128545347681626,0.11012967514562833,0.026483235484863678,0.16273670601577161
2026-05-28,0.4249794977078316,False,calm,0.41333722538171763,0.590992292422292,0.4175929105207017,0.4396380399954063,0.38130471755113915,0.4147165604224454,0.423360225549902,0.324115858124109,0.3810908641197644,0.8500000000000002,1.0,0.6000000000000002,1.0,0.0002148728619966152,0.014658542287574683,2.6220423214460443e-06,0.0016192721579296188,0.00010532788172377,0.010262937285386187,0.0019074864217354175,0.04367478015669246,0.0001355425049153994,0.011642272326113978
2026-05-29,0.31331079489649,False,calm,0.4421836728138162,0.5540168629358024,0.389685240391145,0.41661877876675013,0.3874427823858836,0.42188135982739755,0.430745495186307,0.386722270542523,0.4474173687734042,0.8500000000000002,1.0,0.6000000000000002,1.0,0.010672539531337929,0.10330798387026013,0.013790908832159146,0.117434700289817,0.011787567569416414,0.10857056493090755,0.005495551569127608,0.07413198748939359,0.016608218662694067,0.1288728779173262
2026-06-01,0.45180396220220465,False,calm,0.4065217830070059,0.5221142008081926,0.3656063051826344,0.3967575973388687,0.36846515429242593,0.3929022950520282,0.4027089315192818,0.3328688476629534,0.3904935462428162,0.8500000000000002,1.0,0.6000000000000002,1.0,0.003030102284667509,0.05504636486333597,0.002410322037757138,0.04909503068292287,0.003469406393070172,0.05890166715017642,0.0069453569038229945,0.08333880790977871,0.0020504757526660883,0.045282179195198724
2026-06-02,0.2691119298882286,False,calm,0.4393482721576233,0.4929385108080013,0.3435855864611641,0.3785941077197395,0.36914825029232917,0.4010452766179509,0.41132909917365457,0.39997829280897684,0.46118933974667703,0.8500000000000002,1.0,0.6000000000000002,1.0,0.011986347262730583,0.10948217783151093,0.020225723239559516,0.142217169285426,0.01740640797930514,0.13193334672972235,0.010007265399991874,0.1000363204041006,0.028980412229262505,0.1702363422693947
2026-06-03,0.36864144683234074,False,calm,0.3900322402719353,0.46708591682577194,0.32407301622548795,0.36249943018441116,0.33130306279367183,0.369392347521784,0.3798726251311513,0.31291897454125617,0.3690002984979599,0.8500000000000002,1.0,0.6000000000000002,1.0,3.772436850344401e-05,0.006142016647929571,0.00012613936597967283,0.01123117829881054,5.638518454063918e-07,0.000750900689443279,0.0013941549226191246,0.037338384038668904,0.0004575660439754011,0.021390793439594546
2026-06-04,0.4915095773262097,False,calm,0.3986371172709035,0.6061855996192298,0.42906025008423776,0.44909671869503637,0.4079296900355764,0.4095003665883149,0.41964204861422294,0.3570720143801265,0.41627224057448825,0.8500000000000002,1.0,0.6000000000000002,1.0,0.0017988505772678944,0.042412858631173334,0.005164941683168242,0.07186752871198676,0.00672551064585244,0.0820092107378948,0.006985597559514968,0.08357988729063331,0.008625293836724444,0.0928724600553062
2026-06-05,1.0874814271186717,False,calm,0.46062550107784067,0.5687622251826914,0.4008144878736484,0.4257985868227005,0.42351079112960316,0.435323214394811,0.44373705254088214,0.42303725229747885,0.48492520506510084,0.8500000000000002,1.0,0.6000000000000002,1.0,0.4378241811421436,0.6616828402959711,0.41440681980054944,0.6437443745777895,0.42531033442318045,0.6521582127238608,0.4408570054557281,0.6639706359890685,0.3929483520125079,0.6268559260408311
2026-06-08,0.5865912353561794,False,crisis,0.7334908666835873,1.3042507351314638,0.9559336847238,1.011165723848334,0.9618976129235043,0.8501806624366333,0.8962729228110794,0.5245833368823399,0.5862326095693721,0.8500000000000002,1.0,0.6000000000000002,1.0,0.18026349627837474,0.4245744884921546,0.09590274754491436,0.3096816874549,0.06947938606860189,0.26358942708045385,0.1408548770427074,0.3753063775673249,0.021579501684128363,0.1468996313274079
2026-06-09,2.27362373883168,True,calm,0.6605066529034532,1.1923695761357314,0.8714899737966219,0.8140288444575293,0.8547882512734449,0.7546973046964511,0.7386078855982146,0.44643648319807894,0.5087292716717848,0.8500000000000002,1.0,0.6000000000000002,1.0,2.1304172556830885,1.4595948943741508,2.356273669678064,1.5350158532334655,2.3071375123147617,1.5189264341352289,2.013094140754615,1.4188354875582352,2.6021467329135737,1.6131170859282267
2026-06-10,1.0629290048113693,False,crisis,1.2825718664575159,1.1591127404719084,0.846388959091763,0.8887588474409177,1.1039284743048614,1.0481541540103523,1.0468008715806483,0.5374298453437495,0.5986876601124519,0.8500000000000002,1.0,0.6000000000000002,1.0,0.03033524371844788,0.1741701573704516,0.0002601166815078884,0.016128133230721042,0.00021829621619231376,0.014774850801017037,0.0016809564987477887,0.04099946949349209,0.04824298667210827,0.21964286164614655
2026-06-11,1.2980473526904939,True,crisis,1.1666854810698148,1.3942445367328007,1.0238576375669322,1.0870649408375717,1.1475081974930301,1.0921845487425998,1.1202394750645246,0.5216135068629757,0.5833420103633192,0.8500000000000002,1.0,0.6000000000000002,1.0,0.04451357811127609,0.2109824118529222,0.03161564134585167,0.17780787762596928,0.04237949404928905,0.20586280394789402,0.022662037247566075,0.15053915519746375,0.017255941315687758,0.13136187162067903
2026-06-12,0.8952669961114305,False,crisis,1.0962198310994458,1.2636680919773309,0.9253034247414276,0.9769390239651882,0.9691296252109728,1.0052079007147097,1.025377601593506,0.5324938215357373,0.5939113861478371,0.8500000000000002,1.0,0.6000000000000002,1.0,0.006670320133744976,0.08167202785375771,0.016928769658912334,0.13011060548207565,0.01208700250498734,0.10994090460327921,0.0054556879774965575,0.07386262909954233,0.040382041889720506,0.2009528349880153
2026-06-15,0.3902805882962596,False,calm,0.9838604190932215,1.1548840285116897,0.8431972855913425,0.7906920063182364,0.8520248812839227,0.9128590481479841,0.8743611499741679,0.504761760794195,0.5668590819069647,0.8500000000000002,1.0,0.6000000000000002,1.0,0.16032930368237028,0.40041141802197683,0.23433399019439918,0.4840805616779083,0.2730882467010004,0.5225784598517245,0.21320779210667687,0.4617442929876631,0.35233701552895,0.593579830796962
2026-06-16,0.3890314948346545,False,calm,0.7276472812311231,1.0521776807220544,0.7656783787353186,0.7267515928478617,0.6413751873833025,0.7416105621467773,0.7272648974009193,0.36715429824537293,0.426916143325907,0.8500000000000002,1.0,0.6000000000000002,1.0,0.1140548646020503,0.33772009801320724,0.11440183461155293,0.3382334025662648,0.12431199870668645,0.35257906731212285,0.06367733916908658,0.25234369254864797,0.11466065079689886,0.3386157863964686
2026-06-17,0.8734740759349279,False,calm,0.5541313704378663,1.093305113167138,0.7967198252822048,0.752355706830181,0.652216845026497,0.6431987643386687,0.6387565396438105,0.36715429824537293,0.426916143325907,0.8500000000000002,1.0,0.6000000000000002,1.0,0.014669659334593691,0.12111836910474683,0.05509232184257199,0.23471753629111736,0.053026719130754234,0.23027531159625914,0.04895476222926669,0.22125723090843086,0.10197976355418299,0.31934270549706156
2026-06-18,0.40541031602255695,False,calm,0.7188079044833716,1.264956032420209,0.9262755139781325,0.8592179503605546,0.8599262535998825,0.8225005450246796,0.7977157030800772,0.49980158731200197,0.5619811467459138,0.8500000000000002,1.0,0.6000000000000002,1.0,0.20594136898344978,0.45380763433799765,0.1539035167143508,0.39230538705752027,0.17396425912904312,0.41709022900212267,0.2065847375117953,0.45451593757732556,0.09821804845305415,0.31339758846081467
2026-06-22,0.6080558689070616,False,calm,0.5871989047986407,1.1533298732519972,0.8420242673757337,0.7897244582353717,0.7716006032736743,0.6828835995178106,0.675434405314919,0.3754912531134818,0.4356758888889698,0.8500000000000002,1.0,0.6000000000000002,1.0,0.03300347634853818,0.1816685893283101,0.0045398671684649654,0.0673785364078574,0.005599189268354821,0.07482773061074899,0.026746880139045894,0.16354473436661265,0.00043501295181996066,0.020856964108420972
2026-06-23,0.7039959934144804,False,calm,0.5689489437907962,1.1286229912441705,0.8233764376525862,0.7743430501224097,0.7556464124980927,0.6827842236380497,0.6736426324742446,0.4474173687734042,0.5097209971274345,0.8500000000000002,1.0,0.6000000000000002,1.0,0.004948708387468619,0.07034705670792929,0.0009213265203682308,0.030353360940235774,0.00044993917704829844,0.02121176977643069,0.002667765791512786,0.05165041908361234,0.01823770561206182,0.1350470496236842
2026-06-24,0.8605954974924664,False,calm,0.6516629070931014,1.3403060865149699,0.9831469143411544,0.9061275495968378,0.9107279379018698,0.808468778199317,0.7879175932358761,0.4730420402721752,0.5354562614362973,0.8500000000000002,1.0,0.6000000000000002,1.0,0.002073167768835191,0.04553205210437139,0.005282077767130118,0.07267790425659038,0.0027171948642668036,0.05212671929314949,0.0025132615814023773,0.050132440409403345,0.04365282733098886,0.20893259039936507
2026-06-25,0.8563993480060181,False,calm,0.7465603915325324,1.2450702040199704,0.9112664350585865,0.8468379162392314,0.8918508979741692,0.8285539381027438,0.8027184685305051,0.49781747417933186,0.5600265579174301,0.8500000000000002,1.0,0.6000000000000002,1.0,9.142097743091781e-05,0.009561431766786699,0.0028816368212645563,0.05368087947551303,0.0007753668526813682,0.027845409903274332,0.0012568123951443094,0.03545154996815103,0.012064596359184294,0.10983895647348574
2026-06-26,1.9417185431449717,True,calm,0.7735261328786257,1.142669797709246,0.8327154594901224,0.7821216805153507,0.8533151585260527,0.8029328960851064,0.7784370734301225,0.4968254394833558,0.5713353888604432,0.8500000000000002,1.0,0.5500000000000002,1.0,1.3446648838204605,1.1595968626296211,1.3532237777819398,1.1632814697148492,1.2968327499495558,1.1387856470598652,1.1846219276499184,1.088403384618919,1.3646735074038951,1.1681924102663461
2026-06-29,0.8273581940919854,False,crisis,1.2381105598766504,1.197942296714149,0.8743909642325547,0.9195337497979817,1.085492460617902,1.0429956575067323,1.043875765621575,0.5364431960956006,0.6096953328370371,0.8500000000000002,1.0,0.5500000000000002,1.0,0.008496333069709233,0.09217555570599634,0.046879858781070906,0.2165175715295895,0.0464995156279463,0.21563746341474688,0.06663329955487292,0.25813426652591653,0.16871750599769925,0.410752365784665
2026-06-30,0.4990866891886327,False,calm,1.038494341867455,1.0906350541253937,0.793481224707148,0.7497580661845915,0.9054143158319874,0.9184667442516895,0.8754971618356147,0.4898823336761762,0.5645192300356124,0.8500000000000002,1.0,0.5500000000000002,1.0,0.0628361392450501,0.2506713769959588,0.14168484391832437,0.37641047264698196,0.17587963058469255,0.4193800550630568,0.16510214017362146,0.4063276266433547,0.290960615768477,0.5394076526788223
2026-07-01,0.6662706563957514,False,calm,0.7249609964893668,1.0005807017427923,0.7255801770366808,0.6937477137049988,0.6552012397538644,0.7252217342401147,0.7094967927103617,0.42110132800350103,0.4954366346480466,0.8500000000000002,1.0,0.5500000000000002,1.0,0.0007549886783756617,0.02747705730924732,0.0018684988606892672,0.04322613631461025,0.0034752295790121774,0.058951077844363264,0.00012253198479168702,0.011069416641887098,0.0034445560203042393,0.0586903400936154
2026-07-02,1.0471782238409815,False,calm,0.7219963032412132,0.96098105989397,0.6957220180718976,0.6691182556129022,0.6364133284458263,0.7099306842060724,0.6937555081794311,0.459217784894549,0.5340740879900014,0.8500000000000002,1.0,0.5500000000000002,1.0,0.14292933957661633,0.3780599682280793,0.12490761594558508,0.35342271566155037,0.11373590298979955,0.33724753963490905,0.16872779928899276,0.41076489539515515,0.10574328148495399,0.32518192059976825
2026-07-06,0.4218659603441208,False,crisis,0.8976183132075773,0.9250986753828538,0.6686666738630145,0.6894508464414537,0.7163285016354893,0.7791011784520938,0.7744638609384258,0.5176513917732646,0.5916123887289058,0.8500000000000002,1.0,0.5500000000000002,1.0,0.07160167126772261,0.2675848860973329,0.12432527950351135,0.35259790059430496,0.12761700105665102,0.357235218107973,0.0867081882237709,0.2944625412913685,0.22634030125511484,0.4757523528634565
2026-07-07,0.5020106723400241,False,calm,0.6704977222071419,0.8527248724887719,0.6140967734596944,0.6017870600155923,0.6239493733089208,0.648898159256075,0.6391746543196487,0.38296453217100224,0.45586910223877203,0.8500000000000002,1.0,0.5500000000000002,1.0,0.009955327537585296,0.09977638767556829,0.018813957952506795,0.13716398197962465,0.021575933812513028,0.1468874869160509,0.014869046793982007,0.1219387009688967,0.02838788597292465,0.16848704986711782
2026-07-08,0.6037592714873607,False,calm,0.5792494179208678,0.894232436378886,0.6453935070413588,0.6276031724248764,0.5988752605068091,0.6069748920034801,0.6031097113051399,0.41916782665350916,0.4934527552000963,0.8500000000000002,1.0,0.5500000000000002,1.0,0.0005685316119180597,0.02384390093751565,4.2192843032677477e-07,0.000649560182220843,1.0340215303687636e-05,0.003215620516119344,2.3853563258149476e-05,0.00488401098055169,0.0006007329218509264,0.024509853566492934
2026-07-09,0.4819543660230109,False,calm,0.6343612901552887,0.8987351899836625,0.6487885865580859,0.6304037124305476,0.6308399750251251,0.6407314963547411,0.6323181348476481,0.44153845749071396,0.5162641013637578,0.8500000000000002,1.0,0.5500000000000002,1.0,0.02203720844882483,0.1484493464075367,0.02260926297514894,0.1503637688246372,0.02521017711637925,0.15877713033173024,0.022166924567930436,0.14888560900211423,0.023227870523461897,0.15240692413227785
2026-07-10,0.6456375355898024,False,calm,0.596346120005804,0.8293300537474022,0.596457062989614,0.587236380240192,0.5809550517242249,0.5963917685139284,0.5919231598548409,0.41145917079894223,0.4855199231551278,0.8500000000000002,1.0,0.5500000000000002,1.0,0.0034106949461693314,0.058401155349610434,0.0028852341605966228,0.05371437573496152,0.002425145574891238,0.049245767075874025,0.004183823719020695,0.06468248386557751,0.0024296436502744415,0.04929141558399841
2026-07-13,0.4848300906070578,False,calm,0.6157361716018969,0.7696481671880162,0.5514568768007759,0.5501165363415187,0.5796520876127114,0.586787190771421,0.5812742417847343,0.4503624521713174,0.5251771010371808,0.8500000000000002,1.0,0.5500000000000002,1.0,0.004262319996638709,0.06528644573446091,0.009301474296382523,0.09644415117767652,0.010395250273926005,0.10195710016436327,0.008991211116140176,0.09482199700565358,0.01713640204142737,0.13090608099483908
2026-07-14,0.4340317851993838,False,calm,0.5790637775299811,0.8816365795542744,0.6358962217678535,0.6197690326874473,0.6211392447479188,0.6024480079105732,0.5988269898860439,0.41145917079894223,0.4855199231551278,0.8500000000000002,1.0,0.5500000000000002,1.0,0.03449832510444216,0.18573724748806353,0.027157459487718198,0.1647952046866601,0.028364024072304945,0.1684162227111894,0.03500920141870667,0.18710745954853503,0.021034278799382425,0.14503199233059727
2026-07-15,0.5031005605349189,False,calm,0.5272283569297244,0.8169197201024884,0.5870996623295154,0.5795176288034177,0.5550256937684696,0.5504382968491788,0.5513229882831954,0.3876638360307985,0.46079492963054536,0.8500000000000002,1.0,0.5500000000000002,1.0,0.005839568322752408,0.07641706826849881,0.002325402537937743,0.04822242774827645,0.0022408612793583965,0.04733773631425986,0.0026962194613219847,0.051925133233550635,0.0005821505588691866,0.024127796394805445
2026-07-16,0.6067063038371544,False,calm,0.534069227546605,0.7587263291532003,0.543221802921166,0.5433235720719399,0.5325819172038836,0.5378968528932282,0.5386266302775925,0.4182020021667099,0.4924608888842395,0.8500000000000002,1.0,0.5500000000000002,1.0,0.004017370686021128,0.06338273176521447,0.004634841951976512,0.0680796735595619,0.0047347405392045875,0.06880945094392621,0.005494424693758617,0.07412438663327081,0.005276144852039092,0.07263707629054938
2026-07-17,0.6084148386459318,False,calm,0.5866427840289983,0.8247298194440257,0.5929884829547278,0.5843752109795864,0.5966809144649212,0.5894446541443654,0.5854721174663671,0.44153845749071396,0.5162641013637578,0.8500000000000002,1.0,0.5500000000000002,1.0,0.000577903698336518,0.024039627666345376,0.000526368455123249,0.02294272117956475,0.0003598679000234701,0.0189701845015664,0.00013768497668570533,0.011733924181010602,0.00047402236224273727,0.021772054616933545
2026-07-20,0.5452924898308884,False,calm,0.604230836714143,0.9787575002164918,0.7091254670981322,0.6801745195463405,0.6970304177216863,0.6507512232222663,0.643588336145184,0.44349635760978023,0.5182458627665444,0.8500000000000002,1.0,0.5500000000000002,1.0,0.018193161940160088,0.13488202971545205,0.009662073402643611,0.09829584631429555,0.011121544448513725,0.1054587333913779,0.023024398760592975,0.15173792789079787,0.0034737287333308484,0.05893834688325461
2026-07-21,0.4294972808081107,False,calm,0.5857724247713567,0.9463612745299199,0.6846986891969219,0.6600253099667277,0.6639682706882367,0.6279096276758303,0.6229283327934887,0.42594555802901707,0.5003968253135077,0.8500000000000002,1.0,0.5500000000000002,1.0,0.05314317222775616,0.23052802915861698,0.03741557187216999,0.19343105198537797,0.03936745938955625,0.19841234686771952,0.05497664509536614,0.234470989880126,0.02442192062073326,0.156275143963246
2026-07-22,0.3386388829562975,False,calm,0.5312963220341158,0.8719224868502544,0.6285717887524601,0.6137272396815967,0.5885144261918979,0.5686406339933552,0.5689551842158249,0.383902675762715,0.456853608530221,0.8500000000000002,1.0,0.5500000000000002,1.0,0.07567360400582546,0.2750883567252992,0.05304559862586938,0.2303163012595274,0.05290080548011266,0.23000175103705767,0.06243778710728638,0.24987554323560035,0.03711688883202327,0.1926574390778183
2026-07-23,0.6962312411038462,False,calm,0.47153690118249425,0.8430196498132292,0.6067790284522709,0.5957507838271789,0.542695048529194,0.5170327619077811,0.5220025225565486,0.33640302503178754,0.40628004132526646,0.8500000000000002,1.0,0.5500000000000002,1.0,0.010096322294528145,0.10048045727666721,0.030355646366633442,0.1742287185472976,0.03211209494618255,0.17919847919606502,0.02357336243032066,0.15353619257465212,0.05048754639269203,0.2246943399213519
2026-07-24,0.6129850157062762,False,calm,0.5878365302729238,1.0510428205390812,0.7636286515777245,0.7251332157475773,0.724697784833357,0.6701246373601821,0.6623816900705105,0.4680989482149851,0.5429494495069116,0.8500000000000002,1.0,0.5500000000000002,1.0,0.012577218772503689,0.1121482000413011,0.002440031438246206,0.04939667436423434,0.003264936362751519,0.05713962165390596,0.012479742786040466,0.11171276912708084,0.0006324463195915355,0.025148485433352352
2026-07-27,0.7828178337575381,False,calm,0.6182720473339274,0.9693772519373107,0.7020527530236425,0.6743403649656615,0.7031236381689008,0.6553464493098624,0.6472736677690715,0.44251718424575476,0.5172550499130619,0.8500000000000002,1.0,0.5500000000000002,1.0,0.011767361235492558,0.10847746879187659,0.018372220933508994,0.13554416598846664,0.016248953853007137,0.1274713844476757,0.006351164810519981,0.07969419558863733,0.027075315829764517,0.16454578642361073
2026-07-28,0.6359929659160036,False,calm,0.6748586481536817,0.9035791482450873,0.653440948057408,0.6344783102137064,0.687904133538517,0.6644938926490203,0.6522998802676481,0.4839341039453923,0.5586572336161915,0.8500000000000002,1.0,0.5500000000000002,1.0,2.294181896501581e-06,0.0015146557022972518,0.00026591545567186746,0.01630691435164444,0.000812302824640782,0.02850092673301663,0.002694769323932679,0.051911167622513354,0.0015105412558001636,0.038865682237678056
2026-07-29,0.9551610576454537,False,calm,0.6595633219942958,0.8371339637069312,0.603189779530783,0.5929983136793877,0.6326180581311576,0.6343408199568352,0.6248025686345005,0.4474173687734042,0.5222076018581396,0.8500000000000002,1.0,0.5500000000000002,1.0,0.13116185311703024,0.36216274396606596,0.1091367312616001,0.3303584890109532,0.10292562491058163,0.32082023768861845,0.10403398653567922,0.3225429995142961,0.08737802132209181,0.2955977356511579
2026-07-30,0.5841923649665235,False,calm,0.7711597761788487,1.1206940949754716,0.8176406542307355,0.770017511444361,0.8265064488116428,0.7948059594168502,0.7704938859164113,0.5087292716717848,0.5829561592270025,0.8500000000000002,1.0,0.5500000000000002,1.0,0.03453098506350978,0.18582514647783754,0.03470825670824149,0.18630152094988783,0.044358086167286676,0.21061359445032668,0.058716115229699516,0.24231408384511932,0.0349568128554387,0.18696741121232519
2026-07-31,1.0492868699097406,False,calm,0.6865035897224988,1.022078360403318,0.7430595400114426,0.7084542791843436,0.7299300860455151,0.7108681218259768,0.6975965229331564,0.43080404411913953,0.505356937873844,0.8500000000000002,1.0,0.5500000000000002,1.0,0.11616685490058602,0.34083259072539707,0.12368610015651017,0.3516903469765842,0.114527249054582,0.3384187480837638,0.10198875540010165,0.3193567838642255,0.1316117083834148,0.3627832801872418
2026-08-03,0.617374120036902,False,crisis,0.8126181951841244,0.939958301857456,0.6809537767407468,0.7014891509446063,0.7315763067236144,0.7444619257298924,0.7468728758644229,0.5176513917732646,0.5916123887289058,0.8500000000000002,1.0,0.5500000000000002,1.0,0.0070753384246040555,0.08411503090770434,0.01676992776087588,0.1294987558275209,0.01615131035585931,0.1270878056929905,0.013042139444026721,0.11420218668671245,0.038120248880094236,0.19524407514722242
2026-08-04,0.8114996800636305,False,calm,0.7294120859782017,0.8628343093168295,0.6226264385966311,0.6090423694561791,0.6527594976926229,0.6822621159511957,0.6672695224465495,0.44153845749071396,0.5162641013637578,0.8500000000000002,1.0,0.5500000000000002,1.0,0.04098896261840206,0.20245731060745142,0.020802338366248035,0.14423015761708102,0.0167023479777157,0.1292375641124348,0.02519844549918076,0.15874018237100762,0.006738373102734119,0.08208759408542876
2026-08-05,0.46161317433008997,False,calm,0.73271467145911,0.791796590913263,0.5689020282566367,0.5646953737533719,0.5992796642140387,0.6532777918618944,0.6386851221133187,0.48492520506510084,0.5596354146799883,0.8500000000000002,1.0,0.5500000000000002,1.0,0.010625939837941259,0.1030821994232819,0.031354474691746494,0.17707194778322877,0.03673532561361287,0.19166461753180442,0.01895206243696735,0.1376664898839487,0.07349602174559604,0.27110149712902
2026-08-06,0.3777475409347457,False,calm,0.6185082251928851,0.7867147499151881,0.5650587332128382,0.5615229128978065,0.5556649662997079,0.5976365435247196,0.5920810490871259,0.3904935462428162,0.46375416824804416,0.8500000000000002,1.0,0.5500000000000002,1.0,0.03377338734016136,0.18377537196306082,0.04593885271690642,0.21433350815238017,0.04835117346001355,0.2198890025899739,0.03165461024849687,0.17791742536496213,0.05796570708444747,0.24076068425813935
2026-08-07,0.3513251363623306,False,calm,0.519899020436254,0.7747358806394463,0.5559993531702101,0.5540448170885085,0.4943896366259554,0.5323975322390215,0.5341327265864202,0.3462159724364918,0.4168509024734216,0.8500000000000002,1.0,0.5500000000000002,1.0,0.04109526895372351,0.2027196807261779,0.03341861504353866,0.1828075902240896,0.03278721254852508,0.18107239587669094,0.02046745123568071,0.14306450026362483,0.028417154391768576,0.16857388407392343
2026-08-10,0.3117124874056134,False,calm,0.46271847963411183,0.7195986449585137,0.5143001609480302,0.519624078236566,0.46533459784169484,0.4801164368947894,0.4858925793086557,0.33728945659596055,0.40723760479947574,0.8500000000000002,1.0,0.5500000000000002,1.0,0.04322722960185744,0.20791159083095256,0.030338704415352257,0.1741800919030423,0.028359890203552934,0.16840394948917597,0.023599752814835596,0.15362211043608143,0.022802809688913326,0.15100599222849842
2026-08-11,0.37893291545022556,False,calm,0.4291227506389199,0.690718783807153,0.4924588976596549,0.5015951337946685,0.44490286500804477,0.44970609706980846,0.4576695451618108,0.32498576877671387,0.3938989347368597,0.8500000000000002,1.0,0.5500000000000002,1.0,0.015046019809179786,0.12266221834444291,0.0061994568583392876,0.07873662971158524,0.005008843236558467,0.0707731816195829,0.004352034244661211,0.06596994955781921,0.002519019556268302,0.050189835188694354
2026-08-12,0.27895611268933046,False,calm,0.42477844157929184,0.7194385180582282,0.5141790601653652,0.5195241151870981,0.48178699124267266,0.45597170591098873,0.4645477125149374,0.3489155312909224,0.4197476192978267,0.8500000000000002,1.0,0.5500000000000002,1.0,0.05787296382576592,0.2405680024977676,0.034444241925828234,0.18559159982560697,0.03133452024361559,0.17701559322165827,0.04114036529472065,0.2028308785533422,0.021264151602892065,0.14582232888996138
2026-08-13,0.41380015670906006,False,calm,0.3909596024341644,0.67195291151668,0.4782666425312767,0.48988008893501744,0.44545835506111,0.4183541755221539,0.42871286288390165,0.3137727846175792,0.381652595788757,0.8500000000000002,1.0,0.5500000000000002,1.0,0.005788156087506269,0.07607993222595738,0.00022238880545715829,0.014912706174841583,2.0739087350012835e-05,0.004554018813093863,0.001002241522897736,0.031658198352049916,0.0005216909195844551,0.022840554274895675
2026-08-14,0.25118963010074685,False,calm,0.42358883996014535,0.6265329354861588,0.4439164200757379,0.4615255819616346,0.43665693841753667,0.4310334655966057,0.4402132600165979,0.36623275343777334,0.4382142266143968,0.8500000000000002,1.0,0.5500000000000002,1.0,0.044241212645225694,0.21033595186088777,0.035729932666564615,0.18902362991585103,0.03234380516586154,0.17984383549585886,0.03439812245427517,0.18546730831678981,0.029721487560144925,0.1723992098593985
2026-08-17,0.26938520294728213,False,calm,0.38244960158229047,0.6383066066954314,0.4528206129111792,0.46887557796738555,0.42567737319167653,0.40417095147790616,0.41495006804683576,0.30866900283837023,0.3760497459667723,0.8500000000000002,1.0,0.5500000000000002,1.0,0.0397964097256615,0.19949037502010342,0.021189129951451245,0.14556486509955363,0.01816719800696062,0.13478574853062403,0.024427242479702762,0.1562921702443944,0.012783558238696074,0.11306439863500833
2026-08-18,0.21486204609721954,False,calm,0.3578034930279641,0.7038383780214708,0.5023809852337517,0.5097853544453321,0.44771570678137884,0.40304453363074566,0.41566550341242137,0.31291897454125617,0.3807165529152084,0.8500000000000002,1.0,0.5500000000000002,1.0,0.08697975780699589,0.2949233083481126,0.040322028469738085,0.20080345731520183,0.035412648614305715,0.18818248753352612,0.0542208272940136,0.2328536606841593,0.020432257250654864,0.14294144693074456
2026-08-19,0.38718070460169696,False,calm,0.3316952998466346,0.8045571112694873,0.5785525554297508,0.5726614339551962,0.4980096551716189,0.406437048444963,0.4207455033826775,0.3027731488862925,0.3695548499604656,0.8500000000000002,1.0,0.5500000000000002,1.0,0.034403100961506033,0.18548072935349924,0.0011265957172077144,0.033564798780980565,0.0003708067782100892,0.01925634384326602,0.012283056284430197,0.11082895056992192,0.003078630140833097,0.05548540475506236
2026-08-20,0.4941873625061496,False,calm,0.38779363755828067,0.7486887253760255,0.5363004088768175,0.5377842570860735,0.4947365683783246,0.4405509786870341,0.45176881271034064,0.3552520916072742,0.4265278412308018,0.8500000000000002,1.0,0.5500000000000002,1.0,0.0019006892170129964,0.043596894579923884,0.0017993333667795232,0.042418549795808946,0.0028768616691914758,0.05363638381911551,3.01627090031498e-07,0.000549205872174996,0.011319624708282785,0.10639372494786892
2026-08-21,0.3386448697869806,False,calm,0.4586912186984098,0.8795846346731288,0.6352943757572517,0.619499160908523,0.6101408352866168,0.5310170322031067,0.5364479209661878,0.40953862155815735,0.48353769844390065,0.8500000000000002,1.0,0.5500000000000002,1.0,0.07887913284138406,0.28085429112154237,0.039126047055804046,0.19780305117920716,0.0370070488726564,0.1923721624161261,0.07371005928257963,0.27149596549963617,0.014411125886964594,0.12004634891142918
