date,actual,crisis_eval,regime_exante,M1,M2_raw,M2b_pooled,M2c_regime,M2d_pooled,M2d_regime,M3,M9,M9c,M9d,w9,w9c,w9d,M2d_regime_sq_err,M2d_regime_abs_err,M9d_sq_err,M9d_abs_err,M9c_sq_err,M9c_abs_err,M9_sq_err,M9_abs_err,M3_sq_err,M3_abs_err,M1_sq_err,M1_abs_err
2025-02-24,0.5881866242372542,False,calm,0.5701072920542876,1.054098285332578,0.7650316742881517,0.7271842670323232,0.8093916521293003,0.7812354961186598,0.7349732802499005,0.6600812288183511,0.6524139781395981,0.6988311727026009,0.4615837984604498,0.5239895032153479,0.6096953328370371,0.03726786693468336,0.19304887188140563,0.012242216105100446,0.11064454846534666,0.004125152989296932,0.06422735390234391,0.005168834167872275,0.07189460458109687,0.02154632238337495,0.1467866560126463,0.0003268622521820535,0.018079332182966645
2025-02-25,0.9444909365048862,False,calm,0.5811979340037753,1.0657238628577002,0.773671192263095,0.7343571538761183,0.8171805211627015,0.7883401245743947,0.732091984114111,0.6641911157159652,0.6567443896700766,0.7013526398367427,0.4311933120619438,0.4932543775638755,0.580059067165286,0.024383076066551733,0.15615081193049152,0.059116231306686196,0.24313829666814357,0.08279807521535727,0.2877465468348096,0.07856798953430123,0.280299820788921,0.0451133149766988,0.21239895239077522,0.1319818056662722,0.36329300250111096
2025-02-26,0.9047966158371155,False,crisis,0.7169569017549847,1.0842330462587297,0.7874262442034532,0.8237232308422746,0.8295812475020414,0.9304920724230978,0.7947783453474362,0.7524152821713898,0.7773118547746211,0.8554464393616992,0.5031745605166441,0.5652995053364758,0.6485561004934488,0.0006602564891621053,0.02569545658598238,0.002435439918154731,0.049350176475416285,0.01625236430316129,0.1274847610624944,0.02322007084974523,0.1523813336657257,0.012104019841540232,0.11001827048967927,0.035283758186456626,0.18783971408213074
2025-02-27,1.0079341642549453,False,calm,0.7951543573979334,0.9975537849919619,0.7230107745933809,0.6922967698988927,0.7715081399544903,0.7466799942292143,0.7717789755104579,0.7591398227593202,0.7374106252279591,0.7638918022754355,0.49920634987288987,0.5613949692385397,0.6449296716634727,0.06825374135583358,0.26125417002573104,0.05955667444053809,0.2440423619795098,0.07318298516768534,0.2705235390269862,0.061898624360241704,0.24879434149562507,0.055769273170944454,0.23615518874448738,0.045275246206107296,0.21277980685701192
2025-02-28,1.162612388277234,True,crisis,0.8538083552025508,1.2713192848447274,0.9264589002272468,0.9790489752717472,0.9549247160006231,1.077595252210071,0.9271429375015032,0.8907966344482179,0.9253384086713885,1.0001568509374485,0.5091259705359921,0.5711410038477682,0.6539636488635873,0.007227913425062506,0.08501713606716299,0.026391801612358393,0.16245553733978535,0.056298941397995135,0.2372739796058454,0.07388380402963624,0.271815753829016,0.05544586224862425,0.23546945077573067,0.09535993084318996,0.30880403307468307
2025-03-03,1.6372519033217299,True,crisis,0.9479562565539765,1.1567042227771513,0.8412830122515947,0.8838914159930452,0.8781352656898431,0.9874751011553925,0.903541578876514,0.8929058331480159,0.9109311985949085,0.9740474852183307,0.5160658960546075,0.5779310091914465,0.6602224565902246,0.42220989263351155,0.6497768021663374,0.43984010019186826,0.6632044181033991,0.5275417661148665,0.7263207047268214,0.5540510721830516,0.744346070173714,0.538330840197504,0.7337103244452159,0.4751284886529754,0.6892956467677533
2025-03-04,1.5758033738832995,True,crisis,1.1930868229694218,1.4393099753952856,1.0513007489438706,1.1185209068483306,1.067474607367432,1.209683881183373,1.150708076920627,1.1190731344299936,1.1495606278225465,1.204132880031448,0.5220095770906968,0.5837277594255117,0.6655430691169734,0.13404348293485152,0.3661194926999265,0.13813895600007925,0.3716704938518516,0.18168287856941154,0.42624274606075296,0.20860251163107418,0.45673023945330593,0.1807060114997827,0.42509529696267245,0.14647195834341473,0.3827165509138777
2025-03-05,1.2691872248855978,True,crisis,1.286514061314117,1.5471178027028167,1.1314178579520278,1.2080268542575463,1.1397033672599484,1.294451602864692,1.2375820644505842,1.2058595441123772,1.2408503613930773,1.2917827959988832,0.5200289591450735,0.58179799783329,0.6637741234103678,0.0006382887946705399,0.0252643779790942,0.0005105598339355409,0.022595571113285473,0.000802977832593742,0.028336863492520514,0.004010395152114933,0.0633276807732206,0.0009988861661229492,0.0316051604350136,0.000300219260620663,0.017326836428519288
2025-03-06,1.198675575476957,True,crisis,1.1997334305859195,1.3984205791940076,1.020913899542012,1.084573055032839,1.0400796541981479,1.1775331455320575,1.0901954436795447,1.1074507690656805,1.1331786785236617,1.1850763038506555,0.5160658960546075,0.5779310091914465,0.6602224565902246,0.00044700234397498115,0.021142429944899455,0.00018494018876592545,0.013599271626301368,0.004289843510510569,0.06549689695329519,0.008321965304774855,0.0912248064112764,0.011767938994783927,0.10848013179741223,1.1190574315583021e-06,0.0010578551089626131
2025-03-07,1.3495043417044101,True,crisis,1.1415351550440154,1.643472651415712,1.2030237154355898,1.28802412567011,1.204258895424992,1.3702140145775354,1.1716524475741785,1.173145414005966,1.2259119077515592,1.2921064203477464,0.5140835752316958,0.5759938946046054,0.6584398121054124,0.0004288905505118622,0.020709672873125307,0.003294521376065759,0.05739792135666377,0.015275089730389815,0.12359243395285091,0.031102471378945028,0.17635892769844408,0.031631296245711114,0.1778518941302316,0.04325118260018612,0.20796918666039477
2025-03-10,1.5742270034332702,True,crisis,1.19566217199085,1.483025087161431,1.0837875215849828,1.1548147696637558,1.096762724847292,1.2440564357557764,1.1108505302832838,1.1379274802833503,1.1720551915411033,1.227613151698605,0.5160658960546075,0.5779310091914465,0.6602224565902246,0.10901260376047849,0.33017056767749375,0.12014116221434039,0.3466138517346651,0.16174216628062846,0.4021718118921669,0.19035727390084742,0.4362995231499198,0.21471775586891997,0.4633764731499863,0.143311331605028,0.37856483144242015
2025-03-11,1.4703681947215175,True,crisis,1.293904767953544,1.9296648109705812,1.4157066811995764,1.525631180944273,1.3960010471023716,1.5952427340537145,1.4070185010608554,1.3571246393550251,1.4284989240327357,1.4936580659719518,0.5190384101256331,0.5808321733464907,0.6628879215040765,0.015593650573428429,0.12487453933219705,0.0005424181028618088,0.023289871250434357,0.00175303582801048,0.04186927068878177,0.012824102832043814,0.11324355536649233,0.004013183686899734,0.06334969366066212,0.031139340986695924,0.17646342676797344
2025-03-12,1.1353807021052291,False,crisis,1.293495083634677,1.8956750470954944,1.390447275778356,1.497411652790934,1.3732286885913911,1.5685170786339264,1.3955088543819587,1.343528803547763,1.41134479223801,1.475070780789426,0.5160658960546075,0.5779310091914465,0.6602224565902246,0.18760712067240945,0.4331363765286973,0.11538934955647594,0.339690078684197,0.07615617904281362,0.2759640901327809,0.043325632134131396,0.20814810144253393,0.06766665560690542,0.2601281522767296,0.025000157646439817,0.1581143815294479
2025-03-13,0.9053771017130573,False,crisis,1.162394191777593,1.7014583619658192,1.2461156467830818,1.3361659544093052,1.243107985227844,1.4158073327638268,1.2204873674215162,1.2046868003507376,1.260966010462546,1.3272047065716426,0.5051585471176039,0.5672487704107819,0.6503629375834253,0.2605390207705419,0.5104302310507695,0.17793852822073075,0.4218276048585853,0.12644347202565218,0.3555889087494887,0.08958629569857901,0.2993096986376803,0.09929447955485557,0.3151102657084589,0.0660577845852417,0.25701709006453577
2025-03-14,1.3763905340659452,True,calm,1.0219911953155982,1.8011935914280395,1.3202336255081766,1.1881359987267814,1.309928290594934,1.2378007342207595,1.198760363137862,1.1679174448130585,1.1136368908833463,1.159200999985222,0.4892873539262474,0.5516013362207842,0.6357911951701146,0.019207132621128636,0.1385897998451857,0.04717129371420166,0.21718953408072328,0.06903947700572854,0.262753643182599,0.043461028942642095,0.20847308925288677,0.031552477623940055,0.1776301709280832,0.12559889130668322,0.354399338750347
2025-03-17,0.7844344466788685,False,crisis,1.1482783224822195,1.6173043120418182,1.1835767814741052,1.266298226296358,1.1867267110871036,1.3496382311274076,1.1751285253294157,1.1664246804809375,1.2162570665209862,1.2808617028961202,0.5140835752316958,0.5759938946046054,0.6584398121054124,0.3194553179549506,0.565203784448539,0.24644002071538887,0.4964272562172517,0.18647077500731007,0.43182261984211767,0.14591653872015933,0.381990233802069,0.15264186309259994,0.39069407865054717,0.1323823659596043,0.363843875803351
2025-03-18,0.6229559816489394,False,calm,0.9821499494957444,1.4599510493006154,1.0666401098179321,0.9775921237511348,1.081303651215787,1.029260429890343,1.0337055994125226,1.0217330977203058,0.979730140998763,1.0111834329581113,0.4684941781814415,0.5309129028996377,0.6162850223385895,0.16508330466075138,0.40630444824140355,0.15072055395001543,0.3882274513091719,0.1272878007797733,0.3567741593498236,0.15902318830219608,0.39877711607136646,0.1687152484929297,0.4107496177635832,0.1290203065375316,0.359193967846805
2025-03-19,1.0633096873707888,False,calm,0.7902021362272837,1.5432383152532851,1.128534826852595,1.0289796899100292,1.1371042000705482,1.080158983395235,0.9961352457046189,0.9354307101644481,0.9075065589334355,0.9578333195771946,0.42924783197494437,0.49127072832821495,0.5781245898732446,0.00028389877651941787,0.01684929602444618,0.011125264162929546,0.10547636779359415,0.024274614830866417,0.15580312843735333,0.016353032811339797,0.12787897720634067,0.004512405613161666,0.06717444166616993,0.07458773449160222,0.27310755114350505
2025-03-20,0.9658313334589435,False,crisis,0.9099462748661133,1.3950205586940043,1.0183871830703806,1.0817502353576456,1.0378017188157396,1.1748597590196577,0.9924507065821166,0.9644034040504195,1.0068993921558518,1.0815177789135153,0.502182525820668,0.56432411111103,0.6476510797312178,0.04369288269239104,0.20902842556071421,0.013383353661913629,0.11568644545457185,0.0016865854451327076,0.04106805869690833,2.0389823957276628e-06,0.0014279294085239869,0.0007085910254707154,0.026619373123173196,0.0031231397739240542,0.055885058592830106
2025-03-21,0.6898582520213281,False,calm,0.9520221445110129,1.331789773478497,0.9713973880035403,0.8985176582252759,0.9954385498584601,0.9509384501726473,0.9854628058921004,0.9615982866424426,0.9222467030087826,0.9513281757439919,0.4942462857369076,0.5565036423902198,0.6403731591581932,0.0681628698667321,0.2610801981513192,0.0683665210115356,0.26146992372266376,0.054004392152348556,0.23238845098745453,0.07384264641588452,0.2717400346211145,0.08738205226913834,0.29560455387077234,0.06872990652534298,0.26216389248968475
2025-03-24,0.4967305455923468,False,calm,0.8091829266132815,1.218146861886954,0.8869439511486079,0.8284009054287746,0.9193004179636655,0.8814889400953093,0.8712019345326835,0.8433957122379563,0.8188338597560139,0.8517518633241312,0.43997344208256983,0.502182525820668,0.5887330065767006,0.14803902214049733,0.3847583945029625,0.12604013604401262,0.3550213177317844,0.10375054499521799,0.32210331416366705,0.12017673776542818,0.3466651666456095,0.1402288211349049,0.37447138894033666,0.09762649040565136,0.3124523810209347
2025-03-25,0.3340131517401923,False,calm,0.6857606533772517,1.108407628706815,0.806053575123008,0.7607883158677925,0.8468525228904624,0.8144767951998164,0.7501205963607555,0.7323258984988721,0.7193587787673388,0.7546316936296028,0.38709879555538423,0.4478098380623681,0.5350614093707832,0.2308453126864968,0.4804636434596241,0.17691995778117378,0.4206185418894105,0.1484912522689447,0.3853456270271465,0.15865304423044416,0.3983127467586798,0.17314540546865503,0.41610744462056315,0.12372630490791309,0.35174750163705937
2025-03-26,0.8736551598193741,False,calm,0.5841505224092404,1.0156769110392205,0.7370982922203144,0.7035924206997649,0.78458846504143,0.7578318117439492,0.6523864011190543,0.6339096431409476,0.6298253508074731,0.6653819141727301,0.3253340718414608,0.3824020636974112,0.4677037582726893,0.01341504795940104,0.11582334807542494,0.043377744852187344,0.20827324564664407,0.059452975762780115,0.243829809011901,0.05747791276740572,0.23974551667842658,0.04895986357678035,0.2212687587003198,0.08381293508197303,0.28950463741013377
2025-03-27,0.7419973152130572,False,calm,0.7273865763072859,1.1897442987920852,0.8665361556223589,0.8109564130477336,0.9014660453436236,0.864161672522248,0.8369853447855014,0.7942294759488773,0.772744313631141,0.8132104534976574,0.48036724200394953,0.5427524941173191,0.627481753370414,0.014924130196767622,0.12216435730919073,0.005071311064341589,0.07121313828460019,0.0009453779117216487,0.030746998418083815,0.002728198615132541,0.052232160735820043,0.009022725762055518,0.09498802957244412,0.00021347369137262085,0.014610738905771359
2025-03-28,0.8932205942987066,False,calm,0.7522061129870408,1.1481049051286623,0.835572778629523,0.7852734198095,0.8735072666231607,0.8387260582565214,0.8450527635871888,0.7901939884375208,0.7693365556093914,0.804465447835387,0.4556722421092255,0.5180477114246167,0.6040148856494988,0.002969654458453026,0.05449453604218524,0.007877476023725316,0.08875514646331961,0.015347255041975743,0.12388403868931519,0.010614481515276133,0.10302660586118584,0.0023201399154534333,0.048167830711517756,0.01988508393959815,0.14101448131166583
2025-03-31,1.4054738400422284,True,calm,0.7936966718891095,1.4983831582372193,1.0960424120507093,1.001323491979254,1.108701665667813,1.0526951329207421,1.0419445539923022,0.9401319443635952,0.9072039667539482,0.9571724795932266,0.4843305296652037,0.5466889817777765,0.6311844752009976,0.1244528161983074,0.3527787071214863,0.20097410978042585,0.4483013604490018,0.24827286662671882,0.4982698732882802,0.21654307987378402,0.46534189567863327,0.13215354181596906,0.3635292860499262,0.3742713034734495,0.6117771681531189
2025-04-01,1.1056445212415345,False,crisis,1.0401182343879478,1.3564913516792143,0.9905305610818185,1.0528981993392061,1.013428385421016,1.1464413384685277,1.0761813660854478,1.0145768737284944,1.0474917980817677,1.110220427127627,0.515074794934899,0.5769627477025211,0.6593316979021833,0.0016643802958526926,0.04079681722699324,2.0938914678376716e-05,0.004575905886092579,0.003381739210896468,0.05815272315976672,0.008293316423559316,0.09106764751304008,0.000868077511751636,0.029463155156086662,0.004293694268818521,0.06552628685358663
2025-04-02,1.1915565198361564,True,crisis,1.0639962631290003,1.2333866561099907,0.898988951967407,0.9509027054897963,0.9307697143872614,1.0497236392944638,0.9949428804995503,0.9811324748309944,1.0001748417418725,1.0547525828919653,0.502182525820668,0.56432411111103,0.6476510797312178,0.020116566002754053,0.14183288054169263,0.018715317163430223,0.13680393694419113,0.03662694671018409,0.19138167809428386,0.044278278716334434,0.21042404500516199,0.03865692317318504,0.19661363933660614,0.016271619091195563,0.1275602567071561
2025-04-03,1.1069893947030318,False,crisis,1.0628893356239728,1.1248394400642834,0.8182723978524894,0.8609684681695398,0.8578856657223045,0.9644430824550423,0.9208700776574344,0.9385911029290283,0.9477603668951426,0.9985975230345088,0.5081342029187761,0.5701687506607562,0.6530651042568522,0.020319451135501328,0.14254631224798953,0.011748797843805569,0.10839187166852304,0.025353883296645542,0.15922902780788917,0.028357984672402435,0.16839829177400356,0.03464040017751959,0.18611931704559737,0.0019448152107764947,0.044100059079059006
2025-04-04,1.7929399439684086,True,crisis,1.067026895646531,2.490087079351571,1.8334811611098862,1.9921122198515864,1.7745814503441093,2.0370553809878693,1.617654484435704,1.4511664722081377,1.5881720652863383,1.6943879662786774,0.5011904739409041,0.5633482188117489,0.6467449978145616,0.059592346591202286,0.2441154370194607,0.009712492306557283,0.09855197768973123,0.04192988413995508,0.20476787868207036,0.11680910599906873,0.34177347176027095,0.030724992323591455,0.1752854595327047,0.5269497537239607,0.7259130483218776
2025-04-07,5.506178961625043,True,crisis,1.334818847603227,3.557045732693357,2.626879914372963,2.8761156631101974,2.4909910391530428,2.875315738059691,2.292268878742006,2.0118452841037935,2.237486969443691,2.3628037802959665,0.5239895032153479,0.5856549580578704,0.6673073727452559,6.921441301108674,2.6308632235653517,9.880807530595604,3.1433751813290765,10.684347339750493,3.2686919921813518,12.21036784985918,3.4943336775212495,10.329218020857251,3.213910082883037,17.400245200852098,4.171360114021816
2025-04-08,3.9204256343254973,True,crisis,2.9211575114927846,3.1594776475804593,2.3312451940604055,2.54671999714998,2.2240438734993355,2.562964773059044,2.859106321479448,2.611465822403316,2.7015058833731853,2.6818175035919287,0.5249791874789399,0.58661757891733,0.6681877721681662,1.8426999898702614,1.3574608612664534,1.5341501015193049,1.2386081307335686,1.4857653592616462,1.218919750952312,1.713375789227352,1.3089598119221812,1.12639868382001,1.0613193128460492,0.9985367813096134,0.9992681228327127
2025-04-09,3.6903155364446882,True,crisis,3.1409541086100186,3.077231502124092,2.270086320601349,2.4785768919317435,2.1688196836368996,2.4983477581052784,2.8474825723154646,2.6846285290051073,2.7530296075578145,2.7121381531452835,0.5239895032153479,0.5856549580578704,0.6673073727452559,1.4207871845993885,1.1919677783394098,0.9568309931984705,0.9781773832994047,0.8785049124893298,0.9372859288868738,1.0114063569327798,1.005687007439581,0.7103674054228531,0.8428329641292236,0.30179797839254696,0.5493614278346697
2025-04-10,3.1558798709015448,True,crisis,2.979487799064427,2.693419252991945,1.9846805469148268,2.1605782996386247,1.9111088766441648,2.1968041209658655,2.4210763340557087,2.459203973766269,2.500678225959579,2.4578871999848815,0.5229996305052238,0.5846916825858987,0.6664258035209235,0.9198262941146855,0.9590757499356792,0.4871937686533774,0.6979926709166633,0.42928919553465805,0.655201644941966,0.48535730564924134,0.6966758971352758,0.53993623776115,0.7348035368458361,0.031114163006990967,0.17639207183711791
2025-04-11,1.7731398142982204,True,crisis,2.8959870699814787,3.3097959238755754,2.4430230334655803,2.6712626618665434,2.3249751084387227,2.681062931377462,2.5939587503158124,2.6595355048425198,2.7648091947443234,2.7529457991476396,0.5220095770906968,0.5837277594255117,0.6655430691169734,0.8243243865268863,0.9079231170792417,0.9600197679467403,0.9798059848494192,0.9834081601143577,0.991669380446103,0.7856973202155053,0.8863956905442993,0.6737437257250517,0.8208189360175919,1.2607859595954243,1.1228472556832583
2025-04-14,1.2442660599293371,True,crisis,2.3614998761217403,2.9057674348159335,2.142584306530209,2.336514380492527,2.0536901033377877,2.3636363240337266,2.0568443208351974,2.2478742869292043,2.346987496393285,2.3629161016375186,0.5190384101256331,0.5808321733464907,0.6628879215040765,1.2529897881611305,1.1193702641043894,1.2513779158137162,1.1186500417081815,1.2159945664371128,1.102721436463948,1.007229473301817,1.0036082269998672,0.6602834300967924,0.8125782609058603,1.2482114000438405,1.1172338161924031
2025-04-15,0.8063423729178759,False,crisis,1.7308432456777787,2.564987668421997,1.889177821707764,2.0541693374661945,1.8248734649872502,2.0959013300248026,1.6842063777405172,1.8105131763862556,1.9136193254281462,1.9676038933154931,0.5031745605166441,0.5652995053364758,0.6485561004934488,1.6629623038547041,1.2895589571069266,1.3485283187561852,1.161261520397617,1.2260622495604316,1.1072769525102704,1.008359002538331,1.0041708034683796,0.7706452109632463,0.8778640048226413,0.854701863733822,0.9245008727599028
2025-04-16,2.243396676406214,True,calm,1.322346459878728,2.3370240760458802,1.7196623213515891,1.5185934886436387,1.6718072679363458,1.5649827772908866,1.4586423703445042,1.505741024405957,1.4251778429887416,1.4702806901816872,0.4615837984604498,0.5239895032153479,0.6096953328370371,0.4602454185128614,0.6784138991153272,0.5977083281559226,0.7731159862245267,0.6694820593590493,0.8182188334174723,0.544135860927924,0.7376556520002568,0.6158393208823956,0.7847543060617097,0.8483335013653286,0.9210502165274859
2025-04-17,0.9622639348749216,False,crisis,1.6517966869542637,2.5221530676464305,1.8573256794102035,2.0186797386353397,1.7961121642261528,2.0622481536541026,1.817226169659691,1.7588812691577047,1.8656026265341765,1.924607019854332,0.5210193507195688,0.5827631955203262,0.6646591741858076,1.2099652815632453,1.099984218779181,0.9261042132076887,0.9623430849794103,0.8160207918486545,0.903338691659255,0.6345991772798074,0.7966173342827831,0.7309604229081672,0.8549622347847694,0.47545541619011156,0.6895327520793422
2025-04-21,1.5936167343835967,True,calm,1.323109244331707,2.2398574800650497,1.647408484833603,1.4586615634160633,1.60656473875814,1.505628117257661,1.5843218986605039,1.4798558781988103,1.3970808751556008,1.4381436298687156,0.48333950343058846,0.5457053875844059,0.6302602229177513,0.007741996743734495,0.08798861712593564,0.02417188622749516,0.15547310451488117,0.03862634396248665,0.196535859227996,0.012941532399895674,0.11376085618478649,8.639397111928325e-05,0.009294835723092865,0.07317430217417326,0.2705074900518898
2025-04-22,1.0712559454361394,False,crisis,1.3280399243719248,2.4757731193410017,1.8228371891142767,1.980252725674959,1.7649703391981608,2.025809560737956,1.7079990548222383,1.582407071245537,1.703710515905439,1.7874792326336362,0.5140835752316958,0.5759938946046054,0.6584398121054124,0.9111726044857681,0.9545536153018164,0.5129757971239879,0.7162232871974967,0.3999987837075063,0.6324545704692996,0.2612754734162145,0.5111511258093975,0.40544178735067754,0.6367431093860989,0.06593801183809384,0.2567839789357853
2025-04-23,1.3983672274854708,True,calm,1.2427059294545648,2.195600603066102,1.6144987268740938,1.4313641180714698,1.5768484503588869,1.478593601312253,1.5235823599229619,1.4246194435128035,1.3467700383846424,1.39268123427086,0.4892873539262474,0.5516013362207842,0.6357911951701146,0.006436271057394589,0.0802263738267821,3.233051883659913e-05,0.005685993214610718,0.00266226992310665,0.051597189100828444,0.0006891788463457403,0.02625221602733263,0.015678829391338422,0.12521513243749105,0.02423043970466654,0.155661298030906
2025-04-24,1.0674367404653475,False,crisis,1.311507328251198,1.973195444485872,1.4472212385328045,1.5562130622278574,1.4217609006384908,1.6263308428084926,1.4094026414930951,1.380064369992703,1.450316354961926,1.5162568739990183,0.5051585471176039,0.5672487704107819,0.6503629375834253,0.3123626176339499,0.5588941023431451,0.20143951226518209,0.4488201335336708,0.14659679919704854,0.3828796144965785,0.09773603474389349,0.31262762952735557,0.11694067746571926,0.3419659010277476,0.05957045182213053,0.24407058778585045
2025-04-25,0.8364848084757468,False,calm,1.194456089824854,1.7641446030674026,1.2915408725625908,1.1588916677982275,1.2820946438632665,1.206478782243362,1.2908152569337403,1.241765923543766,1.1749085481121946,1.202077892976599,0.4873043167507907,0.5496375478286825,0.6339514383659843,0.13689554062435075,0.3699939737676152,0.13365830343484722,0.36559308450085215,0.1145306275495182,0.3384237396364478,0.16425278223077694,0.4052811150680191,0.20641615639604152,0.45433044845799353,0.12814343827072164,0.35797128134910716
2025-04-28,1.096413624666469,False,calm,1.0536975271555085,1.5866513513773022,1.1593614745134575,1.0501682781089807,1.1635119206452536,1.0992191806177138,1.1097067081341248,1.1023661028196656,1.0518517312082136,1.0814088614510702,0.46059774294903877,0.5229996305052238,0.6087506096097585,7.871144195564917e-06,0.0028055559512447648,0.00022514291915018785,0.015004763215398897,0.00198576234858491,0.04456189345825545,3.543199616428221e-05,0.00595247815319655,0.00017670606807806063,0.013293083467655675,0.0018246649865658957,0.042716097510960616
2025-04-29,0.6400742965958788,False,calm,1.087848184780038,1.4390900646672387,1.0494724400461286,0.9597796964290628,1.0649266558365111,1.0100475378809874,1.0736576903006645,1.0690714181842345,1.0172054354778641,1.0383832185030826,0.4892873539262474,0.5516013362207842,0.6357911951701146,0.13688019926700923,0.36997324128510867,0.15864999727087897,0.3983089219072038,0.14222789591442334,0.37713113888198535,0.18403853033109444,0.4289971215883557,0.1879945592965592,0.4335833937047857,0.20050145493956,0.4477738881841593
2025-04-30,1.7648631376813666,True,calm,0.9451184289180772,1.304355620338685,0.9491355676396946,0.8772481897052247,0.9749109669716665,0.9286271870432784,0.939442318247916,0.9468077201932843,0.9123813134937422,0.9357284715078693,0.42052102062508356,0.4823486082267353,0.5693905578182827,0.6992905651395871,0.8362359506380882,0.6874642946506367,0.8291346661734973,0.7267252605702598,0.8524818241876244,0.6692146660816006,0.8180554174880823,0.681319529154189,0.8254208194334506,0.6719813875454101,0.8197447087632894
2025-05-01,0.7537923132143085,False,crisis,1.298499892999438,1.1925499096221854,0.8658737455690435,0.9072146319955094,0.9002138980868364,1.0136215074459736,1.068604565061014,1.0748075709784506,1.0719853750324604,1.1101633500377188,0.517056870810097,0.5788986719964989,0.6611120833046608,0.06751121017507633,0.25982919423166506,0.12700031588659247,0.3563710368234103,0.10124682458921022,0.3181930618181519,0.10305079571737859,0.3210152577641421,0.09910675391279358,0.3148122518467056,0.2967063474753732,0.5447075797851295
2025-05-02,0.7165061983715529,False,calm,1.0998084404518629,1.088287179263254,0.7882291883446109,0.7448955898463403,0.8305562723552714,0.7980565050993282,0.9223640936936347,0.9615021025475521,0.9201691295512359,0.9209990554239282,0.4438881503467468,0.5061504834049864,0.5925707976621025,0.006650452527394234,0.0815503067277753,0.041817328585443195,0.2044928570523753,0.041478589536700264,0.20366293117968293,0.060022993063015354,0.24499590417599915,0.042377473066437174,0.20585789532208176,0.1469206087837925,0.38330224208030994
2025-05-05,0.6116731137904653,False,calm,0.9123132905028308,0.994696349342287,0.7185320058090666,0.6875665805688298,0.7680285121470158,0.7414993400378431,0.7496677207549304,0.8276226768072088,0.8001183057907371,0.8122423587100541,0.437042275932167,0.49920634987288987,0.5858475348199886,0.016854849021635337,0.12982622624737783,0.04022802200761401,0.20056924491958883,0.03551159038801929,0.18844519200027177,0.04663421376712248,0.2159495630167435,0.019042511551277196,0.13799460696446508,0.09038451585364238,0.30064017671236554
2025-05-06,0.8008047905030211,False,calm,0.8424554089844368,1.0388877592792976,0.7514413919902108,0.7146360034215231,0.7975526640980083,0.7682043160298055,0.7569659951507834,0.8050593221306996,0.7820673134977036,0.8009018677883294,0.41088271992334535,0.4724485708628156,0.5596354146799885,0.00106279093587878,0.03260047447321557,9.423999322824802e-09,9.707728530827797e-05,0.00035109304452480097,0.01873747700531747,1.8101039370916888e-05,0.004254531627678526,0.001921839977935375,0.04383879535223767,0.0017347740198844482,0.04165061848141571
2025-05-07,0.9762415402101314,False,calm,0.899233514310493,1.1326680602868833,0.8212796738291849,0.7720810731046499,0.8602070093860253,0.8248759789275565,0.8331019241408432,0.8637121130373504,0.8333624831417529,0.8543204560789901,0.4556722421092255,0.5180477114246167,0.6040148856494988,0.022911533142388953,0.15136556128257495,0.014864750755712842,0.12192108413114133,0.020414424948748976,0.14287905706837856,0.012662871979834229,0.11252942717278103,0.020488949688463248,0.14313961606928827,0.005930236052959378,0.0770080258996384
2025-05-08,1.0754790851222151,False,calm,0.9523682100979617,1.0362739389760567,0.7494948774551444,0.7130349092914594,0.7958063783851181,0.7666247780937033,0.8586883211428072,0.8551154438250078,0.8227052017710638,0.8359899732803386,0.47937678652018306,0.5417675178922499,0.6265537120847154,0.09539098297006224,0.3088543070285118,0.057355034690810824,0.2394891118418765,0.06389463610442148,0.25277388335115136,0.04856013440576425,0.2203636412972073,0.04699823534677534,0.21679076397940789,0.01515628754923735,0.12311087502425344
2025-05-09,0.5444393039334218,False,calm,1.0063186428259179,0.9505991400500695,0.6856927709401893,0.6605548602671647,0.7385672953717672,0.7148512897235455,0.8336047566086578,0.8500762713940164,0.816273885252355,0.8215424950899426,0.4873043167507907,0.5496375478286825,0.6339514383659843,0.02904024490093333,0.17041198579012373,0.07678617854912732,0.2771031911565208,0.07389403960083972,0.27183458131893323,0.09341395587850859,0.30563696746059466,0.0836166590208742,0.2891654526752361,0.21333252369576927,0.4618793388924961
2025-05-12,0.7082477544064532,False,calm,0.8032463278979775,0.911975030408433,0.6569293587315438,0.6368956840225388,0.7127626404929821,0.6915106467759446,0.7013220916584949,0.7460552088987116,0.7280994159772696,0.7430199162551081,0.39087140285288263,0.4517380286004605,0.5390078714165865,0.0002801307718352261,0.016737107630508508,0.0012091032396290547,0.03477216184865495,0.00039408846712222926,0.019851661570816415,0.0014294036151841912,0.03780745449225842,4.796480449845662e-05,0.00692566274795825,0.009024728965424543,0.0949985734915243
2025-05-13,0.6590053463072321,False,calm,0.7623354207791643,0.8344968650018773,0.5992312932114512,0.5894364781671384,0.6609997044018324,0.6446904038818495,0.6240833251096843,0.6915293908492106,0.6765377386918556,0.6937535335765099,0.43411550023808154,0.49623023016302137,0.5829561592270025,0.00020491757664201752,0.01431494242538256,0.0012074365185008042,0.034748187269277864,0.0003073847827284063,0.017532392384623563,0.0010578134733686046,0.03252404454197855,0.0012195475645219726,0.034922021197547726,0.010677104290375057,0.10333007447193221
2025-05-14,0.4135505018340854,False,calm,0.7504271962845855,0.7716669352688478,0.5524417831173929,0.5509500406859036,0.6190232117949611,0.6067221252618906,0.5943177667984906,0.666978656939631,0.6540120069517723,0.6684631056738027,0.4214883208314183,0.48333950343058857,0.5703632448561154,0.037315276097733774,0.1931716234278052,0.06498043559634466,0.2549126038397173,0.057821735443463355,0.24046150511768688,0.06422582980020046,0.25342815510554556,0.03267680408271146,0.18076726496440515,0.11348590726389561,0.3368766944505001
2025-05-15,0.47957514899049775,False,calm,0.6196685871979052,0.7168595970714486,0.5116267047827188,0.5173778370560429,0.582406589169073,0.5736019181259081,0.5149586460163419,0.5823209674530139,0.5783251294255672,0.597073929792416,0.3456772402518015,0.40417591732390934,0.49047734209252747,0.008841033314043758,0.09402676913541036,0.01380596348993724,0.11749878080191828,0.009751558635926609,0.0987499804350695,0.01055670321153232,0.10274581846251613,0.0012519918617779216,0.035383497025844146,0.019626171428772685,0.14009343820740744
2025-05-16,0.5414829760560648,False,calm,0.5710847422046721,0.6669581768467298,0.47446506835827285,0.4868107506711944,0.5490675960166722,0.5434463690957816,0.48733905006746797,0.5353963370321223,0.5349103140470519,0.5568160423484545,0.36936996112494874,0.42924783197494437,0.5162641013637578,3.854912228408458e-06,0.001963393039716821,0.00023510292192681814,0.01533306629238973,4.319988588472087e-05,0.006572662009012853,3.704717460777927e-05,0.006086639023942464,0.002931564721458648,0.0541439259885968,0.0008762645591168344,0.029601766148607322
2025-05-19,0.535827431594898,False,calm,0.6026309706590269,0.6218317358209439,0.44085936361124123,0.4591685750604753,0.5189187525253272,0.5161763515535931,0.4833220235446003,0.5401616129733195,0.5385278423361594,0.5564577988077695,0.38615773698319317,0.44682878781869934,0.5340740879900016,0.00038616494678977146,0.01965108004130489,0.0004256120513379226,0.02063036721287148,7.292218171519793e-06,0.002700410741261372,1.878512822105625e-05,0.004334181378421564,0.002756817874528265,0.052505408050297686,0.004462712831492602,0.06680353906412895
2025-05-20,0.531089983707503,False,calm,0.5928695872117915,0.5824710137038731,0.4115473953720353,0.43505818726581014,0.4926219690024297,0.49239057190408814,0.46732859749750705,0.523191426118927,0.5226643553595678,0.539404838633384,0.384278175693148,0.4448679365131724,0.5320986517899182,0.0014976444739302891,0.03869941180341491,6.913681243844604e-05,0.00831485492588091,7.099121305753017e-05,0.008425628347935255,6.23872119800523e-05,0.00789855758857605,0.004065514371420268,0.063761386209996,0.003816719409147091,0.06177960350428846
2025-05-21,1.1525192922045666,True,calm,0.5817937640557292,0.626670279336014,0.44446263169702266,0.4621324221200573,0.5221513693204021,0.5191002951116328,0.49178195896153437,0.529406700164688,0.5289118398831171,0.5486205413142238,0.3814653166494472,0.4419298941260467,0.5291336290720469,0.4012196258782181,0.6334189970929338,0.36469370132691636,0.6038987508903428,0.38888625459084897,0.6236074523214495,0.38826930235865614,0.6231125920398786,0.4365738235411138,0.6607373332430322,0.32572762848076936,0.5707255281488374
2025-05-22,0.6291480926353333,False,calm,0.8372512996693336,1.0211186319591101,0.7382087055039573,0.7037515346562335,0.7856811620168227,0.7574663893793523,0.8239881201793572,0.7882998653733484,0.7629581941813051,0.7861591846137852,0.4942462857369076,0.5565036423902198,0.6403731591581932,0.016465585279286106,0.12831829674401896,0.02465248300426587,0.15701109197845187,0.017905143275743267,0.13381010154597173,0.025329286765652794,0.15915177273801506,0.037962636333355976,0.19484002754402385,0.043306944777836,0.20810320703400031
2025-05-23,0.6799356696990553,False,calm,0.7530309953758308,0.943501299299628,0.680008882170936,0.6562543399335229,0.7335248150383561,0.7106129059180704,0.7313006915624201,0.7230975872486579,0.7074047093034233,0.7293338228640742,0.4099225126939549,0.4714596290177347,0.5586572336161915,0.0009410928220372507,0.03067723621901508,0.002440177536114671,0.04939815316501894,0.0007545481367863362,0.027469039604367973,0.0018629511265586959,0.043161917549602635,0.002638365471023942,0.05136502186336478,0.005342926635793886,0.07309532567677557
2025-05-27,1.4619502625835699,True,calm,0.6877738392646371,1.0176132463405982,0.7352156660753825,0.7016960925559068,0.7830266893652422,0.7554338488106969,0.7174219990165878,0.7078159342767667,0.6945168115753309,0.7264303971289365,0.4224562239578475,0.4843305296652037,0.5713353888604432,0.4991654429304815,0.706516413772873,0.5409894724784019,0.7355198654546333,0.5889541017264152,0.767433451008239,0.5687185851307531,0.7541343283068032,0.5543223352500656,0.7445282635669821,0.5993491344228954,0.7741764233189328
2025-05-28,0.5631100357277177,False,crisis,1.0230768090644164,0.929411492565414,0.6695132340779079,0.6859083053577233,0.7241137569013785,0.8058399615888209,0.8248193997023628,0.8441204346705999,0.8314900362405813,0.8815981093148001,0.5061504834049864,0.5682226267210854,0.6512647434984992,0.058917816908536653,0.2427299258611032,0.10143465301721083,0.3184880735870824,0.07202782467528467,0.2683800005128636,0.07896684431403785,0.28101039894288227,0.0684917911920133,0.26170936397464517,0.21156943257377403,0.4599667733366988
2025-05-29,0.7944264323312453,False,calm,0.8294122116371355,0.9834191085072009,0.7097440862081899,0.6807299512709942,0.7601872689839463,0.7347541397990573,0.7451152626935313,0.782637363573949,0.7622467804514745,0.7783907658232947,0.39087140285288263,0.4517380286004605,0.5390078714165865,0.003560782496047017,0.059672292532187976,0.00025714260035420957,0.01603566650795063,0.0010355299951032356,0.03217965187977079,0.00013898214216426092,0.01178906875729635,0.0024315914510394054,0.04931116963771398,0.0012240047536404548,0.0349857793058902
2025-05-30,0.9489147299690214,False,calm,0.745633709705847,0.9048349994145962,0.6512059408454651,0.6325460917447767,0.7076982864688608,0.6872285517321236,0.657963335743428,0.7030698832167022,0.6876093299550947,0.7106338595692483,0.4507553975153047,0.5130922447294516,0.5992595748537348,0.06847965588023343,0.26168617823689777,0.05677777319847346,0.23828087039977308,0.06828051207643822,0.26130540001392666,0.06043968867467132,0.2458448467523192,0.08465271380181663,0.29095139422559335,0.041323173199237125,0.2032810202631744
2025-06-02,0.7679393697908469,False,calm,0.8560976380197871,0.8691602280193198,0.6246314211641675,0.6106720997457801,0.6838699008878815,0.6656533947533001,0.6918295697778796,0.7469706612908982,0.7250706881976245,0.7381943099103314,0.4714596290177347,0.5338765914241436,0.6190963091726249,0.010462420689381642,0.10228597503754677,0.0008847685872954502,0.029745059880515456,0.0018377238615410786,0.042868681593222324,0.0004396867361558207,0.020968708499948696,0.005792701658013877,0.0761098000129673,0.007771880257125774,0.08815826822894024
2025-06-03,0.4828770558205888,False,calm,0.815440554125497,0.8027910669535544,0.5751923215430015,0.5699778376285208,0.6395396950110589,0.6255150837693002,0.6287334845453932,0.7090324976310682,0.6914429648883442,0.7030782929276065,0.4429088004128847,0.5051585471176039,0.5916123887289058,0.02034560701709737,0.1426380279487114,0.048488584823461016,0.22020123710701767,0.04349973842525922,0.2085659090677554,0.05114628386049314,0.22615544181047942,0.021274097800353952,0.14585642872480442,0.11059848040479865,0.33256349830490817
2025-06-04,0.2710307127862875,False,calm,0.6351634360382471,0.743596278277122,0.5310974888310421,0.5336825431319169,0.6000014949385734,0.5897156432102666,0.5367669053820909,0.5973954760136784,0.5922922012171681,0.6120157700565366,0.3629233292747463,0.4224562239578475,0.5093243156895252,0.1015600848793364,0.3186849304239791,0.11627080928159508,0.34098505727024914,0.10320894394882482,0.3212614884308806,0.10651395867647091,0.3263647632273909,0.07061572405531394,0.26573619259580344,0.1325926401428882,0.3641327232519596
2025-06-05,0.8148345623530572,False,calm,0.49584762967432,0.7096360704890161,0.5058001659625493,0.5128598360930806,0.577318324341093,0.5691774088949413,0.44506872786031765,0.49883106103259944,0.5018819771391289,0.5279817821632891,0.2997659362275273,0.3547069272657261,0.4382142266143968,0.0603474370451443,0.2456571534581159,0.08228451750259942,0.2868527801897681,0.09793932059208107,0.3129525852139283,0.09985821284678853,0.31600350132045774,0.13672677235811204,0.36976583449273953,0.10175266321978921,0.3189869326787372
2025-06-06,0.46612221353586275,False,calm,0.6581612371548187,0.7707398923321884,0.5513170579471435,0.5503256545925551,0.6181316321887605,0.6061313821570393,0.5735810946196479,0.6096855615883281,0.6025109706132535,0.6268332775709077,0.45370441259385347,0.5160658960546076,0.6021150661528483,0.019602567297993055,0.14000916862117657,0.02582804610327631,0.16071106403504493,0.018601893057115515,0.1363887570773908,0.020610434904033303,0.14356334805246534,0.011547411123779078,0.10745888108378515,0.03687898659252191,0.19203902361895592
2025-06-09,0.32531495327545634,False,calm,0.5977801576986916,0.7133856368660227,0.5085932581558545,0.5151588833391468,0.579822786455309,0.5714450473414527,0.5392977421975117,0.5658201729533073,0.5632756291091063,0.5844976505936392,0.3583484223491107,0.41762280789123635,0.5043649684726418,0.06058002320493623,0.2461300940659964,0.06717567058912881,0.2591826973181829,0.05662528324320745,0.23796067583365,0.05784276069229136,0.240505219677851,0.045788633954860894,0.21398278892205536,0.07423728762139539,0.2724652044232353
2025-06-10,0.4219236173289645,False,calm,0.4651840678332718,0.665252859290906,0.4727386361090032,0.485646262784359,0.5476732774805925,0.5423356181455745,0.4513746541840261,0.4675570684972974,0.4727611119685877,0.5002791462223917,0.31411466246835557,0.370294787701323,0.45488494070511887,0.014499049940659292,0.12041200081661002,0.0061395889081687005,0.07835552889342717,0.0025844508612337205,0.050837494639623226,0.0020824118655326227,0.045633451168332895,0.0008673635718381978,0.02945103685506162,0.0018714665778356238,0.043260450504307324
2025-06-11,0.6141037763062305,False,calm,0.47023204000825736,0.620366487726699,0.4393022967043729,0.4581241766136972,0.5176921528053366,0.5151895293317919,0.4317090205463101,0.4596511029241765,0.46538454431075577,0.49210436254984596,0.3420958583497839,0.40035929870826814,0.4865112102721187,0.00978402825452024,0.09891424697443862,0.014883856956901502,0.12199941375638451,0.02211740996532383,0.1487192319954747,0.023855628314863448,0.15445267338205398,0.03326784692872101,0.18239475575992037,0.020699076505393516,0.14387173629797312
2025-06-12,0.3130604411270663,False,calm,0.571854756857433,0.6501076792019174,0.46145682908935354,0.47635999310040616,0.5375572998095604,0.5331762143116442,0.4928648903216839,0.5273400320186602,0.5274932622884863,0.5505120288409533,0.4032206558468011,0.4645437385637026,0.5517976276177841,0.04845095360464453,0.22011577318457787,0.05638325650784576,0.23745158771388697,0.0459814347912455,0.21443282116141993,0.04591574307266884,0.21427959089159387,0.03232963995017981,0.17980444919461758,0.06697449785434872,0.2587943157303667
2025-06-13,0.7360493609284423,False,calm,0.4694204465260342,0.607328024467694,0.42958980563747334,0.4501296407035259,0.5089833225096464,0.5073042120452765,0.4369398108282262,0.4570109906945905,0.46233062805786507,0.48654143095126523,0.3115555149153412,0.3675231886838482,0.45193460023224646,0.05232434313758168,0.22874514888316577,0.0622542071214959,0.24950792997717708,0.07492194472427442,0.27371873287057724,0.07786241206276416,0.2790383702338518,0.08946652296115369,0.2991095501002161,0.07109097799540666,0.2666289144024081
2025-06-16,0.4371522635962528,False,calm,0.5849091676552313,0.8369432353947083,0.6006326379599584,0.5909182453736173,0.6623510826167583,0.6461694108039698,0.6140604662771876,0.5917656413887534,0.5879029760641212,0.6207393275832097,0.4360661864487266,0.4982142933065695,0.5848843897172197,0.04368816782685245,0.20901714720771702,0.03370421006335101,0.1835870639869569,0.022725777309569938,0.15075071246786842,0.023905296592406523,0.15461337779250062,0.031296512175798694,0.17690820268093477,0.021832102697094163,0.14775690405897846
2025-06-17,0.5189767105811125,False,calm,0.5527957936282548,0.7727599982626752,0.5528218565123035,0.5515642828789425,0.6194809292169802,0.6073530887261213,0.55921612071502,0.5528048732812318,0.5522945120601084,0.5797172412105617,0.3483748368016495,0.4070460354701607,0.4934527552000964,0.007810384214029582,0.08837637814500876,0.003689412061147053,0.060740530629449174,0.00111007589539378,0.03331780147899588,0.0011443445916657457,0.033828162700119346,0.0016192101279248199,0.04023941013390753,0.0011437303781495088,0.03381908304714232
2025-06-18,0.5511595753701348,False,calm,0.5377589947837327,0.9083802668628623,0.6538468485764642,0.6347198730687951,0.7100662904235033,0.6893726355969015,0.6145596286490127,0.5812841726676535,0.5799457607290393,0.616932790561759,0.3749330912916405,0.4350905921177676,0.5222076018581396,0.019102850017247843,0.13821306022676672,0.004326115836643699,0.06577321519162416,0.0008286444675172036,0.028786185358904426,0.0009074913623376714,0.030124597297518707,0.004019566755764554,0.06340005327887788,0.00017957556005265805,0.013400580586402144
2025-06-20,0.6559222500288283,False,calm,0.5598375108423445,0.8542665179672726,0.6135369368710439,0.6015400189566935,0.6739218885539193,0.6566460733381292,0.6030927104218271,0.5805234710072718,0.5784304969973828,0.6114448485519031,0.38521752828180644,0.4458481514842225,0.5330864995728631,5.239201830872701e-07,0.000723823309300875,0.0019782392421395924,0.04447740147692525,0.006004971787886545,0.07749175303144551,0.005684975877941518,0.07539877902155656,0.0027909602550877095,0.05282953960700121,0.009232277104534626,0.09608473918648386
2025-06-23,0.8774988172408973,False,calm,0.619737102418834,0.8479136672728963,0.6088046302799384,0.597644767499581,0.6696786048561284,0.6528040374782346,0.6180881449740325,0.6151820005556827,0.6091684277916039,0.6384362731128057,0.41665798963668077,0.4783864931370242,0.5654945237706802,0.0504877440525915,0.22469477976266272,0.05715090000499574,0.23906254412809158,0.07200119790200948,0.26833038944929344,0.06881011231586447,0.26231681668521456,0.06729389688594672,0.25941067226686476,0.0664411016280107,0.25776171482206334
2025-06-24,0.45332340076537764,False,calm,0.7251221182247256,0.7824141532173546,0.5600133400401671,0.5574837295909036,0.625929265610499,0.6131916659754957,0.6404384822724769,0.6487477251647897,0.6371154531694629,0.6567729926076659,0.46257015465625034,0.5249791874789399,0.610639233949222,0.025557862221292638,0.15986826521011804,0.04139173642079367,0.20344959184228822,0.03377951852690604,0.1837920524040853,0.03819066656696665,0.1954243243994121,0.035012053727408406,0.18711508150709927,0.07387454281254646,0.27179871745934797
2025-06-25,0.34833517305031647,False,calm,0.6064118604596962,0.7229207614613578,0.5162270103015797,0.521579158789112,0.5865291742034735,0.5776682348022115,0.5383117698944943,0.5744226693741907,0.5702777480075101,0.592028641432691,0.354706927265726,0.42594555802901707,0.5003968253135077,0.05259365321249851,0.22933306175189505,0.059386506532231355,0.2436934683823745,0.0492585065786295,0.2219425749571936,0.051115555993997856,0.22608749632387426,0.03609110734849526,0.18997659684417778,0.0666035765841987,0.2580766874093797
2025-06-26,0.3498234665023177,False,calm,0.4894889807534422,0.6759160679119233,0.4811646876081417,0.4927060034394794,0.5550878869312247,0.5491747945365135,0.4447540545324214,0.4868241250842406,0.4907391358478057,0.5170507582669219,0.3201299645130906,0.38860624135151856,0.4617810458889504,0.03974095198899754,0.1993513280341958,0.027964967110924065,0.1672272917646042,0.019857225867086905,0.140915669345488,0.018769180451880602,0.1370006585819229,0.009011816543741264,0.09493058803010368,0.019506455871031062,0.1396655142511245
2025-06-27,0.6068665642847654,False,calm,0.461327983100516,0.6290373122134995,0.44619630603500493,0.46391020681430706,0.5237308390796181,0.5207576956393893,0.4115375998572218,0.4564577048471471,0.4623363247957065,0.4888887600082016,0.3218597801343157,0.3904935462428162,0.46375416824804416,0.007414737259386624,0.08610886864537604,0.013918762301919194,0.11797780427656379,0.020888990126764706,0.14453023948905885,0.022622824997325215,0.15040885943761828,0.038153404344336575,0.19532896442754355,0.02118147861312435,0.1455385811842494
2025-06-30,0.4766040501263626,False,calm,0.5464645470767919,0.5879307293744139,0.41553357507149463,0.4386600315109147,0.4962347789581979,0.4958395890800808,0.4441480196292691,0.4944188674847734,0.4956817084059094,0.5188282744113157,0.39750472172399953,0.4710641145625312,0.545902135213062,0.0003700059588400107,0.019235538953718212,0.0017828851164660273,0.04222422428495315,0.00036395704543116164,0.019077658279546827,0.00031736771751353615,0.01781481735841084,0.0010533939156282634,0.0324560304970935,0.0048804890341609475,0.06986049695042934
2025-07-01,0.3562729129045851,False,calm,0.522449862180415,0.5509032672474009,0.38791359230847533,0.4159155014339018,0.4714672294692652,0.4733941756407427,0.43452599224842053,0.47374688096111084,0.47624318202663196,0.49751325937015295,0.3620063293390161,0.43372560580456077,0.5083325618141193,0.013717390184912056,0.11712126273615758,0.019948835469713638,0.14124034646556782,0.014392865473216344,0.11997026912204684,0.013800133170945623,0.11747396805652571,0.006123544426792599,0.07825307934383541,0.027614778470621736,0.16617694927582988
2025-07-02,0.30463129015579377,False,calm,0.45102367033342317,0.5375886689834294,0.3779818024038377,0.4077368614925672,0.46256113781499575,0.46532309418805223,0.3873540418290661,0.4273877240457375,0.43403861331202814,0.45768331849974275,0.3235944939205476,0.39238413447941217,0.46572842612562143,0.02582185588314176,0.16069180403225847,0.023424923380196964,0.153052028343949,0.016746255286462074,0.12940732315623438,0.015069142061376125,0.12275643388994373,0.006843053644397877,0.08272275167327231,0.02143072897407158,0.1463923801776294
2025-07-03,0.32746909306703254,False,calm,0.4072244724221049,0.5054273548772438,0.35399163699088465,0.3879814169121313,0.441048538976283,0.44582745634526544,0.34410004149945633,0.3908651821552325,0.4000167710753202,0.42448096995899887,0.30731577858574605,0.37456116795219985,0.4470249649934601,0.014008702157902151,0.1183583632782329,0.009411304258102032,0.09701187689196633,0.005263165584394184,0.07254767800828765,0.00401906411167899,0.06339608908819999,0.0002765884457619396,0.016630948432423798,0.006360920536071505,0.07975537935507238
2025-07-07,0.6483547437505682,False,calm,0.4034519962818416,0.474938956215987,0.33124935336886896,0.36925357923391733,0.42065494786029634,0.4273459111962117,0.32586319788210066,0.38077208747391,0.39038726873535523,0.414320978350878,0.31411466246835557,0.38202725957104877,0.45488494070511887,0.04884490406703961,0.22100883255435655,0.05477180334715724,0.23403376539969023,0.06654721816572454,0.257967475015213,0.07160047794007222,0.2675826562766582,0.10400079715663392,0.32249154586846757,0.05997735571773089,0.24490274746872664
2025-07-08,0.2771296132699088,False,calm,0.52475936721537,0.6296165008905834,0.4466283416204502,0.464265979895406,0.5241182565097919,0.5211087898967257,0.48245637444355005,0.4924312966432914,0.4952446926151697,0.5227056723327309,0.4137673904306278,0.48789918878389443,0.5625671512695922,0.059525838627499515,0.2439791766268169,0.060307600784826686,0.2455760590628221,0.047574187837789446,0.21811507934526086,0.04635481486341228,0.21530168337338257,0.04215907885405751,0.20532676117364124,0.06132049503908964,0.24762975394546116
2025-07-09,0.41300518200640984,False,calm,0.4352893399126322,0.6128259813614669,0.43410374951134073,0.45395221669098546,0.5128871323793889,0.5109306644988914,0.4339289790703079,0.4349329519607314,0.44214149533942837,0.46851035761750337,0.30059955909947805,0.36715429824537293,0.4391913796669035,0.009589400121385303,0.09792548249248151,0.0030808245196183317,0.05550517561109353,0.0008489247546398332,0.029136313333018526,0.000480827095169647,0.021927769954321552,0.00043780528357118974,0.020923797063898075,0.0004965836935894519,0.022284157906222346
2025-07-10,0.4059546492093047,False,calm,0.42339987922735633,0.5729173200313666,0.4043345869840394,0.4294378779863196,0.4861923580753945,0.48673871744370484,0.39684787002652433,0.416996386769726,0.4258495306133093,0.45377559400770406,0.33587171787912035,0.4057058445592643,0.47957486489714973,0.00652606568050022,0.08078406823440015,0.0022868427614115604,0.04782094479839938,0.00039580630607940955,0.01989488140400464,0.00012191996835321888,0.011041737560421316,8.293342708392164e-05,0.009106779182780356,0.00030433605038273037,0.01744523001805165
2025-07-11,0.36749856488831284,False,calm,0.44774525707638896,0.5380840948061407,0.3783513565643876,0.408041182309558,0.46289252654317825,0.4656234128375221,0.3890950700936361,0.42462172240413953,0.43175091697939105,0.4562660647455036,0.33322142870828225,0.402838756246743,0.4766043982925092,0.009628485785055442,0.09812484794920928,0.007879669030896357,0.08876749985719073,0.004128364749235883,0.06425235209107821,0.0032630551245779477,0.057123157515826695,0.0004664090370835541,0.021596505205323246,0.006439531607127837,0.08024669218807612
2025-07-14,0.3438024373501125,False,calm,0.4349922338526616,0.5909186021291232,0.4177623260914831,0.4404953655530551,0.4982333573664358,0.4976507863761184,0.4079323821385059,0.4293717401770618,0.43716721491874166,0.46435978412279805,0.32620567408164575,0.39522606117613135,0.4686918080200219,0.023669314498027734,0.15384834902600591,0.014534073860869553,0.12055734677268554,0.008716981690439598,0.09336477756862915,0.007322105586290153,0.0855693028269493,0.004112649818562386,0.0641299447883934,0.008315578986176317,0.0911897965025491
2025-07-15,0.37981125032822277,False,calm,0.40517041866574116,0.5547091842753512,0.39075254903602213,0.4182533282613494,0.4740129950423198,0.4757012573660614,0.3858958773984363,0.4006044932951811,0.4102052676282817,0.43746214867491723,0.3166851613880931,0.3848416841641007,0.45783845200510026,0.00919489344971674,0.09589000703783862,0.0033236260801808976,0.05765089834669446,0.0009237962876362807,0.030394017300058918,0.0004323589530829623,0.020793242966958336,3.7022686583575054e-05,0.006084627070213511,0.0006430874187705952,0.02535916833751839
2025-07-16,0.7586478847819426,False,calm,0.41780821181184413,0.6221734479339195,0.4410763274515579,0.45969400190628695,0.5191396224942991,0.5165969386580385,0.4247674486163612,0.4254798042258945,0.43452174399882226,0.4645003464770151,0.32970406941577035,0.3990263081893179,0.47264638543086607,0.05858866051947712,0.2420509461239041,0.08652277429084877,0.29414753830492746,0.10505775513895912,0.3241261407831203,0.11100096990140133,0.3331680805560481,0.11147614565411887,0.3338804361655814,0.11617168267036365,0.34083967297009843
2025-07-17,0.31064468530491013,False,calm,0.5780938672260463,0.58236624878373,0.4113828488490857,0.4352419874731238,0.4925127159138224,0.49246649623875544,0.4823416280051873,0.5044192845250707,0.5042879440970275,0.5275177794633563,0.44192989412604666,0.5166604965694114,0.5906532827008858,0.03305917093126299,0.1818218109338453,0.04703393896985827,0.2168730941584462,0.037497711675630936,0.19364325879211736,0.03754859530293384,0.19377459922016055,0.029479840132622268,0.1716969427002772,0.07152906491028498,0.26744918192113615
2025-07-18,0.2931511788556339,False,calm,0.4733804654978821,0.5453600951022072,0.38377876074541756,0.41251054634554213,0.46775941957506245,0.47003399961416253,0.4088836187903546,0.4457687004772626,0.45052434327845364,0.47188122837816054,0.30816115716660036,0.3754912531134818,0.4480060971233276,0.03128753227949377,0.17688282075852862,0.031944430602324825,0.17873004952252664,0.024766312880451856,0.15737316442281973,0.023292107905928294,0.15261752162162867,0.013393997653243736,0.11573243993472071,0.03248259576357366,0.1802292866422482
2025-07-21,0.3591948487057733,False,calm,0.38916737920704436,0.5404510066282106,0.38011691272113707,0.4094950841984328,0.464475746194797,0.46705819425026324,0.3526946894883274,0.38642410737405364,0.39668710024045994,0.4236049056220247,0.30310833560483835,0.36992474244393236,0.4421256395362168,0.01163450131205004,0.10786334554448995,0.004148655431954745,0.0644100569162514,0.0014056689251402143,0.03749225153468666,0.0007414325276241208,0.027229258668280354,4.2252069852146895e-05,0.0065001592174459,0.0008983525846496251,0.029972530501271077
2025-07-22,0.39790997131504957,False,calm,0.40977106789114415,0.5090415231454424,0.3566875621106749,0.39020145993310457,0.4434660444249925,0.44801830325615516,0.3470985071780069,0.3924085955409252,0.4020180793169609,0.42773503334854684,0.327078479368388,0.3961749561261982,0.4696801033058805,0.0025108449299200224,0.05010833194110559,0.0008895343253019605,0.029825062033497274,1.6876551355367685e-05,0.004108108001911304,3.02651354081223e-05,0.005501375774124351,0.0025818048877499747,0.05081146413704268,0.00014068561198744248,0.011861096576094576
2025-07-23,0.4278206006179598,False,calm,0.4345008910588275,0.4907986218214675,0.34307959139998295,0.37899555507168503,0.4312634268161115,0.43695976888658145,0.35223370408991095,0.4037950620916695,0.4119820518446181,0.43568010706087124,0.33587171787912035,0.4057058445592643,0.47957486489714973,8.352439664218095e-05,0.009139168268621656,6.177184152616653e-05,0.007859506442911446,0.00025085962724552313,0.015838548773341676,0.0005772265014782595,0.024025538526290302,0.005713378926741962,0.07558689652804884,4.462628037434849e-05,0.006680290440867709
2025-07-24,0.23985806899520676,False,calm,0.43444754432213173,0.4613925735164806,0.3211446679497549,0.36093256312736455,0.4115938163478215,0.4191343259880508,0.35465702160924134,0.39517956067829607,0.4037743884870437,0.4269215709663312,0.34657534654971184,0.4172368044796737,0.491469081914072,0.032139976321364255,0.17927625699284402,0.03499275376970088,0.18706350197112445,0.02686855979574997,0.16391631949183696,0.024124765778659983,0.1553214916830893,0.013178799521279358,0.11479895261403458,0.037865063908007944,0.19458947532692497
2025-07-25,0.23274594787412156,False,calm,0.3648215063415329,0.44356431613669833,0.3082062023657301,0.34982742135858136,0.3994599688717211,0.40798858588286924,0.30757785957666295,0.3480850178632843,0.359399048295686,0.3840590048910762,0.295617744725026,0.36163981009926877,0.44565207454263095,0.030709982176264975,0.17524263800874768,0.022895641223816165,0.15131305701695463,0.01604100784639488,0.1266531004215644,0.013303101065964974,0.11533906998916271,0.005599815009056951,0.07483191170254139,0.017443953144478584,0.1320755584674113
2025-07-28,0.2725642590800418,False,calm,0.3274237114883543,0.41985534557483967,0.29050340109530026,0.3352353174932469,0.383579197087896,0.3935947776670115,0.27257566466977917,0.31657032805685303,0.3302344025961205,0.3567833004100227,0.29396782735453814,0.3598096353049295,0.4436922452239111,0.014648386429430824,0.12103051858696973,0.007092846922541036,0.08421904132998093,0.003325845453165119,0.05767014351607874,0.0019365341067918698,0.04400606897681125,1.3008747725765427e-10,1.140558973738992e-05,0.003009559518539907,0.054859452408312526
2025-07-29,0.37474433850662,False,calm,0.3358877464191885,0.41730538887700946,0.28859942232270397,0.3336659016938658,0.3818711819604057,0.39204668904074463,0.2809948614519696,0.32175167570648167,0.33507607946459933,0.36113550119777926,0.2989336370615362,0.3653121864631008,0.44957674770927153,0.00029937133400572373,0.017302350534124655,0.000185200452898495,0.013608837308840716,0.0015735707754248528,0.03966825904202065,0.002808222310649163,0.05299266280013831,0.008788964448020416,0.09374947705465037,0.0015098347486490423,0.038856592087431474
2025-07-30,0.6690684503138303,False,calm,0.3779030677416476,0.46390506259188596,0.3233940483014651,0.36234649232364574,0.413084632647176,0.420337532146878,0.33403032423624834,0.3597394944063025,0.371636276248801,0.39865729894609453,0.33322142870828225,0.402838756246743,0.4890890340043691,0.06186706965217512,0.2487309181669523,0.07312219078402453,0.2704111513677358,0.0884658981690499,0.2974321740650293,0.09568440296284131,0.30932895590752785,0.11225054592557772,0.335038126077582,0.08477728000840552,0.2911653825721827
2025-07-31,0.7077006106330667,False,calm,0.5116907916746971,0.47724413824507134,0.33335394954658515,0.3705562615707326,0.42201942868577746,0.4284357368423465,0.41135318342413907,0.4363512827566881,0.44157156672951803,0.46310856177163195,0.4224562239578475,0.4968254394833558,0.5835348976815212,0.07798886973334687,0.2792648737907202,0.059825270366234466,0.2445920488614347,0.07082466800901692,0.26612904390354863,0.07363045773896239,0.27134932787637855,0.08782179761335064,0.2963474272089276,0.038419849128092806,0.19600981895836955
2025-08-01,0.6577124084102439,False,calm,0.5974666720095687,0.5418000183155248,0.38155595446886675,0.4102883159274732,0.4652603275695155,0.4676278626461914,0.4777086687861269,0.5041572166917494,0.5026148594501767,0.5204533657837511,0.43216685295036067,0.5067456224361245,0.5931455055959572,0.036132134538326185,0.19008454576405254,0.01884004478274137,0.1372590426264928,0.02405524969342045,0.15509754896006722,0.02357919690370361,0.15355519171849452,0.03240134627866692,0.18000373962411703,0.003629548754459642,0.06024573640067521
2025-08-04,0.32690160479987285,False,calm,0.6080748952758859,0.9476922486253447,0.6846239207324757,0.6601018439910393,0.7371355598390975,0.7140466139008343,0.6843880104473429,0.6402653695887466,0.6338199861671303,0.6697085642728139,0.42052102062508356,0.49484145288239606,0.5816048828561499,0.14988125807178357,0.3871450091009615,0.11751661146308265,0.34280695947294104,0.0941988928210973,0.30691838136725746,0.09819684908265658,0.31336376478887373,0.12779653022274748,0.35748640564747003,0.0790584192771084,0.281173290476013
2025-08-05,0.4989823140733557,False,calm,0.48452034568892843,0.8688363159185356,0.6257444808993194,0.6115685701631699,0.6843161821335086,0.6661728705384651,0.5619740945347007,0.5291227510546346,0.5332944990154918,0.5697671065295228,0.3158270737452841,0.383902675762715,0.4692847562190756,0.02795268217111293,0.16719055646510939,0.005010486843062649,0.07078479245616709,0.0011773260355033485,0.03431218494213606,0.0009084459414224438,0.030140436981278884,0.003967964405690288,0.06299178046134501,0.0002091485295521736,0.01446196838442726
2025-08-06,0.4682966834711537,False,calm,0.4987584196909968,0.9154145755593004,0.6605231176094871,0.6402359811235584,0.7155152892188542,0.6944507130769406,0.5848769766762706,0.5595598725033599,0.5621967691920993,0.6035817149970961,0.37586354498062097,0.4483986637792156,0.5356536708339716,0.05114564510693514,0.2261540296057869,0.01830203975497523,0.1352850315259424,0.008817226098400922,0.09390008572094555,0.008328969672328202,0.0912631890322062,0.013590964763791019,0.11658029320511687,0.0009279173735273013,0.030461736219843105
2025-08-07,0.787343020725697,False,calm,0.5052959144104421,0.8431552732672225,0.6065691905471943,0.5957627197674171,0.6671144746003997,0.6505818096890781,0.5625429713976974,0.5425161917846811,0.5450635274208667,0.5818267299804235,0.3675231886838482,0.43958237337446276,0.5267601195780712,0.018703628844202604,0.13676121103661887,0.04223694576169577,0.20551629074527344,0.058699352876045274,0.24227949330483023,0.05994017616931342,0.24482682894101582,0.05053506217787104,0.22480004932799957,0.07955057018080869,0.28204710631525487
2025-08-08,0.309980754891817,False,calm,0.6207881923016106,0.8095360817162863,0.5814667144466006,0.5750711957006135,0.6445956264207992,0.6301714677767709,0.6095243583118407,0.6029478642890811,0.5966249139579247,0.6265498084410863,0.45370441259385347,0.5285403709822651,0.6140303729468464,0.102522092617775,0.32019071288495393,0.10021596566508016,0.31656905354926934,0.08216487392671608,0.28664415906610774,0.08582972718858851,0.2929671093972641,0.08972637034985245,0.29954360342002373,0.0966012631492428,0.31080743740979366
2025-08-11,0.4520225069143852,False,calm,0.4852049514838939,0.7487343560576182,0.5360678278341986,0.5376497018534635,0.6038693398564468,0.5932585037136253,0.5165937012529846,0.500965107447726,0.5049951970477746,0.5351659814321824,0.30985577487376387,0.3773541760504547,0.4623728597285439,0.019947606791874958,0.1412359967992401,0.006912837354891591,0.08314347451779719,0.0028061058999680906,0.0529726901333894,0.002395378146966173,0.04894260053334082,0.004169439138313175,0.06457119433859942,0.001101074627608517,0.033182444569508696
2025-08-12,0.5159807482235724,False,calm,0.46410552175886965,0.7471673714761847,0.5348978058559534,0.5366852735705907,0.6028197403193606,0.5923071812813201,0.4895108489597484,0.48966793120719376,0.49551449859867225,0.5307487008983109,0.36109033313952843,0.4327512295892181,0.5198308616884231,0.005825724383318836,0.07632643305774767,0.00021809242620331648,0.014767952674738516,0.00041886737370872674,0.02046624962490018,0.0006923643393374266,0.026312817016378665,0.0007006555670369923,0.026469899263824037,0.002691039120764199,0.05187522646470277
2025-08-13,0.3851322317815967,False,calm,0.5118035400421732,0.6917839433411521,0.4935446049908394,0.5025985664461239,0.5657227444576652,0.5586836867127771,0.48914320711023873,0.504787029790547,0.5075945888236637,0.5373309333513887,0.384278175693148,0.4572475058826807,0.5445246041694309,0.030120107508729545,0.1735514549311804,0.0231644447595306,0.15219870156979198,0.014997028892298692,0.12246235704206698,0.014317270686562694,0.11965479800895029,0.010818282988815377,0.10401097532864201,0.016045620336445993,0.1266713082605765
2025-08-14,0.29365360846716254,False,calm,0.4717567050717682,0.6450046748319468,0.4586158807835233,0.473807441034343,0.5343889973651585,0.5302838109086871,0.4443433254144486,0.4673081104971369,0.47259459349359756,0.5007299544889736,0.33853238404616565,0.4085793769263784,0.49503984526309996,0.05599385270751692,0.2366302024415246,0.04288061308174483,0.20707634602181108,0.03201987612223084,0.17894098502643502,0.030155886075278363,0.17365450202997434,0.02270739079365319,0.15068971694728606,0.0317207130201495,0.17810309660460566
2025-08-15,0.3050830580805672,False,calm,0.3933928028311115,0.6148668842042242,0.43611286586685327,0.4552586065345901,0.5142020654282013,0.511987041033618,0.40494840477262517,0.4064852928235667,0.4165078473121944,0.4477599021435583,0.3064716918020789,0.3736320082718519,0.45842951678320004,0.04280925816183635,0.20690398295305085,0.020356681831775088,0.14267684406299114,0.012415483655312554,0.11142478923162724,0.010282413210874381,0.10140223474299953,0.009973087469924938,0.09986534669205799,0.00779861101790629,0.08830974475054432
2025-08-18,0.19554767397544215,False,calm,0.3798242825166728,0.6348435614055852,0.45102887184090157,0.4675536046597076,0.5275828678888664,0.5241149594380157,0.4069687132682198,0.4019479049053454,0.4130111447641797,0.44668273135607894,0.31070500649800914,0.37828700184641517,0.4633594509772289,0.10795646107624428,0.3285672854625735,0.06306881704557574,0.2511350573806368,0.047290361127484117,0.21746347078873757,0.04260105532791738,0.20640023092990323,0.044698855855638236,0.21142103929277767,0.03395786845545795,0.18427660854123062
2025-08-19,0.5315200560901568,False,calm,0.3295847795444823,0.6115115037887308,0.4336075005441711,0.45319347851045916,0.5119545603968318,0.5099499765366232,0.3776026419633998,0.35982253876787174,0.37360944333447293,0.40890540681910204,0.2906841787332204,0.35616153359973785,0.43977789838289005,0.00046526833194576945,0.021570079553533628,0.015034352215863783,0.12261464927105481,0.024935761620875563,0.1579106127556839,0.029480037454636395,0.1716975173222851,0.02369057037146762,0.15391741412675702,0.04077785591357806,0.20193527654567456
2025-08-20,0.7350236429793704,False,calm,0.4336598357155599,0.6972698674536401,0.49764078555231295,0.5059749751450131,0.5693973328851339,0.562014212572425,0.485758883278203,0.4586077360357316,0.46715346824449455,0.5043090692708654,0.38992700770817035,0.46316210952769205,0.5504232522907284,0.029932263009735678,0.17300943040694539,0.05322921452149719,0.230714573708505,0.07175443051249292,0.26787017473487584,0.07640575361147439,0.2764159069436388,0.06213292042888073,0.2492647597011674,0.09082014432853913,0.3013638072638105
2025-08-21,0.4570527690526356,False,calm,0.580206187438495,0.7147231897467003,0.5106726755391293,0.5167169300110419,0.5810879386616468,0.5726101924004151,0.570220637837672,0.5493410854543721,0.5472779825804688,0.5756137686825862,0.4438881503467468,0.5186421481721063,0.6045842227234726,0.013353518090777939,0.11555742334777952,0.014056710633253144,0.11856099962995059,0.008140589156143093,0.09022521352783319,0.00851713334426703,0.09228831640173651,0.01280696652534721,0.11316786878503637,0.015166764460122523,0.12315341838585936
2025-08-22,0.7094888430281302,False,calm,0.522456194873248,0.7577975504038539,0.5428350524156321,0.5432278045765205,0.6099400598258987,0.5987608042417059,0.5524905156135284,0.5299458975789589,0.5315870283654205,0.5626504200285349,0.3675231886838482,0.43958237337446276,0.5267601195780712,0.012260698573487893,0.11072803878642434,0.021561522469008068,0.14683842299959526,0.031649055660285114,0.1779018146627097,0.032235669260564086,0.17954294544917127,0.02464847481098252,0.15699832741460185,0.03498121147582795,0.1870326481548822
2025-08-25,0.2850487498472789,False,calm,0.5881899156975938,0.6994731052880152,0.4991271591980081,0.5072354926172609,0.570743929068413,0.5632362968232056,0.5341970941862718,0.5490917297642737,0.5466046764441328,0.5735228809641015,0.4389959110854823,0.5136870558906339,0.5877718501401862,0.07738831129248344,0.27818754697592674,0.08321732432360578,0.28847413111682263,0.06841150273793882,0.2615559265968539,0.0697186952434465,0.26404297991699477,0.06207489748686138,0.2491483443389929,0.09189456643308813,0.3031411658503149
2025-08-26,0.3251655440943306,False,calm,0.4824345248274988,0.7529847740779219,0.5390585643193911,0.5401050300905824,0.6064878446129808,0.5956149879746677,0.4973879230993451,0.49974046775857245,0.5039285401333624,0.5328070683026109,0.3056289004876026,0.3727037799965747,0.44506394544094136,0.0731429016951836,0.2704494438803371,0.04311500257553785,0.2076415242082803,0.03195620875285089,0.17876299603903179,0.03047640397237586,0.17457492366424182,0.02966054783014685,0.17222237900501447,0.02473353230084963,0.1572689807331682
2025-08-27,0.2548970470932282,False,calm,0.4179290822692023,0.6994157655341412,0.49908437120441196,0.507200271678888,0.5707056281264657,0.5632016018450192,0.4340901616125262,0.4438392801117677,0.45253629400279305,0.4848699227043929,0.3192669040122672,0.3876638360307985,0.46079492963054536,0.09505169848070011,0.308304554751791,0.05288752351686823,0.2299728756111647,0.03906127191897994,0.19763924690956486,0.035699167418032085,0.18894223301853952,0.03211017229112626,0.17919311451929804,0.026579444493620052,0.1630320351759741
2025-08-28,0.42249279091734127,False,calm,0.37616143641980593,0.6523572250007424,0.46396841072413236,0.4782945676244085,0.5392721756381798,0.534727551522431,0.40933623853163453,0.4023369294645146,0.41337799395223374,0.4453377062319989,0.2981026649886393,0.36439260300237075,0.43626136496704654,0.012596641488081805,0.11223476060508975,0.0005218901557338798,0.022844915314657654,8.307952371513344e-05,0.00911479696510753,0.00040625875090554374,0.020155861452826662,0.00017309487067784552,0.013156552385706732,0.0021465944095762877,0.04633135449753534
2025-08-29,0.4592638677961382,False,calm,0.4231205185631192,0.6093871507311938,0.4319033400104918,0.45190020358430316,0.5105696750365865,0.5087273389521302,0.4154479739230698,0.42624382814132256,0.43540703069849745,0.46604282681346854,0.35561574340529173,0.426916143325907,0.5013888853166548,0.0024466349787996503,0.04946347115599198,4.5954285358644226e-05,0.006778959017330333,0.0005691486763033678,0.02385683709764075,0.001090323018805598,0.03302003965481565,0.001919832555895992,0.04381589387306839,0.001306341693779974,0.036143349233018984
2025-09-02,0.555734951944392,False,calm,0.4504600251367332,0.7082925987904302,0.5057084297129124,0.5126528656637173,0.5766350410076401,0.5685727713283866,0.5019982803289522,0.4709693691976986,0.4780423233798565,0.5116714671905525,0.37122056678914794,0.44349635760978023,0.5182458627665444,0.00016480960653606573,0.012837819383994531,0.0019415906886518538,0.04406348475383959,0.00603614453326688,0.07769262856453552,0.007185204018386532,0.08476558274669344,0.0028876298763056162,0.053736671615439824,0.011082810214357922,0.10527492680765882
2025-09-03,0.39965757913017824,False,calm,0.5031460685601403,0.8270394501618356,0.5943195445637098,0.5855931078437101,0.6559537676066405,0.6404237846252941,0.5849705737898848,0.5398220697114274,0.5423917246879362,0.57876083244666,0.40226612781387433,0.47601049678465196,0.5508160104487166,0.05796836570851638,0.2407662054951159,0.03207797534854783,0.17910325331648175,0.020373036308103228,0.14273414555775793,0.019646084419901094,0.1401644905812492,0.03434090598974844,0.18531299465970658,0.010709867444495374,0.10348848942996208
2025-09-04,0.4204087716278755,False,calm,0.4653713148534642,0.7649851213297509,0.5480134472177628,0.5474762422505977,0.6145036551525275,0.6028761245858765,0.5254464301846996,0.49408735236787094,0.49970775987869775,0.5330870556801461,0.3474745470968999,0.4182020021667099,0.4924608888842396,0.03329433489549971,0.18246735295800098,0.01269639569696419,0.11267828405227065,0.006288329537604048,0.07929898825082227,0.005428533259860028,0.07367858073999545,0.011032909715099968,0.10503765855682412,0.0020216302933129355,0.044962543225588736
2025-09-05,0.8803180640350261,False,calm,0.45574715724786374,0.7080289282422751,0.5055116738330259,0.5124909060545483,0.5764589183409775,0.5684132302892542,0.4773953840243999,0.4733086790513258,0.47980685318492067,0.5119013593327557,0.3528924424174598,0.4240061053953946,0.49841270374500773,0.09728462531397764,0.31190483374577194,0.1357308683036799,0.3684167047022704,0.1604092300166176,0.40051121085010544,0.16565663946481,0.4070093849837003,0.16234668606694547,0.4029226800106262,0.1802604548900733,0.42457090678716236
2025-09-08,0.2838651281774325,False,calm,0.6475108807714038,0.7294785571598438,0.5215177869178849,0.5256663385805443,0.5907865171961362,0.5813919118691945,0.5816186816721833,0.5877363431843152,0.5805884236308556,0.606391518103033,0.4744270956357587,0.5492446024846952,0.6218996356278151,0.08852218701396454,0.297526783691762,0.10402327219844054,0.32252638992560057,0.08804471406473943,0.29672329545342313,0.09233771530975916,0.30387121500688274,0.08865717861875146,0.29775355349475086,0.13223823337963583,0.36364575259397136
2025-09-09,0.3746143227148983,False,calm,0.5002364419887895,0.6792416809922537,0.4840300931186743,0.4948083421645425,0.5572300481200689,0.5509947230947069,0.480028232685364,0.4952696548326306,0.49820833015035604,0.5228768811764084,0.3064716918020789,0.3736320082718519,0.44604424528039294,0.031110045638141574,0.17638040037980857,0.021981786241552698,0.1482625584615101,0.015275478673955982,0.12359400743545773,0.014557709168440278,0.12065533211773227,0.011112092415261444,0.10541390997046568,0.01578091685086374,0.12562211927389116
2025-09-10,0.40298275861641863,False,calm,0.42417693513384946,0.6342122690202298,0.45042830620950397,0.4671490301362238,0.5271519822524395,0.5237484522168846,0.41090055367289446,0.4331105881334416,0.4418169180429572,0.47242219783685613,0.34031186309644484,0.41049855512357675,0.48452874995139134,0.014584352750801626,0.12076569360046596,0.004821835719248832,0.0694394392204375,0.001508091938365814,0.03883415942653856,0.0009076861114068008,0.030127829517022975,6.269147855635307e-05,0.00791779505647583,0.0004491931182520164,0.02119417651743083
2025-09-11,0.3926885614575428,False,calm,0.4498072694300001,0.5933751220255092,0.41995486560256035,0.4420648164721622,0.499874202166917,0.499038825327089,0.40526418230585937,0.43935359456531176,0.44654691220745,0.474198385802141,0.3501786631694818,0.42110132800350103,0.4954366346480466,0.011310378625122106,0.10635026386954621,0.006643851464687261,0.08150982434459825,0.0029007219455000344,0.05385835074990725,0.002177625314949175,0.04666503310776898,0.00015814623972061495,0.012575620848316593,0.0032625468004428603,0.05711870797245733
2025-09-12,0.2368074028575931,False,calm,0.4491120973000683,0.5537190510667168,0.3903627659579958,0.4177060786510277,0.4733853393967126,0.47504384062765104,0.38510150440907576,0.4286453085815678,0.4359477047191104,0.4619081874922057,0.3483748368016495,0.41916782665350916,0.4934527552000964,0.056756600281366684,0.23823643777005793,0.05067036324311824,0.22510078463461258,0.039656859825496216,0.19914030186151727,0.0368017820725606,0.1918379057239747,0.021991140554961448,0.14829410155148265,0.045073283282312755,0.21230469444247518
2025-09-15,0.1373359294392104,False,calm,0.3592412708447825,0.540710658537258,0.3806556608757156,0.4097156747749412,0.4646961900119477,0.4671727587942289,0.3578158550158398,0.36560719131278063,0.3775874047784744,0.4062223010011737,0.2972730233643138,0.36347400870899527,0.43528567102119814,0.1087923339989716,0.3298368293550185,0.07229988081175817,0.26888637156196327,0.05772077140269298,0.240251475339264,0.052107768997352075,0.22827126187357022,0.04861139758227603,0.22047992557662938,0.049241980544323515,0.2219053414055721
2025-09-16,0.23786787477116472,False,calm,0.28983236145208074,0.5075711293203573,0.3559263261975646,0.3893597221000247,0.4425601482793254,0.44712078497835583,0.3032537241845412,0.30899079805558877,0.32518966449441433,0.35692025318933895,0.28986665692221364,0.3552520916072742,0.4265278412308018,0.043786780430178786,0.2092529102071911,0.014173468807024157,0.11905237841817423,0.007625094960471421,0.08732178972324961,0.005058470216522068,0.07112292328442404,0.004275309303508747,0.0653858494133765,0.0027003078760110986,0.05196448668091602
2025-09-17,0.7935252533864264,False,calm,0.30258282225819716,0.5193707408329958,0.3647314163440894,0.3966076323513017,0.4504418743944716,0.454260460968932,0.32353705479653405,0.321161127526554,0.336931231215087,0.36890198179280015,0.2989336370615362,0.3653121864631008,0.43723755260378605,0.11510059937408557,0.3392647924174944,0.1803049227788745,0.4246232715936263,0.2084781010826016,0.45659402217133943,0.22312786739936138,0.4723641258598724,0.22088890681377213,0.4699881985898924,0.24102447068209615,0.4909424311282293
2025-09-18,0.4918239006723321,False,calm,0.5389211542133987,0.5273468208693707,0.3706833160029005,0.40150693875632426,0.4557696157571306,0.4590866052088185,0.4522818647949143,0.46093335963675475,0.4649351142894633,0.49009575658705484,0.4635568039043992,0.5384162015395502,0.6115823065968936,0.001071730514265389,0.032737295463513616,2.98648197947882e-06,0.0017281440852772723,0.00072300683314355,0.02688878638286879,0.0009542255254706893,0.030890541035577368,0.0015635726013309994,0.039542035877417836,0.0022181512911115093,0.047097253541066586
2025-09-19,0.4272891977928156,False,calm,0.528393169410178,0.4957807529713537,0.3471281275023589,0.38211748454713346,0.4346845909291695,0.4399866969748082,0.43064673309558926,0.45822569001136504,0.4610766009270355,0.4810902776714097,0.38709879555538423,0.46020340664389925,0.5350614093707832,0.00016122648547670245,0.012697499181992589,0.002894556196102865,0.053801079878594116,0.0011415886105542931,0.03378740313421991,0.00095706655078837,0.03093649221854944,1.1273043309371426e-05,0.003357535302773662,0.01022201307680442,0.1011039716173624
2025-09-22,0.3290812913298848,False,calm,0.4646376272533509,0.466940492403924,0.32560698726198006,0.36440235723194314,0.41542030967393834,0.4225361126301721,0.3616664171863991,0.4143076556044205,0.42116302404033207,0.4432360564686958,0.3620063293390161,0.43372560580456077,0.5083325618141193,0.008733803624268635,0.09345482130028732,0.0130313104038971,0.11415476513881101,0.008479045498958258,0.09208173271044728,0.00726353316745586,0.08522636427453573,0.0010617904270848765,0.032585125856514296,0.018375520208995588,0.1355563359234661
2025-09-23,0.4664160231235994,False,calm,0.4260585836030917,0.4407776061449323,0.306083753657471,0.348331806831497,0.39794442043349804,0.406705546457089,0.31281549643511736,0.3868173986619971,0.39526518122577436,0.4169688471170746,0.327078479368388,0.3961749561261982,0.4696801033058805,0.003565341023741885,0.059710476666510415,0.0024450232150202435,0.04944717600652482,0.005062442302769298,0.07115084189782506,0.006335941016179195,0.07959862446160232,0.02359312179897909,0.15360052668848206,0.0016287229246514402,0.04035743952050774
2025-09-24,0.41959417174786606,False,calm,0.4697986102525221,0.549017089308976,0.3871790378908824,0.41479643514351006,0.4703537114553565,0.47222180633416,0.38538165038908867,0.43820471527963345,0.44475729898153266,0.4711133286756495,0.3824020636974112,0.455278563463329,0.5425555253616642,0.0027696679221484817,0.05262763458629394,0.002654223530549574,0.051519156927783416,0.0006331829721776934,0.025163127233666593,0.0003463523305478089,0.018610543531767387,0.0011704966177247993,0.03421252135877739,0.0025204856455677918,0.05020443850465606
2025-09-25,0.538109084741685,False,calm,0.4558624864759528,0.5936236979798153,0.42050772035037237,0.44224586793180765,0.500172769349474,0.4992286245423816,0.4234946413716278,0.44319316181232926,0.45000963831534696,0.4782766516286704,0.3583484223491107,0.42983124933924377,0.5168586863414799,0.0015116901853096125,0.03888046019930336,0.0035799200522233614,0.05983243311301456,0.007761512460627198,0.08809944642633799,0.00900903242553139,0.09491592292935569,0.01313647062902804,0.11461444337005716,0.006764502926284737,0.08224659826573216
2025-09-26,0.4290610862485847,False,calm,0.49412341079625366,0.6639662536709845,0.47306550880095655,0.4855323519783765,0.5471960424266398,0.541817125898124,0.482115453766602,0.4856123139403875,0.4900169669586579,0.5210753422332447,0.40417591732390923,0.47799042290930316,0.5651044666875625,0.012713924477448488,0.11275603964953934,0.00846662330441054,0.09201425598466001,0.0037156193931406722,0.060955880710073185,0.003198041353450126,0.05655122769180282,0.002814765912736848,0.05305436751801729,0.0042331060755462085,0.06506232454766897
2025-09-29,0.358843233966138,False,calm,0.4751915061105238,0.6186777438374871,0.4392273308205967,0.45766329975048503,0.5169211406373405,0.5143974544987581,0.44718735422303646,0.4620401158613338,0.4675206693385249,0.4957660533433086,0.36568029554881654,0.4376281642534237,0.5247812660733695,0.024197115525511,0.15555422053262008,0.018747858466193285,0.1369228193771706,0.011810784959119329,0.10867743537238689,0.010649596432890996,0.10319688189519582,0.007804683583965339,0.08834412025689847,0.013536920430984064,0.11634827214438581
2025-09-30,0.44223567507929906,False,calm,0.43436135205177945,0.5793764833198367,0.40986264089950986,0.4334786028811204,0.49064865327262114,0.4906027292376106,0.39758894083437435,0.42606774495934324,0.4340006789456493,0.46220307471123695,0.33853238404616565,0.4085793769263784,0.49503984526309996,0.0023393719279530428,0.04836705415831155,0.0003986970480615133,0.019967399631937888,6.781516132122637e-05,0.008234996133649752,0.0002614019643637746,0.01616793011995582,0.0019933308787369332,0.04464673424492471,6.200496314172566e-05,0.007874323027519614
2025-10-01,0.4534394421771973,False,calm,0.4516061156383732,0.5433618865498401,0.38295364477942434,0.41131641026229604,0.46657326672973254,0.46879789590031296,0.38877288540171123,0.4260572844806366,0.4336983097533254,0.4607470443738701,0.3721472925603566,0.4444759701737832,0.5317034417740683,0.00023588210076508568,0.015358453723115673,5.3401049864817325e-05,0.007307602196672813,0.0003897123093768455,0.019741132423871877,0.0007497825601193162,0.02738215769656066,0.004181763565197161,0.06466655677548605,3.3610861979566256e-06,0.001833326538824065
2025-10-02,0.38418685146559606,False,calm,0.47080173231945627,0.5109237223568168,0.35871684879397137,0.3913550360551096,0.4448886884828553,0.4491583933809895,0.3820420263509027,0.4285687180676253,0.4350999472925128,0.45918703902883157,0.37679491581242913,0.4493803607408825,0.5366405490227709,0.0042213012588637275,0.06497154191539345,0.0056250281345205065,0.07500018756323551,0.0025921433266808047,0.05091309582691672,0.0019697500830803197,0.04438186660202925,4.600274772619483e-06,0.0021448251146933828,0.0075021375853284,0.08661488085386021
2025-10-03,0.4712091260584041,False,calm,0.4395588044433323,0.48265484910824424,0.3375952184332852,0.37395930570574387,0.4259912382368402,0.43204316441549884,0.3560371116063868,0.404312313425202,0.412251554123273,0.43577861671731055,0.3456772402518015,0.41627224057448825,0.5029761553270468,0.0015339725514135257,0.039165961642905256,0.0012553209921693166,0.03543050934109354,0.0034759952884861546,0.05895757193513107,0.004475183540481744,0.06689681263320207,0.013264592912935682,0.1151720144520173,0.0010017428583374817,0.03165032161507181
2025-10-06,0.32141728307784995,False,calm,0.4617388246807391,0.4702220798803988,0.32830583665704044,0.3663085904090382,0.41768006022003473,0.42451581480596223,0.359544072514357,0.4100870757294094,0.417821505772077,0.4413601351971629,0.38709879555538423,0.46020340664389925,0.5474755951260479,0.010629307244492577,0.10309853172811229,0.014386287774515371,0.11994285211931294,0.009293774153278122,0.09640422269422705,0.007862332128870544,0.08866979265155944,0.0014536520727357453,0.03812678943650705,0.01969013503781136,0.14032154160288918
2025-10-07,0.4631774933836764,False,calm,0.420139566111134,0.4443097682537263,0.3089449564706636,0.3503630102006339,0.4003579471163931,0.4088273527078826,0.32317582763843855,0.3842541159349765,0.3928263403963851,0.41474139635960783,0.3227265268720066,0.3914384331290667,0.47719836596917886,0.002953937791478576,0.0543501406757938,0.002346055494924986,0.04843609702406859,0.00494928472664127,0.07035115298729133,0.006228899507909956,0.07892337744869993,0.019600466411441312,0.14000166574523787,0.0018522631839166497,0.04303792727254241
2025-10-08,0.2988878801411221,False,calm,0.4450339569307622,0.5119349044891514,0.3594723729013066,0.3919772841211543,0.4455646533105803,0.44977060786752177,0.3725025557292487,0.4122348062236494,0.42082616745050827,0.44760851729343887,0.3833396854343106,0.4562628638083427,0.5435402348727723,0.02276559752615885,0.15088272772639966,0.022117827914991058,0.14872063715231676,0.014868945911946407,0.12193828730938616,0.012847525652357902,0.11334692608252728,0.005419120461945117,0.07361467558812657,0.02135867576100338,0.1461460767896401
2025-10-09,0.4472451571284465,False,calm,0.4021554637655313,0.4810471543927884,0.3363939985185721,0.3729699835099758,0.4249165108987903,0.43106979476897334,0.3396305118915035,0.3814988233060582,0.39100581472423646,0.41566737956246963,0.31411466246835557,0.38202725957104877,0.46730860884624403,0.0002616423474602606,0.016175362359473144,0.000997156036006311,0.03157777756597685,0.003162863634057976,0.056239342404210024,0.004322580411084915,0.06574633382238826,0.011580911869473094,0.10761464523694297,0.0020330804475617178,0.045089693362915184
2025-10-10,1.3601112529561223,True,calm,0.4317382468183111,0.5268752393272466,0.37063533037542745,0.4011710724227755,0.45555211307875365,0.4588161488527115,0.37714841836274327,0.4087718880354342,0.4180319666638467,0.44624262444152035,0.37586354498062097,0.4483986637792156,0.5356536708339716,0.8123328646807783,0.9012951041034108,0.8351558701831597,0.913868628514602,0.8875133816609635,0.9420792862922757,0.9050465872476983,0.9513393649206882,0.9662159341918507,0.9829628345933791,0.8618764385253566,0.9283730061378113
2025-10-13,0.526275479742592,False,crisis,0.8297265250474947,1.4046490210474276,1.026480832060976,1.0846673791862216,1.042334834181769,1.1808293338935443,1.0542928471081043,0.9293138126543814,0.9777058398403795,1.0623437642527476,0.5061504834049864,0.5804456696154371,0.6625331194865213,0.42844074798386605,0.6545538541509522,0.28736920565766105,0.5360682845101555,0.20378937001801806,0.4514303600977875,0.16243989779631435,0.40303833291178937,0.27880234023960637,0.5280173673655123,0.09208253689663808,0.30345104530490263
2025-10-14,1.2709683929987126,True,calm,0.691681193992873,1.2699513582164375,0.9258388920817033,0.8584355583322819,0.9522908356388953,0.9087073702588885,0.897258873912636,0.786322096416381,0.7713881831254391,0.8143236555889206,0.40417591732390923,0.47799042290930316,0.5651044666875625,0.13123304859650334,0.3622610227398241,0.20852441620405784,0.45664473740979195,0.24958038609702396,0.49958020987327345,0.23488203279096934,0.4846462965823316,0.1396588046555466,0.3737095190860765,0.33557365893203117,0.5792871990058396
2025-10-15,1.1924355892172203,True,crisis,0.8660314292465959,1.193663858551693,0.8688392248190168,0.9080957242751118,0.9012934288221874,1.0149773162428324,0.9066642022652384,0.8674470259102187,0.8903661151965852,0.9644483726808328,0.5041665702187285,0.5785116791685816,0.6607563687658171,0.03149143864705236,0.17745827297438788,0.05197817090400961,0.22798721653638743,0.09124596713510315,0.3020694740206351,0.10561756628034895,0.32498856330700154,0.08166528560045937,0.2857713869519819,0.10653967564612891,0.32640415997062433
2025-10-16,1.093705479525211,False,crisis,1.0082944316900577,1.0903179888510615,0.7916223778677293,0.8216064611183372,0.8322077806739203,0.9337388025816464,0.8981419563631938,0.8999154142942807,0.9010167059786462,0.9592972708968329,0.5001984126879979,0.5746365198725983,0.6571892877730007,0.025589337732366758,0.1599666769435646,0.018065566546689612,0.1344082086283781,0.03712896345087932,0.19268877354656477,0.03755458938220824,0.19379006523093034,0.03824509159154084,0.1955635231620172,0.007295047092298845,0.0854110478351533
2025-10-17,0.6721359381831226,False,calm,0.9961198328374843,1.1449864963727954,0.8324690008686215,0.7815363122723953,0.8687531141872762,0.8330481034643462,0.8841469695708464,0.9157229694246227,0.8746903446453576,0.8902702013716394,0.49127072832821495,0.5658844997619183,0.6490986014114161,0.02589272493549184,0.16091216528122365,0.04758255677679712,0.2181342631885168,0.041028287577268306,0.202554406462235,0.05933464178904758,0.24358703124150016,0.04494867743008641,0.21201103138772381,0.10496556399540856,0.3239838946543617
2025-10-20,0.3680168924995411,False,calm,0.7957539065592302,1.0468109688840321,0.7591152741795769,0.7211223372234429,0.8031237864888732,0.7736082872041471,0.7438661572457804,0.7797412752769846,0.7575646182780051,0.7825124939893615,0.437042275932167,0.5117042107127794,0.5979246891927307,0.16450437945842747,0.405591394704606,0.171806603654408,0.4144956014898204,0.1517474306591734,0.389547725778464,0.16951696737346678,0.41172438277744344,0.14126266981028868,0.3758492647462393,0.18295895319669864,0.42773701405968906
2025-10-21,0.31666496369067204,False,calm,0.6102038993831845,0.9577136312062184,0.6925444909720417,0.6662947801623249,0.7435631350609315,0.719664809472914,0.5846513620880558,0.6385195386047897,0.6334448777321884,0.6650429464582571,0.34388433062262536,0.4143450419421295,0.500992062190227,0.1624088757005108,0.40299984578224196,0.1213672188772118,0.3483779827675851,0.10034951394015049,0.31677991404151634,0.10359036739314739,0.3218545749141177,0.07181670972600128,0.26798639839738375,0.08616510676749299,0.2935389356925125
2025-10-22,0.8349771584541605,False,calm,0.4956434066647892,0.8963573640268762,0.6467009801862341,0.6285381610813233,0.7025471031834891,0.6825170055258538,0.5286158360577549,0.5443936927250779,0.5476635211046694,0.584819182684069,0.3227265268720066,0.3914384331290667,0.47719836596917886,0.023244098230922675,0.15246015292830672,0.06257901284138973,0.2501579757700916,0.0825491262069949,0.2873136373494911,0.08443875055512497,0.29058346572908267,0.09385725986047441,0.3063613223964057,0.11514739510345069,0.33933375178937136
2025-10-23,0.3927933469061719,False,calm,0.6575245452608673,0.9424001085989869,0.6806717958537544,0.6564142442244959,0.7329162174217375,0.7097527971283627,0.6708961505088663,0.6683460279275026,0.6569223640081557,0.6902774381931613,0.46750617846426246,0.5423585433006258,0.6271106491442439,0.10046329308515345,0.3169594502221908,0.08849678456884587,0.29748409128698944,0.06976413767526007,0.26412901710198383,0.07592928001804325,0.27555268102133074,0.07734116937167881,0.2781028036026944,0.0700826073823131,0.26473119835469544
2025-10-24,0.2854361044860972,False,calm,0.550758965948463,0.8678609786021044,0.6249495627603153,0.6105322656316141,0.6831630655666716,0.664756361568036,0.6096227380572639,0.5767389299597834,0.5759295818241892,0.6086623290170037,0.3501786631694818,0.42110132800350103,0.507935841462319,0.14388385743270812,0.3793202570819388,0.10447519222450398,0.3232262245309065,0.08438646037597657,0.290493477338092,0.08485733612895288,0.2913028254736862,0.10509697338620588,0.32418663357116667,0.07039622081457775,0.2653228614623658
2025-10-27,0.27026030741399254,False,calm,0.4206962975283464,0.8001055610844665,0.5742985400234117,0.5688259482084559,0.6379378854914626,0.6238549950197151,0.5078176033831736,0.4682908393990027,0.47659363980938085,0.5146313654661567,0.30985577487376387,0.3773541760504547,0.4623728597285439,0.1250292031029885,0.35359468760572255,0.0597172140135342,0.2443710580521642,0.0425734440573858,0.2063333323953883,0.039216091598266126,0.19803053198501014,0.05643346886818909,0.23755729596918107,0.02263098712168598,0.15043599011435388
2025-10-28,0.420016362891887,False,calm,0.391533965622096,0.7373669848747763,0.5273978910937414,0.5302077082220047,0.5960613313988418,0.5859821046105562,0.45958026717726796,0.432601657937288,0.4427046180352916,0.47971769548882015,0.30227076225441996,0.3690002984979599,0.4535077081501795,0.027544627424228026,0.16596574171866924,0.0035642491138496344,0.059701332596933165,0.0005147569214522258,0.022688255143404612,0.00015838965137979528,0.012585295045401013,0.0015653025223027874,0.03956390428538098,0.0008112469542341955,0.02848239726979096
2025-10-29,0.6933994412194209,False,calm,0.44739505462671375,0.6867038288289483,0.48952430455532897,0.49902239869075943,0.5622448420420383,0.5553986857217896,0.46022462496369965,0.46256897180613793,0.46968657363605415,0.5034316890531432,0.3601753462294058,0.4317773732789146,0.5188402821114438,0.019044208517917,0.13800075549763124,0.036087746863108304,0.1899677521662777,0.050047447122372975,0.22371286758336673,0.05328270560955655,0.23083046941328295,0.05437049493588936,0.23317481625572123,0.0605181582228541,0.24600438659270712
2025-10-30,0.5124908515714809,False,calm,0.5645984731144547,0.6461176548371251,0.4591838344205443,0.47403989666346596,0.5351545060277092,0.5308983573340065,0.5191510039423168,0.5180125929971193,0.5178104340366678,0.544287907445401,0.44192989412604666,0.5166604965694114,0.6026853379784917,0.00033883626839741277,0.01840750576252559,0.0010110527622491981,0.03179705587392012,2.8297957603924298e-05,0.005319582465186934,3.048962837161161e-05,0.005521741425638438,4.43576296027517e-05,0.006660152370835948,0.002715204222865784,0.05210762154297377
2025-10-31,0.5413376075450851,False,calm,0.550962336827578,0.8611736057351872,0.6199503717355651,0.6064159055569077,0.6786993982583318,0.660719449112971,0.625889202531909,0.5784509976009408,0.5771393585180657,0.6123433649948952,0.39845548304174494,0.47205296774060507,0.5592441973847928,0.014252024096139808,0.1193818415678859,0.005041817591021259,0.07100575744981008,0.0012817653727313217,0.03580175097298066,0.0013774037214380871,0.03711339005585568,0.007148972214815915,0.08455159498682396,9.263541376127661e-05,0.009624729282492916
2025-11-03,0.5687268267649516,False,calm,0.5443109392620895,0.7971159226046108,0.5720636154643701,0.5669856996203797,0.6359423706888854,0.622050264065475,0.5703866113481928,0.5555809850717616,0.5551941675923941,0.5883933294148764,0.40608861385216277,0.47997104085492626,0.5670539365279792,0.0028433889655428576,0.05332343730052347,0.0003867713264795018,0.019666502649924866,0.00018313286428060235,0.013532659172557415,0.00017281315382241245,0.013145841693189997,2.7548848627652655e-06,0.0016597845832412306,0.0005961355625524155,0.024415887502862055
2025-11-04,0.5559747004283241,False,calm,0.5741011064845654,0.7407330172781685,0.5299141914877725,0.5322796431464109,0.5983080804730805,0.5880140502495722,0.5418874731195221,0.5557754551222894,0.5536549812655573,0.5821121802504099,0.4147302739647268,0.4888907175171624,0.5758000536158003,0.001026519936968312,0.03203934982124812,0.0006831678514499427,0.026137479822085807,5.381096994107236e-06,0.0023197191627667424,3.969869197684398e-08,0.00019924530603465662,0.00019844997324985583,0.014087227308801964,0.0003285665965157403,0.018126406056241273
2025-11-05,0.6560645655404531,False,calm,0.5810061998944556,0.9604992173811114,0.6942019076002053,0.6675550091049877,0.7449969555215256,0.7206785401850401,0.6595380881399445,0.6276251283994206,0.6230616878339914,0.6610230410844551,0.4118436065274681,0.48591642476830416,0.5728896718099425,0.0041749657193713265,0.06461397464458696,2.4586479720465654e-05,0.004958475544001972,0.0010891899369076673,0.03300287770646171,0.0008088015848987375,0.028439437141032475,1.2065359249177546e-05,0.0034735225994914076,0.005633758253448265,0.07505836564599755
2025-11-06,0.7103129986202634,False,calm,0.6146872645113103,0.8854486128487624,0.6380973182425086,0.6213581963613979,0.6949024061986582,0.6753733469161537,0.6406286298462627,0.6248271166770488,0.618074346621496,0.6507410350840955,0.4331409180930353,0.5077374775071714,0.5941027850878001,0.001220779261204498,0.03493965170410973,0.003548818839554517,0.05957196353616789,0.008507968922549729,0.09223865199876746,0.007307836011609225,0.0854858819432146,0.004855911251430931,0.06968436877400075,0.009144281023876204,0.09562573410895314
2025-11-07,1.008456334410452,False,calm,0.661277321430443,1.054107350158163,0.7641793032883842,0.7251747632445376,0.8074782273732443,0.7771862068911216,0.7520986881055093,0.7072568892481688,0.6946070901346658,0.731683464890078,0.4468287878186993,0.5216135068629757,0.6074266280777911,0.053485871882807345,0.2312701275193304,0.076603221302542,0.27677286952037405,0.09850134813248211,0.3138492442757862,0.09072110576606728,0.30119944516228325,0.06571924281901012,0.25635764630494273,0.12053326705377324,0.34717901298000897
2025-11-10,0.6382945614954638,False,calm,0.8028173933021829,0.9699926256320306,0.7012987694421803,0.6733986023178462,0.751333586796265,0.7264093493939512,0.7676783171185878,0.7535482043052248,0.7303394332573895,0.753636862766184,0.4853216791522113,0.5600265579174301,0.6436564531748264,0.007764215846395416,0.08811478789848737,0.013303846462425583,0.1153423012707202,0.00847225841766934,0.09204487176192566,0.01328340218091998,0.11525364280976103,0.016740156219144268,0.12938375562312399,0.027067762185701987,0.16452283180671912
2025-11-11,0.4184221211675579,False,calm,0.7239494167436813,0.8865717324129102,0.6389369139038459,0.6220495238266048,0.6956520626305052,0.676051331447189,0.6738773106278698,0.6877057198117003,0.672918597422177,0.6958146945530904,0.42633372411425907,0.5007936501271101,0.5873871996434735,0.06637280998930638,0.2576292102796311,0.07694663976944804,0.2773925733855325,0.06476845642601789,0.2544964762546191,0.07251365649873955,0.26928359864414236,0.06525735382220386,0.2554551894603119,0.09334692834205988,0.3055272955761234
2025-11-12,0.39492593894465067,False,calm,0.573033836938828,0.8203727398516897,0.5894494072184118,0.5813012516145292,0.6514657603529158,0.6360895194021048,0.5482625559208673,0.5788864080076925,0.5765713586142257,0.6054997298285941,0.35652560155910834,0.4278872917545551,0.5148765602318877,0.058159872539058945,0.24116358045745412,0.04434132140723475,0.21057379088394346,0.03299505848693604,0.18164541966957504,0.03384145417789438,0.18396046906304186,0.023512118105710952,0.1533366169762166,0.03172242332790429,0.17810789799417737
2025-11-13,0.7525806577245375,False,calm,0.5153830126894056,0.7646005612069552,0.5477565361223741,0.5469711231737611,0.6142391161257107,0.6024219780375654,0.493593650153015,0.5267195298472483,0.5286848079634889,0.5595932227935327,0.3501786631694818,0.42110132800350103,0.507935841462319,0.022547629085334708,0.15015867968697216,0.03724415004124881,0.1929874349310048,0.05012935154022204,0.2238958497610486,0.051013249086001175,0.22586112787728918,0.06707427009085187,0.25898700757152254,0.05626272281021246,0.23719764503513197
2025-11-14,1.1584498661942904,True,calm,0.638384313328868,1.1069577816268825,0.8036880024308612,0.7577064330584162,0.8427546726789371,0.8090900006973702,0.7542466676195293,0.7132207707362083,0.7013328681198694,0.7430421750875881,0.4527210361358955,0.5275514291371842,0.6130894838482753,0.12205231562002611,0.3493598654969201,0.17256354983060138,0.4154076911067023,0.2089559499285702,0.45711699807442097,0.19822894744242198,0.4452290954580821,0.1633802257380677,0.40420319857476106,0.2704681792772174,0.5200655528654223
2025-11-17,1.162680405923115,True,calm,0.8489017108192184,1.03214242194469,0.7477592719592959,0.7116544234427864,0.7928171438733933,0.7639268157902852,0.8388790770783902,0.7987117751045099,0.770567523993562,0.7933617487327866,0.4962302301630213,0.5707521680250556,0.653604362412227,0.15900442564382086,0.39875359013282985,0.13639627054886733,0.3693186571903284,0.15375251217509964,0.39211288192955307,0.13247316421997013,0.3639686308186052,0.10484730056160968,0.3238013288447249,0.09845706950110414,0.31377869510389667
2025-11-18,0.9730142579387593,False,calm,0.9424254433571234,1.1477311578140623,0.8341684168387505,0.7828041659331887,0.869969961845437,0.833703335924923,0.9366636463160269,0.8885976409667611,0.851166113330192,0.8712665794993438,0.49722225079983,0.5717240928009726,0.6545022492518787,0.019407532992345187,0.13931092201383632,0.01035259006781069,0.10174767843941546,0.014846970344550329,0.1218481446085673,0.007126165220997055,0.0844166169719982,0.0013213669653467236,0.03635061162273234,0.0009356755775096992,0.03058881458163587
2025-11-19,0.8994687094203001,False,calm,0.9035841332591306,1.2279127483553913,0.8941087096505057,0.8321593169916239,0.9234893261088822,0.8821059101442399,0.9267815628447031,0.8990324501534364,0.8639339276203821,0.889857556687415,0.48036724200394953,0.5551320634868274,0.6390927451628512,0.00030146679870075713,0.017362799276060215,9.237425685484575e-05,0.009611152732885153,0.001262720717567782,0.03553478179991798,1.9032214792449465e-07,0.0004362592668637477,0.0007459919621829248,0.02731285342440304,1.693671337321401e-05,0.0041154238388304565
2025-11-20,1.6451932054578813,True,calm,0.8732631402796416,1.1216953739362807,0.8147051896979344,0.7667780427603098,0.8525916759841569,0.8179865242104826,0.8198572973042867,0.8456554306223512,0.8150908013803174,0.8383938278287859,0.4714596290177347,0.5462955874061464,0.6308148893779794,0.6842708935003355,0.8272066812473987,0.6509252357426957,0.8067993776290954,0.6890700012553511,0.8301024040775639,0.6392606533889509,0.7995377748355301,0.6811793612877187,0.8253359081535946,0.5958760255260814,0.7719300651782397
2025-11-21,1.424041196017135,True,crisis,1.1788326071611048,1.357432139020703,0.9917105514309821,1.046342836272649,1.0105758243992236,1.1449097716210304,1.087538191437094,1.082079862565735,1.1005262493410228,1.156028916793118,0.517056870810097,0.591037008328807,0.6722224131602454,0.07791435208539832,0.2791314243961047,0.07183058181485254,0.26801227922401716,0.10466192072284775,0.32351494667611225,0.11693755357585958,0.3419613334514,0.1132342720913951,0.336503004580041,0.060127252048765685,0.24520858885603025
2025-11-24,0.7008171706691849,False,crisis,1.2371787740662472,1.2323181727676675,0.8980275628521971,0.9414830738043021,0.9269335641763203,1.0464949259413279,1.0496332405988342,1.0648444436870583,1.0649723424290611,1.1105064845981263,0.5081342029187761,0.5823771921087636,0.664305292313675,0.11949311048998755,0.34567775527214295,0.16784533394756668,0.40968931392894137,0.13260898911946495,0.3641551717598762,0.13251585550082934,0.3640272730178734,0.121672650641166,0.3488160699296493,0.28768376959866754,0.5363616033970623
2025-11-25,1.0870110335835288,False,calm,0.9221078030686435,1.1191030525462462,0.813254206749022,0.7661062725298057,0.8512460224067966,0.8171603551586133,0.8156920042894521,0.874746627391791,0.8425905473689812,0.8595575296134224,0.4350905921177676,0.5097209971274345,0.5960151933265168,0.07281938864638715,0.2698506784249155,0.05173509646827923,0.22745350397010644,0.05974137408135585,0.2444204862145476,0.04505617813593106,0.2122644061917378,0.07361401565708005,0.2713190292940767,0.027193075434245404,0.1649032305148853
2025-11-26,0.4832746562562409,False,calm,0.9522357777031829,1.0226612671137207,0.7410404087712625,0.7065377269295211,0.7867719340608603,0.7587792502853671,0.7649611746157164,0.849528736055637,0.814398166580832,0.8275402576567927,0.48631294410936604,0.5610040889145176,0.6445661033555109,0.07590278133115363,0.2755045940291262,0.11851880430768365,0.34426560140055185,0.10964277908967958,0.3311235103245911,0.1341420509697024,0.36625407979939606,0.07934729462548316,0.28168651835947556,0.2199245334287735,0.468961121446942
2025-11-28,0.2342084964213433,False,calm,0.7804128358622883,0.9388861320717845,0.6783111607555201,0.6547929056413768,0.7307658633140104,0.7080659114279535,0.6407291576127558,0.741081480944227,0.7228497034349577,0.7409469645418281,0.38521752828180644,0.45823248210775,0.5455086256815397,0.22454084975674676,0.47385741500661016,0.2567838750730955,0.5067384681204847,0.23877022919172192,0.48864120701361435,0.2569202224391354,0.5068729845228837,0.1652590479755032,0.4065206611914125,0.298339180424119,0.5462043394409449
2025-12-01,0.42069646625205154,False,calm,0.5240588742002419,0.8653881812528781,0.6232772753041853,0.6093959232519681,0.6816303837799982,0.6635738735059746,0.5111754095511105,0.5533895941698127,0.55492014841374,0.5862340230706554,0.295617744725026,0.36163981009926877,0.44565207454263095,0.05898943495438801,0.2428774072539231,0.02740268271747251,0.16553755681860388,0.018015996853041977,0.1342236821616885,0.01760746619659933,0.13269312791776117,0.00818643918051433,0.09047894329905898,0.010683787376848124,0.10336240794819035
2025-12-02,0.464461529303145,False,calm,0.5002839761551505,0.9026798839307327,0.6512006020172664,0.6324296371293644,0.7065609522285112,0.6861484328131637,0.5680559645446681,0.5543647109390908,0.557084310706457,0.5963496350609842,0.3583484223491107,0.42983124933924377,0.5168586863414799,0.04914508318786036,0.22168690351001874,0.017394472440390968,0.13188810575783916,0.008578979634885726,0.09262278140331204,0.008082582068265861,0.0899031816359458,0.010731807013010127,0.10359443524152312,0.0012832476984647608,0.03582244685200553
2025-12-03,0.4485257033128927,False,calm,0.5346164072497972,0.8355746970633979,0.6009534981715177,0.5909812300307716,0.6616992180004351,0.6455262591933937,0.5674992537806186,0.5596737307138491,0.5600010070536385,0.5942445537781635,0.3777271977997976,0.4503624521713174,0.5376271402714562,0.038809219017226386,0.19700055588050097,0.02123398338091996,0.14571885046527083,0.01242674334409154,0.11147530374074582,0.012353883995123747,0.11114802740095636,0.01415470571089652,0.1189735504677259,0.007411609304351742,0.08609070393690449
2025-12-04,0.40874595764987426,False,calm,0.5047403381888786,0.7745575808149152,0.5552650272852522,0.5532932003520947,0.6209075328820448,0.6085895035455213,0.5506800454423462,0.5234026406362562,0.5261782940551842,0.5596493519641138,0.36936996112494874,0.4415384574907139,0.5287381327203218,0.039937442836145594,0.19984354589564707,0.022771834415558863,0.15090339431423955,0.013790353633609892,0.11743233640530998,0.013146154953439683,0.11465668298638193,0.020145285277481124,0.1419340877924719,0.009214921095067184,0.09599438053900439
2025-12-05,0.39193858476093074,False,calm,0.4834699939976565,0.7217842762017054,0.5157493677517256,0.5206970700727657,0.5856270713198766,0.5766431452599093,0.5125740830055886,0.49477354194680445,0.4991463651705723,0.5307959769857449,0.3501786631694818,0.42110132800350103,0.507935841462319,0.034115774669120844,0.1847045604989786,0.019281375375475873,0.13885739222481414,0.011493508180361928,0.10720778040964157,0.01057502841942048,0.10283495718587371,0.014552923436736849,0.12063549824465786,0.008377998876860965,0.09153140923672576
2025-12-08,0.45002176525462073,False,calm,0.47771130983453924,0.673594172608219,0.47966552307983207,0.4909318145819346,0.5534106105549517,0.5474712310411262,0.47369357535971257,0.4783815845313796,0.4831764340949525,0.5125912704378327,0.34298953732650117,0.41338242108266987,0.5,0.009496398382075293,0.09744946578650543,0.00391494297887199,0.06256950518321197,0.0010992320659120648,0.03315466884033175,0.0008042793494104227,0.028359819276758846,0.0005603545936515281,0.02367181010509184,0.0007667108790432946,0.027689544579918512
2025-12-09,0.2892890546211801,False,calm,0.4960335099066904,0.7011869975904563,0.5003265122969703,0.5079748882436624,0.5718572022230767,0.5641745676893696,0.49846971224680925,0.4976192160326974,0.5013060876779101,0.5320622855602917,0.36936996112494874,0.4415384574907139,0.5287381327203218,0.07556204529476176,0.2748855130681895,0.0589388416606152,0.24277323093911157,0.04495122230617853,0.21201703305672998,0.043401456153748845,0.20833016141151728,0.04375654752469069,0.20918065762562915,0.04274326979130236,0.20674445528551028
2025-12-10,0.6468307699925089,False,calm,0.43731970288389266,0.6842851169590659,0.48767070145848906,0.49753521790153704,0.56055781223197,0.5539430019705177,0.46367350734390944,0.45287855538165084,0.4599861630017352,0.49112812602211375,0.3090078238410176,0.376422257805166,0.4613865630593547,0.008628137448107245,0.09288776802199117,0.024243313339371624,0.15570264397039513,0.034910907161536664,0.18684460699077365,0.037617461552456335,0.19395221461085804,0.03354658286092804,0.18315726264859944,0.04389488724099109,0.20951106710861622
2025-12-11,0.6325982864527101,False,calm,0.5465433866733584,0.6366018211236394,0.45196634491915094,0.46808299893228394,0.528680166929876,0.5250778841962546,0.49207947628724963,0.5066802681551746,0.507640103517733,0.5340382244634547,0.4214883208314183,0.49583342978127143,0.5825702064623147,0.011560636901390009,0.10752040225645554,0.009714085819325863,0.09856006198925538,0.015614547482411194,0.12495818293497707,0.015855347331978475,0.12591801829753546,0.019745536010316717,0.14051881016546047,0.007405445776034258,0.08605489977935166
2025-12-12,0.8180983010038788,False,calm,0.6104226783252483,0.5965262480065167,0.42195850829580683,0.44332979062140015,0.5018885015736269,0.5008181068962677,0.5019307088203188,0.5317157424506616,0.5282354019281916,0.5469939442470396,0.41762280789123635,0.4918657970812238,0.5787051876691838,0.10066672157296337,0.3172801941076111,0.07349757225253954,0.2711043567568392,0.08402050026056201,0.2898628990756872,0.08201496984348691,0.28638255855321726,0.09996194634714994,0.31616759218356005,0.0431291642549569,0.2076756226786305
2025-12-15,0.4971940965058154,False,calm,0.6971182507333016,0.8133600686582403,0.5843196015611795,0.5772600706887783,0.6468481043680734,0.6320786177501618,0.6507803429136844,0.6453857937877183,0.6331761210861073,0.6568768036659145,0.4586265644603905,0.5334815664933503,0.6187219272565543,0.01819383407131654,0.1348845212443464,0.025498566965977958,0.15968270716009908,0.018491111008955112,0.1359820245802919,0.021960779143291146,0.1481916972819029,0.023588735085658636,0.15358624640786894,0.03996966744357567,0.19992415422748616
2025-12-16,0.6353136433172045,False,calm,0.6154596058209636,0.7968600870903281,0.571964725194694,0.5670686386240983,0.6358173953808348,0.6220903419213525,0.5913740124780266,0.5987046154131999,0.5932852928107493,0.6190767295583437,0.38521752828180644,0.45823248210775,0.5455086256815397,0.00017485569980554247,0.013223301395852038,0.00026363736841268404,0.016236913758860827,0.001766382246293458,0.04202835050645526,0.0013402209240761921,0.036609027904004665,0.0019306911582832385,0.04393963083917796,0.00039418280490214074,0.01985403749624093
2025-12-17,0.569837974122362,False,calm,0.6286453463643215,0.8056085643403615,0.5785154206833103,0.5724722514218546,0.6416660023159035,0.6273862389801305,0.5815361815975358,0.6077583123094351,0.6010714329024486,0.6279179129321137,0.41665798963668077,0.49087402946400777,0.5777374045622353,0.0033118027881398645,0.05754826485776843,0.0033732792921445025,0.05807993880975171,0.0009755289473673651,0.031233458780086543,0.0014379520482219927,0.03792033818707308,0.0001368480581322123,0.011698207475173805,0.0034583070300043795,0.05880737224195942
2025-12-18,0.6003366271917594,False,calm,0.6208313947118423,0.9924500621785417,0.7184188258124932,0.687877376224174,0.766574880602215,0.7404908754304468,0.6857855280168662,0.6603671766324497,0.6529451224682628,0.6885681686061621,0.40513190556097894,0.478980649280431,0.5660794572024928,0.019643213299351606,0.14015424823868738,0.007784804900361459,0.0882315414144027,0.002767653775257876,0.05260849527650335,0.003603666866151163,0.060030549440690306,0.00730151465221894,0.08544890082510681,0.00042003549570224685,0.020494767520082946
2025-12-19,0.3121142542675307,False,calm,0.6164765821483039,0.9116215464175796,0.6578959509836357,0.6379525733462882,0.7125387090125752,0.6915612746953892,0.6400690889627669,0.6334155711403338,0.6268482645399132,0.6592729223281444,0.4089629916711929,0.4829431291899029,0.5699742348016287,0.14398004131157965,0.3794470204278585,0.12051914080961935,0.3471586680606137,0.09905749722213615,0.31473401027238246,0.1032345362241974,0.32130131687280306,0.10755437359997973,0.32795483469523623,0.09263642663300331,0.3043623278807732
2025-12-22,0.48719248614804767,False,calm,0.49045562836773215,0.8386679308604813,0.6032696535549831,0.5928918068379878,0.6637671331495933,0.647398750519587,0.550810515964271,0.525988688893474,0.529685051532979,0.5639515523086778,0.31497023944286595,0.38296453217100224,0.46829655822593175,0.025666047143883538,0.1602062643715393,0.00589195423785199,0.07675906616063011,0.001805618112992661,0.04249256538493129,0.0015051453474642302,0.03879620274542639,0.004047253717697881,0.06361802981622333,1.0648097145887418e-05,0.0032631422196844895
2025-12-23,0.2553071299245764,False,calm,0.5029234011447989,0.7743225465492541,0.5555110001773442,0.5534456272526088,0.6210673597473929,0.6086694986865099,0.5207788949082404,0.5229345313041999,0.5258256829045836,0.5600881675540235,0.38052945043215447,0.4533110182222235,0.5405851160292348,0.12486496365704468,0.3533623687619335,0.09289148089848244,0.3047810376294471,0.073180287506397,0.27051855298000727,0.07162442596921009,0.2676274013796235,0.07047525800354172,0.265471764983664,0.06131381777300682,0.24761627122022256
2025-12-24,0.22041998578343963,False,calm,0.42267210463144556,0.7187614955381731,0.5138142769684602,0.5190842372849848,0.5838972895893735,0.5750424968241978,0.4647514242484997,0.4497662137580612,0.4577154089752109,0.4908751636918878,0.2972730233643138,0.36347400870899527,0.44761359525913463,0.12575712533685268,0.3546225110407582,0.07314600325749034,0.27045517790844814,0.05630911786776182,0.23729542319177127,0.052599692286187084,0.22934622797462156,0.05969785182240543,0.24433143846506006,0.040905919578507914,0.20225211884800592
2025-12-26,0.24294651613143828,False,calm,0.3491222345005809,0.6696129601691337,0.4769299337439921,0.4886886281411563,0.5510171608915424,0.545296517216019,0.40925377797650264,0.38637856989202746,0.3989574878175908,0.4355871879312864,0.29150305976865665,0.3570720143801264,0.44075580261520725,0.09141552315584599,0.30235000108458077,0.03711042843149681,0.19264067179984815,0.024339423286457475,0.1560109716861525,0.020572754045980544,0.14343205376058918,0.0276581053424028,0.16630726184506436,0.011273283171203487,0.10617571836914261
2025-12-29,0.3206425813040567,False,calm,0.33199849114504215,0.6416985093432299,0.4559810656352231,0.47142510786740105,0.5323425304311773,0.5284019611767374,0.4025100610217991,0.36885516590822953,0.3826764424458506,0.419911354487299,0.2972730233643138,0.36347400870899527,0.44761359525913463,0.043163959925080854,0.20775937987268073,0.009854289329306003,0.09926877318324229,0.0038481999281593645,0.06203386114179388,0.0023244533142145227,0.048212584604172826,0.006702284235334961,0.08186747971774239,0.0001289566883165901,0.011355909840985445
2025-12-30,0.19969795099764426,False,calm,0.35975599825037496,0.6842031640052245,0.48787939707925815,0.4977118498872506,0.5607779355770166,0.5541268903396284,0.4433406967186042,0.4007721373707619,0.41336650322742896,0.4519323520735521,0.3201299645130906,0.38860624135151856,0.4742292059906305,0.12561987304308384,0.3544289393419841,0.06362219308612194,0.25223440107590783,0.04565425021197223,0.2136685522297847,0.04043082842561124,0.20107418637311764,0.05936178754244835,0.24364274572095995,0.025618578490357376,0.1600580472527307
2025-12-31,0.3405662448276536,False,calm,0.3138368426478392,0.6758135052600577,0.48158323687083354,0.4925233170824901,0.5551652950944328,0.5490492493462709,0.42723644604098965,0.3627354298290013,0.3776407820167029,0.417508075747261,0.29150305976865665,0.3570720143801264,0.44075580261520725,0.0434651631731098,0.2084830045186173,0.005920045345261459,0.07694183091960743,0.0013745213077822032,0.03707453718904935,0.0004914727636239814,0.022169185001347735,0.007511723778360162,0.08667020121333607,0.0007144609408902667,0.0267294021798144
2026-01-02,0.6920962668402838,False,calm,0.3492506340688291,0.7977814728437691,0.5731161451247451,0.567953655807843,0.6367612661860063,0.6228674546977482,0.5097949869233216,0.4226678843466207,0.43610299137740316,0.48144622422655275,0.3279524833079528,0.397124633294816,0.48314131365852014,0.004792628430666488,0.06922881214253562,0.044373440453166706,0.21065004261373105,0.06553255708221428,0.25599327546288064,0.0725916532931516,0.2694283824936631,0.03323375665936261,0.1823012799169622,0.11754312791045916,0.3428456327714547
2026-01-05,0.29478521557552345,False,calm,0.5222167314197552,0.7416676590380482,0.5310045917996402,0.5332504130926452,0.599221400434066,0.5889059063287283,0.5613810970438851,0.5260573979207542,0.5278627127914375,0.5620918355997226,0.437042275932167,0.5117042107127794,0.5979246891927307,0.08650698072914235,0.29412069075320485,0.0714528291087616,0.2673066200241992,0.05432511970843441,0.23307749721591403,0.05348682232672568,0.23127218234523078,0.07107336401589272,0.2665958814683616,0.05172509439920504,0.22743151584423177
2026-01-06,0.30698010925507185,False,calm,0.43865570398015197,0.6880260766990046,0.4907483660700082,0.5000761067091196,0.5633354453873952,0.5564406171308578,0.48252634863984367,0.45488546014086795,0.4619475938885845,0.49334869603282167,0.3115555149153412,0.37922072916411187,0.46434632916602836,0.06223054498964506,0.24946050787578594,0.034733250137535664,0.1863685867777498,0.02401492129363797,0.15496748463351262,0.021875992820650465,0.1479053508857961,0.030816482162135613,0.17554623938477182,0.017338462246203546,0.13167559472508011
2026-01-07,0.41219700800651343,False,calm,0.3767708475288201,0.6402808248401226,0.45491714050695653,0.47054834961362696,0.5313941064636046,0.5275439414208359,0.41392795743300936,0.4013846041397161,0.41268430474289336,0.44737736847152637,0.31497023944286595,0.38296453217100224,0.46829655822593175,0.01330491504808815,0.1153469334143225,0.0012376577624482455,0.03518036046501294,2.374581092865285e-07,0.00048729673637992743,0.00011690807737873378,0.010812403866797327,2.9961859170865937e-06,0.0017309494264959313,0.0012550128461912798,0.035426160477693314
2026-01-08,0.31511543969357025,False,calm,0.42662070100826893,0.6759639598282868,0.4816961480266307,0.492616364784023,0.5552659484614031,0.5491403083877031,0.4528765433256317,0.44600653049983807,0.4545393252755122,0.48909581751777687,0.35198678433070224,0.42303725229747885,0.5099193332870156,0.05476763916730613,0.23402486869413286,0.030269171867853682,0.1739803778242066,0.019439019870766443,0.13942388558194196,0.017132477652454646,0.13089109080626782,0.018978121673923577,0.13776110363206145,0.012433423300859238,0.11150526131469868
2026-01-09,0.5447185494283698,False,calm,0.40734875445863256,0.6474169154411172,0.46027253946303187,0.4749616209165073,0.5361681160164486,0.5318628901729288,0.42815212957847665,0.4243827922640243,0.43375114245341007,0.46664343883939713,0.3218597801343157,0.3904935462428162,0.47620845649861887,0.0001652679748920078,0.012855659255441076,0.006095722893480318,0.07807511058897271,0.012313765410746351,0.11096740697495977,0.014480694452316336,0.12033575716434552,0.013587730236621572,0.11656641984989319,0.01887046057002766,0.13736979496973728
2026-01-12,0.385466150419563,False,calm,0.4673396997335646,0.6032091142826183,0.42709605314689486,0.4476215784303525,0.5065933142319132,0.5051071721864371,0.4472567489155276,0.45095868293759844,0.45785604076223607,0.4887926777010611,0.4070460354701607,0.48096158987436677,0.5680278973994424,0.014313974089421637,0.11964102176687408,0.010676371240054171,0.1033265272814981,0.005240296223824232,0.07238989034267307,0.0042892718156259295,0.06549253251803544,0.0038180780624895,0.06179059849596458,0.00670327807727225,0.08187354931400159
2026-01-13,0.457988847839404,False,calm,0.4525439520976157,0.5667592279616267,0.39974162422116116,0.4250793706182402,0.4822085193594605,0.48304674725040414,0.4161825826703674,0.43433875317542137,0.44113768297493383,0.4678558707752881,0.34478023326529045,0.41530831741410124,0.5019841165694838,0.0006278983228918,0.025057899411000117,9.73581416172628e-05,0.009867022935884096,0.0002839617572895547,0.01685116486447019,0.000559326977615341,0.023650094663982657,0.001747763807383805,0.04180626516903663,2.964688963894439e-05,0.005444895741788303
2026-01-14,0.5801794578116716,False,calm,0.45871690877191396,0.5854452413382425,0.4137648565658277,0.4366356205611378,0.4947093705050585,0.49435601147741326,0.4201839622815585,0.44169534738019195,0.44875063127749854,0.4779126083696036,0.3786603849293764,0.4513449305712006,0.5386134369406452,0.007365663940689317,0.08582344633425831,0.010458508494806602,0.10226684944206799,0.017273536444149747,0.13142882653417304,0.019177848841998243,0.13848411043147962,0.025598558589926424,0.15999549553011305,0.014753150819235525,0.12146254903975762
2026-01-15,0.37397028571478597,False,calm,0.5220740119732108,0.663100263503658,0.472042371229208,0.48466089098012555,0.5466601988188604,0.541354862785203,0.4937303784359229,0.5011796576822948,0.5036717773946506,0.5332319403607862,0.41762280789123635,0.4918657970812238,0.5787051876691838,0.028017596641042364,0.16738457707041698,0.025364274640581864,0.15926165464600028,0.016822476943982003,0.12970149167986467,0.016182224316368017,0.1272093719675088,0.01434247980857531,0.11976009272113691,0.021934713731630435,0.14810372625842483
2026-01-16,0.3840999392661345,False,calm,0.46844828961135854,0.6200525746477313,0.439736510660628,0.4580383128059215,0.5178615064651777,0.5153012751193077,0.43590907583781313,0.45867733062382215,0.46417500917385673,0.49173534060292556,0.34031186309644484,0.41049855512357675,0.49702384467295324,0.017213790529657144,0.13120133585317317,0.011585379620932082,0.10763540133679106,0.0064120168207266025,0.08007506990772223,0.005561787301717705,0.07457739135768765,0.002684186632302848,0.05180913657167863,0.0071146442059606555,0.08434835034522403
2026-01-20,0.7731576697439213,False,calm,0.4301692131137219,0.6108450841507899,0.4328265948884654,0.45234399698879446,0.5117017405586193,0.5097286609506858,0.4133767184447551,0.4310830450665384,0.4393572248684965,0.4700278649522783,0.34388433062262536,0.4143450419421295,0.500992062190227,0.06939484267378654,0.2634290087932355,0.09188767855301962,0.30312980479164303,0.11142273699903152,0.3338004448754248,0.11701504884817239,0.3420746246773829,0.129442332917733,0.3597809512991662,0.11764108138156616,0.3429884566301994
2026-01-21,0.9648457345509497,False,calm,0.5905313477730127,1.1224362843541185,0.8167587970839332,0.768734425432733,0.8539537400751624,0.8193570414244247,0.7723065634338946,0.6938396237125861,0.6852473210151387,0.7316819983341214,0.4566566800547244,0.5315058218185584,0.6168479085925308,0.021166959827664165,0.14548869312652501,0.05436532788659068,0.2331637362168283,0.07817527285174235,0.27959841353581094,0.0734443121117354,0.27100611083836357,0.037071332414442625,0.1925391711170551,0.14011126014894296,0.37431438677793694
2026-01-22,0.424872984831764,False,calm,0.7490317619423335,1.0237740827637465,0.7427160920589255,0.707717394217197,0.7879492119331841,0.7596440954623771,0.7928756311126105,0.7460104307749988,0.7261778430673158,0.7557945792010601,0.4783864931370241,0.5531712121813006,0.6372601507438076,0.1120716965128542,0.3347711106306131,0.10950910161991693,0.3309215943692961,0.09078461759634597,0.3013048582355518,0.10312925918694409,0.32113744594323484,0.13542594766970584,0.3680026462808465,0.10507891277781985,0.32415877711056945
2026-01-23,0.37758232447118556,False,calm,0.5783425960479515,0.9406906231139528,0.6803647153802692,0.6563349400531,0.7323667856119487,0.709359811750506,0.6534024403830345,0.6155562167389019,0.6123980919768464,0.6469683056860459,0.3647603180025517,0.43665178118825093,0.5237915435013811,0.11007630106537963,0.33177748727932044,0.0725688068750931,0.26938598121486035,0.05513844466927255,0.2348157675056608,0.05663157340104668,0.23797389226771637,0.0760767363416258,0.27582011591184896,0.0403046866435768,0.2007602715767659
2026-01-26,0.3801735379493003,False,calm,0.473754374519147,0.8753681052095703,0.6308372034179739,0.6153404215856895,0.687956594707606,0.6690253544189728,0.5456653255118716,0.5273515538984126,0.5320112520418465,0.5685623256745369,0.34120329863543636,0.41145917079894223,0.4855199231551278,0.08343537187782937,0.2888518164696725,0.03549033534058425,0.1883887877252366,0.023054691420849805,0.1518377140925462,0.021661368378717148,0.14717801594911228,0.027387531750655236,0.16549178756257132,0.008757372973112352,0.09358083656984667
2026-01-27,0.2774037734271344,False,calm,0.46623265713597306,0.8088401100990923,0.5808797792247832,0.5741631355104879,0.6434972443086384,0.6288230252332487,0.504186250540263,0.505452962774277,0.5107453948630214,0.5453346938975678,0.3420958583497839,0.4124204617401101,0.4865112102721187,0.1234954905399692,0.35141925180611433,0.07178697814413372,0.26793092047043343,0.054448312294328796,0.233341621435887,0.05200643276188889,0.22804918934714258,0.051430291925566696,0.2267824771131286,0.035656347322726115,0.18882888370883866
2026-01-28,0.3686088157618515,False,calm,0.4062423097963913,0.750174704540488,0.5368265570272728,0.5378523736516219,0.6042923078349592,0.593371995299693,0.4616664733177593,0.4459330285607965,0.4550499205637398,0.48916034081612325,0.3039472187960727,0.3708501412250374,0.44310463514496207,0.05051848687595996,0.22476317953784147,0.01453267019291071,0.12055152505427175,0.007472064599371031,0.08644110480188827,0.005979033884976525,0.07732421279894497,0.0086597276297926,0.09305765755590778,0.001416279873247743,0.037633494034539805
2026-01-29,1.2338788627259927,True,calm,0.3945704918260763,0.7142762820966857,0.5098695937982858,0.5156331619023101,0.5803020983066429,0.5716788690610726,0.465281358313696,0.4335005821913178,0.4439181576462311,0.4798580920514979,0.3376443502103327,0.40762082803130206,0.4815559916302417,0.43850883160982024,0.6621999936649201,0.5685473226085591,0.7540207706744948,0.624037915570114,0.7899607050797616,0.6406053919516427,0.8003782805346749,0.5907421237888104,0.7685975044122967,0.7044385414626716,0.8393083708999164
2026-01-30,0.7257072711514351,False,crisis,0.7636440869472113,0.7175516789637458,0.512329165748666,0.5104595998385749,0.5824909815995558,0.6421011067061091,0.6509657646931107,0.6376874424832915,0.6179095291319439,0.6850367724568043,0.5011904739409041,0.5756061893031214,0.6467449978145616,0.00698999073325889,0.08360616444532598,0.0016540894640699653,0.0406704986946308,0.011620353184500783,0.10779774201949122,0.007747490238769357,0.08801982866814362,0.005586292787659738,0.07474150645832434,0.0014392019927226573,0.037936815795776235
2026-02-02,0.5595721515381202,False,calm,0.7408090096625085,0.7400519548789707,0.5292251480564762,0.5315869306905382,0.5975274733700837,0.5872548995795952,0.6414253699116365,0.6460596748601007,0.6314687916339741,0.6492297488282038,0.44780983806236807,0.5226036303901889,0.5963973272018275,0.0007663345391277863,0.02768274804147497,0.008038484751830806,0.0896575972900836,0.005169126857072738,0.07189664009585384,0.0074800916903701225,0.08648752332198051,0.006699949358102534,0.08185321837351622,0.032846798742799645,0.18123685812438828
2026-02-03,1.1808020934296746,True,calm,0.6092744150850558,0.6877466693751484,0.4899478884438707,0.49921274444218744,0.5625728800132457,0.5556472387371785,0.5154469288262443,0.5603597854532589,0.5560118191237664,0.579315205099903,0.4099225126939549,0.4839341039453923,0.5586572336161915,0.3908185923455959,0.6251548546924961,0.36178647683263115,0.6014868883297716,0.39036288686725196,0.6247902743059082,0.3849486575271014,0.6204423079764156,0.44269749506445777,0.6653551646034302,0.32664388711399006,0.5715276783446188
2026-02-04,0.9245469936460023,False,calm,0.8527631778905537,0.832136407584973,0.5983735127079616,0.5885823030275024,0.6590657016355634,0.6429007893200914,0.6932224213823087,0.7262749759882501,0.7017246068741083,0.7177985426294171,0.49722225079983,0.5717240928009726,0.6431101646201912,0.07932458441119276,0.2816462043259109,0.04274492199775734,0.20674845101658523,0.049649816046723534,0.22282238677189403,0.039311792986076025,0.19827201765775226,0.053511057732980816,0.23132457226369363,0.005152916204412202,0.07178381575544868
2026-02-05,0.7636136921222774,False,calm,0.8896015244345042,0.8790795478283979,0.6336242123000175,0.6176376069166674,0.690436878798568,0.6712681491652785,0.7196539496084724,0.7684122071083275,0.7404940508666332,0.7540239024851558,0.47343772897539377,0.5482619713995395,0.6209660881309071,0.008527699304022914,0.09234554295699882,9.196406528424363e-05,0.009589789637121537,0.0005345178117896825,0.02311964125564414,2.3025746071347453e-05,0.004798514986050106,0.0019324589618800317,0.04395974251380497,0.015872933890733798,0.12598783231222688
2026-02-06,0.8392875042432042,False,calm,0.770387388480642,1.0894883717677262,0.7916251088259354,0.7478694637719459,0.8310489566917725,0.7984164991124371,0.7835038347461544,0.780023035914736,0.758485756201357,0.7872641382829109,0.45370441259385347,0.5285403709822651,0.6021150661528483,0.0016704390603991936,0.040871005130767135,0.0027064306058386073,0.05202336596029333,0.006528922486618149,0.08080174804184714,0.0035122772062560117,0.05926446832846821,0.003111817782556087,0.055783669497049826,0.004747225952094467,0.06890011576256216
2026-02-09,0.6528158783594618,False,calm,0.7797188145533647,0.9889289978531496,0.7161127280468405,0.6856285665324089,0.7638471053005705,0.7376492830538339,0.7254388884030646,0.7501082126136087,0.7288735732054317,0.7539105898152345,0.46553095098405023,0.5403880042553263,0.6134659412220482,0.007196706552039127,0.08483340469437217,0.010220140684325951,0.10109471145577276,0.005784772945282678,0.07605769484596991,0.009465798304620658,0.09729233425414696,0.0052741015877932375,0.07262301004360283,0.016104355214633794,0.12690293619390292
2026-02-10,0.42758994119108756,False,calm,0.7309261266467203,0.9101658014172164,0.6569676056269135,0.6368783424131657,0.7112112105456969,0.6900533206987544,0.6479759676974303,0.6993233151744365,0.6837342927721348,0.7073757180958478,0.4273045355222857,0.5017857066934304,0.576187712212708,0.06888702558258553,0.2624633795076668,0.07828008095820024,0.2797857769047602,0.06560992884687515,0.25614435158104726,0.07383902653637456,0.2717333739833489,0.04857000067925439,0.2203860265063427,0.09201284140677402,0.30333618545563273
2026-02-11,0.7085662368108094,False,calm,0.5845281365061136,0.9044805773146151,0.6526984381635719,0.6333594914559755,0.7074118871171994,0.6866177857711222,0.5927500732878833,0.6095194546024687,0.6059458144460215,0.6369297855945517,0.3666012543399237,0.43860503076146024,0.5132905193200508,0.0004817345030415476,0.021948451039687233,0.005131781142859272,0.07163645121625772,0.010530951086327475,0.10262042236478797,0.009810265065826482,0.09904678220834073,0.013413383733169162,0.11581616352292612,0.015385450327197792,0.12403810030469586
2026-02-12,0.9988099971204706,False,calm,0.63926080573037,0.8545490931388613,0.6152037213692151,0.6024545618147004,0.6740436584906808,0.6564445938654899,0.6075142477835197,0.6286292609856634,0.6202444734720453,0.6494104666016152,0.44192989412604666,0.5166604965694114,0.5906532827008858,0.11721406934594553,0.34236540325498066,0.12208003192679658,0.3493995305188554,0.14331185569520646,0.37856552364842533,0.13703377740530773,0.3701807361348072,0.1531123634491659,0.3912957493369509,0.12927562102927515,0.35954919139010055
2026-02-13,0.9083787905749813,False,calm,0.8035225425056285,1.143743137916893,0.832366278953117,0.7814502747216441,0.867306349613868,0.8312022153361287,0.8578459332668318,0.8173781286319973,0.7912695189448714,0.8208910321460302,0.48036724200394953,0.5551320634868274,0.627481753370414,0.005956223765598272,0.07717657523885257,0.0076541078749224984,0.08748775842895107,0.013714581501734857,0.11710927163010987,0.008281120474061248,0.09100066194298395,0.0025535696677257977,0.05053285730814949,0.01099483275918165,0.10485624806935279
2026-02-17,0.9193817968467284,False,calm,0.8239915327539822,1.050369982742075,0.7622501975413937,0.7236572641853605,0.80490690683973,0.774777573120261,0.8188075486804576,0.7948829857595956,0.769179364569321,0.7935233519849749,0.4714596290177347,0.5462955874061464,0.6190963091726249,0.020910381519534244,0.14460422372646742,0.015840348143019035,0.12585844486175346,0.02256077066204915,0.15020243227740737,0.015499953962109578,0.12449881108713279,0.010115179394210626,0.10057424816627081,0.009099302483683866,0.0953902640927462
2026-02-18,0.618060847899985,False,calm,0.8278422182558991,0.967063843365168,0.6996936732415393,0.6720952003166534,0.7492350526858116,0.7244363471016411,0.7597105286065469,0.7674253527642666,0.7427583096040232,0.7638240250775179,0.4714596290177347,0.5462955874061464,0.6190963091726249,0.011315746830401518,0.10637549920165601,0.02124690382088883,0.14576317717753284,0.015549456955430066,0.12469746170403817,0.022309755313351984,0.14936450486428154,0.02006463204427091,0.1416496807065618,0.04400822334840517,0.20978137035591404
2026-02-19,0.4751947296749724,False,calm,0.7320405676345816,0.8905696452617211,0.6422523946245321,0.6247493653314249,0.698115484880986,0.6782115220810474,0.6485624553272783,0.6947161799619912,0.6794805030673885,0.7016530362851485,0.41569380934405353,0.4898823336761762,0.5645192300356124,0.04121581799885136,0.203016792406075,0.05128336463274854,0.22645830661017613,0.04173267721053758,0.2042857733924161,0.04818966713611607,0.2195214502870188,0.030056368297853207,0.1733677256523059,0.06596978447717382,0.2568458379596092
2026-02-20,0.5677780017354249,False,calm,0.621243278345255,0.8871124168580377,0.6396562811296229,0.622609525061635,0.6958050871491233,0.6761223469281767,0.5871353865125561,0.628267200282861,0.6218639568677369,0.6502816390646301,0.3814653166494472,0.4542946124155941,0.5291336290720469,0.011738497135246165,0.10834434519275182,0.006806850172549019,0.08250363732920518,0.0029252905425744625,0.05408595513231196,0.0036589431409111413,0.06048919854743606,0.00037470834540991174,0.019357384777131226,0.0028585358029656377,0.053465276609830026
2026-02-23,0.8626327591878689,False,calm,0.6095186500801933,0.8177320804346824,0.5875569672751769,0.5796667916130469,0.6494395731617885,0.6341963709645826,0.5632372724759662,0.6005792341621582,0.59516105277113,0.6232325528121906,0.4070460354701607,0.48096158987436677,0.5557199871189256,0.05218318346449996,0.22843638822328627,0.05731245881271735,0.23940020637567827,0.07154111373348217,0.2674717064167389,0.06867204997840076,0.26205352502571067,0.08963765746345707,0.29939548671190264,0.06406675222937226,0.2531141091076755
2026-02-24,0.7070825483641301,False,calm,0.7275119726064109,0.9838241315055077,0.7122793647663871,0.6824689261190242,0.7604356235429613,0.7345644536220103,0.7307047848227489,0.7204658228420331,0.7033044950988834,0.7318184942112179,0.46257015465625034,0.5374298453437495,0.610639233949222,0.0007552551166031029,0.02748190525788019,0.0006118670169500615,0.024735945847087826,1.427368647504138e-05,0.003778053265246717,0.0001791120357508897,0.013383274477902996,0.0005580100553069006,0.023622236458618828,0.0004173613748710896,0.02042942424228078
2026-02-25,0.25027462937841033,False,calm,0.7110687541573937,0.9031854710525286,0.6528955091949461,0.6336731476316866,0.7077149210139818,0.6870495949295538,0.6920054836884437,0.6857581225612703,0.6716185884258277,0.6967529703266724,0.4350905921177676,0.5097209971274345,0.5960151933265168,0.19077237053220253,0.4367749655511434,0.19934290893591253,0.44647834094826205,0.1775307318257517,0.42134395904741734,0.18964587283474607,0.43548349318286,0.19512614764947195,0.4417308543100334,0.21233122543082927,0.46079412477898335
2026-02-26,0.8462185466383512,False,calm,0.5038141320412189,0.8312450585440597,0.5987890789022766,0.5890701051232918,0.6595551609229686,0.6434868148479773,0.5424058171581496,0.5321264168076546,0.5348807779940956,0.566470595169954,0.2981026649886393,0.36439260300237075,0.4485949712544894,0.04110015507472408,0.20273173179037385,0.07825891635076469,0.27974795146839715,0.096931206184384,0.31133776864425555,0.09865386602158314,0.31409212983069656,0.09230217459421013,0.30381272948020155,0.11724078313560482,0.3424044145971322
2026-02-27,0.47081212072215284,False,calm,0.6642211911290123,0.8926860772752204,0.6449989084149557,0.6271635254230772,0.7006862111722539,0.6806917945477877,0.6492322637198532,0.6553295368411249,0.6443052955798712,0.6744734719175542,0.46257015465625034,0.5374298453437495,0.6224593312018546,0.044049477485154885,0.20987967382563488,0.04147794597073663,0.2036613511954014,0.03009988172221082,0.1734931748577183,0.0340466768512219,0.1845174161189721,0.03183374742731985,0.17842014299770037,0.037407068515645535,0.1934090704068595
2026-03-02,0.8450656623413011,False,calm,0.622087433825598,0.9314298117899108,0.6741380959411604,0.6511846336880496,0.7266228008330061,0.7041526662241039,0.6569816914348675,0.6418942436750628,0.6352775151226614,0.6664506770037104,0.38052945043215447,0.4533110182222235,0.5405851160292348,0.019856472474725235,0.1409129961171972,0.031903312987147735,0.17861498533759068,0.04401106671342964,0.2097881472186397,0.0412786253628519,0.20317141866623833,0.035375580111932155,0.18808397090643358,0.04971929039200113,0.22297822851570315
2026-03-03,1.2651860674312112,True,calm,0.6975754861210758,0.8644531049552353,0.6237648718627422,0.6096590877834072,0.6817859418218852,0.663595607281973,0.6625931585746329,0.6633600736812623,0.6502398728750702,0.676392720811466,0.4635568039043992,0.5384162015395502,0.6233914314383462,0.3619110817425722,0.6015904601492382,0.3466776050236795,0.5887933466197453,0.3781588221990792,0.614946194556141,0.3621945267531136,0.6018259937499489,0.36311821380423254,0.6025929088565783,0.32218177201522985,0.5676105813101354
2026-03-04,0.7043874248659138,False,crisis,0.9355139730589676,0.9913825393469305,0.7192285807091957,0.7428525815148023,0.7667575300522478,0.8597642033178314,0.853977855717544,0.8268992284306449,0.8244301778506958,0.8855967625926673,0.502182525820668,0.5765752770596342,0.6589750785630775,0.024141943282096304,0.15537677845191766,0.032836824079368616,0.18120933772675352,0.014410262544165404,0.12004275298478206,0.015009142012683266,0.12251180356473113,0.022377297002376374,0.14959043085163026,0.053419481279636014,0.23112654819305378
2026-03-05,1.0283090892624192,False,calm,0.8236629698041598,0.9108585153394728,0.6586664107142451,0.6384304336767045,0.7128515606180911,0.6916959283209421,0.7215339576570938,0.7517135495046587,0.7290623711395552,0.7448825643184502,0.4360661864487266,0.5107126460737526,0.596970308648831,0.11330842011901275,0.3366131609414771,0.08033059504181424,0.2834265249439689,0.0895485983073048,0.29924671812286396,0.07650509261388683,0.2765955397577604,0.09411098137146467,0.3067751316053253,0.04188003420932417,0.2046461194582594
2026-03-06,0.6604310528946205,False,calm,0.8606872238446566,0.9630499239268022,0.6979196025175886,0.6707890973905054,0.7477905556659987,0.7232999013197051,0.7559525395789889,0.7818538955949725,0.7545249494924078,0.7723821040880434,0.4843305296652037,0.559048561113006,0.6427457652839524,0.003952492102296271,0.06286884842508467,0.01253303786331241,0.11195105119342297,0.008853661376955094,0.09409389659778733,0.014743506729434445,0.12142284270035208,0.009124354418391977,0.09552148668436844,0.04010253400357009,0.20025617095003612
2026-03-09,1.4850098896733879,True,calm,0.7871630679226992,1.1734224601763268,0.8561409216785962,0.8012200311279477,0.8886222596032314,0.8506888363047896,0.8206059777463338,0.8167716621017027,0.7942445410412141,0.8246603880720482,0.42924783197494437,0.5037697698369785,0.5902694466253876,0.40236319874664805,0.6343210533685982,0.4360614642651377,0.6603495016013397,0.47715676687092856,0.6907653486321738,0.4465423287881473,0.6682382275716852,0.4414325581839726,0.6644039119270541,0.48699018662753746,0.6978468217506887
2026-03-10,0.8941581407390715,False,crisis,1.057311128173676,1.0708520860402404,0.7789976776412636,0.8097382851921454,0.8199575906279475,0.922484253229626,0.8915491766690777,0.9142347544889038,0.9116995777239176,0.9670318661742796,0.5140835752316958,0.5881563934725318,0.6695939666098486,0.0008023686488275477,0.0283261124905545,0.005310579858806095,0.07287372543520809,0.00030770201149332715,0.017541436984846115,0.00040307041965995425,0.020076613749832273,6.8066935185185095e-06,0.00260896406999378,0.02661889730883621,0.1631529874346045
2026-03-11,0.6948662260409166,False,calm,0.9613198813105507,1.0275334471377786,0.7464177015968746,0.7107688699075404,0.7909583788599277,0.7623472384501991,0.8385082613485172,0.8597896536295204,0.8241985833948078,0.8356211893788787,0.4724485708628156,0.5472789638641044,0.631738565285547,0.004553687035781739,0.0674810124092825,0.01981195970427106,0.1407549633379621,0.0167268586587146,0.12933235735389115,0.027199736967573437,0.1649234275886038,0.020633034307309964,0.14364203530760056,0.07099755040654898,0.26645365526963405
2026-03-12,0.38567704118447055,False,calm,0.7932664782829104,0.9827411778267168,0.7127294071789889,0.6829976711825738,0.7609726605587038,0.7352237384685605,0.7034283515465324,0.7581469848188734,0.7369508040293014,0.7586166859811141,0.4360661864487266,0.5107126460737526,0.596970308648831,0.12218289358221521,0.34954669728408994,0.13908397866104666,0.37293964479664354,0.12339325646316644,0.3512737628448308,0.13873385891101528,0.3724699436344029,0.10096589523680734,0.31775131036206183,0.16612914923422306,0.40758943709843987
2026-03-13,0.9648986895641535,False,calm,0.6180190049472163,1.2397704349400243,0.9060412759640155,0.8423557632643562,0.9330382204759621,0.890865172979933,0.768865530218467,0.7170653508202367,0.7109718284812929,0.7547127693306281,0.34388433062262536,0.4143450419421295,0.500992062190227,0.005480961577826056,0.07403351658422053,0.04417812106441388,0.21018592023352534,0.06447885077939436,0.25392686108286056,0.061421363792957,0.24783333874391678,0.03842899956305129,0.19603315934568644,0.12032551559994581,0.3468796846169372
2026-03-16,0.5192312374788044,False,calm,0.7934476687158986,1.252727866003667,0.9157865681603109,0.8503893681378787,0.9417124377852861,0.8987114126686643,0.8636363113566933,0.8525788916236055,0.8252251289409658,0.8610095232982866,0.48333950343058846,0.5580701058739532,0.6418340450887311,0.14400520336212674,0.3794801751898599,0.11681239665770368,0.3417782858194822,0.093632261612157,0.3059938914621614,0.1111206585238419,0.33334765414480105,0.11861485491283409,0.3444050738778889,0.075194651160408,0.27421643123709416
2026-03-17,0.47622160724483525,False,calm,0.679796215952191,1.1397374378302756,0.830806394812225,0.7803353234760382,0.8660721721311131,0.8302912159779494,0.7904890674587933,0.7395366770213831,0.7269578140456137,0.7635177515215481,0.39560552487368045,0.4690870971003623,0.5563077547760888,0.12536528782842055,0.35406960873311416,0.08253907451626581,0.28729614427671285,0.06286864540084272,0.2507362068007784,0.06933482597142829,0.2633150697765479,0.09876403654933172,0.31426746021395807,0.04144262131035299,0.20357460870735572
2026-03-18,0.6339650241656463,False,calm,0.5696450859065804,1.0458029253338288,0.7601581878413991,0.7220959430250137,0.8031886908115891,0.7734101338814146,0.6881501445631907,0.6428551131637352,0.6393528600936609,0.680600167998642,0.384278175693148,0.4572475058826807,0.5445246041694309,0.019444938623642657,0.1394451097157683,0.0021748366403241985,0.04663514383299572,2.902877598720513e-05,0.005387835928014617,7.903368239394242e-05,0.008890088998088963,0.002936027272496384,0.05418512039754442,0.004137054457650049,0.0643199382590659
2026-03-19,0.7941963867606868,False,calm,0.6148894811685418,1.2625405488680344,0.9231666932231533,0.8564732297069133,0.9482814361565632,0.9046533822894303,0.8382716614496984,0.7451231081053855,0.7349144332081547,0.7839768295609179,0.4224562239578475,0.4968254394833558,0.5835348976815212,0.012200747861236849,0.11045699552874344,0.00010443934935934978,0.01021955719976897,0.0035143500170045703,0.059281953552532074,0.0024081866779808512,0.04907327865530131,0.0019426298389118286,0.04407527468901162,0.0321509663930304,0.17930690559214502
2026-03-20,1.05835571190587,False,calm,0.7166572887062787,1.2121739120524162,0.8852859134372486,0.8252459241555664,0.9145640155712168,0.8741543811502707,0.8535422542301127,0.7943272526539639,0.7748017534784233,0.8143987900902983,0.46059774294903877,0.5354562614362973,0.6205924177221094,0.03393013025213369,0.1842013307555993,0.05951497970172897,0.24395692181557171,0.08040284733987416,0.2835539584274467,0.06971102729493545,0.2640284592519061,0.041948552445099235,0.20481345767575732,0.116757812417087,0.3416984231995913
2026-03-23,0.8969661695337651,False,calm,0.8441538064036981,1.4109741876541206,1.0348037279582716,0.9485020584222359,1.0476487901112335,0.9945358522069502,1.038196058843428,0.9378145322215304,0.903202864798239,0.9417665820119765,0.49127072832821495,0.5658844997619183,0.6490986014114161,0.009519842976946039,0.09756968267318511,0.002007076958217882,0.04480041247821143,3.889636782191119e-05,0.0062366952644739015,0.0016685887342712223,0.04084836268776537,0.01994588163441965,0.14122988930966296,0.0027891456993820586,0.052812363130066986
2026-03-24,0.753141603763827,False,calm,0.8492204040530211,1.2786156597152147,0.9352567943801005,0.8664397954721506,0.9590427517348623,0.9143875010441739,0.95117652419548,0.8902938644495015,0.8587287825892177,0.8906889878147058,0.4773963696098109,0.5521901619376318,0.6363423518361514,0.02600023938974418,0.16124589728034688,0.018919282859239963,0.13754738405087885,0.011148652332305034,0.1055871788253907,0.018810742611191228,0.13715226068567454,0.03921782971037115,0.19803492043165305,0.00923113586501085,0.09607880028919413
2026-03-25,0.6934150923523892,False,calm,0.785834514386827,1.2428260612309214,0.9083394144531354,0.8442502510020601,0.9350837776804065,0.8927154761889418,0.8753472830747456,0.8412950596765705,0.8166518197222945,0.8513621080912928,0.4527210361358955,0.5275514291371842,0.6130894838482753,0.039720642997397186,0.19930038383655257,0.024947259780825452,0.15794701573890357,0.01518729097284437,0.12323672736990532,0.021868484735800928,0.1478799673241813,0.03309932202103588,0.18193219072235645,0.00854134956917954,0.09241942203443787
2026-03-26,0.8631631822535911,False,calm,0.7433757013254686,1.1330793284224894,0.827187941458271,0.7775737756571081,0.8629753943339961,0.8277837839537222,0.7848930887105874,0.7800051935040818,0.7608749999592371,0.7938453778963215,0.437042275932167,0.5117042107127794,0.5979246891927307,0.0012517018240607674,0.035379398299868914,0.00480495800091271,0.06931780435726964,0.010462872237082994,0.10228818229435399,0.006915251092863516,0.0831579887495093,0.006126207543230556,0.07827009354300374,0.014349040587105318,0.11978748092812253
2026-03-27,0.6709132731493902,False,calm,0.7985080973769536,1.4267304828589082,1.0485832889329882,0.9601281362304003,1.0600675870014218,1.0061918948570105,0.9764050873302629,0.9164084544145006,0.8868004114390013,0.9295181291099344,0.4714596290177347,0.5462955874061464,0.6308148893779794,0.11241175417416159,0.33527862170762035,0.0668764715263738,0.25860485596054417,0.04660725647887769,0.21588713828961115,0.06026788402438941,0.24549518126511038,0.09332524853152084,0.3054918141808727,0.016280439169662802,0.1275948242275634
2026-03-30,0.9451160084988417,False,calm,0.7410520340058308,1.6510506683580852,1.2177072466082046,1.099581454934622,1.21062635903979,1.1424778924693528,1.087260994703339,0.9470466171785838,0.9227352485760543,0.9791559777834677,0.43216685295036067,0.5067456224361245,0.5931455055959572,0.0389517132443895,0.19736188397051113,0.0011587195088982847,0.03403996928462605,0.000500898414721448,0.02238075992278743,3.7272498742957343e-06,0.0019306086797421518,0.020205197103076708,0.14214498620449723,0.04164210568588422,0.20406397449301095
2026-03-31,1.0017744825923156,False,calm,0.8107579513926402,1.567624432539713,1.154808871483596,1.0477177966285989,1.1546325054655049,1.0917921828875414,1.0791339471583463,0.9763695632070329,0.9425341292203577,0.9906219756110113,0.4813578518278935,0.5561118496532531,0.6400075295511976,0.0081031863664411,0.09001770029522582,0.00012437841196804165,0.011152506981304322,0.003509419467634441,0.05924035337195788,0.0006454099289727109,0.025404919385282665,0.005984486757942961,0.07735946456603071,0.036487315191556575,0.19101653119967543
2026-04-01,0.5814707060973284,False,calm,0.8901418841855013,1.402030226302523,1.0299607778330033,0.9447727069275556,1.0434893183632852,0.9911852243758107,1.0264196861642036,0.9584148612163743,0.9208967278203214,0.9554545076957844,0.48829578928722045,0.5629577240678328,0.6463822691062125,0.16786598648816878,0.40971451827848226,0.1398638838580333,0.373983801598456,0.11521002422269769,0.33942602172299297,0.14208689607841132,0.3769441551190459,0.1979795948625525,0.4449489800668752,0.09527789618234055,0.3086711780881729
2026-04-02,1.100366225657452,False,calm,0.7423783471243697,1.2733674796869618,0.932956788358917,0.8647868288434533,0.9571337142324492,0.9130160184301865,0.8711442276626493,0.8210501121282878,0.8019799861842847,0.8403005443679736,0.4128051656540507,0.4869077552705484,0.5738603703053814,0.03510010014809932,0.18735020722726548,0.06763415858456054,0.2600656812894784,0.08903434790693837,0.29838623947316734,0.07801749127703694,0.2793161135291642,0.05254272436472933,0.2292219979948027,0.1281553211766169,0.35798787853308234
2026-04-06,0.3459752427949526,False,calm,0.8702122590570396,1.1654314904621446,0.8515795300766589,0.7976861714883036,0.8846894535419877,0.8474393787842941,0.8725960022052446,0.8609106824345729,0.8286064884969198,0.8552665380444411,0.49920634987288987,0.5736662758857408,0.6562947169438844,0.25146627968353674,0.5014641359893415,0.2593776234169016,0.5092912952494885,0.23293291932783258,0.48263124570196714,0.26515850699684906,0.5149354396396203,0.2773294242418726,0.526620759410292,0.27482444921937565,0.524237016262087
2026-04-07,0.8900409738535583,False,calm,0.6671262528378693,1.067205930166508,0.7775233524522667,0.736622204666386,0.8187626190576875,0.7877623218750699,0.7173422077638498,0.7032347683064268,0.6946588085044803,0.7252909872788479,0.327078479368388,0.3961749561261982,0.48215044559386533,0.010460922650536749,0.1022786519784884,0.02714255807636726,0.1647499865747104,0.03817419053649447,0.19538216534907804,0.03489655843091713,0.18680620554713145,0.02982486380890784,0.17269876608970847,0.04969097284550245,0.222914721015689
2026-04-08,0.5883362650113552,False,calm,0.7361021071877887,0.9875127128479382,0.717439449245807,0.6870792551161232,0.7652742853503551,0.7393446121579106,0.7094266342359277,0.7272110970611265,0.7090802843696145,0.7381624712368164,0.4764064236885472,0.55120870525182,0.6354235592583607,0.022803520907934593,0.15100834714655542,0.02244789207191445,0.14982620622546128,0.014579118210787695,0.12074401935825929,0.0192862189768522,0.13887483204977136,0.014662877518943296,0.1210903692245725,0.021834744114110658,0.14776584217643352
2026-04-09,0.6152674226174659,False,calm,0.6961007976335314,0.8934488430263967,0.6465209364821672,0.6286024899173712,0.7021406859286474,0.6821959952852069,0.6619487721783237,0.6755385282350931,0.6631015015429836,0.6880944116958491,0.4147302739647268,0.4888907175171624,0.5758000536158003,0.004479433839341087,0.066928572667741,0.005303770338222938,0.07282698907838314,0.0022880991066526585,0.04783407892551772,0.0036326061723711686,0.06027110561762716,0.0021791483968229977,0.04668134956085779,0.006534034516487877,0.08083337501606547
2026-04-10,0.331091318201254,False,calm,0.6537808821915071,0.8248508599258108,0.5948021740146171,0.5859571239708995,0.6560992292628101,0.6405192084180158,0.5931266938705173,0.6290361097754055,0.6202861519806029,0.646080638070615,0.4195543303845628,0.4938495165950135,0.5806389338489192,0.0957456192439964,0.3094278902167618,0.09921827163176263,0.314989319869361,0.08363365188466525,0.2891948337793489,0.08877109882616457,0.2979447915741515,0.06866253810213196,0.2620353756692633,0.10412855470821966,0.3226895639902531
2026-04-13,0.6242438382819224,False,calm,0.5167123021367837,0.7915758415435664,0.5697148070975575,0.5652710152597199,0.6337657691863728,0.620302931110195,0.5322160575282346,0.5339558228934694,0.535857932241435,0.5664533251881008,0.3253340718414608,0.39427795494045087,0.4801691383115769,1.553074933617292e-05,0.003940907171727459,0.0033397434036471726,0.05779051309382166,0.007812068386597878,0.08838590604048746,0.008151925722785525,0.09028801538845299,0.008469112430448827,0.09202778075368778,0.011563031265733286,0.10753153614513877
2026-04-14,0.3613327786635771,False,calm,0.5884104607500682,0.7305380178120399,0.5236959510842814,0.5273255799574835,0.5927985251175295,0.5832193281307032,0.5243381953872139,0.5610714133613762,0.558061938004504,0.5853812537081758,0.4224562239578475,0.4968254394833558,0.5835348976815212,0.0492336408344274,0.2218865494671261,0.05019771916981018,0.22404847504459874,0.0387023621349878,0.19672915934092688,0.03989552219094084,0.19973863469779912,0.026570765881246503,0.16300541672363683,0.05156427370177352,0.2270776820864911
2026-04-15,0.45425499369460076,False,calm,0.5164515631462444,0.6738090203714348,0.4809256915075411,0.49205881632561804,0.5547232704336099,0.5487535577296296,0.4806750908009259,0.5046135814426886,0.5066252193555816,0.5322501144734466,0.33322142870828225,0.402838756246743,0.4890890340043691,0.008929978604682453,0.09449856403502888,0.006083238865306752,0.07799512077884585,0.002742640535782054,0.05237022566098082,0.0025359873599818668,0.05035858774808788,0.0006980215311076504,0.026420097106325147,0.0038684132515531314,0.062196569451643646
2026-04-16,0.4256066728429148,False,calm,0.49791127665227075,0.6260716438085989,0.44493457445593476,0.46238188122008334,0.5226829938100864,0.5197506573718907,0.4471978445107257,0.47799926556337324,0.48197994321559456,0.5096096211034759,0.37586354498062097,0.4483986637792156,0.5356536708339716,0.00886308982299206,0.09414398452897593,0.007056495316466495,0.08400294826056104,0.003177945612511253,0.05637327037267975,0.0027449837719718336,0.05239259272045843,0.00046617869398887937,0.021591171667810882,0.005227955732027929,0.07230460380935594
2026-04-17,0.5602541611929595,False,calm,0.4931040822882129,0.5872730934387781,0.41568279590554036,0.4382619537247297,0.4966422606163702,0.49617855158347446,0.43424539151749575,0.46486386924710266,0.46915716916681294,0.4947144633058255,0.3647603180025517,0.43665178118825093,0.5237915435013811,0.004105683746827126,0.064075609609485,0.004295451999136788,0.06553969788713393,0.008298661956211801,0.09109699202614652,0.009099307797515792,0.0953902919458568,0.01587821003512406,0.1260087696754637,0.004509133096913688,0.06715007890474656
2026-04-20,0.3764709881836221,False,calm,0.5479962011981007,0.5444539197083448,0.38339970863205863,0.4116425219174951,0.4679029735022586,0.4701637112524437,0.43178285561824803,0.48004991881829995,0.4816045372967007,0.5033312196960961,0.4128051656540507,0.4869077552705484,0.5738603703053814,0.008778326356050893,0.09369272306882159,0.016093518339398486,0.12686023151247394,0.011053063149112108,0.1051335491130786,0.0107285948714234,0.10357893063467782,0.00305940267910563,0.055311867434625905,0.02942089869966224,0.17152521301447854
2026-04-21,0.6707462444021243,False,calm,0.49084278446013097,0.5651598630553593,0.39901074728403385,0.4245148031623471,0.4818003470145231,0.48274363195495607,0.42315198207353544,0.45967301145462486,0.46367891442870135,0.4868253470268261,0.3394215566157478,0.40953862155815735,0.49603182934731643,0.035344982286960126,0.1880026124471682,0.033826896491334954,0.18392089737529815,0.04287687914232241,0.20706732997342292,0.04455190966690935,0.2110732329474994,0.061302918738038066,0.24759426232858883,0.03236525489910039,0.1799034599419933
2026-04-22,0.26651302002380195,False,calm,0.5803694177894049,0.6810418092204006,0.48637878023624476,0.4965552302628242,0.5595777591417476,0.5531478472653983,0.5235861793910053,0.5387401372606925,0.536982886965925,0.5639375204164491,0.4429088004128847,0.5176513917732646,0.603635170809289,0.08215952418781981,0.2866348272415964,0.08846133343381575,0.2974245003926471,0.07315394892368975,0.27046986694212305,0.07410760335910774,0.2722271172368905,0.06608660926703551,0.2570731593672033,0.09850583841840035,0.3138563977656029
2026-04-23,1.0034960125254149,False,calm,0.4702160078891715,0.6308307979170417,0.44852269104123005,0.46534050856416426,0.5258772333160586,0.5226420871556913,0.44240783879825685,0.46369500640927497,0.4684259473559027,0.49388855689376554,0.30059955909947805,0.36715429824537293,0.45154147202672307,0.2312204975434717,0.4808539253697236,0.25969975883536345,0.5096074556316493,0.286299974640506,0.5350700651695122,0.2913851262039969,0.5398010061161399,0.31481993869647745,0.561088173727158,0.28438756334483173,0.5332800046362434
2026-04-24,0.46559450719457357,False,crisis,0.6963413262284737,0.6806051535300028,0.48604956805082705,0.4823570986632136,0.559284685451551,0.6148579420626662,0.5732882494041941,0.5909451002815529,0.5731706804286624,0.6427185172439458,0.5011904739409041,0.5756061893031214,0.6580827432917229,0.022279572988621328,0.14926343486809263,0.031372914935970116,0.17712401004937223,0.011572633047690684,0.1075761732340888,0.015712771187257467,0.12535059308697932,0.011597942111112201,0.10769374220962052,0.05324409449426344,0.2307468190339001
2026-04-27,0.2801339868449036,False,calm,0.6185300934245579,0.6353701859808142,0.4513100279135297,0.46756573150527747,0.5282947093426658,0.5248112889484313,0.514392682076516,0.5542710717106913,0.5495020154597966,0.5674978985139628,0.384278175693148,0.4572475058826807,0.5445246041694309,0.05986698216466097,0.24467730210352773,0.08257801772974287,0.2873639116690592,0.07255913483987382,0.269368028614893,0.07515114129871212,0.27413708486578775,0.054877136291617466,0.2342586952316124,0.11451192494826876,0.3383961065796543
2026-04-28,0.3608020359951472,False,calm,0.45739484413454795,0.5965007546935011,0.4220599466439208,0.4434525499881744,0.5022575519125938,0.5012682973538061,0.391275322595,0.4465954782656454,0.45219849840437043,0.4774645128930011,0.3056289004876026,0.3727037799965747,0.45744447463833576,0.01973077058007906,0.14046626135865886,0.0136101335159423,0.11666247689785392,0.008353313340920553,0.09139646240922322,0.007360514736621303,0.08579344227049818,0.0009286211961967662,0.030473286599852767,0.009330170584255082,0.09659280813940074
2026-04-29,0.3779054613445,False,calm,0.43799353137912417,0.6701523916173249,0.47748438415980327,0.48914334687811,0.5515939893663115,0.5458786714086984,0.4349317112508488,0.4512224587690473,0.4586963897136337,0.49097294358936683,0.33498712887748505,0.40474942348364756,0.4910723774907236,0.028214999299271324,0.1679732100641984,0.012784255541193279,0.11306748224486685,0.006527174106746494,0.08079092836913371,0.005375382111351081,0.07331699742454734,0.003251993178381347,0.0570262499063488,0.003610576160485901,0.060088070034624186
2026-04-30,0.8548549889780769,False,calm,0.4610242551282549,0.6437532897965654,0.4576184934552503,0.4727663042250514,0.5339102325590962,0.529888886848237,0.4300482128212006,0.4598530670550735,0.46588951495375364,0.4955248889856192,0.34388433062262536,0.4143450419421295,0.500992062190227,0.10560296753346153,0.3249661021298399,0.12911812076058965,0.3593300999924577,0.15129413998296648,0.38896547402432324,0.15602651832286646,0.3950019219230034,0.1804607970687984,0.4248067761568763,0.1551026469246893,0.393830733849822
2026-05-01,0.4274097005856903,False,calm,0.6255616544067025,0.5978957112216233,0.4231096813702549,0.44431793028464556,0.5031919803703285,0.5021132145220994,0.5150898896539938,0.5275079830741943,0.5242376112255039,0.5462156924399633,0.4843305296652037,0.559048561113006,0.6427457652839524,0.005580614994447279,0.07470351393640917,0.014114863700477579,0.11880599185427299,0.00937564427887174,0.09682791063981366,0.010019666157148357,0.10009828248850405,0.007687815555053457,0.08768018906830355,0.03926419680308457,0.19815195382101225
2026-05-04,0.6786762863800408,False,calm,0.5472451991512752,0.5617349102945816,0.39589790258008384,0.4218850845320969,0.4789692316613144,0.48021082480130783,0.45580121718797856,0.4910619699361123,0.4916484449281251,0.5116690348264306,0.37122056678914794,0.44349635760978023,0.5307152437809244,0.03938853943965955,0.19846546157873302,0.027891422071490868,0.1670072515536103,0.034979413478162934,0.18702784145191576,0.03519913173472256,0.18761431644392856,0.049673296467366554,0.2228750691920623,0.0172741306901354,0.13143108722876562
2026-05-05,0.3014596583039442,False,calm,0.585714764224124,0.6139940892133894,0.43522405631665995,0.4543047785041896,0.5139756730629774,0.5118639097392674,0.48110508900282795,0.5178802653589354,0.5166492363668347,0.540576739610599,0.4507553975153047,0.5255729043642412,0.6112051773589254,0.04426994902205871,0.2104042514353232,0.05717697857261337,0.23911708130665482,0.046306554506884826,0.21518957806289046,0.04683787915805089,0.21642060705499117,0.03227248077098743,0.17964543069888372,0.08080096524169265,0.28425510592017983
2026-05-06,0.4429546569561003,False,calm,0.48588194650120864,0.5723731388971359,0.4039033979239521,0.42848465465232033,0.48609537741977343,0.4866543388501843,0.4037896073933021,0.4602013179455561,0.46400836295238157,0.48624212920871046,0.31326034677780584,0.3810908641197644,0.46632091576185736,0.0019096621976441297,0.043699681894083964,0.0018738052540204935,0.04328747225261015,0.0004432585361778494,0.021053705996281258,0.0002974473152852153,0.017246660989455764,0.00153390110725644,0.039165049562798204,0.0018427521876895666,0.04292728954510833
2026-05-07,0.5407095055895236,False,calm,0.47773562600897207,0.5301940848041627,0.3721627544610933,0.40231830351521125,0.45784122922932335,0.46110672770455297,0.36655458781788847,0.4378578810755138,0.4437704957144869,0.46879547896770235,0.3777271977997976,0.4503624521713174,0.5376271402714562,0.006336602247003966,0.07960277788497061,0.005171627224964012,0.07191402662182123,0.009397171635552457,0.09693900987503667,0.010578456665170852,0.10285162451400975,0.030329935384044986,0.1741549177716351,0.003965709509425802,0.0629738795805515
2026-05-08,0.24910796141274472,False,calm,0.5187920845027763,0.573465138139642,0.40472515079071136,0.429162091267136,0.4868268662851618,0.48731575652819514,0.43538037696849974,0.4715949070063118,0.4750616835124014,0.5006985311565189,0.4137673904306278,0.48789918878389443,0.5748304999512286,0.05674295365376441,0.23820779511545043,0.06329781478399688,0.25159056974377414,0.05105508453068889,0.2259537220996567,0.04950044095955487,0.22248694559356708,0.034697412796975885,0.18627241555575502,0.07272952624683927,0.26968412309003154
2026-05-11,0.3391111650088538,False,calm,0.42097486450389976,0.5353973956883984,0.3760783575763004,0.40554624834707825,0.46132672979271006,0.4642583432634811,0.3650200899202138,0.40759109614010147,0.4153527909017911,0.4403916154138484,0.2981026649886393,0.36439260300237075,0.4485949712544894,0.015661816225095458,0.1251471782546273,0.010257729634238573,0.10128045040499462,0.00581278551879861,0.07624162589293731,0.004689500967740424,0.06847993113124767,0.0006712723900624901,0.025908924911359987,0.006701665295015188,0.08186369949504596
2026-05-12,0.6652728347934875,False,calm,0.38727223968629626,0.505276084942573,0.3534114247686134,0.38686008265099764,0.4411496064360028,0.4460140381058822,0.3421466592131709,0.376108191214202,0.38710777818610675,0.4157692629937708,0.32970406941577035,0.3990263081893179,0.48512343976811234,0.04807441992489665,0.21925879668760534,0.062252032340816395,0.24950357179971672,0.07737579871738735,0.2781650566073808,0.08361619109633522,0.2891646435792855,0.10441052534516163,0.32312617558031664,0.0772843308799525,0.2780005951071913
2026-05-13,0.7396375502154501,False,calm,0.5370433194970335,0.5200176913943437,0.36450480001178615,0.3960052391519436,0.45102444934583974,0.45494294458305495,0.42435333751270815,0.4594401260234069,0.4630570926821267,0.48694059917377286,0.4497731503964946,0.5245833368823399,0.610261772565062,0.08105101847618498,0.2846946056323951,0.06385574906575982,0.2526969510416772,0.0764967494893425,0.2765804575333234,0.0785105965238558,0.2801974241920432,0.09940413477958782,0.31528421270274193,0.04104442232038699,0.20259423071841653
2026-05-14,0.4217913699468041,False,calm,0.6318453537498552,0.48872851594347483,0.34095902394853594,0.37659457266726193,0.4300650177284977,0.43599127047191355,0.45409365903343407,0.49499179712625285,0.49265407821482476,0.5084787754868006,0.47047091115308126,0.5453118495648849,0.629890254000892,0.00020163717492300344,0.014199900525109443,0.007514706279255824,0.08668740553999654,0.005021523423078603,0.07086270826802066,0.0053583025392537785,0.07320042717944875,0.0010434378802362133,0.032302289086629965,0.04412267611153244,0.21005398380305107
2026-05-15,0.4767784698053797,False,calm,0.5259005535087959,0.45840751594526946,0.31814182069265,0.3577845270215607,0.4097541301172306,0.4176260146794683,0.37893595656626544,0.44916071844512745,0.4516708624941541,0.4686516760270233,0.36936996112494874,0.4415384574907139,0.5287381327203218,0.00349901294742296,0.059152455125911385,6.60447771159323e-05,0.0081267937783564,0.000630391944894708,0.025107607311225577,0.0007627401901967145,0.02761775136025224,0.009573157396946247,0.09784251323911425,0.0024129791073654325,0.04912208370341625
2026-05-18,0.7635933068225705,False,calm,0.5041501764666348,0.738224275307664,0.5287099376133645,0.5313726677936448,0.5971927618079709,0.5871094209328123,0.5038375714635964,0.513982905215782,0.5170544900849396,0.5507068661811084,0.40035929870826814,0.4740313244402147,0.5611995385692644,0.03114656197874922,0.17648388588975827,0.04532063660899077,0.21288644064146212,0.06078138815839115,0.2465388167376309,0.06230535259030224,0.2496104016067885,0.0674730420518814,0.2597557353589741,0.06731073788888704,0.2594431303559357
2026-05-19,0.5823622264963989,False,calm,0.6371114145892174,0.7150533602458702,0.5112733267291222,0.5169982747989941,0.5816714448428917,0.5730749305769515,0.5508397449200454,0.5775349160541279,0.5712579477768411,0.5965980109063439,0.47343772897539377,0.5482619713995395,0.6326612759550218,8.6253865495385e-05,0.009287295919447436,0.000202657557766433,0.014235784409944996,0.00012330500588162354,0.01110427871955777,2.3302926106058894e-05,0.004827310442271027,0.0009936668447315465,0.03152248157635351,0.002997473596822817,0.05474918809281848
2026-05-20,0.6061383221688195,False,calm,0.616094739383699,0.8128719118799189,0.5848838862410963,0.5776813466416688,0.6471963816409418,0.632323066262191,0.6003951634779645,0.6026975483381484,0.596743233363389,0.6256738249099224,0.42924783197494437,0.5037697698369785,0.5902694466253876,0.0006856408232353573,0.02618474409337157,0.00038163586734764045,0.01953550274110294,8.826769366192543e-05,0.009395088805430496,1.1838924553831044e-05,0.0034407738306710955,3.2983871748342796e-05,0.005743158690854955,9.913024375674883e-05,0.009956417214879498
2026-05-21,0.6652691018275041,False,calm,0.5896406183521017,0.7500939386583048,0.5376421140345425,0.5387361752451758,0.605143798987243,0.5942988079456955,0.5536317177053284,0.5672192110531461,0.5638955071782796,0.5923991400867181,0.4311933120619438,0.5057537142630923,0.5921875181744679,0.005036782613670286,0.07097029388180864,0.005310031324103611,0.07286996174078597,0.01027660569210527,0.10137359464922446,0.009613781080863533,0.098049890774358,0.012462905533642212,0.11163738412217572,0.005719667512789215,0.07562848347540241
2026-05-22,0.41937989410267534,False,calm,0.6261212481413965,0.699856620636491,0.4998374540166621,0.5075707702399367,0.5714917254971559,0.5638703525566371,0.5355869121427691,0.5695701227444978,0.5641663380056017,0.5882495156930616,0.44780983806236807,0.5226036303901889,0.608372491553468,0.020877492584236046,0.14449045845396175,0.02851694909608025,0.16886962159038627,0.020963114338055235,0.14478644390292633,0.02255710477948291,0.15019022864182247,0.013504071041770677,0.11620701804009376,0.042741987469763834,0.20674135403872113
2026-05-26,0.35110752777504506,False,calm,0.5466590001922897,0.6531161044207004,0.46466421240708944,0.478574653898962,0.5401820268787818,0.5355598899655374,0.464102676970114,0.5167505553252083,0.5169298491122705,0.5408453801151272,0.3647603180025517,0.43665178118825093,0.5237915435013811,0.03402267391765256,0.18445236219049232,0.0360004526106268,0.1897378523400821,0.027497042253666042,0.1658223213372254,0.02743761257598414,0.16564302755016325,0.012767903741615886,0.11299514919506892,0.03824037836455241,0.1955514724172447
2026-05-27,0.2959751251765493,False,calm,0.4587118311923207,0.6116068250938644,0.43316210484259293,0.4524790660034511,0.5115713303330087,0.5097175326727683,0.40610358821063125,0.44986610783866343,0.4561891230754168,0.4837593222839063,0.3462159724364918,0.40474942348364756,0.4910723774907236,0.04568581676227975,0.21374240749621903,0.03526290468325471,0.187784197107357,0.02566852512273833,0.16021399789886753,0.02368243454471112,0.15389098266211415,0.012128278370249159,0.11012846303408197,0.026483235484863605,0.1627367060157714
2026-05-28,0.4249794977078316,False,calm,0.41333722538171735,0.5909789495833112,0.41759371211665824,0.43963762572269904,0.4976882314614973,0.49716292778014737,0.38130458179753063,0.4147168202324065,0.42336006767435785,0.45242690368853417,0.324115858124109,0.3810908641197644,0.46632091576185736,0.005210447577004899,0.07218343007231576,0.0007533600950695064,0.027447405980702555,2.6225536333168123e-06,0.0016194300334737566,0.00010532254896459742,0.010262677475425086,0.0019074982797718618,0.04367491591030098,0.00013554250491540584,0.011642272326114256
2026-05-29,0.31331079489649,False,calm,0.4421836728138157,0.5540018664356176,0.38968614829563736,0.4166183378297416,0.47280168892555374,0.4746578147953716,0.38744275192683614,0.421881710934284,0.43074529790343064,0.4595465090812376,0.386722270542523,0.4474173687734042,0.5346665133534039,0.0260328608302501,0.16134701989888162,0.021384884103123197,0.14623571418474762,0.01379086249648715,0.11743450300694064,0.011787643809285715,0.10857091603779401,0.005495547053149087,0.07413195703034614,0.01660821866269394,0.1288728779173257
2026-06-01,0.45180396220220465,False,calm,0.4065217830070057,0.5220968341267611,0.36560659280948,0.3967565461081443,0.4513287690499217,0.455239669939927,0.3684646155461981,0.39290239079404476,0.4027085210204681,0.4297216527472064,0.3328688476629534,0.3904935462428162,0.47620845649861887,1.1804087659045144e-05,0.0034357077377223377,0.00048762839086630415,0.022082309454998228,0.0024103623448293514,0.04909544118173653,0.0034693951143505574,0.05890157140815988,0.006945446701050032,0.08333934665600656,0.002050475752666108,0.045282179195198946
2026-06-02,0.2691119298882286,False,calm,0.43934827215762284,0.49291902861046794,0.3435853461267471,0.37859253077514565,0.4316913440213872,0.4374813787526745,0.36914716174916384,0.40104518048940085,0.41132837190361826,0.43832435854886187,0.39997829280897684,0.46118933974667703,0.548458527973277,0.028348271310917276,0.16836944886444594,0.028632846013229914,0.1692124286606333,0.020225516379516698,0.1422164420153897,0.017406382614191727,0.13193325060117228,0.01000704761347108,0.10003523186093527,0.028980412229262353,0.17023634226939427
2026-06-03,0.36864144683234074,False,calm,0.39003224027193517,0.4670641098820889,0.32407196829709134,0.3624971071507245,0.41429030857120996,0.42174547376335253,0.3313013514935917,0.36939201960510465,0.3798717679310274,0.40441443611065936,0.31291897454125617,0.3690002984979599,0.4535077081501795,0.002820037676289626,0.053104026931011794,0.0012797067619066992,0.03577298927831862,0.0001261201119796067,0.011230321098686658,5.633594872145091e-07,0.0007505727727639133,0.0013942827199068682,0.037340095338749046,0.00045756604397539637,0.021390793439594435
2026-06-04,0.4915095773262097,False,calm,0.39863711727090306,0.6061675313996678,0.42905692879866975,0.4490929506903273,0.5079105436412776,0.5064070519986618,0.40792799063643326,0.40949918065018653,0.4196404800984599,0.45284282470011794,0.3570720143801265,0.41627224057448825,0.5029761553270468,0.0002219347516163506,0.01489747467245206,0.001495117758647374,0.03866675262609176,0.005165167136331756,0.07186909722774981,0.006725705162958672,0.08201039667602317,0.006985881633580614,0.08358158668977644,0.008625293836724527,0.09287246005530664
2026-06-05,1.0874814271186717,False,calm,0.4606255010778403,0.5687424855915496,0.40081127593786986,0.42579479327690434,0.4827225105372802,0.48362929851799974,0.42350947177331233,0.4353218556263244,0.4437352129549088,0.4737817963709048,0.42303725229747885,0.48492520506510084,0.5719184116139246,0.36463739321556243,0.603852128600672,0.3766272367799454,0.6136996307477669,0.41440918825017725,0.6437462141637629,0.425312106689082,0.6521595714923473,0.44085875748513986,0.6639719553453594,0.3929483520125083,0.6268559260408314
2026-06-08,0.5865912353561794,False,crisis,0.7334908666835868,1.3042516137650801,0.955919093757364,1.0111562172360071,0.9777393600479483,1.1098555621226711,0.9618974372216789,0.8501730082587715,0.8962673497249266,0.9848406664909936,0.5245833368823399,0.5862326095693721,0.6678357530696936,0.2738055556663898,0.5232643267664917,0.15860260939920306,0.39824943113481415,0.09589929581052539,0.3096761143687472,0.06947535100647363,0.2635817729025921,0.14085474515870702,0.37530620186549946,0.0215795016841282,0.14689963132740735
2026-06-09,2.27362373883168,True,calm,0.6605066529034539,1.1923690857373233,0.8714784476706936,0.814020121627532,0.9024394971120223,0.8631829545090507,0.8547878625476153,0.7546921590133273,0.7386034480392635,0.7811110811781641,0.44643648319807894,0.5087292716717848,0.5950593499056611,1.989343206080634,1.4104407843226294,2.2275940332559614,1.492512657653516,2.3562872931444354,1.5350202907924166,2.307153144169477,1.5189315798183527,2.0130952438307697,1.4188358762840647,2.6021467329135723,1.6131170859282262
2026-06-10,1.0629290048113693,False,crisis,1.282571866457515,1.1591140495261982,0.84638000922098,0.8887568901950035,0.8800579893576951,0.994337771768472,1.1039305286984997,1.048149344082681,1.0467996998016713,1.0868094089686138,0.5374298453437495,0.5986876601124519,0.679178699175393,0.004704757250345042,0.06859123304289727,0.0005702737027133385,0.02388040415724446,0.0002601544800958691,0.016129305009698003,0.0002184383712551313,0.014779660728688304,0.0016811249610669255,0.04100152388713041,0.048242986672107885,0.21964286164614566
2026-06-11,1.2980473526904939,True,crisis,1.166685481069817,1.3942489213735827,1.0238423963005225,1.087053934994673,1.0383098981559302,1.1814861573257858,1.1475052255011278,1.09217659869218,1.1202330548940032,1.1765307377304521,0.5216135068629757,0.5833420103633192,0.6651896501462117,0.01358651226484965,0.1165611953647081,0.01476628771134704,0.12151661496004174,0.03161792450085908,0.17781429779649072,0.04238276735183423,0.20587075399831378,0.022662932058699282,0.1505421271893661,0.017255941315687175,0.1313618716206768
2026-06-12,0.8952669961114305,False,crisis,1.0962198310994458,1.2636750920257804,0.9252949402633862,0.9769366891586273,0.9504303013482032,1.0775599248342558,0.9691266286014485,1.0052033827825737,1.025376214925305,1.0836273780174919,0.5324938215357373,0.5939113861478371,0.674840103856524,0.03323071186234507,0.18229292872282532,0.035479633471797306,0.1883603819060614,0.016928408820356674,0.1301092188138745,0.012086009114307123,0.10993638667114325,0.0054552453115605274,0.07385963249001803,0.040382041889720506,0.2009528349880153
2026-06-15,0.3902805882962596,False,calm,0.9838604190932222,1.1548895393041285,0.843191661774426,0.7906880360220456,0.877214783664181,0.8403720306801439,0.8520216094722272,0.9128562094602553,0.8743588993757145,0.8905926920713838,0.504761760794195,0.5668590819069647,0.6500019134185036,0.2025823065072054,0.45009144238388427,0.2503122011838906,0.5003121037751241,0.23433181125753752,0.4840783110794549,0.27308527983493586,0.5225756211639956,0.21320477063662532,0.46174102117596755,0.3523370155289508,0.5935798307969626
2026-06-16,0.3890314948346545,False,calm,0.7276472812311234,1.052184525321921,0.7656775235986552,0.7267512383178136,0.8080916273320866,0.7778633699904832,0.6413721719684887,0.741610248179676,0.7272647460463187,0.7534525919591886,0.36715429824537293,0.426916143325907,0.5138853177460048,0.15119022713719799,0.38883187515582873,0.1328027360294491,0.3644210971245341,0.11440173222521278,0.33823325121166425,0.12431177731032954,0.35257875334502153,0.06367581733636198,0.25234067713383423,0.11466065079689908,0.33861578639646894
2026-06-17,0.8734740759349279,False,calm,0.5541313704378659,1.0933124874436653,0.7967178634533874,0.7523545666482185,0.8357718198089046,0.8028948044788783,0.6522151331964876,0.6431980440447858,0.6387560528817242,0.6819672467836189,0.36715429824537293,0.426916143325907,0.5138853177460048,0.004981433559266736,0.07057927145604959,0.036674865611588656,0.191506829151309,0.05509255034600424,0.23471802305320366,0.05302705086306975,0.23027603189014212,0.04895551974173239,0.22125894273844027,0.10197976355418328,0.319342705497062
2026-06-18,0.40541031602255695,False,calm,0.718807904483371,1.264964730634236,0.9262682639738523,0.8592129791328751,0.9512982618078514,0.9073663527528244,0.8599243826424862,0.822496921461032,0.7977129093438449,0.840517614282771,0.49980158731200197,0.5619811467459138,0.6454747104487982,0.2519598628099576,0.5019560367302675,0.1893183609993029,0.4351072982602141,0.1539013247266078,0.3923025933212879,0.1739612364361902,0.4170866054384751,0.20658303675538545,0.4545140666199292,0.09821804845305374,0.313397588460814
2026-06-22,0.6080558689070616,False,calm,0.587198904798641,1.153338205645086,0.8420208300210261,0.7897222866152334,0.8761706956018805,0.8394278529272804,0.771600895107221,0.6828823088211844,0.6754334591923852,0.7190646110301688,0.3754912531134818,0.4356758888889698,0.5228016340308211,0.05353299498945236,0.23137198402021875,0.012322940827754512,0.11100874212310718,0.004539739672656923,0.06737759028532353,0.0055989961102218214,0.07482643991412274,0.026746975594810797,0.16354502620015932,0.00043501295181994673,0.02085696410842064
2026-06-23,0.7039959934144804,False,calm,0.5689489437907957,1.1286318892406844,0.8233743321595208,0.774341900666027,0.8595426995090364,0.8243910140317452,0.755647646640976,0.6827832816038822,0.6736420465721908,0.7211962986691809,0.4474173687734042,0.5097209971274345,0.5960151933265168,0.01449496098943162,0.12039502061726481,0.000295850500854878,0.01720030525470051,0.0009213620889045389,0.030353946842289536,0.0004499791423594898,0.02121271181059814,0.0026678932810301494,0.051651653226495564,0.01823770561206194,0.13504704962368463
2026-06-24,0.8605954974924664,False,calm,0.651662907093101,1.3403164871012063,0.9831381891712689,0.9061215946238566,1.002011961560296,0.9532271846123067,0.9107270636468481,0.8084646508271525,0.7879144046083064,0.8388114111773661,0.4730420402721752,0.5354562614362973,0.6205924177221094,0.008580629458667981,0.09263168711984027,0.0004745464165837408,0.021784086315100315,0.005282541262835897,0.07268109288416003,0.0027176251740424775,0.05213084666531398,0.002513173925091142,0.050131566154381635,0.043652827330989,0.2089325903993654
2026-06-25,0.8563993480060181,False,calm,0.7465603915325322,1.245081666586177,0.9112619997787474,0.8468352052103549,0.9379164404997591,0.8952650574424882,0.8918519707628695,0.8285517301429368,0.8027169502823349,0.842275109362682,0.49781747417933186,0.5600265579174301,0.6436564531748264,0.0015105433700001174,0.03886570943647005,0.00019949411725390928,0.014124238643336118,0.0028817998253637092,0.05368239772368322,0.0007754898206482058,0.02784761786308132,0.0012568884603396141,0.03545262275685135,0.012064596359184344,0.10983895647348596
2026-06-26,1.9417185431449717,True,calm,0.7735261328786259,1.1426712017788914,0.8327174115384891,0.7821229902622472,0.8682997279715178,0.8326652139853867,0.8533169092196635,0.8029338659123942,0.778437821734875,0.8122115621925621,0.4968254394833558,0.5713353888604432,0.6541432262719672,1.2299992869199587,1.109053329159585,1.2757860200202271,1.1295069809524096,1.3532220368043955,1.1632807214100969,1.2968305410997054,1.1387846772325774,1.1846181167312806,1.0884016339253082,1.364673507403894,1.1681924102663457
2026-06-29,0.8273581940919854,False,crisis,1.2381105598766498,1.197943541962792,0.8743929539214644,0.9195371286300461,0.9054914277285643,1.022928406054244,1.0854963360838705,1.04299672486181,1.0438778256797148,1.089823159449335,0.5364431960956006,0.6096953328370371,0.6891249938398665,0.03824770780696278,0.19557021196225866,0.06888785804003475,0.26246496535734964,0.046880750862886046,0.21651963158772936,0.046499975952568565,0.21563853076982453,0.06663530035102264,0.2581381419918851,0.1687175059976987,0.41075236578466434
2026-06-30,0.4990866891886327,False,calm,1.0384943418674575,1.0906352698120847,0.7934821325380906,0.7497585456823167,0.833285745356552,0.8009705665063265,0.9054160887001823,0.9184671889820315,0.8754974325213023,0.8846187992993841,0.4898823336761762,0.5645192300356124,0.6478321689444396,0.09113387538436439,0.3018838773176938,0.14863500792644857,0.38553211011075145,0.14168504769625287,0.3764107433326696,0.175880003606961,0.4193804997933988,0.1651035809074165,0.4063293995115496,0.2909606157684796,0.5394076526788247
2026-07-01,0.6662706563957514,False,calm,0.7249609964893676,1.0005819890864536,0.7255816364650082,0.6937487020391825,0.7726906164414162,0.7461198723984084,0.6552018896879269,0.725222348807322,0.709497282367324,0.7372793587286531,0.42110132800350103,0.4954366346480466,0.5821841525154995,0.006375897296238964,0.07984921600265693,0.005042235807002637,0.07100870233290169,0.0018685411928862315,0.04322662597157256,0.003475302038188419,0.0589516924115705,0.00012251759643224465,0.011068766707824529,0.003444556020304331,0.05869034009361618
2026-07-02,1.0471782238409815,False,calm,0.7219963032412131,0.9609833457560716,0.695724117624068,0.6691197956457292,0.7460454472911707,0.7220006725769061,0.6364143571136619,0.7099316483577693,0.6937563306710587,0.7219990090984825,0.459217784894549,0.5340740879900014,0.6192834470847915,0.10574043984610033,0.3251775512640753,0.10574152170054828,0.325179214742499,0.12490703457181232,0.3534218931699228,0.1137352526751539,0.33724657548321213,0.16872695420877915,0.41076386672731957,0.10574328148495406,0.32518192059976836
2026-07-06,0.4218659603441208,False,crisis,0.897618313207577,0.9251017493195948,0.6686692654487882,0.6894547593384065,0.7219014078488593,0.8061621503199808,0.7163306397579724,0.7791025199900764,0.7744661758567388,0.8360914708584293,0.5176513917732646,0.5916123887289058,0.6727468155947798,0.1476835616299623,0.38429618997586,0.17158277356083945,0.41422551051430845,0.12432691197954465,0.352600215512618,0.12761795954767838,0.3572365596459556,0.08670944742230238,0.29446467941385157,0.22634030125511453,0.4757523528634562
2026-07-07,0.5020106723400241,False,calm,0.670497722207143,0.8527280119992855,0.6140992083990703,0.6017889414181482,0.6732025052918744,0.65606326141767,0.623949963473582,0.6488990917514946,0.6391755119929434,0.6626576969165288,0.38296453217100224,0.45586910223877203,0.543146391469779,0.023732200201526044,0.15405258907764596,0.025807466505284107,0.1606470245765047,0.01881419323701108,0.13716483965291937,0.021576207757200084,0.14688841941147057,0.014869190722154604,0.12193929113355795,0.028387885972925023,0.16848704986711893
2026-07-08,0.6037592714873607,False,calm,0.5792494179208675,0.8942350277062344,0.6453956468442372,0.6276047855618212,0.7011317816866796,0.6813448347654627,0.5988751457546992,0.6069757889400018,0.6031105073120098,0.6384905266037246,0.41916782665350916,0.4934527552000963,0.5802523807021732,0.006019519629180362,0.07758556327810195,0.0012062600819579522,0.03473125511636388,4.208949552188369e-07,0.0006487641753509799,1.034598452314457e-05,0.0032165174526410656,2.3854684172446272e-05,0.004884125732661504,0.0006007329218509427,0.024509853566493267
2026-07-09,0.4819543660230109,False,calm,0.6343612901552884,0.8987378935679756,0.6487908238250105,0.6304054032720248,0.7041616739369251,0.6840874924010447,0.6308401871998922,0.6407324841941278,0.6323190077684037,0.6643116397300408,0.44153845749071396,0.5162641013637578,0.602305187650008,0.040857800779358196,0.20213312637803382,0.033254175273860626,0.18235727370702992,0.022609525487220315,0.15036464174539277,0.025210490809961152,0.15877811817111687,0.022166987747514282,0.14888582117688132,0.023227870523461796,0.15240692413227752
2026-07-10,0.6456375355898024,False,calm,0.5963461200058041,0.8293328623333193,0.596459181792344,0.5872380148528983,0.6574603568817873,0.641813472985791,0.5809551466874134,0.5963926403147428,0.5919239534918764,0.6223762357269642,0.41145917079894223,0.4855199231551278,0.5725012347346825,1.4623454799398976e-05,0.003824062604011469,0.0005410880713088766,0.023261299862838203,0.0028851489017906345,0.05371358209792598,0.002425059710651587,0.0492448952750596,0.004183811434119893,0.06468238890238898,0.00242964365027443,0.0492914155839983
2026-07-13,0.4848300906070578,False,calm,0.6157361716018964,0.7696519967039828,0.5514595954402443,0.5501187014258792,0.6173022447348832,0.6054623608624679,0.5796526964037347,0.5867884151445583,0.581275378837462,0.6094606412092513,0.4503624521713174,0.5251771010371808,0.6108279149586743,0.014552144626974293,0.12063227025541007,0.015532774143405906,0.12463055060219347,0.009301693621845757,0.09644528823040427,0.010395499942494273,0.10195832453750048,0.008991326570071994,0.09482260579667695,0.017136402041427252,0.13090608099483864
2026-07-14,0.4340317851993838,False,calm,0.5790637775299812,0.8816385156492148,0.6358978316556035,0.6197702162371113,0.6926558298298927,0.6736724054647318,0.6211393543867235,0.602448670313652,0.5988275645229859,0.6332273338391801,0.41145917079894223,0.4855199231551278,0.5725012347346825,0.057427626881160744,0.23964062026534805,0.039678866597909444,0.19919554863979627,0.027157648882873368,0.16479577932360212,0.028364247191592622,0.16841688511426822,0.035009242447195124,0.18710756918733973,0.021034278799382456,0.14503199233059738
2026-07-15,0.5031005605349189,False,calm,0.5272283569297244,0.81692311001463,0.5871021841150429,0.579519603247912,0.649110072078206,0.6342547974672241,0.5550264292609394,0.5504392744542301,0.551323898097207,0.5858858458486289,0.3876638360307985,0.46079492963054536,0.5480653997677535,0.017201433865295254,0.1311542369323052,0.006853403464472367,0.08278528531370999,0.00232549028564639,0.04822333756228814,0.0022409538355343895,0.047338713919311215,0.002696295842951909,0.05192586872602045,0.0005821505588691866,0.024127796394805445
2026-07-16,0.6067063038371544,False,calm,0.5340692275466048,0.7587307407409246,0.5432249293441572,0.5433260800583,0.6099535406381056,0.5988103159255478,0.5325833913109218,0.5378981603695825,0.5386278653627845,0.5715728056950349,0.4182020021667099,0.4924608888842395,0.5792855679057164,6.234662510023782e-05,0.007895987911606617,0.001234362691702316,0.035133498142119524,0.004634673785108567,0.0680784384743699,0.004734560607453959,0.06880814346757191,0.00549420616137153,0.0741229125262326,0.005276144852039124,0.07263707629054961
2026-07-17,0.6084148386459318,False,calm,0.5866427840289982,0.8247330160415046,0.5929908812200891,0.5843770788657693,0.6543652083564212,0.6390117453878317,0.5966822039390757,0.5894457130707536,0.5854730817889486,0.6181848811272664,0.44153845749071396,0.5162641013637578,0.602305187650008,0.0009361707021725167,0.030596906741899854,9.54537300870831e-05,0.009770042481334618,0.000526324207684935,0.022941756856983186,0.0003598277250868823,0.01896912557517827,0.00013765471716452546,0.011732634706856149,0.00047402236224274215,0.021772054616933656
2026-07-20,0.5452924898308884,False,calm,0.604230836714143,0.97875826379721,0.7091264694642955,0.6801751439043555,0.7580058494162228,0.7328272253067092,0.6970306464167053,0.6507516677680087,0.6435886597161422,0.681929378601258,0.44349635760978023,0.5182458627665444,0.6042046960843392,0.03516927700998607,0.18753473547582078,0.018669639372846356,0.1366368887703696,0.009662137014110677,0.0982961698852538,0.01112163821117321,0.10545917793712034,0.023024468164061892,0.1517381565858169,0.0034737287333308484,0.05893834688325461
2026-07-21,0.4294972808081107,False,calm,0.5857724247713568,0.9463629716085974,0.6847003031734634,0.6600264581969906,0.7362076773719061,0.7130955259387763,0.6639688211266562,0.6279103151419689,0.622928907364267,0.6605113961334215,0.42594555802901707,0.5003968253135077,0.5870024424223612,0.0804279646411931,0.2835982451306656,0.053367521479535975,0.23101411532531074,0.037415794152160294,0.19343162655615626,0.039367732193568795,0.1984130343338582,0.05497690321935131,0.2344715403185455,0.024421920620733294,0.1562751439632461
2026-07-22,0.3386388829562975,False,calm,0.531296322034116,0.8719245566304128,0.6285734717778126,0.6137284893681416,0.6861194927383655,0.6677557149186037,0.5885149027705965,0.5686412801112914,0.5689557551396326,0.6055480939923045,0.383902675762715,0.456853608530221,0.5441308977612278,0.10831788908090492,0.32911683196230623,0.07124052693586369,0.26690921103600695,0.053045861612314706,0.23031687218333508,0.05290110269704356,0.23000239715499393,0.06243802527823593,0.24987601981429897,0.037116888832023354,0.19265743907781852
2026-07-23,0.6962312411038462,False,calm,0.47153690118249425,0.8430223244424753,0.6067810852332345,0.5957523590957083,0.6666717339087997,0.6501516089493098,0.5426955126605075,0.5170334538151191,0.5220031625567118,0.5595330905161731,0.33640302503178754,0.40628004132526646,0.4926592576494841,0.0021233324994973817,0.046079632154536365,0.01868638437409015,0.1366981505876731,0.030355423354226436,0.1742280785471344,0.032111846969175864,0.17919778728872704,0.02357321990862662,0.15353572844333863,0.05048754639269203,0.2246943399213519
2026-07-24,0.6129850157062762,False,calm,0.5878365302729233,1.051042220019611,0.7636288312447592,0.7251331182646557,0.8066443399909007,0.7768547736616085,0.724697415205572,0.6701247214621318,0.6623816371422117,0.7064770911489671,0.4680989482149851,0.5429494495069116,0.6276672491981568,0.0268532975723392,0.16386975795533232,0.008740768170581805,0.09349207544269089,0.002440026209285121,0.049396621435935484,0.003264945973865756,0.057139705755855585,0.012479660201890262,0.11171239949929579,0.0006324463195915633,0.025148485433352907
2026-07-27,0.7828178337575381,False,calm,0.6182720473339276,0.9693795130953731,0.7020548578575987,0.6743419043361238,0.7516950675850511,0.727114707320516,0.7031248584645934,0.6553473807350582,0.6472744640162169,0.6839319622134697,0.44251718424575476,0.5172550499130619,0.6032553310221632,0.003102838294858874,0.05570312643702213,0.00977841559102999,0.09888587154406836,0.018372005080832508,0.1355433697413212,0.016248716393756267,0.12747045302247995,0.006350970311041898,0.07969297529294472,0.027075315829764444,0.1645457864236105
2026-07-28,0.6359929659160036,False,calm,0.6748586481536815,0.9035791685584948,0.6534412736837211,0.634478549408206,0.7082882605963922,0.6881346413731007,0.6879043065744617,0.6644940502306982,0.6523000138953856,0.6833868966195018,0.4839341039453923,0.5586572336161915,0.6423812007786984,0.002718754319473234,0.052141675457097025,0.0022461846675279873,0.04739393070349818,0.00026591981380186605,0.016307047979381983,0.0008123118071133281,0.028501084314694558,0.002694787288958479,0.05191134065845804,0.0015105412558001463,0.038865682237677834
2026-07-29,0.9551610576454537,False,calm,0.6595633219942962,0.8371340633121915,0.603190182634719,0.5929986369024008,0.6634454558537773,0.6474892619420861,0.632618389726005,0.6343410003125378,0.6248027374240153,0.6522223629882409,0.4474173687734042,0.5222076018581396,0.6079942433872173,0.09466193387133474,0.30767179570336756,0.09177185272061601,0.3029386946572128,0.10913661973953044,0.3303583202214384,0.10292550918709542,0.32082005733291585,0.10403377262859571,0.32254266791944863,0.08737802132209155,0.29559773565115743
2026-07-30,0.5841923649665235,False,calm,0.7711597761788486,1.1206941666220558,0.8176409614613679,0.7700176698594542,0.8548159157000631,0.8209468544585541,0.8265066498098316,0.7948061157140659,0.7704939782654656,0.804260020433759,0.5087292716717848,0.5829561592270025,0.6648360457898761,0.05605268829463202,0.2367544894920306,0.04842977298284587,0.2200676554672355,0.03470829111778857,0.18630161329894213,0.044358152003947916,0.2106137507475424,0.05871621263912384,0.24231428484330808,0.03495681285543866,0.18696741121232507
2026-07-31,1.0492868699097406,False,calm,0.6865035897224997,1.022078018331035,0.7430595603437938,0.7084542305721241,0.7882613566262173,0.7606220080992094,0.7299300762863252,0.7108681305852365,0.6975964983666343,0.7303671755675145,0.43080404411913953,0.505356937873844,0.5918041265003304,0.08332740244409308,0.2886648618105312,0.10170977143933893,0.3189196943422261,0.12368611743612819,0.35169037154310634,0.11452724312598671,0.33841873932450417,0.10198876163342874,0.3193567936234154,0.13161170838341416,0.36278328018724093
2026-08-03,0.617374120036902,False,crisis,0.8126181951841238,0.9399579187665859,0.6809537876932821,0.7014888513162721,0.7328397333695132,0.8174277683959594,0.7315765882550809,0.7444619313994874,0.7468726986005881,0.8158538202467562,0.5176513917732646,0.5916123887289058,0.6727468155947798,0.04002146222176942,0.20005364835905748,0.03939419139539363,0.19847970020985428,0.016769881850015204,0.12949857856368618,0.01615131179693209,0.1270878113625854,0.013042203747124167,0.11420246821817892,0.03812024888009402,0.19524407514722186
2026-08-04,0.8114996800636305,False,calm,0.7294120859782028,0.8628336312841974,0.6226262468157315,0.609042193865163,0.6807897087414245,0.663210039079292,0.6527595863999907,0.6822620312725538,0.6672694317952119,0.6895382496979396,0.44153845749071396,0.5162641013637578,0.602305187650008,0.021989817623264005,0.1482896409843385,0.014874590496845258,0.12196143036569085,0.020802364515569657,0.14423024826841857,0.016702369865045686,0.1292376487910767,0.025198417336341147,0.15874009366363984,0.006738373102733937,0.08208759408542765
2026-08-05,0.46161317433008997,False,calm,0.7327146714591101,0.7917955066624367,0.5689015479822227,0.5646949814863993,0.6328471441253141,0.6197550468926434,0.5992796820595596,0.6532775589647257,0.6386849025868291,0.6600486145113995,0.48492520506510084,0.5596354146799883,0.6432923022416128,0.025008851857590882,0.1581418725625534,0.039376623919950074,0.19843544018130954,0.03135439694782846,0.1770717282567391,0.0367352363373736,0.19166438463463575,0.018952067350428127,0.13766650772946964,0.0734960217455961,0.2711014971290201
2026-08-06,0.3777475409347457,False,calm,0.618508225192886,0.786713785374521,0.5650583448120552,0.5615225980035188,0.6294175666624494,0.6166464884947848,0.5556648448150063,0.597636391856721,0.5920809030535878,0.6174823852503692,0.3904935462428162,0.46375416824804416,0.5510123657995897,0.057072707145294284,0.23889894756003904,0.05747279557903625,0.23973484431562353,0.045938790117166714,0.21433336211884213,0.048351106759786676,0.2198888509219753,0.031654567020021,0.1779173038802606,0.05796570708444789,0.24076068425814023
2026-08-07,0.3513251363623306,False,calm,0.5198990204362542,0.7747350217761857,0.5559990478479963,0.5540445743907213,0.6213332788114948,0.6093189150074081,0.49438947998162713,0.5323974265315945,0.5341326254176287,0.56492831905703,0.3462159724364918,0.4168509024734216,0.503571367834087,0.06656078981956524,0.2579937786450775,0.04562631965730513,0.2136031826946994,0.03341857805470295,0.18280748905529814,0.03278717426714211,0.1810722901692639,0.020467406415220154,0.14306434361929654,0.02841715439176865,0.16857388407392365
2026-08-10,0.3117124874056134,False,calm,0.46271847963411195,0.7195978070149038,0.5142998859776536,0.5196238772508217,0.5841219997198819,0.5755907268070242,0.46533433604297303,0.48011634415018056,0.48589249745970264,0.5184379925495028,0.33728945659596055,0.40723760479947574,0.493651134897958,0.06963172522958824,0.26387823940141075,0.04273543447699626,0.20672550514388943,0.030338675902442627,0.17418001005408923,0.028359858966444693,0.16840385674456715,0.023599672378759828,0.15362184863735961,0.022802809688913357,0.15100599222849853
2026-08-11,0.37893291545022556,False,calm,0.42912275063892,0.6907180272118723,0.4924586918223023,0.5015949986001506,0.5646314695759913,0.5579245706074495,0.4449025972902596,0.4497060301755982,0.45766949190883427,0.49091837973144614,0.32498576877671387,0.3938989347368597,0.47977294969608947,0.03203801261592257,0.17899165515722393,0.01254074421028053,0.11198546428122058,0.006199448472422335,0.07873657645860871,0.005008833767930755,0.07077311472537262,0.004351998922075317,0.06596968184003404,0.002519019556268313,0.050189835188694465
2026-08-12,0.27895611268933046,False,calm,0.4247784415792917,0.7194378323650655,0.5141789003811261,0.5195240093304708,0.5840140352285943,0.5754928681262693,0.481786637512807,0.45597165015978597,0.4645476680818701,0.5011224190982606,0.3489155312909224,0.4197476192978267,0.5065472447999037,0.08793404732506689,0.29653675543693886,0.04935786770338663,0.22216630640893015,0.034444225433022106,0.18559155539253963,0.03133450050595424,0.1770155374704555,0.04114022180016692,0.20283052482347652,0.021264151602892016,0.14582232888996122
2026-08-13,0.41380015670906006,False,calm,0.3909596024341646,0.6719523517029579,0.4782665904613529,0.489880086337815,0.5519667966916583,0.5464453503020297,0.44545806706662927,0.41835415918402913,0.4287128618926727,0.4635579972376807,0.3137727846175792,0.381652595788757,0.46691350042713686,0.017594747383316386,0.1326451935929696,0.0024758426940716433,0.049757840528620645,0.00022238877589334763,0.014912705183612651,2.0738938542024375e-05,0.0045540024749690655,0.0010022232882078877,0.03165791035756921,0.0005216909195844449,0.022840554274895453
2026-08-14,0.25118963010074685,False,calm,0.42358883996014507,0.6265323200065325,0.44391633787668106,0.4615255682165055,0.5213134986764596,0.5186612958524716,0.4366567191203525,0.43103343549261863,0.4402132539932866,0.4735375321102525,0.36623275343777334,0.4382142266143968,0.5253750066862315,0.07154109198000234,0.2674716657517247,0.04943858952802873,0.22234790200950566,0.03572993038946832,0.18902362389253974,0.03234379433782945,0.17984380539187178,0.034398041109406315,0.18546708901960562,0.029721487560144828,0.17239920985939822
2026-08-17,0.26938520294728213,False,calm,0.38244960158229074,0.638306035820779,0.45282056134315973,0.4688755859496828,0.5292594028539936,0.5258634388065548,0.4256771058135619,0.40417093556045725,0.41495007104857673,0.4485622516726194,0.30866900283837023,0.3760497459667723,0.46099212858341354,0.06578108546948472,0.2564782358592727,0.032104414789921897,0.1791770487253373,0.021189130825347294,0.1455648681012946,0.018167193716070337,0.1347857326131751,0.024427158901562624,0.15629190286627975,0.012783558238696138,0.11306439863500861
2026-08-18,0.21486204609721954,False,calm,0.357803493027964,0.7038378520925513,0.5023809503872045,0.5097853564319991,0.5734858425685652,0.5659501468837899,0.4477153635300261,0.40304452272659974,0.41566550416877834,0.4547844125575691,0.31291897454125617,0.3807165529152084,0.46592591200999844,0.12326285451392097,0.3510881007865703,0.05756274192793426,0.23992236646034953,0.04032202877349628,0.2008034580715588,0.03541264451036723,0.1881824766293802,0.05422066743946338,0.23285331743280657,0.020432257250654833,0.14294144693074445
2026-08-19,0.38718070460169696,False,calm,0.33169529984663465,0.8045566382799274,0.578552534077011,0.5726614166512835,0.6414594404155631,0.6275612055952197,0.4980091603364739,0.40643704197992675,0.4207454969879327,0.4660473759103205,0.3027731488862925,0.3695548499604656,0.454097864786938,0.05778278525789697,0.2403805009935227,0.006219951843302468,0.07886667130862357,0.0011265952879311073,0.03356479238623572,0.00037080652922420987,0.019256337378229793,0.012282946600555414,0.11082845573477695,0.003078630140833091,0.055485404755062306
2026-08-20,0.4941873625061496,False,calm,0.3877936375582804,0.7486883831313412,0.5363005011272,0.5377843504351187,0.6037547931333915,0.5933858299938791,0.49473629698373534,0.4405510114591752,0.4517688525263073,0.49336292362953765,0.3552520916072742,0.4265278412308018,0.5134887897278813,0.009840335951914133,0.09919846748772954,6.796994612691454e-07,0.0008244388766119326,0.0017993299889099818,0.04241850997984231,0.0028768581536342715,0.053636351046974395,3.013290606823399e-07,0.0005489344775857496,0.011319624708282844,0.1063937249478692
2026-08-21,0.3386448697869806,False,calm,0.4586912186984097,0.8795843295697544,0.6352944616008789,0.6194992094228997,0.6920945037257544,0.6734566702649472,0.6101404831984242,0.5310170673593874,0.5364479444247178,0.5812273045055775,0.40953862155815735,0.48353769844390065,0.5705577173300814,0.11209894173929769,0.33481180047796655,0.05884623763400231,0.24258243471859686,0.03912605633614222,0.19780307463773716,0.0370070623988371,0.19237219757240676,0.07370986810165601,0.27149561341144357,0.014411125886964566,0.12004634891142907
