date,actual,crisis,M1_HAR_TS,M2_EGARCH_raw,M2b_Corrected_EGARCH,M3_Combined,M9_Regime,M9_weight_w,M9_active_c,M9_active_k,M1_HAR_TS_sq_err,M1_HAR_TS_abs_err,M2b_Corrected_EGARCH_sq_err,M2b_Corrected_EGARCH_abs_err,M3_Combined_sq_err,M3_Combined_abs_err,M9_Regime_sq_err,M9_Regime_abs_err
2025-02-24,0.5881866242372483,False,0.5701072920542876,1.0541046053221714,0.7650357750507231,0.7349763601223767,0.6600831216639154,0.4615837984604498,0.9000000000000002,1.0,0.0003268622521818407,0.01807933218296076,0.03127562214344713,0.17684915081347474,0.021547226561225735,0.14678973588512834,0.00516910634222274,0.07189649742666704
2025-02-25,0.9444909365048862,False,0.581197934003773,1.0657237125961903,0.7736704575009813,0.7320916241901072,0.6641907988914545,0.4311933120619438,0.9000000000000002,1.0,0.1319818056662739,0.3632930025011133,0.029179636047123533,0.17082047900390496,0.045113467871791046,0.21239931231477904,0.07856816714610877,0.28030013761343175
2025-02-26,0.9047966158371143,False,0.7169569017549837,1.0842333449735875,0.7874257998074614,0.7947779774056053,0.7524150585626315,0.5031745605166441,0.9000000000000002,1.0,0.035283758186456585,0.18783971408213063,0.013775908455466635,0.11737081602965294,0.01210410080232312,0.11001863843150905,0.023220138997396507,0.15238155727448288
2025-02-27,1.007934164254994,False,0.7951543573979328,0.997554155276498,0.7230105861056617,0.771778507091582,0.7591397286650536,0.49920634987288987,0.9000000000000002,1.0,0.04527524620612823,0.2127798068570611,0.08118144538541863,0.2849235781493322,0.05576949441028294,0.23615565716341191,0.06189867118051695,0.2487944355899403
2025-02-28,1.1626123882772232,True,0.8538083552025697,1.2713287689338522,0.9264648443479752,0.9271469288795864,0.890799660754462,0.5091259705359921,0.9000000000000002,1.0,0.09535993084317172,0.30880403307465354,0.055765662503816156,0.23614754392924808,0.05544398256934017,0.23546545939763686,0.07388215884336283,0.2718127275227612
2025-03-03,1.6372519033217243,True,0.947956256553983,1.1567116790554388,0.8412877174713,0.9035443993795503,0.8929082613514423,0.5160658960546075,0.9000000000000002,1.0,0.47512848865295887,0.6892956467677414,0.6335589851565288,0.7959641858504243,0.5383267013410553,0.733707503942174,0.5540474573415833,0.744343641970282
2025-03-04,1.5758033738832995,True,1.1930868229694211,1.4393226132958814,1.051308643914901,1.1507129243372742,1.119077255680482,0.5220095770906968,0.9000000000000002,1.0,0.14647195834341523,0.38271655091387835,0.2750947217646232,0.5244947299683984,0.18070189029524186,0.42509044954602526,0.20859874704861403,0.4567261182028175
2025-03-05,1.2691872248855978,True,1.2865140613141186,1.547125089634969,1.1314215242409928,1.2375838147943523,1.2058614506888123,0.5200289591450735,0.9000000000000002,1.0,0.0003002192606207169,0.017326836428520842,0.018979388274098896,0.13776570064460492,0.000998775529395435,0.031603410091245454,0.004010153677622254,0.06332577419678542
2025-03-06,1.198675575476957,True,1.1997334305859222,1.398426481216032,1.0209168844083054,1.0901967422452725,1.1074523094533801,0.5160658960546075,0.9000000000000002,1.0,1.1190574315639396e-06,0.0010578551089652777,0.031598152250440284,0.1777586910686515,0.011767657259307594,0.10847883323168439,0.008321684264008257,0.09122326602357678
2025-03-07,1.3495043417044101,True,1.1415351550440151,1.6434790095981213,1.2030264661782957,1.171653943127183,1.1731468281176107,0.5140835752316958,0.9000000000000002,1.0,0.04325118260018621,0.207969186660395,0.02145576801864388,0.14647787552611446,0.03163076427407853,0.17785039857722706,0.031101972598518136,0.1763575135867994
2025-03-10,1.5742270034332702,True,1.1956621719908505,1.483030481325232,1.0837899311696573,1.1108515977187188,1.1379287237878246,0.5160658960546075,0.9000000000000002,1.0,0.14331133160502765,0.3785648314424197,0.24052852185050425,0.4904370722636129,0.2147167666211251,0.4633754057145514,0.1903561888215754,0.43629827964544554
2025-03-11,1.4703681947215335,True,1.2939047679535451,1.929671369670926,1.4157089116226507,1.4070197150932042,1.357125797030272,0.5190384101256331,0.9000000000000002,1.0,0.031139340986701177,0.17646342676798832,0.0029876372288838143,0.054659283098882794,0.004013029871220844,0.06334847962832924,0.012823840634865838,0.11324239769126154
2025-03-12,1.135380702105245,False,1.2934950836346841,1.8956835876396887,1.3904510584926986,1.3955111694523952,1.3435307556776332,0.5160658960546075,0.9000000000000002,1.0,0.025000157646437007,0.15811438152943902,0.06506088670762251,0.25507035638745346,0.0676678600422467,0.26013046734715006,0.04332644480218805,0.20815005357238814
2025-03-13,0.9053771017130369,False,1.1623941917776035,1.701465682673665,1.2461189772074217,1.2204894739089247,1.2046884827430637,0.5051585471176039,0.9000000000000002,1.0,0.06605778458525756,0.25701709006456663,0.11610502571543085,0.34074187549438484,0.09929580711091975,0.31511237219588784,0.08958730281410192,0.29931138103002686
2025-03-14,1.3763905340659452,True,1.0219911953155951,1.8011963326758418,1.32023331947296,1.198760358035543,1.1679172950738956,0.4892873539262474,0.9000000000000002,1.0,0.12559889130668542,0.3543993387503501,0.003153632750842587,0.05615721459298517,0.031552479436591674,0.1776301760304022,0.04346109137583624,0.20847323899204961
2025-03-17,0.7844344466788503,False,1.1482783224822177,1.6173057085491953,1.1835759061737563,1.1751278263570915,1.1664242305034038,0.5140835752316958,0.9000000000000002,1.0,0.13238236595961625,0.3638438758033674,0.15931390468772366,0.399141459494906,0.15264131692440627,0.39069337967824114,0.14591619494632913,0.3819897838245535
2025-03-18,0.6229559816489394,False,0.9821499494957383,1.4599519668394583,1.0666392465853147,1.0337050714809535,1.021732693300847,0.4684941781814415,0.9000000000000002,1.0,0.12902030653752722,0.3591939678467989,0.19685483958460182,0.44368326493637533,0.16871481479782796,0.4107490898320141,0.15902286575590868,0.39877671165190764
2025-03-19,1.0633096873707888,False,0.79020213622728,1.5432444874117133,1.1285376737761206,0.9961378878569155,0.9354319322001972,0.42924783197494437,0.9000000000000002,1.0,0.07458773449160429,0.2731075511435088,0.004254690210494148,0.06522798640533178,0.00451205064993199,0.06717179951387331,0.016352720267469777,0.12787775517059163
2025-03-20,0.9658313334589435,False,0.9099462748661117,1.3950254457752926,1.018389421640273,0.9924526538126048,0.9644045282211015,0.502182525820668,0.9000000000000002,1.0,0.0031231397739242403,0.05588505859283177,0.0027623526332764027,0.052558088181329454,0.0007086946973722658,0.026621320353661382,2.035773186733364e-06,0.0014268052378419993
2025-03-21,0.6898582520213281,False,0.9520221445110123,1.3318004743960026,0.9714040949785968,0.9854677340592629,0.9616016015399527,0.4942462857369076,0.9000000000000002,1.0,0.0687299065253427,0.2621638924896842,0.07926806168651901,0.2815458429572687,0.0873849658707361,0.2956094820379348,0.07384444800760134,0.27174334951862456
2025-03-24,0.4967305455923468,False,0.8091829266132805,1.2181524933630397,0.8869471565762043,0.87120464224804,0.8433971225409687,0.43997344208256983,0.9000000000000002,1.0,0.09762649040565073,0.3124523810209337,0.15226900348772715,0.39021661098385746,0.14023084906609742,0.37447409665569314,0.12017771557327475,0.34666657694862185
2025-03-25,0.3340131517401923,False,0.6857606533772517,1.1084122477284764,0.8060559381604189,0.7501228355733554,0.7323268132278077,0.38709879555538423,0.9000000000000002,1.0,0.12372630490791309,0.35174750163705937,0.22282439221137162,0.47204278642022657,0.17314726897973493,0.41610968383316305,0.15865377292767066,0.3983136614876154
2025-03-26,0.8736551598193741,False,0.5841505224092406,1.015681018443213,0.7371005325116103,0.6523886666064076,0.6339103719840371,0.3253340718414608,0.9000000000000002,1.0,0.08381293508197289,0.28950463741013355,0.01864716623916227,0.1365546273077638,0.04895886101876377,0.22126649321296654,0.05747756329421077,0.23974478783533704
2025-03-27,0.7419973152130572,False,0.727386576307286,1.189748854877092,0.8665382458280675,0.8369874902584894,0.7942304800152289,0.48036724200394953,0.9000000000000002,1.0,0.0002134736913726176,0.014610738905771248,0.015510443398452799,0.12454093061501026,0.009023133355161844,0.09499017504543217,0.0027283035052508243,0.05223316480217166
2025-03-28,0.8932205942986979,False,0.7522061129870407,1.148109321647843,0.8355748807677684,0.8450547707927453,0.7901949463235682,0.4556722421092255,0.9000000000000002,1.0,0.01988508393959574,0.14101448131165728,0.0033230282884899897,0.05764571353092951,0.002319946554006582,0.048165823505952665,0.010614284140695346,0.1030256479751297
2025-03-31,1.4054738400422284,True,0.7936966718891061,1.4983913846404209,1.0960463738270454,1.041948127761619,0.9401338631728247,0.4843305296652037,0.9000000000000002,1.0,0.3742713034734537,0.6117771681531223,0.09574535684834823,0.309427466215183,0.13215094348912446,0.3635257122806095,0.21654129407281722,0.46533997686940376
2025-04-01,1.1056445212415345,False,1.0401182343879458,1.3564983461398021,0.9905340010917142,1.076183948962906,1.0145786455908852,0.515074794934899,0.9000000000000002,1.0,0.004293694268818782,0.06552628685358863,0.013250431849162176,0.11511052014982026,0.0008679253189842957,0.029460572278628527,0.008292993708019517,0.09106587565064928
2025-04-02,1.1915565198361564,True,1.0639962631289994,1.2333928344127392,0.8989921271817908,0.9949449760377456,0.9811340693681734,0.502182525820668,0.9000000000000002,1.0,0.016271619091195788,0.12756025670715698,0.08559392384921782,0.2925643926543656,0.03865609915479442,0.19661154379841084,0.04427760766095077,0.21042245046798302
2025-04-03,1.1069893947030318,False,1.062889335623972,1.1248446737848703,0.8182751723196792,0.9208717788310298,0.9385925127307018,0.5081342029187761,0.9000000000000002,1.0,0.001944815210776573,0.044100059079059895,0.08335590220642401,0.28871422238335265,0.034639766937878104,0.18611761587200204,0.028357509858002856,0.16839688197233005
2025-04-04,1.7929399439684086,True,1.06702689564653,2.490100083169269,1.833485919485867,1.6176588015628275,1.45116885706085,0.5011904739409041,0.9000000000000002,1.0,0.5269497537239619,0.7259130483218785,0.0016439761306623376,0.04054597551745842,0.030723478883005608,0.17528114240558113,0.11680747584597392,0.34177108690755853
2025-04-07,5.506178961625043,True,1.334818847603227,3.5570543978154547,2.6268784814333466,2.2922693995125982,2.0118445332584756,0.5239895032153479,0.9000000000000002,1.0,17.400245200852098,4.171360114021816,8.290371255232133,2.8793004801916964,10.329214673437805,3.2139095621124447,12.210373097267905,3.4943344283665674
2025-04-08,3.9204256343254973,True,2.921157511492784,3.1594883338246764,2.331246368864761,2.8591054277151615,2.6114664391511515,0.5249791874789399,0.9000000000000002,1.0,0.9985367813096143,0.9992681228327132,2.525490737770325,1.5891792654607362,1.1264005809594058,1.0613202066103358,1.713374174631471,1.3089591951743458
2025-04-09,3.6903155364446882,True,3.1409541086100177,3.077242464301572,2.270087929150149,2.847480908365426,2.684629371867793,0.5239895032153479,0.9000000000000002,1.0,0.30179797839254796,0.5493614278346706,2.0170464565215718,1.4202276072945392,0.7103702102895083,0.8428346280792622,1.0114046616213856,1.005686164576895
2025-04-10,3.1558798709015448,True,2.9794877990644273,2.6934224759598155,1.984677467149159,2.421071398843881,2.459202363049963,0.5229996305052238,0.9000000000000002,1.0,0.03111416300699081,0.17639207183711747,1.3717150705553667,1.1712024037523858,0.5399434906077184,0.7348084720576638,0.48535954994629094,0.6966775078515819
2025-04-11,1.7731398142982204,True,2.8959870699814787,3.3098027755727535,2.443020939152486,2.5939551702516805,2.659534411591027,0.5220095770906968,0.9000000000000002,1.0,1.2607859595954243,1.1228472556832583,0.4487407214360164,0.6698811248542658,0.6737378485690054,0.8208153559534601,0.7856953821098766,0.8863945972928065
2025-04-14,1.2442660599293307,True,2.361499876121741,2.9057730188006,2.142582392320446,2.056841476591929,2.2478732933808128,0.5190384101256331,0.9000000000000002,1.0,1.248211400043857,1.1172338161924105,0.8069722330406246,0.8983163323911152,0.6602788077643952,0.8125754166625982,1.0072274790361375,1.003607233451482
2025-04-15,0.8063423729178759,False,1.7308432456777765,2.564992616685051,1.8891763817869902,1.6842051837046765,1.810512451854752,0.5031745605166441,0.9000000000000002,1.0,0.8547018637338178,0.9245008727599006,1.1725294907635573,1.0828340088691144,0.7706431145625021,0.8778628107868006,1.0083575474320916,1.004170078936876
2025-04-16,2.243396676406214,True,1.3223464598787271,2.3370271876995155,1.7196601492215242,1.4586414487966142,1.5057400217859105,0.4615837984604498,0.9000000000000002,1.0,0.8483335013653303,0.9210502165274868,0.2742999499074792,0.5237365271846897,0.6158407672605947,0.7847552276095997,0.5441373401056175,0.7376566546203034
2025-04-17,0.9622639348749216,False,1.6517966869542633,2.522157875414692,1.8573242540526198,1.8172256756701568,1.7588805265188217,0.5210193507195688,0.9000000000000002,1.0,0.47545541619011095,0.6895327520793417,0.8011329749664831,0.8950603191776982,0.730959578223619,0.8549617407952352,0.6345979940823443,0.7966165916439001
2025-04-21,1.5936167343835967,True,1.323109244331706,2.2398621949902195,1.6474077749267537,1.584322198949393,1.4798555350727858,0.48333950343058846,0.9000000000000002,1.0,0.07317430217417373,0.2705074900518907,0.0028934760427155575,0.053791040543156976,8.638838893766959e-05,0.009294535434203777,0.012941610468634058,0.11376119931081097
2025-04-22,1.0712559454361394,False,1.3280399243719243,2.4757793477815953,1.8228369490639555,1.7080001249712649,1.5824069478396094,0.5140835752316958,0.9000000000000002,1.0,0.0659380118380936,0.25678397893578486,0.5648740050141953,0.7515810036278161,0.40544315017186,0.6367441795351254,0.2612753472580722,0.51115100240347
2025-04-23,1.3983672274854904,True,1.2427059294545644,2.195604792311692,1.614497749057556,1.523582721103896,1.424618965079537,0.4892873539262474,0.9000000000000002,1.0,0.024230439704672764,0.155661298030926,0.04671240235501315,0.2161305215720657,0.015678919842100965,0.12521549361840556,0.0006891537267066759,0.02625173759404653
2025-04-24,1.0674367404653475,False,1.3115073282512064,1.9732058906395473,1.4472269635477173,1.4094043848121118,1.3800672620329228,0.5051585471176039,0.9000000000000002,1.0,0.05957045182213465,0.24407058778585888,0.14424061354895618,0.37979022308236976,0.11694186978007508,0.3419676443467643,0.09773784301561417,0.3126305215675753
2025-04-25,0.8364848084757647,False,1.194456089824858,1.764154291514728,1.2915465007431401,1.2908164624495808,1.241768666180445,0.4873043167507907,0.9000000000000002,1.0,0.1281434382707117,0.3579712813490933,0.20708114376924752,0.4550616922673755,0.2064172518025834,0.45433165397381614,0.16425500531598758,0.40528385770468034
2025-04-28,1.0964136246664695,False,1.0536975271555171,1.5866616728693286,1.1593679709888012,1.109707780609012,1.102369095081551,0.46059774294903877,0.9000000000000002,1.0,0.0018246649865651938,0.0427160975109524,0.003963249720872073,0.06295434632233166,0.00017673458222464003,0.013294155942542574,3.5467627864910865e-05,0.0059554704150814874
2025-04-29,0.6400742965958788,False,1.087848184780043,1.4390971933659864,1.0494768887929635,1.0736571040676304,1.069073594899804,0.4892873539262474,0.9000000000000002,1.0,0.20050145493956437,0.4477738881841642,0.16761048249769248,0.40940259219708475,0.187994050935086,0.4335828074717516,0.18404039794526023,0.42899929830392525
2025-04-30,1.7648631376813768,True,0.9451184289180793,1.3043632178372162,0.949140666761504,0.9394417354204898,0.9468098644811931,0.42052102062508356,0.9000000000000002,1.0,0.6719813875454235,0.8197447087632975,0.6654031495636228,0.8157224709198728,0.681320491310329,0.825421402260887,0.6692111577935345,0.8180532732001837
2025-05-01,0.7537923132142923,False,1.2984998929994434,1.1925541034410947,0.8658765599676348,1.0686023435769394,1.074809026182582,0.517056870810097,0.9000000000000002,1.0,0.2967063474753967,0.544707579785151,0.012562878370264168,0.1120842467533425,0.09910535521693078,0.3148100303626471,0.1030517300049653,0.3210167129682897
2025-05-02,0.7165061983715736,False,1.0998084404518593,1.0882916146598525,0.78823241577274,0.9223616276566006,0.9615035351646526,0.4438881503467468,0.9000000000000002,1.0,0.14692060878377397,0.38330224208028574,0.00514465026267938,0.07172621740116636,0.04237645776612274,0.20585542928502698,0.06002369503570138,0.244997336793079
2025-05-05,0.6116731137904969,False,0.9123132905028369,0.9946996652123392,0.7185346087922164,0.7496644736205658,0.8276238144208923,0.437042275932167,0.9000000000000002,1.0,0.09038451585362703,0.30064017671234,0.01141937911400252,0.10686149500171949,0.019041615387751534,0.13799135983006883,0.04663470510275863,0.21595070063039534
2025-05-06,0.8008047905030211,False,0.8424554089844546,1.038890854321163,0.7514437317128145,0.7569628987630981,0.8050602834822974,0.41088271992334535,0.9000000000000002,1.0,0.0017347740198859279,0.04165061848143348,0.0024365141248902304,0.04936105879020658,0.0019221114713351315,0.04384189173992303,1.810922049666987e-05,0.0042554929792762985
2025-05-07,0.976241540210133,False,0.8992335143105011,1.1326730372704208,0.8212832053427036,0.8331000830786328,0.863713722250038,0.4556722421092255,0.9000000000000002,1.0,0.00593023605295837,0.07700802589963185,0.02401208554488638,0.15495833486742938,0.0204894767497291,0.14314145713150017,0.012662509814860286,0.11252781796009503
2025-05-08,1.0754790851222302,False,0.9523682100979645,1.0362793080853123,0.7494989165172606,0.8586871617002486,0.855117380057627,0.47937678652018306,0.9000000000000002,1.0,0.015156287549240383,0.12311087502426576,0.1062630703237244,0.3259801686049696,0.04699873806100234,0.2167919234219816,0.04855928105897916,0.22036170506460317
2025-05-09,0.5444393039334218,False,1.0063186428259274,0.9506042826965952,0.685696832920925,0.8336042401085719,0.8500782508147684,0.4873043167507907,0.9000000000000002,1.0,0.2133325236957781,0.46187933889250565,0.01995368949565531,0.1412575289875032,0.08361636031317866,0.28916493617515016,0.09341516585073863,0.30563894688134663
2025-05-12,0.7082477544064372,False,0.8032463278979827,0.9119781778548939,0.6569320212511335,0.7013208531456416,0.746056249601482,0.39087140285288263,0.9000000000000002,1.0,0.009024728965428571,0.0949985734915455,0.0026333044692663345,0.05131573315530369,4.79819610768108e-05,0.006926901260795537,0.0014294823089137266,0.03780849519504481
2025-05-13,0.6590053463072422,False,0.7623354207791592,0.8344963575713321,0.5992314071865464,0.6240805937130698,0.6915294403275632,0.43411550023808154,0.9000000000000002,1.0,0.010677104290371914,0.103330074471917,0.0035729237980046393,0.05977393912069573,0.0012197383437641506,0.03492475259417238,0.0010578166918426856,0.03252409402032108
2025-05-14,0.4135505018340854,False,0.7504271962845878,0.7716665470681509,0.5524421263678001,0.5943155703356933,0.66697880161567,0.4214883208314183,0.9000000000000002,1.0,0.11348590726389711,0.33687669445050233,0.019290883365614374,0.13889162453371467,0.032676009990390976,0.18076506850160784,0.06422590313018471,0.2534282997815846
2025-05-15,0.47957514899052056,False,0.619668587197908,0.7168599494375139,0.5116277220790897,0.5149570932317016,0.5823213191092177,0.3456772402518015,0.9000000000000002,1.0,0.019626171428767072,0.1400934382073874,0.0010273674415980658,0.032052573088569125,0.0012518819782860427,0.03538194424118102,0.010556775474060252,0.10274617011869713
2025-05-16,0.5414829760560648,False,0.5710847422046819,0.6669586057267703,0.47446625421191324,0.48733784968684274,0.5353967750508415,0.36936996112494874,0.9000000000000002,1.0,0.0008762645591174128,0.029601766148617092,0.004491241006736376,0.06701672184415153,0.002931694709539023,0.05414512636922203,3.704184267598086e-05,0.0060862010052232796
2025-05-19,0.535827431594898,False,0.6026309706590323,0.6218319026392842,0.44086045520862543,0.4833207287640196,0.5401620345020984,0.38615773698319317,0.9000000000000002,1.0,0.004462712831493314,0.06680353906413428,0.009018726603950849,0.09496697638627255,0.002756953842170172,0.05250670283087838,1.8788782363110562e-05,0.004334602907200447
2025-05-20,0.531089983707503,False,0.5928695872117938,0.5824716132589215,0.4115488972367665,0.46732790209909403,0.5231920032527675,0.384278175693148,0.9000000000000002,1.0,0.0038167194091473793,0.06177960350429079,0.014290071354604106,0.11954108647073652,0.004065603051037411,0.06376208160840902,6.237809526338482e-05,0.007897980454735554
2025-05-21,1.1525192922045666,True,0.581793764055731,0.6266705150431715,0.44446376377704916,0.4917812491915954,0.529407132013955,0.3814653166494472,0.9000000000000002,1.0,0.3257276284807673,0.5707255281488356,0.5013426313367709,0.7080555284275174,0.436574761484611,0.6607380430129712,0.38826876417741046,0.6231121601906117
2025-05-22,0.6291480926353333,False,0.8372512996693353,1.0211155844641444,0.7382065106181094,0.8239863426539229,0.7882987805591712,0.4942462857369076,0.9000000000000002,1.0,0.04330694477783669,0.20810320703400198,0.01189373853290589,0.10905841798277605,0.03796194367030642,0.19483825001858956,0.025328941466630846,0.1591506879238379
2025-05-23,0.6799356696990553,False,0.7530309953758315,0.9434995130280248,0.680007069356141,0.7312993454122917,0.7230968441350625,0.4099225126939549,0.9000000000000002,1.0,0.005342926635793983,0.07309532567677623,5.097911031954291e-09,7.139965708569118e-05,0.002638227182774512,0.05136367571323641,0.0018628869786954413,0.0431611744360072
2025-05-27,1.4619502625835648,True,0.6877738392646378,1.0176122578466877,0.7352142589906365,0.7174211316011082,0.7078153398450586,0.4224562239578475,0.9000000000000002,1.0,0.5993491344228865,0.774176423318927,0.5281452189182206,0.7267360035929282,0.554323626881492,0.7445291309824565,0.5687194816938126,0.7541349227385061
2025-05-28,0.5631100357277177,False,1.0230768090644144,0.9294095748578411,0.6695113591999066,0.8248175662200883,0.8441194857001924,0.5061504834049864,0.9000000000000002,1.0,0.2115694325737722,0.4599667733366968,0.011321241636633375,0.10640132347218889,0.0684908315164151,0.2617075304923706,0.07896631097383275,0.2810094499724747
2025-05-29,0.7944264323312424,False,0.829412211637135,0.9834135966569689,0.7097393966283504,0.7451115636872611,0.782635530551298,0.39087140285288263,0.9000000000000002,1.0,0.001224004753640618,0.03498577930589253,0.0071718940161429115,0.08468703570289204,0.002431956269373138,0.04931486864398138,0.0001390253647842975,0.011790901779944463
2025-05-30,0.9489147299690052,False,0.745633709705846,0.9048299699152762,0.6512018104910392,0.6579602439463144,0.7030680214371505,0.4507553975153047,0.9000000000000002,1.0,0.04132317319923094,0.2032810202631592,0.08863298242409384,0.29771291947796596,0.08465451293672818,0.2909544860226908,0.06044060409594669,0.24584670853185464
2025-06-02,0.7679393697908469,False,0.85609763801978,0.8691619116496495,0.6246323822316662,0.691829974653467,0.7469711143954209,0.4714596290177347,0.9000000000000002,1.0,0.0077718802571245214,0.08815826822893313,0.02053689268328717,0.1433069875591807,0.005792640028177829,0.07610939513737991,0.00043966773432781224,0.020968255395426016
2025-06-03,0.4828770558205687,False,0.8154405541254935,0.8027922119636642,0.5751930502312944,0.628733642646485,0.7090328203735239,0.4429088004128847,0.9000000000000002,1.0,0.11059848040480974,0.3325634983049248,0.008522242824041137,0.09231599441072569,0.02127414392050606,0.1458565868259163,0.05114642984053169,0.22615576455295516
2025-06-04,0.2710307127862875,False,0.6351634360382383,0.7435970355649215,0.5310980792935852,0.5367672687566567,0.5973956903063047,0.3629233292747463,0.9000000000000002,1.0,0.13259264014288183,0.36413272325195084,0.06763503512204112,0.2600673665072977,0.07061591717899317,0.2657365559703692,0.10651409855164133,0.3263649775200172
2025-06-05,0.8148345623530572,False,0.49584762967431517,0.7096388223653326,0.5058023286052874,0.4450704581242869,0.49883170931922116,0.2997659362275273,0.9000000000000002,1.0,0.10175266321979229,0.318986932678742,0.09550092149513623,0.3090322337477698,0.13672549277610488,0.36976410422877026,0.09985780312552417,0.316002853033836
2025-06-06,0.46612221353586275,False,0.6581612371548169,0.7707449396142545,0.5513207750080368,0.5735838197924368,0.6096872480352562,0.45370441259385347,0.9000000000000002,1.0,0.03687898659252123,0.19203902361895414,0.007258794876927817,0.08519856147217403,0.01154799681924295,0.10746160625657403,0.020610919130812033,0.14356503449939345
2025-06-09,0.32531495327545634,False,0.5977801576986908,0.7133895531340525,0.5085962786245898,0.5392999442303222,0.5658212553335128,0.3583484223491107,0.9000000000000002,1.0,0.07423728762139492,0.2724652044232344,0.0335920442217349,0.18328132534913344,0.04578957635395404,0.2139849909548659,0.05784328132964109,0.24050630205805645
2025-06-10,0.4219236173289739,False,0.46518406783327093,0.6652563940288089,0.472741494822798,0.45137694299960535,0.4675579664612155,0.31411466246835557,0.9000000000000002,1.0,0.0018714665778347354,0.043260450504297054,0.0025824566729773144,0.050817877493824104,0.0008674983930602787,0.02945332567063147,0.002082493820723322,0.045634349132241625
2025-06-11,0.6141037763062444,False,0.47023204000826113,0.6203693374596904,0.4393047593435093,0.43171096676139087,0.45965194538282816,0.3420958583497839,0.9000000000000002,1.0,0.020699076505396423,0.14387173629798322,0.03055469633113853,0.17479901696273503,0.0332671369736652,0.18239280954485348,0.023855368075595542,0.1544518309234162
2025-06-12,0.3130604411270663,False,0.5718547568574406,0.650116816729032,0.46146389989604236,0.49287005150660157,0.5273428831139751,0.4032206558468011,0.9000000000000002,1.0,0.06697449785435264,0.25879431573037426,0.02202358657459517,0.14840345876897604,0.03233149598484027,0.17980961037953525,0.04591696494387294,0.21428244198690882
2025-06-13,0.7360493609284423,False,0.4694204465260378,0.6073359538593625,0.42959608532579524,0.4369445004715299,0.4570129471661217,0.3115555149153412,0.9000000000000002,1.0,0.07109097799540474,0.2666289144024045,0.09391361012759196,0.30645327560264707,0.08946371754894905,0.2991048604569124,0.077861320205337,0.27903641376232063
2025-06-16,0.4371522635962528,False,0.5849091676552322,0.8369532676206003,0.6006398999247107,0.6140659243690989,0.5917688080860296,0.4360661864487266,0.9000000000000002,1.0,0.021832102697094426,0.14775690405897934,0.026728207232266096,0.16348763632845786,0.03129844336804966,0.1769136607728461,0.023906275829959127,0.1546165444897768
2025-06-17,0.5189767105811125,False,0.5527957936282559,0.7727684442131644,0.5528281001299389,0.5592207570476432,0.5528070484005074,0.3483748368016495,0.9000000000000002,1.0,0.001143730378149584,0.03381908304714343,0.001145916574386392,0.03385138954882638,0.0016195832760002805,0.04024404646653068,0.0011444917569743828,0.03383033781939493
2025-06-18,0.5511595753701348,False,0.5377589947837333,0.9083881755196158,0.6538523469411187,0.6145638896589449,0.5812862341865109,0.3749330912916405,0.9000000000000002,1.0,0.00017957556005264018,0.013400580586401478,0.010545805332930277,0.10269277157098389,0.004020107070434209,0.0634043142888101,0.0009076155714383322,0.030126658816376106
2025-06-20,0.6559222500288283,False,0.5598375108423443,0.8542737019219195,0.6135420330647581,0.6030965942398436,0.5805254341504179,0.38521752828180644,0.9000000000000002,1.0,0.009232277104534649,0.09608473918648397,0.0017960827899216668,0.04238021696407024,0.0027905499095362907,0.05282565578898468,0.0056846798446029195,0.0753968158784104
2025-06-23,0.8774988172408712,False,0.6197371024188337,0.8479203046494508,0.6088093354848387,0.6180916226776293,0.6151839610168972,0.41665798963668077,0.9000000000000002,1.0,0.06644110162799736,0.25776171482203747,0.0721940376063253,0.26868948175603247,0.06729209259117164,0.2594071945632419,0.06880908379580415,0.262314856223974
2025-06-24,0.45332340076537014,False,0.7251221182247147,0.7824195139529979,0.5600172608958286,0.6404411694768504,0.6487495388355937,0.46257015465625034,0.9000000000000002,1.0,0.07387454281254463,0.2717987174593446,0.011383579789537832,0.10669386013045845,0.03501305936756301,0.18711776871148023,0.03819137544104209,0.19542613807022358
2025-06-25,0.34833517305031647,False,0.6064118604596873,0.7229248821503285,0.5162302776458993,0.5383140262640294,0.574423828323849,0.354706927265726,0.9000000000000002,1.0,0.06660357658419411,0.25807668740937084,0.028188766147161714,0.16789510459558288,0.03609196466839747,0.18997885321371288,0.05111608004339421,0.2260886552735325
2025-06-26,0.3498234665023177,False,0.48948898075343916,0.6759179766054377,0.48116640821481177,0.4447553537968048,0.48682467590199074,0.3201299645130906,0.9000000000000002,1.0,0.01950645587103021,0.13966551425112145,0.01725096833769161,0.13134294171249405,0.0090120632252932,0.0949318872944871,0.018769331376973057,0.13700120939967303
2025-06-27,0.6068665642847654,False,0.4613279831005142,0.6290386370398335,0.4461976940973894,0.411538670039318,0.4564581516085998,0.3218597801343157,0.9000000000000002,1.0,0.02118147861312487,0.14553858118425117,0.02581448584728787,0.16066887018737597,0.03815298627036068,0.1953278942454474,0.02262269060376372,0.15040841267616556
2025-06-30,0.4766040501263639,False,0.54646454707679,0.5879316902837973,0.4155347819772151,0.4441487722668577,0.49441934723549485,0.39750472172399953,0.9000000000000002,1.0,0.004880489034160497,0.06986049695042612,0.003729455512272642,0.061069268149148814,0.001053345060937753,0.03245527785950619,0.00031738481108660905,0.017815297109130934
2025-07-01,0.3562729129045851,False,0.522449862180415,0.5509039438268742,0.38791466846318945,0.4345266485874212,0.4737472705359287,0.3620063293390161,0.9000000000000002,1.0,0.027614778470621736,0.16617694927582988,0.0010012006948304675,0.03164175555860432,0.006123647148319169,0.07825373568283606,0.013800224700896807,0.11747435763134356
2025-07-02,0.3046312901557792,False,0.45102367033342333,0.537587453868769,0.37798149673535725,0.3873537791407517,0.42738762513310036,0.3235944939205476,0.9000000000000002,1.0,0.02143072897407589,0.1463923801776441,0.005380252805266771,0.07335020657957803,0.006843010183868892,0.08272248898497248,0.015069117777064276,0.12275633497732114
2025-07-03,0.32746909306703254,False,0.40722447242209897,0.5054259893580217,0.3539912897807544,0.3440997728176143,0.3908650754520769,0.30731577858574605,0.9000000000000002,1.0,0.006360920536070558,0.07975537935506644,0.0007034269185213585,0.026522196713721857,0.0002765795089664097,0.016630679750581745,0.004019050582564853,0.06339598238504435
2025-07-07,0.6483547437505514,False,0.4034519962818384,0.4749373244455971,0.3312488745286695,0.3258628009342869,0.3807719370631802,0.31411466246835557,0.9000000000000002,1.0,0.05997735571772418,0.24490274746871293,0.10055613229496523,0.31710586922188183,0.1040010531814088,0.3224919428162645,0.07160055843469104,0.26758280668737117
2025-07-08,0.2771296132699088,False,0.5247593672153622,0.6296130532704722,0.4466261684986873,0.4824547104748567,0.49243039747636597,0.4137673904306278,0.9000000000000002,1.0,0.061320495039085786,0.2476297539454534,0.028729082234422356,0.1694965552287785,0.042158395542221304,0.2053250972049479,0.046354427679915426,0.21530078420645715
2025-07-09,0.41300518200640984,False,0.43528933991262775,0.612824881986314,0.4341033649005585,0.4339287114209801,0.4349328363468967,0.30059955909947805,0.9000000000000002,1.0,0.0004965836935892539,0.022284157906217905,0.00044513332143494735,0.021098182894148665,0.000437794083162387,0.020923529414570263,0.0004808220248758731,0.02192765434048688
2025-07-10,0.4059546492093047,False,0.4233998792273546,0.5729159928930929,0.40433412014633635,0.39684754846699744,0.41699622997214353,0.33587171787912035,0.9000000000000002,1.0,0.0003043360503826703,0.01744523001804993,2.626114443925028e-06,0.0016205290629683344,8.293928393053327e-05,0.00910710074230725,0.0001219165057422928,0.011041580762838843
2025-07-11,0.36749856488831284,False,0.447745257076388,0.5380828156566855,0.37835100204210553,0.3890947358523884,0.4246216042697175,0.33322142870828225,0.9000000000000002,1.0,0.006439531607127685,0.08024669218807517,0.00011777539217702006,0.010852437153792693,0.0004663946003095806,0.021596170964075567,0.003263041628169509,0.05712303938140467
2025-07-14,0.3438024373501125,False,0.4349922338526607,0.5909155724416839,0.41776054972706134,0.40793107021410485,0.4293711607169076,0.32620567408164575,0.9000000000000002,1.0,0.008315578986176155,0.09118979650254821,0.005469802386361391,0.07395811237694883,0.004112481553004719,0.06412863286399234,0.007322006418623107,0.08556872336679511
2025-07-15,0.3798112503282596,False,0.405170418665741,0.5547063877882891,0.3907510261650329,0.38589478937954147,0.40060401102453597,0.3166851613880931,0.9000000000000002,1.0,0.0006430874187687201,0.02535916833748142,0.00011967869535884901,0.010939775836773302,3.7009447388471814e-05,0.006083539051281894,0.00043233889737261626,0.02079276069627639
2025-07-16,0.7586478847819426,False,0.417808211811859,0.6221712492864736,0.44107510232655894,0.4247666077547361,0.42547940029720677,0.32970406941577035,0.9000000000000002,1.0,0.11617168267035351,0.34083967297008355,0.1008524721564544,0.3175727824553836,0.11147670714931816,0.33388127702720644,0.11100123905385563,0.3331684844847358
2025-07-17,0.31064468530491013,False,0.5780938672260539,0.5823641659297591,0.4113817975435139,0.48234063857365483,0.5044188199217149,0.44192989412604666,0.9000000000000002,1.0,0.07152906491028907,0.2674491819211438,0.010147965782173052,0.10073711223860377,0.029479500368862967,0.1716959532687447,0.03754841524649157,0.19377413461680476
2025-07-18,0.2931511788556339,False,0.47338046549788365,0.5453579016402217,0.3837777082264349,0.40888268097049096,0.445768376131796,0.30816115716660036,0.9000000000000002,1.0,0.03248259576357422,0.18022928664224974,0.008213167825796659,0.09062652937080101,0.013393780581761163,0.11573150211485705,0.023292008904430974,0.15261719727616208
2025-07-21,0.3591948487057733,False,0.3891673792070461,0.5404491246355344,0.3801161033204428,0.35269410050706695,0.38642386203795753,0.30310833560483835,0.9000000000000002,1.0,0.0008983525846497282,0.0299725305012728,0.00043769889465183144,0.020921254614669538,4.225972714298359e-05,0.00650074819870633,0.0007414191670442675,0.02722901333218425
2025-07-22,0.39790997131505,False,0.4097710678911458,0.5090397874234612,0.3566869308157908,0.3470979860156113,0.3924083890579556,0.327078479368388,0.9000000000000002,1.0,0.00014068561198747145,0.011861096576095798,0.001699339068003567,0.041223040499259234,0.0025818578500703747,0.0508119852994387,3.026740733157598e-05,0.005501582257094406
2025-07-23,0.42782060061797805,False,0.4345008910588276,0.49079710132272364,0.34307916072129446,0.3522332628653546,0.40379491743887863,0.33587171787912035,0.9000000000000002,1.0,4.462628037410597e-05,0.006680290440849557,0.007181111635763238,0.08474143989668359,0.0057134456285291724,0.07558733775262344,0.0005772334522224609,0.024025683179099422
2025-07-24,0.23985806899520676,False,0.43444754432213917,0.4613906455384322,0.32114399791703885,0.3546563946494622,0.3951793284614802,0.34657534654971184,0.9000000000000002,1.0,0.03786506390801084,0.1945894753269324,0.0066074022406851386,0.08128592892183209,0.013178655573020481,0.11479832565425543,0.024124693642189433,0.15532125946627343
2025-07-25,0.23274594787412156,False,0.3648215063415371,0.44356498814436773,0.30820722927456856,0.3075784860497518,0.3480853214357621,0.295617744725026,0.9000000000000002,1.0,0.017443953144479697,0.13207555846741553,0.005694404990597448,0.075461281400447,0.005599908769807157,0.07483253817563024,0.013303171093591663,0.11533937356164053
2025-07-28,0.2725642590800418,False,0.3274237114883556,0.4198559296933678,0.290504400956585,0.272576368672531,0.3165706219839035,0.29396782735453814,0.9000000000000002,1.0,0.003009559518540047,0.0548594524083138,0.0003218486905504987,0.017940141876543192,1.4664223025465213e-10,1.2109592489206733e-05,0.0019365599760263776,0.04400636290386173
2025-07-29,0.3747443385066344,False,0.3358877464191897,0.4173059009743085,0.2886003725569447,0.28099548875615976,0.3217519597634602,0.2989336370615362,0.9000000000000002,1.0,0.001509834748650069,0.038856592087444686,0.007420782869541299,0.0861439659496897,0.00878884682953707,0.09374884975047465,0.00280819220486002,0.052992378743174195
2025-07-30,0.6690684503138303,False,0.3779030677416548,0.4639037740571259,0.3233935782370933,0.33402979692730256,0.3597393377707857,0.33322142870828225,0.9000000000000002,1.0,0.08477728000840136,0.29116538257217556,0.1194911171852685,0.345674872076737,0.1122508992630579,0.3350386533865278,0.09568449986666756,0.3093291125430446
2025-07-31,0.7077006106330667,False,0.5116907916747004,0.47724499642811546,0.3333550606668483,0.4113533777848083,0.4363517521563608,0.4224562239578475,0.9000000000000002,1.0,0.0384198491280915,0.19600981895836622,0.14013459077951052,0.3743455499662184,0.08782168241681987,0.29634723284825837,0.07363020299661135,0.27134885847670587
2025-08-01,0.6577124084102439,False,0.5974666720095695,0.5418034106006429,0.3815588526875024,0.4777099353411559,0.5041584692057767,0.43216685295036067,0.9000000000000002,1.0,0.0036295487544595485,0.06024573640067443,0.0762607863383133,0.27615355572274153,0.03240089031098775,0.180002473069088,0.023578812245209226,0.15355393920446725
2025-08-04,0.32690160479987285,False,0.6080748952758869,0.9476947349650523,0.6846254820870806,0.6843885705586568,0.6402660261711791,0.42052102062508356,0.9000000000000002,1.0,0.07905841927710897,0.281173290476014,0.1279663723813933,0.3577238772872078,0.12779693068742196,0.3574869657587839,0.09819726058137358,0.31336442137130627
2025-08-05,0.4989823140733557,False,0.4845203456889296,0.8688388122619728,0.6257461780289337,0.5619751237855699,0.5291232870541152,0.3158270737452841,0.9000000000000002,1.0,0.0002091485295521399,0.014461968384426094,0.016069077204948296,0.12676386395557804,0.00396809407543923,0.06299280971221421,0.0009084782522268719,0.030140972980759462
2025-08-06,0.4682966834711537,False,0.4987584196909972,0.9154149481649576,0.6605231532221784,0.5848768274802334,0.5595598858888725,0.37586354498062097,0.9000000000000002,1.0,0.000927917373527325,0.030461736219843494,0.036951015672941595,0.19222646975102464,0.013590929977177757,0.11658014400907968,0.008328972115537512,0.09126320241771879
2025-08-07,0.787343020725697,False,0.5052959144104425,0.8431554076947333,0.6065691658917866,0.5625426631271749,0.5425161827232474,0.3675231886838482,0.9000000000000002,1.0,0.07955057018080844,0.2820471063152544,0.03267918659151171,0.1807738548339104,0.05053520077642337,0.22480035759852202,0.05994018060627767,0.24482683800244953
2025-08-08,0.309980754891817,False,0.620788192301611,0.8095340095265954,0.5814650968790414,0.6095225460683292,0.602947130391542,0.45370441259385347,0.9000000000000002,1.0,0.09660126314924301,0.310807437409794,0.0737037479442362,0.2714843419872244,0.08972528466123328,0.29954179117651225,0.0858292971734459,0.29296637549972504
2025-08-11,0.4520225069143852,False,0.4852049514838944,0.7487324277377705,0.5360664166195978,0.5165924054959666,0.5009646701747328,0.30985577487376387,0.9000000000000002,1.0,0.0011010746276085503,0.033182444569509195,0.007063378758537916,0.08404390970521253,0.004169271802835709,0.06456989858158141,0.0023953353446025147,0.04894216326034756
2025-08-12,0.5159807482235926,False,0.46410552175887027,0.747165536222755,0.53489646668082,0.48950973318459867,0.4896674476439991,0.36109033313952843,0.9000000000000002,1.0,0.0026910391207662318,0.05187522646472237,0.00035780440475309305,0.018915718457227393,0.0007007146371946444,0.02647101503899396,0.0006923897873920368,0.026313300579593524
2025-08-13,0.3851322317815967,False,0.5118035400421819,0.6917824199236471,0.49354358876775056,0.4891421381836318,0.5047866392781977,0.384278175693148,0.9000000000000002,1.0,0.016045620336448185,0.12667130826058515,0.011753022323579287,0.10841135698615384,0.010818060629760094,0.10400990640203506,0.014317177233362632,0.11965440749660095
2025-08-14,0.29365360846716254,False,0.4717567050717731,0.6450030169654845,0.4586148402854927,0.44434234055782534,0.46730775825486126,0.33853238404616565,0.9000000000000002,1.0,0.03172071302015124,0.17810309660461054,0.027212208003020866,0.16496123181833017,0.02270709397909155,0.1506887320906628,0.0301557637384885,0.17365414978769872
2025-08-15,0.3050830580805528,False,0.39339280283111294,0.6148651078091522,0.43611178590397065,0.4049476350949568,0.406484961845516,0.3064716918020789,0.9000000000000002,1.0,0.0077986110179090835,0.08830974475056014,0.017168527515023315,0.13102872782341785,0.009972933742265825,0.09986457701440399,0.010282346087158861,0.10140190376496322
2025-08-18,0.19554767397544215,False,0.3798242825166684,0.6348401255656344,0.45102652031750723,0.4069670112508284,0.40194717427525084,0.31070500649800914,0.9000000000000002,1.0,0.033957868455456335,0.18427660854122624,0.0652694409282725,0.2554788463420651,0.04469813617396353,0.21141933727538625,0.04260075372401073,0.2063995002998087
2025-08-19,0.5315200560901568,False,0.3295847795444807,0.6115099745779259,0.4336066106057143,0.3776021499234851,0.3598222800768412,0.2906841787332204,0.9000000000000002,1.0,0.040777855913578714,0.20193527654567617,0.0095870428066349,0.09791344548444253,0.023690721838732363,0.15391790616667173,0.029480126287918712,0.17169777601331565
2025-08-20,0.7350236429793704,False,0.43365983571555944,0.697269120548699,0.4976403402013096,0.4857584735476207,0.45860756238134714,0.38992700770817035,0.9000000000000002,1.0,0.0908201443285394,0.30136380726381096,0.05635083243782049,0.2373833027780608,0.06213312469183888,0.2492651694317497,0.07640584961317289,0.27641608059802325
2025-08-21,0.4570527690526198,False,0.5802061874384944,0.714722560286547,0.5106722894824657,0.5702198108828747,0.5493409140883934,0.4438881503467468,0.9000000000000002,1.0,0.015166764460126268,0.12315341838587457,0.0028750529711266573,0.05361952042984586,0.012806779356610646,0.11316704183025483,0.008517101714143972,0.09228814503577354
2025-08-22,0.7094888430281302,False,0.5224561948732411,0.7577952103629142,0.5428333190348793,0.5524889068528396,0.5299452605213331,0.3675231886838482,0.9000000000000002,1.0,0.03498121147583053,0.18703264815488907,0.027774063677465027,0.1666555239932509,0.024648979959045327,0.15699993617529062,0.03223589801937507,0.17954358250679714
2025-08-25,0.2850487498472575,False,0.5881899156975905,0.6994685502308714,0.49912382848140197,0.5341950629159955,0.5490902675933007,0.4389959110854823,0.9000000000000002,1.0,0.09189456643309911,0.303141165850333,0.045828139292215145,0.2140750786341445,0.06207388531574562,0.24914631306873802,0.06971792309363406,0.26404151774604323
2025-08-26,0.3251655440943306,False,0.4824345248274892,0.7529761120564173,0.5390520527520607,0.4973835632550711,0.49973847763540213,0.3056289004876026,0.9000000000000002,1.0,0.024733532300846607,0.1572689807331586,0.04574743858579324,0.21388650865773007,0.029659046123649172,0.17221801916074048,0.030475709125135367,0.1745729335410715
2025-08-27,0.2548970470932282,False,0.41792908226919706,0.6994086293889189,0.4990791145618299,0.43408661760738626,0.4438376018397615,0.3192669040122672,0.9000000000000002,1.0,0.026579444493618352,0.16303203517596887,0.05962488207324076,0.24418206746860172,0.03210890218104843,0.17918957051415807,0.03569853322792775,0.18894055474653332
2025-08-28,0.42249279091734127,False,0.3761614364198042,0.6523512737889569,0.4639641404558265,0.40933342844307896,0.4023356564861512,0.2981026649886393,0.9000000000000002,1.0,0.0021465944095764473,0.04633135449753706,0.0017198728325432205,0.04147134953848525,0.0001731688207290229,0.013159362474262304,0.0004063100684770674,0.02015713443119005
2025-08-29,0.4592638677961382,False,0.42312051856311816,0.6093822683112659,0.4318999605742214,0.41544573745267693,0.4262426263605803,0.35561574340529173,0.9000000000000002,1.0,0.0013063416937800503,0.03614334923302004,0.0007487834184496695,0.027363907221916783,0.0019200285467965612,0.04381813034346127,0.0010904023859454061,0.0330212414355579
2025-09-02,0.555734951944392,False,0.45046002513673206,0.7082875294602852,0.5057046960914487,0.5019962316457994,0.47096798320062194,0.37122056678914794,0.9000000000000002,1.0,0.011082810214358167,0.10527492680765999,0.002503026500710967,0.050030255852943295,0.0028878500593303696,0.05373872029859261,0.007185438990007297,0.0847669687437701
2025-09-03,0.39965757913017824,False,0.5031460685601401,0.8270365174751618,0.5943171475582258,0.5849698267846993,0.5398211054773129,0.40226612781387433,0.9000000000000002,1.0,0.010709867444495327,0.10348848942996186,0.037892347580593747,0.1946595684280476,0.03434062913077056,0.1853122476545211,0.019645814118063907,0.14016352634713464
2025-09-04,0.4204087716278755,False,0.46537131485346406,0.7649831047977779,0.5480118685731644,0.5254460661964775,0.494086803829054,0.3474745470968999,0.9000000000000002,1.0,0.0020216302933129203,0.04496254322558857,0.016282550350028804,0.12760309694528893,0.011032833250291267,0.105037294568602,0.005428452429037899,0.07367803220117852
2025-09-05,0.8803180640350261,False,0.4557471572478636,0.7080277917711905,0.5055108755481856,0.47739534248296456,0.47330839734263874,0.3528924424174598,0.9000000000000002,1.0,0.18026045489007345,0.4245709067871625,0.14048042854140996,0.37480718848684047,0.16234671954292013,0.40292272155206155,0.16565686878104827,0.40700966669238736
2025-09-08,0.28386512817743154,False,0.6475108807714036,0.7294770135329283,0.5215166382425508,0.5816183544389846,0.5877357982216126,0.4744270956357587,0.9000000000000002,1.0,0.13223823337963636,0.3636457525939721,0.05647824023623148,0.23765151006511925,0.0886569837491636,0.29775322626155304,0.09233738411309955,0.30387067004418106
2025-09-09,0.3746143227148983,False,0.5002364419887888,0.6792407831110803,0.4840295353665907,0.48002810758946746,0.49526948389740544,0.3064716918020789,0.9000000000000002,1.0,0.01578091685086357,0.1256221192738905,0.01197168875961507,0.1094152126516924,0.011112066041581943,0.10541378487456915,0.014557667919976775,0.12065516118250713
2025-09-10,0.40298275861641636,False,0.4241769351338492,0.6342120002419076,0.45042831565680486,0.41090086353548855,0.43311059134846996,0.34031186309644484,0.9000000000000002,1.0,0.0004491931182521011,0.021194176517432828,0.0022510808828727583,0.0474455570403885,6.269638550943519e-05,0.007918104919072189,0.0009076863051306006,0.030127832732053605
2025-09-11,0.39268856145752246,False,0.449807269429999,0.593375285392235,0.41995528617527456,0.4052646598292641,0.4393537418409018,0.3501786631694818,0.9000000000000002,1.0,0.0032625468004450543,0.057118707972476535,0.0007434742768336733,0.0272667247177521,0.00015815825025572216,0.012576098371741617,0.0021776390602133333,0.04666518038337936
2025-09-12,0.23680740285760885,False,0.4491120973000593,0.5537196667360824,0.39036361013410176,0.3851021886195181,0.42864560267127505,0.3483748368016495,0.9000000000000002,1.0,0.04507328328230225,0.21230469444245045,0.023579508793141253,0.1535562072764929,0.021991343484170568,0.14829478576190927,0.03680189490774812,0.1918381998136662
2025-09-15,0.1373359294392104,False,0.3592412708447842,0.5407142158152641,0.3806587283680341,0.35781836253815047,0.36560810319549747,0.2972730233643138,0.9000000000000002,1.0,0.04924198054432426,0.22190534140557377,0.05920598447855677,0.2433227989288237,0.04861250330522858,0.22048243309894006,0.05210818531142051,0.22827217375628706
2025-09-16,0.23786787477116472,False,0.2898323614520828,0.507574703035726,0.3559294778969348,0.3032562570860076,0.3089917116281503,0.28986665692221364,0.9000000000000002,1.0,0.002700307876011312,0.051964486680918076,0.013938542132626842,0.11806160312577008,0.00427564054175206,0.0653883823148429,0.005058600169259101,0.07112383685698559
2025-09-17,0.7935252533864264,False,0.3025828222581967,0.5193732851554892,0.36473377427825066,0.3235391319275641,0.3211618323923885,0.2989336370615362,0.9000000000000002,1.0,0.2410244706820966,0.4909424311282297,0.18386213255577713,0.4287914791081758,0.22088695436394448,0.4699861214588623,0.22312720149319074,0.47236342099403794
2025-09-18,0.4918239006723321,False,0.5389211542133981,0.5273484556861667,0.37068497793398536,0.4522833976087596,0.46093413003621647,0.4635568039043992,0.9000000000000002,1.0,0.002218151291111457,0.04709725354106603,0.014674638602207144,0.12113892273834675,0.0015634513825203895,0.03954050306357254,0.0009541779299518322,0.030889770636115643
2025-09-19,0.4272891977928156,False,0.5283931694101783,0.4957825672735017,0.34712999189383015,0.43064814507601396,0.4582264117150582,0.38709879555538423,0.9000000000000002,1.0,0.010222013076804488,0.10110397161736273,0.006425498290355944,0.08015920589898545,1.1282526851305607e-05,0.0033589472831983547,0.0009571112052706001,0.03093721392224258
2025-09-22,0.3290812913298848,False,0.4646376272533507,0.46694254673137314,0.32560909337240396,0.3616678422524551,0.4143084180297242,0.3620063293390161,0.9000000000000002,1.0,0.018375520208995542,0.13555633592346594,1.2056158655934027e-05,0.003472197957480827,0.0010618833010292666,0.03258655092257029,0.007263663125510477,0.0852271266998394
2025-09-23,0.4664160231235994,False,0.42605858360309146,0.4407798084476103,0.3060860269853667,0.31281693754738477,0.3868181422186282,0.327078479368388,0.9000000000000002,1.0,0.0016287229246514582,0.040357439520507965,0.025705707661685725,0.16032999613823273,0.023592679089849314,0.15359908557621466,0.0063358226445619815,0.07959788090497122
2025-09-24,0.41959417174786606,False,0.46979861025252184,0.5490181130081078,0.3871803635947533,0.38538244613372763,0.43820522223152936,0.3824020636974112,0.9000000000000002,1.0,0.002520485645567764,0.05020443850465578,0.001050654958986801,0.03241380815311279,0.0011704421694970957,0.03421172561413843,0.0003463712001054637,0.018611050483663294
2025-09-25,0.538109084741685,False,0.4558624864759526,0.5936248496787184,0.420509040264053,0.4234954892049325,0.44319363480131424,0.3583484223491107,0.9000000000000002,1.0,0.0067645029262847645,0.08224659826573233,0.013829770461141012,0.11760004447763195,0.013136276281862277,0.11461359553675243,0.009008942637383019,0.09491544994037071
2025-09-26,0.4290610862485847,False,0.4941234107962535,0.663967600585215,0.473066814626784,0.4821163098091146,0.48561284172373903,0.40417591732390923,0.9000000000000002,1.0,0.004233106075546187,0.0650623245476688,0.0019365041300958576,0.04400572837819933,0.0028148567470578055,0.053055223560529885,0.0031981010473216493,0.05655175547515434
2025-09-29,0.358843233966138,False,0.4751915061105237,0.618678677234041,0.43922843065760964,0.4471880370269656,0.4620405180500577,0.36568029554881654,0.9000000000000002,1.0,0.013536920430984038,0.1163482721443857,0.006461779847126585,0.08038519669147165,0.007804804227856412,0.08834480306082759,0.010649679442297227,0.1031972840839197
2025-09-30,0.44223567507929906,False,0.4343613520517794,0.5793772120779801,0.4098636772014548,0.39758962196435327,0.42606809578111127,0.33853238404616565,0.9000000000000002,1.0,6.200496314172654e-05,0.00787432302751967,0.0010479462466031547,0.03237199787784428,0.001993270058742561,0.044646053114945794,0.0002613906203631906,0.016167579298187795
2025-10-01,0.4534394421771973,False,0.4516061156383731,0.5433623689801944,0.38295457892409746,0.3887734466341736,0.4260576321200475,0.3721472925603566,0.9000000000000002,1.0,3.3610861979570326e-06,0.001833326538824176,0.004968115947808182,0.07048486325309983,0.0041816909795703554,0.06466599554302366,0.0007497635220058295,0.02738181005714979
2025-10-02,0.38418685146559606,False,0.47080173231945616,0.5109239988690634,0.3587177028419861,0.3820424573274638,0.42856903986857503,0.37679491581242913,0.9000000000000002,1.0,0.007502137585328381,0.0866148808538601,0.000648677531611532,0.02546914862360994,4.598426219656072e-06,0.0021443941381322773,0.0019697786474375213,0.04438218840297897
2025-10-03,0.4712091260584041,False,0.4395588044433321,0.48265507027603843,0.3375960954080758,0.3560375840646467,0.4043126165754273,0.3456772402518015,0.9000000000000002,1.0,0.0010017428583374924,0.031650321615071975,0.017852441959565573,0.1336130306503283,0.013264484085219824,0.1151715419937574,0.004475142981006007,0.06689650948297682
2025-10-06,0.32141728307784995,False,0.4617388246807391,0.4702223389386689,0.3283067702122143,0.35954455170312005,0.4100874371074928,0.38709879555538423,0.9000000000000002,1.0,0.01969013503781136,0.14032154160288918,4.7465032974572326e-05,0.00688948713436438,0.0014536886128235062,0.038127268625270105,0.007862396215640588,0.08867015402964284
2025-10-07,0.4631774933836764,False,0.42013956611113396,0.44430982240723854,0.30894579584770915,0.323176264291096,0.3842543868242151,0.3227265268720066,0.9000000000000002,1.0,0.0018522631839166545,0.043037927272542464,0.023787416524826095,0.15423169753596727,0.01960034414743318,0.1400012290925804,0.006228856748996088,0.07892310655946133
2025-10-08,0.2988878801411221,False,0.4450339569307622,0.5119352201455808,0.35947325389731294,0.3725030432881242,0.4122351439443813,0.3833396854343106,0.9000000000000002,1.0,0.02135867576100338,0.1461460767896401,0.0036705875131773365,0.06058537375619083,0.005419192245159739,0.07361516314700212,0.012847602211685636,0.11334726380325921
2025-10-09,0.4472451571284465,False,0.40215546376553124,0.48104712329555777,0.3363946906648966,0.3396308921682321,0.38149904071936724,0.31411466246835557,0.9000000000000002,1.0,0.0020330804475617225,0.04508969336291524,0.0122878259151866,0.1108504664635499,0.011580830022927221,0.10761426496021437,0.004322551822876198,0.06574611640907924
2025-10-10,1.3601112529561223,True,0.431738246818311,0.5268754281898221,0.37063608266363823,0.3771488590787948,0.40877217079314787,0.37586354498062097,0.9000000000000002,1.0,0.8618764385253566,0.9283730061378113,0.9790611126253405,0.9894751702924841,0.9662150677770464,0.9829623938773275,0.9050460492506907,0.9513390821629745
2025-10-13,0.526275479742592,False,0.8297265250474941,1.4046526637503165,1.0264821690450783,1.054293838218801,0.9293144893695308,0.5061504834049864,0.9000000000000002,1.0,0.09208253689663773,0.3034510453049021,0.250206732022954,0.5002066893024862,0.2788033868879103,0.5280183584762089,0.1624404432810636,0.4030390096269387
2025-10-14,1.2709683929987126,True,0.6916811939928725,1.269953883122307,0.92583970016307,0.8972594341283957,0.7863224230234084,0.40417591732390923,0.9000000000000002,1.0,0.3355736589320317,0.57928719900584,0.11911381461843928,0.3451286928356425,0.13965838593993618,0.37370895887031685,0.23488171621330345,0.4846459699753042
2025-10-15,1.1924355892172203,True,0.8660314292465955,1.1936663389561764,0.8688401731144333,0.9066646361534788,0.8674475040090661,0.5041665702187285,0.9000000000000002,1.0,0.1065396756461292,0.3264041599706248,0.10471399332273584,0.32359541610278697,0.08166503761495912,0.28577095306374145,0.10561725552726246,0.32498808520815414
2025-10-16,1.093705479525211,False,1.008294431690057,1.0903200815050955,0.7916232714387131,0.8981419246178864,0.899915861257068,0.5001984126879979,0.9000000000000002,1.0,0.007295047092298958,0.08541104783515396,0.0912536604424142,0.3020822080864979,0.03824510400799015,0.19556355490732458,0.037554416148512584,0.193789618268143
2025-10-17,0.6721359381831226,False,0.9961198328374838,1.144988847398244,0.8324699631798474,0.8841470557682972,0.9157234421799594,0.49127072832821495,0.9000000000000002,1.0,0.10496556399540827,0.3239838946543613,0.025706999571650402,0.1603340249967249,0.044948713979714755,0.21201111758517466,0.059334872103408993,0.24358750399683682
2025-10-20,0.3680168924995411,False,0.7957539065592298,1.0468128674419563,0.759116121655489,0.7438664369901319,0.7797416456597857,0.437042275932167,0.9000000000000002,1.0,0.18295895319669836,0.4277370140596887,0.15295860704637665,0.3910992291559479,0.14126288009378457,0.37584954449059077,0.1695172723648643,0.41172475316024454
2025-10-21,0.31666496369067204,False,0.6102038993831848,0.9577148399839693,0.6925450256583205,0.5846516789181051,0.6385197224750229,0.34388433062262536,0.9000000000000002,1.0,0.08616510676749312,0.2935389356925127,0.14128582098480327,0.3758800619676485,0.0718168795383893,0.26798671522743306,0.10359048575213266,0.3218547587843508
2025-10-22,0.8349771584541605,False,0.49564340666478934,0.8963585744001322,0.6467016555777045,0.5286164854571854,0.5443939106918215,0.3227265268720066,0.9000000000000002,1.0,0.11514739510345058,0.3393337517893712,0.03544766498338239,0.188275502876456,0.09385686195915952,0.3063606729969751,0.0844386238801089,0.290583247762339
2025-10-23,0.3927933469061719,False,0.6575245452608673,0.9424020144121711,0.6806724671019369,0.6708966913012416,0.6683463417401752,0.46750617846426246,0.9000000000000002,1.0,0.0700826073823131,0.26473119835469544,0.08287438784468769,0.28787912019576495,0.07734147016372277,0.27810334439506973,0.07592945296198822,0.27555299483400325
2025-10-24,0.2854361044860972,False,0.5507589659484629,0.8678624955255174,0.6249501548548553,0.6096232752540834,0.5767391372986579,0.3501786631694818,0.9000000000000002,1.0,0.07039622081457768,0.26532286146236567,0.11526979039779961,0.3395140503687581,0.10509732169055148,0.32418717076798625,0.08485745692579581,0.2913030328125607
2025-10-27,0.27026030741399254,False,0.4206962975283465,0.800106554150922,0.5742989328150232,0.507818174466441,0.46829096110775187,0.30985577487376387,0.9000000000000002,1.0,0.022630987121685996,0.15043599011435393,0.09243948573574824,0.30403862540103066,0.056433740198508754,0.2375578670524484,0.039216139802377634,0.19803065369375933
2025-10-28,0.420016362891887,False,0.39153396562209614,0.7373672422295139,0.5273979119703918,0.45958055262017394,0.4326016642476891,0.30227076225441996,0.9000000000000002,1.0,0.0008112469542341892,0.02848239726979085,0.011530797082499331,0.10738154907850478,0.0015653251088558872,0.03956418972828696,0.00015838981021635426,0.012585301355802103
2025-10-29,0.6933994412194209,False,0.44739505462671386,0.686704025839566,0.48952442411739183,0.4602248540530944,0.46256901486944535,0.3601753462294058,0.9000000000000002,1.0,0.06051815822285404,0.24600438659270701,0.04156502259835264,0.20387501710202904,0.054370388100186795,0.2331745871663265,0.053282685728911476,0.23083042634997553
2025-10-30,0.5124908515714809,False,0.5645984731144548,0.6461179635721461,0.45918415269729296,0.5191512029934005,0.5180127336531293,0.44192989412604666,0.9000000000000002,1.0,0.002715204222865796,0.05210762154297388,0.002841604144863349,0.05330669887418793,4.4360281063465954e-05,0.006660351421919564,3.049118172362954e-05,0.005521882081648388
2025-10-31,0.5413376075450851,False,0.5509623368275779,0.8611746852204148,0.6199506558020529,0.6258895715999838,0.5784511107887903,0.39845548304174494,0.9000000000000002,1.0,9.263541376127448e-05,0.009624729282492805,0.006180011356252348,0.0786130482569678,0.007149034625540887,0.08455196405489873,0.0013774121230205176,0.037113503243705215
2025-11-03,0.5687268267649516,False,0.5443109392620895,0.7971168555975822,0.5720639718332228,0.5703869700970018,0.5555811297890949,0.40608861385216277,0.9000000000000002,1.0,0.0005961355625524155,0.024415887502862055,1.1136537206686844e-05,0.003337145068271208,2.7560758829508183e-06,0.0016601433320502235,0.00017280934898104687,0.013145696975856658
2025-11-04,0.5559747004283241,False,0.5741011064845654,0.7407338938200241,0.5299146656864817,0.5418877898595097,0.55577565178685,0.4147302739647268,0.9000000000000002,1.0,0.0003285665965157403,0.018126406056241273,0.0006791254107460316,0.026060034741842375,0.00019844104937377462,0.014086910568814393,3.962036167269716e-08,0.00019904864147413104
2025-11-05,0.6560645655404531,False,0.5810061998944555,0.960500835975737,0.6942023127667953,0.6595385618782049,0.6276252952646904,0.4118436065274681,0.9000000000000002,1.0,0.0056337582534482815,0.07505836564599766,0.0014544877635003738,0.03813774722634222,1.2068650554712958e-05,0.0034739963377518057,0.0008087920938178834,0.028439270275762762
2025-11-06,0.7103129986202634,False,0.6146872645113102,0.8854500482490705,0.6380977994756111,0.6406290540512853,0.6248273251187966,0.4331409180930353,0.9000000000000002,1.0,0.009144281023876226,0.09562573410895325,0.005215034987501798,0.07221519914465235,0.00485585213069241,0.06968394456897808,0.007307800373999392,0.08548567350146685
2025-11-07,1.008456334410452,False,0.6612773214304429,1.054109403540835,0.7641797677970069,0.7520991941039882,0.7072570968039935,0.4468287878186993,0.9000000000000002,1.0,0.12053326705377332,0.3471790129800091,0.05967104099645288,0.2442765666134451,0.06571898338610799,0.25635714030646384,0.09072098073471184,0.3011992376064585
2025-11-10,0.6382945614954638,False,0.8028173933021829,0.9699946494222942,0.7012994505694827,0.7676786831220117,0.7535485348710709,0.4853216791522113,0.9000000000000002,1.0,0.027067762185701987,0.16452283180671912,0.003969616047229427,0.06300488907401891,0.016740250929073337,0.1293841216265479,0.01328347837886514,0.11525397337560706
2025-11-11,0.4184221211675579,False,0.7239494167436811,0.8865727161266219,0.6389370542891257,0.6738772398393069,0.6877057796626793,0.42633372411425907,0.9000000000000002,1.0,0.09334692834205974,0.3055272955761232,0.04862683572960953,0.22051493312156784,0.06525731765559738,0.255455118671749,0.07251368873251718,0.2692836584951214
2025-11-12,0.39492593894465067,False,0.5730338369388279,0.8203736642353873,0.5894496911421574,0.5482627400621561,0.5788865092337766,0.35652560155910834,0.9000000000000002,1.0,0.03172242332790425,0.17810789799417726,0.037839490168997,0.19452375219750673,0.023512174576949426,0.15333680111750547,0.03384149142110044,0.18396057028912594
2025-11-13,0.7525806577245375,False,0.5153830126894056,0.7646015631400513,0.5477570363151815,0.49359405722190014,0.526719705004097,0.3501786631694818,0.9000000000000002,1.0,0.05626272281021246,0.23719764503513197,0.041952715887243225,0.20482362140935606,0.06707405923991269,0.2589866005026374,0.051013169963785056,0.2258609527204405
2025-11-14,1.1584498661942904,True,0.6383843133288682,1.106959854980438,0.8036883318648128,0.7542471561692768,0.7132209198778883,0.4527210361358955,0.9000000000000002,1.0,0.27046817927721717,0.5200655528654221,0.12585574623980508,0.35476153432947755,0.16337983079156515,0.4042027100250135,0.19822881463801365,0.4452289463164021
2025-11-17,1.162680405923115,True,0.8489017108192182,1.0321445773629292,0.7477598750874863,0.8388793762552941,0.7987120743949504,0.4962302301630213,0.9000000000000002,1.0,0.09845706950110429,0.3137786951038969,0.17215904690891995,0.41492053083562874,0.10484710681394109,0.323801029667821,0.13247294635539597,0.36396833152816466
2025-11-18,0.9730142579387593,False,0.9424254433571232,1.1477337995294585,0.8341690554278476,0.9366638723308841,0.8885979584874691,0.49722225079983,0.9000000000000002,1.0,0.0009356755775097129,0.030588814581636092,0.01927799026029608,0.1388452025109117,0.001321350533841219,0.03635038560787518,0.007126111613049889,0.08441629945129014
2025-11-19,0.8994687094203001,False,0.9035841332591302,1.2279158067148024,0.8941094321261932,0.9267819231088023,0.8990327972070895,0.48036724200394953,0.9000000000000002,1.0,1.693671337321127e-05,0.004115423838830123,2.8721853115129787e-05,0.005359277294106901,0.000746011641993781,0.027313213688502147,1.9001945762616235e-07,0.0004359122132105986
2025-11-20,1.6451932054578813,True,0.8732631402796414,1.1216981535080417,0.8147060052387802,0.8198576278566477,0.8456558151169357,0.4714596290177347,0.9000000000000002,1.0,0.5958760255260818,0.7719300651782399,0.6897089897277613,0.830487200219101,0.6811788156543618,0.8253355776012335,0.6392600385532097,0.7995373903409456
2025-11-21,1.424041196017135,True,1.1788326071611044,1.3574409030401375,0.9917111429834964,1.0875388255711589,1.082080168432027,0.517056870810097,0.9000000000000002,1.0,0.0601272520487659,0.2452085888560307,0.18690927475606883,0.4323300530336387,0.113233845315761,0.3365023704459762,0.1169373443870631,0.34196102758510816
2025-11-24,0.7008171706691849,False,1.2371787740662465,1.2323261156913665,0.8980285328952239,1.049633964705695,1.0648449365990982,0.5081342029187761,0.9000000000000002,1.0,0.2876837695986668,0.5363616033970616,0.03889232139104995,0.19721136222603897,0.12167315580190904,0.34881679403651,0.1325162143679237,0.36402776592991326
2025-11-25,1.0870110335835288,False,0.9221078030686436,1.1191094616614639,0.8132549271549555,0.8156924565705289,0.874746940833635,0.4350905921177676,0.9000000000000002,1.0,0.027193075434245366,0.1649032305148852,0.07494240580693234,0.2737561064285733,0.07361377023235915,0.2713185770129999,0.0450560450709355,0.21226409274989377
2025-11-26,0.4832746562562409,False,0.9522357777031827,1.0226670016359067,0.7410413897307813,0.7649618917623331,0.8495292131089485,0.48631294410936604,0.9000000000000002,1.0,0.2199245334287733,0.4689611214469418,0.06644368888613474,0.2577667334745404,0.07934769864706465,0.2816872355060922,0.1341424004153732,0.3662545568527076
2025-11-28,0.2342084964213433,False,0.7804128358622885,0.9388915514803763,0.6783125708741254,0.6407300425837887,0.7410820241466308,0.38521752828180644,0.9000000000000002,1.0,0.2983391804241192,0.5462043394409452,0.19722842894556222,0.4441040744527821,0.16525976749430524,0.4065215461624454,0.2569207731086778,0.5068735277252875
2025-12-01,0.42069646625205154,False,0.5240588742002426,0.8653934580275516,0.623279162137408,0.5111766800976326,0.5533901519511951,0.295617744725026,0.9000000000000002,1.0,0.010683787376848261,0.10336240794819102,0.041039748672178814,0.20258269588535643,0.008186669097542083,0.09048021384558108,0.017607614224423102,0.13269368569914358
2025-12-02,0.464461529303145,False,0.500283976155151,0.9026849035215543,0.651202000211728,0.5680569493167814,0.5543652119798705,0.3583484223491107,0.9000000000000002,1.0,0.0012832476984647927,0.035822446852005974,0.03487200347515935,0.18674047090858303,0.010732011047801741,0.10359542001363642,0.008082672158837362,0.08990368267672555
2025-12-03,0.4485257033128927,False,0.5346164072497974,0.8355801299032412,0.6009557385574458,0.5675008100896469,0.5596745769685478,0.3777271977997976,0.9000000000000002,1.0,0.00741160930435178,0.08609070393690471,0.02323491564465569,0.15243003524455306,0.014155076032540067,0.11897510677675421,0.012354072114920785,0.11114887365565512
2025-12-04,0.40874595764987426,False,0.5047403381888789,0.7745630737497687,0.5552677970959353,0.5506819612940397,0.5234036637211207,0.36936996112494874,0.9000000000000002,1.0,0.009214921095067228,0.09599438053900461,0.021468649434657296,0.14652183944606106,0.02014582913047654,0.14193600364416542,0.013146389561520339,0.11465770607124642
2025-12-05,0.39193858476093074,False,0.4834699939976568,0.7217901838628329,0.5157528670762926,0.5125765168409754,0.49477476733560355,0.3501786631694818,0.9000000000000002,1.0,0.008377998876861015,0.09153140923672604,0.015329976505268138,0.1238142823153619,0.014553510656549465,0.12063793208004464,0.01057528044653144,0.10283618257467281
2025-12-08,0.45002176525462073,False,0.4777113098345396,0.673600224979781,0.4796695133506774,0.4736963596780963,0.4783829531525308,0.34298953732650117,0.9000000000000002,1.0,0.0007667108790433132,0.027689544579918846,0.0008789889671672332,0.029647748096056692,0.0005604864211160611,0.02367459442347558,0.0008043569789805618,0.02836118789791009
2025-12-09,0.2892890546211801,False,0.49603350990669065,0.7011922430220499,0.5003296792877124,0.49847191708857763,0.49762038582394486,0.36936996112494874,0.9000000000000002,1.0,0.042743269791302475,0.20674445528551055,0.04453814525964018,0.21104062466653234,0.043757469950054154,0.20918286246739753,0.04340194356071606,0.20833133120276476
2025-12-10,0.6468307699925089,False,0.4373197028838931,0.6842893844019732,0.48767327034487773,0.46367525669074305,0.45287934918764383,0.3090078238410176,0.9000000000000002,1.0,0.0438948872409909,0.20951106710861578,0.02533110969408571,0.15915749964763115,0.033545942052833316,0.18315551330176583,0.03761715363222584,0.19395142080486505
2025-12-11,0.6325982864527101,False,0.5465433866733587,0.6366056386610237,0.451968955495626,0.4920813034692572,0.5066813684826696,0.4214883208314183,0.9000000000000002,1.0,0.00740544577603422,0.08605489977935143,0.03262695520200382,0.1806293309570841,0.01974502250677199,0.1405169829834529,0.015855070231073895,0.12591691797004045
2025-12-12,0.8180983010038788,False,0.6104226783252484,0.5965302695237105,0.4219615897749873,0.501932816053287,0.5317170293466496,0.41762280789123635,0.9000000000000002,1.0,0.04312916425495686,0.20767562267863038,0.15692429398324217,0.3961367112288915,0.09996061387404291,0.3161654849505918,0.08201423275601175,0.28638127165722926
2025-12-15,0.4971940965058154,False,0.6971182507333014,0.8133646661562947,0.5843213928319181,0.6507815946154755,0.6453866153120631,0.4586265644603905,0.9000000000000002,1.0,0.039969667443575586,0.19992415422748594,0.007591165765096503,0.08712729632610267,0.02358911957558483,0.15358749810966005,0.021961022630140072,0.14819251880624768
2025-12-16,0.6353136433172045,False,0.6154596058209637,0.7968639885214287,0.5719661262657826,0.5913749139604404,0.5987051551303415,0.38521752828180644,0.9000000000000002,1.0,0.00039418280490213634,0.019854037496240817,0.004012907916580193,0.06334751705142194,0.0019306119374869657,0.04393872935676413,0.0013401814073276893,0.03660848818686302
2025-12-17,0.569837974122362,False,0.6286453463643218,0.8056120043283167,0.578516406782171,0.5815368424919825,0.6077587231754042,0.41665798963668077,0.9000000000000002,1.0,0.0034583070300044185,0.058807372241959754,7.531519343083853e-05,0.008678432659808943,0.00013686352112970512,0.011698868369620419,0.0014379832087438019,0.03792074905304221
2025-12-18,0.6003366271917594,False,0.6208313947118425,0.9924545622772454,0.7184191223215496,0.6857857473161157,0.6603672967577289,0.40513190556097894,0.9000000000000002,1.0,0.0004200354957022514,0.020494767520083057,0.013943475656076924,0.11808249512979019,0.007301552130026681,0.08544912012435635,0.0036036812885386136,0.060030669565969474
2025-12-19,0.3121142542675307,False,0.6164765821483041,0.9116257431331033,0.6578966620413935,0.6400696096267108,0.6334158619366418,0.4089629916711929,0.9000000000000002,1.0,0.09263642663300344,0.30436232788077344,0.11956547352588995,0.3457824077738628,0.10755471510876609,0.3279553553591801,0.10323472309075539,0.3213016076691111
2025-12-22,0.48719248614804767,False,0.4904556283677325,0.8386715498587255,0.6032705112269738,0.5508111047165273,0.5259889590346266,0.31497023944286595,0.9000000000000002,1.0,1.0648097145889591e-05,0.0032631422196848225,0.013474107906223814,0.11607802507892617,0.0040473286285616986,0.06361861856847961,0.0015051663084390554,0.03879647288657895
2025-12-23,0.2553071299245764,False,0.5029234011447989,0.7743234326162607,0.5555112360905866,0.5207792166807541,0.5229346210761363,0.38052945043215447,0.9000000000000002,1.0,0.06131381777300682,0.24761627122022256,0.09012250535893314,0.30020410616601023,0.07047542884667955,0.2654720867561777,0.07162447402007828,0.2676274911515599
2025-12-24,0.22041998578343963,False,0.42267210463144567,0.7187621222219527,0.5138144900735876,0.4647517421023076,0.44976627710846684,0.2972730233643138,0.9000000000000002,1.0,0.040905919578507956,0.20225211884800604,0.08608033514766165,0.29339450429014796,0.05969800714586267,0.24433175631886794,0.05259972134454425,0.2293462913250272
2025-12-26,0.24294651613143828,False,0.349122234500581,0.6696134149237408,0.47693016983827297,0.4092541825180933,0.38637863871423284,0.29150305976865665,0.9000000000000002,1.0,0.01127328317120351,0.10617571836914272,0.05474835020199993,0.2339836537068347,0.027658239898974948,0.16630766638665503,0.020572773788605805,0.14343212258279456
2025-12-29,0.3206425813040567,False,0.33199849114504226,0.6416990912541838,0.4559814834947439,0.4025106165382084,0.3688552901265927,0.2972730233643138,0.9000000000000002,1.0,0.0001289566883165926,0.011355909840985556,0.018316618446180388,0.13533890219068717,0.006702375193100305,0.0818680352341517,0.0023244652920066384,0.04821270882253598
2025-12-30,0.19969795099764426,False,0.359755998250375,0.6842040573290521,0.4878799171765116,0.44334130234623437,0.4007723038694772,0.3201299645130906,0.9000000000000002,1.0,0.025618578490357393,0.16005804725273076,0.08304884563071784,0.2881819661788673,0.05936208265637252,0.2436433513485901,0.0404308953828264,0.20107435287183295
2025-12-31,0.3405662448276536,False,0.3138368426478393,0.6758145479176076,0.48158389498672427,0.42723720760214634,0.3627356216717973,0.29150305976865665,0.9000000000000002,1.0,0.0007144609408902608,0.026729402179814288,0.019885977656386052,0.1410176501590707,0.007511855788257511,0.08667096277449277,0.0004914812696576557,0.022169376844143718
2026-01-02,0.6920962668402838,False,0.34925063406882917,0.7977830420520181,0.5731168211525434,0.5097958409558742,0.422668106051616,0.3279524833079528,0.9000000000000002,1.0,0.11754312791045912,0.34284563277145463,0.014156108496161977,0.11897944568774044,0.033233445277637136,0.18230042588440964,0.07259153382596424,0.2694281607886678
2026-01-05,0.29478521557552345,False,0.5222167314197551,0.7416691110990975,0.5310053534719854,0.5613816971501089,0.5260577308037694,0.437042275932167,0.9000000000000002,1.0,0.051725094399204995,0.22743151584423166,0.0557999535478235,0.23622013789646196,0.07107368398794826,0.26659648157458543,0.053486976299999246,0.23127251522824593
2026-01-06,0.30698010925507185,False,0.438655703980152,0.6880270445566766,0.4907489302779884,0.4825267995473003,0.4548856359229758,0.3115555149153412,0.9000000000000002,1.0,0.01733846224620356,0.13167559472508017,0.03377097958015273,0.18376882102291653,0.03081664047255558,0.17554669029222847,0.02187604481891005,0.14790552666790396
2026-01-07,0.41219700800651343,False,0.3767708475288202,0.6402813942917235,0.4549175534010642,0.41392838172139607,0.40138473418907206,0.31497023944286595,0.9000000000000002,1.0,0.001255012846191276,0.03542616047769326,0.001825044998807874,0.04272054539455078,2.997654940586491e-06,0.0017313737148826336,0.0001169052651033283,0.010812273817441376
2026-01-08,0.31511543969357025,False,0.42662070100826893,0.6759648199208573,0.48169666866877925,0.452876996782755,0.4460067137589937,0.35198678433070224,0.9000000000000002,1.0,0.012433423300859238,0.11150526131469868,0.027749305846891007,0.166581228975209,0.018978246611636707,0.13776155708918475,0.017132525626469792,0.13089127406542345
2026-01-09,0.5447185494283698,False,0.40734875445863267,0.6474178640747521,0.4602732148476564,0.4281526795401669,0.4243830096431711,0.3218597801343157,0.9000000000000002,1.0,0.018870460570027628,0.13736979496973717,0.0071310145324486405,0.08444533458071346,0.013587602022793457,0.11656586988820294,0.014480642135395147,0.12033553978519873
2026-01-12,0.385466150419563,False,0.4673396997335646,0.603209604311362,0.42709652109933105,0.4472570628748612,0.45095887341578234,0.4070460354701607,0.9000000000000002,1.0,0.00670327807727225,0.08187354931400159,0.0017330877629348912,0.04163037067976805,0.0038181168620583287,0.06179091245529822,0.004289296765459517,0.06549272299621933
2026-01-13,0.457988847839404,False,0.45254395209761583,0.5667596716198839,0.399742170113236,0.4161829022592607,0.43433894138821827,0.34478023326529045,0.9000000000000002,1.0,2.9646889638943182e-05,0.005444895741788192,0.0033926754661360798,0.05824667772616804,0.0017477370858499058,0.04180594558014333,0.0005593180751498376,0.023649906451185754
2026-01-14,0.5801794578116716,False,0.45871690877191396,0.5854458931467689,0.4137655008715351,0.4201843653977475,0.4416955913532391,0.3786603849293764,0.9000000000000002,1.0,0.014753150819235525,0.12146254903975762,0.027693605064473603,0.1664139569401365,0.0255984295965401,0.15999509241392407,0.019177781269276956,0.13848386645843247
2026-01-15,0.37397028571478597,False,0.5220740119732108,0.6631012955700011,0.4720430607186672,0.49373078012582094,0.5011799456288187,0.41762280789123635,0.9000000000000002,1.0,0.021934713731630435,0.14810372625842483,0.00961826919696191,0.09807277500388123,0.014342576021575541,0.11976049441103498,0.016182297575443875,0.12720965991403277
2026-01-16,0.3840999392661345,False,0.46844828961135865,0.6200534374100156,0.43973720623945756,0.435909472182328,0.45867756733754966,0.34031186309644484,0.9000000000000002,1.0,0.007114644205960674,0.08434835034522414,0.003095505476260824,0.05563726697332305,0.0026842277009941377,0.0518095329161935,0.00556182260875833,0.07457762807141516
2026-01-20,0.7731576697439213,False,0.430169213113722,0.6108460599328992,0.4328274037632134,0.4133772757716798,0.43108332322588966,0.34388433062262536,0.9000000000000002,1.0,0.11764108138156609,0.3429884566301993,0.1158246899424994,0.3403302659807079,0.1294419318868213,0.3597803939722415,0.11701485854573838,0.34207434651803165
2026-01-21,0.9648457345509497,False,0.5905313477730127,1.1224390763408163,0.8167593866096204,0.7723071940958879,0.6938398929234293,0.4566566800547244,0.9000000000000002,1.0,0.14011126014894296,0.37431438677793694,0.021929566446600428,0.14808634794132924,0.03707108956056547,0.1925385404550618,0.07344416619624067,0.2710058416275204
2026-01-22,0.424872984831764,False,0.7490317619423335,1.0237760110787562,0.742716338591225,0.7928756397236352,0.746010548712721,0.4783864931370241,0.9000000000000002,1.0,0.10507891277781985,0.32415877711056945,0.10102439752906187,0.317843353759461,0.13542595400746563,0.3680026548918712,0.10312933493539574,0.321137563880957
2026-01-23,0.37758232447118556,False,0.5783425960479516,0.940692216055752,0.6803649672031679,0.6534025694484283,0.6155563085939026,0.3647603180025517,0.9000000000000002,1.0,0.040304686643576844,0.20076027157676601,0.09167732873976324,0.3027826427319823,0.07607680753930622,0.2758202449772428,0.056631617119239204,0.23797398412271709
2026-01-26,0.3801735379493003,False,0.473754374519147,0.8753689966098902,0.6308377247254676,0.5456658006526907,0.5273517317702491,0.34120329863543636,0.9000000000000002,1.0,0.008757372973112352,0.09358083656984667,0.06283253453215729,0.2506641867761673,0.027387689014687962,0.16549226270339035,0.02166142073639676,0.14717819382094877
2026-01-27,0.2774037734271344,False,0.46623265713597306,0.808840732764007,0.5808802443644457,0.5041866353329325,0.5054531218966292,0.3420958583497839,0.9000000000000002,1.0,0.035656347322726115,0.18882888370883866,0.09209796841256478,0.30347647093731134,0.051430466454184295,0.2267828619057981,0.05200650533736105,0.22804934846949476
2026-01-28,0.3686088157618515,False,0.4062423097963913,0.7501751384690111,0.5368270088606713,0.46166691787539615,0.4459331658943013,0.3039472187960727,0.9000000000000002,1.0,0.001416279873247743,0.037633494034539805,0.028297360489431808,0.16821819309881975,0.008659810368974903,0.09305810211354465,0.0059790551234056915,0.07732435013244982
2026-01-29,1.2338788627259927,True,0.39457049182607623,0.7142767909116996,0.509870180447983,0.46528195559324714,0.4335007802702736,0.3376443502103327,0.9000000000000002,1.0,0.7044385414626718,0.8393083708999165,0.5241885720139399,0.7240086822780096,0.5907412056540222,0.7685969071327455,0.6406050748754938,0.8003780824557191
2026-01-30,0.7257072711514351,False,0.7636440869472112,0.7175523226881202,0.5123298465347385,0.650965892444815,0.6376877836867856,0.5011904739409041,0.9000000000000002,1.0,0.0014392019927226489,0.037936815795776124,0.04552992533605405,0.21337742461669662,0.0055862736909664075,0.07474137870662012,0.007747430173539589,0.08801948746464949
2026-02-02,0.5595721515381202,False,0.7408090096625084,0.7400527620232302,0.5292259023043898,0.6414254684140157,0.6460600126197367,0.44780983806236807,0.9000000000000002,1.0,0.0328467987427996,0.18123685812438817,0.0009208948425556839,0.030346249233730416,0.006699965483585755,0.08185331687589548,0.007480150114472983,0.08648786108161644
2026-02-03,1.1808020934296746,True,0.6092744150850559,0.6877471924736235,0.4899485438932363,0.5154471477814656,0.56036005413671,0.4099225126939549,0.9000000000000002,1.0,0.32664388711398995,0.5715276783446187,0.477278626907096,0.6908535495364383,0.4426972036985311,0.665354945648209,0.38494832412201263,0.6204420392929646
2026-02-04,0.9245469936460023,False,0.8527631778905537,0.8321373717356033,0.5983741832803544,0.6932224341111295,0.7262753094117644,0.49722225079983,0.9000000000000002,1.0,0.005152916204412202,0.07178381575544868,0.10638870222182494,0.32617281036564794,0.053511051844002934,0.23132455953487285,0.039311660769081345,0.1982716842342379
2026-02-05,0.7636136921222774,False,0.8896015244345045,0.8790807440693589,0.6336249543943651,0.7196538836717559,0.7684125584437901,0.47343772897539377,0.9000000000000002,1.0,0.015872933890733854,0.1259878323122271,0.01689707193609597,0.1299887377279123,0.0019324647590065413,0.0439598084505215,2.3029117971749007e-05,0.004798866321512718
2026-02-06,0.8392875042432042,False,0.7703873884806421,1.0894901541049025,0.7916258304427083,0.7835042032303187,0.7800233633154501,0.45370441259385347,0.9000000000000002,1.0,0.004747225952094452,0.06890011576256205,0.002271635149464878,0.04766167380049591,0.0031117766718941962,0.05578330101288553,0.0035122383999047005,0.059264140927754116
2026-02-09,0.6528158783594618,False,0.7797188145533646,0.9889296197214313,0.7161127983696942,0.7254387046352496,0.7501082453510737,0.46553095098405023,0.9000000000000002,1.0,0.016104355214633766,0.1269029361939028,0.004006500082781766,0.06329692001023246,0.005274074896283265,0.07262282627578787,0.009465804674830497,0.09729236699161192
2026-02-10,0.42758994119108756,False,0.7309261266467203,0.9101662285890387,0.6569677021624755,0.6479757844052056,0.69932335642452,0.4273045355222857,0.9000000000000002,1.0,0.09201284140677402,0.30333618545563273,0.052614157228247166,0.2293777609713879,0.048569919889197836,0.22038584321411808,0.07383904895442503,0.2717334152334325
2026-02-11,0.7085662368108094,False,0.5845281365061136,0.9044812209029504,0.6526987096559531,0.5927503042090096,0.6095195541319163,0.3666012543399237,0.9000000000000002,1.0,0.015385450327197792,0.12403810030469586,0.0031211805903986088,0.05586752715485632,0.013413330244424631,0.11581593260179979,0.009810245349693355,0.09904668267889316
2026-02-12,0.9988099971204706,False,0.63926080573037,0.8545498303771482,0.6152041724864605,0.6075145460034116,0.6286294603478599,0.44192989412604666,0.9000000000000002,1.0,0.12927562102927515,0.35954919139010055,0.14715342869313888,0.38360582463401005,0.1531121300649027,0.391295451117059,0.13703362980525816,0.37018053677261065
2026-02-13,0.9083787905749813,False,0.8035225425056286,1.143744717700459,0.8323667297032042,0.8578462454386868,0.8173783451575736,0.48036724200394953,0.9000000000000002,1.0,0.010994832759181627,0.10485624806935268,0.005777833397974737,0.07601206087177703,0.002553538117951637,0.05053254513629446,0.0082810810661666,0.0910004454174077
2026-02-17,0.9193817968467284,False,0.8239915327539821,1.0503715515288168,0.7622508444296567,0.8188078598464354,0.7948832907412962,0.4714596290177347,0.9000000000000002,1.0,0.009099302483683886,0.09539026409274631,0.024690136207496032,0.15713095241707165,0.010115116803738892,0.10057393700029293,0.015499878022484346,0.12449850610543223
2026-02-18,0.618060847899985,False,0.8278422182558991,0.9670653233523223,0.699694435807315,0.7597108419857446,0.7674257122832443,0.4714596290177347,0.9000000000000002,1.0,0.04400822334840517,0.20978137035591404,0.006664042674623775,0.08163358790733,0.020064720824495706,0.1416499940857595,0.022309862712229424,0.14936486438325924
2026-02-19,0.4751947296749724,False,0.7320405676345817,0.8905708165448861,0.6422530928254627,0.6485627680997303,0.6947164701997959,0.41569380934405353,0.9000000000000002,1.0,0.06596978447717387,0.2568458379596093,0.027908496698521107,0.16705836315049033,0.03005647674724835,0.17336803842475795,0.04818979456304793,0.21952174052482348
2026-02-20,0.5677780017354249,False,0.621243278345255,0.8871137155242306,0.6396570825531135,0.5871359844251482,0.6282675059981266,0.3814653166494472,0.9000000000000002,1.0,0.0028585358029656377,0.053465276609830026,0.005166602259195805,0.07187908081768857,0.0003747314938156281,0.01935798268972333,0.0036589801259474097,0.06048950426270172
2026-02-23,0.8626327591878689,False,0.6095186500801932,0.8177329377116008,0.5875575891252333,0.5632377401232276,0.6005794872837582,0.4070460354701607,0.9000000000000002,1.0,0.06406675222937232,0.2531141091076756,0.0756663491849879,0.2750751700626356,0.08963737744071691,0.2993950190646413,0.06867191731564976,0.26205327190411065
2026-02-24,0.7070825483641301,False,0.7275119726064109,0.9838254949755677,0.712280003148367,0.7307052504515245,0.7204661181384842,0.46257015465625034,0.9000000000000002,1.0,0.0004173613748710896,0.02042942424228078,2.7013536234187493e-05,0.005197454784236943,0.0005580320539097861,0.023622702087394365,0.00017911993990500373,0.013383569774354065
2026-02-25,0.25027462937841033,False,0.7110687541573938,0.903186753648082,0.6528960100605854,0.6920057877776539,0.685758340483198,0.4350905921177676,0.9000000000000002,1.0,0.21233122543082938,0.46079412477898346,0.16210397618242092,0.40262138068217507,0.1951264163007376,0.44173115839924354,0.18964606263759812,0.4354837111047876
2026-02-26,0.8462185466383512,False,0.5038141320412188,0.8312458104162774,0.5987893659913809,0.542406215634446,0.5321265023896816,0.2981026649886393,0.9000000000000002,1.0,0.11724078313560489,0.34240441459713233,0.061221199435631056,0.24742918064697028,0.09230193247002642,0.30381233100390515,0.09865381226030819,0.31409204424866954
2026-02-27,0.47081212072215284,False,0.6642211911290123,0.8926871989173611,0.6449993152831794,0.6492326456523753,0.6553297250462221,0.46257015465625034,0.9000000000000002,1.0,0.037407068515645535,0.1934090704068595,0.030341178749040937,0.1741871945610266,0.03183388371637612,0.17842052493022242,0.034046746305493786,0.18451760432406927
2026-03-02,0.8450656623413011,False,0.6220874338255978,0.9314312348149465,0.6741386296421878,0.6569821891698137,0.6418944467640213,0.38052945043215447,0.9000000000000002,1.0,0.04971929039200118,0.22297822851570326,0.02921605050732373,0.17092703269911325,0.035375392880249636,0.18808347317148744,0.0412785428391495,0.2031712155772798
2026-03-03,1.2651860674312112,True,0.6975754861210758,0.8644545523373067,0.6237655964713955,0.6625937075294386,0.6633604095785337,0.4635568039043992,0.9000000000000002,1.0,0.32218177201522985,0.5676105813101354,0.4114202205663118,0.6414204709598157,0.3631175522119875,0.6025923599017726,0.36219412244980803,0.6018256578526775
2026-03-04,0.7043874248659138,False,0.9355139730589676,0.9913844566566591,0.7192293316717591,0.8539781335558766,0.8268996055509218,0.502182525820668,0.9000000000000002,1.0,0.053419481279636014,0.23112654819305378,0.0002202821976333969,0.014841906805845295,0.02237738012636532,0.14959070868996283,0.015009234416196053,0.12251218068500802
2026-03-05,1.0283090892624192,False,0.8236629698041597,0.9108599497387242,0.658667005978888,0.7215340933204731,0.7517138090794415,0.4360661864487266,0.9000000000000002,1.0,0.04188003420932422,0.2046461194582595,0.13663526973418894,0.3696420832835311,0.09411089813518099,0.306774995941946,0.0765049490194999,0.27659528018297763
2026-03-06,0.6604310528946205,False,0.8606872238446567,0.9630516667265605,0.6979202952403649,0.7559528239631923,0.7818542311017618,0.4843305296652037,0.9000000000000002,1.0,0.04010253400357013,0.20025617095003623,0.00140544329165796,0.03748924234574447,0.00912440874807665,0.09552177106857185,0.0147435882059232,0.12142317820714132
2026-03-09,1.4850098896733879,True,0.7871630679226993,1.1734249048294698,0.8561416001660412,0.8206064587967609,0.8167719533409676,0.42924783197494437,0.9000000000000002,1.0,0.4869901866275373,0.6978468217506886,0.39547532554789594,0.6288682895073466,0.4414319189606329,0.664403430876627,0.4465419395538117,0.6682379363324202
2026-03-10,0.8941581407390715,False,1.057311128173676,1.07085392714372,0.7789981665083677,0.8915490910671244,0.9142350058074524,0.5140835752316958,0.9000000000000002,1.0,0.02661889730883621,0.1631529874346045,0.013261819664816361,0.11515997423070379,6.807140190687184e-06,0.0026090496719470835,0.00040308051097397363,0.02007686506838091
2026-03-11,0.6948662260409166,False,0.9613198813105508,1.0275354013945934,0.7464183871919008,0.8385083277471854,0.8597899775379108,0.4724485708628156,0.9000000000000002,1.0,0.07099755040654904,0.26645365526963416,0.00265762531933704,0.051552161150984155,0.020633053382594066,0.1436421017062688,0.02719984380784227,0.16492375149699412
2026-03-12,0.38567704118447055,False,0.7932664782829105,0.982743204023744,0.7127302623029479,0.7034287945058102,0.7581473577095172,0.4360661864487266,0.9000000000000002,1.0,0.16612914923422317,0.40758943709844,0.10696380944397163,0.32705322111847734,0.10096617673878548,0.31775175332133965,0.13873413669226847,0.3724703165250467
2026-03-13,0.9648986895641535,False,0.6180190049472163,1.2397732465713895,0.9060420594864708,0.768866456143395,0.7170656202613317,0.34388433062262536,0.9000000000000002,1.0,0.12032551559994581,0.3468796846169372,0.0034641029041011856,0.058856630077682714,0.03842863653993074,0.19603223342075848,0.061421230240057266,0.24783306930282178
2026-03-16,0.5192312374788044,False,0.7934476687158988,1.2527309128980098,0.9157874952342746,0.863637162616943,0.8525793397150748,0.48333950343058846,0.9000000000000002,1.0,0.07519465116040812,0.2742164312370944,0.1572568655650229,0.3965562577554702,0.11861544127025714,0.3444059251381386,0.11112095726452301,0.3333481022362704
2026-03-17,0.47622160724483525,False,0.6797962159521909,1.1397397404667422,0.8308070532903618,0.79048976476745,0.7395369375189719,0.39560552487368045,0.9000000000000002,1.0,0.041442621310352944,0.2035746087073556,0.125730838547305,0.3545854460455265,0.09876447483265902,0.3142681575226148,0.06933496315737765,0.2633153302741366
2026-03-18,0.6339650241656463,False,0.5696450859065804,1.0458050405691675,0.7601589474304057,0.6881510519250662,0.6428554050572131,0.384278175693148,0.9000000000000002,1.0,0.004137054457650049,0.0643199382590659,0.015924906268951988,0.12619392326475942,0.0029361256043446285,0.05418602775941994,7.903887239713602e-05,0.008890380891566796
2026-03-19,0.7941963867606868,False,0.6148894811685417,1.2625433775913526,0.9231674309253266,0.8382726940869202,0.74512341975226,0.4224562239578475,0.9000000000000002,1.0,0.032150966393030445,0.17930690559214513,0.016633530232917464,0.12897104416463978,0.001942720867516572,0.044076307326233355,0.0024081560910101433,0.04907296700842678
2026-03-20,1.05835571190587,False,0.7166572887062787,1.2121768317303783,0.8852868493333657,0.85354319247706,0.794327683725603,0.46059774294903877,0.9000000000000002,1.0,0.116757812417087,0.3416984231995913,0.029952831192140383,0.1730688625725043,0.041948168114776654,0.20481251942880996,0.06971079966475983,0.26402802818026694
2026-03-23,0.8969661695337651,False,0.8441538064036982,1.4109777638846046,1.0348046453683146,1.0381969860197346,0.9378149829182305,0.49127072832821495,0.9000000000000002,1.0,0.002789145699382047,0.052812363130066875,0.0189994454203917,0.13783847583454956,0.019946143525293617,0.14123081648596958,0.0016686255549188832,0.04084881338446544
2026-03-24,0.753141603763827,False,0.8492204040530213,1.278618455292339,0.9352574657299795,0.9511770890209662,0.8902941849494965,0.4773963696098109,0.9000000000000002,1.0,0.009231135865010892,0.09607880028919435,0.033166187179674705,0.18211586196615248,0.0392180534210306,0.1980354852571392,0.01881083052589167,0.13715258118566953
2026-03-25,0.6934150923523892,False,0.7858345143868269,1.2428289975758002,0.9083402838985003,0.875348045896407,0.8412954532927768,0.4527210361358955,0.9000000000000002,1.0,0.00854134956917952,0.09241942203443776,0.046192837961132556,0.21492519154611112,0.03309959958524975,0.18193295354401784,0.02186860115185931,0.1478803609403876
2026-03-26,0.8631631822535911,False,0.7433757013254684,1.1330809206569714,0.8271886917685611,0.7848937380900031,0.7800055214213986,0.437042275932167,0.9000000000000002,1.0,0.014349040587105372,0.11978748092812275,0.001294163965657513,0.035974490485029986,0.006126105889677028,0.07826944416358805,0.006915196555081973,0.08315766083219256
2026-03-27,0.6709132731493902,False,0.7985080973769534,1.426732840031235,1.048584053163489,0.9764059284380782,0.9164088147183289,0.4714596290177347,0.9000000000000002,1.0,0.016280439169662746,0.12759482422756319,0.14263521807645774,0.3776707800140987,0.09332576243533314,0.30549265528868796,0.06026806093022652,0.2454955415689387
2026-03-30,0.9451160084988417,False,0.7410520340058305,1.6510536780404796,1.2177080728712326,1.0872621780969658,0.9470469742620762,0.43216685295036067,0.9000000000000002,1.0,0.04164210568588431,0.20406397449301117,0.07430643355880172,0.2725920643723909,0.02020553353141866,0.1421461695981241,3.7286287787837267e-06,0.0019309657632344823
2026-03-31,1.0017744825923156,False,0.8107579513926401,1.567627495748567,1.1548098979923667,1.0791351345302955,0.9763700573250895,0.4813578518278935,0.9000000000000002,1.0,0.03648731519155662,0.19101653119967554,0.023419838366666185,0.15303541540005106,0.005984670468269276,0.07736065193797992,0.0006453848231580751,0.025404425267226083
2026-04-01,0.5814707060973284,False,0.8901418841855008,1.4020314875820385,1.0299607631673375,1.026419825641652,0.9584148540551911,0.48829578928722045,0.9000000000000002,1.0,0.09527789618234021,0.30867117808817235,0.20114333129066003,0.4484900570700091,0.19797971898326866,0.4449491195443235,0.14208689067967908,0.3769441479578627
2026-04-02,1.100366225657452,False,0.7423783471243695,1.2733683795621906,0.9329567478047008,0.8711444366462485,0.8210500953872977,0.4128051656540507,0.9000000000000002,1.0,0.12815532117661707,0.35798787853308256,0.028025933274930786,0.16740947785275118,0.05254262855749669,0.2292217890112035,0.07801750062909382,0.27931613027015434
2026-04-06,0.3459752427949526,False,0.8702122590570394,1.165432442031302,0.8515797353606072,0.8725961505502107,0.8609107849136234,0.49920634987288987,0.9000000000000002,1.0,0.2748244492193754,0.5242370162620867,0.25563590290257304,0.5056044925656545,0.277329580484972,0.526620907755258,0.26515861253704937,0.5149355421186708
2026-04-07,0.8900409738535583,False,0.6671262528378691,1.0672066700582814,0.7775235863982497,0.7173425190203093,0.7032348448251231,0.327078479368388,0.9000000000000002,1.0,0.04969097284550255,0.2229147210156892,0.012660162479768035,0.11251738745530859,0.029824756301791735,0.17269845483324897,0.03489652984258838,0.18680612902843519
2026-04-08,0.5883362650113552,False,0.7361021071877888,0.9875135192154633,0.7174398860460001,0.709427029210936,0.7272113051555444,0.4764064236885472,0.9000000000000002,1.0,0.02183474411411069,0.14776584217643363,0.016667744964257204,0.1291036210346449,0.014662973174438496,0.12109076419958087,0.019286276775050182,0.13887504014418928
2026-04-09,0.6152674226174659,False,0.6961007976335312,0.8934481882299398,0.6465204519328148,0.6619484238923251,0.6755383272778073,0.4147302739647268,0.9000000000000002,1.0,0.006534034516487841,0.08083337501606525,0.000976751841386058,0.0312530293153489,0.0021791158800234054,0.04668100127485919,0.0036325819485759567,0.06027090466034135
2026-04-10,0.331091318201254,False,0.653780882191507,0.8248500453183282,0.5948017004487467,0.5931263551759683,0.6290359110887938,0.4195543303845628,0.9000000000000002,1.0,0.10412855470821959,0.322689563990253,0.06954316570511872,0.2637103822474927,0.06866236060233992,0.26203503697471436,0.08877098043092181,0.29794459288753977
2026-04-13,0.6242438382819224,False,0.5167123021367837,0.7915752504160746,0.5697145657948188,0.5322160844683547,0.5339557443894669,0.3253340718414608,0.9000000000000002,1.0,0.011563031265733286,0.10753153614513877,0.0029734415579727932,0.0545292724871036,0.008469107471970634,0.09202775381356776,0.008151939898732863,0.09028809389245551
2026-04-14,0.3613327786635771,False,0.5884104607500682,0.730536992158243,0.523695499157334,0.5243379291820688,0.5610712224420246,0.4224562239578475,0.9000000000000002,1.0,0.05156427370177352,0.2270776820864911,0.02636165300613384,0.16236272049375694,0.02657067909555613,0.16300515051849168,0.03989544592303602,0.19973844377844746
2026-04-15,0.45425499369460076,False,0.5164515631462443,0.6738074438083692,0.48092493295278,0.4806746530768262,0.5046133286759873,0.33322142870828225,0.9000000000000002,1.0,0.003868413251553118,0.062196569451643535,0.0007112856600349698,0.02666993925817923,0.0006979984018728137,0.026419659382225458,0.0025359619020975384,0.05035833498138653
2026-04-16,0.4256066728429148,False,0.49791127665227075,0.62606981456913,0.4449337168896279,0.4471973433499682,0.4779989432354611,0.37586354498062097,0.9000000000000002,1.0,0.005227955732027929,0.07230460380935594,0.000373534631583588,0.019327044046713093,0.00046615705294414454,0.021590670507053378,0.002744949996885683,0.05239227039254629
2026-04-17,0.5602541611929595,False,0.4931040822882129,0.5872713567558506,0.4156820824802882,0.43424496747694036,0.4648636090178808,0.3647603180025517,0.9000000000000002,1.0,0.004509133096913688,0.06715007890474656,0.02090108594330281,0.14457207871267125,0.015878316900961226,0.1260091937160191,0.009099357444266399,0.09539055217507864
2026-04-20,0.3764709881836221,False,0.5479962011981007,0.5444516670637408,0.3833986882685146,0.4317820830573278,0.48004949760695814,0.4128051656540507,0.9000000000000002,1.0,0.02942089869966224,0.17152521301447854,4.799302846621904e-05,0.006927700084892463,0.0030593172161280696,0.05531109487370567,0.010728507614360108,0.10357850942333602
2026-04-21,0.6707462444021243,False,0.49084278446013085,0.5651579719295953,0.3990099597994412,0.4231514676688882,0.4596727441653785,0.3394215566157478,0.9000000000000002,1.0,0.03236525489910043,0.17990345994199342,0.07384060836967037,0.27173628460268306,0.06130317346558101,0.24759477673323604,0.044552022502191514,0.21107350023674576
2026-04-22,0.26651302002380195,False,0.5803694177894049,0.6810405366178619,0.4863782369869338,0.5235858118022227,0.5387398966507918,0.4429088004128847,0.9000000000000002,1.0,0.09850583841840035,0.3138563977656029,0.04834071363024503,0.21986521696313183,0.0660864202727513,0.2570727917784208,0.07410747235808636,0.27222687662698986
2026-04-23,1.0034960125254149,False,0.47021600788917145,0.6308291094164565,0.4485219304621942,0.4424073646535768,0.46369477777955215,0.30059955909947805,0.9000000000000002,1.0,0.28438756334483173,0.5332800046362434,0.3079962317619145,0.5549740820632207,0.3148204707706475,0.5610886478718381,0.291385373033158,0.5398012347458627
2026-04-24,0.46559450719457357,False,0.6963413262284737,0.6806038866343722,0.48604902994104154,0.5732876765792598,0.5909448305860545,0.5011904739409041,0.9000000000000002,1.0,0.05324409449426344,0.2307468190339001,0.00041838750078577574,0.020454522746467974,0.011597818732118726,0.10769316938468626,0.015712703574348855,0.12535032339148094
2026-04-27,0.2801339868449036,False,0.6185300934245579,0.6353710632629539,0.45131067104583195,0.5143928672953345,0.5542713188523991,0.384278175693148,0.9000000000000002,1.0,0.11451192494826876,0.3383961065796543,0.029301457214024353,0.17117668420092835,0.054877223069889285,0.23425888045043092,0.07515127680018782,0.2741373320074955
2026-04-28,0.3608020359951472,False,0.4573948441345479,0.5965015266613739,0.42206054868148646,0.3912757847196637,0.44659566226572467,0.3056289004876026,0.9000000000000002,1.0,0.009330170584255072,0.09659280813940069,0.0037526053765423867,0.06125851268633925,0.0009286493613249691,0.03047374872451647,0.0073605463086555195,0.08579362627057746
2026-04-29,0.3779054613445,False,0.4379935313791241,0.670153204532713,0.47748494471064973,0.43493231089800005,0.4512226465463659,0.33498712887748505,0.9000000000000002,1.0,0.0036105761604858944,0.06008807003462413,0.009916073507469293,0.09957948336614975,0.003252061569997531,0.05702684955350007,0.005375409645924707,0.07331718520186592
2026-04-30,0.8548549889780769,False,0.46102425512825485,0.6437538545715487,0.4576188931901937,0.4300485827006777,0.459853204517657,0.34388433062262536,0.9000000000000002,1.0,0.15510264692468936,0.39383073384982203,0.1577965157968003,0.39723609578788316,0.18046048281431873,0.4248064062773992,0.156026409726916,0.3950017844604199
2026-05-01,0.4274097005856903,False,0.6255616544067024,0.5978963823081275,0.42311020612315714,0.5150899944210533,0.5275082372280454,0.4843305296652037,0.9000000000000002,1.0,0.03926419680308453,0.19815195382101214,1.8485652633353115e-05,0.004299494462533138,0.007687833927055599,0.08768029383536302,0.010019717037940912,0.10009853664235513
2026-05-04,0.6786762863800408,False,0.547245199151275,0.5617355281092538,0.39589842274230463,0.45580134661982546,0.49106216303102657,0.37122056678914794,0.9000000000000002,1.0,0.017274130690135454,0.13143108722876584,0.07996332016352213,0.2827778636377362,0.04967323877311964,0.22287493976021538,0.035199059280019145,0.18761412334901428
2026-05-05,0.3014596583039442,False,0.5857147642241239,0.6139946981134635,0.4352245184699325,0.48110517685767046,0.5178804736770175,0.4507553975153047,0.9000000000000002,1.0,0.08080096524169258,0.2842551059201797,0.017893037815226394,0.13376486016598826,0.032272512336437194,0.17964551855372624,0.046837969326745874,0.21642081537307328
2026-05-06,0.4429546569561003,False,0.48588194650120853,0.5723738143772302,0.4039039510375043,0.4037898422569516,0.46020149121409915,0.31326034677780584,0.9000000000000002,1.0,0.001842752187689557,0.042927289545108216,0.0015249576327406684,0.039050705918595996,0.0015338827104186565,0.03916481469914873,0.0002974532919228822,0.017246834257998833
2026-05-07,0.5407095055895236,False,0.47773562600897196,0.5301949597078165,0.3721634990502751,0.36655496303588475,0.43785816232709895,0.3777271977997976,0.9000000000000002,1.0,0.003965709509425816,0.06297387958055162,0.02840775632032838,0.16854600653924845,0.030329804692067197,0.17415454255363882,0.010578398810885098,0.10285134326242462
2026-05-08,0.24910796141274472,False,0.5187920845027761,0.5734659485482172,0.40472580436874145,0.4353806702881726,0.47159517743558765,0.4137673904306278,0.9000000000000002,1.0,0.07272952624683922,0.2696841230900314,0.024216913046277263,0.15561784295599673,0.034697522071789916,0.1862727088754279,0.04950056129359518,0.22248721602284294
2026-05-11,0.3391111650088538,False,0.42097486450389965,0.5353982690047387,0.3760790958631357,0.3650205760850649,0.4075913162253745,0.2981026649886393,0.9000000000000002,1.0,0.00670166529501517,0.08186369949504585,0.001366627911646968,0.036967930854281905,0.0006712975823160897,0.025909411076211086,0.0046895311106375384,0.06848015121652068
2026-05-12,0.6652728347934875,False,0.38727223968629615,0.5052768901101778,0.3534121413408915,0.34214721439533424,0.37610842747099804,0.32970406941577035,0.9000000000000002,1.0,0.07728433087995257,0.2780005951071914,0.09725709212073408,0.31186069345259604,0.10441016655769146,0.3231256203981533,0.08361605446216662,0.2891644073224895
2026-05-13,0.7396375502154501,False,0.5370433194970334,0.5200183569576539,0.3645053970577885,0.42435350362821117,0.4594403945586682,0.4497731503964946,0.9000000000000002,1.0,0.04104442232038703,0.20259423071841665,0.14072413233270326,0.3751321531576616,0.09940403003242423,0.3152840465872389,0.07851044603815086,0.2801971556567819
2026-05-14,0.4217913699468041,False,0.6318453537498551,0.4887292103037033,0.3409596733800125,0.4540935788204554,0.49499210266487126,0.47047091115308126,0.9000000000000002,1.0,0.044122676111532394,0.21005398380305096,0.006533763169865873,0.08083169656679162,0.001043432698116998,0.03230220887365132,0.005358347270461907,0.07320073271806715
2026-05-15,0.4767784698053797,False,0.5259005535087958,0.458408295044343,0.31814256365663107,0.37893611302117935,0.4491609928737042,0.36936996112494874,0.9000000000000002,1.0,0.0024129791073654217,0.04912208370341614,0.02516535071963458,0.15863590614874862,0.009573126781086754,0.09784235678420033,0.0007627250320716278,0.02761747693167549
2026-05-18,0.7635933068225705,False,0.5041501764666347,0.7382257311242819,0.5287109151373879,0.5038383143343981,0.5139832965766145,0.40035929870826814,0.9000000000000002,1.0,0.0673107378888871,0.2594431303559358,0.055169737923751565,0.23488239168518266,0.06747265612253053,0.25975499248817246,0.0623051572149863,0.24961001024595608
2026-05-19,0.5823622264963989,False,0.6371114145892173,0.7150545138514464,0.5112740995790124,0.5508400155589164,0.5775352819504247,0.47343772897539377,0.9000000000000002,1.0,0.002997473596822805,0.05474918809281837,0.005053521788622456,0.07108812691738653,0.0009936497823871432,0.03152221093748253,2.3299393649910173e-05,0.00482694454597421
2026-05-20,0.6061383221688195,False,0.6160947393836989,0.812873141780967,0.5848846204807346,0.6003955503029993,0.6026978635089213,0.42924783197494437,0.9000000000000002,1.0,9.913024375674662e-05,0.009956417214879387,0.00045171983544609973,0.021253701688084825,3.297942870285571e-05,0.005742771865820173,1.1836755790468321e-05,0.0034404586598981712
2026-05-21,0.6652691018275041,False,0.5896406183521016,0.7500951709209344,0.5376429116776863,0.5536321646826011,0.567219554991535,0.4311933120619438,0.9000000000000002,1.0,0.0057196675127892315,0.07562848347540252,0.01628844441215745,0.1276261901498178,0.012462805735095017,0.11163693714490297,0.009613713634738901,0.09804954683596911
2026-05-22,0.41937989410267534,False,0.6261212481413964,0.6998576886649345,0.49983817738597613,0.535587139709609,0.569570446676393,0.44780983806236807,0.9000000000000002,1.0,0.042741987469763786,0.20674135403872101,0.00647353534889588,0.08045828328330079,0.013504123931550208,0.11620724560693368,0.02255720208239865,0.15019055257371766
2026-05-26,0.35110752777504506,False,0.5466590001922897,0.6531170820863531,0.4646649136596558,0.4641029833147856,0.5167508111143174,0.3647603180025517,0.9000000000000002,1.0,0.03824037836455241,0.1955514724172447,0.012895279888946388,0.11355738588461073,0.012767972972633483,0.11299545553974055,0.027437697315414466,0.16564328333927236
2026-05-27,0.2959751251765493,False,0.45871183119232095,0.6116065487647039,0.43316200520134235,0.40610346067352526,0.44986607334127116,0.3462159724364918,0.8500000000000002,1.0,0.026483235484863695,0.16273670601577167,0.01882024005093697,0.13718688002479307,0.0121282502793345,0.11012833549697598,0.023682423927037115,0.15389094816472187
2026-05-28,0.4249794977078316,False,0.4133372253817175,0.5909787907900746,0.4175937402083102,0.3813046141726687,0.4147168293373566,0.324115858124109,0.8500000000000002,1.0,0.00013554250491540197,0.01164227232611409,5.4549413841736856e-05,0.007385757499521417,0.0019074954518100444,0.04367488353516291,0.00010532236208234828,0.010262668370475014
2026-05-29,0.31331079489649,False,0.4421836728138159,0.5540015600183533,0.38968613492853643,0.38744270850315743,0.42188170576492845,0.386722270542523,0.8500000000000002,1.0,0.01660821866269398,0.12887287791732588,0.0058331925650107145,0.07637534003204643,0.005495540614986404,0.07413191360666743,0.011787642686802408,0.10857091086843845
2026-06-01,0.45180396220220465,False,0.4065217830070059,0.5220965683155373,0.3656066704496122,0.3684646656463203,0.3929024166380263,0.3328688476629534,0.8500000000000002,1.0,0.0020504757526660883,0.045282179195198724,0.007429973105481541,0.08619729175259244,0.006945438350429637,0.08333929655588435,0.0034693920698489807,0.05890154556417837
2026-06-02,0.2691119298882286,False,0.439348272157623,0.49291877386081395,0.34358548731657124,0.36914720019094455,0.4010452369622658,0.39997829280897684,0.8500000000000002,1.0,0.02898041222926241,0.17023634226939444,0.005546310756032653,0.07447355742834266,0.010007055304537448,0.10003527030271597,0.017406397515492198,0.13193330707403722
2026-06-03,0.36864144683234074,False,0.3900322402719354,0.46706394078584434,0.3240722230463192,0.33130148460050973,0.36939209932097194,0.31291897454125617,0.8500000000000002,1.0,0.00045756604397540585,0.021390793439594658,0.001986415708888466,0.04456922378602152,0.0013942727794745658,0.037339962231831,5.634791586882279e-07,0.0007506524886312094
2026-06-04,0.4915095773262097,False,0.39863711727090323,0.6061676564785229,0.4290571424002581,0.407928257353416,0.40949925692133604,0.3570720143801265,0.8500000000000002,1.0,0.008625293836724496,0.09287246005530647,0.0039003066281802184,0.062452434925951594,0.006985837048394527,0.08358131997279372,0.006725692652910037,0.08201032040487366
2026-06-05,1.0874814271186717,False,0.4606255010778404,0.5687425497618188,0.4008115143744315,0.42350962415851645,0.4353219564938724,0.42303725229747885,0.8500000000000002,1.0,0.39294835201250816,0.6268559260408313,0.47151556906818237,0.6866699127442402,0.4408585551261592,0.6639718029601552,0.42531197512561847,0.6521594706247993
2026-06-08,0.5865912353561794,False,0.7334908666835867,1.3042532282574963,0.9559191107554372,0.9618978762538356,0.8501730171756775,0.5245833368823399,0.8500000000000002,1.0,0.021579501684128168,0.14689963132740724,0.1364030795469297,0.3693278753992578,0.14085507470188227,0.3753066408976562,0.0694753557071415,0.2635817818194981
2026-06-09,2.27362373883168,True,0.6605066529034542,1.1923708238338846,0.8714787696254563,0.8547883910802729,0.7546923027456796,0.44643648319807894,0.8500000000000002,1.0,2.602146732913571,1.6131170859282258,1.9660105146703215,1.4021449692062236,2.0130937440288563,1.418835347751407,2.3071527075302796,1.5189314360860005
2026-06-10,1.0629290048113693,False,1.282571866457514,1.159115972722423,0.8463805337898495,1.1039303377301566,1.0481496260016472,0.5374298453437495,0.8500000000000002,1.0,0.048242986672107496,0.21964286164614477,0.046893240301758024,0.21654847102151986,0.0016811093011172287,0.04100133291878727,0.0002184300380012636,0.014779378809722132
2026-06-11,1.2980473526904939,True,1.166685481069817,1.3942513665979352,1.0238428700067719,1.1475051147824227,1.092176845783758,0.5216135068629757,0.8500000000000002,1.0,0.017255941315687175,0.1313618716206768,0.0751880983238476,0.274204482683722,0.022662965394370307,0.1505422379080712,0.0423826656140364,0.20587050690673592
2026-06-12,0.8952669961114305,False,1.0962198310994458,1.2636767132036621,0.9252950390735412,0.9691262348243692,1.0052034353983705,0.5324938215357373,0.8500000000000002,1.0,0.040382041889720506,0.2009528349880153,0.000901683364134366,0.0300280429621107,0.005455187143254871,0.07385923871293876,0.012086020683091062,0.10993643928694008
2026-06-15,0.3902805882962596,False,0.9838604190932223,1.1548910773607775,0.8431919036615133,0.8520213149181795,0.9128563315556075,0.504761760794195,0.8500000000000002,1.0,0.3523370155289508,0.5935798307969626,0.20512865958588428,0.4529113153652537,0.2132044986213385,0.46174072662191984,0.27308540744305987,0.5225757432593479
2026-06-16,0.3890314948346545,False,0.7276472812311237,1.0521852168832644,0.7656773209221817,0.6413717799259717,0.7416101737661377,0.36715429824537293,0.8500000000000002,1.0,0.11466065079689923,0.33861578639646916,0.14186207830915576,0.37664582608752717,0.06367561947996726,0.25234028509131723,0.12431172483706991,0.3525786789314832
2026-06-17,0.8734740759349279,False,0.5541313704378661,1.0933135239450351,0.7967178433017811,0.6522153907547312,0.643198036646037,0.36715429824537293,0.8500000000000002,1.0,0.10197976355418313,0.3193427054970618,0.0058915192480337485,0.07675623263314679,0.04895540576766937,0.22125868518019665,0.0530270542705788,0.23027603928889084
2026-06-18,0.40541031602255695,False,0.718807904483371,1.2649662940459092,0.9262683167466035,0.8599247367167784,0.8224969478369369,0.49980158731200197,0.8500000000000002,1.0,0.09821804845305374,0.313397588460814,0.27129305691825084,0.5208580007240465,0.2065833586190037,0.45451442069422143,0.17396125843826418,0.41708663181438
2026-06-22,0.6080558689070616,False,0.5871989047986413,1.1533393929357105,0.8420208101115156,0.7716012498948752,0.6828823013453376,0.3754912531134818,0.8500000000000002,1.0,0.00043501295181993285,0.020856964108420306,0.05473959371280361,0.233964941204454,0.02674709164244909,0.16354538098781357,0.00559899499143987,0.07482643243827591
2026-06-23,0.7039959934144804,False,0.5689489437907957,1.1286333184251265,0.8233745415547757,0.7556482534805392,0.6827833752909562,0.4474173687734042,0.8500000000000002,1.0,0.01823770561206194,0.13504704962368463,0.014251237756084816,0.11937854814029536,0.0026679559699317756,0.05165226006605883,0.0004499751676544653,0.021212618123524152
2026-06-24,0.8605954974924664,False,0.6516629070931013,1.3403184654756846,0.9831384125690367,0.9107277735724593,0.8084647565036884,0.4730420402721752,0.8500000000000002,1.0,0.0436528273309889,0.20893259039936518,0.015016766035463503,0.12254291507657022,0.0025132451049606204,0.05013227607999282,0.00271761415603906,0.05213074098877801
2026-06-25,0.8563993480060181,False,0.7465603915325322,1.245083790599781,0.9112625132678683,0.8918526181448183,0.828551985766794,0.49781747417933186,0.8500000000000002,1.0,0.012064596359184344,0.10983895647348596,0.0030099669025490865,0.0548631652618502,0.0012569343635347402,0.035453270138800175,0.0007754755836825658,0.027847362239224127
2026-06-26,1.9417185431449717,True,0.7735261328786259,1.1426734001116061,0.8327180143613049,0.8533173765122034,0.8029341654101046,0.4968254394833558,0.8500000000000002,1.0,1.364673507403894,1.1681924102663457,1.2298821728424527,1.1090005287836668,1.1846170995275709,1.0884011666327682,1.2968298589729887,1.1387843777348672
2026-06-29,0.8273581940919854,False,1.2381105598766502,1.1979460543608047,0.8743936404292991,1.0854960883251867,1.0429970931342671,0.5364431960956006,0.8500000000000002,1.0,0.16871750599769905,0.4107523657846648,0.002212333212150318,0.04703544633731371,0.06663517243915143,0.2581378942332013,0.046500134780167374,0.21563889904228173
2026-06-30,0.4990866891886327,False,1.038494341867457,1.0906367886958581,0.7934823672105318,0.9054156372015156,0.9184673039439144,0.4898823336761762,0.8500000000000002,1.0,0.29096061576847915,0.5394076526788243,0.08666881523797368,0.2943956780218991,0.16510321399325611,0.40632894801288294,0.175880100032518,0.4193806147552817
2026-07-01,0.6662706563957514,False,0.7249609964893674,1.0005829723875035,0.7255817167814411,0.6552019204560828,0.7252223826286783,0.42110132800350103,0.8500000000000002,1.0,0.0034445560203043048,0.058690340093615956,0.003517801884074927,0.05931106038568967,0.0001225169153021117,0.011068735939668617,0.0034753060258419597,0.05895172623292688
2026-07-02,1.0471782238409815,False,0.7219963032412131,0.9609843659994743,0.6957243354948328,0.6364145339135048,0.7099317484078993,0.459217784894549,0.8500000000000002,1.0,0.10574328148495406,0.32518192059976836,0.12351983563362713,0.35145388834614866,0.1687268089628362,0.4107636899274767,0.1137351851920365,0.33724647543308217
2026-07-06,0.4218659603441208,False,0.8976183132075771,0.9251027986064149,0.6686696046207793,0.7163305771042461,0.7791026955629297,0.5176513917732646,0.8500000000000002,1.0,0.22634030125511465,0.4757523528634563,0.06091203882823937,0.24680364427665846,0.08670941052368744,0.29446461676012525,0.12761808498979332,0.35723673521880883
2026-07-07,0.5020106723400241,False,0.6704977222071428,0.8527285318420778,0.6140993488661534,0.6239501709011896,0.6488991455454052,0.38296453217100224,0.8500000000000002,1.0,0.028387885972924947,0.1684870498671187,0.01256387140537925,0.1120886765261293,0.014869241309348505,0.1219394985611656,0.02157622356060797,0.14688847320538112
2026-07-08,0.6037592714873607,False,0.5792494179208675,0.8942358806726592,0.6453959235002943,0.5988757512473649,0.60697590490532,0.41916782665350916,0.8500000000000002,1.0,0.0006007329218509427,0.024509853566493267,0.0017336107908461225,0.04163665201293354,2.384876993444894e-05,0.004883520239995831,1.0346730545532545e-05,0.0032166334179593026
2026-07-09,0.4819543660230109,False,0.6343612901552884,0.8987389162958339,0.6487912160070768,0.6308407776953227,0.6407326573575924,0.44153845749071396,0.8500000000000002,1.0,0.023227870523461796,0.15240692413227752,0.02783453451260571,0.1668368499840659,0.022167163580657092,0.14888641167231176,0.025210545799129253,0.15877829133458154
2026-07-10,0.6456375355898024,False,0.596346120005804,0.8293333682315998,0.5964593765566281,0.5809555632104966,0.5963927204522936,0.41145917079894223,0.8500000000000002,1.0,0.0024296436502744415,0.04929141558399841,0.002418491325892188,0.04917815903317435,0.004183757550877284,0.06468197237930584,0.002425051817927414,0.04924481513750878
2026-07-13,0.4848300906070578,False,0.6157361716018965,0.7696522084125664,0.5514597337186274,0.5796530374035321,0.5867884774199501,0.4503624521713174,0.8500000000000002,1.0,0.017136402041427284,0.13090608099483875,0.004439509341175142,0.06662964311156966,0.008991391239167005,0.09482294679647435,0.010395512641487374,0.10195838681289232
2026-07-14,0.4340317851993838,False,0.5790637775299812,0.8816393530395792,0.6358981314633032,0.6211398497227334,0.6024487936722794,0.41145917079894223,0.8500000000000002,1.0,0.021034278799382456,0.14503199233059738,0.04075002175394461,0.20186634626391942,0.035009427809673956,0.1871080645233496,0.028364288742959404,0.16841700847289565
2026-07-15,0.5031005605349189,False,0.5272283569297244,0.8169236515097517,0.587102440098,0.5550269100975596,0.5504393736895652,0.3876638360307985,0.8500000000000002,1.0,0.0005821505588691866,0.024127796394805445,0.00705631577013037,0.08400187956308103,0.0026963457789015498,0.05192634956264064,0.002240963230890511,0.047338813154646275
2026-07-16,0.6067063038371544,False,0.5340692275466048,0.7587309983060041,0.5432251324534333,0.5325837385968697,0.5378982453102885,0.4182020021667099,0.8500000000000002,1.0,0.005276144852039124,0.07263707629054961,0.004029859120249372,0.06348117138372111,0.005494154677800263,0.07412256524028471,0.004734548918236601,0.06880805852686589
2026-07-17,0.6084148386459318,False,0.5866427840289982,0.8247336963914038,0.592991220263948,0.5966825866099151,0.5894458627716561,0.44153845749071396,0.8500000000000002,1.0,0.00047402236224274215,0.021772054616933656,0.00023788800399306874,0.015423618381983806,0.00013764573783661772,0.011732252036016688,0.0003598220457188538,0.018968975874275706
2026-07-20,0.5452924898308884,False,0.604230836714143,0.9787597073551225,0.7091269572728468,0.6970312503651879,0.6507518841093245,0.44349635760978023,0.8500000000000002,1.0,0.0034737287333308484,0.05893834688325461,0.026841732721990127,0.1638344674419584,0.023024651448485478,0.15173876053429947,0.011121683841574638,0.10545939427843609
2026-07-21,0.4294972808081107,False,0.5857724247713568,0.9463644175295346,0.6847008825081258,0.6639694989721014,0.6279105619069949,0.42594555802901707,0.8500000000000002,1.0,0.024421920620733294,0.1562751439632461,0.06512887832065993,0.25520360170001505,0.05497722109074206,0.23447221816399072,0.03936783011642483,0.19841328109888418
2026-07-22,0.3386388829562975,False,0.5312963220341159,0.8719254468124067,0.6285738383009376,0.5885154307169189,0.5686414208204997,0.383902675762715,0.8500000000000002,1.0,0.03711688883202331,0.1926574390778184,0.08406227833069845,0.2899349553446401,0.062438289120766106,0.2498765477606214,0.05290116742397377,0.23000253786420222
2026-07-23,0.6962312411038462,False,0.47153690118249414,0.8430232460488554,0.6067815555179676,0.5426962163502493,0.5170336120203258,0.33640302503178754,0.8500000000000002,1.0,0.05048754639269209,0.22469433992135202,0.008001246251412523,0.08944968558587851,0.023573003826087586,0.15353502475359682,0.03211179026915493,0.17919762908352033
2026-07-24,0.6129850157062762,False,0.5878365302729234,1.0510441068612497,0.763629453042001,0.7246982267459953,0.6701250125247667,0.4680989482149851,0.8500000000000002,1.0,0.0006324463195915578,0.025148485433352796,0.022693746500197134,0.15064443733572486,0.012479841520804816,0.1117132110397191,0.0032649792364171136,0.05713999681849058
2026-07-27,0.7828178337575381,False,0.6182720473339275,0.9693810990654215,0.7020554790268851,0.7031255000145109,0.6553476556131417,0.44251718424575476,0.8500000000000002,1.0,0.027075315829764482,0.16454578642361062,0.006522557941639823,0.08076235473065296,0.0063508680574100316,0.0796923337430272,0.01624864631616416,0.12747017814439643
2026-07-28,0.6359929659160036,False,0.6748586481536814,0.9035815130879071,0.65344223401736,0.6879050407738773,0.6644945149688972,0.4839341039453923,0.8500000000000002,1.0,0.0015105412558001376,0.03886568223767772,0.0003044769572730135,0.017449268101356386,0.002694863516049476,0.051912074857873636,0.0008123382984144997,0.028501549052893593
2026-07-29,0.9551610576454537,False,0.659563321994296,0.837136174398437,0.6031911643120916,0.6326190492328625,0.6343414395320447,0.4474173687734042,0.8500000000000002,1.0,0.08737802132209169,0.29559773565115766,0.12388280581309825,0.35196989333336204,0.10403334719082803,0.3225420084125912,0.10292522736643357,0.320819618113409
2026-07-30,0.5841923649665235,False,0.7711597761788483,1.120697243208215,0.8176418288057126,0.8265072758448998,0.7948065569575226,0.5087292716717848,0.8500000000000002,1.0,0.03495681285543858,0.18696741121232485,0.05449865216680485,0.23344946383918908,0.058716516033995456,0.2423149108783763,0.044358337868021416,0.21061419199099907
2026-07-31,1.0492868699097406,False,0.6865035897224994,1.022079930556755,0.743059840814731,0.7299302469114944,0.7108682514132503,0.43080404411913953,0.8500000000000002,1.0,0.1316117083834144,0.36278328018724126,0.09377499334835589,0.30622702909500965,0.10198865265284394,0.3193566229982462,0.11452716134507308,0.33841861849649035
2026-08-03,0.617374120036902,False,0.8126181951841238,0.93995936901423,0.6809539633566457,0.7315764589663928,0.744462022331872,0.5176513917732646,0.8500000000000002,1.0,0.03812024888009402,0.19524407514722186,0.004042396476563165,0.06357984331974376,0.013042174216966297,0.11420233892949083,0.016151334909735846,0.12708790229497002
2026-08-04,0.8114996800636305,False,0.7294120859782025,0.8628342021008854,0.6226259870827113,0.6527591270609017,0.6822619165904364,0.44153845749071396,0.8500000000000002,1.0,0.006738373102733991,0.08208759408542798,0.03567327190025051,0.18887369298091916,0.02519856316761216,0.15874055300272882,0.01670239950755325,0.12923776347319405
2026-08-05,0.46161317433008997,False,0.73271467145911,0.7917950319546551,0.5689007091139143,0.5992787469358105,0.6532771521763392,0.48492520506510084,0.8500000000000002,1.0,0.07349602174559604,0.27110149712902,0.011510615119990322,0.10728753478382436,0.018951809880860915,0.13766557260572054,0.036735080403847514,0.19166397784624922
2026-08-06,0.3777475409347457,False,0.6185082251928857,0.7867136528730395,0.5650577798811731,0.5556642824813565,0.5976361712548574,0.3904935462428162,0.8500000000000002,1.0,0.05796570708444779,0.24076068425814,0.035085125614167725,0.1873102389464274,0.03165436692256349,0.17791674154661075,0.048351009744054714,0.21988863032011163
2026-08-07,0.3513251363623306,False,0.5198990204362541,0.7747351694164298,0.5559987304577876,0.494389275822803,0.5323973166460347,0.3462159724364918,0.8500000000000002,1.0,0.028417154391768614,0.16857388407392354,0.041891280119951885,0.204673594095457,0.0204673479995655,0.14306413946047242,0.032787134472694254,0.18107218028370414
2026-08-10,0.3117124874056134,False,0.4627184796341119,0.7195976771247696,0.5142995229111038,0.46533418797336956,0.48011622169166124,0.33728945659596055,0.8500000000000002,1.0,0.022802809688913343,0.15100599222849848,0.04104150695490283,0.2025870355054904,0.02359962688532933,0.15362170056775615,0.0283598177214858,0.16840373428604782
2026-08-11,0.37893291545022556,False,0.42912275063891997,0.6907180824355609,0.4924585547647963,0.4449026601301788,0.4497059856338592,0.32498576877671387,0.8500000000000002,1.0,0.0025190195562683074,0.05018983518869441,0.012888070781782003,0.11352563931457071,0.004352007213138221,0.06596974467995326,0.005008827463217535,0.07077307018363366
2026-08-12,0.27895611268933046,False,0.4247784415792917,0.7194382218122704,0.514178930553817,0.4817868949205482,0.45597166068750644,0.3489155312909224,0.8500000000000002,1.0,0.021264151602892016,0.14582232888996122,0.05532977404410942,0.23522281786448657,0.04114032622052768,0.20283078223121775,0.03133450423309454,0.17701554799817598
2026-08-13,0.41380015670906006,False,0.3909596024341645,0.6719526564029773,0.47826669796624177,0.44545838336820287,0.4183541929161374,0.3137727846175792,0.8500000000000002,1.0,0.00052169091958445,0.022840554274895564,0.004155934941663912,0.06446654125718171,0.0010022433152016604,0.03165822665914281,2.0739245775371354e-05,0.004554036207077339
2026-08-14,0.25118963010074685,False,0.42358883996014507,0.6265322467343275,0.4439162948030042,0.4366568454364295,0.4310334197176274,0.36623275343777334,0.8500000000000002,1.0,0.029721487560144828,0.17239920985939822,0.03714356728725633,0.19272666470225736,0.034398087964372485,0.18546721533568267,0.03234378866376078,0.17984378961688052
2026-08-17,0.26938520294728213,False,0.3824496015822907,0.6383062171762,0.45282067577316343,0.4256773992824108,0.4041709708814523,0.30866900283837023,0.8500000000000002,1.0,0.012783558238696124,0.11306439863500856,0.03364857269085463,0.1834354728258813,0.0244272506352584,0.15629219633512864,0.01816720323760398,0.1347857679341702
2026-08-18,0.21486204609721954,False,0.35780349302796405,0.7038384472222635,0.5023811825737449,0.4477158514417289,0.40304459538217385,0.31291897454125617,0.8500000000000002,1.0,0.02043225725065485,0.1429414469307445,0.0826672538402068,0.2875191364765253,0.054220894663418645,0.23285380534450933,0.035412671855384256,0.18818254928495431
2026-08-19,0.38718070460169696,False,0.3316952998466346,0.8045577550469215,0.57855286079811,0.4980098491707357,0.40643714090230265,0.3027731488862925,0.8500000000000002,1.0,0.003078630140833097,0.05548540475506236,0.036623302167264296,0.191372156196413,0.012283099285904892,0.11082914456903875,0.00037081033899928476,0.019256436300605695
2026-08-20,0.4941873625061496,False,0.3877936375582804,0.7486893902051132,0.5363009112805438,0.4947369124900267,0.44055115716700843,0.3552520916072742,0.8500000000000002,1.0,0.011319624708282844,0.1063937249478692,0.0017735509903732806,0.042113548774394216,3.020051847793527e-07,0.0005495499838771289,0.002876842523182514,0.05363620533914115
2026-08-21,0.3386448697869806,False,0.4586912186984096,0.8795859322810816,0.6352949323777752,0.6101411503259854,0.5310172601607086,0.40953862155815735,0.8500000000000002,1.0,0.014411125886964554,0.12004634891142901,0.08800125963512237,0.2966500625907946,0.07371023034651397,0.27149628053900476,0.03700713657810199,0.192372390373728
