date,actual,crisis,M1 HAR+TS,M1 HAR+TS_sq_err,M1 HAR+TS_abs_err,M2b Corrected EGARCH,M2b Corrected EGARCH_sq_err,M2b Corrected EGARCH_abs_err,M3 Combined,M3 Combined_sq_err,M3 Combined_abs_err,M9 Regime,M9 Regime_sq_err,M9 Regime_abs_err
2025-02-24,0.5881866242372542,False,0.5701072920542863,0.00032686225218209766,0.018079332182967867,0.7650351944838627,0.03127541679826962,0.1768485702466085,0.7349749091384513,0.021546800584235012,0.1467882849011971,0.6600828536836582,0.005169067808609962,0.07189622944640395
2025-02-25,0.9444909365048862,False,0.5811979340037752,0.1319818056662723,0.3632930025011111,0.7736711694933175,0.029179392801886635,0.17081976701156876,0.7320912213874395,0.04511363898197252,0.2123997151174467,0.6641911058977894,0.07856799503836719,0.28029983060709684
2025-02-26,0.9047966158371143,False,0.7169569017549845,0.03528375818645629,0.18783971408212985,0.7874292025894518,0.013775109692447591,0.11736741324766253,0.7947797486444672,0.012103711066884558,0.11001686719264714,0.7524167707559644,0.023219617186955272,0.15237984508115
2025-02-27,1.0079341642549453,False,0.7951543573979326,0.04527524620610763,0.2127798068570127,0.7230117336808876,0.08118079144422875,0.28492243057405775,0.7717792694191926,0.05576913435488541,0.2361548948357527,0.7591403015418932,0.06189838612368104,0.24879386271305215
2025-02-28,1.162612388277234,True,0.8538083552025506,0.0953599308431901,0.3088040330746833,0.9264621405559089,0.055766939498843156,0.23615024772132498,0.9271444940983856,0.055445129189021294,0.23546789417884828,0.8907982841836928,0.07388290718417441,0.2718141040935411
2025-03-03,1.6372519033217299,True,0.9479562565539764,0.4751284886529755,0.6892956467677535,0.8412856491693966,0.6335622777492967,0.7959662541523332,0.9035429806423341,0.5383287832193596,0.7337089226793958,0.892907193971364,0.5540490463378807,0.7443447093503659
2025-03-04,1.5758033738832995,True,1.1930868229694211,0.14647195834341523,0.38271655091387835,1.0513071152532851,0.27509632531688294,0.5244962586300144,1.1507117839502154,0.1807028598318373,0.42509158993308405,1.1190764577044785,0.20859947596221579,0.456726916178821
2025-03-05,1.269187224885605,True,1.2865140613141164,0.000300219260620386,0.017326836428511294,1.1314215518623962,0.018979380663537698,0.13776567302320886,1.2375838985429566,0.000998770235919941,0.03160332634264851,1.2058614650527408,0.004010151858409605,0.06332575983286426
2025-03-06,1.198675575476957,True,1.199733430585922,1.1190574315634697e-06,0.0010578551089650556,1.0209166855992264,0.03159822293056311,0.17775888987773047,1.090197104110619,0.011767578749977373,0.10847847136633781,1.1074522068547947,0.008321702982774884,0.09122336862216218
2025-03-07,1.3495043417043935,True,1.1415351550440165,0.04325118260017873,0.207969186660377,1.203024468830307,0.02145635315720857,0.1464798728740866,1.1716523507578565,0.03163133068364709,0.17785199094653703,1.173145801313816,0.031102334768694926,0.1763585403905774
2025-03-10,1.5742270034332702,True,1.1956621719908431,0.14331133160503318,0.37856483144242703,1.0837875675361708,0.24053084028306504,0.4904394358970994,1.1108503314900093,0.21471794010121237,0.4633766719432608,1.137927503997188,0.19035725320817595,0.43629949943608226
2025-03-11,1.4703681947215157,True,1.2939047679535405,0.031139340986696552,0.17646342676797522,1.4157053693250723,0.002988024480322058,0.054662825396443404,1.4070165992565575,0.004013424647955708,0.06335159546495817,1.3571239584417665,0.01282425705058367,0.11324423627974922
2025-03-12,1.135380702105227,False,1.293495083634675,0.025000157646439886,0.15811438152944812,1.390444001115222,0.06505728650186213,0.255063299009995,1.3955057453994966,0.06766503814884567,0.26012504329426966,1.3435271136057976,0.0433249286205649,0.20814641150057067
2025-03-13,0.9053771017130369,False,1.1623941917775904,0.06605778458525083,0.25701709006455353,1.2461120150878888,0.11610028119256786,0.34073491337485196,1.220484476210851,0.09929265746290575,0.31510737449781423,1.204684965768869,0.08958519748566447,0.2993078640558321
2025-03-14,1.3763905340659452,True,1.0219911953155882,0.1255988913066903,0.354399338750357,1.3202303098119086,0.0031539707882636877,0.05616022425403666,1.1987576305754275,0.03155344840247159,0.17763290349051775,1.1679158224847999,0.04346170536884175,0.2084747115811454
2025-03-17,0.7844344466788685,False,1.1482783224822144,0.13238236595960057,0.3638438758033459,1.183573486569764,0.15931197316502588,0.3991390398908955,1.1751261658459038,0.15264001942569355,0.39069171916703527,1.1664229866247313,0.14591524464997202,0.3819885399458628
2025-03-18,0.6229559816489394,False,0.9821499494957426,0.12902030653753033,0.35919396784680324,1.0666366847152262,0.19685256627339456,0.4436807030662868,1.0337034218719916,0.16871345964978984,0.4107474402230522,1.0217314930796275,0.15902190851680686,0.3987755114306881
2025-03-19,1.0633096873707888,False,0.7902021362272823,0.07458773449160301,0.2731075511435065,1.1285317778559711,0.004253921087257314,0.06522209048518235,0.9961331379297229,0.0045126887948079685,0.06717654944106588,0.9354294013892568,0.016353367542718412,0.127880285981532
2025-03-20,0.9658313334589435,False,0.9099462748661119,0.0031231397739242155,0.05588505859283155,1.0183840792890129,0.002761791094279878,0.052552745830069414,0.9924488092663502,0.0007084900183578808,0.0266174758074067,0.9644018453856519,2.0434361516828557e-06,0.0014294880732915738
2025-03-21,0.6898582520213281,False,0.9520221445110127,0.06872990652534293,0.26216389248968464,0.971394324607205,0.07926256016708014,0.2815360725858769,0.9854611176520834,0.08738105416911439,0.29560286563075533,0.9615967725701822,0.07384182355007998,0.27173852054885406
2025-03-24,0.4967305455923468,False,0.8091829266132813,0.09762649040565122,0.3124523810209345,0.8869408539688531,0.15226408476328818,0.39021030837650633,0.8712004272982435,0.1402276923048283,0.37446988170589673,0.8433943495611187,0.1201757929820991,0.3466638039687719
2025-03-25,0.3340131517401923,False,0.6857606533772516,0.123726304907913,0.35174750163705926,0.8060508550445717,0.22281959334087334,0.47203770330437944,0.7501195545592446,0.17314453846701142,0.4161064028190523,0.7323248455597855,0.15865220543343336,0.3983116938195932
2025-03-26,0.8736551598193858,False,0.5841505224092405,0.0838129350819797,0.2895046374101453,0.7370955935836405,0.0186485151304949,0.13655956623574528,0.6523854989301306,0.04896026283004597,0.22126966088925515,0.6339087651824901,0.05747833374139014,0.23974639463689573
2025-03-27,0.7419973152130572,False,0.7273865763072906,0.00021347369137248134,0.014610738905766585,0.8665359952853791,0.01550988283415613,0.12453868007232183,0.8369857963095163,0.009022811541012364,0.09498848109645908,0.794229398928247,0.0027281905692305877,0.052232083715189725
2025-03-28,0.8932205942986979,False,0.7522061129870432,0.01988508393959502,0.14101448131165473,0.8355709327841729,0.0033234834727393046,0.057649661514525,0.8450520258893618,0.002320210982604896,0.04816856840933614,0.7901931473370329,0.010614654827438693,0.10302744696166499
2025-03-31,1.4054738400422284,True,0.793696671889107,0.3742713034734526,0.6117771681531214,1.0960436438996901,0.09574704628480973,0.3094301961425383,1.0419453916485648,0.13215293279150456,0.3635284483936636,0.9401325409856633,0.21654252460765153,0.46534129905656507
2025-04-01,1.1056445212415345,False,1.040118234387947,0.004293694268818637,0.06552628685358752,0.9905311493760909,0.013251088382231895,0.11511337186544357,1.0761820366456805,0.0008680379985609336,0.02946248459585399,1.0145771767440457,0.008293261233824298,0.09106734449748877
2025-04-02,1.1915565198361564,True,1.0639962631289999,0.016271619091195674,0.12756025670715654,0.8989890150322251,0.08559574486719838,0.29256750480393134,0.9949435476082891,0.03865666084827613,0.19661297222786733,0.9811325065010439,0.04427826538805561,0.21042401333511251
2025-04-03,1.1069893947030318,False,1.062889335623972,0.001944815210776573,0.044100059079059895,0.8182721504106945,0.08335764715176121,0.28871724429233736,0.9208707165705466,0.034640162349783614,0.18611867813248517,0.9385909771953886,0.028358027019078504,0.16839841750764317
2025-04-04,1.7929399439684086,True,1.06702689564653,0.5269497537239619,0.7259130483218785,1.833484823675791,0.0016438872704861098,0.04054487970738241,1.6176556099675068,0.030724597746139705,0.17528433400090182,1.4511683078512787,0.11680785125417986,0.3417716361171299
2025-04-07,5.506178961625043,True,1.3348188476032266,17.400245200852098,4.171360114021816,2.6268837188180507,8.290341095250977,2.8792952428069922,2.2922683633205567,10.329221333893901,3.213910598304486,2.011847277593085,12.21035391802962,3.494331684031958
2025-04-08,3.9204256343254973,True,2.921157511492785,0.9985367813096125,0.9992681228327123,2.331245775992282,2.5254926221319782,1.5891798583332153,2.8591043320064933,1.1264029067561068,1.061321302319004,2.6114661279054396,1.713374989447441,1.3089595064200577
2025-04-09,3.6903155364446882,True,3.1409541086100172,0.30179797839254846,0.549361427834671,2.2700864554800075,2.0170506424177814,1.4202290809646807,2.847481268015144,0.710369604039165,0.8428342684295442,2.6846285996801074,1.011406214778926,1.0056869367645809
2025-04-10,3.1558798709015448,True,2.979487799064426,0.03111416300699128,0.1763920718371188,1.984680307104102,1.3717084182393204,1.1711995637974428,2.4210763065864556,0.5399362781301594,0.7348035643150892,2.459203848345348,0.48535748040472204,0.6966760225561965
2025-04-11,1.7731398142982204,True,2.895987069981477,1.2607859595954203,1.1228472556832565,2.443023036658908,0.4487435316003385,0.6698832223606876,2.593958589603788,0.6737434618941315,0.8208187753055673,2.6595355065094664,0.7856973231706538,0.8863956922112459
2025-04-14,1.2442660599293371,True,2.3614998761217385,1.2482114000438365,1.1172338161924014,2.1425827270565714,0.8069728344385821,0.8983166671272342,2.0568442319767497,0.6602832856879144,0.8125781720474126,2.2478734671217175,1.0072278277714124,1.0036074071923804
2025-04-15,0.8063423729178759,False,1.730843245677778,0.8547018637338207,0.9245008727599021,1.8891751242574384,1.1725267673736064,1.0828327513395624,1.6842056596615582,0.7706439502124206,0.8778632867436823,1.8105118190978733,1.008356276641443,1.0041694461799975
2025-04-16,2.243396676406214,True,1.3223464598787276,0.8483335013653294,0.9210502165274863,1.719658935676185,0.2743012210649948,0.5237377407300288,1.458641118334211,0.6158412859249007,0.7847555580720029,1.5057394616330435,0.5441381665069112,0.7376572147731704
2025-04-17,0.9622639348749206,False,1.6517966869542637,0.47545541619011294,0.6895327520793432,1.8573225029639615,0.8011298403096043,0.8950585680890409,1.8172243225565703,0.7309572645047568,0.8549603876816497,1.758879614167746,0.6345965404951698,0.7966156792928255
2025-04-21,1.5936167343835967,True,1.323109244331706,0.07317430217417373,0.2705074900518907,1.647404549498832,0.002893129054870739,0.05378781511523534,1.5843198640055238,8.64317988266897e-05,0.009296870378072919,1.4798539760960558,0.012941965173189456,0.1137627582875409
2025-04-22,1.07125594543615,False,1.328039924371925,0.06593801183808848,0.25678397893577487,1.8228355851281928,0.5648719547996207,0.7515796396920427,1.7079982415024428,0.4054407515997744,0.6367422960662927,1.5824062466626363,0.26127463044392757,0.5111503012264862
2025-04-23,1.3983672274854904,True,1.242705929454569,0.02423043970467131,0.15566129803092132,1.6144965100878443,0.04671186679820819,0.21612928260235398,1.5235816489260792,0.015678651336701387,0.1252144214405888,1.4246183588673274,0.0006891218988264668,0.02625113138183699
2025-04-24,1.0674367404653475,False,1.311507328251209,0.059570451822135946,0.24407058778586155,1.4472185263125947,0.14423420486132432,0.3797817858472472,1.4094021385893145,0.11694033351408324,0.341965398123967,1.380062999891488,0.09773517808278046,0.3126262594261404
2025-04-25,0.8364848084757468,False,1.1944560898248588,0.12814343827072514,0.35797128134911205,1.2915380809885435,0.2070734808246056,0.4550532725127967,1.2908149870209809,0.20641591113694424,0.45433017854523405,1.2417645631976846,0.16425167958747405,0.4052797547219378
2025-04-28,1.0964136246664695,False,1.0536975271555105,0.0018246649865657628,0.04271609751095906,1.1593583465671795,0.00396203801515772,0.06294472190070999,1.1097066403809739,0.00017670426678605995,0.013293015714504364,1.1023646620946712,3.5414846471857367e-05,0.005951037428201689
2025-04-29,0.6400742965958788,False,1.08784818478004,0.20050145493956179,0.4477738881841613,1.049467643040208,0.1676029121128865,0.4093933464443291,1.073656532619822,0.18799355539552237,0.4335822360239432,1.0690690710699016,0.18403651652601768,0.4289947744740228
2025-04-30,1.7648631376813666,True,0.9451184289180788,0.6719813875454075,0.8197447087632878,0.9491309057728806,0.6654190741743999,0.815732231908486,0.9394415147033911,0.6813208556795951,0.8254216229779755,0.9468057597802946,0.6692178735383774,0.818057377901072
2025-05-01,0.7537923132143085,False,1.2984998929994387,0.29670634747537394,0.5447075797851302,0.8658692630653796,0.012561242687919503,0.11207694985107108,1.0686039333951756,0.09910635620090251,0.31481162018086706,1.074805253269133,0.10304930768264235,0.3210129400548245
2025-05-02,0.7165061983715736,False,1.0998084404518633,0.14692060878377702,0.38330224208028973,0.7882249130987465,0.005143574042117614,0.07171871472717295,0.9223638456445493,0.042377370940764894,0.20585764727297573,0.9615002048165733,0.06002206319397255,0.2449940064449997
2025-05-05,0.6116731137904653,False,0.9123132905028403,0.09038451585364805,0.300640176712375,0.7185281822919463,0.01141800566445619,0.10685506850148097,0.7496680228126689,0.019042594916046242,0.13799490902220357,0.8276210057685899,0.04663349204979576,0.21594789197812458
2025-05-06,0.8008047905030211,False,0.842455408984442,0.001734774019884883,0.04165061848142093,0.7514397406663372,0.0024369081453782834,0.04936504983668388,0.7569677024534713,0.0019216902886639799,0.04383708804954978,0.805058643630258,1.8095266428103302e-05,0.004253853127236917
2025-05-07,0.9762415402101314,False,0.8992335143104949,0.005930236052959088,0.07700802589963651,0.8212783469609364,0.02401359126198737,0.15496319324919505,0.8331036541972067,0.020488454412249044,0.14313788601292476,0.8637115084203217,0.01266300805461558,0.11253003178980969
2025-05-08,1.0754790851222151,False,0.9523682100979635,0.015156287549236912,0.12311087502425166,0.7494933558577239,0.10626669568410216,0.3259857292644912,0.8586897562486328,0.04699761311345826,0.21678932887358238,0.855114714406527,0.04856045588092124,0.22036437071568815
2025-05-09,0.5444393039334359,False,1.0063186428259197,0.2133325236957579,0.4618793388924838,0.6856912035468588,0.019952099144400496,0.14125189961342288,0.8336057431035834,0.08361722954234262,0.2891664391701475,0.8500755075964812,0.09341348898955852,0.30563620366304534
2025-05-12,0.7082477544064372,False,0.8032463278979839,0.009024728965428804,0.09499857349154672,0.6569263060083689,0.0026338910656755867,0.05132144839806829,0.7013217646635099,4.796933391913335e-05,0.006925989742927241,0.7460540156765256,0.0014293133912221907,0.03780626127008846
2025-05-13,0.6590053463072321,False,0.7623354207791615,0.010677104290374483,0.10333007447192943,0.5992290959130834,0.0035732001111839612,0.05977625039414869,0.6240834047710757,0.0012195420006547225,0.03492194153615635,0.6915284369679289,0.001057751426123904,0.03252309066069681
2025-05-14,0.4135505018340854,False,0.7504271962845834,0.1134859072638942,0.336876694450498,0.5524397301616689,0.01929021774543162,0.1388892283275835,0.5943177159584365,0.032676785702279,0.1807672141243511,0.6669777916427689,0.06422539121977446,0.2534272898086835
2025-05-15,0.47957514899052056,False,0.6196685871979059,0.019626171428766482,0.1400934382073853,0.511624652115793,0.0010271706505768478,0.03204950312527244,0.5149585095387201,0.001251982203683886,0.03538336054819957,0.5823202578927762,0.010556557403336369,0.10274510890225563
2025-05-16,0.5414829760560648,False,0.5710847422046823,0.0008762645591174391,0.029601766148617537,0.474463153636309,0.004491656597175601,0.06701982241975579,0.487338911951883,0.0029315796777177445,0.054144064104181766,0.5353956297913514,3.705578454652032e-05,0.006087346264713411
2025-05-19,0.535827431594898,False,0.602630970659032,0.004462712831493285,0.06680353906413405,0.44085759508737493,0.009019269846265658,0.09496983650752305,0.4833220046650011,0.0027568198570907428,0.0525054269298969,0.5401609300441487,1.877920880965808e-05,0.004333498449250683
2025-05-20,0.531089983707503,False,0.5928695872117934,0.003816719409147324,0.06177960350429035,0.41154565783623037,0.014290845848017033,0.11954432587127267,0.46732841853322976,0.0040655371934731,0.06376156517427328,0.5231907584218388,6.239776011367704e-05,0.007899225285664224
2025-05-21,1.1525192922045666,True,0.5817937640557311,0.3257276284807672,0.5707255281488355,0.444461272212826,0.501346159674624,0.7080580199917406,0.4917819118513354,0.4365738857960506,0.6607373803532313,0.5294061815686197,0.3882699486464058,0.6231131106359469
2025-05-22,0.6291480926353333,False,0.8372512996693354,0.04330694477783674,0.2081032070340021,0.7382090296996268,0.011894287993341772,0.10906093706429343,0.8239885225133028,0.03796279311503193,0.19484042987796946,0.7883000256058548,0.025329337768253347,0.15915193297052144
2025-05-23,0.6799356696990553,False,0.7530309953758314,0.0053429266357939665,0.07309532567677612,0.680008931550918,5.367298938357789e-09,7.326185186273815e-05,0.7313010589833551,0.0026384032163276594,0.05136538928429979,0.7230976074906246,0.0018629528739232976,0.043161937791569294
2025-05-27,1.4619502625835537,True,0.6877738392646374,0.5993491344228697,0.7741764233189162,0.735215811397798,0.5281429625402615,0.7267344511857556,0.717422292888431,0.5543218976583415,0.7445279696951227,0.7078159956691259,0.5687184925345614,0.7541342669144278
2025-05-28,0.5631100357277177,False,1.023076809064409,0.2115694325737671,0.4599667733366912,0.669513419137045,0.01132168000095231,0.10640338340932731,0.8248198453483511,0.06849202445166817,0.2617098096206334,0.8441205283383679,0.07896689695728032,0.28101049261065025
2025-05-29,0.7944264323312424,False,0.8294122116371326,0.0012240047536404548,0.0349857793058902,0.7097426994600046,0.007171334613007173,0.08468373287123787,0.7451146170864098,0.0024316551227405083,0.049311815244832635,0.7826368215337385,0.0001389949227566219,0.011789610797503958
2025-05-30,0.9489147299690214,False,0.745633709705845,0.041323173199237936,0.2032810202631764,0.6512044718120775,0.08863139781187415,0.29771025815694385,0.6579626895982196,0.08465308979593268,0.2909520403708018,0.7030692210419724,0.060440014259599696,0.24584550892704893
2025-06-02,0.7679393697908469,False,0.8560976380197856,0.0077718802571255,0.08815826822893869,0.6246315072708576,0.02053714346004815,0.14330786251998928,0.6918301452972763,0.005792614053012728,0.0761092244935706,0.7469707018867255,0.000439685033673328,0.02096866790412133
2025-06-03,0.4828770558205888,False,0.8154405541254962,0.11059848040479814,0.3325634983049074,0.5751922423335081,0.008522093660915069,0.09231518651291926,0.6287339814882006,0.021274242765207226,0.14585692566761177,0.7090324625484861,0.05114626799226063,0.22615540672789725
2025-06-04,0.2710307127862875,False,0.6351634360382473,0.13259264014288838,0.36413272325195983,0.5310973495052623,0.06763465553431923,0.26006663671897484,0.536767355772809,0.07061596342574598,0.2657366429865215,0.5973954254491026,0.1065139256714819,0.32636471266281514
2025-06-05,0.8148345623530572,False,0.49584762967432033,0.10175266321978899,0.31898693267873685,0.5058000129656998,0.09550235271504705,0.3090345493873574,0.44506921174670694,0.1367264145090371,0.36976535060635024,0.49883101516935585,0.09985824183268176,0.3160035471837013
2025-06-06,0.46612221353586275,False,0.6581612371548186,0.03687898659252187,0.1920390236189558,0.5513187405214429,0.00725844821040469,0.08519652698558017,0.5735827157643637,0.011547759539201658,0.10746050222850095,0.6096863249797122,0.020610654094662024,0.14356411144384945
2025-06-09,0.32531495327545634,False,0.5977801576986921,0.07423728762139564,0.27246520442323574,0.5085947277253459,0.03359147572240238,0.18327977444988952,0.5392992224480714,0.04578926745333817,0.21398426917261504,0.5658206995712164,0.057843014001280495,0.24050574629576005
2025-06-10,0.4219236173289739,False,0.4651840678332723,0.0018714665778348553,0.04326045050429844,0.47273982398888126,0.0025822868593024153,0.05081620665990738,0.4513759308809857,0.0008674387735660198,0.029452313552011833,0.4675574416277847,0.002082445920134735,0.0456338242988108
2025-06-11,0.614103776306227,False,0.4702320400082616,0.020699076505391312,0.14387173629796546,0.43930330575830717,0.0305552045037742,0.17480047054791986,0.4317101393562425,0.03326743879984277,0.18239363694998456,0.45965144811735104,0.02385552168296426,0.154452328188876
2025-06-12,0.3130604411270663,False,0.5718547568574337,0.06697449785434907,0.2587943157303674,0.4614609995329185,0.02202272573516875,0.1484005584058522,0.49286827826840646,0.032330858297446696,0.17980783714134013,0.52734171362765,0.045916463744469414,0.2142812725005837
2025-06-13,0.7360493609284423,False,0.4694204465260346,0.07109097799540647,0.2666289144024077,0.4295934798957057,0.09391520701955083,0.30645588103273663,0.436942838885698,0.08946471152850667,0.2991065220427443,0.4570121354300063,0.07786177321386503,0.279037225498436
2025-06-16,0.4371522635962528,False,0.5849091676552315,0.02183210269709423,0.14775690405897868,0.6006341026121411,0.02672631168801682,0.1634818390158883,0.6140614614133306,0.03129686427228197,0.1769091978170778,0.5917662800740453,0.02390549409139509,0.1546140164777925
2025-06-17,0.5189767105811125,False,0.5527957936282555,0.001143730378149554,0.033819083047142984,0.5528231368339691,0.001145580570090061,0.03384642625285661,0.5592171507619607,0.001619293025948419,0.04024044018084816,0.5528053193130836,0.0011443747687407935,0.03382860873197113
2025-06-18,0.5511595753701348,False,0.5377589947837327,0.00017957556005265805,0.013400580586402144,0.6538482432210052,0.01054496250498638,0.10268866785087039,0.6145605472833701,0.0040196832395428435,0.06340097191323524,0.5812846955660426,0.0009075228668178884,0.03012512019590774
2025-06-20,0.6559222500288283,False,0.5598375108423445,0.009232277104534626,0.09608473918648386,0.6135380614023404,0.0017964194455257114,0.04238418862648796,0.6030934931551607,0.002790877552817083,0.052828756873667615,0.5805239041964383,0.0056849105542606864,0.07539834583239002
2025-06-23,0.8774988172408973,False,0.619737102418834,0.0664411016280107,0.25776171482206334,0.6088056110619576,0.07219603904671817,0.26869320617893966,0.618088872898635,0.06729351922365562,0.2594099443422623,0.6151824092063471,0.0688098979241486,0.26231640803455014
2025-06-24,0.45332340076537764,False,0.7251221182247254,0.07387454281254635,0.27179871745934775,0.5600141621741644,0.011382918569986671,0.1066907614087868,0.6404391932353857,0.03501231979167912,0.18711579247000804,0.64874810545944,0.03819081520476146,0.1954247046940623
2025-06-25,0.34833517305031647,False,0.6064118604596963,0.06660357658419876,0.25807668740937983,0.5162277838637563,0.028187928765753188,0.16789261081343987,0.5383125560734566,0.0360914060603209,0.18997738302314016,0.5744229437620536,0.05111568006540303,0.22608777071173713
2025-06-26,0.3498234665023177,False,0.48948898075344227,0.019506455871031076,0.13966551425112456,0.4811653121075197,0.017250680406980724,0.131341845605202,0.44475482422424184,0.009011962678927923,0.09493135772192413,0.48682432500520434,0.018769235230527963,0.13700085850288662
2025-06-27,0.6068665642847654,False,0.461327983100516,0.02118147861312435,0.1455385811842494,0.44619688587195466,0.025814745561276012,0.1606696784128107,0.4115383503771959,0.03815311114832123,0.1953282139075695,0.45645789147334026,0.02262276885689433,0.15040867281142511
2025-06-30,0.4766040501263626,False,0.546464547076792,0.004880489034160962,0.06986049695042945,0.41553407832197675,0.003729541456188481,0.061069971804385836,0.4441485921291792,0.0010533567538069367,0.03245545799718341,0.4944190675292164,0.00031737484506398357,0.017815017402853794
2025-07-01,0.3562729129045851,False,0.5224498621804152,0.02761477847062181,0.1661769492758301,0.387914042192244,0.0010011610625983449,0.03164112928765889,0.4345265185687607,0.006123626799444288,0.07825360566417555,0.47374704382188276,0.013800171434774385,0.11747413091729764
2025-07-02,0.30463129015579377,False,0.4510236703334234,0.021430728974071646,0.14639238017762962,0.37798225156870097,0.005380363540197801,0.0733509614129072,0.3873545725718911,0.0068431414536933985,0.08272328241609733,0.4273878693930142,0.015069177746023982,0.12275657923722044
2025-07-03,0.32746909306703254,False,0.4072244724221051,0.006360920536071532,0.07975537935507254,0.35399205581394816,0.000703467552874274,0.026522962746915624,0.34410054791843186,0.0002766052904741343,0.01663145485139933,0.3908653108661685,0.004019080431235483,0.06339621779913596
2025-07-07,0.6483547437505682,False,0.4034519962818417,0.05997735571773084,0.24490274746872653,0.3312498292887138,0.10055552677586,0.3171049144618544,0.32586373842797567,0.10400044851397643,0.32249100532259256,0.38077223696731155,0.07160039793641161,0.2675825067832567
2025-07-08,0.2771296132699088,False,0.5247593672153701,0.06132049503908969,0.24762975394546127,0.44662922881994355,0.028730119671609575,0.16949961555003473,0.48245689273071835,0.042159291690777374,0.20532727946080953,0.4924316637375107,0.04635497293555378,0.21530205046760187
2025-07-09,0.41300518200640984,False,0.43528933991263236,0.0004965836935894593,0.022284157906222513,0.43410456167690104,0.000445183822479537,0.021099379670491192,0.4339295150522672,0.0004378277134139573,0.020924333045857335,0.4349331960973408,0.00048083780197206766,0.02192801409093098
2025-07-10,0.4059546492093047,False,0.42339987922735645,0.0003043360503827342,0.01744523001805176,0.40433532929611976,2.6221969812372315e-06,0.0016193199131849245,0.3968483806531855,8.292412701616489e-05,0.00910626855611918,0.4169966360913597,0.00012192547430347443,0.011041986882054988
2025-07-11,0.36749856488831284,False,0.4477452570763892,0.006439531607127872,0.08024669218807634,0.3783519883318264,0.00011779680044421035,0.010853423443513588,0.38909555308607696,0.0004664298992143628,0.021596988197764122,0.4246219329225882,0.003263079175579273,0.05712336803427537
2025-07-14,0.3438024373501125,False,0.4349922338526617,0.008315578986176337,0.09118979650254921,0.41776307789269734,0.005470176349469443,0.07396064054258483,0.40793289250134224,0.004112715277903888,0.06413045515122973,0.4293719854188838,0.0073221475566937555,0.08556954806877126
2025-07-15,0.37981125032822277,False,0.40517041866574127,0.0006430874187706009,0.0253591683375185,0.39075316143619115,0.00011972541869468188,0.010941911107968383,0.3858962943477875,3.7027760720040396e-05,0.006085044019564723,0.40060468723322756,0.00043236701832241527,0.020793436905004792
2025-07-16,0.7586478847819426,False,0.4178082118118443,0.11617168267036353,0.34083967297009826,0.44107708789904426,0.10085121103283905,0.3175707968828983,0.4247678470574667,0.11147587959089744,0.3338800377244759,0.4254800549485254,0.1110008028359088,0.33316782983341714
2025-07-17,0.31064468530491013,False,0.5780938672260465,0.0715290649102851,0.26744918192113637,0.4113834841144451,0.010148305585587962,0.10073879880953496,0.4823419891654962,0.029479964152994424,0.17169730386058607,0.5044195652678238,0.03754870410464162,0.1937748799629137
2025-07-18,0.2931511788556339,False,0.4733804654978822,0.0324825957635737,0.1802292866422483,0.3837793607010364,0.008213467344603343,0.0906281818454025,0.4088840436779359,0.013394095999977226,0.115732864822302,0.44576888536028036,0.023292164338738406,0.15261770650464646
2025-07-21,0.3591948487057733,False,0.38916737920704436,0.0008983525846496251,0.029972530501271077,0.3801175154171777,0.0004377579823165104,0.020922666711404414,0.3526951495758495,4.2246088779531735e-05,0.006499699129923764,0.3864242900562474,0.0007414424762589096,0.027229441350474115
2025-07-22,0.39790997131504957,False,0.4097710678911442,0.0001406856119874438,0.011861096576094632,0.3566880630136592,0.0016992457240082377,0.041221908301390386,0.3470989086340811,0.0025817640907693064,0.050811062680968466,0.3924087593755117,3.026333280371432e-05,0.005501211939537898
2025-07-23,0.4278206006179598,False,0.43450089105882755,4.462628037434923e-05,0.006680290440867764,0.3430800890627323,0.007180954298641644,0.0847405115552275,0.35223409841861675,0.00571331931473129,0.07558650219934304,0.4037952292425121,0.0005772184697281813,0.02402537137544769
2025-07-24,0.23985806899520676,False,0.4344475443221318,0.037865063908007965,0.19458947532692503,0.3211452350853574,0.006607603370967739,0.08128716609015066,0.3546574176470208,0.013178890450880758,0.11479934865181404,0.39517975723351406,0.02412482683719793,0.1553216882383073
2025-07-25,0.23274594787412156,False,0.3648215063415331,0.017443953144478642,0.13207555846741154,0.30820676242572737,0.0056943345327918424,0.0754608145516058,0.3075782557948787,0.005599874308747009,0.07483230792075712,0.3480851834269577,0.013303139257912622,0.11533923555283615
2025-07-28,0.2725642590800418,False,0.3274237114883545,0.003009559518539925,0.05485945240831269,0.2905039748121127,0.0003218334005475131,0.017939715732070927,0.27257609045881465,1.3998152366697946e-10,1.183137877286411e-05,0.316570496711138,0.0019365489504445104,0.044006237631096234
2025-07-29,0.37474433850662,False,0.3358877464191886,0.0015098347486490337,0.03885659208743136,0.28860001023893567,0.007420845292690555,0.08614432826768431,0.28099527150819237,0.008788887563075668,0.09374906699842761,0.3217518514544192,0.002808203683977667,0.052992487052200776
2025-07-30,0.6690684503138303,False,0.3779030677416477,0.08477728000840545,0.2911653825721826,0.32339473968496446,0.1194903142199289,0.34567371062886587,0.3340307122944479,0.11225028589714432,0.3350377380193824,0.3597397247901,0.09568426043413528,0.3093287255237303
2025-07-31,0.7077006106330667,False,0.5116907916746969,0.038419849128092896,0.19600981895836977,0.33335466030259686,0.14013489052882255,0.3743459503304698,0.4113535311788751,0.08782159150102894,0.2963470794541916,0.43635158301998883,0.07363029478656287,0.27134902761307783
2025-08-01,0.6577124084102439,False,0.5974666720095684,0.003629548754459682,0.06024573640067554,0.38155677132235155,0.07626193589541971,0.27615563708789237,0.4777090610101674,0.03240120507523263,0.1800033474000765,0.504157569708749,0.02357908848864211,0.1535548387014949
2025-08-04,0.32690160479987285,False,0.6080748952758857,0.07905841927710827,0.2811732904760128,0.6846255569860109,0.12796642596767038,0.35772395218613806,0.6843885017088304,0.12779688146159562,0.3574868969089575,0.640266057667753,0.0981972803211859,0.31336445286788017
2025-08-05,0.4989823140733557,False,0.4845203456889285,0.00020914852955217198,0.014461968384427204,0.6257460233524709,0.01606903799020003,0.12676370927911518,0.5619747279487839,0.003968044205853239,0.0629924138754282,0.5291232382030997,0.0009084753073949845,0.030140924129744007
2025-08-06,0.4682966834711537,False,0.4987584196909967,0.0009279173735272946,0.030461736219842994,0.6605244954300269,0.036951531690495906,0.19222781195887317,0.5848774410242863,0.013591073031662277,0.11658075755313257,0.5595603903758722,0.008329064197990368,0.09126370690471852
2025-08-07,0.787343020725697,False,0.5052959144104421,0.07955057018080869,0.28204710631525487,0.6065703543455697,0.03267875691018078,0.18077266638012723,0.5625433311529964,0.05053490043198255,0.22479968957270058,0.542516619507571,0.059939966733418774,0.24482640121812593
2025-08-08,0.309980754891817,False,0.6207881923016102,0.09660126314924253,0.3108074374097932,0.581467652004702,0.07370513530398219,0.271486897112885,0.6095245945703992,0.08972651188938817,0.2995438396785822,0.6029482896633285,0.0858299764300968,0.2929675347715115
2025-08-11,0.4520225069143852,False,0.48520495148389414,0.0011010746276085318,0.03318244456950892,0.5360686579236158,0.00706375549946639,0.08404615100923057,0.5165939743092758,0.004169474401529414,0.06457146739489056,0.5009653646557258,0.0023954033238891043,0.048942857741340606
2025-08-12,0.5159807482235724,False,0.46410552175886965,0.002691039120764199,0.05187522646470277,0.5348985273186152,0.0003578823658888374,0.018917779095042775,0.4895110718263085,0.0007006437685758718,0.02646967639726394,0.48966819172038667,0.0006923506297333432,0.026312556503185758
2025-08-13,0.3851322317815967,False,0.5118035400421731,0.016045620336445965,0.12667130826057638,0.4935453362689716,0.011753401224590468,0.1084131044873749,0.489143512214013,0.010818346457190736,0.10401128043241625,0.5047873108047736,0.014317337936042696,0.11965507902317685
2025-08-14,0.29365360846716254,False,0.4717567050717682,0.0317207130201495,0.17810309660460566,0.4586164851359141,0.02721275067882973,0.16496287666875153,0.4443436250612549,0.022707481101127833,0.15069001659409237,0.46730831508999254,0.030155957132261157,0.17365470662283
2025-08-15,0.3050830580805672,False,0.3933928028311116,0.007798611017906309,0.08830974475054443,0.43611337566675745,0.017168944126737883,0.13103031758619027,0.4049486279280648,0.009973132040965425,0.09986556984749762,0.4064854490628059,0.010282444896914813,0.10140239098223874
2025-08-18,0.19554767397544215,False,0.379824282516673,0.033957868455458035,0.18427660854123085,0.4510293860479589,0.06527090520350434,0.25548171207251674,0.4069688657113477,0.044698920315030546,0.21142119173590557,0.4019480646720526,0.042601121279713425,0.20640039069661043
2025-08-19,0.5315200560901568,False,0.3295847795444825,0.04077785591357797,0.20193527654567434,0.433607942618924,0.009586781964403579,0.09791211347123285,0.3776027503735007,0.023690536999074585,0.15391730571665613,0.3598226672720084,0.029479993326970447,0.17169738881814844
2025-08-20,0.7350236429793704,False,0.43365983571555977,0.0908201443285392,0.3013638072638106,0.4976413603893602,0.05635034808764346,0.2373822825900102,0.48575891704617474,0.06213290359455114,0.24926472593319565,0.4586079601802212,0.07640562969731986,0.2764156827991492
2025-08-21,0.4570527690526356,False,0.5802061874384947,0.015166764460122467,0.12315341838585914,0.5106732171280284,0.0028751524518058945,0.05362044807539279,0.5702206392027859,0.012806966834321276,0.11316787015015028,0.5493413258592665,0.008517177717450747,0.09228855680663095
2025-08-22,0.7094888430281302,False,0.522456194873248,0.03498121147582795,0.1870326481548822,0.5428356013888406,0.027773302948883458,0.16665324163928963,0.5524905388716188,0.024648467508020463,0.1569983041565114,0.529946099339343,0.032235596811297534,0.1795427436887872
2025-08-25,0.2850487498472789,False,0.5881899156975938,0.09189456643308813,0.3031411658503149,0.4991172025110345,0.04582530242585456,0.21406845266375557,0.5341912666435195,0.062071993675565006,0.24914251679624055,0.5490873588194043,0.06971638702793494,0.2640386089721254
2025-08-26,0.3251655440943306,False,0.4824345248274986,0.02473353230084956,0.15726898073316797,0.53905309190398,0.04574788310802504,0.21388754780964936,0.49738233542374055,0.02965862321579752,0.17221679132940992,0.49973879523026715,0.03047582001217076,0.17457325113593652
2025-08-27,0.2548970470932282,False,0.4179290822692022,0.026579444493620034,0.16303203517597403,0.49907967237476863,0.05962515448938519,0.24418262528154044,0.4340847119853593,0.032108219249494675,0.17918766489213112,0.44383777993097495,0.035698600525264794,0.18894073283774676
2025-08-28,0.42249279091734127,False,0.3761614364198059,0.002146594409576293,0.04633135449753539,0.463967601482513,0.0017201599114168794,0.041474810565171716,0.4093330429382419,0.0001731789668734096,0.013159747979099357,0.4023366882274312,0.0004062684756462005,0.020156102689910083
2025-08-29,0.4592638677961382,False,0.4231205185631192,0.001306341693779974,0.036143349233018984,0.43190296279134754,0.0007486191226811785,0.02736090500479066,0.4154467198133336,0.0019199424573469986,0.043817147982804616,0.4262436939962561,0.0010903318777744197,0.03302017379988209
2025-09-02,0.555734951944392,False,0.45046002513673317,0.011082810214357933,0.10527492680765888,0.5057087744465509,0.002502618435045504,0.05002617749784111,0.5019962561853085,0.0028878474218873413,0.05373869575908352,0.47096949716991526,0.007185182323123868,0.08476545477447678
2025-09-03,0.39965757913017824,False,0.5031460685601401,0.010709867444495327,0.10348848942996186,0.5943199552902133,0.03789344069227099,0.19466237616003507,0.5849680678026166,0.03433997721201789,0.18531048867243832,0.5398222349327874,0.019646130736263884,0.14016465580260912
2025-09-04,0.4204087716278755,False,0.4653713148534641,0.0020216302933129256,0.044962543225588625,0.5480124374777751,0.016282695538332826,0.12760366584989957,0.5254430934485146,0.011032208760321583,0.1050343218206391,0.4940870015089259,0.005428481558404914,0.07367822988105044
2025-09-05,0.8803180640350261,False,0.45574715724786363,0.18026045489007342,0.42457090678716247,0.5055028433287739,0.14048644967307652,0.3748152207062522,0.4773872538321769,0.1623532378107245,0.4029308102028492,0.4733055628331125,0.16565917613463774,0.4070125012019136
2025-09-08,0.2838651281774325,False,0.6475108807714036,0.13223823337963567,0.36364575259397114,0.5215148976948124,0.0564774129516638,0.23764976951737993,0.581618867240381,0.08865728912596646,0.29775373906294855,0.5877349724586043,0.09233688226346361,0.3038698442811718
2025-09-09,0.3746143227148983,False,0.5002364419887892,0.01578091685086368,0.12562211927389094,0.4840308942846408,0.011971986134076582,0.1094165715697425,0.4800284724022975,0.011112142954317407,0.1054141496873992,0.49526990036731955,0.014557768418639452,0.12065557765242124
2025-09-10,0.40298275861641863,False,0.42417693513384935,0.0004491931182520117,0.02119417651743072,0.4504321453582806,0.0022514443021787837,0.04744938674186194,0.41090235552980015,6.272001527044194e-05,0.00791959691338151,0.4331118946413144,0.000907764837606671,0.030129136024895753
2025-09-11,0.3926885614575428,False,0.44980726943,0.0032625468004428477,0.05711870797245722,0.41995978507775317,0.0007437196377435213,0.027271223620210394,0.4052678734949575,0.00015823909133464757,0.012579312037414747,0.4393553172605581,0.0021777860971782647,0.046666755803015325
2025-09-12,0.2368074028575931,False,0.4491120973000682,0.04507328328231271,0.21230469444247507,0.39035738599558456,0.023577597321677458,0.15354998313799145,0.3850982186773002,0.021990166056474292,0.1482908158197071,0.42864343433804064,0.036801062974167256,0.19183603148044753
2025-09-15,0.1373359294392104,False,0.35924127084478247,0.049241980544323494,0.22190534140557205,0.3806566251314091,0.059204960952135545,0.24332069569219866,0.3578149989674391,0.04861102010003351,0.2204790695282287,0.3656074779599859,0.05210789986407275,0.22827154852077547
2025-09-16,0.23786787477116472,False,0.28983236145208074,0.0027003078760110986,0.05196448668091602,0.3559227513370858,0.013936953880994859,0.11805487656592106,0.3032486097637821,0.004274640508174862,0.06538073499261737,0.3089897618227328,0.005058322817776007,0.07112188705156808
2025-09-17,0.7935252533864264,False,0.30258282225819716,0.24102447068209615,0.4909424311282293,0.3647325476752829,0.18386318447108335,0.42879270571114353,0.3235353921359642,0.22089046967822873,0.4699898612504622,0.32116146571950244,0.22312754789904285,0.472363787666924
2025-09-18,0.4918239006723321,False,0.5389211542133986,0.0022181512911114984,0.047097253541066475,0.37068894455936485,0.014673677592490504,0.12113495611296726,0.452288463682041,0.0015630507780132782,0.039535436990291106,0.4609359687923999,0.0009540643358193331,0.030887931879932218
2025-09-19,0.4272891977928156,False,0.5283931694101778,0.010222013076804376,0.10110397161736218,0.34712995380782036,0.006425504396245996,0.08015924398499524,0.4306505844204451,1.1298920060406596e-05,0.0033613866276295257,0.4582263969720093,0.0009571102930531025,0.030937199179193686
2025-09-22,0.3290812913298848,False,0.4646376272533508,0.01837552020899556,0.135556335923466,0.32560446352433425,1.208833158944932e-05,0.003476827805550531,0.3616665926543968,0.001061801862409246,0.03258530132451204,0.4143067419954191,0.007263377441143426,0.08522545066553433
2025-09-23,0.4664160231235994,False,0.42605858360309157,0.0016287229246514491,0.040357439520507854,0.30607740849254333,0.025708471341806313,0.1603386146310561,0.31281272076261063,0.023593974496201344,0.1536033023609888,0.38681532329510115,0.006336271413186684,0.07960069982849827
2025-09-24,0.41959417174786606,False,0.469798610252522,0.0025204856455677805,0.050204438504655946,0.3871793571915219,0.0010507202027221806,0.03241481455634415,0.3853819331653444,0.001170477268827383,0.03421223858252165,0.4382048373808569,0.0003463568753029868,0.018610665632990853
2025-09-25,0.538109084741685,False,0.4558624864759528,0.006764502926284737,0.08224659826573216,0.42050805520721457,0.013830002147567374,0.11760102953447038,0.42349486802484415,0.013136418673614949,0.1146142167168408,0.44319328180775036,0.009009009646593506,0.09491580293393459
2025-09-26,0.4290610862485847,False,0.4941234107962536,0.004233106075546201,0.06506232454766891,0.47306583530582463,0.0019364179395906598,0.044004749057239945,0.482115643029846,0.0028147859952560804,0.05305455678126131,0.485612445905792,0.0031980562790788146,0.05655135965720731
2025-09-29,0.358843233966138,False,0.4751915061105238,0.013536920430984064,0.11634827214438581,0.4392276470513554,0.006461653867054875,0.08038441308521743,0.44718756799983767,0.007804721355857907,0.08834433403369968,0.4620402315006911,0.010649620300146566,0.10319699753455314
2025-09-30,0.44223567507929906,False,0.4343613520517794,6.200496314172654e-05,0.00787432302751967,0.4098629670872849,0.001047992222736216,0.03237270799201414,0.3975891733856255,0.0019933101134831967,0.04464650169367357,0.4260678553844684,0.00026139839368455434,0.016167819694830665
2025-10-01,0.4534394421771973,False,0.45160611563837316,3.3610861979568293e-06,0.0018333265388241204,0.38295397300364203,0.004968201364616207,0.07048546917355525,0.3887731538645992,0.004181728844128058,0.06466628831259807,0.42605740662839053,0.0007497758707961165,0.02738203554880675
2025-10-02,0.38418685146559606,False,0.47080173231945627,0.0075021375853284,0.08661488085386021,0.35871718074982606,0.0006487041263697518,0.02546967071577,0.3820423376927774,4.5989393218089105e-06,0.002144513772818657,0.42856884314690363,0.001969761185599655,0.044381991681307575
2025-10-03,0.4712091260584041,False,0.4395588044433323,0.0010017428583374817,0.03165032161507181,0.33759556860868556,0.017852582734369234,0.13361355744971853,0.35603743088601614,0.01326451936888145,0.11517169517238796,0.404312434472868,0.0044751673450903326,0.06689669158553607
2025-10-06,0.32141728307784995,False,0.4617388246807391,0.01969013503781136,0.14032154160288918,0.32830623932338854,4.745771815294516e-05,0.006888956245538591,0.3595444533334556,0.001453681111699939,0.038127170255605636,0.41008723160106775,0.007862359771110095,0.0886699485232178
2025-10-07,0.4631774933836764,False,0.42013956611113407,0.001852263183916645,0.04303792727254235,0.3089453536821728,0.02378755291690413,0.15423213970150362,0.32317620269449876,0.019600361394635623,0.14000129068917766,0.3842542441256673,0.006228879273441841,0.07892324925800914
2025-10-08,0.2988878801411221,False,0.4450339569307622,0.02135867576100338,0.1461460767896401,0.35947276210751083,0.003670527922881254,0.060584881966388726,0.37250287320734987,0.0054191672041407615,0.07361499306622776,0.4122349554218333,0.012847559474691211,0.1133470752807112
2025-10-09,0.4472451571284465,False,0.4021554637655313,0.0020330804475617178,0.045089693362915184,0.3363943680391292,0.012287897441724304,0.11085078908931728,0.3396308125994334,0.011580847148409129,0.10761434452901308,0.38149893937788326,0.004322565148504474,0.06574621775056322
2025-10-10,1.3601112529561223,True,0.431738246818311,0.8618764385253566,0.9283730061378113,0.3706357120968773,0.9790618459586955,0.989475540859245,0.3771487067022326,0.9662153673379305,0.9829625462538898,0.4087720315106115,0.9050463142605507,0.9513392214455109
2025-10-13,0.526275479742592,False,0.8297265250474941,0.09208253689663773,0.3034510453049021,1.0264797479232626,0.25020430990616016,0.5002042681806705,1.0542916345710134,0.2788010597597914,0.5280161548284213,0.9293132639175533,0.16243945547266267,0.4030377841749613
2025-10-14,1.2709683929987126,True,0.6916811939928728,0.33557365893203145,0.5792871990058398,0.9258379006821696,0.11911505672665929,0.3451304923165429,0.8972578089615237,0.13965960062141677,0.3737105840371888,0.7863216957165649,0.23488242118649372,0.4846466972821477
2025-10-15,1.1924355892172203,True,0.8660314292465955,0.1065396756461292,0.3264041599706248,0.8688384292638301,0.10471512192989994,0.3235971599533901,0.906663474962787,0.08166570128544887,0.2857721142544333,0.8674466248178886,0.10561782698135007,0.32498896439933167
2025-10-16,1.093705479525211,False,1.0082944316900568,0.007295047092298996,0.08541104783515419,0.7916217098886061,0.09125460387786137,0.3020837696366049,0.8981415729125132,0.03824524156962,0.19556390661269785,0.8999150801721831,0.03755471888140603,0.1937903993530279
2025-10-17,0.6721359381831226,False,0.9961198328374837,0.1049655639954082,0.32398389465436117,0.8324684268834659,0.02570650693284572,0.16033248870034333,0.8841466581352595,0.044948545374623436,0.21201071995213694,0.9157226874425171,0.059334504414759126,0.2435867492593945
2025-10-20,0.3680168924995411,False,0.7957539065592298,0.18295895319669836,0.4277370140596887,0.7591147929792051,0.15295756775960118,0.39109790047966403,0.7438658430249345,0.14126243361103963,0.3758489505253934,0.7797410649720786,0.16951679419819582,0.4117241724725375
2025-10-21,0.31666496369067204,False,0.6102038993831844,0.08616510676749292,0.2935389356925124,0.6925440600350835,0.14128509506869136,0.37587909634441147,0.584651038441347,0.07181653626027436,0.267986074750675,0.6385193904123222,0.10359027200032207,0.32185442672165016
2025-10-22,0.8349771584541605,False,0.4956434066647892,0.11514739510345069,0.33933375178937136,0.6467006890991709,0.03544802891278036,0.18827646935498965,0.5286155353348567,0.09385744412029436,0.3063616231193038,0.544393598783561,0.0844388051508369,0.29058355967059957
2025-10-23,0.3927933469061719,False,0.6575245452608672,0.07008260738231305,0.26473119835469533,0.6806721971216202,0.08287423240136851,0.2878788502154483,0.6708962319996233,0.07734121469730146,0.27810288509345144,0.668346215522709,0.07592938340280256,0.2755528686165371
2025-10-24,0.2854361044860972,False,0.5507589659484631,0.0703962208145778,0.2653228614623659,0.6249497738610218,0.11526953169242563,0.3395136693749246,0.6096227561840324,0.10509698513911836,0.3241866516979352,0.5767390038827467,0.0848573791968945,0.2913028993966495
2025-10-27,0.27026030741399254,False,0.42069629752834653,0.02263098712168601,0.150435990114354,0.574298675800143,0.09243932945091256,0.3040383683861505,0.5078176680645802,0.056433499599273365,0.23755736065058763,0.4682908814702071,0.039216108261033875,0.19803057405621455
2025-10-28,0.420016362891887,False,0.3915339656220961,0.0008112469542341924,0.028482397269790904,0.5273980818551657,0.011530833567508567,0.1073817189632787,0.4595804362787652,0.0015653159029622862,0.03956407338687823,0.43260171559888916,0.00015839110275964692,0.012585352707002173
2025-10-29,0.6933994412194209,False,0.4473950546267138,0.06051815822285407,0.24600438659270707,0.489524353666081,0.041565051324882,0.20387508755333988,0.46022474003079095,0.05437044127440686,0.23317470118862993,0.4625689894946201,0.05328269744347558,0.23083045172480077
2025-10-30,0.5124908515714809,False,0.5645984731144548,0.002715204222865796,0.05210762154297388,0.45918383104434024,0.002841638437480994,0.05330702052714065,0.5191510695960856,4.435850413526937e-05,0.006660218024604703,0.518012591505074,3.0489611894236308e-05,0.005521739933593062
2025-10-31,0.5413376075450851,False,0.5509623368275781,9.263541376127875e-05,0.009624729282493028,0.6199508938480119,0.006180048783345947,0.07861328630292685,0.6258893811717284,0.007149002423411141,0.08455177362664335,0.578451205639508,0.0013774191635143541,0.03711359809442294
2025-11-03,0.5687268267649516,False,0.5443109392620895,0.0005961355625524155,0.024415887502862055,0.5720639131747144,1.1136145706223733e-05,0.003337086409762824,0.5703867762100082,2.7554321601438873e-06,0.001659949445056652,0.5555811059685426,0.00017280997525713918,0.013145720796408966
2025-11-04,0.5559747004283241,False,0.5741011064845655,0.0003285665965157443,0.018126406056241384,0.5299142874469392,0.0006791451247603314,0.02606041298138484,0.5418876270229076,0.00019844563712959236,0.014087073405416484,0.555775494919461,3.9682834761405975e-08,0.0001992055088630984
2025-11-05,0.6560645655404531,False,0.5810061998944556,0.005633758253448265,0.07505836564599755,0.6942024646943807,0.0014544993518751533,0.038137899153927624,0.6595382817032449,1.2066703979640957e-05,0.0034737161627917956,0.627625357835095,0.000808788534908501,0.028439207705358127
2025-11-06,0.7103129986202634,False,0.6146872645113102,0.009144281023876226,0.09562573410895325,0.6380975979945767,0.00521506408752844,0.07221540062568677,0.6406287379010399,0.004855896191984717,0.06968426071922351,0.6248272378491164,0.007307815294621775,0.085485760771147
2025-11-07,1.008456334410452,False,0.661277321430443,0.12053326705377324,0.34717901298000897,0.7641798212312553,0.05967101489098628,0.24427651317919674,0.7520987504582085,0.06571921084983158,0.2563575839522435,0.7072571206799538,0.09072096635187032,0.3011992137304982
2025-11-10,0.6382945614954638,False,0.8028173933021829,0.027067762185701987,0.16452283180671912,0.7012989018831871,0.0039695469076921,0.06300434038772329,0.7676782812478709,0.016740146936969402,0.12938371975240703,0.7535482685817165,0.013283416997123739,0.11525370708625271
2025-11-11,0.4184221211675579,False,0.7239494167436814,0.09334692834205995,0.3055272955761235,0.6389371031865442,0.04862685729483384,0.22051498201898628,0.6738775454858527,0.06525747381364003,0.25545542431829477,0.687705800509298,0.0725136999598251,0.2692836793417401
2025-11-12,0.39492593894465067,False,0.5730338369388281,0.03172242332790433,0.17810789799417748,0.58944937044804,0.03783936540385381,0.19452343150338935,0.5482626940939325,0.0235121604797108,0.1533367551492818,0.5788863948981137,0.033841449354606,0.183960455953463
2025-11-13,0.7525806577245375,False,0.5153830126894057,0.05626272281021241,0.23719764503513185,0.5477563881485407,0.041952981407340634,0.20482426957599686,0.4935937652322846,0.06707421048279377,0.25898689249225293,0.5267194780299692,0.05101327249302208,0.22586117969456831
2025-11-14,1.1584498661942904,True,0.638384313328868,0.2704681792772174,0.5200655528654223,0.8036886815136685,0.1258554981559983,0.3547611846806219,0.754246730718786,0.1633801747282289,0.40420313547550435,0.7132210781712804,0.1982286736844383,0.4452287880230099
2025-11-17,1.162680405923115,True,0.8489017108192182,0.09845706950110429,0.3137786951038969,0.7477596228303774,0.17215925624229061,0.4149207830927376,0.8388788845989984,0.10484742521181238,0.32380152132411666,0.7987119492173472,0.13247303747677838,0.36396845670576783
2025-11-18,0.9730142579387593,False,0.9424254433571233,0.000935675577509706,0.03058881458163598,0.8341688229774552,0.01927805480959372,0.13884543496130408,0.9366633650357362,0.0013213874148470528,0.03635089290302307,0.888597842907962,0.007126131126651825,0.08441641503079733
2025-11-19,0.8994687094203001,False,0.9035841332591303,1.6936713373212182e-05,0.0041154238388302344,0.8941090485466279,2.8725964680773015e-05,0.005359660873672234,0.9267812762709245,0.0007459763079698292,0.027312566850624442,0.8990326129480317,1.901801331249329e-07,0.000436096472268388
2025-11-20,1.6451932054578813,True,0.8732631402796415,0.5958760255260815,0.7719300651782398,0.8147051349501279,0.6897104352556912,0.8304880705077534,0.8198570492920177,0.6811797706746426,0.8253361561658635,0.8456554048109706,0.6392606946632992,0.7995378006469107
2025-11-21,1.424041196017135,True,1.1788326071611048,0.060127252048765685,0.24520858885603025,0.9917075967448445,0.1869123410597335,0.43233359927229054,1.0875366821960926,0.11323528782193619,0.3365045138210425,1.0820783348249665,0.11693859843473435,0.34196286119216857
2025-11-24,0.7008171706691849,False,1.237178774066247,0.2876837695986673,0.5363616033970621,0.8980251598056612,0.038890990979252554,0.1972079891364763,1.0496317155516866,0.12167158672158675,0.34881454488250163,1.0648432226169222,0.13251496649665673,0.3640260519477373
2025-11-25,1.0870110335835288,False,0.9221078030686434,0.02719307543424544,0.16490323051488542,0.8132524929355822,0.07494373857769342,0.2737585406479466,0.8156902512050206,0.0736149669504858,0.2713207823785082,0.8747458817276865,0.04505649469238378,0.21226515185584227
2025-11-26,0.4832746562562409,False,0.9522357777031829,0.2199245334287735,0.468961121446942,0.7410388651326711,0.06644238737769197,0.25776420887643026,0.7649590376191645,0.07934609070381299,0.2816843813629236,0.8495279853642089,0.13414150108266956,0.36625332910796804
2025-11-28,0.2342084964213433,False,0.7804128358622883,0.298339180424119,0.5462043394409449,0.6783095378423385,0.19722573499121246,0.44410104142099516,0.6407266347293025,0.165256996773369,0.40651813830795913,0.7410808557696226,0.2569195886712911,0.5068723593482792
2025-12-01,0.42069646625205154,False,0.5240588742002423,0.010683787376848216,0.1033624079481908,0.623275438760333,0.041038240102511045,0.20257897250828144,0.5111727835468777,0.008185963991234056,0.09047631729482614,0.5533890512548613,0.017607322114727885,0.13269258500280973
2025-12-02,0.464461529303145,False,0.500283976155151,0.0012832476984647927,0.035822446852005974,0.6511993920686863,0.03487102939024213,0.18673786276554127,0.5680544261429795,0.010731488275668598,0.10359289683983453,0.5543642773559262,0.008082504107441855,0.0899027480527812
2025-12-03,0.4485257033128927,False,0.5346164072497975,0.007411609304351799,0.08609070393690482,0.6009517658318535,0.023233704535034143,0.1524260625189608,0.5674973650198417,0.014154256289312717,0.118971661706949,0.5596730763620423,0.012353738535726832,0.11114737304914962
2025-12-04,0.40874595764987426,False,0.504740338188879,0.009214921095067248,0.09599438053900472,0.5552629123534372,0.021467218015605905,0.1465169547035629,0.5506780175359697,0.020144709623510178,0.14193205988609542,0.5234018594439742,0.013145975816218293,0.11465590179409996
2025-12-05,0.39193858476093074,False,0.4834699939976569,0.008377998876861036,0.09153140923672615,0.5157467010038954,0.015328449647631453,0.12380811624296467,0.5125715333745949,0.014552308291226945,0.12063294861366419,0.4947726081086145,0.01057483635787197,0.10283402334768377
2025-12-08,0.45002176525462073,False,0.47771130983453963,0.0007667108790433162,0.0276895445799189,0.4796624277634149,0.0008785688739602356,0.029640662508794158,0.4736905088687501,0.000560209424271389,0.02366874361412935,0.478380522870234,0.000804219133501105,0.028358757615613295
2025-12-09,0.2892890546211801,False,0.4960335099066907,0.042743269791302496,0.2067444552855106,0.5003243833681283,0.04453590997933252,0.21103532874694825,0.4984674880963381,0.04375561703112111,0.20917843347515802,0.497618429670334,0.04340112850837102,0.2083293750491539
2025-12-10,0.6468307699925089,False,0.437319702883893,0.04389488724099095,0.2095110671086159,0.4876697124394293,0.02533224224141471,0.15916105755307958,0.4636721462876379,0.03354708143746252,0.18315862370487096,0.45287824976702373,0.037617580101817226,0.19395252022548515
2025-12-11,0.6325982864527101,False,0.5465433866733589,0.0074054457760341814,0.08605489977935121,0.45196508110552247,0.03262835487399925,0.18063320534718763,0.4920779290163221,0.01974597085405025,0.14052035743638802,0.5066797354724907,0.015855481480958118,0.12591855098021942
2025-12-12,0.8180983010038788,False,0.6104226783252484,0.04312916425495686,0.20767562267863038,0.4219566958038023,0.15692817137049328,0.3961416052000765,0.5019286838078315,0.09996322683789509,0.3161696171960473,0.5317149855126615,0.08201540339174211,0.2863833154912173
2025-12-15,0.4971940965058154,False,0.6971182507333018,0.03996966744357576,0.19992415422748638,0.5843173561037602,0.007590462362970883,0.08712325959794481,0.6507784569875306,0.023588155784577423,0.15358436048171514,0.6453847639612966,0.021960473920901016,0.1481906674554812
2025-12-16,0.6353136433172045,False,0.6154596058209637,0.00039418280490213634,0.019854037496240817,0.5719635642904086,0.004013232512701286,0.0633500790267959,0.5913726992237156,0.0019308065678271188,0.04394094409348892,0.5987041682125205,0.0013402536674404807,0.03660947510468404
2025-12-17,0.569837974122362,False,0.6286453463643218,0.0034583070300044185,0.058807372241959754,0.5785150579325835,7.529178344960763e-05,0.008677083810221475,0.5815353046190833,0.00013682754074952573,0.011697330496721281,0.6077581611664468,0.0014379405854583714,0.03792018704408473
2025-12-18,0.6003366271917594,False,0.6208313947118425,0.0004200354957022514,0.020494767520083057,0.7184177469093753,0.013943150833765945,0.11808111971761592,0.6857848044311801,0.007301390993539447,0.08544817723942066,0.6603667395343737,0.0036036143878669,0.06003011234261435
2025-12-19,0.3121142542675307,False,0.6164765821483043,0.0926364266330035,0.30436232788077355,0.6578947676732763,0.11956416345114099,0.34578051340574556,0.6400681751853279,0.10755377424535677,0.3279539209177972,0.6334150872101894,0.10323422524964625,0.32130083294265865
2025-12-22,0.48719248614804767,False,0.4904556283677324,1.0648097145888866e-05,0.0032631422196847115,0.6032684406261459,0.01347362720800154,0.11607595447809826,0.5508095488053067,0.004047130661137628,0.06361706265725908,0.5259883068569879,0.0015051157044802391,0.038795820708940276
2025-12-23,0.2553071299245764,False,0.5029234011447989,0.06131381777300682,0.24761627122022256,0.5555110282054104,0.09012238054300936,0.30020389828083405,0.520779020520788,0.07047532469672692,0.26547189059621157,0.5229345419697045,0.07162443167797276,0.2676274120451281
2025-12-24,0.22041998578343963,False,0.42267210463144567,0.040905919578507956,0.20225211884800604,0.5138141924467134,0.08608016050357183,0.2933942066632738,0.464751377655722,0.05969782905424681,0.24433139187228237,0.4497661886320261,0.05259968076106498,0.22934620284858648
2025-12-26,0.24294651613143828,False,0.349122234500581,0.01127328317120351,0.10617571836914272,0.4769297567784311,0.05474815690366854,0.2339832406469928,0.4092535761071764,0.02765803819777375,0.1663070599757381,0.38637851830602504,0.020572739247810664,0.14343200217458676
2025-12-29,0.3206425813040567,False,0.3319984911450423,0.00012895668831659386,0.011355909840985612,0.45598089371995626,0.018316458807583633,0.13533831241589955,0.40250979149564525,0.00670224010455374,0.08186721019158855,0.3688551148024585,0.0023244483863345124,0.048212533498401766
2025-12-30,0.19969795099764426,False,0.3597559982503751,0.02561857849035741,0.16005804725273082,0.48787938852307633,0.08304854093422451,0.28818143752543207,0.4433403547479574,0.05936162090523061,0.24364240375031315,0.40077213463167183,0.04043082732409064,0.20107418363402757
2025-12-31,0.3405662448276536,False,0.3138368426478394,0.0007144609408902549,0.026729402179814177,0.4815832507952822,0.019885795972074204,0.14101700596762862,0.4272360816611056,0.0075116606167371985,0.08666983683345203,0.3627354338880209,0.0004914729435943092,0.0221691890603673
2026-01-02,0.6920962668402838,False,0.3492506340688293,0.11754312791045905,0.3428456327714545,0.5731164824365629,0.014156189096755912,0.11897978440372092,0.5097946527198435,0.03323387851091793,0.18230161412044033,0.4226679949688691,0.07259159368361696,0.2694282718714147
2026-01-05,0.29478521557552345,False,0.5222167314197552,0.05172509439920504,0.22743151584423177,0.5310047234206812,0.055799655886608526,0.23621950784515772,0.5613806900860375,0.07107314702948615,0.2665954745105141,0.5260574554447136,0.05348684893411223,0.23127223986919015
2026-01-06,0.30698010925507185,False,0.438655703980152,0.01733846224620356,0.13167559472508017,0.4907484279738715,0.03377079496473434,0.18376831871879967,0.4825260514203137,0.03081637781068243,0.17554594216524183,0.454885479427358,0.021875998525800997,0.14790537017228617
2026-01-07,0.41219700800651343,False,0.3767708475288202,0.001255012846191276,0.03542616047769326,0.4549171533701714,0.0018250108198920685,0.04272014536365798,0.41392772535902256,2.9953825542761973e-06,0.0017307173525091257,0.401384608191246,0.00011690798976519531,0.010812399815267437
2026-01-08,0.31511543969357025,False,0.426620701008269,0.01243342330085925,0.11150526131469873,0.48169628883530513,0.027749179300781433,0.16658084914173488,0.4528763459307118,0.018978067287278504,0.13776090623714154,0.44600658006263055,0.017132490627113046,0.1308911403690603
2026-01-09,0.5447185494283698,False,0.4073487544586327,0.01887046057002761,0.1373697949697371,0.4602726504837962,0.0071311098485571465,0.08444589894457366,0.42815196266266914,0.013587769150205629,0.1165665867657007,0.4243828279971432,0.014480685852373772,0.12033572143122662
2026-01-12,0.385466150419563,False,0.46733969973356465,0.00670327807727226,0.08187354931400165,0.42709614142340124,0.0017330561509796528,0.04162999100383824,0.44725656652354073,0.0038180555223027105,0.06179041610397773,0.45095871887020034,0.004289276522261416,0.06549256845063733
2026-01-13,0.457988847839404,False,0.45254395209761583,2.9646889638943182e-05,0.005444895741788192,0.3997416219959676,0.0033927393184562905,0.058247225843436445,0.4161824451076927,0.00174777530936604,0.04180640273171132,0.4343387524082186,0.0005593270139041766,0.023650095431185403
2026-01-14,0.5801794578116716,False,0.45871690877191396,0.014753150819235525,0.12146254903975762,0.4137649681887072,0.027693782356471706,0.16641448962296435,0.4201838731494,0.025598587111422117,0.1599955846622716,0.4416953896473545,0.01917783713533922,0.13848406816431708
2026-01-15,0.37397028571478597,False,0.5220740119732107,0.021934713731630404,0.14810372625842472,0.4720427178559959,0.009618201946092225,0.09807243214120992,0.49373030606410684,0.014342462474069749,0.11976002034932087,0.5011798024415471,0.01618226114585613,0.12720951672676117
2026-01-16,0.3840999392661345,False,0.46844828961135854,0.0071146442059606555,0.08434835034522403,0.4397367345176977,0.0030954529858643626,0.055636795251563176,0.4359089898598709,0.00268417772342434,0.051809050593736417,0.4586774068050386,0.005561798664516294,0.0745774675389041
2026-01-20,0.7731576697439213,False,0.4301692131137219,0.11764108138156616,0.3429884566301994,0.43282683542110134,0.11582507679086673,0.34033083432281996,0.4133766402452561,0.1294423891871194,0.3597810294986652,0.43108312778194285,0.11701499225849736,0.34207454196197845
2026-01-21,0.9648457345509497,False,0.5905313477730126,0.14011126014894304,0.37431438677793705,0.8167606191898067,0.021929201391523028,0.148085115361143,0.7723067473774011,0.037071261581815895,0.19253898717354856,0.693840455789405,0.07344386111662254,0.2710052787615447
2026-01-22,0.424872984831764,False,0.7490317619423335,0.10507891277781985,0.32415877711056945,0.7427175262381116,0.10102515250181142,0.3178445414063476,0.7928757226427101,0.13542601503635196,0.3680027378109461,0.7460111168669502,0.10312969984704869,0.3211381320351862
2026-01-23,0.37758232447118556,False,0.5783425960479514,0.040304686643576754,0.2007602715767658,0.6803657564979564,0.09167780670991015,0.3027834320267708,0.6534024823972897,0.07607675951838103,0.27582015792610415,0.6155565964973205,0.05663175414636888,0.23797427202613497
2026-01-26,0.3801735379493003,False,0.4737543745191469,0.008757372973112342,0.09358083656984661,0.6308379652746551,0.06283265512634806,0.25066442732535477,0.5456653891234857,0.027387552805058734,0.1654918511741854,0.5273518138464253,0.021661444896050232,0.14717827589712495
2026-01-27,0.2774037734271344,False,0.466232657135973,0.035656347322726094,0.1888288837088386,0.5808803141496246,0.09209801076888925,0.3034765407224902,0.5041862410457633,0.051430287619194444,0.22678246761862886,0.5054531457698497,0.052006516225906387,0.22804937234271527
2026-01-28,0.3686088157618515,False,0.4062423097963913,0.001416279873247743,0.037633494034539805,0.53682689552338,0.028297322358655973,0.16821807976152853,0.46166637770360397,0.008659709834543096,0.09305756194175246,0.44593313144574687,0.005979049795982706,0.07732431568389536
2026-01-29,1.2338788627259927,True,0.39457049182607645,0.7044385414626715,0.8393083708999163,0.5098697922118535,0.5241891341867478,0.7240090705141392,0.4652811307633159,0.5907424735781708,0.7685977319626768,0.4335006491845381,0.6406052847118102,0.8003782135414546
2026-01-30,0.7257072711514351,False,0.7636440869472114,0.0014392019927226658,0.037936815795776346,0.5123293359937852,0.04553014321214225,0.2133779351576499,0.6509654376537366,0.005586341674597681,0.07474183349769847,0.6376875278085234,0.007747475218152036,0.08801974334291163
2026-02-02,0.5595721515381202,False,0.7408090096625083,0.03284679874279957,0.18123685812438806,0.5292253356882578,0.0009209292322254615,0.03034681584986243,0.6414251870448082,0.006699919421659125,0.08185303550668799,0.6460597588834583,0.007480106224321383,0.08648760734533811
2026-02-03,1.1808020934296746,True,0.6092744150850558,0.32664388711399006,0.5715276783446188,0.4899479870443234,0.4772793963095021,0.6908541063853512,0.5154469488609665,0.4426974684040464,0.665355144568708,0.5603598258718043,0.38494860737235187,0.6204422675578702
2026-02-04,0.9245469936460023,False,0.8527631778905536,0.005152916204412218,0.07178381575544879,0.5983739652429374,0.10638884445762661,0.32617302840306495,0.6932225162813734,0.05351101382801871,0.2313244773646289,0.7262752009987092,0.039311703759571194,0.1982717926472931
2026-02-05,0.7636136921222774,False,0.889601524434504,0.015872933890733743,0.12598783231222666,0.6336246594881922,0.016897148605145247,0.12998903263408512,0.719654086616988,0.0019324469161806634,0.04395960550528932,0.7684124188240812,2.3027777958604897e-05,0.004798726701803813
2026-02-06,0.8392875042432042,False,0.7703873884806418,0.004747225952094498,0.06890011576256239,0.791625934908936,0.0022716251914052586,0.04766156933426824,0.7835040054526219,0.003111798737318898,0.05578349879058231,0.7800234107122384,0.003512232782047068,0.059264093530965845
2026-02-09,0.6528158783594618,False,0.7797188145533644,0.01610435521463374,0.1269029361939027,0.7161136148751982,0.004006603448015595,0.06329773651573645,0.7254393313932774,0.005274165930554831,0.07262345303381568,0.7501086254596574,0.009465878638302628,0.09729274710019564
2026-02-10,0.42758994119108756,False,0.7309261266467201,0.09201284140677388,0.3033361854556325,0.6569681709188571,0.0526143722730454,0.2293782297277695,0.6479763925505763,0.04857018794282828,0.2203864513594887,0.6993235567262477,0.07383915781181022,0.2717336155351601
2026-02-11,0.7085662368108094,False,0.5845281365061136,0.015385450327197792,0.12403810030469586,0.6526988368500227,0.003121166378378511,0.05586739996078671,0.5927503930488587,0.013413309666292587,0.11581584376195075,0.6095196007614218,0.009810236112699863,0.09904663604938768
2026-02-12,0.9988099971204706,False,0.63926080573037,0.12927562102927515,0.35954919139010055,0.6152038843768307,0.14715364973428616,0.38360611274363987,0.6075143923512207,0.15311225031173298,0.39129560476924985,0.6286293330236018,0.1370337240711988,0.3701806640968688
2026-02-13,0.9083787905749813,False,0.8035225425056285,0.01099483275918165,0.10485624806935279,0.8323671115271627,0.005777775351668582,0.07601167904781858,0.8578460998291542,0.002553552834013401,0.050532690745827114,0.8173785285732954,0.008281047684375474,0.09100026200168587
2026-02-17,0.9193817968467284,False,0.8239915327539821,0.009099302483683886,0.09539026409274631,0.7622504820721269,0.024690250082794903,0.15713131477460152,0.8188075165239369,0.01011518586244744,0.10057428032279148,0.7948831199043496,0.015499920560402806,0.12449867694237882
2026-02-18,0.618060847899985,False,0.827842218255899,0.04400822334840512,0.20978137035591393,0.6996935630851157,0.006663900188496652,0.0816327151851306,0.7597104207658628,0.020064601493085612,0.14164957286587776,0.7674253008299599,0.02230973979907066,0.1493644529299748
2026-02-19,0.4751947296749724,False,0.7320405676345815,0.06596978447717376,0.2568458379596091,0.6422520943248371,0.027908163083757865,0.1670573646498647,0.6485624833518361,0.030056378014961683,0.1733677536768637,0.6947160551292669,0.048189612329210305,0.21952132545429454
2026-02-20,0.5677780017354249,False,0.621243278345255,0.0028585358029656377,0.053465276609830026,0.6396559251859449,0.005166435879558816,0.07187792345052002,0.5871354434142864,0.0003747105483505221,0.019357441678861442,0.6282670645026932,0.0036589267144625224,0.06048906276726829
2026-02-23,0.8626327591878689,False,0.6095186500801933,0.06406675222937226,0.2531141091076755,0.5875565649352018,0.07566691264453101,0.27507619425266705,0.5632373017552105,0.08963763993131076,0.2993954574326584,0.6005790703912665,0.06867213581190654,0.2620536887966024
2026-02-24,0.7070825483641301,False,0.727511972606411,0.00041736137487109417,0.02042942424228089,0.7122793861101878,2.7007122558850337e-05,0.005196837746057725,0.7307047393635844,0.000558007907614699,0.023622190999454284,0.7204658327150383,0.00017911230001726395,0.013383284350908187
2026-02-25,0.25027462937841033,False,0.7110687541573936,0.21233122543082916,0.46079412477898324,0.652894681450399,0.16210290633045085,0.40262005207198864,0.6920049072056936,0.19512563834936889,0.4417302778272833,0.6857577624174052,0.18964555916145887,0.43548313303899483
2026-02-26,0.8462185466383512,False,0.503814132041219,0.11724078313560474,0.3424044145971321,0.5987881924119768,0.0612217801925891,0.24743035422637438,0.5424052719532908,0.09230250587485994,0.30381327468506036,0.5321261525425338,0.09865403202884224,0.31409239409581735
2026-02-27,0.47081212072215284,False,0.6642211911290122,0.03740706851564549,0.1934090704068594,0.6449983254656089,0.030340833922929186,0.17418620474345603,0.6492318481269846,0.03183359912721449,0.1784197274048318,0.6553292671861554,0.03404657733921816,0.18451714646400252
2026-03-02,0.8450656623413011,False,0.622087433825598,0.04971929039200113,0.22297822851570315,0.6741377577488683,0.029216348568359807,0.1709279045924328,0.6569815250455974,0.03537564270226913,0.18808413729570372,0.6418941149829356,0.04127867765599256,0.2031715473583655
2026-03-03,1.2651860674312112,True,0.6975754861210758,0.32218177201522985,0.5676105813101354,0.6237648073355927,0.4114212329026511,0.6414212600956185,0.6625931515976499,0.36311822221279355,0.6025929158335613,0.663360043769263,0.36219456275675177,0.6018260236619482
2026-03-04,0.7043874248659138,False,0.9355139730589672,0.05341948127963586,0.23112654819305345,0.7192286468410579,0.00022026186971550155,0.014841221975144148,0.8539778622378035,0.022377298953113255,0.1495904373718897,0.8268992616409103,0.015009150149983398,0.12251183677499655
2026-03-05,1.0283090892624192,False,0.8236629698041595,0.04188003420932426,0.2046461194582596,0.658666203965273,0.13663586265079916,0.3696428852971462,0.7215337826964371,0.09411108871865227,0.30677530656598206,0.7517134593484227,0.07650514248752048,0.27659562991399644
2026-03-06,0.6604310528946205,False,0.8606872238446563,0.04010253400357,0.2002561709500359,0.6979195745831414,0.0014053892583907022,0.037488521688520904,0.7559524494226404,0.009124337194663221,0.09552139652801994,0.7818538820654668,0.014743503443852534,0.12142282917084635
2026-03-09,1.4850098896733879,True,0.7871630679226991,0.4869901866275376,0.6978468217506888,0.8561408768953083,0.39547623523247644,0.6288690127780796,0.8206059106033533,0.44143264740409494,0.6644039790700346,0.8167716428785734,0.4465423544794074,0.6682382467948145
2026-03-10,0.8941581407390715,False,1.0573111281736756,0.026618897308836067,0.16315298743460405,0.7789974130597637,0.013261993199627701,0.11516072767930785,0.891548792687768,6.808697252841521e-06,0.0026093480513035283,0.9142346184719001,0.0004030649581567631,0.020076477732828613
2026-03-11,0.6948662260409166,False,0.9613198813105505,0.07099755040654886,0.2664536552696338,0.7464176169927608,0.0026575459090698774,0.051551390951844134,0.8385081240652495,0.020632994868032856,0.14364189802433291,0.8597896136584277,0.027199723783235787,0.16492338761751102
2026-03-12,0.38567704118447055,False,0.7932664782829104,0.16612914923422306,0.40758943709843987,0.7127295037814012,0.10696331329071673,0.32705246259693066,0.7034283525735339,0.10096589588946948,0.3177513113890633,0.758147026943919,0.13873389029164374,0.37246998575944845
2026-03-13,0.9648986895641535,False,0.6180190049472164,0.12032551559994574,0.3468796846169371,0.9060412745586027,0.0034641953011356305,0.05885741500555075,0.7688655710257656,0.03842898356388564,0.1960331185383879,0.7170653503369373,0.06142136403251241,0.24783333922721618
2026-03-16,0.5192312374788044,False,0.7934476687158984,0.07519465116040792,0.27421643123709405,0.9157865839434194,0.15725614280967082,0.396555346464615,0.8636362801956533,0.11861483344879452,0.3444050427168489,0.8525788992522052,0.11112066360979363,0.3333476617734008
2026-03-17,0.47622160724483525,False,0.679796215952191,0.04144262131035299,0.20357460870735572,0.8308062442262963,0.12573026478327454,0.3545846369814611,0.7904890515121943,0.09876402652633762,0.31426744426735903,0.7395366174487578,0.06933479459869181,0.2633150102039225
2026-03-18,0.6339650241656463,False,0.5696450859065805,0.004137054457650035,0.06431993825906579,0.760157470581346,0.015924533532379243,0.1261924464156997,0.6881497293547155,0.002935982276426349,0.05418470518906926,0.6428548375363505,7.90287817659524e-05,0.00888981337070427
2026-03-19,0.7941963867606868,False,0.6148894811685418,0.0321509663930304,0.17930690559214502,0.9231660110589431,0.016633163991633386,0.1289696242982563,0.8382712730526238,0.001942595601647177,0.04407488629193701,0.7451228199208693,0.0024082149623820418,0.04907356683981756
2026-03-20,1.05835571190587,False,0.7166572887062785,0.11675781241708708,0.34169842319959143,0.8852853830069054,0.02995333874519577,0.17307032889896456,0.8535419138047677,0.04194869189259907,0.20481379810110223,0.7943270083389449,0.06971115630723121,0.2640287035669251
2026-03-23,0.8969661695337651,False,0.844153806403698,0.0027891456993820703,0.0528123631300671,1.034803120047744,0.018999024926993107,0.13783695051397904,1.03819565615993,0.019945767892690078,0.14122948662616486,0.9378142335728827,0.0016685643357438583,0.04084806403911767
2026-03-24,0.753141603763827,False,0.8492204040530211,0.00923113586501085,0.09607880028919413,0.9352560727819645,0.03316567982575818,0.18211446901813755,0.9511760226891307,0.03921763107908269,0.1980344189253037,0.890293519961171,0.018810648116603275,0.13715191619734401
2026-03-25,0.6934150923523892,False,0.7858345143868268,0.008541349569179499,0.09241942203443765,0.9083388294763182,0.046192212779315726,0.21492373712392898,0.8753468698289903,0.033099171655795526,0.18193177747660116,0.8412947948452596,0.021868406409379863,0.1478797024928704
2026-03-26,0.8631631822535911,False,0.7433757013254685,0.014349040587105344,0.11978748092812264,0.8271869599997395,0.0012942885676585317,0.035976222253851664,0.7848924494108398,0.00612630761974135,0.07827073284275132,0.7800047645652114,0.006915322432435026,0.08315841768837973
2026-03-27,0.6709132731493902,False,0.7985080973769533,0.01628043916966272,0.12759482422756308,1.0485831223093398,0.14263451496449908,0.3776698491599496,0.9764045545813697,0.09332492303095287,0.30549128143197946,0.916408375858177,0.06026784545399779,0.24549510270878683
2026-03-30,0.9451160084988417,False,0.7410520340058306,0.041642105685884265,0.20406397449301106,1.2177073667438039,0.0743060485898333,0.27259135824496217,1.0872603692378542,0.020205019289902516,0.1421443607390125,0.9470466690972076,3.7274503460825183e-06,0.0019306605983658853
2026-03-31,1.0017744825923156,False,0.8107579513926402,0.036487315191556575,0.19101653119967543,1.154808352759827,0.023419365418446723,0.15303387016751135,1.0791329255602742,0.005984328698426899,0.07735844296795857,0.9763693135152738,0.000645422615833082,0.025405169077041823
2026-04-01,0.5814707060973284,False,0.8901418841855009,0.09527789618234028,0.30867117808817246,1.0299603626540041,0.20114297203832493,0.4484896565566757,1.0264190429000508,0.19797902242350887,0.4449483368027224,0.958414658486217,0.14208674324255668,0.37694395238888856
2026-04-02,1.100366225657452,False,0.7423783471243693,0.12815532117661715,0.35798787853308267,0.9329559782118001,0.028026190949814404,0.16741024744565192,0.8711436040418102,0.05254301026034768,0.22922262161564178,0.8210497776953727,0.07801767810215297,0.27931644796207933
2026-04-06,0.3459752427949526,False,0.8702122590570395,0.2748244492193755,0.5242370162620869,0.8515782702726221,0.25563442139458503,0.5056030274776695,0.8725950894109329,0.2773284628498386,0.5266198466159803,0.8609100535323981,0.2651578593092088,0.5149348107374455
2026-04-07,0.8900409738535583,False,0.667126252837869,0.049690972845502605,0.22291472101568932,0.777521880883012,0.012660546282914442,0.1125190929705463,0.7173414220343609,0.029825135198551643,0.17269955181919738,0.7032342869877926,0.03489673825776425,0.18680668686576574
2026-04-08,0.5883362650113552,False,0.7361021071877888,0.02183474411411069,0.14776584217643363,0.7174378031280769,0.01666720714410336,0.12910153811672176,0.7094257171664857,0.014662655423229653,0.12108945215513056,0.7272103128400658,0.019286001160331,0.1388740478287106
2026-04-09,0.6152674226174659,False,0.6961007976335312,0.006534034516487841,0.08083337501606525,0.6465198259058467,0.0009767127112995917,0.03125240328838075,0.6619483664964212,0.0021791105214301718,0.04668094387895527,0.6755380676454712,0.003632550652091817,0.060270645028005276
2026-04-10,0.331091318201254,False,0.653780882191507,0.10412855470821959,0.322689563990253,0.5948010347361716,0.06954281459492662,0.26370971653491765,0.5931263004629687,0.06866233192889712,0.2620349822617147,0.6290356317862001,0.08877081399760474,0.29794431358494616
2026-04-13,0.6242438382819224,False,0.5167123021367837,0.011563031265733286,0.10753153614513877,0.5697136498883268,0.002973541446241026,0.05453018839359558,0.5322156290777033,0.00846919128933553,0.09202820920421917,0.5339554464138785,0.008151993706117463,0.09028839186804394
2026-04-14,0.3613327786635771,False,0.5884104607500682,0.05156427370177352,0.2270776820864911,0.5236949447354958,0.026361472971565315,0.16236216607191872,0.5243379301370107,0.02657067940687703,0.16300515147343358,0.5610709882230683,0.03989535235803123,0.19973820955949123
2026-04-15,0.45425499369460076,False,0.5164515631462443,0.003868413251553118,0.062196569451643535,0.48092492347830207,0.000711285154667558,0.026669929783701307,0.48067507179848373,0.0006980205270152764,0.02642007810388297,0.5046133255188883,0.0025359615841250476,0.050358331824287506
2026-04-16,0.4256066728429148,False,0.4979112766522708,0.005227955732027938,0.072304603809356,0.4449339262980036,0.0003735427261172415,0.01932725345508879,0.44719790510790147,0.00046618131072060097,0.02159123226498666,0.4779990219444356,0.002744958244375627,0.052392349101520796
2026-04-17,0.5602541611929595,False,0.493104082288213,0.0045091330969136735,0.06715007890474645,0.4156821197096995,0.020901075178637443,0.14457204148325997,0.43424545144970916,0.0158781949311587,0.1260087097432503,0.46486362259769276,0.009099354853495065,0.0953905385952667
2026-04-20,0.3764709881836221,False,0.5479962011981008,0.029420898699662277,0.17152521301447865,0.3833993087934423,4.8001626472459104e-05,0.006928320609820182,0.431783179961988,0.0030594385593267263,0.05531219177836588,0.4800497537628538,0.010728560678917429,0.10357876557923168
2026-04-21,0.6707462444021243,False,0.49084278446013097,0.03236525489910039,0.1799034599419933,0.39901048042112813,0.07384032542633563,0.27173576398099614,0.42315235517277405,0.061302733983715746,0.24759388922935022,0.45967292087560196,0.04455194790453196,0.2110733235265223
2026-04-22,0.26651302002380195,False,0.580369417789405,0.09850583841840042,0.31385639776560303,0.48637892336051625,0.04834101545006939,0.2198659033367143,0.5235866094526206,0.06608683038181681,0.25707358942881864,0.5387402006516919,0.07410763787260984,0.27222718062789
2026-04-23,1.0034960125254149,False,0.4702160078891714,0.28438756334483184,0.5332800046362435,0.4485229263152008,0.3079951264176896,0.554973086210214,0.44240840161766226,0.3148193071141696,0.5610876109077526,0.4636950771325268,0.29138504985103697,0.5398009353928881
2026-04-24,0.46559450719457357,False,0.6963413262284738,0.05324409449426349,0.2307468190339002,0.48604992448790796,0.00041842409664444356,0.020455417293334388,0.5732886882883078,0.011598036641450026,0.10769418109373424,0.5909452789244225,0.015712815973268693,0.12535077172984893
2026-04-27,0.2801339868449036,False,0.6185300934245579,0.11451192494826876,0.3383961065796543,0.45131030667360394,0.029301332470097512,0.17117631982870035,0.5143931949712951,0.054877376592004014,0.2342592081263915,0.5542711788321041,0.07515120003062722,0.2741371919872005
2026-04-28,0.3608020359951472,False,0.4573948441345479,0.009330170584255072,0.09659280813940069,0.4220600881241539,0.0037525489506401023,0.0612580521290067,0.3912758607222161,0.0009286539934961152,0.030473824727068888,0.4465955215060935,0.0073605221561169505,0.08579348551094629
2026-04-29,0.3779054613445,False,0.43799353137912417,0.003610576160485901,0.060088070034624186,0.4774847331370435,0.00991603137073325,0.0995792717925435,0.43493217984577864,0.003252046623024078,0.05702671850127866,0.4512225756719311,0.005375399253301602,0.0733171143274311
2026-04-30,0.8548549889780769,False,0.4610242551282549,0.1551026469246893,0.393830733849822,0.4576187671147743,0.15779661596023095,0.3972362218633026,0.4300486272838402,0.18046044493589464,0.4248063616942367,0.4598531611622957,0.15602644397780804,0.3950018278157812
2026-05-01,0.4274097005856903,False,0.6255616544067026,0.039264196803084614,0.19815195382101236,0.42311002936667863,1.8487172591597102e-05,0.004299671219011647,0.5150902352159651,0.00768787615305082,0.08768053463027481,0.5275081516194866,0.010019699899365322,0.10009845103379633
2026-05-04,0.6786762863800408,False,0.5472451991512752,0.0172741306901354,0.13143108722876562,0.39589815368784237,0.0799634723288866,0.2827781326921985,0.45580155655648374,0.049673145193923574,0.2228747298235571,0.49106206315247675,0.03519909675728226,0.1876142232275641
2026-05-05,0.3014596583039442,False,0.585714764224124,0.08080096524169265,0.28425510592017983,0.43522446020560535,0.017893022227790642,0.13376480190166112,0.4811054874786533,0.032272623939868746,0.17964582917470906,0.5178804474140576,0.04683795795904416,0.21642078911011337
2026-05-06,0.4429546569561003,False,0.48588194650120853,0.001842752187689557,0.042927289545108216,0.4039038294420485,0.001524967129532226,0.03905082751405181,0.40379007931284994,0.0015338641419741872,0.039164577643250376,0.4602014531230645,0.00029745197802481013,0.017246796166964173
2026-05-07,0.5407095055895236,False,0.47773562600897196,0.003965709509425816,0.06297387958055162,0.37216338364956797,0.028407795220998386,0.1685461219399556,0.36655529018207245,0.030329690744184887,0.17415421540745113,0.4378581187371132,0.01057840777746417,0.10285138685241035
2026-05-08,0.24910796141274472,False,0.5187920845027763,0.07272952624683927,0.26968412309003154,0.4047258822685885,0.024216937291495665,0.1556179208558438,0.43538095248258823,0.034697627202106,0.18627299106984352,0.47159520966800417,0.04950057563619745,0.22248724825525945
2026-05-11,0.3391111650088538,False,0.4209748645038997,0.006701665295015179,0.0818636994950459,0.3760791137298707,0.001366629232639734,0.036967948721016886,0.36502076547971307,0.000671307396559551,0.025909600470859273,0.40759132155149586,0.004689531840104762,0.06848015654264206
2026-05-12,0.6652728347934875,False,0.38727223968629626,0.0772843308799525,0.2780005951071913,0.35341206562102834,0.09725713934883788,0.3118607691724592,0.3421472253308574,0.10441015949059618,0.32312560946263014,0.3761084025058511,0.08361606890023109,0.28916443228763644
2026-05-13,0.7396375502154501,False,0.5370433194970335,0.04104442232038699,0.20259423071841653,0.3645054831573232,0.14072406773530302,0.3751320670581269,0.42435387624734244,0.099403795070828,0.31528367396810764,0.45944043328392725,0.07851042433673748,0.2801971169315228
2026-05-14,0.4217913699468041,False,0.6318453537498552,0.04412267611153244,0.21005398380305107,0.34095969386166347,0.006533759858733097,0.08083167608514064,0.454094222057415,0.0010434742544799993,0.0323028521106109,0.49499211230089235,0.005358348681189609,0.07320074235408824
2026-05-15,0.4767784698053797,False,0.5259005535087959,0.0024129791073654325,0.04912208370341625,0.31814255427215904,0.025165353697063117,0.15863591553322065,0.37893670682280894,0.009573010583537551,0.09784176298257075,0.4491609894073622,0.0007627252235348797,0.02761748039801748
2026-05-18,0.7635933068225705,False,0.5041501764666348,0.06731073788888704,0.2594431303559357,0.5287114918676372,0.05516946699652354,0.23488181495493332,0.5038385398412144,0.06747253896953863,0.25975476698135613,0.5139835274759328,0.06230504194547719,0.24960977934663775
2026-05-19,0.5823622264963989,False,0.6371114145892173,0.002997473596822805,0.05474918809281837,0.5112746663017071,0.005053441214433924,0.07108756019469176,0.5508405817216376,0.0009936140893062346,0.03152164477476127,0.5775355502583303,2.3296803507136537e-05,0.00482667623806865
2026-05-20,0.6061383221688195,False,0.616094739383699,9.913024375674883e-05,0.009956417214879498,0.584885296718314,0.0004516910907998323,0.021253025450505447,0.6003959185941912,3.297519881390384e-05,0.005742403574628296,0.6026981537824361,1.1834758526671704e-05,0.003440168386383391
2026-05-21,0.6652691018275041,False,0.5896406183521017,0.005719667512789215,0.07562848347540241,0.5376433977675225,0.016288320336806012,0.12762570405998164,0.5536325052968495,0.012462729684948165,0.11163659653065461,0.5672197645902215,0.009613672532670372,0.0980493372372826
2026-05-22,0.41937989410267534,False,0.6261212481413964,0.042741987469763786,0.20674135403872101,0.4998384459275796,0.006473578561760803,0.08045855182490425,0.5355875692693283,0.013504223767638322,0.11620767516665292,0.569570566931965,0.02255723820491471,0.1501906728292896
2026-05-26,0.35110752777504506,False,0.5466590001922897,0.03824037836455241,0.1955514724172447,0.4646650219663512,0.012895304487008524,0.11355749419130612,0.4641033624760046,0.01276805865976657,0.11299583470095953,0.5167508506203021,0.027437710403218064,0.16564332284525707
2026-05-27,0.2959751251765493,False,0.4587118311923208,0.02648323548486364,0.1627367060157715,0.43316163038490174,0.018820137211281316,0.13718650520835246,0.4061032251375324,0.012128198401016288,0.1101280999609831,0.4498659435738326,0.02368238398698563,0.1538908183972833
2026-05-28,0.4249794977078316,False,0.41333722538171747,0.00013554250491540327,0.011642272326114145,0.4175937889922028,5.4548693232115585e-05,0.007385708715628825,0.3813046557157988,0.0019074918230290324,0.04367484199203281,0.41471684514898977,0.00010532203754350306,0.010262652558841845
2026-05-29,0.31331079489649,False,0.4421836728138158,0.016608218662693967,0.12887287791732582,0.38968590450433366,0.005833157367610133,0.07637510960784366,0.38744258810097804,0.005495522763712979,0.07413179320448804,0.42188161665475754,0.0117876233372655,0.10857082175826754
2026-06-01,0.45180396220220465,False,0.406521783007006,0.002050475752666083,0.04528217919519867,0.3656059433999649,0.007430098445431279,0.08619801880223976,0.3684641992820355,0.00694551608359,0.08333976292016915,0.39290217462584803,0.003469420579690238,0.05890178757635661
2026-06-02,0.2691119298882286,False,0.43934827215762295,0.02898041222926239,0.17023634226939438,0.3435843537215891,0.0055461419116156815,0.0744724238333605,0.36914647079296803,0.010006909374021992,0.10003454090473946,0.40104478354888007,0.017406277875042883,0.1319328536606515
2026-06-03,0.36864144683234074,False,0.3900322402719355,0.00045756604397541057,0.02139079343959477,0.3240706167236372,0.001986558896578915,0.04457083010870355,0.3313004098342721,0.0013943530440911297,0.03734103699806862,0.3693915966721256,5.627247821292902e-07,0.000750149839784886
2026-06-04,0.4915095773262097,False,0.39863711727090323,0.008625293836724496,0.09287246005530647,0.42905639227201137,0.0039004003234139424,0.062453185054198335,0.40792760884777507,0.00698594545473004,0.08358196847843463,0.4094989890715319,0.0067257365858782924,0.08201058825467777
2026-06-05,1.0874814271186717,False,0.46062550107784034,0.39294835201250816,0.6268559260408313,0.4008103922432447,0.4715171101368899,0.686671034875427,0.42350879427787813,0.44085965716153525,0.6639726328407936,0.4353214817905784,0.42531259429034163,0.6521599453280933
2026-06-08,0.5865912353561794,False,0.7334908666835865,0.021579501684128134,0.14689963132740713,0.9559179852583202,0.13640224819327842,0.36932674990214076,0.9618963432743237,0.14085392402944993,0.3753051079181443,0.8501724267586441,0.06947504446114275,0.2635811914024647
2026-06-09,2.27362373883168,True,0.6605066529034541,2.602146732913571,1.6131170859282258,0.8714767506422225,1.9660161764887667,1.4021469881894575,0.8547864352868326,2.0130992939304133,1.4188373035448474,0.7546914013979049,2.3071554457020316,1.518932337433775
2026-06-10,1.0629290048113693,False,1.2825718664575139,0.0482429866721074,0.21964286164614455,0.8463787637900244,0.04689400688640257,0.2165502410213449,1.1039290331481932,0.0016810023236203647,0.041000028336823924,1.0481486747509148,0.00021845815669597606,0.014780330060454538
2026-06-11,1.2980473526904939,True,1.1666854810698173,0.017255941315687116,0.13136187162067658,1.0238415053544152,0.07518884671329688,0.27420584733607867,1.1475041582952101,0.02266325337873619,0.15054319439528374,1.0921761339626568,0.04238295870048494,0.2058712187278371
2026-06-12,0.8952669961114305,False,1.0962198310994455,0.040382041889720416,0.20095283498801508,0.9252940336526048,0.0009016229834990911,0.030027037541174306,0.9691255454390731,0.005455085308783828,0.07385854932764269,1.0052029000179339,0.012085902967739957,0.10993590390650343
2026-06-15,0.3902805882962596,False,0.9838604190932221,0.3523370155289505,0.5935798307969624,0.8431902879105146,0.20512719600467472,0.45290969961425503,0.8520203007657852,0.21320356207144014,0.46173971246952555,0.9128555159862883,0.2730845550502387,0.5225749276900287
2026-06-16,0.3890314948346545,False,0.7276472812311235,0.11466065079689916,0.33861578639646905,0.7656762833993112,0.14186129675291492,0.37664478856465666,0.6413710948894262,0.06367527375580216,0.25233960005477174,0.7416097928351562,0.12431145622093055,0.35257829800050167
2026-06-17,0.8734740759349279,False,0.5541313704378659,0.10197976355418328,0.319342705497062,0.796717069616107,0.005891638019027508,0.07675700631882088,0.6522145324919949,0.048955785564575145,0.22125954344293297,0.6431977525840161,0.05302718509601367,0.23027632335091175
2026-06-18,0.40541031602255695,False,0.7188079044833708,0.09821804845305367,0.3133975884608139,0.9262678084121898,0.27129252737841647,0.5208574923896329,0.8599239377630851,0.20658263234769186,0.4545136217405281,0.82249669377059,0.1739610465029749,0.41708637774803303
2026-06-22,0.6080558689070616,False,0.5871989047986413,0.00043501295181993285,0.020856964108420306,0.8420200655782222,0.054739245323981486,0.23396419667116053,0.7716003695625455,0.026746803694651565,0.16354450065548387,0.6828820217795982,0.005598953153704214,0.07482615287253658
2026-06-23,0.7039959934144804,False,0.5689489437907957,0.01823770561206194,0.13504704962368463,0.8233739213272016,0.014251089672734852,0.11937792791272117,0.7556473793988392,0.002667865674105218,0.05165138598435881,0.6827830977903669,0.000449986940759531,0.021212895624113437
2026-06-24,0.8605954974924664,False,0.6516629070931012,0.04365282733098895,0.2089325903993653,0.9831380219994865,0.015016670312553616,0.12254252450702008,0.9107269025170134,0.00251315776973517,0.05013140502454694,0.8084645717478715,0.002717633418988477,0.05213092574459499
2026-06-25,0.8563993480060181,False,0.7465603915325322,0.012064596359184344,0.10983895647348596,0.9112620560749272,0.0030099167366543357,0.05486270806890903,0.8918519266287807,0.0012568853310031582,0.03545257862276252,0.828551758168159,0.0007754882597776377,0.027847589837859177
2026-06-26,1.9417185431449717,True,0.7735261328786259,1.364673507403894,1.1681924102663457,0.8327140956982936,1.2298908644565116,1.109004447446678,0.8533138288809411,1.1846248220321665,1.0884047142640307,0.8029322185186318,1.2968342931559675,1.1387863246263399
2026-06-29,0.8273581940919854,False,1.2381105598766498,0.1687175059976987,0.41075236578466434,0.8743893416847086,0.002211928843888513,0.0470311475927232,1.0854910298864398,0.06663256091528673,0.25813283579445434,1.0429947871019796,0.04649914024495786,0.21563659300999416
2026-06-30,0.4990866891886327,False,1.0384943418674575,0.2909606157684796,0.5394076526788247,0.793480523930604,0.0866677299340831,0.2943938347419713,0.9054139854678566,0.16510187170158416,0.40632729627922387,0.918466400953642,0.17587934264010224,0.41937971176500927
2026-07-01,0.6662706563957514,False,0.7249609964893673,0.0034445560203042913,0.058690340093615845,0.7255794735065173,0.003517535787078273,0.059308817110765855,0.6552011791732726,0.00012253332597897835,0.011069477222478863,0.7252214379826288,0.003475194649703722,0.05895078158687739
2026-07-02,1.0471782238409815,False,0.7219963032412129,0.1057432814849542,0.3251819205997686,0.695720887268143,0.12352225943087349,0.3514573365728385,0.6364129952138762,0.16872807304907808,0.4107652286271053,0.7099301649208769,0.11373625324537832,0.33724805892010457
2026-07-06,0.4218659603441208,False,0.8976183132075769,0.22634030125511442,0.4757523528634561,0.6686652029104877,0.060909866131332396,0.24679924256636687,0.716327957627465,0.08670786784409622,0.2944619972833442,0.7791004170114709,0.12761645703041682,0.3572344566673501
2026-07-07,0.5020106723400241,False,0.670497722207143,0.028387885972925023,0.16848704986711893,0.6140956549713146,0.012563043331456697,0.11208498263129052,0.62394904717782,0.014868967258082818,0.1219383748377959,0.6488977309146966,0.021575807976719284,0.14688705857467255
2026-07-08,0.6037592714873607,False,0.5792494179208676,0.0006007329218509373,0.024509853566493156,0.6453923136561006,0.0017333102002240718,0.041633042168739864,0.5988748003927685,2.385805787390696e-05,0.004884471094592224,0.6069743917747749,1.0336998462541778e-05,0.0032151202874141083
2026-07-09,0.4819543660230109,False,0.6343612901552886,0.023227870523461865,0.15240692413227774,0.6487871991536207,0.0278331942103859,0.16683283313060981,0.6308393634649536,0.02216674246328729,0.14888499744194272,0.6407308837623136,0.025209982585419097,0.15877651773930268
2026-07-10,0.6456375355898024,False,0.5963461200058042,0.0024296436502744194,0.04929141558399819,0.5964560169847621,0.002418821772297923,0.049181518605040275,0.5809547312801884,0.004183865173355825,0.06468280430961404,0.5963913381256396,0.0024251879646793157,0.04924619746416281
2026-07-13,0.4848300906070578,False,0.6157361716018968,0.01713640204142734,0.13090608099483897,0.5514557512468052,0.004438978655682793,0.06662566063974745,0.5796517030305065,0.008991138182582724,0.09482161242344872,0.5867866838641747,0.010395146908597169,0.10195659325711687
2026-07-14,0.4340317851993838,False,0.5790637775299814,0.021034278799382522,0.1450319923305976,0.6358953244746567,0.04074888848873964,0.2018635392752729,0.6211387360236761,0.035009011046764134,0.1871069508242923,0.6024476387110587,0.02836389971406593,0.16841585351167487
2026-07-15,0.5031005605349189,False,0.5272283569297245,0.000582150558869192,0.024127796394805556,0.5870985345745181,0.007055659642757179,0.08399797403959919,0.5550250692265737,0.0026961546028697317,0.05192450869165477,0.5504378596593505,0.0022408198883959157,0.04733729912443163
2026-07-16,0.6067063038371544,False,0.5340692275466049,0.005276144852039108,0.0726370762905495,0.5432205781498094,0.0040304373660488176,0.06348572568734501,0.5325812089134261,0.005494529697451734,0.07412509492372832,0.5378963406913946,0.004734811028120825,0.06880996314575982
2026-07-17,0.6084148386459318,False,0.5866427840289983,0.00047402236224273727,0.021772054616933545,0.5929873508924703,0.00023800737838320385,0.015427487753461477,0.5966801426333973,0.00013770309050659352,0.011734696012534518,0.5894441542953424,0.0003598868647296999,0.018970684350589462
2026-07-20,0.5452924898308884,False,0.6042308367141431,0.0034737287333308615,0.05893834688325472,0.7091246621151995,0.026840980675396205,0.16383217228431113,0.6970296577597366,0.02302416813106747,0.15173716792884817,0.6507508662152679,0.01112146914962945,0.10545837638437949
2026-07-21,0.4294972808081107,False,0.5857724247713569,0.02442192062073333,0.1562751439632462,0.6846974999018733,0.06512715182550444,0.2552002190937626,0.6639673140670366,0.054976196496441795,0.23447003325892585,0.6279091211008871,0.039367258368366215,0.19841184029277642
2026-07-22,0.3386388829562975,False,0.5312963220341161,0.037116888832023395,0.19265743907781863,0.6285708583725479,0.08406055036876921,0.2899319754162504,0.5885137664947114,0.06243745742333592,0.24987488353841392,0.5686402768180175,0.05290064117833406,0.23000139386172003
2026-07-23,0.6962312411038462,False,0.4715369011824944,0.050487546392691963,0.22469433992135174,0.6067778217242794,0.008001914238696648,0.08945341937956675,0.5426942218868845,0.02357361627002964,0.1535370192169616,0.5170323559608345,0.032112240436498275,0.17919888514301163
2026-07-24,0.6129850157062762,False,0.5878365302729234,0.0006324463195915578,0.025148485433352796,0.7636279827347339,0.022693303515136994,0.1506429670284577,0.724696990670511,0.012479565350409822,0.1117119749642348,0.6701243242754814,0.003264900583766851,0.05713930856920524
2026-07-27,0.7828178337575381,False,0.6182720473339278,0.02707531582976437,0.16454578642361029,0.7020513800581224,0.006523220043179861,0.08076645369941571,0.7031224285129157,0.006351357617104584,0.07969540524462237,0.6553458417490267,0.016249108746618005,0.12747199200851145
2026-07-28,0.6359929659160036,False,0.6748586481536815,0.0015105412558001463,0.038865682237677834,0.6534409538234441,0.00030443228201819026,0.01744798790744051,0.6879040004004282,0.002694755501243118,0.05191103448442458,0.6644938954394017,0.0008123029836977061,0.02850092952339811
2026-07-29,0.9551610576454537,False,0.6595633219942961,0.08737802132209162,0.29559773565115754,0.6031896740908683,0.12388385484132904,0.35197138355458535,0.6326180699182186,0.10403397893201134,0.3225429877272351,0.6343407727811861,0.10292565518038982,0.3208202848642676
2026-07-30,0.5841923649665235,False,0.7711597761788485,0.03495681285543862,0.18696741121232496,0.817641215521251,0.054498365825323504,0.23344885055472753,0.8265063260104003,0.05871605571677345,0.2423139610438768,0.7948062449617652,0.04435820644665008,0.21061387999524173
2026-07-31,1.0492868699097406,False,0.6865035897224994,0.1316117083834144,0.36278328018724126,0.7430597613266458,0.09377504203116258,0.3062271085830949,0.7299299024766657,0.1019888726480501,0.31935696743307496,0.7108682171694617,0.1145271845225455,0.33841865274027894
2026-08-03,0.617374120036902,False,0.8126181951841239,0.03812024888009406,0.19524407514722197,0.6809537868273761,0.004042374029187716,0.06357966679047411,0.7315764064934227,0.013042162231897223,0.11420228645652075,0.7444619309512499,0.01615131168300106,0.12708781091434795
2026-08-04,0.8114996800636305,False,0.7294120859782024,0.006738373102734009,0.0820875940854281,0.6226262686450469,0.035673165540893545,0.1888734114185836,0.6527595984143587,0.02519841352201747,0.15874008164927178,0.6822620409110358,0.01670236737373627,0.12923763915259467
2026-08-05,0.46161317433008997,False,0.7327146714591101,0.0734960217455961,0.2711014971290201,0.5689017150601455,0.011510830971984791,0.10728854073005556,0.5992798906147718,0.01895212477260709,0.13766671628468186,0.6532776399850218,0.03673526739479052,0.19166446565493178
2026-08-06,0.3777475409347457,False,0.6185082251928857,0.05796570708444779,0.24076068425814,0.5650584754245659,0.0350853861794497,0.18731093448982017,0.5556650688728662,0.03165464674761186,0.17791752793812043,0.5976364428600633,0.04835112918992195,0.21988890192531763
2026-08-07,0.3513251363623306,False,0.5198990204362541,0.028417154391768614,0.16857388407392354,0.5559991341790476,0.04189144538227746,0.20467399781671697,0.49438971548721233,0.020467473800179548,0.14306457912488174,0.5323974564207833,0.03278718509135073,0.1810723200584527
2026-08-10,0.3117124874056134,False,0.46271847963411195,0.022802809688913357,0.15100599222849853,0.5142998920681481,0.04104165652790157,0.20258740466253466,0.4653345005507382,0.0235997229227609,0.1536220131451248,0.4801163462044401,0.02835985965833516,0.1684038587988267
2026-08-11,0.37893291545022556,False,0.42912275063892,0.002519019556268313,0.050189835188694465,0.4924586559648988,0.01288809375940492,0.11352574051467323,0.44490273318913215,0.004352016852504554,0.06596981773890659,0.4497060185224524,0.005008832118472044,0.07077310307222684
2026-08-12,0.27895611268933046,False,0.42477844157929173,0.021264151602892033,0.14582232888996127,0.5141789537018848,0.055329784934017426,0.23522284101255436,0.4817866942491327,0.04114024481588758,0.20283058155980221,0.4559716687642268,0.031334507092504765,0.17701555607489633
2026-08-13,0.41380015670906006,False,0.39095960243416455,0.0005216909195844474,0.022840554274895508,0.47826651258028696,0.0041559110393156705,0.0644663558712269,0.4454580761436987,0.0010022238629300707,0.03165791943463864,0.41835413474707017,2.07387159706784e-05,0.004553978038010109
2026-08-14,0.25118963010074685,False,0.4235888399601451,0.029721487560144845,0.17239920985939827,0.4439162662947375,0.037143556298650834,0.19272663619399066,0.43665677347635407,0.034398061271908045,0.1854671433756072,0.4310334092769664,0.03234378490838481,0.17984377917621952
2026-08-17,0.26938520294728213,False,0.3824496015822907,0.012783558238696124,0.11306439863500856,0.45282056645229823,0.03364853258421739,0.1834353635050161,0.425677191846991,0.024427185794226716,0.15629198889970886,0.40417093713748986,0.018167194141193332,0.13478573419020773
2026-08-18,0.21486204609721954,False,0.3578034930279641,0.020432257250654864,0.14294144693074456,0.5023811420498321,0.08266723053740763,0.28751909595261255,0.44771545279578984,0.054220709011129783,0.2328534066985703,0.4030445827014727,0.03541266708281108,0.18818253660425316
2026-08-19,0.38718070460169696,False,0.33169529984663465,0.003078630140833091,0.055485404755062306,0.5785529480164813,0.03662333554960746,0.19137224341478432,0.49800920623621747,0.012282956774552916,0.11082850163452052,0.4064371673096836,0.0003708113560240803,0.019256462707986644
2026-08-20,0.4941873625061496,False,0.38779363755828045,0.011319624708282832,0.10639372494786914,0.5363006945641045,0.001773532737023569,0.042113332057954866,0.49473621013090685,3.0123371520169144e-07,0.0005488476247572649,0.4405510801780401,0.0028768507819806675,0.053636282328109464
2026-08-21,0.3386448697869806,False,0.4586912186984096,0.014411125886964554,0.12004634891142901,0.635294930403617,0.08800125846385402,0.29665006061663635,0.6101403636608393,0.07370980319381047,0.27149549387385874,0.5310172593522144,0.03700713626703809,0.19237238956523384
